,Data Type,Poly,Kernel,SCALER,Model,MCC,NDR,AUC_N,ACC,TPR Macro,FPR,PPV Macro,F1 Macro,AUC,CLS Report,CFS Matrix,Training time,Test time
0,N_BaIoT,2,None,QuantileTransformer,KNN,0.9010368807629535,-1,-1,98.01234567901234,91.05555555555556,1.1180555555555554,91.51774628945536,90.74363680807292,-1,"{'0Normal': {'precision': 0.9899497487437185, 'recall': 0.985, 'f1-score': 0.9874686716791979, 'support': 200.0}, 'ack': {'precision': 0.9310344827586207, 'recall': 0.81, 'f1-score': 0.8663101604278076, 'support': 200.0}, 'combo': {'precision': 0.9726775956284153, 'recall': 0.89, 'f1-score': 0.9295039164490863, 'support': 200.0}, 'junk': {'precision': 0.8986175115207373, 'recall': 0.975, 'f1-score': 0.9352517985611511, 'support': 200.0}, 'scan': {'precision': 0.9949748743718593, 'recall': 0.99, 'f1-score': 0.9924812030075189, 'support': 200.0}, 'syn': {'precision': 0.9802955665024631, 'recall': 0.995, 'f1-score': 0.9875930521091811, 'support': 200.0}, 'tcp': {'precision': 0.7194244604316546, 'recall': 1.0, 'f1-score': 0.8368200836820083, 'support': 200.0}, 'udp': {'precision': 0.7692307692307693, 'recall': 0.55, 'f1-score': 0.641399416909621, 'support': 200.0}, 'udpplain': {'precision': 0.9803921568627451, 'recall': 1.0, 'f1-score': 0.99009900990099, 'support': 200.0}, 'accuracy': 0.9105555555555556, 'macro avg': {'precision': 0.9151774628945536, 'recall': 0.9105555555555556, 'f1-score': 0.9074363680807291, 'support': 1800.0}, 'weighted avg': {'precision': 0.9151774628945537, 'recall': 0.9105555555555556, 'f1-score': 0.9074363680807291, 'support': 1800.0}}","[[197   0   0   2   0   1   0   0   0]
 [  0 162   0   0   0   1   0  33   4]
 [  0   0 178  20   0   2   0   0   0]
 [  1   0   4 195   0   0   0   0   0]
 [  1   0   1   0 198   0   0   0   0]
 [  0   0   0   0   1 199   0   0   0]
 [  0   0   0   0   0   0 200   0   0]
 [  0  12   0   0   0   0  78 110   0]
 [  0   0   0   0   0   0   0   0 200]]",0.01710963249206543,0.4241676330566406
1,N_BaIoT,2,None,QuantileTransformer,LDA,0.9166804266608618,-1,-1,98.33333333333333,92.50000000000001,0.9375,93.02337588312675,92.26914815610908,-1,"{'0Normal': {'precision': 0.9830508474576272, 'recall': 0.87, 'f1-score': 0.923076923076923, 'support': 200.0}, 'ack': {'precision': 0.8716814159292036, 'recall': 0.985, 'f1-score': 0.9248826291079811, 'support': 200.0}, 'combo': {'precision': 0.9800995024875622, 'recall': 0.985, 'f1-score': 0.9825436408977556, 'support': 200.0}, 'junk': {'precision': 0.9660194174757282, 'recall': 0.995, 'f1-score': 0.9802955665024631, 'support': 200.0}, 'scan': {'precision': 0.9278846153846154, 'recall': 0.965, 'f1-score': 0.9460784313725491, 'support': 200.0}, 'syn': {'precision': 0.9611650485436893, 'recall': 0.99, 'f1-score': 0.9753694581280788, 'support': 200.0}, 'tcp': {'precision': 0.8658008658008658, 'recall': 1.0, 'f1-score': 0.9280742459396751, 'support': 200.0}, 'udp': {'precision': 0.8238095238095238, 'recall': 0.865, 'f1-score': 0.8439024390243902, 'support': 200.0}, 'udpplain': {'precision': 0.9925925925925926, 'recall': 0.67, 'f1-score': 0.8, 'support': 200.0}, 'accuracy': 0.925, 'macro avg': {'precision': 0.9302337588312675, 'recall': 0.9250000000000002, 'f1-score': 0.9226914815610908, 'support': 1800.0}, 'weighted avg': {'precision': 0.9302337588312676, 'recall': 0.925, 'f1-score': 0.9226914815610907, 'support': 1800.0}}","[[174   5   4   4   7   3   1   2   0]
 [  0 197   0   0   0   0   0   2   1]
 [  0   0 197   2   1   0   0   0   0]
 [  1   0   0 199   0   0   0   0   0]
 [  2   0   0   0 193   3   0   2   0]
 [  0   0   0   0   2 198   0   0   0]
 [  0   0   0   0   0   0 200   0   0]
 [  0   0   0   0   0   0  27 173   0]
 [  0  24   0   1   5   2   3  31 134]]",29.12605881690979,0.01215052604675293
2,N_BaIoT,2,None,QuantileTransformer,MLP,0.8401773070220013,-1,-1,96.5679012345679,84.55555555555556,1.9305555555555556,80.33966202186896,80.89300262375141,-1,"{'0Normal': {'precision': 0.9950248756218906, 'recall': 1.0, 'f1-score': 0.9975062344139651, 'support': 200.0}, 'ack': {'precision': 1.0, 'recall': 0.655, 'f1-score': 0.7915407854984895, 'support': 200.0}, 'combo': {'precision': 0.9754901960784313, 'recall': 0.995, 'f1-score': 0.9851485148514851, 'support': 200.0}, 'junk': {'precision': 0.9949494949494949, 'recall': 0.985, 'f1-score': 0.9899497487437187, 'support': 200.0}, 'scan': {'precision': 0.9949748743718593, 'recall': 0.99, 'f1-score': 0.9924812030075189, 'support': 200.0}, 'syn': {'precision': 1.0, 'recall': 0.985, 'f1-score': 0.9924433249370278, 'support': 200.0}, 'tcp': {'precision': 0.0, 'recall': 0.0, 'f1-score': 0.0, 'support': 200.0}, 'udp': {'precision': 0.47961630695443647, 'recall': 1.0, 'f1-score': 0.6482982171799028, 'support': 200.0}, 'udpplain': {'precision': 0.7905138339920948, 'recall': 1.0, 'f1-score': 0.8830022075055188, 'support': 200.0}, 'accuracy': 0.8455555555555555, 'macro avg': {'precision': 0.8033966202186896, 'recall': 0.8455555555555555, 'f1-score': 0.8089300262375141, 'support': 1800.0}, 'weighted avg': {'precision': 0.8033966202186896, 'recall': 0.8455555555555555, 'f1-score': 0.8089300262375142, 'support': 1800.0}}","[[200   0   0   0   0   0   0   0   0]
 [  0 131   0   0   0   0   0  17  52]
 [  0   0 199   1   0   0   0   0   0]
 [  0   0   2 197   0   0   0   0   1]
 [  1   0   1   0 198   0   0   0   0]
 [  0   0   2   0   1 197   0   0   0]
 [  0   0   0   0   0   0   0 200   0]
 [  0   0   0   0   0   0   0 200   0]
 [  0   0   0   0   0   0   0   0 200]]",9.358415126800537,0.19225573539733887
3,N_BaIoT,2,None,QuantileTransformer,LGBM,0.6345934826022241,-1,-1,92.50617283950618,66.27777777777779,4.215277777777778,62.89917441726899,62.802827848793854,-1,"{'0Normal': {'precision': 0.8584474885844748, 'recall': 0.94, 'f1-score': 0.8973747016706444, 'support': 200.0}, 'ack': {'precision': 0.5341880341880342, 'recall': 0.625, 'f1-score': 0.5760368663594471, 'support': 200.0}, 'combo': {'precision': 0.918918918918919, 'recall': 0.68, 'f1-score': 0.7816091954022989, 'support': 200.0}, 'junk': {'precision': 0.7965367965367965, 'recall': 0.92, 'f1-score': 0.8538283062645011, 'support': 200.0}, 'scan': {'precision': 0.3961864406779661, 'recall': 0.935, 'f1-score': 0.5565476190476191, 'support': 200.0}, 'syn': {'precision': 0.9641025641025641, 'recall': 0.94, 'f1-score': 0.9518987341772152, 'support': 200.0}, 'tcp': {'precision': 0.0, 'recall': 0.0, 'f1-score': 0.0, 'support': 200.0}, 'udp': {'precision': 0.488, 'recall': 0.305, 'f1-score': 0.3753846153846154, 'support': 200.0}, 'udpplain': {'precision': 0.7045454545454546, 'recall': 0.62, 'f1-score': 0.6595744680851063, 'support': 200.0}, 'accuracy': 0.6627777777777778, 'macro avg': {'precision': 0.6289917441726899, 'recall': 0.6627777777777779, 'f1-score': 0.6280282784879385, 'support': 1800.0}, 'weighted avg': {'precision': 0.62899174417269, 'recall': 0.6627777777777778, 'f1-score': 0.6280282784879386, 'support': 1800.0}}","[[188   1   0   5   1   3   0   0   2]
 [  1 125   0   0   0   3   0  64   7]
 [  7   4 136  28   4   0   0   0  21]
 [  2   0  12 184   2   0   0   0   0]
 [ 11   0   0   1 187   0   0   0   1]
 [  0   0   0  11   0 188   0   0   1]
 [  0   0   0   0 200   0   0   0   0]
 [  3  35   0   2  78   1   0  61  20]
 [  7  69   0   0   0   0   0   0 124]]",64.55981063842773,0.019007205963134766
4,N_BaIoT,2,None,QuantileTransformer,RF,0.9987510403662089,-1,-1,99.97530864197532,99.8888888888889,0.013888888888888888,99.88944168048646,99.88874825777543,-1,"{'0Normal': {'precision': 1.0, 'recall': 1.0, 'f1-score': 1.0, 'support': 200.0}, 'ack': {'precision': 1.0, 'recall': 1.0, 'f1-score': 1.0, 'support': 200.0}, 'combo': {'precision': 0.9950248756218906, 'recall': 1.0, 'f1-score': 0.9975062344139651, 'support': 200.0}, 'junk': {'precision': 0.9950248756218906, 'recall': 1.0, 'f1-score': 0.9975062344139651, 'support': 200.0}, 'scan': {'precision': 1.0, 'recall': 0.99, 'f1-score': 0.9949748743718593, 'support': 200.0}, 'syn': {'precision': 1.0, 'recall': 1.0, 'f1-score': 1.0, 'support': 200.0}, 'tcp': {'precision': 1.0, 'recall': 1.0, 'f1-score': 1.0, 'support': 200.0}, 'udp': {'precision': 1.0, 'recall': 1.0, 'f1-score': 1.0, 'support': 200.0}, 'udpplain': {'precision': 1.0, 'recall': 1.0, 'f1-score': 1.0, 'support': 200.0}, 'accuracy': 0.9988888888888889, 'macro avg': {'precision': 0.9988944168048646, 'recall': 0.9988888888888889, 'f1-score': 0.9988874825777544, 'support': 1800.0}, 'weighted avg': {'precision': 0.9988944168048646, 'recall': 0.9988888888888889, 'f1-score': 0.9988874825777543, 'support': 1800.0}}","[[200   0   0   0   0   0   0   0   0]
 [  0 200   0   0   0   0   0   0   0]
 [  0   0 200   0   0   0   0   0   0]
 [  0   0   0 200   0   0   0   0   0]
 [  0   0   1   1 198   0   0   0   0]
 [  0   0   0   0   0 200   0   0   0]
 [  0   0   0   0   0   0 200   0   0]
 [  0   0   0   0   0   0   0 200   0]
 [  0   0   0   0   0   0   0   0 200]]",4.780531883239746,0.20315194129943848
5,N_BaIoT,2,None,QuantileTransformer,SGD,0.8759233437900965,-1,-1,97.50617283950618,88.77777777777777,1.4027777777777777,90.14327942886185,88.59724802929351,-1,"{'0Normal': {'precision': 0.9949748743718593, 'recall': 0.99, 'f1-score': 0.9924812030075189, 'support': 200.0}, 'ack': {'precision': 1.0, 'recall': 0.71, 'f1-score': 0.8304093567251462, 'support': 200.0}, 'combo': {'precision': 0.98989898989899, 'recall': 0.98, 'f1-score': 0.9849246231155778, 'support': 200.0}, 'junk': {'precision': 0.9611650485436893, 'recall': 0.99, 'f1-score': 0.9753694581280788, 'support': 200.0}, 'scan': {'precision': 0.825, 'recall': 0.99, 'f1-score': 0.9, 'support': 200.0}, 'syn': {'precision': 0.993103448275862, 'recall': 0.72, 'f1-score': 0.8347826086956522, 'support': 200.0}, 'tcp': {'precision': 0.7194244604316546, 'recall': 1.0, 'f1-score': 0.8368200836820083, 'support': 200.0}, 'udp': {'precision': 0.648936170212766, 'recall': 0.61, 'f1-score': 0.6288659793814433, 'support': 200.0}, 'udpplain': {'precision': 0.9803921568627451, 'recall': 1.0, 'f1-score': 0.99009900990099, 'support': 200.0}, 'accuracy': 0.8877777777777778, 'macro avg': {'precision': 0.9014327942886184, 'recall': 0.8877777777777778, 'f1-score': 0.8859724802929351, 'support': 1800.0}, 'weighted avg': {'precision': 0.9014327942886183, 'recall': 0.8877777777777778, 'f1-score': 0.8859724802929351, 'support': 1800.0}}","[[198   0   0   0   0   1   0   1   0]
 [  0 142   0   0   0   0   0  54   4]
 [  0   0 196   4   0   0   0   0   0]
 [  0   0   1 198   1   0   0   0   0]
 [  1   0   1   0 198   0   0   0   0]
 [  0   0   0   4  41 144   0  11   0]
 [  0   0   0   0   0   0 200   0   0]
 [  0   0   0   0   0   0  78 122   0]
 [  0   0   0   0   0   0   0   0 200]]",3.887756824493408,0.009528398513793945
6,N_BaIoT,2,None,QuantileTransformer,HHHv2,0.8374122235033749,-1,-1,96.75308641975309,85.47708603420298,1.8263888888888888,85.38888888888887,84.61599358169273,-1,"{'0Normal': {'precision': 0.72, 'recall': 0.972972972972973, 'f1-score': 0.8275862068965518, 'support': 148.0}, 'ack': {'precision': 0.85, 'recall': 0.845771144278607, 'f1-score': 0.8478802992518704, 'support': 201.0}, 'combo': {'precision': 0.955, 'recall': 0.8526785714285714, 'f1-score': 0.9009433962264152, 'support': 224.0}, 'junk': {'precision': 0.97, 'recall': 0.9023255813953488, 'f1-score': 0.9349397590361446, 'support': 215.0}, 'scan': {'precision': 0.89, 'recall': 0.8240740740740741, 'f1-score': 0.8557692307692307, 'support': 216.0}, 'syn': {'precision': 0.96, 'recall': 0.8347826086956521, 'f1-score': 0.8930232558139534, 'support': 230.0}, 'tcp': {'precision': 1.0, 'recall': 0.847457627118644, 'f1-score': 0.9174311926605504, 'support': 236.0}, 'udp': {'precision': 0.865, 'recall': 0.8277511961722488, 'f1-score': 0.8459657701711492, 'support': 209.0}, 'udpplain': {'precision': 0.475, 'recall': 0.7851239669421488, 'f1-score': 0.5919003115264798, 'support': 121.0}, 'accuracy': 0.8538888888888889, 'macro avg': {'precision': 0.8538888888888887, 'recall': 0.8547708603420299, 'f1-score': 0.8461599358169273, 'support': 1800.0}, 'weighted avg': {'precision': 0.8817666666666666, 'recall': 0.8538888888888889, 'f1-score': 0.8616178419608505, 'support': 1800.0}}","[[144   0   0   1   2   0   0   0   1]
 [  3 170   2   2   2   1   0   1  20]
 [ 21   1 191   0   1   1   0   1   8]
 [ 11   0   1 194   0   0   0   0   9]
 [  3   5   1   1 178   0   0   2  26]
 [  6   5   2   0   3 192   0   3  19]
 [  8   2   0   1   2   0 200  11  12]
 [  3  13   1   0   6   3   0 173  10]
 [  1   4   2   1   6   3   0   9  95]]",62.08643841743469,0.13016319274902344
7,N_BaIoT,2,None,QuantileTransformer,KNN,0.9575694928077287,-1,-1,99.1604938271605,96.22222222222221,0.4722222222222222,96.29286868557112,96.22825292942694,-1,"{'0Normal': {'precision': 0.98989898989899, 'recall': 0.98, 'f1-score': 0.9849246231155778, 'support': 200.0}, 'ack': {'precision': 0.9130434782608695, 'recall': 0.945, 'f1-score': 0.9287469287469287, 'support': 200.0}, 'combo': {'precision': 0.9507389162561576, 'recall': 0.965, 'f1-score': 0.9578163771712158, 'support': 200.0}, 'junk': {'precision': 0.9695431472081218, 'recall': 0.955, 'f1-score': 0.9622166246851385, 'support': 200.0}, 'scan': {'precision': 0.9949748743718593, 'recall': 0.99, 'f1-score': 0.9924812030075189, 'support': 200.0}, 'syn': {'precision': 0.9803921568627451, 'recall': 1.0, 'f1-score': 0.99009900990099, 'support': 200.0}, 'tcp': {'precision': 1.0, 'recall': 0.915, 'f1-score': 0.9556135770234987, 'support': 200.0}, 'udp': {'precision': 0.8921568627450981, 'recall': 0.91, 'f1-score': 0.900990099009901, 'support': 200.0}, 'udpplain': {'precision': 0.975609756097561, 'recall': 1.0, 'f1-score': 0.9876543209876543, 'support': 200.0}, 'accuracy': 0.9622222222222222, 'macro avg': {'precision': 0.9629286868557112, 'recall': 0.9622222222222222, 'f1-score': 0.9622825292942694, 'support': 1800.0}, 'weighted avg': {'precision': 0.9629286868557114, 'recall': 0.9622222222222222, 'f1-score': 0.9622825292942693, 'support': 1800.0}}","[[196   0   1   1   1   1   0   0   0]
 [  0 189   0   0   0   1   0   5   5]
 [  0   0 193   5   0   2   0   0   0]
 [  1   0   8 191   0   0   0   0   0]
 [  1   0   1   0 198   0   0   0   0]
 [  0   0   0   0   0 200   0   0   0]
 [  0   0   0   0   0   0 183  17   0]
 [  0  18   0   0   0   0   0 182   0]
 [  0   0   0   0   0   0   0   0 200]]",0.015016794204711914,0.5718755722045898
8,N_BaIoT,2,None,QuantileTransformer,LDA,0.960859571785074,-1,-1,99.22222222222223,96.50000000000001,0.43750000000000006,96.63177866843688,96.4709691329263,-1,"{'0Normal': {'precision': 0.9830508474576272, 'recall': 0.87, 'f1-score': 0.923076923076923, 'support': 200.0}, 'ack': {'precision': 0.9383886255924171, 'recall': 0.99, 'f1-score': 0.9635036496350365, 'support': 200.0}, 'combo': {'precision': 0.9707317073170731, 'recall': 0.995, 'f1-score': 0.982716049382716, 'support': 200.0}, 'junk': {'precision': 0.9660194174757282, 'recall': 0.995, 'f1-score': 0.9802955665024631, 'support': 200.0}, 'scan': {'precision': 0.9798994974874372, 'recall': 0.975, 'f1-score': 0.9774436090225564, 'support': 200.0}, 'syn': {'precision': 0.9707317073170731, 'recall': 0.995, 'f1-score': 0.982716049382716, 'support': 200.0}, 'tcp': {'precision': 0.9789473684210527, 'recall': 0.93, 'f1-score': 0.9538461538461539, 'support': 200.0}, 'udp': {'precision': 0.9090909090909091, 'recall': 1.0, 'f1-score': 0.9523809523809523, 'support': 200.0}, 'udpplain': {'precision': 1.0, 'recall': 0.935, 'f1-score': 0.9664082687338501, 'support': 200.0}, 'accuracy': 0.965, 'macro avg': {'precision': 0.9663177866843687, 'recall': 0.9650000000000001, 'f1-score': 0.964709691329263, 'support': 1800.0}, 'weighted avg': {'precision': 0.9663177866843686, 'recall': 0.965, 'f1-score': 0.964709691329263, 'support': 1800.0}}","[[174   6   6   5   3   3   3   0   0]
 [  0 198   0   0   0   0   0   2   0]
 [  0   0 199   1   0   0   0   0   0]
 [  1   0   0 199   0   0   0   0   0]
 [  2   0   0   0 195   3   0   0   0]
 [  0   0   0   0   1 199   0   0   0]
 [  0   0   0   0   0   0 186  14   0]
 [  0   0   0   0   0   0   0 200   0]
 [  0   7   0   1   0   0   1   4 187]]",53.77105641365051,0.009859561920166016
9,N_BaIoT,2,None,QuantileTransformer,MLP,0.8784807483973172,-1,-1,97.35802469135803,88.1111111111111,1.4861111111111112,82.61385860829138,84.43411670117467,-1,"{'0Normal': {'precision': 0.9900990099009901, 'recall': 1.0, 'f1-score': 0.9950248756218906, 'support': 200.0}, 'ack': {'precision': 1.0, 'recall': 0.975, 'f1-score': 0.9873417721518987, 'support': 200.0}, 'combo': {'precision': 0.9851485148514851, 'recall': 0.995, 'f1-score': 0.9900497512437811, 'support': 200.0}, 'junk': {'precision': 0.99, 'recall': 0.99, 'f1-score': 0.99, 'support': 200.0}, 'scan': {'precision': 0.9949748743718593, 'recall': 0.99, 'f1-score': 0.9924812030075189, 'support': 200.0}, 'syn': {'precision': 0.98, 'recall': 0.98, 'f1-score': 0.98, 'support': 200.0}, 'tcp': {'precision': 0.0, 'recall': 0.0, 'f1-score': 0.0, 'support': 200.0}, 'udp': {'precision': 0.5, 'recall': 1.0, 'f1-score': 0.6666666666666666, 'support': 200.0}, 'udpplain': {'precision': 0.9950248756218906, 'recall': 1.0, 'f1-score': 0.9975062344139651, 'support': 200.0}, 'accuracy': 0.8811111111111111, 'macro avg': {'precision': 0.8261385860829138, 'recall': 0.8811111111111111, 'f1-score': 0.8443411670117468, 'support': 1800.0}, 'weighted avg': {'precision': 0.8261385860829139, 'recall': 0.8811111111111111, 'f1-score': 0.8443411670117468, 'support': 1800.0}}","[[200   0   0   0   0   0   0   0   0]
 [  0 195   0   0   0   4   0   0   1]
 [  0   0 199   1   0   0   0   0   0]
 [  0   0   1 198   0   0   1   0   0]
 [  2   0   0   0 198   0   0   0   0]
 [  0   0   2   1   1 196   0   0   0]
 [  0   0   0   0   0   0   0 200   0]
 [  0   0   0   0   0   0   0 200   0]
 [  0   0   0   0   0   0   0   0 200]]",11.136629581451416,0.018051862716674805
10,N_BaIoT,2,None,QuantileTransformer,LGBM,0.4769014969442447,-1,-1,88.18518518518519,46.833333333333336,6.645833333333333,66.92882777195953,46.79678000663627,-1,"{'0Normal': {'precision': 0.9849624060150376, 'recall': 0.655, 'f1-score': 0.7867867867867868, 'support': 200.0}, 'ack': {'precision': 0.18173076923076922, 'recall': 0.945, 'f1-score': 0.30483870967741933, 'support': 200.0}, 'combo': {'precision': 0.8852459016393442, 'recall': 0.27, 'f1-score': 0.41379310344827586, 'support': 200.0}, 'junk': {'precision': 0.9493670886075949, 'recall': 0.75, 'f1-score': 0.8379888268156425, 'support': 200.0}, 'scan': {'precision': 0.7381974248927039, 'recall': 0.86, 'f1-score': 0.7944572748267897, 'support': 200.0}, 'syn': {'precision': 0.875, 'recall': 0.42, 'f1-score': 0.5675675675675675, 'support': 200.0}, 'tcp': {'precision': 0.0, 'recall': 0.0, 'f1-score': 0.0, 'support': 200.0}, 'udp': {'precision': 0.4090909090909091, 'recall': 0.045, 'f1-score': 0.08108108108108109, 'support': 200.0}, 'udpplain': {'precision': 1.0, 'recall': 0.27, 'f1-score': 0.4251968503937008, 'support': 200.0}, 'accuracy': 0.4683333333333333, 'macro avg': {'precision': 0.6692882777195953, 'recall': 0.4683333333333333, 'f1-score': 0.4679678000663627, 'support': 1800.0}, 'weighted avg': {'precision': 0.6692882777195954, 'recall': 0.4683333333333333, 'f1-score': 0.4679678000663626, 'support': 1800.0}}","[[131  65   0   0   4   0   0   0   0]
 [  0 189   0   0   5   0   0   6   0]
 [  0 134  54   3   1   8   0   0   0]
 [  0  39   7 150   3   0   0   1   0]
 [  2  26   0   0 172   0   0   0   0]
 [  0 108   0   1   7  84   0   0   0]
 [  0 200   0   0   0   0   0   0   0]
 [  0 190   0   0   1   0   0   9   0]
 [  0  89   0   4  40   4   3   6  54]]",68.39648962020874,0.017439603805541992
11,N_BaIoT,2,None,QuantileTransformer,RF,0.9987510403662089,-1,-1,99.97530864197532,99.8888888888889,0.013888888888888888,99.88944168048646,99.88874825777543,-1,"{'0Normal': {'precision': 1.0, 'recall': 1.0, 'f1-score': 1.0, 'support': 200.0}, 'ack': {'precision': 1.0, 'recall': 1.0, 'f1-score': 1.0, 'support': 200.0}, 'combo': {'precision': 0.9950248756218906, 'recall': 1.0, 'f1-score': 0.9975062344139651, 'support': 200.0}, 'junk': {'precision': 0.9950248756218906, 'recall': 1.0, 'f1-score': 0.9975062344139651, 'support': 200.0}, 'scan': {'precision': 1.0, 'recall': 0.99, 'f1-score': 0.9949748743718593, 'support': 200.0}, 'syn': {'precision': 1.0, 'recall': 1.0, 'f1-score': 1.0, 'support': 200.0}, 'tcp': {'precision': 1.0, 'recall': 1.0, 'f1-score': 1.0, 'support': 200.0}, 'udp': {'precision': 1.0, 'recall': 1.0, 'f1-score': 1.0, 'support': 200.0}, 'udpplain': {'precision': 1.0, 'recall': 1.0, 'f1-score': 1.0, 'support': 200.0}, 'accuracy': 0.9988888888888889, 'macro avg': {'precision': 0.9988944168048646, 'recall': 0.9988888888888889, 'f1-score': 0.9988874825777544, 'support': 1800.0}, 'weighted avg': {'precision': 0.9988944168048646, 'recall': 0.9988888888888889, 'f1-score': 0.9988874825777543, 'support': 1800.0}}","[[200   0   0   0   0   0   0   0   0]
 [  0 200   0   0   0   0   0   0   0]
 [  0   0 200   0   0   0   0   0   0]
 [  0   0   0 200   0   0   0   0   0]
 [  0   0   1   1 198   0   0   0   0]
 [  0   0   0   0   0 200   0   0   0]
 [  0   0   0   0   0   0 200   0   0]
 [  0   0   0   0   0   0   0 200   0]
 [  0   0   0   0   0   0   0   0 200]]",7.863652467727661,0.02766132354736328
12,N_BaIoT,2,None,QuantileTransformer,SGD,0.8784246010612694,-1,-1,97.35802469135803,88.1111111111111,1.4861111111111112,82.54030271919213,84.41473992216994,-1,"{'0Normal': {'precision': 0.995, 'recall': 0.995, 'f1-score': 0.995, 'support': 200.0}, 'ack': {'precision': 0.98989898989899, 'recall': 0.98, 'f1-score': 0.9849246231155778, 'support': 200.0}, 'combo': {'precision': 0.9803921568627451, 'recall': 1.0, 'f1-score': 0.99009900990099, 'support': 200.0}, 'junk': {'precision': 1.0, 'recall': 0.98, 'f1-score': 0.98989898989899, 'support': 200.0}, 'scan': {'precision': 0.9949748743718593, 'recall': 0.99, 'f1-score': 0.9924812030075189, 'support': 200.0}, 'syn': {'precision': 1.0, 'recall': 0.995, 'f1-score': 0.9974937343358395, 'support': 200.0}, 'tcp': {'precision': 0.0, 'recall': 0.0, 'f1-score': 0.0, 'support': 200.0}, 'udp': {'precision': 0.49748743718592964, 'recall': 0.99, 'f1-score': 0.6622073578595318, 'support': 200.0}, 'udpplain': {'precision': 0.970873786407767, 'recall': 1.0, 'f1-score': 0.9852216748768473, 'support': 200.0}, 'accuracy': 0.8811111111111111, 'macro avg': {'precision': 0.8254030271919213, 'recall': 0.8811111111111111, 'f1-score': 0.8441473992216995, 'support': 1800.0}, 'weighted avg': {'precision': 0.8254030271919212, 'recall': 0.8811111111111111, 'f1-score': 0.8441473992216996, 'support': 1800.0}}","[[199   0   0   0   0   0   0   0   1]
 [  0 196   0   0   0   0   0   0   4]
 [  0   0 200   0   0   0   0   0   0]
 [  0   0   3 196   0   0   0   0   1]
 [  1   0   1   0 198   0   0   0   0]
 [  0   0   0   0   1 199   0   0   0]
 [  0   0   0   0   0   0   0 200   0]
 [  0   2   0   0   0   0   0 198   0]
 [  0   0   0   0   0   0   0   0 200]]",4.7962775230407715,0.00879359245300293
13,N_BaIoT,2,rbf,QuantileTransformer,HHHv2,0.9850711465965296,-1,-1,99.70370370370371,98.72121111086763,0.16666666666666669,98.66666666666666,98.66571572240417,-1,"{'0Normal': {'precision': 1.0, 'recall': 0.9852216748768473, 'f1-score': 0.9925558312655086, 'support': 203.0}, 'ack': {'precision': 0.98, 'recall': 0.9949238578680203, 'f1-score': 0.9874055415617129, 'support': 197.0}, 'combo': {'precision': 1.0, 'recall': 0.9900990099009901, 'f1-score': 0.9950248756218906, 'support': 202.0}, 'junk': {'precision': 0.985, 'recall': 1.0, 'f1-score': 0.9924433249370278, 'support': 197.0}, 'scan': {'precision': 0.99, 'recall': 1.0, 'f1-score': 0.9949748743718593, 'support': 198.0}, 'syn': {'precision': 1.0, 'recall': 0.9803921568627451, 'f1-score': 0.99009900990099, 'support': 204.0}, 'tcp': {'precision': 0.93, 'recall': 1.0, 'f1-score': 0.9637305699481865, 'support': 186.0}, 'udp': {'precision': 0.995, 'recall': 0.9342723004694836, 'f1-score': 0.963680387409201, 'support': 213.0}, 'udpplain': {'precision': 1.0, 'recall': 1.0, 'f1-score': 1.0, 'support': 200.0}, 'accuracy': 0.9866666666666667, 'macro avg': {'precision': 0.9866666666666666, 'recall': 0.9872121111086763, 'f1-score': 0.9866571572240418, 'support': 1800.0}, 'weighted avg': {'precision': 0.9872444444444444, 'recall': 0.9866666666666667, 'f1-score': 0.9866761761092916, 'support': 1800.0}}","[[200   0   0   1   2   0   0   0   0]
 [  0 196   0   0   0   0   0   1   0]
 [  0   0 200   2   0   0   0   0   0]
 [  0   0   0 197   0   0   0   0   0]
 [  0   0   0   0 198   0   0   0   0]
 [  0   4   0   0   0 200   0   0   0]
 [  0   0   0   0   0   0 186   0   0]
 [  0   0   0   0   0   0  14 199   0]
 [  0   0   0   0   0   0   0   0 200]]",194.91589331626892,0.5474610328674316
14,N_BaIoT,2,None,QuantileTransformer,KNN,0.9600170004515758,-1,-1,99.20987654320987,96.44444444444444,0.4444444444444444,96.46710458828471,96.44871854936576,-1,"{'0Normal': {'precision': 0.9899497487437185, 'recall': 0.985, 'f1-score': 0.9874686716791979, 'support': 200.0}, 'ack': {'precision': 0.9064039408866995, 'recall': 0.92, 'f1-score': 0.913151364764268, 'support': 200.0}, 'combo': {'precision': 0.964824120603015, 'recall': 0.96, 'f1-score': 0.9624060150375939, 'support': 200.0}, 'junk': {'precision': 0.9601990049751243, 'recall': 0.965, 'f1-score': 0.9625935162094762, 'support': 200.0}, 'scan': {'precision': 0.9949748743718593, 'recall': 0.99, 'f1-score': 0.9924812030075189, 'support': 200.0}, 'syn': {'precision': 0.9802955665024631, 'recall': 0.995, 'f1-score': 0.9875930521091811, 'support': 200.0}, 'tcp': {'precision': 1.0, 'recall': 0.96, 'f1-score': 0.9795918367346939, 'support': 200.0}, 'udp': {'precision': 0.905, 'recall': 0.905, 'f1-score': 0.905, 'support': 200.0}, 'udpplain': {'precision': 0.9803921568627451, 'recall': 1.0, 'f1-score': 0.99009900990099, 'support': 200.0}, 'accuracy': 0.9644444444444444, 'macro avg': {'precision': 0.9646710458828471, 'recall': 0.9644444444444444, 'f1-score': 0.9644871854936576, 'support': 1800.0}, 'weighted avg': {'precision': 0.964671045882847, 'recall': 0.9644444444444444, 'f1-score': 0.9644871854936579, 'support': 1800.0}}","[[197   0   0   2   0   1   0   0   0]
 [  0 184   0   0   0   1   0  11   4]
 [  0   0 192   6   0   2   0   0   0]
 [  1   0   6 193   0   0   0   0   0]
 [  1   0   1   0 198   0   0   0   0]
 [  0   0   0   0   1 199   0   0   0]
 [  0   0   0   0   0   0 192   8   0]
 [  0  19   0   0   0   0   0 181   0]
 [  0   0   0   0   0   0   0   0 200]]",0.017249584197998047,0.5532586574554443
15,N_BaIoT,2,None,QuantileTransformer,LDA,0.9676397802864579,-1,-1,99.35802469135803,97.11111111111111,0.3611111111111111,97.20268479059125,97.10218329630231,-1,"{'0Normal': {'precision': 0.9841269841269841, 'recall': 0.93, 'f1-score': 0.9562982005141387, 'support': 200.0}, 'ack': {'precision': 0.9611650485436893, 'recall': 0.99, 'f1-score': 0.9753694581280788, 'support': 200.0}, 'combo': {'precision': 0.9707317073170731, 'recall': 0.995, 'f1-score': 0.982716049382716, 'support': 200.0}, 'junk': {'precision': 0.9851485148514851, 'recall': 0.995, 'f1-score': 0.9900497512437811, 'support': 200.0}, 'scan': {'precision': 0.9848484848484849, 'recall': 0.975, 'f1-score': 0.9798994974874371, 'support': 200.0}, 'syn': {'precision': 0.9754901960784313, 'recall': 0.995, 'f1-score': 0.9851485148514851, 'support': 200.0}, 'tcp': {'precision': 0.9841269841269841, 'recall': 0.93, 'f1-score': 0.9562982005141387, 'support': 200.0}, 'udp': {'precision': 0.91324200913242, 'recall': 1.0, 'f1-score': 0.954653937947494, 'support': 200.0}, 'udpplain': {'precision': 0.9893617021276596, 'recall': 0.93, 'f1-score': 0.9587628865979382, 'support': 200.0}, 'accuracy': 0.9711111111111111, 'macro avg': {'precision': 0.9720268479059124, 'recall': 0.9711111111111111, 'f1-score': 0.9710218329630231, 'support': 1800.0}, 'weighted avg': {'precision': 0.9720268479059124, 'recall': 0.9711111111111111, 'f1-score': 0.971021832963023, 'support': 1800.0}}","[[186   2   5   2   2   2   0   0   1]
 [  0 198   0   0   0   0   0   1   1]
 [  0   0 199   1   0   0   0   0   0]
 [  1   0   0 199   0   0   0   0   0]
 [  2   0   0   0 195   3   0   0   0]
 [  0   0   0   0   1 199   0   0   0]
 [  0   0   0   0   0   0 186  14   0]
 [  0   0   0   0   0   0   0 200   0]
 [  0   6   1   0   0   0   3   4 186]]",54.30725955963135,0.00902247428894043
16,N_BaIoT,2,None,QuantileTransformer,MLP,0.8810185632447869,-1,-1,97.4074074074074,88.33333333333333,1.4583333333333333,82.83878796397207,84.65660706816432,-1,"{'0Normal': {'precision': 0.9950248756218906, 'recall': 1.0, 'f1-score': 0.9975062344139651, 'support': 200.0}, 'ack': {'precision': 1.0, 'recall': 0.975, 'f1-score': 0.9873417721518987, 'support': 200.0}, 'combo': {'precision': 0.9900990099009901, 'recall': 1.0, 'f1-score': 0.9950248756218906, 'support': 200.0}, 'junk': {'precision': 1.0, 'recall': 0.99, 'f1-score': 0.9949748743718593, 'support': 200.0}, 'scan': {'precision': 0.9949748743718593, 'recall': 0.99, 'f1-score': 0.9924812030075189, 'support': 200.0}, 'syn': {'precision': 0.995, 'recall': 0.995, 'f1-score': 0.995, 'support': 200.0}, 'tcp': {'precision': 0.0, 'recall': 0.0, 'f1-score': 0.0, 'support': 200.0}, 'udp': {'precision': 0.5, 'recall': 1.0, 'f1-score': 0.6666666666666666, 'support': 200.0}, 'udpplain': {'precision': 0.9803921568627451, 'recall': 1.0, 'f1-score': 0.99009900990099, 'support': 200.0}, 'accuracy': 0.8833333333333333, 'macro avg': {'precision': 0.8283878796397206, 'recall': 0.8833333333333333, 'f1-score': 0.8465660706816432, 'support': 1800.0}, 'weighted avg': {'precision': 0.8283878796397206, 'recall': 0.8833333333333333, 'f1-score': 0.8465660706816432, 'support': 1800.0}}","[[200   0   0   0   0   0   0   0   0]
 [  0 195   0   0   0   1   0   0   4]
 [  0   0 200   0   0   0   0   0   0]
 [  0   0   1 198   0   0   1   0   0]
 [  1   0   1   0 198   0   0   0   0]
 [  0   0   0   0   1 199   0   0   0]
 [  0   0   0   0   0   0   0 200   0]
 [  0   0   0   0   0   0   0 200   0]
 [  0   0   0   0   0   0   0   0 200]]",11.812906742095947,0.01828932762145996
17,N_BaIoT,2,None,QuantileTransformer,LGBM,0.9981263862876103,-1,-1,99.96296296296296,99.83333333333333,0.020833333333333336,99.83416252072969,99.8331923549955,-1,"{'0Normal': {'precision': 0.9950248756218906, 'recall': 1.0, 'f1-score': 0.9975062344139651, 'support': 200.0}, 'ack': {'precision': 1.0, 'recall': 0.995, 'f1-score': 0.9974937343358395, 'support': 200.0}, 'combo': {'precision': 0.9950248756218906, 'recall': 1.0, 'f1-score': 0.9975062344139651, 'support': 200.0}, 'junk': {'precision': 1.0, 'recall': 1.0, 'f1-score': 1.0, 'support': 200.0}, 'scan': {'precision': 1.0, 'recall': 0.99, 'f1-score': 0.9949748743718593, 'support': 200.0}, 'syn': {'precision': 1.0, 'recall': 1.0, 'f1-score': 1.0, 'support': 200.0}, 'tcp': {'precision': 1.0, 'recall': 1.0, 'f1-score': 1.0, 'support': 200.0}, 'udp': {'precision': 1.0, 'recall': 1.0, 'f1-score': 1.0, 'support': 200.0}, 'udpplain': {'precision': 0.9950248756218906, 'recall': 1.0, 'f1-score': 0.9975062344139651, 'support': 200.0}, 'accuracy': 0.9983333333333333, 'macro avg': {'precision': 0.9983416252072969, 'recall': 0.9983333333333333, 'f1-score': 0.998331923549955, 'support': 1800.0}, 'weighted avg': {'precision': 0.9983416252072969, 'recall': 0.9983333333333333, 'f1-score': 0.9983319235499549, 'support': 1800.0}}","[[200   0   0   0   0   0   0   0   0]
 [  0 199   0   0   0   0   0   0   1]
 [  0   0 200   0   0   0   0   0   0]
 [  0   0   0 200   0   0   0   0   0]
 [  1   0   1   0 198   0   0   0   0]
 [  0   0   0   0   0 200   0   0   0]
 [  0   0   0   0   0   0 200   0   0]
 [  0   0   0   0   0   0   0 200   0]
 [  0   0   0   0   0   0   0   0 200]]",78.02154088020325,0.02226090431213379
18,N_BaIoT,2,None,QuantileTransformer,RF,0.9987510403662089,-1,-1,99.97530864197532,99.8888888888889,0.013888888888888888,99.88944168048646,99.88874825777543,-1,"{'0Normal': {'precision': 1.0, 'recall': 1.0, 'f1-score': 1.0, 'support': 200.0}, 'ack': {'precision': 1.0, 'recall': 1.0, 'f1-score': 1.0, 'support': 200.0}, 'combo': {'precision': 0.9950248756218906, 'recall': 1.0, 'f1-score': 0.9975062344139651, 'support': 200.0}, 'junk': {'precision': 0.9950248756218906, 'recall': 1.0, 'f1-score': 0.9975062344139651, 'support': 200.0}, 'scan': {'precision': 1.0, 'recall': 0.99, 'f1-score': 0.9949748743718593, 'support': 200.0}, 'syn': {'precision': 1.0, 'recall': 1.0, 'f1-score': 1.0, 'support': 200.0}, 'tcp': {'precision': 1.0, 'recall': 1.0, 'f1-score': 1.0, 'support': 200.0}, 'udp': {'precision': 1.0, 'recall': 1.0, 'f1-score': 1.0, 'support': 200.0}, 'udpplain': {'precision': 1.0, 'recall': 1.0, 'f1-score': 1.0, 'support': 200.0}, 'accuracy': 0.9988888888888889, 'macro avg': {'precision': 0.9988944168048646, 'recall': 0.9988888888888889, 'f1-score': 0.9988874825777544, 'support': 1800.0}, 'weighted avg': {'precision': 0.9988944168048646, 'recall': 0.9988888888888889, 'f1-score': 0.9988874825777543, 'support': 1800.0}}","[[200   0   0   0   0   0   0   0   0]
 [  0 200   0   0   0   0   0   0   0]
 [  0   0 200   0   0   0   0   0   0]
 [  0   0   0 200   0   0   0   0   0]
 [  0   0   1   1 198   0   0   0   0]
 [  0   0   0   0   0 200   0   0   0]
 [  0   0   0   0   0   0 200   0   0]
 [  0   0   0   0   0   0   0 200   0]
 [  0   0   0   0   0   0   0   0 200]]",7.072821140289307,0.02675342559814453
19,N_BaIoT,2,None,QuantileTransformer,SGD,0.7708187700078145,-1,-1,95.1604938271605,78.22222222222223,2.722222222222222,76.73523511352029,74.743873948345,-1,"{'0Normal': {'precision': 0.995, 'recall': 0.995, 'f1-score': 0.995, 'support': 200.0}, 'ack': {'precision': 1.0, 'recall': 0.64, 'f1-score': 0.7804878048780487, 'support': 200.0}, 'combo': {'precision': 0.961352657004831, 'recall': 0.995, 'f1-score': 0.977886977886978, 'support': 200.0}, 'junk': {'precision': 1.0, 'recall': 0.92, 'f1-score': 0.9583333333333334, 'support': 200.0}, 'scan': {'precision': 1.0, 'recall': 0.55, 'f1-score': 0.7096774193548387, 'support': 200.0}, 'syn': {'precision': 0.5730659025787965, 'recall': 1.0, 'f1-score': 0.7285974499089253, 'support': 200.0}, 'tcp': {'precision': 0.0, 'recall': 0.0, 'f1-score': 0.0, 'support': 200.0}, 'udp': {'precision': 0.46766169154228854, 'recall': 0.94, 'f1-score': 0.6245847176079734, 'support': 200.0}, 'udpplain': {'precision': 0.9090909090909091, 'recall': 1.0, 'f1-score': 0.9523809523809523, 'support': 200.0}, 'accuracy': 0.7822222222222223, 'macro avg': {'precision': 0.7673523511352028, 'recall': 0.7822222222222223, 'f1-score': 0.74743873948345, 'support': 1800.0}, 'weighted avg': {'precision': 0.7673523511352027, 'recall': 0.7822222222222223, 'f1-score': 0.74743873948345, 'support': 1800.0}}","[[199   0   0   0   0   0   0   0   1]
 [  0 128   0   0   0  40   0  14  18]
 [  0   0 199   0   0   1   0   0   0]
 [  0   0   7 184   0   8   0   0   1]
 [  1   0   1   0 110  88   0   0   0]
 [  0   0   0   0   0 200   0   0   0]
 [  0   0   0   0   0   0   0 200   0]
 [  0   0   0   0   0  12   0 188   0]
 [  0   0   0   0   0   0   0   0 200]]",5.843383312225342,0.009007453918457031
20,N_BaIoT,2,poly,QuantileTransformer,HHHv2,0.9887554931013314,-1,-1,99.77777777777777,99.00124941298387,0.125,99.0,98.99844237127485,-1,"{'0Normal': {'precision': 0.98, 'recall': 0.98989898989899, 'f1-score': 0.9849246231155778, 'support': 198.0}, 'ack': {'precision': 0.975, 'recall': 0.9848484848484849, 'f1-score': 0.9798994974874371, 'support': 198.0}, 'combo': {'precision': 1.0, 'recall': 1.0, 'f1-score': 1.0, 'support': 200.0}, 'junk': {'precision': 0.995, 'recall': 1.0, 'f1-score': 0.9974937343358395, 'support': 199.0}, 'scan': {'precision': 0.97, 'recall': 0.9797979797979798, 'f1-score': 0.9748743718592964, 'support': 198.0}, 'syn': {'precision': 1.0, 'recall': 0.9852216748768473, 'f1-score': 0.9925558312655086, 'support': 203.0}, 'tcp': {'precision': 0.995, 'recall': 0.9802955665024631, 'f1-score': 0.9875930521091811, 'support': 203.0}, 'udp': {'precision': 0.995, 'recall': 0.9900497512437811, 'f1-score': 0.9925187032418954, 'support': 201.0}, 'udpplain': {'precision': 1.0, 'recall': 1.0, 'f1-score': 1.0, 'support': 200.0}, 'accuracy': 0.99, 'macro avg': {'precision': 0.99, 'recall': 0.9900124941298386, 'f1-score': 0.9899844237127484, 'support': 1800.0}, 'weighted avg': {'precision': 0.990075, 'recall': 0.99, 'f1-score': 0.9900155762872515, 'support': 1800.0}}","[[196   0   0   1   1   0   0   0   0]
 [  1 195   0   0   2   0   0   0   0]
 [  0   0 200   0   0   0   0   0   0]
 [  0   0   0 199   0   0   0   0   0]
 [  1   3   0   0 194   0   0   0   0]
 [  0   2   0   0   1 200   0   0   0]
 [  2   0   0   0   1   0 199   1   0]
 [  0   0   0   0   1   0   1 199   0]
 [  0   0   0   0   0   0   0   0 200]]",195.23551487922668,0.5596451759338379
21,N_BaIoT,2,None,QuantileTransformer,KNN,0.9512642030090611,-1,-1,99.03703703703704,95.66666666666666,0.5416666666666667,95.64789760001324,95.65168461822431,-1,"{'0Normal': {'precision': 0.9899497487437185, 'recall': 0.985, 'f1-score': 0.9874686716791979, 'support': 200.0}, 'ack': {'precision': 0.8656716417910447, 'recall': 0.87, 'f1-score': 0.8678304239401496, 'support': 200.0}, 'combo': {'precision': 0.9593908629441624, 'recall': 0.945, 'f1-score': 0.9521410579345088, 'support': 200.0}, 'junk': {'precision': 0.9458128078817734, 'recall': 0.96, 'f1-score': 0.9528535980148883, 'support': 200.0}, 'scan': {'precision': 0.9949748743718593, 'recall': 0.99, 'f1-score': 0.9924812030075189, 'support': 200.0}, 'syn': {'precision': 0.9851485148514851, 'recall': 0.995, 'f1-score': 0.9900497512437811, 'support': 200.0}, 'tcp': {'precision': 1.0, 'recall': 1.0, 'f1-score': 1.0, 'support': 200.0}, 'udp': {'precision': 0.8917525773195877, 'recall': 0.865, 'f1-score': 0.8781725888324873, 'support': 200.0}, 'udpplain': {'precision': 0.975609756097561, 'recall': 1.0, 'f1-score': 0.9876543209876543, 'support': 200.0}, 'accuracy': 0.9566666666666667, 'macro avg': {'precision': 0.9564789760001324, 'recall': 0.9566666666666666, 'f1-score': 0.9565168461822431, 'support': 1800.0}, 'weighted avg': {'precision': 0.9564789760001324, 'recall': 0.9566666666666667, 'f1-score': 0.956516846182243, 'support': 1800.0}}","[[197   0   0   1   0   1   0   1   0]
 [  0 174   0   0   0   1   0  20   5]
 [  0   0 189  10   0   1   0   0   0]
 [  1   0   7 192   0   0   0   0   0]
 [  1   0   1   0 198   0   0   0   0]
 [  0   0   0   0   1 199   0   0   0]
 [  0   0   0   0   0   0 200   0   0]
 [  0  27   0   0   0   0   0 173   0]
 [  0   0   0   0   0   0   0   0 200]]",0.01876044273376465,0.6235151290893555
22,N_BaIoT,2,None,QuantileTransformer,LDA,0.9541194615327433,-1,-1,99.08641975308642,95.8888888888889,0.513888888888889,96.11328038779195,95.85087655479252,-1,"{'0Normal': {'precision': 0.9836065573770492, 'recall': 0.9, 'f1-score': 0.9399477806788511, 'support': 200.0}, 'ack': {'precision': 0.8995433789954338, 'recall': 0.985, 'f1-score': 0.9403341288782816, 'support': 200.0}, 'combo': {'precision': 0.9754901960784313, 'recall': 0.995, 'f1-score': 0.9851485148514851, 'support': 200.0}, 'junk': {'precision': 0.961352657004831, 'recall': 0.995, 'f1-score': 0.977886977886978, 'support': 200.0}, 'scan': {'precision': 0.9752475247524752, 'recall': 0.985, 'f1-score': 0.9800995024875623, 'support': 200.0}, 'syn': {'precision': 0.9900497512437811, 'recall': 0.995, 'f1-score': 0.9925187032418954, 'support': 200.0}, 'tcp': {'precision': 0.9842931937172775, 'recall': 0.94, 'f1-score': 0.9616368286445013, 'support': 200.0}, 'udp': {'precision': 0.8923766816143498, 'recall': 0.995, 'f1-score': 0.9408983451536643, 'support': 200.0}, 'udpplain': {'precision': 0.9882352941176471, 'recall': 0.84, 'f1-score': 0.9081081081081082, 'support': 200.0}, 'accuracy': 0.9588888888888889, 'macro avg': {'precision': 0.9611328038779194, 'recall': 0.958888888888889, 'f1-score': 0.9585087655479252, 'support': 1800.0}, 'weighted avg': {'precision': 0.9611328038779197, 'recall': 0.9588888888888889, 'f1-score': 0.9585087655479253, 'support': 1800.0}}","[[180   2   5   7   4   0   0   1   1]
 [  0 197   0   0   0   0   0   2   1]
 [  0   0 199   1   0   0   0   0   0]
 [  1   0   0 199   0   0   0   0   0]
 [  2   0   0   0 197   1   0   0   0]
 [  0   0   0   0   1 199   0   0   0]
 [  0   0   0   0   0   0 188  12   0]
 [  0   1   0   0   0   0   0 199   0]
 [  0  19   0   0   0   1   3   9 168]]",68.51992654800415,0.010568618774414062
23,N_BaIoT,2,None,QuantileTransformer,MLP,0.9869150942401342,-1,-1,99.74074074074075,98.83333333333333,0.14583333333333334,98.86540235907223,98.83343240925316,-1,"{'0Normal': {'precision': 0.99, 'recall': 0.99, 'f1-score': 0.99, 'support': 200.0}, 'ack': {'precision': 1.0, 'recall': 0.975, 'f1-score': 0.9873417721518987, 'support': 200.0}, 'combo': {'precision': 0.995, 'recall': 0.995, 'f1-score': 0.995, 'support': 200.0}, 'junk': {'precision': 0.9900497512437811, 'recall': 0.995, 'f1-score': 0.9925187032418954, 'support': 200.0}, 'scan': {'precision': 1.0, 'recall': 0.985, 'f1-score': 0.9924433249370278, 'support': 200.0}, 'syn': {'precision': 0.970873786407767, 'recall': 1.0, 'f1-score': 0.9852216748768473, 'support': 200.0}, 'tcp': {'precision': 0.9569377990430622, 'recall': 1.0, 'f1-score': 0.9779951100244498, 'support': 200.0}, 'udp': {'precision': 1.0, 'recall': 0.955, 'f1-score': 0.9769820971867007, 'support': 200.0}, 'udpplain': {'precision': 0.9950248756218906, 'recall': 1.0, 'f1-score': 0.9975062344139651, 'support': 200.0}, 'accuracy': 0.9883333333333333, 'macro avg': {'precision': 0.9886540235907224, 'recall': 0.9883333333333333, 'f1-score': 0.9883343240925316, 'support': 1800.0}, 'weighted avg': {'precision': 0.9886540235907223, 'recall': 0.9883333333333333, 'f1-score': 0.9883343240925317, 'support': 1800.0}}","[[198   0   0   1   0   0   1   0   0]
 [  0 195   0   0   0   4   0   0   1]
 [  0   0 199   1   0   0   0   0   0]
 [  0   0   1 199   0   0   0   0   0]
 [  2   0   0   0 197   1   0   0   0]
 [  0   0   0   0   0 200   0   0   0]
 [  0   0   0   0   0   0 200   0   0]
 [  0   0   0   0   0   1   8 191   0]
 [  0   0   0   0   0   0   0   0 200]]",12.249027490615845,0.019117355346679688
24,N_BaIoT,2,None,QuantileTransformer,LGBM,0.9956284570492555,-1,-1,99.91358024691358,99.6111111111111,0.04861111111111111,99.6138505610971,99.61110138835936,-1,"{'0Normal': {'precision': 0.9852216748768473, 'recall': 1.0, 'f1-score': 0.9925558312655086, 'support': 200.0}, 'ack': {'precision': 1.0, 'recall': 0.985, 'f1-score': 0.9924433249370278, 'support': 200.0}, 'combo': {'precision': 1.0, 'recall': 1.0, 'f1-score': 1.0, 'support': 200.0}, 'junk': {'precision': 1.0, 'recall': 0.995, 'f1-score': 0.9974937343358395, 'support': 200.0}, 'scan': {'precision': 0.99, 'recall': 0.99, 'f1-score': 0.99, 'support': 200.0}, 'syn': {'precision': 1.0, 'recall': 1.0, 'f1-score': 1.0, 'support': 200.0}, 'tcp': {'precision': 0.9950248756218906, 'recall': 1.0, 'f1-score': 0.9975062344139651, 'support': 200.0}, 'udp': {'precision': 0.995, 'recall': 0.995, 'f1-score': 0.995, 'support': 200.0}, 'udpplain': {'precision': 1.0, 'recall': 1.0, 'f1-score': 1.0, 'support': 200.0}, 'accuracy': 0.9961111111111111, 'macro avg': {'precision': 0.996138505610971, 'recall': 0.9961111111111111, 'f1-score': 0.9961110138835936, 'support': 1800.0}, 'weighted avg': {'precision': 0.9961385056109708, 'recall': 0.9961111111111111, 'f1-score': 0.9961110138835936, 'support': 1800.0}}","[[200   0   0   0   0   0   0   0   0]
 [  0 197   0   0   2   0   0   1   0]
 [  0   0 200   0   0   0   0   0   0]
 [  1   0   0 199   0   0   0   0   0]
 [  2   0   0   0 198   0   0   0   0]
 [  0   0   0   0   0 200   0   0   0]
 [  0   0   0   0   0   0 200   0   0]
 [  0   0   0   0   0   0   1 199   0]
 [  0   0   0   0   0   0   0   0 200]]",81.39883303642273,0.0225830078125
25,N_BaIoT,2,None,QuantileTransformer,RF,0.9987513871556677,-1,-1,99.97530864197532,99.8888888888889,0.013888888888888888,99.88998899889991,99.88888611104166,-1,"{'0Normal': {'precision': 0.9900990099009901, 'recall': 1.0, 'f1-score': 0.9950248756218906, 'support': 200.0}, 'ack': {'precision': 1.0, 'recall': 1.0, 'f1-score': 1.0, 'support': 200.0}, 'combo': {'precision': 1.0, 'recall': 1.0, 'f1-score': 1.0, 'support': 200.0}, 'junk': {'precision': 1.0, 'recall': 1.0, 'f1-score': 1.0, 'support': 200.0}, 'scan': {'precision': 1.0, 'recall': 0.99, 'f1-score': 0.9949748743718593, 'support': 200.0}, 'syn': {'precision': 1.0, 'recall': 1.0, 'f1-score': 1.0, 'support': 200.0}, 'tcp': {'precision': 1.0, 'recall': 1.0, 'f1-score': 1.0, 'support': 200.0}, 'udp': {'precision': 1.0, 'recall': 1.0, 'f1-score': 1.0, 'support': 200.0}, 'udpplain': {'precision': 1.0, 'recall': 1.0, 'f1-score': 1.0, 'support': 200.0}, 'accuracy': 0.9988888888888889, 'macro avg': {'precision': 0.998899889988999, 'recall': 0.9988888888888889, 'f1-score': 0.9988888611104166, 'support': 1800.0}, 'weighted avg': {'precision': 0.9988998899889989, 'recall': 0.9988888888888889, 'f1-score': 0.9988888611104165, 'support': 1800.0}}","[[200   0   0   0   0   0   0   0   0]
 [  0 200   0   0   0   0   0   0   0]
 [  0   0 200   0   0   0   0   0   0]
 [  0   0   0 200   0   0   0   0   0]
 [  2   0   0   0 198   0   0   0   0]
 [  0   0   0   0   0 200   0   0   0]
 [  0   0   0   0   0   0 200   0   0]
 [  0   0   0   0   0   0   0 200   0]
 [  0   0   0   0   0   0   0   0 200]]",6.666471004486084,0.029537677764892578
26,N_BaIoT,2,None,QuantileTransformer,NuSVC,0.8781721193763393,-1,-1,97.50617283950618,88.77777777777777,1.4027777777777777,92.01593325754641,88.78152310849701,-1,"{'0Normal': {'precision': 0.9846938775510204, 'recall': 0.965, 'f1-score': 0.9747474747474748, 'support': 200.0}, 'ack': {'precision': 1.0, 'recall': 0.655, 'f1-score': 0.7915407854984895, 'support': 200.0}, 'combo': {'precision': 0.9656862745098039, 'recall': 0.985, 'f1-score': 0.9752475247524752, 'support': 200.0}, 'junk': {'precision': 0.9796954314720813, 'recall': 0.965, 'f1-score': 0.9722921914357683, 'support': 200.0}, 'scan': {'precision': 0.7226277372262774, 'recall': 0.99, 'f1-score': 0.8354430379746836, 'support': 200.0}, 'syn': {'precision': 1.0, 'recall': 0.635, 'f1-score': 0.7767584097859327, 'support': 200.0}, 'tcp': {'precision': 1.0, 'recall': 1.0, 'f1-score': 1.0, 'support': 200.0}, 'udp': {'precision': 0.9814814814814815, 'recall': 0.795, 'f1-score': 0.8784530386740332, 'support': 200.0}, 'udpplain': {'precision': 0.6472491909385113, 'recall': 1.0, 'f1-score': 0.7858546168958743, 'support': 200.0}, 'accuracy': 0.8877777777777778, 'macro avg': {'precision': 0.920159332575464, 'recall': 0.8877777777777778, 'f1-score': 0.8878152310849701, 'support': 1800.0}, 'weighted avg': {'precision': 0.920159332575464, 'recall': 0.8877777777777778, 'f1-score': 0.8878152310849702, 'support': 1800.0}}","[[193   0   0   1   3   0   0   3   0]
 [  0 131   0   0   1   0   0   0  68]
 [  0   0 197   3   0   0   0   0   0]
 [  1   0   6 193   0   0   0   0   0]
 [  2   0   0   0 198   0   0   0   0]
 [  0   0   1   0  72 127   0   0   0]
 [  0   0   0   0   0   0 200   0   0]
 [  0   0   0   0   0   0   0 159  41]
 [  0   0   0   0   0   0   0   0 200]]",191.6318073272705,63.46985220909119
27,N_BaIoT,2,None,QuantileTransformer,SGD,0.9464948676893139,-1,-1,98.91358024691358,95.11111111111111,0.6111111111111112,95.99539091443252,94.94231524521811,-1,"{'0Normal': {'precision': 0.995, 'recall': 0.995, 'f1-score': 0.995, 'support': 200.0}, 'ack': {'precision': 1.0, 'recall': 0.65, 'f1-score': 0.787878787878788, 'support': 200.0}, 'combo': {'precision': 0.975609756097561, 'recall': 1.0, 'f1-score': 0.9876543209876543, 'support': 200.0}, 'junk': {'precision': 1.0, 'recall': 0.975, 'f1-score': 0.9873417721518987, 'support': 200.0}, 'scan': {'precision': 0.99, 'recall': 0.99, 'f1-score': 0.99, 'support': 200.0}, 'syn': {'precision': 1.0, 'recall': 0.99, 'f1-score': 0.9949748743718593, 'support': 200.0}, 'tcp': {'precision': 0.9896907216494846, 'recall': 0.96, 'f1-score': 0.9746192893401014, 'support': 200.0}, 'udp': {'precision': 0.9259259259259259, 'recall': 1.0, 'f1-score': 0.9615384615384615, 'support': 200.0}, 'udpplain': {'precision': 0.7633587786259542, 'recall': 1.0, 'f1-score': 0.8658008658008659, 'support': 200.0}, 'accuracy': 0.9511111111111111, 'macro avg': {'precision': 0.9599539091443252, 'recall': 0.9511111111111111, 'f1-score': 0.9494231524521811, 'support': 1800.0}, 'weighted avg': {'precision': 0.9599539091443252, 'recall': 0.9511111111111111, 'f1-score': 0.949423152452181, 'support': 1800.0}}","[[199   0   0   0   0   0   1   0   0]
 [  0 130   0   0   0   0   0   8  62]
 [  0   0 200   0   0   0   0   0   0]
 [  0   0   4 195   0   0   1   0   0]
 [  1   0   1   0 198   0   0   0   0]
 [  0   0   0   0   2 198   0   0   0]
 [  0   0   0   0   0   0 192   8   0]
 [  0   0   0   0   0   0   0 200   0]
 [  0   0   0   0   0   0   0   0 200]]",6.657537221908569,0.009457588195800781
28,N_BaIoT,2,linear,QuantileTransformer,HHHv2,0.844562566336357,-1,-1,96.90123456790124,86.35891017321116,1.7430555555555556,86.05555555555556,85.51942468630764,-1,"{'0Normal': {'precision': 0.785, 'recall': 0.9631901840490797, 'f1-score': 0.8650137741046833, 'support': 163.0}, 'ack': {'precision': 0.915, 'recall': 0.8511627906976744, 'f1-score': 0.8819277108433735, 'support': 215.0}, 'combo': {'precision': 0.93, 'recall': 0.8691588785046729, 'f1-score': 0.8985507246376813, 'support': 214.0}, 'junk': {'precision': 0.97, 'recall': 0.8858447488584474, 'f1-score': 0.9260143198090691, 'support': 219.0}, 'scan': {'precision': 0.88, 'recall': 0.8502415458937198, 'f1-score': 0.8648648648648648, 'support': 207.0}, 'syn': {'precision': 0.965, 'recall': 0.8391304347826087, 'f1-score': 0.8976744186046511, 'support': 230.0}, 'tcp': {'precision': 0.945, 'recall': 0.84375, 'f1-score': 0.8915094339622641, 'support': 224.0}, 'udp': {'precision': 0.825, 'recall': 0.8009708737864077, 'f1-score': 0.8128078817733989, 'support': 206.0}, 'udpplain': {'precision': 0.53, 'recall': 0.8688524590163934, 'f1-score': 0.6583850931677019, 'support': 122.0}, 'accuracy': 0.8605555555555555, 'macro avg': {'precision': 0.8605555555555555, 'recall': 0.8635891017321116, 'f1-score': 0.8551942468630764, 'support': 1800.0}, 'weighted avg': {'precision': 0.8814055555555557, 'recall': 0.8605555555555555, 'f1-score': 0.8659168642480346, 'support': 1800.0}}","[[157   0   2   0   2   0   0   0   2]
 [  3 183   2   1   2   1   0   2  21]
 [ 11   2 186   1   2   0   0   2  10]
 [ 14   0   1 194   2   0   0   0   8]
 [  6   1   1   0 176   1   0   7  15]
 [  6   3   0   0   4 193   0   4  20]
 [  0   0   3   2   3   2 189  15  10]
 [  0   8   4   2   5   3  11 165   8]
 [  3   3   1   0   4   0   0   5 106]]",315.0227825641632,0.5343165397644043
29,N_BaIoT,2,None,QuantileTransformer,KNN,0.8415578658897616,-1,-1,96.64197530864197,84.88888888888889,1.8888888888888888,79.80966363603778,81.53916100828064,-1,"{'0Normal': {'precision': 0.9899497487437185, 'recall': 0.985, 'f1-score': 0.9874686716791979, 'support': 200.0}, 'ack': {'precision': 0.8838383838383839, 'recall': 0.875, 'f1-score': 0.8793969849246231, 'support': 200.0}, 'combo': {'precision': 0.9689119170984456, 'recall': 0.935, 'f1-score': 0.9516539440203563, 'support': 200.0}, 'junk': {'precision': 0.9371980676328503, 'recall': 0.97, 'f1-score': 0.9533169533169534, 'support': 200.0}, 'scan': {'precision': 1.0, 'recall': 0.99, 'f1-score': 0.9949748743718593, 'support': 200.0}, 'syn': {'precision': 0.9803921568627451, 'recall': 1.0, 'f1-score': 0.99009900990099, 'support': 200.0}, 'tcp': {'precision': 0.0, 'recall': 0.0, 'f1-score': 0.0, 'support': 200.0}, 'udp': {'precision': 0.44696969696969696, 'recall': 0.885, 'f1-score': 0.5939597315436241, 'support': 200.0}, 'udpplain': {'precision': 0.975609756097561, 'recall': 1.0, 'f1-score': 0.9876543209876543, 'support': 200.0}, 'accuracy': 0.8488888888888889, 'macro avg': {'precision': 0.7980966363603779, 'recall': 0.8488888888888888, 'f1-score': 0.8153916100828065, 'support': 1800.0}, 'weighted avg': {'precision': 0.7980966363603779, 'recall': 0.8488888888888889, 'f1-score': 0.8153916100828066, 'support': 1800.0}}","[[197   0   0   2   0   1   0   0   0]
 [  0 175   0   0   0   1   0  19   5]
 [  0   0 187  11   0   2   0   0   0]
 [  1   0   5 194   0   0   0   0   0]
 [  1   0   1   0 198   0   0   0   0]
 [  0   0   0   0   0 200   0   0   0]
 [  0   0   0   0   0   0   0 200   0]
 [  0  23   0   0   0   0   0 177   0]
 [  0   0   0   0   0   0   0   0 200]]",0.013547658920288086,0.5146725177764893
30,N_BaIoT,2,None,QuantileTransformer,LDA,0.9504410013316071,-1,-1,99.01234567901234,95.55555555555554,0.5555555555555556,95.73385049993232,95.45312511035068,-1,"{'0Normal': {'precision': 0.9888268156424581, 'recall': 0.885, 'f1-score': 0.9340369393139841, 'support': 200.0}, 'ack': {'precision': 0.9333333333333333, 'recall': 0.98, 'f1-score': 0.9560975609756097, 'support': 200.0}, 'combo': {'precision': 0.9611650485436893, 'recall': 0.99, 'f1-score': 0.9753694581280788, 'support': 200.0}, 'junk': {'precision': 0.961352657004831, 'recall': 0.995, 'f1-score': 0.977886977886978, 'support': 200.0}, 'scan': {'precision': 0.9752475247524752, 'recall': 0.985, 'f1-score': 0.9800995024875623, 'support': 200.0}, 'syn': {'precision': 0.9754901960784313, 'recall': 0.995, 'f1-score': 0.9851485148514851, 'support': 200.0}, 'tcp': {'precision': 0.91324200913242, 'recall': 1.0, 'f1-score': 0.954653937947494, 'support': 200.0}, 'udp': {'precision': 0.9198113207547169, 'recall': 0.975, 'f1-score': 0.9466019417475728, 'support': 200.0}, 'udpplain': {'precision': 0.9875776397515528, 'recall': 0.795, 'f1-score': 0.8808864265927977, 'support': 200.0}, 'accuracy': 0.9555555555555556, 'macro avg': {'precision': 0.9573385049993232, 'recall': 0.9555555555555555, 'f1-score': 0.9545312511035069, 'support': 1800.0}, 'weighted avg': {'precision': 0.957338504999323, 'recall': 0.9555555555555556, 'f1-score': 0.954531251103507, 'support': 1800.0}}","[[177   3   6   5   3   4   2   0   0]
 [  0 196   0   0   0   0   2   1   1]
 [  0   0 198   2   0   0   0   0   0]
 [  1   0   0 199   0   0   0   0   0]
 [  1   0   1   0 197   1   0   0   0]
 [  0   0   0   0   1 199   0   0   0]
 [  0   0   0   0   0   0 200   0   0]
 [  0   1   0   0   0   0   3 195   1]
 [  0  10   1   1   1   0  12  16 159]]",44.94726252555847,0.009956121444702148
31,N_BaIoT,2,None,QuantileTransformer,MLP,0.8785494572705415,-1,-1,97.35802469135803,88.1111111111111,1.4861111111111112,82.56581430716997,84.407469891388,-1,"{'0Normal': {'precision': 0.995, 'recall': 0.995, 'f1-score': 0.995, 'support': 200.0}, 'ack': {'precision': 1.0, 'recall': 0.97, 'f1-score': 0.9847715736040609, 'support': 200.0}, 'combo': {'precision': 0.9850746268656716, 'recall': 0.99, 'f1-score': 0.9875311720698254, 'support': 200.0}, 'junk': {'precision': 0.99, 'recall': 0.99, 'f1-score': 0.99, 'support': 200.0}, 'scan': {'precision': 0.9949748743718593, 'recall': 0.99, 'f1-score': 0.9924812030075189, 'support': 200.0}, 'syn': {'precision': 0.995, 'recall': 0.995, 'f1-score': 0.995, 'support': 200.0}, 'tcp': {'precision': 0.0, 'recall': 0.0, 'f1-score': 0.0, 'support': 200.0}, 'udp': {'precision': 0.5, 'recall': 1.0, 'f1-score': 0.6666666666666666, 'support': 200.0}, 'udpplain': {'precision': 0.970873786407767, 'recall': 1.0, 'f1-score': 0.9852216748768473, 'support': 200.0}, 'accuracy': 0.8811111111111111, 'macro avg': {'precision': 0.8256581430716997, 'recall': 0.8811111111111111, 'f1-score': 0.84407469891388, 'support': 1800.0}, 'weighted avg': {'precision': 0.8256581430716998, 'recall': 0.8811111111111111, 'f1-score': 0.84407469891388, 'support': 1800.0}}","[[199   0   0   1   0   0   0   0   0]
 [  0 194   0   0   0   0   0   0   6]
 [  0   0 198   1   0   1   0   0   0]
 [  0   0   2 198   0   0   0   0   0]
 [  1   0   1   0 198   0   0   0   0]
 [  0   0   0   0   1 199   0   0   0]
 [  0   0   0   0   0   0   0 200   0]
 [  0   0   0   0   0   0   0 200   0]
 [  0   0   0   0   0   0   0   0 200]]",17.288007974624634,0.018988609313964844
32,N_BaIoT,2,None,QuantileTransformer,LGBM,0.4706293878735571,-1,-1,88.5679012345679,48.55555555555556,6.430555555555556,54.27098837510105,46.44538919076626,-1,"{'0Normal': {'precision': 0.9767441860465116, 'recall': 0.63, 'f1-score': 0.7659574468085107, 'support': 200.0}, 'ack': {'precision': 0.9130434782608695, 'recall': 0.63, 'f1-score': 0.7455621301775148, 'support': 200.0}, 'combo': {'precision': 0.532258064516129, 'recall': 0.33, 'f1-score': 0.40740740740740733, 'support': 200.0}, 'junk': {'precision': 0.0, 'recall': 0.0, 'f1-score': 0.0, 'support': 200.0}, 'scan': {'precision': 0.8426966292134831, 'recall': 0.375, 'f1-score': 0.5190311418685121, 'support': 200.0}, 'syn': {'precision': 0.2171945701357466, 'recall': 0.96, 'f1-score': 0.35424354243542433, 'support': 200.0}, 'tcp': {'precision': 0.0, 'recall': 0.0, 'f1-score': 0.0, 'support': 200.0}, 'udp': {'precision': 0.6785714285714286, 'recall': 0.475, 'f1-score': 0.5588235294117648, 'support': 200.0}, 'udpplain': {'precision': 0.7238805970149254, 'recall': 0.97, 'f1-score': 0.8290598290598291, 'support': 200.0}, 'accuracy': 0.4855555555555556, 'macro avg': {'precision': 0.5427098837510105, 'recall': 0.4855555555555556, 'f1-score': 0.46445389190766256, 'support': 1800.0}, 'weighted avg': {'precision': 0.5427098837510104, 'recall': 0.4855555555555556, 'f1-score': 0.46445389190766256, 'support': 1800.0}}","[[126   0   6   3   1  33   0   0  31]
 [  1 126   0  10   2   1   0  30  30]
 [  0   0  66   0   3 131   0   0   0]
 [  2   0  23   0   3 153   0  14   5]
 [  0   0  29   0  75  95   0   0   1]
 [  0   0   0   7   0 192   0   0   1]
 [  0   0   0   0   0 200   0   0   0]
 [  0  11   0   6   3  79   0  95   6]
 [  0   1   0   2   2   0   0   1 194]]",55.68080544471741,0.015186786651611328
33,N_BaIoT,2,None,QuantileTransformer,RF,0.98760082273041,-1,-1,99.75308641975309,98.88888888888889,0.1388888888888889,98.96425412997772,98.88717677417696,-1,"{'0Normal': {'precision': 1.0, 'recall': 0.995, 'f1-score': 0.9974937343358395, 'support': 200.0}, 'ack': {'precision': 1.0, 'recall': 1.0, 'f1-score': 1.0, 'support': 200.0}, 'combo': {'precision': 0.9950248756218906, 'recall': 1.0, 'f1-score': 0.9975062344139651, 'support': 200.0}, 'junk': {'precision': 0.9900990099009901, 'recall': 1.0, 'f1-score': 0.9950248756218906, 'support': 200.0}, 'scan': {'precision': 1.0, 'recall': 0.99, 'f1-score': 0.9949748743718593, 'support': 200.0}, 'syn': {'precision': 1.0, 'recall': 1.0, 'f1-score': 1.0, 'support': 200.0}, 'tcp': {'precision': 1.0, 'recall': 0.915, 'f1-score': 0.9556135770234987, 'support': 200.0}, 'udp': {'precision': 0.9216589861751152, 'recall': 1.0, 'f1-score': 0.9592326139088729, 'support': 200.0}, 'udpplain': {'precision': 1.0, 'recall': 1.0, 'f1-score': 1.0, 'support': 200.0}, 'accuracy': 0.9888888888888889, 'macro avg': {'precision': 0.9896425412997772, 'recall': 0.9888888888888889, 'f1-score': 0.9888717677417697, 'support': 1800.0}, 'weighted avg': {'precision': 0.9896425412997774, 'recall': 0.9888888888888889, 'f1-score': 0.9888717677417695, 'support': 1800.0}}","[[199   0   0   1   0   0   0   0   0]
 [  0 200   0   0   0   0   0   0   0]
 [  0   0 200   0   0   0   0   0   0]
 [  0   0   0 200   0   0   0   0   0]
 [  0   0   1   1 198   0   0   0   0]
 [  0   0   0   0   0 200   0   0   0]
 [  0   0   0   0   0   0 183  17   0]
 [  0   0   0   0   0   0   0 200   0]
 [  0   0   0   0   0   0   0   0 200]]",5.66317081451416,0.025952577590942383
34,N_BaIoT,2,None,QuantileTransformer,SGD,0.9072995159172313,-1,-1,98.12345679012346,91.55555555555556,1.0555555555555556,92.84485950695628,91.3762497949501,-1,"{'0Normal': {'precision': 1.0, 'recall': 0.99, 'f1-score': 0.9949748743718593, 'support': 200.0}, 'ack': {'precision': 0.9943820224719101, 'recall': 0.885, 'f1-score': 0.9365079365079365, 'support': 200.0}, 'combo': {'precision': 0.9900497512437811, 'recall': 0.995, 'f1-score': 0.9925187032418954, 'support': 200.0}, 'junk': {'precision': 0.9949748743718593, 'recall': 0.99, 'f1-score': 0.9924812030075189, 'support': 200.0}, 'scan': {'precision': 0.8024193548387096, 'recall': 0.995, 'f1-score': 0.8883928571428571, 'support': 200.0}, 'syn': {'precision': 1.0, 'recall': 0.785, 'f1-score': 0.8795518207282913, 'support': 200.0}, 'tcp': {'precision': 0.7194244604316546, 'recall': 1.0, 'f1-score': 0.8368200836820083, 'support': 200.0}, 'udp': {'precision': 0.8695652173913043, 'recall': 0.6, 'f1-score': 0.7100591715976331, 'support': 200.0}, 'udpplain': {'precision': 0.9852216748768473, 'recall': 1.0, 'f1-score': 0.9925558312655086, 'support': 200.0}, 'accuracy': 0.9155555555555556, 'macro avg': {'precision': 0.9284485950695629, 'recall': 0.9155555555555556, 'f1-score': 0.913762497949501, 'support': 1800.0}, 'weighted avg': {'precision': 0.928448595069563, 'recall': 0.9155555555555556, 'f1-score': 0.9137624979495009, 'support': 1800.0}}","[[198   0   0   0   1   0   0   0   1]
 [  0 177   0   0   4   0   0  18   1]
 [  0   0 199   1   0   0   0   0   0]
 [  0   0   1 198   0   0   0   0   1]
 [  0   0   1   0 199   0   0   0   0]
 [  0   0   0   0  43 157   0   0   0]
 [  0   0   0   0   0   0 200   0   0]
 [  0   1   0   0   1   0  78 120   0]
 [  0   0   0   0   0   0   0   0 200]]",4.2522337436676025,0.008941650390625
35,N_BaIoT,2,sigmoid,QuantileTransformer,HHHv2,0.2807650379754518,-1,-1,85.72839506172839,35.24037926054281,8.027777777777779,35.77777777777778,34.17390662700785,-1,"{'0Normal': {'precision': 0.105, 'recall': 0.18421052631578946, 'f1-score': 0.1337579617834395, 'support': 114.0}, 'ack': {'precision': 0.45, 'recall': 0.4072398190045249, 'f1-score': 0.42755344418052255, 'support': 221.0}, 'combo': {'precision': 0.115, 'recall': 0.17293233082706766, 'f1-score': 0.13813813813813816, 'support': 133.0}, 'junk': {'precision': 0.19, 'recall': 0.3486238532110092, 'f1-score': 0.24595469255663427, 'support': 109.0}, 'scan': {'precision': 0.385, 'recall': 0.5167785234899329, 'f1-score': 0.44126074498567336, 'support': 149.0}, 'syn': {'precision': 0.455, 'recall': 0.3855932203389831, 'f1-score': 0.41743119266055045, 'support': 236.0}, 'tcp': {'precision': 0.445, 'recall': 0.2507042253521127, 'f1-score': 0.3207207207207208, 'support': 355.0}, 'udp': {'precision': 0.705, 'recall': 0.43119266055045874, 'f1-score': 0.5351043643263758, 'support': 327.0}, 'udpplain': {'precision': 0.37, 'recall': 0.47435897435897434, 'f1-score': 0.41573033707865165, 'support': 156.0}, 'accuracy': 0.35777777777777775, 'macro avg': {'precision': 0.3577777777777778, 'recall': 0.3524037926054281, 'f1-score': 0.3417390662700785, 'support': 1800.0}, 'weighted avg': {'precision': 0.4213333333333334, 'recall': 0.35777777777777775, 'f1-score': 0.3738164892854771, 'support': 1800.0}}","[[ 21   7  23  24  13  11   0   7   8]
 [  8  90  29  35  27  10   0  15   7]
 [  0  11  23  27  14  26  20   7   5]
 [  2  18   9  38   5  18   0  11   8]
 [  7  16  16   2  77   6  14   7   4]
 [  2  18  26  14  18  91  59   7   1]
 [137   6  13   6  20   0  89   0  84]
 [  9  22  41  44  13  30  18 141   9]
 [ 14  12  20  10  13   8   0   5  74]]",139.21033000946045,0.48964834213256836
36,N_BaIoT,0,None,QuantileTransformer,KNN,0.7263209037903973,-1,-1,94.2962962962963,74.33333333333336,3.208333333333333,71.45887768709662,71.40931181057564,-1,"{'0Normal': {'precision': 0.9942857142857143, 'recall': 0.87, 'f1-score': 0.928, 'support': 200.0}, 'ack': {'precision': 0.8439306358381503, 'recall': 0.73, 'f1-score': 0.7828418230563002, 'support': 200.0}, 'combo': {'precision': 0.9021739130434783, 'recall': 0.83, 'f1-score': 0.8645833333333334, 'support': 200.0}, 'junk': {'precision': 0.8262910798122066, 'recall': 0.88, 'f1-score': 0.8523002421307507, 'support': 200.0}, 'scan': {'precision': 0.39490445859872614, 'recall': 0.93, 'f1-score': 0.5543964232488823, 'support': 200.0}, 'syn': {'precision': 0.8928571428571429, 'recall': 1.0, 'f1-score': 0.9433962264150945, 'support': 200.0}, 'tcp': {'precision': 0.0, 'recall': 0.0, 'f1-score': 0.0, 'support': 200.0}, 'udp': {'precision': 0.6821192052980133, 'recall': 0.515, 'f1-score': 0.586894586894587, 'support': 200.0}, 'udpplain': {'precision': 0.8947368421052632, 'recall': 0.935, 'f1-score': 0.9144254278728606, 'support': 200.0}, 'accuracy': 0.7433333333333333, 'macro avg': {'precision': 0.7145887768709661, 'recall': 0.7433333333333335, 'f1-score': 0.7140931181057565, 'support': 1800.0}, 'weighted avg': {'precision': 0.7145887768709661, 'recall': 0.7433333333333333, 'f1-score': 0.7140931181057565, 'support': 1800.0}}","[[174   0   0   8   7   1   0   5   5]
 [  0 146   0   0   0   0   0  39  15]
 [  0   0 166  28   0   5   0   0   1]
 [  1   0  18 176   0   5   0   0   0]
 [  0   0   0   1 186  13   0   0   0]
 [  0   0   0   0   0 200   0   0   0]
 [  0   0   0   0 200   0   0   0   0]
 [  0  18   0   0  78   0   0 103   1]
 [  0   9   0   0   0   0   0   4 187]]",0.0003750324249267578,0.003968238830566406
37,N_BaIoT,0,None,QuantileTransformer,LDA,0.7751583988686852,-1,-1,95.46913580246914,79.61111111111111,2.548611111111111,82.00034899567923,78.86005736944371,-1,"{'0Normal': {'precision': 0.994535519125683, 'recall': 0.91, 'f1-score': 0.9503916449086162, 'support': 200.0}, 'ack': {'precision': 0.6588235294117647, 'recall': 0.84, 'f1-score': 0.7384615384615384, 'support': 200.0}, 'combo': {'precision': 0.8387096774193549, 'recall': 0.91, 'f1-score': 0.8729016786570744, 'support': 200.0}, 'junk': {'precision': 0.8918918918918919, 'recall': 0.825, 'f1-score': 0.8571428571428571, 'support': 200.0}, 'scan': {'precision': 0.9811320754716981, 'recall': 0.52, 'f1-score': 0.6797385620915032, 'support': 200.0}, 'syn': {'precision': 0.6862068965517242, 'recall': 0.995, 'f1-score': 0.8122448979591838, 'support': 200.0}, 'tcp': {'precision': 0.7194244604316546, 'recall': 1.0, 'f1-score': 0.8368200836820083, 'support': 200.0}, 'udp': {'precision': 0.6742424242424242, 'recall': 0.445, 'f1-score': 0.5361445783132531, 'support': 200.0}, 'udpplain': {'precision': 0.935064935064935, 'recall': 0.72, 'f1-score': 0.8135593220338982, 'support': 200.0}, 'accuracy': 0.7961111111111111, 'macro avg': {'precision': 0.8200034899567923, 'recall': 0.7961111111111111, 'f1-score': 0.788600573694437, 'support': 1800.0}, 'weighted avg': {'precision': 0.8200034899567922, 'recall': 0.7961111111111111, 'f1-score': 0.7886005736944369, 'support': 1800.0}}","[[182   0   1   2   1   0   0   5   9]
 [  0 168   0   0   0   0   0  32   0]
 [  0   0 182  18   0   0   0   0   0]
 [  0   0  34 165   1   0   0   0   0]
 [  1   0   0   0 104  89   0   5   1]
 [  0   0   0   0   0 199   0   1   0]
 [  0   0   0   0   0   0 200   0   0]
 [  0  31   0   0   0   2  78  89   0]
 [  0  56   0   0   0   0   0   0 144]]",0.10572338104248047,0.0013813972473144531
38,N_BaIoT,0,None,QuantileTransformer,MLP,0.9210661331995721,-1,-1,98.4074074074074,92.83333333333333,0.8958333333333334,94.03123538751318,92.77941233614516,-1,"{'0Normal': {'precision': 0.9948717948717949, 'recall': 0.97, 'f1-score': 0.9822784810126582, 'support': 200.0}, 'ack': {'precision': 0.9719101123595506, 'recall': 0.865, 'f1-score': 0.9153439153439153, 'support': 200.0}, 'combo': {'precision': 0.9545454545454546, 'recall': 0.945, 'f1-score': 0.949748743718593, 'support': 200.0}, 'junk': {'precision': 0.9359605911330049, 'recall': 0.95, 'f1-score': 0.9429280397022333, 'support': 200.0}, 'scan': {'precision': 0.9753694581280788, 'recall': 0.99, 'f1-score': 0.9826302729528535, 'support': 200.0}, 'syn': {'precision': 1.0, 'recall': 0.995, 'f1-score': 0.9974937343358395, 'support': 200.0}, 'tcp': {'precision': 1.0, 'recall': 0.665, 'f1-score': 0.7987987987987988, 'support': 200.0}, 'udp': {'precision': 0.7169117647058824, 'recall': 0.975, 'f1-score': 0.826271186440678, 'support': 200.0}, 'udpplain': {'precision': 0.91324200913242, 'recall': 1.0, 'f1-score': 0.954653937947494, 'support': 200.0}, 'accuracy': 0.9283333333333333, 'macro avg': {'precision': 0.9403123538751318, 'recall': 0.9283333333333333, 'f1-score': 0.9277941233614515, 'support': 1800.0}, 'weighted avg': {'precision': 0.9403123538751318, 'recall': 0.9283333333333333, 'f1-score': 0.9277941233614514, 'support': 1800.0}}","[[194   0   0   0   5   0   0   0   1]
 [  0 173   0   0   0   0   0  10  17]
 [  0   0 189  11   0   0   0   0   0]
 [  0   0   9 190   0   0   0   0   1]
 [  1   0   0   1 198   0   0   0   0]
 [  0   0   0   1   0 199   0   0   0]
 [  0   0   0   0   0   0 133  67   0]
 [  0   5   0   0   0   0   0 195   0]
 [  0   0   0   0   0   0   0   0 200]]",0.41431522369384766,0.005141258239746094
39,N_BaIoT,0,None,QuantileTransformer,LGBM,0.9520142526478941,-1,-1,99.01234567901234,95.55555555555554,0.5555555555555556,96.7719356852826,95.38412668930086,-1,"{'0Normal': {'precision': 0.9950248756218906, 'recall': 1.0, 'f1-score': 0.9975062344139651, 'support': 200.0}, 'ack': {'precision': 1.0, 'recall': 1.0, 'f1-score': 1.0, 'support': 200.0}, 'combo': {'precision': 1.0, 'recall': 1.0, 'f1-score': 1.0, 'support': 200.0}, 'junk': {'precision': 0.9950248756218906, 'recall': 1.0, 'f1-score': 0.9975062344139651, 'support': 200.0}, 'scan': {'precision': 1.0, 'recall': 0.99, 'f1-score': 0.9949748743718593, 'support': 200.0}, 'syn': {'precision': 1.0, 'recall': 1.0, 'f1-score': 1.0, 'support': 200.0}, 'tcp': {'precision': 0.7194244604316546, 'recall': 1.0, 'f1-score': 0.8368200836820083, 'support': 200.0}, 'udp': {'precision': 1.0, 'recall': 0.61, 'f1-score': 0.7577639751552795, 'support': 200.0}, 'udpplain': {'precision': 1.0, 'recall': 1.0, 'f1-score': 1.0, 'support': 200.0}, 'accuracy': 0.9555555555555556, 'macro avg': {'precision': 0.9677193568528261, 'recall': 0.9555555555555555, 'f1-score': 0.9538412668930086, 'support': 1800.0}, 'weighted avg': {'precision': 0.9677193568528262, 'recall': 0.9555555555555556, 'f1-score': 0.9538412668930085, 'support': 1800.0}}","[[200   0   0   0   0   0   0   0   0]
 [  0 200   0   0   0   0   0   0   0]
 [  0   0 200   0   0   0   0   0   0]
 [  0   0   0 200   0   0   0   0   0]
 [  1   0   0   1 198   0   0   0   0]
 [  0   0   0   0   0 200   0   0   0]
 [  0   0   0   0   0   0 200   0   0]
 [  0   0   0   0   0   0  78 122   0]
 [  0   0   0   0   0   0   0   0 200]]",0.8868224620819092,0.012562036514282227
40,N_BaIoT,0,None,QuantileTransformer,RF,0.9968808843836986,-1,-1,99.93827160493827,99.72222222222223,0.034722222222222224,99.72685591649595,99.72219965055315,-1,"{'0Normal': {'precision': 1.0, 'recall': 1.0, 'f1-score': 1.0, 'support': 200.0}, 'ack': {'precision': 1.0, 'recall': 1.0, 'f1-score': 1.0, 'support': 200.0}, 'combo': {'precision': 1.0, 'recall': 1.0, 'f1-score': 1.0, 'support': 200.0}, 'junk': {'precision': 0.9950248756218906, 'recall': 1.0, 'f1-score': 0.9975062344139651, 'support': 200.0}, 'scan': {'precision': 1.0, 'recall': 0.995, 'f1-score': 0.9974937343358395, 'support': 200.0}, 'syn': {'precision': 1.0, 'recall': 1.0, 'f1-score': 1.0, 'support': 200.0}, 'tcp': {'precision': 0.9803921568627451, 'recall': 1.0, 'f1-score': 0.99009900990099, 'support': 200.0}, 'udp': {'precision': 1.0, 'recall': 0.98, 'f1-score': 0.98989898989899, 'support': 200.0}, 'udpplain': {'precision': 1.0, 'recall': 1.0, 'f1-score': 1.0, 'support': 200.0}, 'accuracy': 0.9972222222222222, 'macro avg': {'precision': 0.9972685591649595, 'recall': 0.9972222222222222, 'f1-score': 0.9972219965055316, 'support': 1800.0}, 'weighted avg': {'precision': 0.9972685591649596, 'recall': 0.9972222222222222, 'f1-score': 0.9972219965055317, 'support': 1800.0}}","[[200   0   0   0   0   0   0   0   0]
 [  0 200   0   0   0   0   0   0   0]
 [  0   0 200   0   0   0   0   0   0]
 [  0   0   0 200   0   0   0   0   0]
 [  0   0   0   1 199   0   0   0   0]
 [  0   0   0   0   0 200   0   0   0]
 [  0   0   0   0   0   0 200   0   0]
 [  0   0   0   0   0   0   4 196   0]
 [  0   0   0   0   0   0   0   0 200]]",0.13615012168884277,0.010533332824707031
41,N_BaIoT,0,None,QuantileTransformer,SGD,0.628314865625947,-1,-1,92.1604938271605,64.72222222222221,4.409722222222222,68.7070978169435,62.26330197933394,-1,"{'0Normal': {'precision': 0.9948186528497409, 'recall': 0.96, 'f1-score': 0.9770992366412213, 'support': 200.0}, 'ack': {'precision': 0.9838709677419355, 'recall': 0.305, 'f1-score': 0.46564885496183206, 'support': 200.0}, 'combo': {'precision': 0.907608695652174, 'recall': 0.835, 'f1-score': 0.8697916666666666, 'support': 200.0}, 'junk': {'precision': 0.3111111111111111, 'recall': 0.91, 'f1-score': 0.46369426751592363, 'support': 200.0}, 'scan': {'precision': 0.8355263157894737, 'recall': 0.635, 'f1-score': 0.7215909090909092, 'support': 200.0}, 'syn': {'precision': 1.0, 'recall': 0.785, 'f1-score': 0.8795518207282913, 'support': 200.0}, 'tcp': {'precision': 0.0, 'recall': 0.0, 'f1-score': 0.0, 'support': 200.0}, 'udp': {'precision': 0.5096774193548387, 'recall': 0.395, 'f1-score': 0.4450704225352113, 'support': 200.0}, 'udpplain': {'precision': 0.6410256410256411, 'recall': 1.0, 'f1-score': 0.7812500000000001, 'support': 200.0}, 'accuracy': 0.6472222222222223, 'macro avg': {'precision': 0.6870709781694351, 'recall': 0.6472222222222221, 'f1-score': 0.6226330197933394, 'support': 1800.0}, 'weighted avg': {'precision': 0.687070978169435, 'recall': 0.6472222222222223, 'f1-score': 0.6226330197933395, 'support': 1800.0}}","[[192   0   0   4   0   0   0   3   1]
 [  0  61   0   0   0   0   0  70  69]
 [  0   0 167  33   0   0   0   0   0]
 [  0   0  17 182   1   0   0   0   0]
 [  1   0   0  71 127   0   0   0   1]
 [  0   0   0  16  24 157   0   3   0]
 [  0   0   0 200   0   0   0   0   0]
 [  0   1   0  79   0   0   0  79  41]
 [  0   0   0   0   0   0   0   0 200]]",0.011414289474487305,0.0004565715789794922
42,N_BaIoT,0,None,QuantileTransformer,HHHv2,0.8237347930501944,-1,-1,96.48148148148148,84.19660969140543,1.9791666666666665,84.16666666666667,83.53730845333823,-1,"{'0Normal': {'precision': 0.92, 'recall': 0.9945945945945946, 'f1-score': 0.9558441558441559, 'support': 185.0}, 'ack': {'precision': 0.76, 'recall': 0.7794871794871795, 'f1-score': 0.769620253164557, 'support': 195.0}, 'combo': {'precision': 0.925, 'recall': 0.8222222222222222, 'f1-score': 0.8705882352941177, 'support': 225.0}, 'junk': {'precision': 0.8, 'recall': 0.898876404494382, 'f1-score': 0.8465608465608465, 'support': 178.0}, 'scan': {'precision': 0.855, 'recall': 0.9293478260869565, 'f1-score': 0.890625, 'support': 184.0}, 'syn': {'precision': 0.975, 'recall': 0.874439461883408, 'f1-score': 0.9219858156028369, 'support': 223.0}, 'tcp': {'precision': 1.0, 'recall': 0.7194244604316546, 'f1-score': 0.8368200836820083, 'support': 278.0}, 'udp': {'precision': 0.425, 'recall': 0.648854961832061, 'f1-score': 0.513595166163142, 'support': 131.0}, 'udpplain': {'precision': 0.915, 'recall': 0.9104477611940298, 'f1-score': 0.912718204488778, 'support': 201.0}, 'accuracy': 0.8416666666666667, 'macro avg': {'precision': 0.8416666666666667, 'recall': 0.8419660969140543, 'f1-score': 0.8353730845333823, 'support': 1800.0}, 'weighted avg': {'precision': 0.8673666666666666, 'recall': 0.8416666666666667, 'f1-score': 0.8479602487999508, 'support': 1800.0}}","[[184   0   0   0   1   0   0   0   0]
 [  0 152   0   0   0   0   0  26  17]
 [  1   0 185  39   0   0   0   0   0]
 [  3   0  15 160   0   0   0   0   0]
 [  0   0   0   1 171   1   0  11   0]
 [  1   0   0   0  27 195   0   0   0]
 [  0   0   0   0   0   0 200  78   0]
 [  6  36   0   0   0   4   0  85   0]
 [  5  12   0   0   1   0   0   0 183]]",0.1759798526763916,0.006141185760498047
43,N_BaIoT,0,None,QuantileTransformer,KNN,0.9689091429392384,-1,-1,99.38271604938271,97.22222222222221,0.3472222222222222,97.35986519369439,97.22654646514232,-1,"{'0Normal': {'precision': 0.9898477157360406, 'recall': 0.975, 'f1-score': 0.982367758186398, 'support': 200.0}, 'ack': {'precision': 0.9560975609756097, 'recall': 0.98, 'f1-score': 0.9679012345679012, 'support': 200.0}, 'combo': {'precision': 0.9899497487437185, 'recall': 0.985, 'f1-score': 0.9874686716791979, 'support': 200.0}, 'junk': {'precision': 0.9800995024875622, 'recall': 0.985, 'f1-score': 0.9825436408977556, 'support': 200.0}, 'scan': {'precision': 0.99, 'recall': 0.99, 'f1-score': 0.99, 'support': 200.0}, 'syn': {'precision': 0.9950248756218906, 'recall': 1.0, 'f1-score': 0.9975062344139651, 'support': 200.0}, 'tcp': {'precision': 1.0, 'recall': 0.88, 'f1-score': 0.9361702127659575, 'support': 200.0}, 'udp': {'precision': 0.8761467889908257, 'recall': 0.955, 'f1-score': 0.9138755980861244, 'support': 200.0}, 'udpplain': {'precision': 0.9852216748768473, 'recall': 1.0, 'f1-score': 0.9925558312655086, 'support': 200.0}, 'accuracy': 0.9722222222222222, 'macro avg': {'precision': 0.9735986519369438, 'recall': 0.9722222222222222, 'f1-score': 0.9722654646514233, 'support': 1800.0}, 'weighted avg': {'precision': 0.9735986519369438, 'recall': 0.9722222222222222, 'f1-score': 0.9722654646514232, 'support': 1800.0}}","[[195   0   0   3   2   0   0   0   0]
 [  0 196   0   0   0   0   0   3   1]
 [  0   0 197   1   0   1   0   0   1]
 [  1   0   2 197   0   0   0   0   0]
 [  1   0   0   0 198   0   0   0   1]
 [  0   0   0   0   0 200   0   0   0]
 [  0   0   0   0   0   0 176  24   0]
 [  0   9   0   0   0   0   0 191   0]
 [  0   0   0   0   0   0   0   0 200]]",0.0007328987121582031,0.017241716384887695
44,N_BaIoT,0,None,QuantileTransformer,LDA,0.8933870686836799,-1,-1,97.85185185185186,90.33333333333334,1.2083333333333333,90.67024526907558,89.70711725447562,-1,"{'0Normal': {'precision': 0.9949748743718593, 'recall': 0.99, 'f1-score': 0.9924812030075189, 'support': 200.0}, 'ack': {'precision': 0.84688995215311, 'recall': 0.885, 'f1-score': 0.8655256723716381, 'support': 200.0}, 'combo': {'precision': 0.9024390243902439, 'recall': 0.925, 'f1-score': 0.9135802469135802, 'support': 200.0}, 'junk': {'precision': 0.9470899470899471, 'recall': 0.895, 'f1-score': 0.9203084832904885, 'support': 200.0}, 'scan': {'precision': 0.9850746268656716, 'recall': 0.99, 'f1-score': 0.9875311720698254, 'support': 200.0}, 'syn': {'precision': 1.0, 'recall': 0.99, 'f1-score': 0.9949748743718593, 'support': 200.0}, 'tcp': {'precision': 0.7194244604316546, 'recall': 1.0, 'f1-score': 0.8368200836820083, 'support': 200.0}, 'udp': {'precision': 0.7982456140350878, 'recall': 0.455, 'f1-score': 0.5796178343949046, 'support': 200.0}, 'udpplain': {'precision': 0.966183574879227, 'recall': 1.0, 'f1-score': 0.9828009828009828, 'support': 200.0}, 'accuracy': 0.9033333333333333, 'macro avg': {'precision': 0.9067024526907558, 'recall': 0.9033333333333334, 'f1-score': 0.8970711725447562, 'support': 1800.0}, 'weighted avg': {'precision': 0.9067024526907559, 'recall': 0.9033333333333333, 'f1-score': 0.8970711725447562, 'support': 1800.0}}","[[198   1   0   0   1   0   0   0   0]
 [  0 177   0   0   0   0   0  23   0]
 [  0   0 185  10   0   0   0   0   5]
 [  0   0  20 179   0   0   0   0   1]
 [  1   0   0   0 198   0   0   0   1]
 [  0   0   0   0   2 198   0   0   0]
 [  0   0   0   0   0   0 200   0   0]
 [  0  31   0   0   0   0  78  91   0]
 [  0   0   0   0   0   0   0   0 200]]",0.02000117301940918,0.0004436969757080078
45,N_BaIoT,0,None,QuantileTransformer,MLP,0.9501104299826154,-1,-1,98.97530864197532,95.3888888888889,0.5763888888888888,96.57103487806202,95.21909957877142,-1,"{'0Normal': {'precision': 0.9900990099009901, 'recall': 1.0, 'f1-score': 0.9950248756218906, 'support': 200.0}, 'ack': {'precision': 1.0, 'recall': 1.0, 'f1-score': 1.0, 'support': 200.0}, 'combo': {'precision': 1.0, 'recall': 1.0, 'f1-score': 1.0, 'support': 200.0}, 'junk': {'precision': 1.0, 'recall': 0.995, 'f1-score': 0.9974937343358395, 'support': 200.0}, 'scan': {'precision': 0.9949748743718593, 'recall': 0.99, 'f1-score': 0.9924812030075189, 'support': 200.0}, 'syn': {'precision': 1.0, 'recall': 0.99, 'f1-score': 0.9949748743718593, 'support': 200.0}, 'tcp': {'precision': 0.7194244604316546, 'recall': 1.0, 'f1-score': 0.8368200836820083, 'support': 200.0}, 'udp': {'precision': 0.991869918699187, 'recall': 0.61, 'f1-score': 0.7554179566563467, 'support': 200.0}, 'udpplain': {'precision': 0.9950248756218906, 'recall': 1.0, 'f1-score': 0.9975062344139651, 'support': 200.0}, 'accuracy': 0.9538888888888889, 'macro avg': {'precision': 0.9657103487806202, 'recall': 0.953888888888889, 'f1-score': 0.9521909957877143, 'support': 1800.0}, 'weighted avg': {'precision': 0.9657103487806201, 'recall': 0.9538888888888889, 'f1-score': 0.9521909957877144, 'support': 1800.0}}","[[200   0   0   0   0   0   0   0   0]
 [  0 200   0   0   0   0   0   0   0]
 [  0   0 200   0   0   0   0   0   0]
 [  0   0   0 199   0   0   0   0   1]
 [  2   0   0   0 198   0   0   0   0]
 [  0   0   0   0   1 198   0   1   0]
 [  0   0   0   0   0   0 200   0   0]
 [  0   0   0   0   0   0  78 122   0]
 [  0   0   0   0   0   0   0   0 200]]",1.5510728359222412,0.000911712646484375
46,N_BaIoT,0,None,QuantileTransformer,LGBM,0.8840560597229481,-1,-1,97.46913580246913,88.61111111111111,1.4236111111111112,83.22277501381978,84.99039020724756,-1,"{'0Normal': {'precision': 1.0, 'recall': 0.99, 'f1-score': 0.9949748743718593, 'support': 200.0}, 'ack': {'precision': 1.0, 'recall': 1.0, 'f1-score': 1.0, 'support': 200.0}, 'combo': {'precision': 1.0, 'recall': 1.0, 'f1-score': 1.0, 'support': 200.0}, 'junk': {'precision': 1.0, 'recall': 1.0, 'f1-score': 1.0, 'support': 200.0}, 'scan': {'precision': 0.9900497512437811, 'recall': 0.995, 'f1-score': 0.9925187032418954, 'support': 200.0}, 'syn': {'precision': 1.0, 'recall': 0.99, 'f1-score': 0.9949748743718593, 'support': 200.0}, 'tcp': {'precision': 0.0, 'recall': 0.0, 'f1-score': 0.0, 'support': 200.0}, 'udp': {'precision': 0.5, 'recall': 1.0, 'f1-score': 0.6666666666666666, 'support': 200.0}, 'udpplain': {'precision': 1.0, 'recall': 1.0, 'f1-score': 1.0, 'support': 200.0}, 'accuracy': 0.8861111111111111, 'macro avg': {'precision': 0.8322277501381978, 'recall': 0.8861111111111111, 'f1-score': 0.8499039020724756, 'support': 1800.0}, 'weighted avg': {'precision': 0.8322277501381979, 'recall': 0.8861111111111111, 'f1-score': 0.8499039020724756, 'support': 1800.0}}","[[198   0   0   0   0   0   2   0   0]
 [  0 200   0   0   0   0   0   0   0]
 [  0   0 200   0   0   0   0   0   0]
 [  0   0   0 200   0   0   0   0   0]
 [  0   0   0   0 199   0   1   0   0]
 [  0   0   0   0   2 198   0   0   0]
 [  0   0   0   0   0   0   0 200   0]
 [  0   0   0   0   0   0   0 200   0]
 [  0   0   0   0   0   0   0   0 200]]",1.7594265937805176,0.015015602111816406
47,N_BaIoT,0,None,QuantileTransformer,RF,0.9993753470053891,-1,-1,99.98765432098764,99.94444444444446,0.006944444444444444,99.94472084024324,99.94444409722007,-1,"{'0Normal': {'precision': 1.0, 'recall': 1.0, 'f1-score': 1.0, 'support': 200.0}, 'ack': {'precision': 1.0, 'recall': 1.0, 'f1-score': 1.0, 'support': 200.0}, 'combo': {'precision': 1.0, 'recall': 1.0, 'f1-score': 1.0, 'support': 200.0}, 'junk': {'precision': 0.9950248756218906, 'recall': 1.0, 'f1-score': 0.9975062344139651, 'support': 200.0}, 'scan': {'precision': 1.0, 'recall': 0.995, 'f1-score': 0.9974937343358395, 'support': 200.0}, 'syn': {'precision': 1.0, 'recall': 1.0, 'f1-score': 1.0, 'support': 200.0}, 'tcp': {'precision': 1.0, 'recall': 1.0, 'f1-score': 1.0, 'support': 200.0}, 'udp': {'precision': 1.0, 'recall': 1.0, 'f1-score': 1.0, 'support': 200.0}, 'udpplain': {'precision': 1.0, 'recall': 1.0, 'f1-score': 1.0, 'support': 200.0}, 'accuracy': 0.9994444444444445, 'macro avg': {'precision': 0.9994472084024323, 'recall': 0.9994444444444446, 'f1-score': 0.9994444409722006, 'support': 1800.0}, 'weighted avg': {'precision': 0.9994472084024324, 'recall': 0.9994444444444445, 'f1-score': 0.9994444409722005, 'support': 1800.0}}","[[200   0   0   0   0   0   0   0   0]
 [  0 200   0   0   0   0   0   0   0]
 [  0   0 200   0   0   0   0   0   0]
 [  0   0   0 200   0   0   0   0   0]
 [  0   0   0   1 199   0   0   0   0]
 [  0   0   0   0   0 200   0   0   0]
 [  0   0   0   0   0   0 200   0   0]
 [  0   0   0   0   0   0   0 200   0]
 [  0   0   0   0   0   0   0   0 200]]",0.9307396411895752,0.011422872543334961
48,N_BaIoT,0,None,QuantileTransformer,SGD,0.8055448438038244,-1,-1,95.85185185185185,81.33333333333333,2.3333333333333335,79.04044828844339,78.57521207479752,-1,"{'0Normal': {'precision': 0.9900497512437811, 'recall': 0.995, 'f1-score': 0.9925187032418954, 'support': 200.0}, 'ack': {'precision': 0.9949748743718593, 'recall': 0.99, 'f1-score': 0.9924812030075189, 'support': 200.0}, 'combo': {'precision': 0.9049773755656109, 'recall': 1.0, 'f1-score': 0.9501187648456058, 'support': 200.0}, 'junk': {'precision': 1.0, 'recall': 0.88, 'f1-score': 0.9361702127659575, 'support': 200.0}, 'scan': {'precision': 0.38, 'recall': 0.855, 'f1-score': 0.5261538461538462, 'support': 200.0}, 'syn': {'precision': 0.8728070175438597, 'recall': 0.995, 'f1-score': 0.9299065420560748, 'support': 200.0}, 'tcp': {'precision': 0.0, 'recall': 0.0, 'f1-score': 0.0, 'support': 200.0}, 'udp': {'precision': 0.9758064516129032, 'recall': 0.605, 'f1-score': 0.7469135802469136, 'support': 200.0}, 'udpplain': {'precision': 0.9950248756218906, 'recall': 1.0, 'f1-score': 0.9975062344139651, 'support': 200.0}, 'accuracy': 0.8133333333333334, 'macro avg': {'precision': 0.7904044828844339, 'recall': 0.8133333333333334, 'f1-score': 0.7857521207479752, 'support': 1800.0}, 'weighted avg': {'precision': 0.7904044828844339, 'recall': 0.8133333333333334, 'f1-score': 0.7857521207479753, 'support': 1800.0}}","[[199   0   0   0   1   0   0   0   0]
 [  0 198   0   0   0   1   0   1   0]
 [  0   0 200   0   0   0   0   0   0]
 [  1   0  21 176   0   1   0   1   0]
 [  1   0   0   0 171  27   0   0   1]
 [  0   0   0   0   0 199   0   1   0]
 [  0   0   0   0 200   0   0   0   0]
 [  0   1   0   0  78   0   0 121   0]
 [  0   0   0   0   0   0   0   0 200]]",0.17757058143615723,0.0006964206695556641
49,N_BaIoT,0,rbf,QuantileTransformer,HHHv2,0.9875500645709145,-1,-1,99.75308641975309,98.92722348559394,0.1388888888888889,98.88888888888889,98.88815870431684,-1,"{'0Normal': {'precision': 0.995, 'recall': 0.9851485148514851, 'f1-score': 0.9900497512437811, 'support': 202.0}, 'ack': {'precision': 1.0, 'recall': 0.9950248756218906, 'f1-score': 0.9975062344139651, 'support': 201.0}, 'combo': {'precision': 0.995, 'recall': 1.0, 'f1-score': 0.9974937343358395, 'support': 199.0}, 'junk': {'precision': 0.995, 'recall': 0.9900497512437811, 'f1-score': 0.9925187032418954, 'support': 201.0}, 'scan': {'precision': 0.98, 'recall': 1.0, 'f1-score': 0.98989898989899, 'support': 196.0}, 'syn': {'precision': 1.0, 'recall': 0.9900990099009901, 'f1-score': 0.9950248756218906, 'support': 202.0}, 'tcp': {'precision': 0.94, 'recall': 1.0, 'f1-score': 0.9690721649484536, 'support': 188.0}, 'udp': {'precision': 0.995, 'recall': 0.943127962085308, 'f1-score': 0.9683698296836982, 'support': 211.0}, 'udpplain': {'precision': 1.0, 'recall': 1.0, 'f1-score': 1.0, 'support': 200.0}, 'accuracy': 0.9888888888888889, 'macro avg': {'precision': 0.9888888888888889, 'recall': 0.9892722348559394, 'f1-score': 0.9888815870431683, 'support': 1800.0}, 'weighted avg': {'precision': 0.9892972222222222, 'recall': 0.9888888888888889, 'f1-score': 0.9888961907346097, 'support': 1800.0}}","[[199   0   0   1   2   0   0   0   0]
 [  0 200   0   0   0   0   0   1   0]
 [  0   0 199   0   0   0   0   0   0]
 [  1   0   1 199   0   0   0   0   0]
 [  0   0   0   0 196   0   0   0   0]
 [  0   0   0   0   2 200   0   0   0]
 [  0   0   0   0   0   0 188   0   0]
 [  0   0   0   0   0   0  12 199   0]
 [  0   0   0   0   0   0   0   0 200]]",190.48079466819763,0.0816502571105957
50,N_BaIoT,0,None,QuantileTransformer,KNN,0.9707392708273804,-1,-1,99.41975308641975,97.38888888888889,0.3263888888888889,97.49505008657157,97.39590466881008,-1,"{'0Normal': {'precision': 0.985, 'recall': 0.985, 'f1-score': 0.985, 'support': 200.0}, 'ack': {'precision': 0.9607843137254902, 'recall': 0.98, 'f1-score': 0.9702970297029702, 'support': 200.0}, 'combo': {'precision': 0.9948186528497409, 'recall': 0.96, 'f1-score': 0.9770992366412213, 'support': 200.0}, 'junk': {'precision': 0.9658536585365853, 'recall': 0.99, 'f1-score': 0.9777777777777777, 'support': 200.0}, 'scan': {'precision': 0.99, 'recall': 0.99, 'f1-score': 0.99, 'support': 200.0}, 'syn': {'precision': 0.9950248756218906, 'recall': 1.0, 'f1-score': 0.9975062344139651, 'support': 200.0}, 'tcp': {'precision': 1.0, 'recall': 0.905, 'f1-score': 0.9501312335958005, 'support': 200.0}, 'udp': {'precision': 0.8930232558139535, 'recall': 0.96, 'f1-score': 0.925301204819277, 'support': 200.0}, 'udpplain': {'precision': 0.9900497512437811, 'recall': 0.995, 'f1-score': 0.9925187032418954, 'support': 200.0}, 'accuracy': 0.9738888888888889, 'macro avg': {'precision': 0.9749505008657157, 'recall': 0.9738888888888888, 'f1-score': 0.9739590466881007, 'support': 1800.0}, 'weighted avg': {'precision': 0.9749505008657157, 'recall': 0.9738888888888889, 'f1-score': 0.9739590466881007, 'support': 1800.0}}","[[197   0   0   1   2   0   0   0   0]
 [  0 196   0   0   0   0   0   3   1]
 [  0   0 192   6   0   1   0   0   1]
 [  1   0   1 198   0   0   0   0   0]
 [  2   0   0   0 198   0   0   0   0]
 [  0   0   0   0   0 200   0   0   0]
 [  0   0   0   0   0   0 181  19   0]
 [  0   8   0   0   0   0   0 192   0]
 [  0   0   0   0   0   0   0   1 199]]",0.0007407665252685547,0.019156217575073242
51,N_BaIoT,0,None,QuantileTransformer,LDA,0.8872288815887167,-1,-1,97.72839506172839,89.77777777777777,1.277777777777778,90.34282468493134,89.23279680483459,-1,"{'0Normal': {'precision': 0.9949494949494949, 'recall': 0.985, 'f1-score': 0.9899497487437187, 'support': 200.0}, 'ack': {'precision': 0.7963800904977375, 'recall': 0.88, 'f1-score': 0.836104513064133, 'support': 200.0}, 'combo': {'precision': 0.8853211009174312, 'recall': 0.965, 'f1-score': 0.923444976076555, 'support': 200.0}, 'junk': {'precision': 0.9776536312849162, 'recall': 0.875, 'f1-score': 0.9234828496042217, 'support': 200.0}, 'scan': {'precision': 0.9850746268656716, 'recall': 0.99, 'f1-score': 0.9875311720698254, 'support': 200.0}, 'syn': {'precision': 1.0, 'recall': 0.995, 'f1-score': 0.9974937343358395, 'support': 200.0}, 'tcp': {'precision': 0.7194244604316546, 'recall': 1.0, 'f1-score': 0.8368200836820083, 'support': 200.0}, 'udp': {'precision': 0.7931034482758621, 'recall': 0.46, 'f1-score': 0.5822784810126583, 'support': 200.0}, 'udpplain': {'precision': 0.9789473684210527, 'recall': 0.93, 'f1-score': 0.9538461538461539, 'support': 200.0}, 'accuracy': 0.8977777777777778, 'macro avg': {'precision': 0.9034282468493134, 'recall': 0.8977777777777778, 'f1-score': 0.8923279680483459, 'support': 1800.0}, 'weighted avg': {'precision': 0.9034282468493134, 'recall': 0.8977777777777778, 'f1-score': 0.8923279680483459, 'support': 1800.0}}","[[197   1   0   0   2   0   0   0   0]
 [  0 176   0   0   0   0   0  24   0]
 [  0   0 193   4   0   0   0   0   3]
 [  0   0  25 175   0   0   0   0   0]
 [  1   0   0   0 198   0   0   0   1]
 [  0   0   0   0   1 199   0   0   0]
 [  0   0   0   0   0   0 200   0   0]
 [  0  30   0   0   0   0  78  92   0]
 [  0  14   0   0   0   0   0   0 186]]",0.01850271224975586,0.00045037269592285156
52,N_BaIoT,0,None,QuantileTransformer,MLP,0.8849416135146279,-1,-1,97.48148148148148,88.66666666666667,1.4166666666666665,83.1541889192207,84.97834286006129,-1,"{'0Normal': {'precision': 0.9900990099009901, 'recall': 1.0, 'f1-score': 0.9950248756218906, 'support': 200.0}, 'ack': {'precision': 1.0, 'recall': 1.0, 'f1-score': 1.0, 'support': 200.0}, 'combo': {'precision': 1.0, 'recall': 1.0, 'f1-score': 1.0, 'support': 200.0}, 'junk': {'precision': 1.0, 'recall': 0.995, 'f1-score': 0.9974937343358395, 'support': 200.0}, 'scan': {'precision': 1.0, 'recall': 0.99, 'f1-score': 0.9949748743718593, 'support': 200.0}, 'syn': {'precision': 1.0, 'recall': 0.995, 'f1-score': 0.9974937343358395, 'support': 200.0}, 'tcp': {'precision': 0.0, 'recall': 0.0, 'f1-score': 0.0, 'support': 200.0}, 'udp': {'precision': 0.49875311720698257, 'recall': 1.0, 'f1-score': 0.6655574043261232, 'support': 200.0}, 'udpplain': {'precision': 0.9950248756218906, 'recall': 1.0, 'f1-score': 0.9975062344139651, 'support': 200.0}, 'accuracy': 0.8866666666666667, 'macro avg': {'precision': 0.8315418891922071, 'recall': 0.8866666666666667, 'f1-score': 0.849783428600613, 'support': 1800.0}, 'weighted avg': {'precision': 0.8315418891922072, 'recall': 0.8866666666666667, 'f1-score': 0.849783428600613, 'support': 1800.0}}","[[200   0   0   0   0   0   0   0   0]
 [  0 200   0   0   0   0   0   0   0]
 [  0   0 200   0   0   0   0   0   0]
 [  0   0   0 199   0   0   0   0   1]
 [  2   0   0   0 198   0   0   0   0]
 [  0   0   0   0   0 199   0   1   0]
 [  0   0   0   0   0   0   0 200   0]
 [  0   0   0   0   0   0   0 200   0]
 [  0   0   0   0   0   0   0   0 200]]",1.2747771739959717,0.0009169578552246094
53,N_BaIoT,0,None,QuantileTransformer,LGBM,0.58905534805396,-1,-1,91.41975308641975,61.38888888888888,4.826388888888889,64.19092311442373,59.42380967560711,-1,"{'0Normal': {'precision': 0.9558011049723757, 'recall': 0.865, 'f1-score': 0.9081364829396326, 'support': 200.0}, 'ack': {'precision': 0.72, 'recall': 0.72, 'f1-score': 0.72, 'support': 200.0}, 'combo': {'precision': 0.7474747474747475, 'recall': 0.37, 'f1-score': 0.49498327759197325, 'support': 200.0}, 'junk': {'precision': 0.5802919708029197, 'recall': 0.795, 'f1-score': 0.6708860759493671, 'support': 200.0}, 'scan': {'precision': 0.33, 'recall': 0.99, 'f1-score': 0.49499999999999994, 'support': 200.0}, 'syn': {'precision': 0.9722222222222222, 'recall': 0.7, 'f1-score': 0.813953488372093, 'support': 200.0}, 'tcp': {'precision': 0.0, 'recall': 0.0, 'f1-score': 0.0, 'support': 200.0}, 'udp': {'precision': 0.5833333333333334, 'recall': 0.49, 'f1-score': 0.532608695652174, 'support': 200.0}, 'udpplain': {'precision': 0.8880597014925373, 'recall': 0.595, 'f1-score': 0.7125748502994012, 'support': 200.0}, 'accuracy': 0.6138888888888889, 'macro avg': {'precision': 0.6419092311442373, 'recall': 0.6138888888888888, 'f1-score': 0.5942380967560711, 'support': 1800.0}, 'weighted avg': {'precision': 0.6419092311442374, 'recall': 0.6138888888888889, 'f1-score': 0.5942380967560712, 'support': 1800.0}}","[[173   1   0   0  24   1   0   1   0]
 [  0 144   1   0  22   0   0  33   0]
 [  5   0  74 113   3   2   0   3   0]
 [  1   0   9 159  16   1   0  14   0]
 [  1   0   1   0 198   0   0   0   0]
 [  0   2   8   0  35 140   0   7   8]
 [  0   0   0   0 200   0   0   0   0]
 [  0   4   6   2  83   0   0  98   7]
 [  1  49   0   0  19   0   0  12 119]]",1.4506571292877197,0.012763023376464844
54,N_BaIoT,0,None,QuantileTransformer,RF,0.9993753470053891,-1,-1,99.98765432098764,99.94444444444446,0.006944444444444444,99.94472084024324,99.94444409722007,-1,"{'0Normal': {'precision': 1.0, 'recall': 1.0, 'f1-score': 1.0, 'support': 200.0}, 'ack': {'precision': 1.0, 'recall': 1.0, 'f1-score': 1.0, 'support': 200.0}, 'combo': {'precision': 1.0, 'recall': 1.0, 'f1-score': 1.0, 'support': 200.0}, 'junk': {'precision': 0.9950248756218906, 'recall': 1.0, 'f1-score': 0.9975062344139651, 'support': 200.0}, 'scan': {'precision': 1.0, 'recall': 0.995, 'f1-score': 0.9974937343358395, 'support': 200.0}, 'syn': {'precision': 1.0, 'recall': 1.0, 'f1-score': 1.0, 'support': 200.0}, 'tcp': {'precision': 1.0, 'recall': 1.0, 'f1-score': 1.0, 'support': 200.0}, 'udp': {'precision': 1.0, 'recall': 1.0, 'f1-score': 1.0, 'support': 200.0}, 'udpplain': {'precision': 1.0, 'recall': 1.0, 'f1-score': 1.0, 'support': 200.0}, 'accuracy': 0.9994444444444445, 'macro avg': {'precision': 0.9994472084024323, 'recall': 0.9994444444444446, 'f1-score': 0.9994444409722006, 'support': 1800.0}, 'weighted avg': {'precision': 0.9994472084024324, 'recall': 0.9994444444444445, 'f1-score': 0.9994444409722005, 'support': 1800.0}}","[[200   0   0   0   0   0   0   0   0]
 [  0 200   0   0   0   0   0   0   0]
 [  0   0 200   0   0   0   0   0   0]
 [  0   0   0 200   0   0   0   0   0]
 [  0   0   0   1 199   0   0   0   0]
 [  0   0   0   0   0 200   0   0   0]
 [  0   0   0   0   0   0 200   0   0]
 [  0   0   0   0   0   0   0 200   0]
 [  0   0   0   0   0   0   0   0 200]]",0.8861691951751709,0.011319875717163086
55,N_BaIoT,0,None,QuantileTransformer,SGD,0.8081712311955251,-1,-1,95.86419753086419,81.38888888888887,2.326388888888889,79.00606263867549,78.45583560186678,-1,"{'0Normal': {'precision': 0.9900497512437811, 'recall': 0.995, 'f1-score': 0.9925187032418954, 'support': 200.0}, 'ack': {'precision': 1.0, 'recall': 0.78, 'f1-score': 0.8764044943820225, 'support': 200.0}, 'combo': {'precision': 0.985, 'recall': 0.985, 'f1-score': 0.985, 'support': 200.0}, 'junk': {'precision': 0.98, 'recall': 0.98, 'f1-score': 0.98, 'support': 200.0}, 'scan': {'precision': 0.4133611691022965, 'recall': 0.99, 'f1-score': 0.5832106038291606, 'support': 200.0}, 'syn': {'precision': 0.9519230769230769, 'recall': 0.99, 'f1-score': 0.9705882352941176, 'support': 200.0}, 'tcp': {'precision': 0.0, 'recall': 0.0, 'f1-score': 0.0, 'support': 200.0}, 'udp': {'precision': 0.8642857142857143, 'recall': 0.605, 'f1-score': 0.711764705882353, 'support': 200.0}, 'udpplain': {'precision': 0.9259259259259259, 'recall': 1.0, 'f1-score': 0.9615384615384615, 'support': 200.0}, 'accuracy': 0.8138888888888889, 'macro avg': {'precision': 0.7900606263867549, 'recall': 0.8138888888888888, 'f1-score': 0.7845583560186679, 'support': 1800.0}, 'weighted avg': {'precision': 0.790060626386755, 'recall': 0.8138888888888889, 'f1-score': 0.7845583560186679, 'support': 1800.0}}","[[199   0   0   0   1   0   0   0   0]
 [  0 156   0   0   0  10   0  19  15]
 [  0   0 197   3   0   0   0   0   0]
 [  1   0   3 196   0   0   0   0   0]
 [  1   0   0   0 198   0   0   0   1]
 [  0   0   0   0   2 198   0   0   0]
 [  0   0   0   0 200   0   0   0   0]
 [  0   0   0   1  78   0   0 121   0]
 [  0   0   0   0   0   0   0   0 200]]",0.15958380699157715,0.0007138252258300781
56,N_BaIoT,0,poly,QuantileTransformer,HHHv2,0.968275296059415,-1,-1,99.37037037037038,97.24297639203624,0.35416666666666663,97.16666666666666,97.14329100421853,-1,"{'0Normal': {'precision': 0.88, 'recall': 0.9887640449438202, 'f1-score': 0.9312169312169312, 'support': 178.0}, 'ack': {'precision': 0.99, 'recall': 0.9753694581280788, 'f1-score': 0.9826302729528535, 'support': 203.0}, 'combo': {'precision': 0.995, 'recall': 0.995, 'f1-score': 0.995, 'support': 200.0}, 'junk': {'precision': 0.995, 'recall': 0.9851485148514851, 'f1-score': 0.9900497512437811, 'support': 202.0}, 'scan': {'precision': 0.975, 'recall': 0.9798994974874372, 'f1-score': 0.9774436090225564, 'support': 199.0}, 'syn': {'precision': 0.99, 'recall': 0.9473684210526315, 'f1-score': 0.9682151589242053, 'support': 209.0}, 'tcp': {'precision': 0.94, 'recall': 0.9842931937172775, 'f1-score': 0.9616368286445013, 'support': 191.0}, 'udp': {'precision': 0.995, 'recall': 0.9255813953488372, 'f1-score': 0.9590361445783133, 'support': 215.0}, 'udpplain': {'precision': 0.985, 'recall': 0.9704433497536946, 'f1-score': 0.977667493796526, 'support': 203.0}, 'accuracy': 0.9716666666666667, 'macro avg': {'precision': 0.9716666666666666, 'recall': 0.9724297639203624, 'f1-score': 0.9714329100421852, 'support': 1800.0}, 'weighted avg': {'precision': 0.9733083333333333, 'recall': 0.9716666666666667, 'f1-score': 0.9719004232911479, 'support': 1800.0}}","[[176   0   0   1   1   0   0   0   0]
 [  4 198   0   0   1   0   0   0   0]
 [  0   0 199   0   1   0   0   0   0]
 [  3   0   0 199   0   0   0   0   0]
 [  2   0   0   0 195   1   0   0   1]
 [  7   1   0   0   1 198   0   0   2]
 [  1   0   0   0   1   1 188   0   0]
 [  3   0   1   0   0   0  12 199   0]
 [  4   1   0   0   0   0   0   1 197]]",190.79659008979797,0.12282109260559082
57,N_BaIoT,0,None,QuantileTransformer,KNN,0.841482373102804,-1,-1,96.8395061728395,85.77777777777777,1.7777777777777777,85.94209383563907,85.38568598741548,-1,"{'0Normal': {'precision': 0.9943181818181818, 'recall': 0.875, 'f1-score': 0.9308510638297873, 'support': 200.0}, 'ack': {'precision': 0.8393782383419689, 'recall': 0.81, 'f1-score': 0.8244274809160306, 'support': 200.0}, 'combo': {'precision': 0.9166666666666666, 'recall': 0.825, 'f1-score': 0.8684210526315789, 'support': 200.0}, 'junk': {'precision': 0.8302752293577982, 'recall': 0.905, 'f1-score': 0.8660287081339714, 'support': 200.0}, 'scan': {'precision': 0.9611650485436893, 'recall': 0.99, 'f1-score': 0.9753694581280788, 'support': 200.0}, 'syn': {'precision': 0.9519230769230769, 'recall': 0.99, 'f1-score': 0.9705882352941176, 'support': 200.0}, 'tcp': {'precision': 0.7168458781362007, 'recall': 1.0, 'f1-score': 0.8350730688935282, 'support': 200.0}, 'udp': {'precision': 0.5986842105263158, 'recall': 0.455, 'f1-score': 0.5170454545454546, 'support': 200.0}, 'udpplain': {'precision': 0.925531914893617, 'recall': 0.87, 'f1-score': 0.8969072164948454, 'support': 200.0}, 'accuracy': 0.8577777777777778, 'macro avg': {'precision': 0.8594209383563907, 'recall': 0.8577777777777778, 'f1-score': 0.8538568598741548, 'support': 1800.0}, 'weighted avg': {'precision': 0.8594209383563906, 'recall': 0.8577777777777778, 'f1-score': 0.8538568598741547, 'support': 1800.0}}","[[175   0   0   6   7   2   0   4   6]
 [  0 162   0   0   0   0   0  31   7]
 [  0   0 165  29   0   5   0   0   1]
 [  1   0  15 181   0   3   0   0   0]
 [  0   0   0   1 198   0   1   0   0]
 [  0   0   0   1   1 198   0   0   0]
 [  0   0   0   0   0   0 200   0   0]
 [  0  31   0   0   0   0  78  91   0]
 [  0   0   0   0   0   0   0  26 174]]",0.0003566741943359375,0.004430532455444336
58,N_BaIoT,0,None,QuantileTransformer,LDA,0.7757352685505772,-1,-1,95.49382716049382,79.7222222222222,2.5347222222222223,82.0461737899605,79.08352398225982,-1,"{'0Normal': {'precision': 0.9947368421052631, 'recall': 0.945, 'f1-score': 0.9692307692307691, 'support': 200.0}, 'ack': {'precision': 0.6746987951807228, 'recall': 0.84, 'f1-score': 0.7483296213808462, 'support': 200.0}, 'combo': {'precision': 0.8356807511737089, 'recall': 0.89, 'f1-score': 0.8619854721549637, 'support': 200.0}, 'junk': {'precision': 0.8823529411764706, 'recall': 0.825, 'f1-score': 0.8527131782945736, 'support': 200.0}, 'scan': {'precision': 0.9803921568627451, 'recall': 0.5, 'f1-score': 0.662251655629139, 'support': 200.0}, 'syn': {'precision': 0.718978102189781, 'recall': 0.985, 'f1-score': 0.8312236286919832, 'support': 200.0}, 'tcp': {'precision': 0.7194244604316546, 'recall': 1.0, 'f1-score': 0.8368200836820083, 'support': 200.0}, 'udp': {'precision': 0.6060606060606061, 'recall': 0.5, 'f1-score': 0.5479452054794521, 'support': 200.0}, 'udpplain': {'precision': 0.971830985915493, 'recall': 0.69, 'f1-score': 0.8070175438596492, 'support': 200.0}, 'accuracy': 0.7972222222222223, 'macro avg': {'precision': 0.8204617378996051, 'recall': 0.797222222222222, 'f1-score': 0.7908352398225982, 'support': 1800.0}, 'weighted avg': {'precision': 0.8204617378996051, 'recall': 0.7972222222222223, 'f1-score': 0.7908352398225983, 'support': 1800.0}}","[[189   1   1   0   2   0   0   5   2]
 [  0 168   0   0   0   0   0  32   0]
 [  0   0 178  22   0   0   0   0   0]
 [  1   0  34 165   0   0   0   0   0]
 [  0   0   0   0 100  73   0  25   2]
 [  0   0   0   0   0 197   0   3   0]
 [  0   0   0   0   0   0 200   0   0]
 [  0  18   0   0   0   4  78 100   0]
 [  0  62   0   0   0   0   0   0 138]]",0.004438638687133789,0.0003077983856201172
59,N_BaIoT,0,None,QuantileTransformer,MLP,0.9309401424240942,-1,-1,98.61728395061729,93.77777777777777,0.7777777777777778,94.17766260283697,93.5836613183196,-1,"{'0Normal': {'precision': 0.9896373056994818, 'recall': 0.955, 'f1-score': 0.9720101781170483, 'support': 200.0}, 'ack': {'precision': 0.8944954128440367, 'recall': 0.975, 'f1-score': 0.9330143540669856, 'support': 200.0}, 'combo': {'precision': 0.9619565217391305, 'recall': 0.885, 'f1-score': 0.921875, 'support': 200.0}, 'junk': {'precision': 0.8930232558139535, 'recall': 0.96, 'f1-score': 0.925301204819277, 'support': 200.0}, 'scan': {'precision': 0.9658536585365853, 'recall': 0.99, 'f1-score': 0.9777777777777777, 'support': 200.0}, 'syn': {'precision': 1.0, 'recall': 0.995, 'f1-score': 0.9974937343358395, 'support': 200.0}, 'tcp': {'precision': 0.8298755186721992, 'recall': 1.0, 'f1-score': 0.9070294784580498, 'support': 200.0}, 'udp': {'precision': 0.951048951048951, 'recall': 0.68, 'f1-score': 0.7930029154518952, 'support': 200.0}, 'udpplain': {'precision': 0.9900990099009901, 'recall': 1.0, 'f1-score': 0.9950248756218906, 'support': 200.0}, 'accuracy': 0.9377777777777778, 'macro avg': {'precision': 0.9417766260283698, 'recall': 0.9377777777777777, 'f1-score': 0.935836613183196, 'support': 1800.0}, 'weighted avg': {'precision': 0.9417766260283698, 'recall': 0.9377777777777778, 'f1-score': 0.935836613183196, 'support': 1800.0}}","[[191   0   0   0   6   0   0   3   0]
 [  0 195   0   0   0   0   0   4   1]
 [  0   0 177  23   0   0   0   0   0]
 [  0   0   7 192   0   0   0   0   1]
 [  2   0   0   0 198   0   0   0   0]
 [  0   0   0   0   1 199   0   0   0]
 [  0   0   0   0   0   0 200   0   0]
 [  0  23   0   0   0   0  41 136   0]
 [  0   0   0   0   0   0   0   0 200]]",0.2809762954711914,0.000850677490234375
60,N_BaIoT,0,None,QuantileTransformer,LGBM,0.9975017317753432,-1,-1,99.95061728395062,99.77777777777779,0.027777777777777776,99.77859311635974,99.77749547906016,-1,"{'0Normal': {'precision': 0.9900990099009901, 'recall': 1.0, 'f1-score': 0.9950248756218906, 'support': 200.0}, 'ack': {'precision': 1.0, 'recall': 1.0, 'f1-score': 1.0, 'support': 200.0}, 'combo': {'precision': 1.0, 'recall': 1.0, 'f1-score': 1.0, 'support': 200.0}, 'junk': {'precision': 0.9950248756218906, 'recall': 1.0, 'f1-score': 0.9975062344139651, 'support': 200.0}, 'scan': {'precision': 0.9949494949494949, 'recall': 0.985, 'f1-score': 0.9899497487437187, 'support': 200.0}, 'syn': {'precision': 1.0, 'recall': 0.995, 'f1-score': 0.9974937343358395, 'support': 200.0}, 'tcp': {'precision': 1.0, 'recall': 1.0, 'f1-score': 1.0, 'support': 200.0}, 'udp': {'precision': 1.0, 'recall': 1.0, 'f1-score': 1.0, 'support': 200.0}, 'udpplain': {'precision': 1.0, 'recall': 1.0, 'f1-score': 1.0, 'support': 200.0}, 'accuracy': 0.9977777777777778, 'macro avg': {'precision': 0.9977859311635974, 'recall': 0.9977777777777779, 'f1-score': 0.9977749547906016, 'support': 1800.0}, 'weighted avg': {'precision': 0.9977859311635973, 'recall': 0.9977777777777778, 'f1-score': 0.9977749547906016, 'support': 1800.0}}","[[200   0   0   0   0   0   0   0   0]
 [  0 200   0   0   0   0   0   0   0]
 [  0   0 200   0   0   0   0   0   0]
 [  0   0   0 200   0   0   0   0   0]
 [  2   0   0   1 197   0   0   0   0]
 [  0   0   0   0   1 199   0   0   0]
 [  0   0   0   0   0   0 200   0   0]
 [  0   0   0   0   0   0   0 200   0]
 [  0   0   0   0   0   0   0   0 200]]",0.8909165859222412,0.0149688720703125
61,N_BaIoT,0,None,QuantileTransformer,RF,0.9975013854195529,-1,-1,99.95061728395062,99.77777777777779,0.027777777777777776,99.77887510994157,99.7777753523895,-1,"{'0Normal': {'precision': 0.9950248756218906, 'recall': 1.0, 'f1-score': 0.9975062344139651, 'support': 200.0}, 'ack': {'precision': 1.0, 'recall': 1.0, 'f1-score': 1.0, 'support': 200.0}, 'combo': {'precision': 1.0, 'recall': 0.995, 'f1-score': 0.9974937343358395, 'support': 200.0}, 'junk': {'precision': 0.9900990099009901, 'recall': 1.0, 'f1-score': 0.9950248756218906, 'support': 200.0}, 'scan': {'precision': 0.9949748743718593, 'recall': 0.99, 'f1-score': 0.9924812030075189, 'support': 200.0}, 'syn': {'precision': 1.0, 'recall': 0.995, 'f1-score': 0.9974937343358395, 'support': 200.0}, 'tcp': {'precision': 1.0, 'recall': 1.0, 'f1-score': 1.0, 'support': 200.0}, 'udp': {'precision': 1.0, 'recall': 1.0, 'f1-score': 1.0, 'support': 200.0}, 'udpplain': {'precision': 1.0, 'recall': 1.0, 'f1-score': 1.0, 'support': 200.0}, 'accuracy': 0.9977777777777778, 'macro avg': {'precision': 0.9977887510994157, 'recall': 0.9977777777777779, 'f1-score': 0.997777753523895, 'support': 1800.0}, 'weighted avg': {'precision': 0.9977887510994156, 'recall': 0.9977777777777778, 'f1-score': 0.9977777535238948, 'support': 1800.0}}","[[200   0   0   0   0   0   0   0   0]
 [  0 200   0   0   0   0   0   0   0]
 [  0   0 199   1   0   0   0   0   0]
 [  0   0   0 200   0   0   0   0   0]
 [  1   0   0   1 198   0   0   0   0]
 [  0   0   0   0   1 199   0   0   0]
 [  0   0   0   0   0   0 200   0   0]
 [  0   0   0   0   0   0   0 200   0]
 [  0   0   0   0   0   0   0   0 200]]",0.14009523391723633,0.010901212692260742
62,N_BaIoT,0,None,QuantileTransformer,SGD,0.5445495697985498,-1,-1,90.4074074074074,56.833333333333336,5.395833333333333,69.35291727908042,52.50642216631607,-1,"{'0Normal': {'precision': 0.9946236559139785, 'recall': 0.925, 'f1-score': 0.9585492227979274, 'support': 200.0}, 'ack': {'precision': 1.0, 'recall': 0.005, 'f1-score': 0.009950248756218907, 'support': 200.0}, 'combo': {'precision': 0.9571428571428572, 'recall': 0.67, 'f1-score': 0.7882352941176471, 'support': 200.0}, 'junk': {'precision': 0.32059800664451826, 'recall': 0.965, 'f1-score': 0.4812967581047381, 'support': 200.0}, 'scan': {'precision': 0.6853146853146853, 'recall': 0.98, 'f1-score': 0.8065843621399176, 'support': 200.0}, 'syn': {'precision': 0.9850746268656716, 'recall': 0.33, 'f1-score': 0.4943820224719101, 'support': 200.0}, 'tcp': {'precision': 0.0, 'recall': 0.0, 'f1-score': 0.0, 'support': 200.0}, 'udp': {'precision': 0.30670103092783507, 'recall': 0.595, 'f1-score': 0.40476190476190477, 'support': 200.0}, 'udpplain': {'precision': 0.9923076923076923, 'recall': 0.645, 'f1-score': 0.7818181818181819, 'support': 200.0}, 'accuracy': 0.5683333333333334, 'macro avg': {'precision': 0.6935291727908042, 'recall': 0.5683333333333334, 'f1-score': 0.5250642216631607, 'support': 1800.0}, 'weighted avg': {'precision': 0.6935291727908043, 'recall': 0.5683333333333334, 'f1-score': 0.5250642216631607, 'support': 1800.0}}","[[185   0   0   3   6   0   0   6   0]
 [  0   1   0   0   6   0   0 193   0]
 [  0   0 134  66   0   0   0   0   0]
 [  1   0   6 193   0   0   0   0   0]
 [  0   0   0   0 196   0   0   3   1]
 [  0   0   0  37  72  66   0  25   0]
 [  0   0   0 200   0   0   0   0   0]
 [  0   0   0  74   6   1   0 119   0]
 [  0   0   0  29   0   0   0  42 129]]",0.01211690902709961,0.0005877017974853516
63,N_BaIoT,0,linear,QuantileTransformer,HHHv2,0.7683631894579791,-1,-1,95.32098765432099,81.41049737320614,2.631944444444444,78.94444444444446,78.02344166851924,-1,"{'0Normal': {'precision': 0.935, 'recall': 0.9946808510638298, 'f1-score': 0.9639175257731958, 'support': 188.0}, 'ack': {'precision': 0.83, 'recall': 0.6916666666666667, 'f1-score': 0.7545454545454545, 'support': 240.0}, 'combo': {'precision': 0.92, 'recall': 0.7931034482758621, 'f1-score': 0.851851851851852, 'support': 232.0}, 'junk': {'precision': 0.77, 'recall': 0.8953488372093024, 'f1-score': 0.8279569892473118, 'support': 172.0}, 'scan': {'precision': 0.5, 'recall': 0.9345794392523364, 'f1-score': 0.6514657980456026, 'support': 107.0}, 'syn': {'precision': 0.995, 'recall': 0.6419354838709678, 'f1-score': 0.7803921568627451, 'support': 310.0}, 'tcp': {'precision': 1.0, 'recall': 0.7194244604316546, 'f1-score': 0.8368200836820083, 'support': 278.0}, 'udp': {'precision': 0.41, 'recall': 0.6949152542372882, 'f1-score': 0.5157232704402516, 'support': 118.0}, 'udpplain': {'precision': 0.745, 'recall': 0.9612903225806452, 'f1-score': 0.83943661971831, 'support': 155.0}, 'accuracy': 0.7894444444444444, 'macro avg': {'precision': 0.7894444444444445, 'recall': 0.8141049737320614, 'f1-score': 0.7802344166851923, 'support': 1800.0}, 'weighted avg': {'precision': 0.8470361111111111, 'recall': 0.7894444444444444, 'f1-score': 0.7986544722036963, 'support': 1800.0}}","[[187   0   0   1   0   0   0   0   0]
 [  0 166   0   0   0   0   0  25  49]
 [  4   0 184  44   0   0   0   0   0]
 [  1   0  16 154   0   1   0   0   0]
 [  3   0   0   0 100   0   0   4   0]
 [  1   1   0   1  97 199   0  11   0]
 [  0   0   0   0   0   0 200  78   0]
 [  1  32   0   0   1   0   0  82   2]
 [  3   1   0   0   2   0   0   0 149]]",0.2099301815032959,0.00847315788269043
64,N_BaIoT,0,None,QuantileTransformer,KNN,0.8671865721021543,-1,-1,97.14814814814815,87.16666666666666,1.6041666666666665,81.5354565005626,83.51551358596991,-1,"{'0Normal': {'precision': 0.9897435897435898, 'recall': 0.965, 'f1-score': 0.9772151898734178, 'support': 200.0}, 'ack': {'precision': 0.943127962085308, 'recall': 0.995, 'f1-score': 0.9683698296836982, 'support': 200.0}, 'combo': {'precision': 0.9847715736040609, 'recall': 0.97, 'f1-score': 0.9773299748110831, 'support': 200.0}, 'junk': {'precision': 0.9656862745098039, 'recall': 0.985, 'f1-score': 0.9752475247524752, 'support': 200.0}, 'scan': {'precision': 0.9949748743718593, 'recall': 0.99, 'f1-score': 0.9924812030075189, 'support': 200.0}, 'syn': {'precision': 0.9852216748768473, 'recall': 1.0, 'f1-score': 0.9925558312655086, 'support': 200.0}, 'tcp': {'precision': 0.0, 'recall': 0.0, 'f1-score': 0.0, 'support': 200.0}, 'udp': {'precision': 0.4846153846153846, 'recall': 0.945, 'f1-score': 0.6406779661016949, 'support': 200.0}, 'udpplain': {'precision': 0.9900497512437811, 'recall': 0.995, 'f1-score': 0.9925187032418954, 'support': 200.0}, 'accuracy': 0.8716666666666667, 'macro avg': {'precision': 0.815354565005626, 'recall': 0.8716666666666666, 'f1-score': 0.8351551358596991, 'support': 1800.0}, 'weighted avg': {'precision': 0.8153545650056261, 'recall': 0.8716666666666667, 'f1-score': 0.8351551358596992, 'support': 1800.0}}","[[193   0   0   3   1   2   0   1   0]
 [  0 199   0   0   0   0   0   0   1]
 [  0   0 194   4   0   1   0   0   1]
 [  1   0   2 197   0   0   0   0   0]
 [  1   0   1   0 198   0   0   0   0]
 [  0   0   0   0   0 200   0   0   0]
 [  0   0   0   0   0   0   0 200   0]
 [  0  11   0   0   0   0   0 189   0]
 [  0   1   0   0   0   0   0   0 199]]",0.0007147789001464844,0.01717233657836914
65,N_BaIoT,0,None,QuantileTransformer,LDA,0.8040071929174674,-1,-1,96.0246913580247,82.11111111111111,2.2361111111111107,84.96793759670945,81.24214982079589,-1,"{'0Normal': {'precision': 0.9898477157360406, 'recall': 0.975, 'f1-score': 0.982367758186398, 'support': 200.0}, 'ack': {'precision': 0.7584745762711864, 'recall': 0.895, 'f1-score': 0.8211009174311926, 'support': 200.0}, 'combo': {'precision': 0.9487179487179487, 'recall': 0.74, 'f1-score': 0.8314606741573033, 'support': 200.0}, 'junk': {'precision': 0.7925311203319502, 'recall': 0.955, 'f1-score': 0.8662131519274375, 'support': 200.0}, 'scan': {'precision': 0.9900990099009901, 'recall': 0.5, 'f1-score': 0.6644518272425249, 'support': 200.0}, 'syn': {'precision': 0.6711409395973155, 'recall': 1.0, 'f1-score': 0.8032128514056226, 'support': 200.0}, 'tcp': {'precision': 0.7194244604316546, 'recall': 1.0, 'f1-score': 0.8368200836820083, 'support': 200.0}, 'udp': {'precision': 0.8, 'recall': 0.48, 'f1-score': 0.6, 'support': 200.0}, 'udpplain': {'precision': 0.976878612716763, 'recall': 0.845, 'f1-score': 0.906166219839142, 'support': 200.0}, 'accuracy': 0.8211111111111111, 'macro avg': {'precision': 0.8496793759670944, 'recall': 0.8211111111111111, 'f1-score': 0.8124214982079588, 'support': 1800.0}, 'weighted avg': {'precision': 0.8496793759670944, 'recall': 0.8211111111111111, 'f1-score': 0.8124214982079588, 'support': 1800.0}}","[[195   0   0   0   1   0   0   3   1]
 [  0 179   0   0   0   0   0  21   0]
 [  0   0 148  50   0   0   0   0   2]
 [  1   0   8 191   0   0   0   0   0]
 [  1   0   0   0 100  98   0   0   1]
 [  0   0   0   0   0 200   0   0   0]
 [  0   0   0   0   0   0 200   0   0]
 [  0  26   0   0   0   0  78  96   0]
 [  0  31   0   0   0   0   0   0 169]]",0.016589879989624023,0.0004444122314453125
66,N_BaIoT,0,None,QuantileTransformer,MLP,0.9943874299205615,-1,-1,99.8888888888889,99.5,0.0625,99.51108524367388,99.50063222342378,-1,"{'0Normal': {'precision': 0.9900990099009901, 'recall': 1.0, 'f1-score': 0.9950248756218906, 'support': 200.0}, 'ack': {'precision': 1.0, 'recall': 1.0, 'f1-score': 1.0, 'support': 200.0}, 'combo': {'precision': 1.0, 'recall': 1.0, 'f1-score': 1.0, 'support': 200.0}, 'junk': {'precision': 1.0, 'recall': 0.995, 'f1-score': 0.9974937343358395, 'support': 200.0}, 'scan': {'precision': 1.0, 'recall': 0.99, 'f1-score': 0.9949748743718593, 'support': 200.0}, 'syn': {'precision': 1.0, 'recall': 0.995, 'f1-score': 0.9974937343358395, 'support': 200.0}, 'tcp': {'precision': 1.0, 'recall': 0.975, 'f1-score': 0.9873417721518987, 'support': 200.0}, 'udp': {'precision': 0.970873786407767, 'recall': 1.0, 'f1-score': 0.9852216748768473, 'support': 200.0}, 'udpplain': {'precision': 0.9950248756218906, 'recall': 1.0, 'f1-score': 0.9975062344139651, 'support': 200.0}, 'accuracy': 0.995, 'macro avg': {'precision': 0.9951108524367387, 'recall': 0.995, 'f1-score': 0.9950063222342378, 'support': 1800.0}, 'weighted avg': {'precision': 0.9951108524367386, 'recall': 0.995, 'f1-score': 0.9950063222342379, 'support': 1800.0}}","[[200   0   0   0   0   0   0   0   0]
 [  0 200   0   0   0   0   0   0   0]
 [  0   0 200   0   0   0   0   0   0]
 [  0   0   0 199   0   0   0   0   1]
 [  2   0   0   0 198   0   0   0   0]
 [  0   0   0   0   0 199   0   1   0]
 [  0   0   0   0   0   0 195   5   0]
 [  0   0   0   0   0   0   0 200   0]
 [  0   0   0   0   0   0   0   0 200]]",1.7059578895568848,0.0008947849273681641
67,N_BaIoT,0,None,QuantileTransformer,LGBM,0.6412007739312998,-1,-1,92.53086419753086,66.38888888888889,4.201388888888889,66.04266541796514,63.78913347767221,-1,"{'0Normal': {'precision': 0.8666666666666667, 'recall': 0.975, 'f1-score': 0.9176470588235294, 'support': 200.0}, 'ack': {'precision': 0.8652482269503546, 'recall': 0.61, 'f1-score': 0.7155425219941348, 'support': 200.0}, 'combo': {'precision': 0.9179487179487179, 'recall': 0.895, 'f1-score': 0.9063291139240507, 'support': 200.0}, 'junk': {'precision': 0.8837209302325582, 'recall': 0.95, 'f1-score': 0.9156626506024096, 'support': 200.0}, 'scan': {'precision': 0.852112676056338, 'recall': 0.605, 'f1-score': 0.7076023391812866, 'support': 200.0}, 'syn': {'precision': 0.30783582089552236, 'recall': 0.825, 'f1-score': 0.4483695652173913, 'support': 200.0}, 'tcp': {'precision': 0.0, 'recall': 0.0, 'f1-score': 0.0, 'support': 200.0}, 'udp': {'precision': 0.5643564356435643, 'recall': 0.285, 'f1-score': 0.37873754152823913, 'support': 200.0}, 'udpplain': {'precision': 0.6859504132231405, 'recall': 0.83, 'f1-score': 0.751131221719457, 'support': 200.0}, 'accuracy': 0.6638888888888889, 'macro avg': {'precision': 0.6604266541796514, 'recall': 0.6638888888888889, 'f1-score': 0.6378913347767221, 'support': 1800.0}, 'weighted avg': {'precision': 0.6604266541796514, 'recall': 0.6638888888888889, 'f1-score': 0.6378913347767222, 'support': 1800.0}}","[[195   0   0   0   0   0   0   0   5]
 [  1 122   0   1   3   4   0  28  41]
 [  3   0 179   8   0   7   3   0   0]
 [  0   2   8 190   0   0   0   0   0]
 [  1   3   0   0 121  75   0   0   0]
 [  7   4   0   4  17 165   0   3   0]
 [  0   0   0   0   0 200   0   0   0]
 [  6   7   8   6   1  85   0  57  30]
 [ 12   3   0   6   0   0   0  13 166]]",1.381744384765625,0.00980067253112793
68,N_BaIoT,0,None,QuantileTransformer,RF,0.9882252001348615,-1,-1,99.76543209876543,98.94444444444446,0.13194444444444445,99.01898597132107,98.94259482369068,-1,"{'0Normal': {'precision': 0.9950248756218906, 'recall': 1.0, 'f1-score': 0.9975062344139651, 'support': 200.0}, 'ack': {'precision': 1.0, 'recall': 1.0, 'f1-score': 1.0, 'support': 200.0}, 'combo': {'precision': 1.0, 'recall': 1.0, 'f1-score': 1.0, 'support': 200.0}, 'junk': {'precision': 0.9950248756218906, 'recall': 1.0, 'f1-score': 0.9975062344139651, 'support': 200.0}, 'scan': {'precision': 1.0, 'recall': 0.99, 'f1-score': 0.9949748743718593, 'support': 200.0}, 'syn': {'precision': 1.0, 'recall': 1.0, 'f1-score': 1.0, 'support': 200.0}, 'tcp': {'precision': 1.0, 'recall': 0.915, 'f1-score': 0.9556135770234987, 'support': 200.0}, 'udp': {'precision': 0.9216589861751152, 'recall': 1.0, 'f1-score': 0.9592326139088729, 'support': 200.0}, 'udpplain': {'precision': 1.0, 'recall': 1.0, 'f1-score': 1.0, 'support': 200.0}, 'accuracy': 0.9894444444444445, 'macro avg': {'precision': 0.9901898597132107, 'recall': 0.9894444444444446, 'f1-score': 0.9894259482369068, 'support': 1800.0}, 'weighted avg': {'precision': 0.9901898597132107, 'recall': 0.9894444444444445, 'f1-score': 0.9894259482369067, 'support': 1800.0}}","[[200   0   0   0   0   0   0   0   0]
 [  0 200   0   0   0   0   0   0   0]
 [  0   0 200   0   0   0   0   0   0]
 [  0   0   0 200   0   0   0   0   0]
 [  1   0   0   1 198   0   0   0   0]
 [  0   0   0   0   0 200   0   0   0]
 [  0   0   0   0   0   0 183  17   0]
 [  0   0   0   0   0   0   0 200   0]
 [  0   0   0   0   0   0   0   0 200]]",0.8287131786346436,0.011047840118408203
69,N_BaIoT,0,None,QuantileTransformer,SGD,0.791829189197817,-1,-1,95.5925925925926,80.16666666666666,2.4791666666666665,76.59764532126513,75.39493343607955,-1,"{'0Normal': {'precision': 0.9754901960784313, 'recall': 0.995, 'f1-score': 0.9851485148514851, 'support': 200.0}, 'ack': {'precision': 0.8166666666666667, 'recall': 0.98, 'f1-score': 0.890909090909091, 'support': 200.0}, 'combo': {'precision': 0.9753694581280788, 'recall': 0.99, 'f1-score': 0.9826302729528535, 'support': 200.0}, 'junk': {'precision': 0.9563106796116505, 'recall': 0.985, 'f1-score': 0.9704433497536945, 'support': 200.0}, 'scan': {'precision': 0.4792176039119804, 'recall': 0.98, 'f1-score': 0.6436781609195402, 'support': 200.0}, 'syn': {'precision': 0.9896907216494846, 'recall': 0.96, 'f1-score': 0.9746192893401014, 'support': 200.0}, 'tcp': {'precision': 0.0, 'recall': 0.0, 'f1-score': 0.0, 'support': 200.0}, 'udp': {'precision': 0.9857142857142858, 'recall': 0.345, 'f1-score': 0.5111111111111111, 'support': 200.0}, 'udpplain': {'precision': 0.7153284671532847, 'recall': 0.98, 'f1-score': 0.8270042194092827, 'support': 200.0}, 'accuracy': 0.8016666666666666, 'macro avg': {'precision': 0.7659764532126514, 'recall': 0.8016666666666666, 'f1-score': 0.7539493343607955, 'support': 1800.0}, 'weighted avg': {'precision': 0.7659764532126514, 'recall': 0.8016666666666666, 'f1-score': 0.7539493343607956, 'support': 1800.0}}","[[199   0   0   0   1   0   0   0   0]
 [  0 196   0   0   0   0   0   0   4]
 [  0   0 198   2   0   0   0   0   0]
 [  1   0   2 197   0   0   0   0   0]
 [  1   0   0   0 196   2   0   0   1]
 [  0   0   0   0   6 192   0   1   1]
 [  0   0   0   0 128   0   0   0  72]
 [  0  44   3   6  78   0   0  69   0]
 [  3   0   0   1   0   0   0   0 196]]",0.12182021141052246,0.0005574226379394531
70,N_BaIoT,0,sigmoid,QuantileTransformer,HHHv2,0.5887128231133816,-1,-1,91.82716049382717,63.50623589476422,4.597222222222222,63.22222222222222,62.20340841053438,-1,"{'0Normal': {'precision': 0.37, 'recall': 0.5826771653543307, 'f1-score': 0.4525993883792049, 'support': 127.0}, 'ack': {'precision': 0.605, 'recall': 0.5426008968609866, 'f1-score': 0.5721040189125296, 'support': 223.0}, 'combo': {'precision': 0.55, 'recall': 0.7432432432432432, 'f1-score': 0.632183908045977, 'support': 148.0}, 'junk': {'precision': 0.8, 'recall': 0.6584362139917695, 'f1-score': 0.7223476297968399, 'support': 243.0}, 'scan': {'precision': 0.735, 'recall': 0.7386934673366834, 'f1-score': 0.7368421052631577, 'support': 199.0}, 'syn': {'precision': 0.905, 'recall': 0.6581818181818182, 'f1-score': 0.7621052631578947, 'support': 275.0}, 'tcp': {'precision': 0.425, 'recall': 0.4166666666666667, 'f1-score': 0.42079207920792083, 'support': 204.0}, 'udp': {'precision': 0.85, 'recall': 0.6719367588932806, 'f1-score': 0.750551876379691, 'support': 253.0}, 'udpplain': {'precision': 0.45, 'recall': 0.703125, 'f1-score': 0.5487804878048781, 'support': 128.0}, 'accuracy': 0.6322222222222222, 'macro avg': {'precision': 0.6322222222222222, 'recall': 0.6350623589476422, 'f1-score': 0.6220340841053438, 'support': 1800.0}, 'weighted avg': {'precision': 0.6734416666666666, 'recall': 0.6322222222222222, 'f1-score': 0.6424103603391007, 'support': 1800.0}}","[[ 74   2   4   2  10   0   0   0  35]
 [  3 121  14  11   8   7  46  11   2]
 [  4   9 110   3   2   4   0   6  10]
 [ 11   8  16 160   8   0  36   2   2]
 [ 16   8   8   2 147   1   0   1  16]
 [  3  27  16  10   7 181  14   4  13]
 [ 80   1   3   0   8   0  85   0  27]
 [  4  20  16  10   4   5  19 170   5]
 [  5   4  13   2   6   2   0   6  90]]",136.54321098327637,0.0717167854309082
71,N_BaIoT,-1,None,QuantileTransformer,KNN,0.9837766443115967,-1,-1,99.67901234567901,98.55555555555556,0.18055555555555555,98.57439968442007,98.55435293951231,-1,"{'0Normal': {'precision': 0.9897959183673469, 'recall': 0.97, 'f1-score': 0.9797979797979798, 'support': 200.0}, 'ack': {'precision': 0.961352657004831, 'recall': 0.995, 'f1-score': 0.977886977886978, 'support': 200.0}, 'combo': {'precision': 0.9897959183673469, 'recall': 0.97, 'f1-score': 0.9797979797979798, 'support': 200.0}, 'junk': {'precision': 0.9656862745098039, 'recall': 0.985, 'f1-score': 0.9752475247524752, 'support': 200.0}, 'scan': {'precision': 0.99, 'recall': 0.99, 'f1-score': 0.99, 'support': 200.0}, 'syn': {'precision': 0.9950248756218906, 'recall': 1.0, 'f1-score': 0.9975062344139651, 'support': 200.0}, 'tcp': {'precision': 1.0, 'recall': 1.0, 'f1-score': 1.0, 'support': 200.0}, 'udp': {'precision': 0.9948186528497409, 'recall': 0.96, 'f1-score': 0.9770992366412213, 'support': 200.0}, 'udpplain': {'precision': 0.9852216748768473, 'recall': 1.0, 'f1-score': 0.9925558312655086, 'support': 200.0}, 'accuracy': 0.9855555555555555, 'macro avg': {'precision': 0.9857439968442008, 'recall': 0.9855555555555556, 'f1-score': 0.9855435293951231, 'support': 1800.0}, 'weighted avg': {'precision': 0.9857439968442009, 'recall': 0.9855555555555555, 'f1-score': 0.985543529395123, 'support': 1800.0}}","[[194   0   0   3   2   0   0   1   0]
 [  0 199   0   0   0   0   0   0   1]
 [  0   0 194   4   0   1   0   0   1]
 [  1   0   2 197   0   0   0   0   0]
 [  1   0   0   0 198   0   0   0   1]
 [  0   0   0   0   0 200   0   0   0]
 [  0   0   0   0   0   0 200   0   0]
 [  0   8   0   0   0   0   0 192   0]
 [  0   0   0   0   0   0   0   0 200]]",0.0007405281066894531,0.023188352584838867
72,N_BaIoT,-1,None,QuantileTransformer,LDA,0.883482619824731,-1,-1,97.61728395061728,89.27777777777777,1.3402777777777777,90.39217258871619,87.82150355519241,-1,"{'0Normal': {'precision': 0.9949748743718593, 'recall': 0.99, 'f1-score': 0.9924812030075189, 'support': 200.0}, 'ack': {'precision': 0.8065843621399177, 'recall': 0.98, 'f1-score': 0.8848758465011287, 'support': 200.0}, 'combo': {'precision': 0.8546255506607929, 'recall': 0.97, 'f1-score': 0.9086651053864169, 'support': 200.0}, 'junk': {'precision': 0.9940476190476191, 'recall': 0.835, 'f1-score': 0.9076086956521738, 'support': 200.0}, 'scan': {'precision': 0.919431279620853, 'recall': 0.97, 'f1-score': 0.9440389294403893, 'support': 200.0}, 'syn': {'precision': 0.9900497512437811, 'recall': 0.995, 'f1-score': 0.9925187032418954, 'support': 200.0}, 'tcp': {'precision': 0.7194244604316546, 'recall': 1.0, 'f1-score': 0.8368200836820083, 'support': 200.0}, 'udp': {'precision': 0.8857142857142857, 'recall': 0.31, 'f1-score': 0.45925925925925926, 'support': 200.0}, 'udpplain': {'precision': 0.9704433497536946, 'recall': 0.985, 'f1-score': 0.977667493796526, 'support': 200.0}, 'accuracy': 0.8927777777777778, 'macro avg': {'precision': 0.9039217258871619, 'recall': 0.8927777777777778, 'f1-score': 0.878215035551924, 'support': 1800.0}, 'weighted avg': {'precision': 0.9039217258871619, 'recall': 0.8927777777777778, 'f1-score': 0.8782150355519239, 'support': 1800.0}}","[[198   1   0   0   0   0   0   1   0]
 [  0 196   0   0   0   0   0   4   0]
 [  0   0 194   1   0   0   0   0   5]
 [  0   0  33 167   0   0   0   0   0]
 [  1   0   0   0 194   2   0   2   1]
 [  0   0   0   0   0 199   0   1   0]
 [  0   0   0   0   0   0 200   0   0]
 [  0  43   0   0  17   0  78  62   0]
 [  0   3   0   0   0   0   0   0 197]]",0.021997690200805664,0.00045371055603027344
73,N_BaIoT,-1,None,QuantileTransformer,MLP,0.9943832865619154,-1,-1,99.8888888888889,99.5,0.0625,99.50842796935925,99.50094119853364,-1,"{'0Normal': {'precision': 0.9900497512437811, 'recall': 0.995, 'f1-score': 0.9925187032418954, 'support': 200.0}, 'ack': {'precision': 1.0, 'recall': 1.0, 'f1-score': 1.0, 'support': 200.0}, 'combo': {'precision': 1.0, 'recall': 1.0, 'f1-score': 1.0, 'support': 200.0}, 'junk': {'precision': 1.0, 'recall': 0.995, 'f1-score': 0.9974937343358395, 'support': 200.0}, 'scan': {'precision': 1.0, 'recall': 0.99, 'f1-score': 0.9949748743718593, 'support': 200.0}, 'syn': {'precision': 1.0, 'recall': 0.99, 'f1-score': 0.9949748743718593, 'support': 200.0}, 'tcp': {'precision': 1.0, 'recall': 0.985, 'f1-score': 0.9924433249370278, 'support': 200.0}, 'udp': {'precision': 0.975609756097561, 'recall': 1.0, 'f1-score': 0.9876543209876543, 'support': 200.0}, 'udpplain': {'precision': 0.9900990099009901, 'recall': 1.0, 'f1-score': 0.9950248756218906, 'support': 200.0}, 'accuracy': 0.995, 'macro avg': {'precision': 0.9950842796935925, 'recall': 0.995, 'f1-score': 0.9950094119853363, 'support': 1800.0}, 'weighted avg': {'precision': 0.9950842796935926, 'recall': 0.995, 'f1-score': 0.9950094119853363, 'support': 1800.0}}","[[199   0   0   0   0   0   0   0   1]
 [  0 200   0   0   0   0   0   0   0]
 [  0   0 200   0   0   0   0   0   0]
 [  0   0   0 199   0   0   0   0   1]
 [  2   0   0   0 198   0   0   0   0]
 [  0   0   0   0   0 198   0   2   0]
 [  0   0   0   0   0   0 197   3   0]
 [  0   0   0   0   0   0   0 200   0]
 [  0   0   0   0   0   0   0   0 200]]",1.4616875648498535,0.0008978843688964844
74,N_BaIoT,-1,None,QuantileTransformer,LGBM,0.998128119155246,-1,-1,99.96296296296296,99.83333333333333,0.020833333333333336,99.83579638752053,99.83332395780597,-1,"{'0Normal': {'precision': 1.0, 'recall': 1.0, 'f1-score': 1.0, 'support': 200.0}, 'ack': {'precision': 1.0, 'recall': 1.0, 'f1-score': 1.0, 'support': 200.0}, 'combo': {'precision': 1.0, 'recall': 1.0, 'f1-score': 1.0, 'support': 200.0}, 'junk': {'precision': 1.0, 'recall': 1.0, 'f1-score': 1.0, 'support': 200.0}, 'scan': {'precision': 1.0, 'recall': 1.0, 'f1-score': 1.0, 'support': 200.0}, 'syn': {'precision': 1.0, 'recall': 1.0, 'f1-score': 1.0, 'support': 200.0}, 'tcp': {'precision': 0.9852216748768473, 'recall': 1.0, 'f1-score': 0.9925558312655086, 'support': 200.0}, 'udp': {'precision': 1.0, 'recall': 0.985, 'f1-score': 0.9924433249370278, 'support': 200.0}, 'udpplain': {'precision': 1.0, 'recall': 1.0, 'f1-score': 1.0, 'support': 200.0}, 'accuracy': 0.9983333333333333, 'macro avg': {'precision': 0.9983579638752053, 'recall': 0.9983333333333333, 'f1-score': 0.9983332395780598, 'support': 1800.0}, 'weighted avg': {'precision': 0.9983579638752054, 'recall': 0.9983333333333333, 'f1-score': 0.9983332395780596, 'support': 1800.0}}","[[200   0   0   0   0   0   0   0   0]
 [  0 200   0   0   0   0   0   0   0]
 [  0   0 200   0   0   0   0   0   0]
 [  0   0   0 200   0   0   0   0   0]
 [  0   0   0   0 200   0   0   0   0]
 [  0   0   0   0   0 200   0   0   0]
 [  0   0   0   0   0   0 200   0   0]
 [  0   0   0   0   0   0   3 197   0]
 [  0   0   0   0   0   0   0   0 200]]",1.8905487060546875,0.011138439178466797
75,N_BaIoT,-1,None,QuantileTransformer,RF,0.9987510403662089,-1,-1,99.97530864197532,99.8888888888889,0.013888888888888888,99.88944168048646,99.88874825777543,-1,"{'0Normal': {'precision': 0.9950248756218906, 'recall': 1.0, 'f1-score': 0.9975062344139651, 'support': 200.0}, 'ack': {'precision': 1.0, 'recall': 1.0, 'f1-score': 1.0, 'support': 200.0}, 'combo': {'precision': 1.0, 'recall': 1.0, 'f1-score': 1.0, 'support': 200.0}, 'junk': {'precision': 0.9950248756218906, 'recall': 1.0, 'f1-score': 0.9975062344139651, 'support': 200.0}, 'scan': {'precision': 1.0, 'recall': 0.99, 'f1-score': 0.9949748743718593, 'support': 200.0}, 'syn': {'precision': 1.0, 'recall': 1.0, 'f1-score': 1.0, 'support': 200.0}, 'tcp': {'precision': 1.0, 'recall': 1.0, 'f1-score': 1.0, 'support': 200.0}, 'udp': {'precision': 1.0, 'recall': 1.0, 'f1-score': 1.0, 'support': 200.0}, 'udpplain': {'precision': 1.0, 'recall': 1.0, 'f1-score': 1.0, 'support': 200.0}, 'accuracy': 0.9988888888888889, 'macro avg': {'precision': 0.9988944168048646, 'recall': 0.9988888888888889, 'f1-score': 0.9988874825777544, 'support': 1800.0}, 'weighted avg': {'precision': 0.9988944168048646, 'recall': 0.9988888888888889, 'f1-score': 0.9988874825777543, 'support': 1800.0}}","[[200   0   0   0   0   0   0   0   0]
 [  0 200   0   0   0   0   0   0   0]
 [  0   0 200   0   0   0   0   0   0]
 [  0   0   0 200   0   0   0   0   0]
 [  1   0   0   1 198   0   0   0   0]
 [  0   0   0   0   0 200   0   0   0]
 [  0   0   0   0   0   0 200   0   0]
 [  0   0   0   0   0   0   0 200   0]
 [  0   0   0   0   0   0   0   0 200]]",1.1479485034942627,0.011238336563110352
76,N_BaIoT,-1,None,QuantileTransformer,NuSVC,0.9762923747205964,-1,-1,99.53086419753086,97.88888888888887,0.2638888888888889,97.92232346299348,97.88874366493717,-1,"{'0Normal': {'precision': 0.9895833333333334, 'recall': 0.95, 'f1-score': 0.9693877551020408, 'support': 200.0}, 'ack': {'precision': 0.9900497512437811, 'recall': 0.995, 'f1-score': 0.9925187032418954, 'support': 200.0}, 'combo': {'precision': 0.9554455445544554, 'recall': 0.965, 'f1-score': 0.9601990049751244, 'support': 200.0}, 'junk': {'precision': 0.9795918367346939, 'recall': 0.96, 'f1-score': 0.9696969696969697, 'support': 200.0}, 'scan': {'precision': 0.9753694581280788, 'recall': 0.99, 'f1-score': 0.9826302729528535, 'support': 200.0}, 'syn': {'precision': 1.0, 'recall': 0.97, 'f1-score': 0.9847715736040609, 'support': 200.0}, 'tcp': {'precision': 1.0, 'recall': 0.99, 'f1-score': 0.9949748743718593, 'support': 200.0}, 'udp': {'precision': 0.9705882352941176, 'recall': 0.99, 'f1-score': 0.9801980198019802, 'support': 200.0}, 'udpplain': {'precision': 0.9523809523809523, 'recall': 1.0, 'f1-score': 0.975609756097561, 'support': 200.0}, 'accuracy': 0.9788888888888889, 'macro avg': {'precision': 0.9792232346299348, 'recall': 0.9788888888888887, 'f1-score': 0.9788874366493717, 'support': 1800.0}, 'weighted avg': {'precision': 0.9792232346299347, 'recall': 0.9788888888888889, 'f1-score': 0.9788874366493716, 'support': 1800.0}}","[[190   0   1   2   1   0   0   4   2]
 [  0 199   0   0   0   0   0   0   1]
 [  0   0 193   2   0   0   0   0   5]
 [  1   0   6 192   0   0   0   0   1]
 [  1   0   0   0 198   0   0   0   1]
 [  0   0   2   0   4 194   0   0   0]
 [  0   0   0   0   0   0 198   2   0]
 [  0   2   0   0   0   0   0 198   0]
 [  0   0   0   0   0   0   0   0 200]]",1.0029137134552002,0.3013579845428467
77,N_BaIoT,-1,None,QuantileTransformer,SGD,0.9115922456379842,-1,-1,98.22222222222223,92.0,1.0,92.67193775624854,91.78835899246134,-1,"{'0Normal': {'precision': 0.9900497512437811, 'recall': 0.995, 'f1-score': 0.9925187032418954, 'support': 200.0}, 'ack': {'precision': 0.9884393063583815, 'recall': 0.855, 'f1-score': 0.9168900804289545, 'support': 200.0}, 'combo': {'precision': 0.9751243781094527, 'recall': 0.98, 'f1-score': 0.9775561097256857, 'support': 200.0}, 'junk': {'precision': 0.98, 'recall': 0.98, 'f1-score': 0.98, 'support': 200.0}, 'scan': {'precision': 0.8761061946902655, 'recall': 0.99, 'f1-score': 0.9295774647887325, 'support': 200.0}, 'syn': {'precision': 1.0, 'recall': 0.885, 'f1-score': 0.9389920424403183, 'support': 200.0}, 'tcp': {'precision': 0.7352941176470589, 'recall': 1.0, 'f1-score': 0.8474576271186441, 'support': 200.0}, 'udp': {'precision': 0.815068493150685, 'recall': 0.595, 'f1-score': 0.6878612716763005, 'support': 200.0}, 'udpplain': {'precision': 0.9803921568627451, 'recall': 1.0, 'f1-score': 0.99009900990099, 'support': 200.0}, 'accuracy': 0.92, 'macro avg': {'precision': 0.9267193775624855, 'recall': 0.9199999999999999, 'f1-score': 0.9178835899246134, 'support': 1800.0}, 'weighted avg': {'precision': 0.9267193775624856, 'recall': 0.92, 'f1-score': 0.9178835899246135, 'support': 1800.0}}","[[199   0   0   0   1   0   0   0   0]
 [  0 171   0   0   1   0   0  25   3]
 [  0   0 196   3   0   0   0   1   0]
 [  1   0   3 196   0   0   0   0   0]
 [  1   0   0   0 198   0   0   0   1]
 [  0   0   0   0  22 177   0   1   0]
 [  0   0   0   0   0   0 200   0   0]
 [  0   2   2   1   4   0  72 119   0]
 [  0   0   0   0   0   0   0   0 200]]",0.2045307159423828,0.00058746337890625
78,N_BaIoT,-1,None,QuantileTransformer,HHHv2,0.8530075962249772,-1,-1,97.01234567901234,87.49026110609157,1.6805555555555556,86.55555555555556,84.88811621042782,-1,"{'0Normal': {'precision': 0.98, 'recall': 0.9949238578680203, 'f1-score': 0.9874055415617129, 'support': 197.0}, 'ack': {'precision': 0.8, 'recall': 0.7692307692307693, 'f1-score': 0.7843137254901961, 'support': 208.0}, 'combo': {'precision': 0.97, 'recall': 0.8546255506607929, 'f1-score': 0.9086651053864169, 'support': 227.0}, 'junk': {'precision': 0.825, 'recall': 0.9939759036144579, 'f1-score': 0.901639344262295, 'support': 166.0}, 'scan': {'precision': 0.99, 'recall': 0.8571428571428571, 'f1-score': 0.9187935034802784, 'support': 231.0}, 'syn': {'precision': 0.95, 'recall': 0.9947643979057592, 'f1-score': 0.9718670076726342, 'support': 191.0}, 'tcp': {'precision': 1.0, 'recall': 0.7194244604316546, 'f1-score': 0.8368200836820083, 'support': 278.0}, 'udp': {'precision': 0.275, 'recall': 0.8461538461538461, 'f1-score': 0.41509433962264153, 'support': 65.0}, 'udpplain': {'precision': 1.0, 'recall': 0.8438818565400844, 'f1-score': 0.9153318077803204, 'support': 237.0}, 'accuracy': 0.8655555555555555, 'macro avg': {'precision': 0.8655555555555555, 'recall': 0.8749026110609157, 'f1-score': 0.8488811621042782, 'support': 1800.0}, 'weighted avg': {'precision': 0.9220083333333333, 'recall': 0.8655555555555555, 'f1-score': 0.8822299490068328, 'support': 1800.0}}","[[196   0   0   0   1   0   0   0   0]
 [  2 160   0   0   0   0   0  46   0]
 [  0   0 194  33   0   0   0   0   0]
 [  0   0   1 165   0   0   0   0   0]
 [  0   3   0   1 198   8   0  21   0]
 [  1   0   0   0   0 190   0   0   0]
 [  0   0   0   0   0   0 200  78   0]
 [  1   7   0   0   0   2   0  55   0]
 [  0  30   5   1   1   0   0   0 200]]",315.8923635482788,0.0055408477783203125
79,N_BaIoT,-1,None,QuantileTransformer,KNN,0.9837766443115967,-1,-1,99.67901234567901,98.55555555555556,0.18055555555555555,98.57439968442007,98.55435293951231,-1,"{'0Normal': {'precision': 0.9897959183673469, 'recall': 0.97, 'f1-score': 0.9797979797979798, 'support': 200.0}, 'ack': {'precision': 0.961352657004831, 'recall': 0.995, 'f1-score': 0.977886977886978, 'support': 200.0}, 'combo': {'precision': 0.9897959183673469, 'recall': 0.97, 'f1-score': 0.9797979797979798, 'support': 200.0}, 'junk': {'precision': 0.9656862745098039, 'recall': 0.985, 'f1-score': 0.9752475247524752, 'support': 200.0}, 'scan': {'precision': 0.99, 'recall': 0.99, 'f1-score': 0.99, 'support': 200.0}, 'syn': {'precision': 0.9950248756218906, 'recall': 1.0, 'f1-score': 0.9975062344139651, 'support': 200.0}, 'tcp': {'precision': 1.0, 'recall': 1.0, 'f1-score': 1.0, 'support': 200.0}, 'udp': {'precision': 0.9948186528497409, 'recall': 0.96, 'f1-score': 0.9770992366412213, 'support': 200.0}, 'udpplain': {'precision': 0.9852216748768473, 'recall': 1.0, 'f1-score': 0.9925558312655086, 'support': 200.0}, 'accuracy': 0.9855555555555555, 'macro avg': {'precision': 0.9857439968442008, 'recall': 0.9855555555555556, 'f1-score': 0.9855435293951231, 'support': 1800.0}, 'weighted avg': {'precision': 0.9857439968442009, 'recall': 0.9855555555555555, 'f1-score': 0.985543529395123, 'support': 1800.0}}","[[194   0   0   3   2   0   0   1   0]
 [  0 199   0   0   0   0   0   0   1]
 [  0   0 194   4   0   1   0   0   1]
 [  1   0   2 197   0   0   0   0   0]
 [  1   0   0   0 198   0   0   0   1]
 [  0   0   0   0   0 200   0   0   0]
 [  0   0   0   0   0   0 200   0   0]
 [  0   8   0   0   0   0   0 192   0]
 [  0   0   0   0   0   0   0   0 200]]",0.000762939453125,0.02312612533569336
80,N_BaIoT,-1,None,QuantileTransformer,LDA,0.883482619824731,-1,-1,97.61728395061728,89.27777777777777,1.3402777777777777,90.39217258871619,87.82150355519241,-1,"{'0Normal': {'precision': 0.9949748743718593, 'recall': 0.99, 'f1-score': 0.9924812030075189, 'support': 200.0}, 'ack': {'precision': 0.8065843621399177, 'recall': 0.98, 'f1-score': 0.8848758465011287, 'support': 200.0}, 'combo': {'precision': 0.8546255506607929, 'recall': 0.97, 'f1-score': 0.9086651053864169, 'support': 200.0}, 'junk': {'precision': 0.9940476190476191, 'recall': 0.835, 'f1-score': 0.9076086956521738, 'support': 200.0}, 'scan': {'precision': 0.919431279620853, 'recall': 0.97, 'f1-score': 0.9440389294403893, 'support': 200.0}, 'syn': {'precision': 0.9900497512437811, 'recall': 0.995, 'f1-score': 0.9925187032418954, 'support': 200.0}, 'tcp': {'precision': 0.7194244604316546, 'recall': 1.0, 'f1-score': 0.8368200836820083, 'support': 200.0}, 'udp': {'precision': 0.8857142857142857, 'recall': 0.31, 'f1-score': 0.45925925925925926, 'support': 200.0}, 'udpplain': {'precision': 0.9704433497536946, 'recall': 0.985, 'f1-score': 0.977667493796526, 'support': 200.0}, 'accuracy': 0.8927777777777778, 'macro avg': {'precision': 0.9039217258871619, 'recall': 0.8927777777777778, 'f1-score': 0.878215035551924, 'support': 1800.0}, 'weighted avg': {'precision': 0.9039217258871619, 'recall': 0.8927777777777778, 'f1-score': 0.8782150355519239, 'support': 1800.0}}","[[198   1   0   0   0   0   0   1   0]
 [  0 196   0   0   0   0   0   4   0]
 [  0   0 194   1   0   0   0   0   5]
 [  0   0  33 167   0   0   0   0   0]
 [  1   0   0   0 194   2   0   2   1]
 [  0   0   0   0   0 199   0   1   0]
 [  0   0   0   0   0   0 200   0   0]
 [  0  43   0   0  17   0  78  62   0]
 [  0   3   0   0   0   0   0   0 197]]",0.02216506004333496,0.0004477500915527344
81,N_BaIoT,-1,None,QuantileTransformer,MLP,0.9943832865619154,-1,-1,99.8888888888889,99.5,0.0625,99.50842796935925,99.50094119853364,-1,"{'0Normal': {'precision': 0.9900497512437811, 'recall': 0.995, 'f1-score': 0.9925187032418954, 'support': 200.0}, 'ack': {'precision': 1.0, 'recall': 1.0, 'f1-score': 1.0, 'support': 200.0}, 'combo': {'precision': 1.0, 'recall': 1.0, 'f1-score': 1.0, 'support': 200.0}, 'junk': {'precision': 1.0, 'recall': 0.995, 'f1-score': 0.9974937343358395, 'support': 200.0}, 'scan': {'precision': 1.0, 'recall': 0.99, 'f1-score': 0.9949748743718593, 'support': 200.0}, 'syn': {'precision': 1.0, 'recall': 0.99, 'f1-score': 0.9949748743718593, 'support': 200.0}, 'tcp': {'precision': 1.0, 'recall': 0.985, 'f1-score': 0.9924433249370278, 'support': 200.0}, 'udp': {'precision': 0.975609756097561, 'recall': 1.0, 'f1-score': 0.9876543209876543, 'support': 200.0}, 'udpplain': {'precision': 0.9900990099009901, 'recall': 1.0, 'f1-score': 0.9950248756218906, 'support': 200.0}, 'accuracy': 0.995, 'macro avg': {'precision': 0.9950842796935925, 'recall': 0.995, 'f1-score': 0.9950094119853363, 'support': 1800.0}, 'weighted avg': {'precision': 0.9950842796935926, 'recall': 0.995, 'f1-score': 0.9950094119853363, 'support': 1800.0}}","[[199   0   0   0   0   0   0   0   1]
 [  0 200   0   0   0   0   0   0   0]
 [  0   0 200   0   0   0   0   0   0]
 [  0   0   0 199   0   0   0   0   1]
 [  2   0   0   0 198   0   0   0   0]
 [  0   0   0   0   0 198   0   2   0]
 [  0   0   0   0   0   0 197   3   0]
 [  0   0   0   0   0   0   0 200   0]
 [  0   0   0   0   0   0   0   0 200]]",1.455942153930664,0.0009300708770751953
82,N_BaIoT,-1,None,QuantileTransformer,LGBM,0.998128119155246,-1,-1,99.96296296296296,99.83333333333333,0.020833333333333336,99.83579638752053,99.83332395780597,-1,"{'0Normal': {'precision': 1.0, 'recall': 1.0, 'f1-score': 1.0, 'support': 200.0}, 'ack': {'precision': 1.0, 'recall': 1.0, 'f1-score': 1.0, 'support': 200.0}, 'combo': {'precision': 1.0, 'recall': 1.0, 'f1-score': 1.0, 'support': 200.0}, 'junk': {'precision': 1.0, 'recall': 1.0, 'f1-score': 1.0, 'support': 200.0}, 'scan': {'precision': 1.0, 'recall': 1.0, 'f1-score': 1.0, 'support': 200.0}, 'syn': {'precision': 1.0, 'recall': 1.0, 'f1-score': 1.0, 'support': 200.0}, 'tcp': {'precision': 0.9852216748768473, 'recall': 1.0, 'f1-score': 0.9925558312655086, 'support': 200.0}, 'udp': {'precision': 1.0, 'recall': 0.985, 'f1-score': 0.9924433249370278, 'support': 200.0}, 'udpplain': {'precision': 1.0, 'recall': 1.0, 'f1-score': 1.0, 'support': 200.0}, 'accuracy': 0.9983333333333333, 'macro avg': {'precision': 0.9983579638752053, 'recall': 0.9983333333333333, 'f1-score': 0.9983332395780598, 'support': 1800.0}, 'weighted avg': {'precision': 0.9983579638752054, 'recall': 0.9983333333333333, 'f1-score': 0.9983332395780596, 'support': 1800.0}}","[[200   0   0   0   0   0   0   0   0]
 [  0 200   0   0   0   0   0   0   0]
 [  0   0 200   0   0   0   0   0   0]
 [  0   0   0 200   0   0   0   0   0]
 [  0   0   0   0 200   0   0   0   0]
 [  0   0   0   0   0 200   0   0   0]
 [  0   0   0   0   0   0 200   0   0]
 [  0   0   0   0   0   0   3 197   0]
 [  0   0   0   0   0   0   0   0 200]]",1.9265046119689941,0.011132001876831055
83,N_BaIoT,-1,None,QuantileTransformer,RF,0.9987510403662089,-1,-1,99.97530864197532,99.8888888888889,0.013888888888888888,99.88944168048646,99.88874825777543,-1,"{'0Normal': {'precision': 0.9950248756218906, 'recall': 1.0, 'f1-score': 0.9975062344139651, 'support': 200.0}, 'ack': {'precision': 1.0, 'recall': 1.0, 'f1-score': 1.0, 'support': 200.0}, 'combo': {'precision': 1.0, 'recall': 1.0, 'f1-score': 1.0, 'support': 200.0}, 'junk': {'precision': 0.9950248756218906, 'recall': 1.0, 'f1-score': 0.9975062344139651, 'support': 200.0}, 'scan': {'precision': 1.0, 'recall': 0.99, 'f1-score': 0.9949748743718593, 'support': 200.0}, 'syn': {'precision': 1.0, 'recall': 1.0, 'f1-score': 1.0, 'support': 200.0}, 'tcp': {'precision': 1.0, 'recall': 1.0, 'f1-score': 1.0, 'support': 200.0}, 'udp': {'precision': 1.0, 'recall': 1.0, 'f1-score': 1.0, 'support': 200.0}, 'udpplain': {'precision': 1.0, 'recall': 1.0, 'f1-score': 1.0, 'support': 200.0}, 'accuracy': 0.9988888888888889, 'macro avg': {'precision': 0.9988944168048646, 'recall': 0.9988888888888889, 'f1-score': 0.9988874825777544, 'support': 1800.0}, 'weighted avg': {'precision': 0.9988944168048646, 'recall': 0.9988888888888889, 'f1-score': 0.9988874825777543, 'support': 1800.0}}","[[200   0   0   0   0   0   0   0   0]
 [  0 200   0   0   0   0   0   0   0]
 [  0   0 200   0   0   0   0   0   0]
 [  0   0   0 200   0   0   0   0   0]
 [  1   0   0   1 198   0   0   0   0]
 [  0   0   0   0   0 200   0   0   0]
 [  0   0   0   0   0   0 200   0   0]
 [  0   0   0   0   0   0   0 200   0]
 [  0   0   0   0   0   0   0   0 200]]",1.1355125904083252,0.011217594146728516
84,N_BaIoT,-1,None,QuantileTransformer,NuSVC,0.9762923747205964,-1,-1,99.53086419753086,97.88888888888887,0.2638888888888889,97.92232346299348,97.88874366493717,-1,"{'0Normal': {'precision': 0.9895833333333334, 'recall': 0.95, 'f1-score': 0.9693877551020408, 'support': 200.0}, 'ack': {'precision': 0.9900497512437811, 'recall': 0.995, 'f1-score': 0.9925187032418954, 'support': 200.0}, 'combo': {'precision': 0.9554455445544554, 'recall': 0.965, 'f1-score': 0.9601990049751244, 'support': 200.0}, 'junk': {'precision': 0.9795918367346939, 'recall': 0.96, 'f1-score': 0.9696969696969697, 'support': 200.0}, 'scan': {'precision': 0.9753694581280788, 'recall': 0.99, 'f1-score': 0.9826302729528535, 'support': 200.0}, 'syn': {'precision': 1.0, 'recall': 0.97, 'f1-score': 0.9847715736040609, 'support': 200.0}, 'tcp': {'precision': 1.0, 'recall': 0.99, 'f1-score': 0.9949748743718593, 'support': 200.0}, 'udp': {'precision': 0.9705882352941176, 'recall': 0.99, 'f1-score': 0.9801980198019802, 'support': 200.0}, 'udpplain': {'precision': 0.9523809523809523, 'recall': 1.0, 'f1-score': 0.975609756097561, 'support': 200.0}, 'accuracy': 0.9788888888888889, 'macro avg': {'precision': 0.9792232346299348, 'recall': 0.9788888888888887, 'f1-score': 0.9788874366493717, 'support': 1800.0}, 'weighted avg': {'precision': 0.9792232346299347, 'recall': 0.9788888888888889, 'f1-score': 0.9788874366493716, 'support': 1800.0}}","[[190   0   1   2   1   0   0   4   2]
 [  0 199   0   0   0   0   0   0   1]
 [  0   0 193   2   0   0   0   0   5]
 [  1   0   6 192   0   0   0   0   1]
 [  1   0   0   0 198   0   0   0   1]
 [  0   0   2   0   4 194   0   0   0]
 [  0   0   0   0   0   0 198   2   0]
 [  0   2   0   0   0   0   0 198   0]
 [  0   0   0   0   0   0   0   0 200]]",0.9985394477844238,0.30025410652160645
85,N_BaIoT,-1,None,QuantileTransformer,SGD,0.9115922456379842,-1,-1,98.22222222222223,92.0,1.0,92.67193775624854,91.78835899246134,-1,"{'0Normal': {'precision': 0.9900497512437811, 'recall': 0.995, 'f1-score': 0.9925187032418954, 'support': 200.0}, 'ack': {'precision': 0.9884393063583815, 'recall': 0.855, 'f1-score': 0.9168900804289545, 'support': 200.0}, 'combo': {'precision': 0.9751243781094527, 'recall': 0.98, 'f1-score': 0.9775561097256857, 'support': 200.0}, 'junk': {'precision': 0.98, 'recall': 0.98, 'f1-score': 0.98, 'support': 200.0}, 'scan': {'precision': 0.8761061946902655, 'recall': 0.99, 'f1-score': 0.9295774647887325, 'support': 200.0}, 'syn': {'precision': 1.0, 'recall': 0.885, 'f1-score': 0.9389920424403183, 'support': 200.0}, 'tcp': {'precision': 0.7352941176470589, 'recall': 1.0, 'f1-score': 0.8474576271186441, 'support': 200.0}, 'udp': {'precision': 0.815068493150685, 'recall': 0.595, 'f1-score': 0.6878612716763005, 'support': 200.0}, 'udpplain': {'precision': 0.9803921568627451, 'recall': 1.0, 'f1-score': 0.99009900990099, 'support': 200.0}, 'accuracy': 0.92, 'macro avg': {'precision': 0.9267193775624855, 'recall': 0.9199999999999999, 'f1-score': 0.9178835899246134, 'support': 1800.0}, 'weighted avg': {'precision': 0.9267193775624856, 'recall': 0.92, 'f1-score': 0.9178835899246135, 'support': 1800.0}}","[[199   0   0   0   1   0   0   0   0]
 [  0 171   0   0   1   0   0  25   3]
 [  0   0 196   3   0   0   0   1   0]
 [  1   0   3 196   0   0   0   0   0]
 [  1   0   0   0 198   0   0   0   1]
 [  0   0   0   0  22 177   0   1   0]
 [  0   0   0   0   0   0 200   0   0]
 [  0   2   2   1   4   0  72 119   0]
 [  0   0   0   0   0   0   0   0 200]]",0.19946551322937012,0.0006029605865478516
86,N_BaIoT,-1,rbf,QuantileTransformer,HHHv2,0.9931353452137276,-1,-1,99.8641975308642,99.39601521728528,0.0763888888888889,99.3888888888889,99.38829846938285,-1,"{'0Normal': {'precision': 1.0, 'recall': 0.9852216748768473, 'f1-score': 0.9925558312655086, 'support': 203.0}, 'ack': {'precision': 1.0, 'recall': 0.9900990099009901, 'f1-score': 0.9950248756218906, 'support': 202.0}, 'combo': {'precision': 0.995, 'recall': 1.0, 'f1-score': 0.9974937343358395, 'support': 199.0}, 'junk': {'precision': 0.995, 'recall': 0.995, 'f1-score': 0.995, 'support': 200.0}, 'scan': {'precision': 0.98, 'recall': 1.0, 'f1-score': 0.98989898989899, 'support': 196.0}, 'syn': {'precision': 1.0, 'recall': 0.9900990099009901, 'f1-score': 0.9950248756218906, 'support': 202.0}, 'tcp': {'precision': 1.0, 'recall': 0.9852216748768473, 'f1-score': 0.9925558312655086, 'support': 203.0}, 'udp': {'precision': 0.98, 'recall': 1.0, 'f1-score': 0.98989898989899, 'support': 196.0}, 'udpplain': {'precision': 0.995, 'recall': 1.0, 'f1-score': 0.9974937343358395, 'support': 199.0}, 'accuracy': 0.9938888888888889, 'macro avg': {'precision': 0.9938888888888889, 'recall': 0.9939601521728528, 'f1-score': 0.9938829846938285, 'support': 1800.0}, 'weighted avg': {'precision': 0.9939833333333333, 'recall': 0.9938888888888889, 'f1-score': 0.9938947930839491, 'support': 1800.0}}","[[200   0   0   1   2   0   0   0   0]
 [  0 200   0   0   0   0   0   1   1]
 [  0   0 199   0   0   0   0   0   0]
 [  0   0   1 199   0   0   0   0   0]
 [  0   0   0   0 196   0   0   0   0]
 [  0   0   0   0   2 200   0   0   0]
 [  0   0   0   0   0   0 200   3   0]
 [  0   0   0   0   0   0   0 196   0]
 [  0   0   0   0   0   0   0   0 199]]",317.3940303325653,0.0989532470703125
87,N_BaIoT,-1,None,QuantileTransformer,KNN,0.9837766443115967,-1,-1,99.67901234567901,98.55555555555556,0.18055555555555555,98.57439968442007,98.55435293951231,-1,"{'0Normal': {'precision': 0.9897959183673469, 'recall': 0.97, 'f1-score': 0.9797979797979798, 'support': 200.0}, 'ack': {'precision': 0.961352657004831, 'recall': 0.995, 'f1-score': 0.977886977886978, 'support': 200.0}, 'combo': {'precision': 0.9897959183673469, 'recall': 0.97, 'f1-score': 0.9797979797979798, 'support': 200.0}, 'junk': {'precision': 0.9656862745098039, 'recall': 0.985, 'f1-score': 0.9752475247524752, 'support': 200.0}, 'scan': {'precision': 0.99, 'recall': 0.99, 'f1-score': 0.99, 'support': 200.0}, 'syn': {'precision': 0.9950248756218906, 'recall': 1.0, 'f1-score': 0.9975062344139651, 'support': 200.0}, 'tcp': {'precision': 1.0, 'recall': 1.0, 'f1-score': 1.0, 'support': 200.0}, 'udp': {'precision': 0.9948186528497409, 'recall': 0.96, 'f1-score': 0.9770992366412213, 'support': 200.0}, 'udpplain': {'precision': 0.9852216748768473, 'recall': 1.0, 'f1-score': 0.9925558312655086, 'support': 200.0}, 'accuracy': 0.9855555555555555, 'macro avg': {'precision': 0.9857439968442008, 'recall': 0.9855555555555556, 'f1-score': 0.9855435293951231, 'support': 1800.0}, 'weighted avg': {'precision': 0.9857439968442009, 'recall': 0.9855555555555555, 'f1-score': 0.985543529395123, 'support': 1800.0}}","[[194   0   0   3   2   0   0   1   0]
 [  0 199   0   0   0   0   0   0   1]
 [  0   0 194   4   0   1   0   0   1]
 [  1   0   2 197   0   0   0   0   0]
 [  1   0   0   0 198   0   0   0   1]
 [  0   0   0   0   0 200   0   0   0]
 [  0   0   0   0   0   0 200   0   0]
 [  0   8   0   0   0   0   0 192   0]
 [  0   0   0   0   0   0   0   0 200]]",0.0007359981536865234,0.02559971809387207
88,N_BaIoT,-1,None,QuantileTransformer,LDA,0.883482619824731,-1,-1,97.61728395061728,89.27777777777777,1.3402777777777777,90.39217258871619,87.82150355519241,-1,"{'0Normal': {'precision': 0.9949748743718593, 'recall': 0.99, 'f1-score': 0.9924812030075189, 'support': 200.0}, 'ack': {'precision': 0.8065843621399177, 'recall': 0.98, 'f1-score': 0.8848758465011287, 'support': 200.0}, 'combo': {'precision': 0.8546255506607929, 'recall': 0.97, 'f1-score': 0.9086651053864169, 'support': 200.0}, 'junk': {'precision': 0.9940476190476191, 'recall': 0.835, 'f1-score': 0.9076086956521738, 'support': 200.0}, 'scan': {'precision': 0.919431279620853, 'recall': 0.97, 'f1-score': 0.9440389294403893, 'support': 200.0}, 'syn': {'precision': 0.9900497512437811, 'recall': 0.995, 'f1-score': 0.9925187032418954, 'support': 200.0}, 'tcp': {'precision': 0.7194244604316546, 'recall': 1.0, 'f1-score': 0.8368200836820083, 'support': 200.0}, 'udp': {'precision': 0.8857142857142857, 'recall': 0.31, 'f1-score': 0.45925925925925926, 'support': 200.0}, 'udpplain': {'precision': 0.9704433497536946, 'recall': 0.985, 'f1-score': 0.977667493796526, 'support': 200.0}, 'accuracy': 0.8927777777777778, 'macro avg': {'precision': 0.9039217258871619, 'recall': 0.8927777777777778, 'f1-score': 0.878215035551924, 'support': 1800.0}, 'weighted avg': {'precision': 0.9039217258871619, 'recall': 0.8927777777777778, 'f1-score': 0.8782150355519239, 'support': 1800.0}}","[[198   1   0   0   0   0   0   1   0]
 [  0 196   0   0   0   0   0   4   0]
 [  0   0 194   1   0   0   0   0   5]
 [  0   0  33 167   0   0   0   0   0]
 [  1   0   0   0 194   2   0   2   1]
 [  0   0   0   0   0 199   0   1   0]
 [  0   0   0   0   0   0 200   0   0]
 [  0  43   0   0  17   0  78  62   0]
 [  0   3   0   0   0   0   0   0 197]]",0.02215123176574707,0.0004487037658691406
89,N_BaIoT,-1,None,QuantileTransformer,MLP,0.9943832865619154,-1,-1,99.8888888888889,99.5,0.0625,99.50842796935925,99.50094119853364,-1,"{'0Normal': {'precision': 0.9900497512437811, 'recall': 0.995, 'f1-score': 0.9925187032418954, 'support': 200.0}, 'ack': {'precision': 1.0, 'recall': 1.0, 'f1-score': 1.0, 'support': 200.0}, 'combo': {'precision': 1.0, 'recall': 1.0, 'f1-score': 1.0, 'support': 200.0}, 'junk': {'precision': 1.0, 'recall': 0.995, 'f1-score': 0.9974937343358395, 'support': 200.0}, 'scan': {'precision': 1.0, 'recall': 0.99, 'f1-score': 0.9949748743718593, 'support': 200.0}, 'syn': {'precision': 1.0, 'recall': 0.99, 'f1-score': 0.9949748743718593, 'support': 200.0}, 'tcp': {'precision': 1.0, 'recall': 0.985, 'f1-score': 0.9924433249370278, 'support': 200.0}, 'udp': {'precision': 0.975609756097561, 'recall': 1.0, 'f1-score': 0.9876543209876543, 'support': 200.0}, 'udpplain': {'precision': 0.9900990099009901, 'recall': 1.0, 'f1-score': 0.9950248756218906, 'support': 200.0}, 'accuracy': 0.995, 'macro avg': {'precision': 0.9950842796935925, 'recall': 0.995, 'f1-score': 0.9950094119853363, 'support': 1800.0}, 'weighted avg': {'precision': 0.9950842796935926, 'recall': 0.995, 'f1-score': 0.9950094119853363, 'support': 1800.0}}","[[199   0   0   0   0   0   0   0   1]
 [  0 200   0   0   0   0   0   0   0]
 [  0   0 200   0   0   0   0   0   0]
 [  0   0   0 199   0   0   0   0   1]
 [  2   0   0   0 198   0   0   0   0]
 [  0   0   0   0   0 198   0   2   0]
 [  0   0   0   0   0   0 197   3   0]
 [  0   0   0   0   0   0   0 200   0]
 [  0   0   0   0   0   0   0   0 200]]",1.4399735927581787,0.0008921623229980469
90,N_BaIoT,-1,None,QuantileTransformer,LGBM,0.998128119155246,-1,-1,99.96296296296296,99.83333333333333,0.020833333333333336,99.83579638752053,99.83332395780597,-1,"{'0Normal': {'precision': 1.0, 'recall': 1.0, 'f1-score': 1.0, 'support': 200.0}, 'ack': {'precision': 1.0, 'recall': 1.0, 'f1-score': 1.0, 'support': 200.0}, 'combo': {'precision': 1.0, 'recall': 1.0, 'f1-score': 1.0, 'support': 200.0}, 'junk': {'precision': 1.0, 'recall': 1.0, 'f1-score': 1.0, 'support': 200.0}, 'scan': {'precision': 1.0, 'recall': 1.0, 'f1-score': 1.0, 'support': 200.0}, 'syn': {'precision': 1.0, 'recall': 1.0, 'f1-score': 1.0, 'support': 200.0}, 'tcp': {'precision': 0.9852216748768473, 'recall': 1.0, 'f1-score': 0.9925558312655086, 'support': 200.0}, 'udp': {'precision': 1.0, 'recall': 0.985, 'f1-score': 0.9924433249370278, 'support': 200.0}, 'udpplain': {'precision': 1.0, 'recall': 1.0, 'f1-score': 1.0, 'support': 200.0}, 'accuracy': 0.9983333333333333, 'macro avg': {'precision': 0.9983579638752053, 'recall': 0.9983333333333333, 'f1-score': 0.9983332395780598, 'support': 1800.0}, 'weighted avg': {'precision': 0.9983579638752054, 'recall': 0.9983333333333333, 'f1-score': 0.9983332395780596, 'support': 1800.0}}","[[200   0   0   0   0   0   0   0   0]
 [  0 200   0   0   0   0   0   0   0]
 [  0   0 200   0   0   0   0   0   0]
 [  0   0   0 200   0   0   0   0   0]
 [  0   0   0   0 200   0   0   0   0]
 [  0   0   0   0   0 200   0   0   0]
 [  0   0   0   0   0   0 200   0   0]
 [  0   0   0   0   0   0   3 197   0]
 [  0   0   0   0   0   0   0   0 200]]",1.9198541641235352,0.016000032424926758
91,N_BaIoT,-1,None,QuantileTransformer,RF,0.9987510403662089,-1,-1,99.97530864197532,99.8888888888889,0.013888888888888888,99.88944168048646,99.88874825777543,-1,"{'0Normal': {'precision': 0.9950248756218906, 'recall': 1.0, 'f1-score': 0.9975062344139651, 'support': 200.0}, 'ack': {'precision': 1.0, 'recall': 1.0, 'f1-score': 1.0, 'support': 200.0}, 'combo': {'precision': 1.0, 'recall': 1.0, 'f1-score': 1.0, 'support': 200.0}, 'junk': {'precision': 0.9950248756218906, 'recall': 1.0, 'f1-score': 0.9975062344139651, 'support': 200.0}, 'scan': {'precision': 1.0, 'recall': 0.99, 'f1-score': 0.9949748743718593, 'support': 200.0}, 'syn': {'precision': 1.0, 'recall': 1.0, 'f1-score': 1.0, 'support': 200.0}, 'tcp': {'precision': 1.0, 'recall': 1.0, 'f1-score': 1.0, 'support': 200.0}, 'udp': {'precision': 1.0, 'recall': 1.0, 'f1-score': 1.0, 'support': 200.0}, 'udpplain': {'precision': 1.0, 'recall': 1.0, 'f1-score': 1.0, 'support': 200.0}, 'accuracy': 0.9988888888888889, 'macro avg': {'precision': 0.9988944168048646, 'recall': 0.9988888888888889, 'f1-score': 0.9988874825777544, 'support': 1800.0}, 'weighted avg': {'precision': 0.9988944168048646, 'recall': 0.9988888888888889, 'f1-score': 0.9988874825777543, 'support': 1800.0}}","[[200   0   0   0   0   0   0   0   0]
 [  0 200   0   0   0   0   0   0   0]
 [  0   0 200   0   0   0   0   0   0]
 [  0   0   0 200   0   0   0   0   0]
 [  1   0   0   1 198   0   0   0   0]
 [  0   0   0   0   0 200   0   0   0]
 [  0   0   0   0   0   0 200   0   0]
 [  0   0   0   0   0   0   0 200   0]
 [  0   0   0   0   0   0   0   0 200]]",1.1390173435211182,0.011251688003540039
92,N_BaIoT,-1,None,QuantileTransformer,NuSVC,0.9762923747205964,-1,-1,99.53086419753086,97.88888888888887,0.2638888888888889,97.92232346299348,97.88874366493717,-1,"{'0Normal': {'precision': 0.9895833333333334, 'recall': 0.95, 'f1-score': 0.9693877551020408, 'support': 200.0}, 'ack': {'precision': 0.9900497512437811, 'recall': 0.995, 'f1-score': 0.9925187032418954, 'support': 200.0}, 'combo': {'precision': 0.9554455445544554, 'recall': 0.965, 'f1-score': 0.9601990049751244, 'support': 200.0}, 'junk': {'precision': 0.9795918367346939, 'recall': 0.96, 'f1-score': 0.9696969696969697, 'support': 200.0}, 'scan': {'precision': 0.9753694581280788, 'recall': 0.99, 'f1-score': 0.9826302729528535, 'support': 200.0}, 'syn': {'precision': 1.0, 'recall': 0.97, 'f1-score': 0.9847715736040609, 'support': 200.0}, 'tcp': {'precision': 1.0, 'recall': 0.99, 'f1-score': 0.9949748743718593, 'support': 200.0}, 'udp': {'precision': 0.9705882352941176, 'recall': 0.99, 'f1-score': 0.9801980198019802, 'support': 200.0}, 'udpplain': {'precision': 0.9523809523809523, 'recall': 1.0, 'f1-score': 0.975609756097561, 'support': 200.0}, 'accuracy': 0.9788888888888889, 'macro avg': {'precision': 0.9792232346299348, 'recall': 0.9788888888888887, 'f1-score': 0.9788874366493717, 'support': 1800.0}, 'weighted avg': {'precision': 0.9792232346299347, 'recall': 0.9788888888888889, 'f1-score': 0.9788874366493716, 'support': 1800.0}}","[[190   0   1   2   1   0   0   4   2]
 [  0 199   0   0   0   0   0   0   1]
 [  0   0 193   2   0   0   0   0   5]
 [  1   0   6 192   0   0   0   0   1]
 [  1   0   0   0 198   0   0   0   1]
 [  0   0   2   0   4 194   0   0   0]
 [  0   0   0   0   0   0 198   2   0]
 [  0   2   0   0   0   0   0 198   0]
 [  0   0   0   0   0   0   0   0 200]]",1.0002493858337402,0.3003683090209961
93,N_BaIoT,-1,None,QuantileTransformer,SGD,0.9115922456379842,-1,-1,98.22222222222223,92.0,1.0,92.67193775624854,91.78835899246134,-1,"{'0Normal': {'precision': 0.9900497512437811, 'recall': 0.995, 'f1-score': 0.9925187032418954, 'support': 200.0}, 'ack': {'precision': 0.9884393063583815, 'recall': 0.855, 'f1-score': 0.9168900804289545, 'support': 200.0}, 'combo': {'precision': 0.9751243781094527, 'recall': 0.98, 'f1-score': 0.9775561097256857, 'support': 200.0}, 'junk': {'precision': 0.98, 'recall': 0.98, 'f1-score': 0.98, 'support': 200.0}, 'scan': {'precision': 0.8761061946902655, 'recall': 0.99, 'f1-score': 0.9295774647887325, 'support': 200.0}, 'syn': {'precision': 1.0, 'recall': 0.885, 'f1-score': 0.9389920424403183, 'support': 200.0}, 'tcp': {'precision': 0.7352941176470589, 'recall': 1.0, 'f1-score': 0.8474576271186441, 'support': 200.0}, 'udp': {'precision': 0.815068493150685, 'recall': 0.595, 'f1-score': 0.6878612716763005, 'support': 200.0}, 'udpplain': {'precision': 0.9803921568627451, 'recall': 1.0, 'f1-score': 0.99009900990099, 'support': 200.0}, 'accuracy': 0.92, 'macro avg': {'precision': 0.9267193775624855, 'recall': 0.9199999999999999, 'f1-score': 0.9178835899246134, 'support': 1800.0}, 'weighted avg': {'precision': 0.9267193775624856, 'recall': 0.92, 'f1-score': 0.9178835899246135, 'support': 1800.0}}","[[199   0   0   0   1   0   0   0   0]
 [  0 171   0   0   1   0   0  25   3]
 [  0   0 196   3   0   0   0   1   0]
 [  1   0   3 196   0   0   0   0   0]
 [  1   0   0   0 198   0   0   0   1]
 [  0   0   0   0  22 177   0   1   0]
 [  0   0   0   0   0   0 200   0   0]
 [  0   2   2   1   4   0  72 119   0]
 [  0   0   0   0   0   0   0   0 200]]",0.20265603065490723,0.0006339550018310547
94,N_BaIoT,-1,poly,QuantileTransformer,HHHv2,0.9837684458312906,-1,-1,99.67901234567901,98.56570590172414,0.18055555555555555,98.55555555555556,98.55317321643979,-1,"{'0Normal': {'precision': 0.955, 'recall': 0.9947916666666666, 'f1-score': 0.9744897959183673, 'support': 192.0}, 'ack': {'precision': 0.995, 'recall': 0.995, 'f1-score': 0.995, 'support': 200.0}, 'combo': {'precision': 0.99, 'recall': 0.9850746268656716, 'f1-score': 0.9875311720698254, 'support': 201.0}, 'junk': {'precision': 0.995, 'recall': 0.995, 'f1-score': 0.995, 'support': 200.0}, 'scan': {'precision': 0.98, 'recall': 0.9849246231155779, 'f1-score': 0.9824561403508771, 'support': 199.0}, 'syn': {'precision': 0.98, 'recall': 0.9849246231155779, 'f1-score': 0.9824561403508771, 'support': 199.0}, 'tcp': {'precision': 1.0, 'recall': 0.975609756097561, 'f1-score': 0.9876543209876543, 'support': 205.0}, 'udp': {'precision': 0.985, 'recall': 0.985, 'f1-score': 0.985, 'support': 200.0}, 'udpplain': {'precision': 0.99, 'recall': 0.9705882352941176, 'f1-score': 0.9801980198019802, 'support': 204.0}, 'accuracy': 0.9855555555555555, 'macro avg': {'precision': 0.9855555555555555, 'recall': 0.9856570590172414, 'f1-score': 0.9855317321643979, 'support': 1800.0}, 'weighted avg': {'precision': 0.9857499999999999, 'recall': 0.9855555555555555, 'f1-score': 0.985579378946713, 'support': 1800.0}}","[[191   0   0   1   0   0   0   0   0]
 [  0 199   1   0   0   0   0   0   0]
 [  1   0 198   0   2   0   0   0   0]
 [  0   0   1 199   0   0   0   0   0]
 [  2   0   0   0 196   1   0   0   0]
 [  0   0   0   0   1 196   0   0   2]
 [  2   0   0   0   0   0 200   3   0]
 [  3   0   0   0   0   0   0 197   0]
 [  1   1   0   0   1   3   0   0 198]]",316.2267029285431,0.14781594276428223
95,N_BaIoT,-1,None,QuantileTransformer,KNN,0.9837766443115967,-1,-1,99.67901234567901,98.55555555555556,0.18055555555555555,98.57439968442007,98.55435293951231,-1,"{'0Normal': {'precision': 0.9897959183673469, 'recall': 0.97, 'f1-score': 0.9797979797979798, 'support': 200.0}, 'ack': {'precision': 0.961352657004831, 'recall': 0.995, 'f1-score': 0.977886977886978, 'support': 200.0}, 'combo': {'precision': 0.9897959183673469, 'recall': 0.97, 'f1-score': 0.9797979797979798, 'support': 200.0}, 'junk': {'precision': 0.9656862745098039, 'recall': 0.985, 'f1-score': 0.9752475247524752, 'support': 200.0}, 'scan': {'precision': 0.99, 'recall': 0.99, 'f1-score': 0.99, 'support': 200.0}, 'syn': {'precision': 0.9950248756218906, 'recall': 1.0, 'f1-score': 0.9975062344139651, 'support': 200.0}, 'tcp': {'precision': 1.0, 'recall': 1.0, 'f1-score': 1.0, 'support': 200.0}, 'udp': {'precision': 0.9948186528497409, 'recall': 0.96, 'f1-score': 0.9770992366412213, 'support': 200.0}, 'udpplain': {'precision': 0.9852216748768473, 'recall': 1.0, 'f1-score': 0.9925558312655086, 'support': 200.0}, 'accuracy': 0.9855555555555555, 'macro avg': {'precision': 0.9857439968442008, 'recall': 0.9855555555555556, 'f1-score': 0.9855435293951231, 'support': 1800.0}, 'weighted avg': {'precision': 0.9857439968442009, 'recall': 0.9855555555555555, 'f1-score': 0.985543529395123, 'support': 1800.0}}","[[194   0   0   3   2   0   0   1   0]
 [  0 199   0   0   0   0   0   0   1]
 [  0   0 194   4   0   1   0   0   1]
 [  1   0   2 197   0   0   0   0   0]
 [  1   0   0   0 198   0   0   0   1]
 [  0   0   0   0   0 200   0   0   0]
 [  0   0   0   0   0   0 200   0   0]
 [  0   8   0   0   0   0   0 192   0]
 [  0   0   0   0   0   0   0   0 200]]",0.0007390975952148438,0.021847009658813477
96,N_BaIoT,-1,None,QuantileTransformer,LDA,0.883482619824731,-1,-1,97.61728395061728,89.27777777777777,1.3402777777777777,90.39217258871619,87.82150355519241,-1,"{'0Normal': {'precision': 0.9949748743718593, 'recall': 0.99, 'f1-score': 0.9924812030075189, 'support': 200.0}, 'ack': {'precision': 0.8065843621399177, 'recall': 0.98, 'f1-score': 0.8848758465011287, 'support': 200.0}, 'combo': {'precision': 0.8546255506607929, 'recall': 0.97, 'f1-score': 0.9086651053864169, 'support': 200.0}, 'junk': {'precision': 0.9940476190476191, 'recall': 0.835, 'f1-score': 0.9076086956521738, 'support': 200.0}, 'scan': {'precision': 0.919431279620853, 'recall': 0.97, 'f1-score': 0.9440389294403893, 'support': 200.0}, 'syn': {'precision': 0.9900497512437811, 'recall': 0.995, 'f1-score': 0.9925187032418954, 'support': 200.0}, 'tcp': {'precision': 0.7194244604316546, 'recall': 1.0, 'f1-score': 0.8368200836820083, 'support': 200.0}, 'udp': {'precision': 0.8857142857142857, 'recall': 0.31, 'f1-score': 0.45925925925925926, 'support': 200.0}, 'udpplain': {'precision': 0.9704433497536946, 'recall': 0.985, 'f1-score': 0.977667493796526, 'support': 200.0}, 'accuracy': 0.8927777777777778, 'macro avg': {'precision': 0.9039217258871619, 'recall': 0.8927777777777778, 'f1-score': 0.878215035551924, 'support': 1800.0}, 'weighted avg': {'precision': 0.9039217258871619, 'recall': 0.8927777777777778, 'f1-score': 0.8782150355519239, 'support': 1800.0}}","[[198   1   0   0   0   0   0   1   0]
 [  0 196   0   0   0   0   0   4   0]
 [  0   0 194   1   0   0   0   0   5]
 [  0   0  33 167   0   0   0   0   0]
 [  1   0   0   0 194   2   0   2   1]
 [  0   0   0   0   0 199   0   1   0]
 [  0   0   0   0   0   0 200   0   0]
 [  0  43   0   0  17   0  78  62   0]
 [  0   3   0   0   0   0   0   0 197]]",0.02151012420654297,0.00044226646423339844
97,N_BaIoT,-1,None,QuantileTransformer,MLP,0.9943832865619154,-1,-1,99.8888888888889,99.5,0.0625,99.50842796935925,99.50094119853364,-1,"{'0Normal': {'precision': 0.9900497512437811, 'recall': 0.995, 'f1-score': 0.9925187032418954, 'support': 200.0}, 'ack': {'precision': 1.0, 'recall': 1.0, 'f1-score': 1.0, 'support': 200.0}, 'combo': {'precision': 1.0, 'recall': 1.0, 'f1-score': 1.0, 'support': 200.0}, 'junk': {'precision': 1.0, 'recall': 0.995, 'f1-score': 0.9974937343358395, 'support': 200.0}, 'scan': {'precision': 1.0, 'recall': 0.99, 'f1-score': 0.9949748743718593, 'support': 200.0}, 'syn': {'precision': 1.0, 'recall': 0.99, 'f1-score': 0.9949748743718593, 'support': 200.0}, 'tcp': {'precision': 1.0, 'recall': 0.985, 'f1-score': 0.9924433249370278, 'support': 200.0}, 'udp': {'precision': 0.975609756097561, 'recall': 1.0, 'f1-score': 0.9876543209876543, 'support': 200.0}, 'udpplain': {'precision': 0.9900990099009901, 'recall': 1.0, 'f1-score': 0.9950248756218906, 'support': 200.0}, 'accuracy': 0.995, 'macro avg': {'precision': 0.9950842796935925, 'recall': 0.995, 'f1-score': 0.9950094119853363, 'support': 1800.0}, 'weighted avg': {'precision': 0.9950842796935926, 'recall': 0.995, 'f1-score': 0.9950094119853363, 'support': 1800.0}}","[[199   0   0   0   0   0   0   0   1]
 [  0 200   0   0   0   0   0   0   0]
 [  0   0 200   0   0   0   0   0   0]
 [  0   0   0 199   0   0   0   0   1]
 [  2   0   0   0 198   0   0   0   0]
 [  0   0   0   0   0 198   0   2   0]
 [  0   0   0   0   0   0 197   3   0]
 [  0   0   0   0   0   0   0 200   0]
 [  0   0   0   0   0   0   0   0 200]]",1.4574127197265625,0.0013966560363769531
98,N_BaIoT,-1,None,QuantileTransformer,LGBM,0.998128119155246,-1,-1,99.96296296296296,99.83333333333333,0.020833333333333336,99.83579638752053,99.83332395780597,-1,"{'0Normal': {'precision': 1.0, 'recall': 1.0, 'f1-score': 1.0, 'support': 200.0}, 'ack': {'precision': 1.0, 'recall': 1.0, 'f1-score': 1.0, 'support': 200.0}, 'combo': {'precision': 1.0, 'recall': 1.0, 'f1-score': 1.0, 'support': 200.0}, 'junk': {'precision': 1.0, 'recall': 1.0, 'f1-score': 1.0, 'support': 200.0}, 'scan': {'precision': 1.0, 'recall': 1.0, 'f1-score': 1.0, 'support': 200.0}, 'syn': {'precision': 1.0, 'recall': 1.0, 'f1-score': 1.0, 'support': 200.0}, 'tcp': {'precision': 0.9852216748768473, 'recall': 1.0, 'f1-score': 0.9925558312655086, 'support': 200.0}, 'udp': {'precision': 1.0, 'recall': 0.985, 'f1-score': 0.9924433249370278, 'support': 200.0}, 'udpplain': {'precision': 1.0, 'recall': 1.0, 'f1-score': 1.0, 'support': 200.0}, 'accuracy': 0.9983333333333333, 'macro avg': {'precision': 0.9983579638752053, 'recall': 0.9983333333333333, 'f1-score': 0.9983332395780598, 'support': 1800.0}, 'weighted avg': {'precision': 0.9983579638752054, 'recall': 0.9983333333333333, 'f1-score': 0.9983332395780596, 'support': 1800.0}}","[[200   0   0   0   0   0   0   0   0]
 [  0 200   0   0   0   0   0   0   0]
 [  0   0 200   0   0   0   0   0   0]
 [  0   0   0 200   0   0   0   0   0]
 [  0   0   0   0 200   0   0   0   0]
 [  0   0   0   0   0 200   0   0   0]
 [  0   0   0   0   0   0 200   0   0]
 [  0   0   0   0   0   0   3 197   0]
 [  0   0   0   0   0   0   0   0 200]]",1.919712781906128,0.011113405227661133
99,N_BaIoT,-1,None,QuantileTransformer,RF,0.9987510403662089,-1,-1,99.97530864197532,99.8888888888889,0.013888888888888888,99.88944168048646,99.88874825777543,-1,"{'0Normal': {'precision': 0.9950248756218906, 'recall': 1.0, 'f1-score': 0.9975062344139651, 'support': 200.0}, 'ack': {'precision': 1.0, 'recall': 1.0, 'f1-score': 1.0, 'support': 200.0}, 'combo': {'precision': 1.0, 'recall': 1.0, 'f1-score': 1.0, 'support': 200.0}, 'junk': {'precision': 0.9950248756218906, 'recall': 1.0, 'f1-score': 0.9975062344139651, 'support': 200.0}, 'scan': {'precision': 1.0, 'recall': 0.99, 'f1-score': 0.9949748743718593, 'support': 200.0}, 'syn': {'precision': 1.0, 'recall': 1.0, 'f1-score': 1.0, 'support': 200.0}, 'tcp': {'precision': 1.0, 'recall': 1.0, 'f1-score': 1.0, 'support': 200.0}, 'udp': {'precision': 1.0, 'recall': 1.0, 'f1-score': 1.0, 'support': 200.0}, 'udpplain': {'precision': 1.0, 'recall': 1.0, 'f1-score': 1.0, 'support': 200.0}, 'accuracy': 0.9988888888888889, 'macro avg': {'precision': 0.9988944168048646, 'recall': 0.9988888888888889, 'f1-score': 0.9988874825777544, 'support': 1800.0}, 'weighted avg': {'precision': 0.9988944168048646, 'recall': 0.9988888888888889, 'f1-score': 0.9988874825777543, 'support': 1800.0}}","[[200   0   0   0   0   0   0   0   0]
 [  0 200   0   0   0   0   0   0   0]
 [  0   0 200   0   0   0   0   0   0]
 [  0   0   0 200   0   0   0   0   0]
 [  1   0   0   1 198   0   0   0   0]
 [  0   0   0   0   0 200   0   0   0]
 [  0   0   0   0   0   0 200   0   0]
 [  0   0   0   0   0   0   0 200   0]
 [  0   0   0   0   0   0   0   0 200]]",1.1359453201293945,0.011120080947875977
100,N_BaIoT,-1,None,QuantileTransformer,NuSVC,0.9762923747205964,-1,-1,99.53086419753086,97.88888888888887,0.2638888888888889,97.92232346299348,97.88874366493717,-1,"{'0Normal': {'precision': 0.9895833333333334, 'recall': 0.95, 'f1-score': 0.9693877551020408, 'support': 200.0}, 'ack': {'precision': 0.9900497512437811, 'recall': 0.995, 'f1-score': 0.9925187032418954, 'support': 200.0}, 'combo': {'precision': 0.9554455445544554, 'recall': 0.965, 'f1-score': 0.9601990049751244, 'support': 200.0}, 'junk': {'precision': 0.9795918367346939, 'recall': 0.96, 'f1-score': 0.9696969696969697, 'support': 200.0}, 'scan': {'precision': 0.9753694581280788, 'recall': 0.99, 'f1-score': 0.9826302729528535, 'support': 200.0}, 'syn': {'precision': 1.0, 'recall': 0.97, 'f1-score': 0.9847715736040609, 'support': 200.0}, 'tcp': {'precision': 1.0, 'recall': 0.99, 'f1-score': 0.9949748743718593, 'support': 200.0}, 'udp': {'precision': 0.9705882352941176, 'recall': 0.99, 'f1-score': 0.9801980198019802, 'support': 200.0}, 'udpplain': {'precision': 0.9523809523809523, 'recall': 1.0, 'f1-score': 0.975609756097561, 'support': 200.0}, 'accuracy': 0.9788888888888889, 'macro avg': {'precision': 0.9792232346299348, 'recall': 0.9788888888888887, 'f1-score': 0.9788874366493717, 'support': 1800.0}, 'weighted avg': {'precision': 0.9792232346299347, 'recall': 0.9788888888888889, 'f1-score': 0.9788874366493716, 'support': 1800.0}}","[[190   0   1   2   1   0   0   4   2]
 [  0 199   0   0   0   0   0   0   1]
 [  0   0 193   2   0   0   0   0   5]
 [  1   0   6 192   0   0   0   0   1]
 [  1   0   0   0 198   0   0   0   1]
 [  0   0   2   0   4 194   0   0   0]
 [  0   0   0   0   0   0 198   2   0]
 [  0   2   0   0   0   0   0 198   0]
 [  0   0   0   0   0   0   0   0 200]]",1.0068118572235107,0.32202792167663574
101,N_BaIoT,-1,None,QuantileTransformer,SGD,0.9115922456379842,-1,-1,98.22222222222223,92.0,1.0,92.67193775624854,91.78835899246134,-1,"{'0Normal': {'precision': 0.9900497512437811, 'recall': 0.995, 'f1-score': 0.9925187032418954, 'support': 200.0}, 'ack': {'precision': 0.9884393063583815, 'recall': 0.855, 'f1-score': 0.9168900804289545, 'support': 200.0}, 'combo': {'precision': 0.9751243781094527, 'recall': 0.98, 'f1-score': 0.9775561097256857, 'support': 200.0}, 'junk': {'precision': 0.98, 'recall': 0.98, 'f1-score': 0.98, 'support': 200.0}, 'scan': {'precision': 0.8761061946902655, 'recall': 0.99, 'f1-score': 0.9295774647887325, 'support': 200.0}, 'syn': {'precision': 1.0, 'recall': 0.885, 'f1-score': 0.9389920424403183, 'support': 200.0}, 'tcp': {'precision': 0.7352941176470589, 'recall': 1.0, 'f1-score': 0.8474576271186441, 'support': 200.0}, 'udp': {'precision': 0.815068493150685, 'recall': 0.595, 'f1-score': 0.6878612716763005, 'support': 200.0}, 'udpplain': {'precision': 0.9803921568627451, 'recall': 1.0, 'f1-score': 0.99009900990099, 'support': 200.0}, 'accuracy': 0.92, 'macro avg': {'precision': 0.9267193775624855, 'recall': 0.9199999999999999, 'f1-score': 0.9178835899246134, 'support': 1800.0}, 'weighted avg': {'precision': 0.9267193775624856, 'recall': 0.92, 'f1-score': 0.9178835899246135, 'support': 1800.0}}","[[199   0   0   0   1   0   0   0   0]
 [  0 171   0   0   1   0   0  25   3]
 [  0   0 196   3   0   0   0   1   0]
 [  1   0   3 196   0   0   0   0   0]
 [  1   0   0   0 198   0   0   0   1]
 [  0   0   0   0  22 177   0   1   0]
 [  0   0   0   0   0   0 200   0   0]
 [  0   2   2   1   4   0  72 119   0]
 [  0   0   0   0   0   0   0   0 200]]",0.20159101486206055,0.0005209445953369141
102,N_BaIoT,-1,linear,QuantileTransformer,HHHv2,0.8530075962249772,-1,-1,97.01234567901234,87.49026110609157,1.6805555555555556,86.55555555555556,84.88811621042782,-1,"{'0Normal': {'precision': 0.98, 'recall': 0.9949238578680203, 'f1-score': 0.9874055415617129, 'support': 197.0}, 'ack': {'precision': 0.8, 'recall': 0.7692307692307693, 'f1-score': 0.7843137254901961, 'support': 208.0}, 'combo': {'precision': 0.97, 'recall': 0.8546255506607929, 'f1-score': 0.9086651053864169, 'support': 227.0}, 'junk': {'precision': 0.825, 'recall': 0.9939759036144579, 'f1-score': 0.901639344262295, 'support': 166.0}, 'scan': {'precision': 0.99, 'recall': 0.8571428571428571, 'f1-score': 0.9187935034802784, 'support': 231.0}, 'syn': {'precision': 0.95, 'recall': 0.9947643979057592, 'f1-score': 0.9718670076726342, 'support': 191.0}, 'tcp': {'precision': 1.0, 'recall': 0.7194244604316546, 'f1-score': 0.8368200836820083, 'support': 278.0}, 'udp': {'precision': 0.275, 'recall': 0.8461538461538461, 'f1-score': 0.41509433962264153, 'support': 65.0}, 'udpplain': {'precision': 1.0, 'recall': 0.8438818565400844, 'f1-score': 0.9153318077803204, 'support': 237.0}, 'accuracy': 0.8655555555555555, 'macro avg': {'precision': 0.8655555555555555, 'recall': 0.8749026110609157, 'f1-score': 0.8488811621042782, 'support': 1800.0}, 'weighted avg': {'precision': 0.9220083333333333, 'recall': 0.8655555555555555, 'f1-score': 0.8822299490068328, 'support': 1800.0}}","[[196   0   0   0   1   0   0   0   0]
 [  2 160   0   0   0   0   0  46   0]
 [  0   0 194  33   0   0   0   0   0]
 [  0   0   1 165   0   0   0   0   0]
 [  0   3   0   1 198   8   0  21   0]
 [  1   0   0   0   0 190   0   0   0]
 [  0   0   0   0   0   0 200  78   0]
 [  1   7   0   0   0   2   0  55   0]
 [  0  30   5   1   1   0   0   0 200]]",315.86957359313965,0.031762123107910156
103,N_BaIoT,-1,None,QuantileTransformer,KNN,0.9837766443115967,-1,-1,99.67901234567901,98.55555555555556,0.18055555555555555,98.57439968442007,98.55435293951231,-1,"{'0Normal': {'precision': 0.9897959183673469, 'recall': 0.97, 'f1-score': 0.9797979797979798, 'support': 200.0}, 'ack': {'precision': 0.961352657004831, 'recall': 0.995, 'f1-score': 0.977886977886978, 'support': 200.0}, 'combo': {'precision': 0.9897959183673469, 'recall': 0.97, 'f1-score': 0.9797979797979798, 'support': 200.0}, 'junk': {'precision': 0.9656862745098039, 'recall': 0.985, 'f1-score': 0.9752475247524752, 'support': 200.0}, 'scan': {'precision': 0.99, 'recall': 0.99, 'f1-score': 0.99, 'support': 200.0}, 'syn': {'precision': 0.9950248756218906, 'recall': 1.0, 'f1-score': 0.9975062344139651, 'support': 200.0}, 'tcp': {'precision': 1.0, 'recall': 1.0, 'f1-score': 1.0, 'support': 200.0}, 'udp': {'precision': 0.9948186528497409, 'recall': 0.96, 'f1-score': 0.9770992366412213, 'support': 200.0}, 'udpplain': {'precision': 0.9852216748768473, 'recall': 1.0, 'f1-score': 0.9925558312655086, 'support': 200.0}, 'accuracy': 0.9855555555555555, 'macro avg': {'precision': 0.9857439968442008, 'recall': 0.9855555555555556, 'f1-score': 0.9855435293951231, 'support': 1800.0}, 'weighted avg': {'precision': 0.9857439968442009, 'recall': 0.9855555555555555, 'f1-score': 0.985543529395123, 'support': 1800.0}}","[[194   0   0   3   2   0   0   1   0]
 [  0 199   0   0   0   0   0   0   1]
 [  0   0 194   4   0   1   0   0   1]
 [  1   0   2 197   0   0   0   0   0]
 [  1   0   0   0 198   0   0   0   1]
 [  0   0   0   0   0 200   0   0   0]
 [  0   0   0   0   0   0 200   0   0]
 [  0   8   0   0   0   0   0 192   0]
 [  0   0   0   0   0   0   0   0 200]]",0.0007340908050537109,0.02167367935180664
104,N_BaIoT,-1,None,QuantileTransformer,LDA,0.883482619824731,-1,-1,97.61728395061728,89.27777777777777,1.3402777777777777,90.39217258871619,87.82150355519241,-1,"{'0Normal': {'precision': 0.9949748743718593, 'recall': 0.99, 'f1-score': 0.9924812030075189, 'support': 200.0}, 'ack': {'precision': 0.8065843621399177, 'recall': 0.98, 'f1-score': 0.8848758465011287, 'support': 200.0}, 'combo': {'precision': 0.8546255506607929, 'recall': 0.97, 'f1-score': 0.9086651053864169, 'support': 200.0}, 'junk': {'precision': 0.9940476190476191, 'recall': 0.835, 'f1-score': 0.9076086956521738, 'support': 200.0}, 'scan': {'precision': 0.919431279620853, 'recall': 0.97, 'f1-score': 0.9440389294403893, 'support': 200.0}, 'syn': {'precision': 0.9900497512437811, 'recall': 0.995, 'f1-score': 0.9925187032418954, 'support': 200.0}, 'tcp': {'precision': 0.7194244604316546, 'recall': 1.0, 'f1-score': 0.8368200836820083, 'support': 200.0}, 'udp': {'precision': 0.8857142857142857, 'recall': 0.31, 'f1-score': 0.45925925925925926, 'support': 200.0}, 'udpplain': {'precision': 0.9704433497536946, 'recall': 0.985, 'f1-score': 0.977667493796526, 'support': 200.0}, 'accuracy': 0.8927777777777778, 'macro avg': {'precision': 0.9039217258871619, 'recall': 0.8927777777777778, 'f1-score': 0.878215035551924, 'support': 1800.0}, 'weighted avg': {'precision': 0.9039217258871619, 'recall': 0.8927777777777778, 'f1-score': 0.8782150355519239, 'support': 1800.0}}","[[198   1   0   0   0   0   0   1   0]
 [  0 196   0   0   0   0   0   4   0]
 [  0   0 194   1   0   0   0   0   5]
 [  0   0  33 167   0   0   0   0   0]
 [  1   0   0   0 194   2   0   2   1]
 [  0   0   0   0   0 199   0   1   0]
 [  0   0   0   0   0   0 200   0   0]
 [  0  43   0   0  17   0  78  62   0]
 [  0   3   0   0   0   0   0   0 197]]",0.06010079383850098,0.0005016326904296875
105,N_BaIoT,-1,None,QuantileTransformer,MLP,0.9943832865619154,-1,-1,99.8888888888889,99.5,0.0625,99.50842796935925,99.50094119853364,-1,"{'0Normal': {'precision': 0.9900497512437811, 'recall': 0.995, 'f1-score': 0.9925187032418954, 'support': 200.0}, 'ack': {'precision': 1.0, 'recall': 1.0, 'f1-score': 1.0, 'support': 200.0}, 'combo': {'precision': 1.0, 'recall': 1.0, 'f1-score': 1.0, 'support': 200.0}, 'junk': {'precision': 1.0, 'recall': 0.995, 'f1-score': 0.9974937343358395, 'support': 200.0}, 'scan': {'precision': 1.0, 'recall': 0.99, 'f1-score': 0.9949748743718593, 'support': 200.0}, 'syn': {'precision': 1.0, 'recall': 0.99, 'f1-score': 0.9949748743718593, 'support': 200.0}, 'tcp': {'precision': 1.0, 'recall': 0.985, 'f1-score': 0.9924433249370278, 'support': 200.0}, 'udp': {'precision': 0.975609756097561, 'recall': 1.0, 'f1-score': 0.9876543209876543, 'support': 200.0}, 'udpplain': {'precision': 0.9900990099009901, 'recall': 1.0, 'f1-score': 0.9950248756218906, 'support': 200.0}, 'accuracy': 0.995, 'macro avg': {'precision': 0.9950842796935925, 'recall': 0.995, 'f1-score': 0.9950094119853363, 'support': 1800.0}, 'weighted avg': {'precision': 0.9950842796935926, 'recall': 0.995, 'f1-score': 0.9950094119853363, 'support': 1800.0}}","[[199   0   0   0   0   0   0   0   1]
 [  0 200   0   0   0   0   0   0   0]
 [  0   0 200   0   0   0   0   0   0]
 [  0   0   0 199   0   0   0   0   1]
 [  2   0   0   0 198   0   0   0   0]
 [  0   0   0   0   0 198   0   2   0]
 [  0   0   0   0   0   0 197   3   0]
 [  0   0   0   0   0   0   0 200   0]
 [  0   0   0   0   0   0   0   0 200]]",1.4425725936889648,0.0008864402770996094
106,N_BaIoT,-1,None,QuantileTransformer,LGBM,0.998128119155246,-1,-1,99.96296296296296,99.83333333333333,0.020833333333333336,99.83579638752053,99.83332395780597,-1,"{'0Normal': {'precision': 1.0, 'recall': 1.0, 'f1-score': 1.0, 'support': 200.0}, 'ack': {'precision': 1.0, 'recall': 1.0, 'f1-score': 1.0, 'support': 200.0}, 'combo': {'precision': 1.0, 'recall': 1.0, 'f1-score': 1.0, 'support': 200.0}, 'junk': {'precision': 1.0, 'recall': 1.0, 'f1-score': 1.0, 'support': 200.0}, 'scan': {'precision': 1.0, 'recall': 1.0, 'f1-score': 1.0, 'support': 200.0}, 'syn': {'precision': 1.0, 'recall': 1.0, 'f1-score': 1.0, 'support': 200.0}, 'tcp': {'precision': 0.9852216748768473, 'recall': 1.0, 'f1-score': 0.9925558312655086, 'support': 200.0}, 'udp': {'precision': 1.0, 'recall': 0.985, 'f1-score': 0.9924433249370278, 'support': 200.0}, 'udpplain': {'precision': 1.0, 'recall': 1.0, 'f1-score': 1.0, 'support': 200.0}, 'accuracy': 0.9983333333333333, 'macro avg': {'precision': 0.9983579638752053, 'recall': 0.9983333333333333, 'f1-score': 0.9983332395780598, 'support': 1800.0}, 'weighted avg': {'precision': 0.9983579638752054, 'recall': 0.9983333333333333, 'f1-score': 0.9983332395780596, 'support': 1800.0}}","[[200   0   0   0   0   0   0   0   0]
 [  0 200   0   0   0   0   0   0   0]
 [  0   0 200   0   0   0   0   0   0]
 [  0   0   0 200   0   0   0   0   0]
 [  0   0   0   0 200   0   0   0   0]
 [  0   0   0   0   0 200   0   0   0]
 [  0   0   0   0   0   0 200   0   0]
 [  0   0   0   0   0   0   3 197   0]
 [  0   0   0   0   0   0   0   0 200]]",1.9650321006774902,0.012091398239135742
107,N_BaIoT,-1,None,QuantileTransformer,RF,0.9987510403662089,-1,-1,99.97530864197532,99.8888888888889,0.013888888888888888,99.88944168048646,99.88874825777543,-1,"{'0Normal': {'precision': 0.9950248756218906, 'recall': 1.0, 'f1-score': 0.9975062344139651, 'support': 200.0}, 'ack': {'precision': 1.0, 'recall': 1.0, 'f1-score': 1.0, 'support': 200.0}, 'combo': {'precision': 1.0, 'recall': 1.0, 'f1-score': 1.0, 'support': 200.0}, 'junk': {'precision': 0.9950248756218906, 'recall': 1.0, 'f1-score': 0.9975062344139651, 'support': 200.0}, 'scan': {'precision': 1.0, 'recall': 0.99, 'f1-score': 0.9949748743718593, 'support': 200.0}, 'syn': {'precision': 1.0, 'recall': 1.0, 'f1-score': 1.0, 'support': 200.0}, 'tcp': {'precision': 1.0, 'recall': 1.0, 'f1-score': 1.0, 'support': 200.0}, 'udp': {'precision': 1.0, 'recall': 1.0, 'f1-score': 1.0, 'support': 200.0}, 'udpplain': {'precision': 1.0, 'recall': 1.0, 'f1-score': 1.0, 'support': 200.0}, 'accuracy': 0.9988888888888889, 'macro avg': {'precision': 0.9988944168048646, 'recall': 0.9988888888888889, 'f1-score': 0.9988874825777544, 'support': 1800.0}, 'weighted avg': {'precision': 0.9988944168048646, 'recall': 0.9988888888888889, 'f1-score': 0.9988874825777543, 'support': 1800.0}}","[[200   0   0   0   0   0   0   0   0]
 [  0 200   0   0   0   0   0   0   0]
 [  0   0 200   0   0   0   0   0   0]
 [  0   0   0 200   0   0   0   0   0]
 [  1   0   0   1 198   0   0   0   0]
 [  0   0   0   0   0 200   0   0   0]
 [  0   0   0   0   0   0 200   0   0]
 [  0   0   0   0   0   0   0 200   0]
 [  0   0   0   0   0   0   0   0 200]]",1.1364257335662842,0.0112457275390625
108,N_BaIoT,-1,None,QuantileTransformer,NuSVC,0.9762923747205964,-1,-1,99.53086419753086,97.88888888888887,0.2638888888888889,97.92232346299348,97.88874366493717,-1,"{'0Normal': {'precision': 0.9895833333333334, 'recall': 0.95, 'f1-score': 0.9693877551020408, 'support': 200.0}, 'ack': {'precision': 0.9900497512437811, 'recall': 0.995, 'f1-score': 0.9925187032418954, 'support': 200.0}, 'combo': {'precision': 0.9554455445544554, 'recall': 0.965, 'f1-score': 0.9601990049751244, 'support': 200.0}, 'junk': {'precision': 0.9795918367346939, 'recall': 0.96, 'f1-score': 0.9696969696969697, 'support': 200.0}, 'scan': {'precision': 0.9753694581280788, 'recall': 0.99, 'f1-score': 0.9826302729528535, 'support': 200.0}, 'syn': {'precision': 1.0, 'recall': 0.97, 'f1-score': 0.9847715736040609, 'support': 200.0}, 'tcp': {'precision': 1.0, 'recall': 0.99, 'f1-score': 0.9949748743718593, 'support': 200.0}, 'udp': {'precision': 0.9705882352941176, 'recall': 0.99, 'f1-score': 0.9801980198019802, 'support': 200.0}, 'udpplain': {'precision': 0.9523809523809523, 'recall': 1.0, 'f1-score': 0.975609756097561, 'support': 200.0}, 'accuracy': 0.9788888888888889, 'macro avg': {'precision': 0.9792232346299348, 'recall': 0.9788888888888887, 'f1-score': 0.9788874366493717, 'support': 1800.0}, 'weighted avg': {'precision': 0.9792232346299347, 'recall': 0.9788888888888889, 'f1-score': 0.9788874366493716, 'support': 1800.0}}","[[190   0   1   2   1   0   0   4   2]
 [  0 199   0   0   0   0   0   0   1]
 [  0   0 193   2   0   0   0   0   5]
 [  1   0   6 192   0   0   0   0   1]
 [  1   0   0   0 198   0   0   0   1]
 [  0   0   2   0   4 194   0   0   0]
 [  0   0   0   0   0   0 198   2   0]
 [  0   2   0   0   0   0   0 198   0]
 [  0   0   0   0   0   0   0   0 200]]",1.00160551071167,0.30036377906799316
109,N_BaIoT,-1,None,QuantileTransformer,SGD,0.9115922456379842,-1,-1,98.22222222222223,92.0,1.0,92.67193775624854,91.78835899246134,-1,"{'0Normal': {'precision': 0.9900497512437811, 'recall': 0.995, 'f1-score': 0.9925187032418954, 'support': 200.0}, 'ack': {'precision': 0.9884393063583815, 'recall': 0.855, 'f1-score': 0.9168900804289545, 'support': 200.0}, 'combo': {'precision': 0.9751243781094527, 'recall': 0.98, 'f1-score': 0.9775561097256857, 'support': 200.0}, 'junk': {'precision': 0.98, 'recall': 0.98, 'f1-score': 0.98, 'support': 200.0}, 'scan': {'precision': 0.8761061946902655, 'recall': 0.99, 'f1-score': 0.9295774647887325, 'support': 200.0}, 'syn': {'precision': 1.0, 'recall': 0.885, 'f1-score': 0.9389920424403183, 'support': 200.0}, 'tcp': {'precision': 0.7352941176470589, 'recall': 1.0, 'f1-score': 0.8474576271186441, 'support': 200.0}, 'udp': {'precision': 0.815068493150685, 'recall': 0.595, 'f1-score': 0.6878612716763005, 'support': 200.0}, 'udpplain': {'precision': 0.9803921568627451, 'recall': 1.0, 'f1-score': 0.99009900990099, 'support': 200.0}, 'accuracy': 0.92, 'macro avg': {'precision': 0.9267193775624855, 'recall': 0.9199999999999999, 'f1-score': 0.9178835899246134, 'support': 1800.0}, 'weighted avg': {'precision': 0.9267193775624856, 'recall': 0.92, 'f1-score': 0.9178835899246135, 'support': 1800.0}}","[[199   0   0   0   1   0   0   0   0]
 [  0 171   0   0   1   0   0  25   3]
 [  0   0 196   3   0   0   0   1   0]
 [  1   0   3 196   0   0   0   0   0]
 [  1   0   0   0 198   0   0   0   1]
 [  0   0   0   0  22 177   0   1   0]
 [  0   0   0   0   0   0 200   0   0]
 [  0   2   2   1   4   0  72 119   0]
 [  0   0   0   0   0   0   0   0 200]]",0.20051217079162598,0.0006992816925048828
110,N_BaIoT,-1,sigmoid,QuantileTransformer,HHHv2,0.5967890450067596,-1,-1,92.01234567901234,63.56431966283318,4.493055555555555,64.05555555555557,63.30527054140982,-1,"{'0Normal': {'precision': 0.675, 'recall': 0.5895196506550219, 'f1-score': 0.6293706293706295, 'support': 229.0}, 'ack': {'precision': 0.485, 'recall': 0.6339869281045751, 'f1-score': 0.5495750708215298, 'support': 153.0}, 'combo': {'precision': 0.595, 'recall': 0.595, 'f1-score': 0.595, 'support': 200.0}, 'junk': {'precision': 0.59, 'recall': 0.6051282051282051, 'f1-score': 0.5974683544303797, 'support': 195.0}, 'scan': {'precision': 0.615, 'recall': 0.7151162790697675, 'f1-score': 0.6612903225806451, 'support': 172.0}, 'syn': {'precision': 0.63, 'recall': 0.7241379310344828, 'f1-score': 0.6737967914438503, 'support': 174.0}, 'tcp': {'precision': 1.0, 'recall': 0.7326007326007326, 'f1-score': 0.8456659619450316, 'support': 273.0}, 'udp': {'precision': 0.81, 'recall': 0.7105263157894737, 'f1-score': 0.7570093457943925, 'support': 228.0}, 'udpplain': {'precision': 0.365, 'recall': 0.4147727272727273, 'f1-score': 0.38829787234042556, 'support': 176.0}, 'accuracy': 0.6405555555555555, 'macro avg': {'precision': 0.6405555555555557, 'recall': 0.6356431966283318, 'f1-score': 0.6330527054140982, 'support': 1800.0}, 'weighted avg': {'precision': 0.6667500000000001, 'recall': 0.6405555555555555, 'f1-score': 0.6480584056970129, 'support': 1800.0}}","[[135   5  11   5  21   1   0   2  49]
 [  3  97  11  17   8  12   0   2   3]
 [ 24  11 119   7  11   5   0   4  19]
 [ 12  11   9 118   8   9   0   7  21]
 [  2   9   7  10 123   6   0   3  12]
 [  1  17  12   3   5 126   0   7   3]
 [  6  15  10   9   8  12 200   7   6]
 [ 15  11  11   5   2   8   0 162  14]
 [  2  24  10  26  14  21   0   6  73]]",316.6843852996826,0.09444069862365723
