,Data Type,Poly,Kernel,SCALER,Model,MCC,NDR,AUC_N,ACC,TPR Macro,FPR,PPV Macro,F1 Macro,AUC,CLS Report,CFS Matrix,Training time,Test time
0,IoTID20,2,None,QuantileTransformer,KNN,0.7092752798632731,-1,-1,90.68,76.7,5.825,76.27252869966438,76.3795467471043,-1,"{'0Normal': {'precision': 0.8065934065934066, 'recall': 0.9175, 'f1-score': 0.8584795321637427, 'support': 400.0}, 'DoS': {'precision': 1.0, 'recall': 0.9925, 'f1-score': 0.9962358845671266, 'support': 400.0}, 'MITM ARP Spoofing': {'precision': 0.6277777777777778, 'recall': 0.565, 'f1-score': 0.5947368421052631, 'support': 400.0}, 'Mirai': {'precision': 0.7613065326633166, 'recall': 0.7575, 'f1-score': 0.7593984962406015, 'support': 400.0}, 'Scan': {'precision': 0.617948717948718, 'recall': 0.6025, 'f1-score': 0.610126582278481, 'support': 400.0}, 'accuracy': 0.767, 'macro avg': {'precision': 0.7627252869966438, 'recall': 0.767, 'f1-score': 0.763795467471043, 'support': 2000.0}, 'weighted avg': {'precision': 0.7627252869966438, 'recall': 0.767, 'f1-score': 0.7637954674710429, 'support': 2000.0}}","[[367   0   7   6  20]
 [  1 397   0   2   0]
 [ 32   0 226  53  89]
 [ 12   0  45 303  40]
 [ 43   0  82  34 241]]",0.004706859588623047,0.19778871536254883
1,IoTID20,2,None,QuantileTransformer,LDA,0.761410848413469,-1,-1,92.34,80.85,4.7875,81.31068419180762,80.93119814707104,-1,"{'0Normal': {'precision': 0.9267015706806283, 'recall': 0.885, 'f1-score': 0.9053708439897699, 'support': 400.0}, 'DoS': {'precision': 0.9900497512437811, 'recall': 0.995, 'f1-score': 0.9925187032418954, 'support': 400.0}, 'MITM ARP Spoofing': {'precision': 0.6708229426433915, 'recall': 0.6725, 'f1-score': 0.6716604244694132, 'support': 400.0}, 'Mirai': {'precision': 0.7954545454545454, 'recall': 0.7, 'f1-score': 0.7446808510638298, 'support': 400.0}, 'Scan': {'precision': 0.6825053995680346, 'recall': 0.79, 'f1-score': 0.7323290845886442, 'support': 400.0}, 'accuracy': 0.8085, 'macro avg': {'precision': 0.8131068419180763, 'recall': 0.8084999999999999, 'f1-score': 0.8093119814707105, 'support': 2000.0}, 'weighted avg': {'precision': 0.8131068419180763, 'recall': 0.8085, 'f1-score': 0.8093119814707105, 'support': 2000.0}}","[[354   0  15   9  22]
 [  0 398   1   1   0]
 [ 10   0 269  46  75]
 [ 12   2  56 280  50]
 [  6   2  60  16 316]]",6.74076247215271,0.004941463470458984
2,IoTID20,2,None,QuantileTransformer,MLP,0.7402487791754337,-1,-1,91.46,78.64999999999999,5.3374999999999995,81.32327792184049,78.959899624886,-1,"{'0Normal': {'precision': 0.9857954545454546, 'recall': 0.8675, 'f1-score': 0.9228723404255319, 'support': 400.0}, 'DoS': {'precision': 0.9974937343358395, 'recall': 0.995, 'f1-score': 0.9962453066332916, 'support': 400.0}, 'MITM ARP Spoofing': {'precision': 0.6321070234113713, 'recall': 0.4725, 'f1-score': 0.5407725321888412, 'support': 400.0}, 'Mirai': {'precision': 0.908284023668639, 'recall': 0.7675, 'f1-score': 0.8319783197831978, 'support': 400.0}, 'Scan': {'precision': 0.5424836601307189, 'recall': 0.83, 'f1-score': 0.6561264822134386, 'support': 400.0}, 'accuracy': 0.7865, 'macro avg': {'precision': 0.8132327792184049, 'recall': 0.7865, 'f1-score': 0.7895989962488601, 'support': 2000.0}, 'weighted avg': {'precision': 0.8132327792184046, 'recall': 0.7865, 'f1-score': 0.7895989962488602, 'support': 2000.0}}","[[347   0   8  11  34]
 [  2 398   0   0   0]
 [  1   0 189  15 195]
 [  1   0  41 307  51]
 [  1   1  61   5 332]]",7.3377580642700195,0.034635305404663086
3,IoTID20,2,None,QuantileTransformer,LGBM,0.9306491390251005,-1,-1,97.78,94.45,1.3875,94.47123412560548,94.45585968352191,-1,"{'0Normal': {'precision': 0.9924242424242424, 'recall': 0.9825, 'f1-score': 0.9874371859296482, 'support': 400.0}, 'DoS': {'precision': 0.9975062344139651, 'recall': 1.0, 'f1-score': 0.9987515605493134, 'support': 400.0}, 'MITM ARP Spoofing': {'precision': 0.9, 'recall': 0.9, 'f1-score': 0.9, 'support': 400.0}, 'Mirai': {'precision': 0.9287531806615776, 'recall': 0.9125, 'f1-score': 0.9205548549810845, 'support': 400.0}, 'Scan': {'precision': 0.9048780487804878, 'recall': 0.9275, 'f1-score': 0.9160493827160494, 'support': 400.0}, 'accuracy': 0.9445, 'macro avg': {'precision': 0.9447123412560547, 'recall': 0.9445, 'f1-score': 0.944558596835219, 'support': 2000.0}, 'weighted avg': {'precision': 0.9447123412560546, 'recall': 0.9445, 'f1-score': 0.944558596835219, 'support': 2000.0}}","[[393   1   0   6   0]
 [  0 400   0   0   0]
 [  2   0 360  14  24]
 [  1   0  19 365  15]
 [  0   0  21   8 371]]",13.9643075466156,0.03906106948852539
4,IoTID20,2,None,QuantileTransformer,RF,0.8713842579801019,-1,-1,95.88,89.69999999999999,2.5749999999999997,89.76663646374327,89.70600464130773,-1,"{'0Normal': {'precision': 0.9577114427860697, 'recall': 0.9625, 'f1-score': 0.9600997506234414, 'support': 400.0}, 'DoS': {'precision': 1.0, 'recall': 1.0, 'f1-score': 1.0, 'support': 400.0}, 'MITM ARP Spoofing': {'precision': 0.8019559902200489, 'recall': 0.82, 'f1-score': 0.8108776266996292, 'support': 400.0}, 'Mirai': {'precision': 0.8877005347593583, 'recall': 0.83, 'f1-score': 0.8578811369509043, 'support': 400.0}, 'Scan': {'precision': 0.8409638554216867, 'recall': 0.8725, 'f1-score': 0.8564417177914111, 'support': 400.0}, 'accuracy': 0.897, 'macro avg': {'precision': 0.8976663646374327, 'recall': 0.8969999999999999, 'f1-score': 0.8970600464130772, 'support': 2000.0}, 'weighted avg': {'precision': 0.8976663646374327, 'recall': 0.897, 'f1-score': 0.8970600464130772, 'support': 2000.0}}","[[385   0   3   4   8]
 [  0 400   0   0   0]
 [  9   0 328  26  37]
 [  6   0  41 332  21]
 [  2   0  37  12 349]]",2.188206911087036,0.02799201011657715
5,IoTID20,2,None,QuantileTransformer,NuSVC,0.7806191596695456,-1,-1,92.9,82.25,4.4375,83.64069863152712,82.54782652779899,-1,"{'0Normal': {'precision': 0.9502617801047121, 'recall': 0.9075, 'f1-score': 0.9283887468030692, 'support': 400.0}, 'DoS': {'precision': 0.9974874371859297, 'recall': 0.9925, 'f1-score': 0.9949874686716792, 'support': 400.0}, 'MITM ARP Spoofing': {'precision': 0.6091954022988506, 'recall': 0.795, 'f1-score': 0.6898047722342734, 'support': 400.0}, 'Mirai': {'precision': 0.8908045977011494, 'recall': 0.775, 'f1-score': 0.8288770053475936, 'support': 400.0}, 'Scan': {'precision': 0.7342857142857143, 'recall': 0.6425, 'f1-score': 0.6853333333333333, 'support': 400.0}, 'accuracy': 0.8225, 'macro avg': {'precision': 0.8364069863152711, 'recall': 0.8225, 'f1-score': 0.8254782652779898, 'support': 2000.0}, 'weighted avg': {'precision': 0.8364069863152713, 'recall': 0.8225, 'f1-score': 0.8254782652779897, 'support': 2000.0}}","[[363   1  10   4  22]
 [  3 397   0   0   0]
 [  7   0 318  23  52]
 [  7   0  64 310  19]
 [  2   0 130  11 257]]",8.029335975646973,5.271944046020508
6,IoTID20,2,None,QuantileTransformer,SGD,0.6568536974570912,-1,-1,88.42,71.05000000000001,7.2375,76.59715893862236,66.22420072931632,-1,"{'0Normal': {'precision': 0.6515679442508711, 'recall': 0.935, 'f1-score': 0.7679671457905545, 'support': 400.0}, 'DoS': {'precision': 1.0, 'recall': 0.9925, 'f1-score': 0.9962358845671266, 'support': 400.0}, 'MITM ARP Spoofing': {'precision': 0.5459662288930581, 'recall': 0.7275, 'f1-score': 0.6237942122186494, 'support': 400.0}, 'Mirai': {'precision': 0.7054945054945055, 'recall': 0.8025, 'f1-score': 0.7508771929824563, 'support': 400.0}, 'Scan': {'precision': 0.926829268292683, 'recall': 0.095, 'f1-score': 0.17233560090702948, 'support': 400.0}, 'accuracy': 0.7105, 'macro avg': {'precision': 0.7659715893862236, 'recall': 0.7105000000000001, 'f1-score': 0.6622420072931632, 'support': 2000.0}, 'weighted avg': {'precision': 0.7659715893862236, 'recall': 0.7105, 'f1-score': 0.6622420072931633, 'support': 2000.0}}","[[374   0  12  13   1]
 [  2 397   0   1   0]
 [ 38   0 291  71   0]
 [ 25   0  52 321   2]
 [135   0 178  49  38]]",3.4973981380462646,0.005186319351196289
7,IoTID20,2,None,QuantileTransformer,HHHv2,0.7181958996592127,-1,-1,90.94,77.31661546625256,5.6625000000000005,77.35,77.0354439732194,-1,"{'0Normal': {'precision': 0.8725, 'recall': 0.8596059113300493, 'f1-score': 0.8660049627791564, 'support': 406.0}, 'DoS': {'precision': 1.0, 'recall': 0.9195402298850575, 'f1-score': 0.9580838323353293, 'support': 435.0}, 'MITM ARP Spoofing': {'precision': 0.7175, 'recall': 0.6420581655480985, 'f1-score': 0.6776859504132231, 'support': 447.0}, 'Mirai': {'precision': 0.585, 'recall': 0.7572815533980582, 'f1-score': 0.6600846262341326, 'support': 309.0}, 'Scan': {'precision': 0.6925, 'recall': 0.6873449131513648, 'f1-score': 0.6899128268991283, 'support': 403.0}, 'accuracy': 0.7735, 'macro avg': {'precision': 0.7735, 'recall': 0.7731661546625256, 'f1-score': 0.770354439732194, 'support': 2000.0}, 'weighted avg': {'precision': 0.7848999999999998, 'recall': 0.7735, 'f1-score': 0.7766455602678061, 'support': 2000.0}}","[[349   0  13  18  26]
 [  9 400   1  21   4]
 [ 13   0 287  67  80]
 [ 11   0  51 234  13]
 [ 18   0  48  60 277]]",26.33992075920105,0.12105464935302734
8,IoTID20,2,None,QuantileTransformer,KNN,0.755175598742435,-1,-1,92.16,80.4,4.9,80.35565525838523,80.3390329693839,-1,"{'0Normal': {'precision': 0.8758782201405152, 'recall': 0.935, 'f1-score': 0.9044740024183796, 'support': 400.0}, 'DoS': {'precision': 1.0, 'recall': 0.9875, 'f1-score': 0.9937106918238994, 'support': 400.0}, 'MITM ARP Spoofing': {'precision': 0.6372795969773299, 'recall': 0.6325, 'f1-score': 0.6348808030112922, 'support': 400.0}, 'Mirai': {'precision': 0.7994652406417112, 'recall': 0.7475, 'f1-score': 0.7726098191214471, 'support': 400.0}, 'Scan': {'precision': 0.7051597051597052, 'recall': 0.7175, 'f1-score': 0.7112763320941761, 'support': 400.0}, 'accuracy': 0.804, 'macro avg': {'precision': 0.8035565525838523, 'recall': 0.804, 'f1-score': 0.803390329693839, 'support': 2000.0}, 'weighted avg': {'precision': 0.8035565525838523, 'recall': 0.804, 'f1-score': 0.8033903296938388, 'support': 2000.0}}","[[374   0  11   5  10]
 [  3 395   0   2   0]
 [ 15   0 253  52  80]
 [ 19   0  52 299  30]
 [ 16   0  81  16 287]]",0.013215303421020508,0.4051055908203125
9,IoTID20,2,None,QuantileTransformer,LDA,0.7947359731106757,-1,-1,93.38,83.44999999999999,4.1375,84.19552362032145,83.46946887986229,-1,"{'0Normal': {'precision': 0.928388746803069, 'recall': 0.9075, 'f1-score': 0.9178255372945638, 'support': 400.0}, 'DoS': {'precision': 0.9827160493827161, 'recall': 0.995, 'f1-score': 0.9888198757763975, 'support': 400.0}, 'MITM ARP Spoofing': {'precision': 0.7064017660044151, 'recall': 0.8, 'f1-score': 0.750293083235639, 'support': 400.0}, 'Mirai': {'precision': 0.8705501618122977, 'recall': 0.6725, 'f1-score': 0.7588152327221438, 'support': 400.0}, 'Scan': {'precision': 0.7217194570135747, 'recall': 0.7975, 'f1-score': 0.7577197149643705, 'support': 400.0}, 'accuracy': 0.8345, 'macro avg': {'precision': 0.8419552362032146, 'recall': 0.8344999999999999, 'f1-score': 0.834694688798623, 'support': 2000.0}, 'weighted avg': {'precision': 0.8419552362032146, 'recall': 0.8345, 'f1-score': 0.8346946887986231, 'support': 2000.0}}","[[363   1  12   8  16]
 [  0 398   0   0   2]
 [  8   0 320  23  49]
 [ 19   2  54 269  56]
 [  1   4  67   9 319]]",8.37460970878601,0.007706403732299805
10,IoTID20,2,None,QuantileTransformer,MLP,0.7453686964374702,-1,-1,91.53999999999999,78.85,5.2875,81.73171141904393,78.78339021544392,-1,"{'0Normal': {'precision': 0.9325, 'recall': 0.9325, 'f1-score': 0.9325, 'support': 400.0}, 'DoS': {'precision': 1.0, 'recall': 0.9975, 'f1-score': 0.9987484355444306, 'support': 400.0}, 'MITM ARP Spoofing': {'precision': 0.6591760299625468, 'recall': 0.44, 'f1-score': 0.527736131934033, 'support': 400.0}, 'Mirai': {'precision': 0.9531772575250836, 'recall': 0.7125, 'f1-score': 0.8154506437768241, 'support': 400.0}, 'Scan': {'precision': 0.5417322834645669, 'recall': 0.86, 'f1-score': 0.6647342995169082, 'support': 400.0}, 'accuracy': 0.7885, 'macro avg': {'precision': 0.8173171141904394, 'recall': 0.7885, 'f1-score': 0.7878339021544392, 'support': 2000.0}, 'weighted avg': {'precision': 0.8173171141904395, 'recall': 0.7885, 'f1-score': 0.7878339021544393, 'support': 2000.0}}","[[373   0   5   3  19]
 [  1 399   0   0   0]
 [  5   0 176   8 211]
 [ 13   0  41 285  61]
 [  8   0  45   3 344]]",9.754910945892334,0.010683298110961914
11,IoTID20,2,None,QuantileTransformer,LGBM,0.9495578074748522,-1,-1,98.38,95.94999999999999,1.0125,96.06769428506986,95.97461288946336,-1,"{'0Normal': {'precision': 1.0, 'recall': 0.985, 'f1-score': 0.9924433249370278, 'support': 400.0}, 'DoS': {'precision': 1.0, 'recall': 1.0, 'f1-score': 1.0, 'support': 400.0}, 'MITM ARP Spoofing': {'precision': 0.8883720930232558, 'recall': 0.955, 'f1-score': 0.9204819277108434, 'support': 400.0}, 'Mirai': {'precision': 0.9512820512820512, 'recall': 0.9275, 'f1-score': 0.9392405063291138, 'support': 400.0}, 'Scan': {'precision': 0.9637305699481865, 'recall': 0.93, 'f1-score': 0.9465648854961832, 'support': 400.0}, 'accuracy': 0.9595, 'macro avg': {'precision': 0.9606769428506986, 'recall': 0.9594999999999999, 'f1-score': 0.9597461288946336, 'support': 2000.0}, 'weighted avg': {'precision': 0.9606769428506986, 'recall': 0.9595, 'f1-score': 0.9597461288946335, 'support': 2000.0}}","[[394   0   2   4   0]
 [  0 400   0   0   0]
 [  0   0 382  11   7]
 [  0   0  22 371   7]
 [  0   0  24   4 372]]",17.108132123947144,0.029913902282714844
12,IoTID20,2,None,QuantileTransformer,RF,0.8945768616795067,-1,-1,96.61999999999999,91.55000000000001,2.1125000000000003,91.68843690496894,91.58165634998949,-1,"{'0Normal': {'precision': 0.9797979797979798, 'recall': 0.97, 'f1-score': 0.9748743718592964, 'support': 400.0}, 'DoS': {'precision': 1.0, 'recall': 0.9975, 'f1-score': 0.9987484355444306, 'support': 400.0}, 'MITM ARP Spoofing': {'precision': 0.8190255220417634, 'recall': 0.8825, 'f1-score': 0.8495788206979543, 'support': 400.0}, 'Mirai': {'precision': 0.8944591029023746, 'recall': 0.8475, 'f1-score': 0.8703465982028241, 'support': 400.0}, 'Scan': {'precision': 0.8911392405063291, 'recall': 0.88, 'f1-score': 0.8855345911949686, 'support': 400.0}, 'accuracy': 0.9155, 'macro avg': {'precision': 0.9168843690496894, 'recall': 0.9155000000000001, 'f1-score': 0.9158165634998948, 'support': 2000.0}, 'weighted avg': {'precision': 0.9168843690496894, 'recall': 0.9155, 'f1-score': 0.9158165634998947, 'support': 2000.0}}","[[388   0   2   3   7]
 [  1 399   0   0   0]
 [  3   0 353  25  19]
 [  4   0  40 339  17]
 [  0   0  36  12 352]]",3.8111696243286133,0.02782583236694336
13,IoTID20,2,None,QuantileTransformer,NuSVC,0.8101310531655743,-1,-1,93.89999999999999,84.74999999999999,3.8125,85.31226045337235,84.87737704284093,-1,"{'0Normal': {'precision': 0.9255583126550868, 'recall': 0.9325, 'f1-score': 0.9290161892901618, 'support': 400.0}, 'DoS': {'precision': 0.9974747474747475, 'recall': 0.9875, 'f1-score': 0.992462311557789, 'support': 400.0}, 'MITM ARP Spoofing': {'precision': 0.6888888888888889, 'recall': 0.775, 'f1-score': 0.7294117647058822, 'support': 400.0}, 'Mirai': {'precision': 0.8859649122807017, 'recall': 0.7575, 'f1-score': 0.816711590296496, 'support': 400.0}, 'Scan': {'precision': 0.7677261613691931, 'recall': 0.785, 'f1-score': 0.7762669962917181, 'support': 400.0}, 'accuracy': 0.8475, 'macro avg': {'precision': 0.8531226045337235, 'recall': 0.8474999999999999, 'f1-score': 0.8487737704284093, 'support': 2000.0}, 'weighted avg': {'precision': 0.8531226045337237, 'recall': 0.8475, 'f1-score': 0.8487737704284094, 'support': 2000.0}}","[[373   1   8   3  15]
 [  5 395   0   0   0]
 [  8   0 310  25  57]
 [ 13   0  61 303  23]
 [  4   0  71  11 314]]",35.47851777076721,10.07108211517334
14,IoTID20,2,None,QuantileTransformer,SGD,0.7516245361546885,-1,-1,91.9,79.75,5.0625,83.18116211819644,80.53296939677683,-1,"{'0Normal': {'precision': 0.9769452449567724, 'recall': 0.8475, 'f1-score': 0.9076305220883534, 'support': 400.0}, 'DoS': {'precision': 1.0, 'recall': 0.9925, 'f1-score': 0.9962358845671266, 'support': 400.0}, 'MITM ARP Spoofing': {'precision': 0.6363636363636364, 'recall': 0.665, 'f1-score': 0.6503667481662593, 'support': 400.0}, 'Mirai': {'precision': 0.9753521126760564, 'recall': 0.6925, 'f1-score': 0.8099415204678363, 'support': 400.0}, 'Scan': {'precision': 0.5703971119133574, 'recall': 0.79, 'f1-score': 0.6624737945492661, 'support': 400.0}, 'accuracy': 0.7975, 'macro avg': {'precision': 0.8318116211819644, 'recall': 0.7975, 'f1-score': 0.8053296939677683, 'support': 2000.0}, 'weighted avg': {'precision': 0.8318116211819645, 'recall': 0.7975, 'f1-score': 0.8053296939677683, 'support': 2000.0}}","[[339   0   9   3  49]
 [  3 397   0   0   0]
 [  0   0 266   3 131]
 [  5   0  60 277  58]
 [  0   0  83   1 316]]",8.253557205200195,0.005040645599365234
15,IoTID20,2,rbf,QuantileTransformer,HHHv2,0.832678524596367,-1,-1,94.64,86.5234663680562,3.35,86.6,86.52382343668081,-1,"{'0Normal': {'precision': 0.95, 'recall': 0.9026128266033254, 'f1-score': 0.9257003654080389, 'support': 421.0}, 'DoS': {'precision': 0.9875, 'recall': 0.9705159705159705, 'f1-score': 0.9789343246592317, 'support': 407.0}, 'MITM ARP Spoofing': {'precision': 0.7825, 'recall': 0.7728395061728395, 'f1-score': 0.7776397515527951, 'support': 405.0}, 'Mirai': {'precision': 0.7925, 'recall': 0.8544474393530997, 'f1-score': 0.8223086900129702, 'support': 371.0}, 'Scan': {'precision': 0.8175, 'recall': 0.8257575757575758, 'f1-score': 0.821608040201005, 'support': 396.0}, 'accuracy': 0.866, 'macro avg': {'precision': 0.866, 'recall': 0.8652346636805621, 'f1-score': 0.8652382343668081, 'support': 2000.0}, 'weighted avg': {'precision': 0.8682612499999999, 'recall': 0.866, 'f1-score': 0.8667617656331917, 'support': 2000.0}}","[[380   2  17  15   7]
 [  3 395   3   3   3]
 [  5   1 313  42  44]
 [  3   2  30 317  19]
 [  9   0  37  23 327]]",224.46037936210632,0.49538755416870117
16,IoTID20,2,None,QuantileTransformer,KNN,0.7501078357526413,-1,-1,92.0,80.0,5.0,79.93844006118212,79.94599458427693,-1,"{'0Normal': {'precision': 0.8770685579196218, 'recall': 0.9275, 'f1-score': 0.9015795868772782, 'support': 400.0}, 'DoS': {'precision': 1.0, 'recall': 0.9875, 'f1-score': 0.9937106918238994, 'support': 400.0}, 'MITM ARP Spoofing': {'precision': 0.6388206388206388, 'recall': 0.65, 'f1-score': 0.6443618339529119, 'support': 400.0}, 'Mirai': {'precision': 0.7737789203084833, 'recall': 0.7525, 'f1-score': 0.7629911280101395, 'support': 400.0}, 'Scan': {'precision': 0.7072538860103627, 'recall': 0.6825, 'f1-score': 0.6946564885496183, 'support': 400.0}, 'accuracy': 0.8, 'macro avg': {'precision': 0.7993844006118213, 'recall': 0.8, 'f1-score': 0.7994599458427694, 'support': 2000.0}, 'weighted avg': {'precision': 0.7993844006118215, 'recall': 0.8, 'f1-score': 0.7994599458427696, 'support': 2000.0}}","[[371   0  12   5  12]
 [  3 395   0   2   0]
 [ 14   0 260  56  70]
 [ 14   0  54 301  31]
 [ 21   0  81  25 273]]",0.009449958801269531,0.4534316062927246
17,IoTID20,2,None,QuantileTransformer,LDA,0.7932099146849679,-1,-1,93.32000000000001,83.3,4.175,84.21040963182949,83.35700424059974,-1,"{'0Normal': {'precision': 0.9427083333333334, 'recall': 0.905, 'f1-score': 0.9234693877551022, 'support': 400.0}, 'DoS': {'precision': 0.9900497512437811, 'recall': 0.995, 'f1-score': 0.9925187032418954, 'support': 400.0}, 'MITM ARP Spoofing': {'precision': 0.6763485477178424, 'recall': 0.815, 'f1-score': 0.7392290249433107, 'support': 400.0}, 'Mirai': {'precision': 0.8543689320388349, 'recall': 0.66, 'f1-score': 0.7447108603667137, 'support': 400.0}, 'Scan': {'precision': 0.7470449172576832, 'recall': 0.79, 'f1-score': 0.7679222357229648, 'support': 400.0}, 'accuracy': 0.833, 'macro avg': {'precision': 0.842104096318295, 'recall': 0.833, 'f1-score': 0.8335700424059974, 'support': 2000.0}, 'weighted avg': {'precision': 0.842104096318295, 'recall': 0.833, 'f1-score': 0.8335700424059973, 'support': 2000.0}}","[[362   0  17   6  15]
 [  0 398   1   1   0]
 [  8   0 326  27  39]
 [ 13   2  68 264  53]
 [  1   2  70  11 316]]",7.858864068984985,0.004887104034423828
18,IoTID20,2,None,QuantileTransformer,MLP,0.7775435538221934,-1,-1,92.74,81.85,4.5375,83.84177248122982,82.12860518627188,-1,"{'0Normal': {'precision': 0.9658792650918635, 'recall': 0.92, 'f1-score': 0.942381562099872, 'support': 400.0}, 'DoS': {'precision': 0.9975, 'recall': 0.9975, 'f1-score': 0.9975, 'support': 400.0}, 'MITM ARP Spoofing': {'precision': 0.6997084548104956, 'recall': 0.6, 'f1-score': 0.6460296096904441, 'support': 400.0}, 'Mirai': {'precision': 0.9272151898734177, 'recall': 0.7325, 'f1-score': 0.8184357541899442, 'support': 400.0}, 'Scan': {'precision': 0.6017857142857143, 'recall': 0.8425, 'f1-score': 0.7020833333333334, 'support': 400.0}, 'accuracy': 0.8185, 'macro avg': {'precision': 0.8384177248122983, 'recall': 0.8185, 'f1-score': 0.8212860518627189, 'support': 2000.0}, 'weighted avg': {'precision': 0.8384177248122981, 'recall': 0.8185, 'f1-score': 0.8212860518627187, 'support': 2000.0}}","[[368   1   7   5  19]
 [  1 399   0   0   0]
 [  1   0 240  13 146]
 [ 10   0  39 293  58]
 [  1   0  57   5 337]]",11.252133846282959,0.01000666618347168
19,IoTID20,2,None,QuantileTransformer,LGBM,0.9426422908100892,-1,-1,98.16,95.4,1.15,95.4917851263721,95.41852976791297,-1,"{'0Normal': {'precision': 0.9924433249370277, 'recall': 0.985, 'f1-score': 0.9887076537013803, 'support': 400.0}, 'DoS': {'precision': 1.0, 'recall': 0.995, 'f1-score': 0.9974937343358395, 'support': 400.0}, 'MITM ARP Spoofing': {'precision': 0.8917647058823529, 'recall': 0.9475, 'f1-score': 0.9187878787878787, 'support': 400.0}, 'Mirai': {'precision': 0.9607329842931938, 'recall': 0.9175, 'f1-score': 0.938618925831202, 'support': 400.0}, 'Scan': {'precision': 0.9296482412060302, 'recall': 0.925, 'f1-score': 0.9273182957393483, 'support': 400.0}, 'accuracy': 0.954, 'macro avg': {'precision': 0.9549178512637209, 'recall': 0.9540000000000001, 'f1-score': 0.9541852976791297, 'support': 2000.0}, 'weighted avg': {'precision': 0.9549178512637209, 'recall': 0.954, 'f1-score': 0.9541852976791299, 'support': 2000.0}}","[[394   0   2   4   0]
 [  2 398   0   0   0]
 [  1   0 379   7  13]
 [  0   0  18 367  15]
 [  0   0  26   4 370]]",16.911490201950073,0.012965202331542969
20,IoTID20,2,None,QuantileTransformer,RF,0.8820991367879344,-1,-1,96.22,90.55,2.3625,90.68035987781317,90.57228433718363,-1,"{'0Normal': {'precision': 0.965, 'recall': 0.965, 'f1-score': 0.965, 'support': 400.0}, 'DoS': {'precision': 1.0, 'recall': 1.0, 'f1-score': 1.0, 'support': 400.0}, 'MITM ARP Spoofing': {'precision': 0.7995337995337995, 'recall': 0.8575, 'f1-score': 0.827503015681544, 'support': 400.0}, 'Mirai': {'precision': 0.8897849462365591, 'recall': 0.8275, 'f1-score': 0.8575129533678757, 'support': 400.0}, 'Scan': {'precision': 0.8796992481203008, 'recall': 0.8775, 'f1-score': 0.8785982478097621, 'support': 400.0}, 'accuracy': 0.9055, 'macro avg': {'precision': 0.9068035987781318, 'recall': 0.9055, 'f1-score': 0.9057228433718363, 'support': 2000.0}, 'weighted avg': {'precision': 0.9068035987781319, 'recall': 0.9055, 'f1-score': 0.9057228433718364, 'support': 2000.0}}","[[386   0   4   2   8]
 [  0 400   0   0   0]
 [  7   0 343  29  21]
 [  5   0  45 331  19]
 [  2   0  37  10 351]]",3.7231361865997314,0.0265505313873291
21,IoTID20,2,None,QuantileTransformer,NuSVC,0.7852438454447537,-1,-1,93.06,82.64999999999999,4.3374999999999995,84.0050251519972,82.97215715274928,-1,"{'0Normal': {'precision': 0.9458762886597938, 'recall': 0.9175, 'f1-score': 0.9314720812182741, 'support': 400.0}, 'DoS': {'precision': 0.9974811083123426, 'recall': 0.99, 'f1-score': 0.9937264742785445, 'support': 400.0}, 'MITM ARP Spoofing': {'precision': 0.615686274509804, 'recall': 0.785, 'f1-score': 0.6901098901098901, 'support': 400.0}, 'Mirai': {'precision': 0.9020771513353115, 'recall': 0.76, 'f1-score': 0.824966078697422, 'support': 400.0}, 'Scan': {'precision': 0.7391304347826086, 'recall': 0.68, 'f1-score': 0.7083333333333334, 'support': 400.0}, 'accuracy': 0.8265, 'macro avg': {'precision': 0.840050251519972, 'recall': 0.8264999999999999, 'f1-score': 0.8297215715274927, 'support': 2000.0}, 'weighted avg': {'precision': 0.8400502515199721, 'recall': 0.8265, 'f1-score': 0.8297215715274928, 'support': 2000.0}}","[[367   1  11   3  18]
 [  4 396   0   0   0]
 [  4   0 314  24  58]
 [ 11   0  65 304  20]
 [  2   0 120   6 272]]",34.53125262260437,10.707003831863403
22,IoTID20,2,None,QuantileTransformer,SGD,0.7176146660742335,-1,-1,89.98,74.94999999999999,6.2625,83.29539862853149,74.28102562601845,-1,"{'0Normal': {'precision': 0.9491978609625669, 'recall': 0.8875, 'f1-score': 0.917312661498708, 'support': 400.0}, 'DoS': {'precision': 0.9925187032418953, 'recall': 0.995, 'f1-score': 0.9937578027465668, 'support': 400.0}, 'MITM ARP Spoofing': {'precision': 0.4648910411622276, 'recall': 0.96, 'f1-score': 0.6264274061990213, 'support': 400.0}, 'Mirai': {'precision': 0.9841897233201581, 'recall': 0.6225, 'f1-score': 0.7626339969372128, 'support': 400.0}, 'Scan': {'precision': 0.773972602739726, 'recall': 0.2825, 'f1-score': 0.4139194139194139, 'support': 400.0}, 'accuracy': 0.7495, 'macro avg': {'precision': 0.8329539862853148, 'recall': 0.7494999999999999, 'f1-score': 0.7428102562601845, 'support': 2000.0}, 'weighted avg': {'precision': 0.8329539862853148, 'recall': 0.7495, 'f1-score': 0.7428102562601846, 'support': 2000.0}}","[[355   1  34   0  10]
 [  2 398   0   0   0]
 [  1   0 384   4  11]
 [  9   0 130 249  12]
 [  7   2 278   0 113]]",8.940371990203857,0.004941701889038086
23,IoTID20,2,poly,QuantileTransformer,HHHv2,0.6356461654715746,-1,-1,88.26,69.67977453972895,7.3374999999999995,70.65,69.6059736272079,-1,"{'0Normal': {'precision': 0.79, 'recall': 0.7745098039215687, 'f1-score': 0.7821782178217823, 'support': 408.0}, 'DoS': {'precision': 1.0, 'recall': 0.7889546351084813, 'f1-score': 0.8820286659316428, 'support': 507.0}, 'MITM ARP Spoofing': {'precision': 0.58, 'recall': 0.6338797814207651, 'f1-score': 0.6057441253263708, 'support': 366.0}, 'Mirai': {'precision': 0.455, 'recall': 0.6254295532646048, 'f1-score': 0.5267727930535456, 'support': 291.0}, 'Scan': {'precision': 0.7075, 'recall': 0.6612149532710281, 'f1-score': 0.6835748792270532, 'support': 428.0}, 'accuracy': 0.7065, 'macro avg': {'precision': 0.7065, 'recall': 0.6967977453972896, 'f1-score': 0.696059736272079, 'support': 2000.0}, 'weighted avg': {'precision': 0.7384074999999999, 'recall': 0.7065, 'f1-score': 0.7169402637279211, 'support': 2000.0}}","[[316   0  29  46  17]
 [ 17 400  31  38  21]
 [ 26   0 232  70  38]
 [ 21   0  47 182  41]
 [ 20   0  61  64 283]]",311.9999489784241,0.7739338874816895
24,IoTID20,2,None,QuantileTransformer,KNN,0.7470017676187957,-1,-1,91.9,79.75000000000001,5.0625,79.65714918554937,79.67639901726186,-1,"{'0Normal': {'precision': 0.8891509433962265, 'recall': 0.9425, 'f1-score': 0.9150485436893203, 'support': 400.0}, 'DoS': {'precision': 1.0, 'recall': 0.9875, 'f1-score': 0.9937106918238994, 'support': 400.0}, 'MITM ARP Spoofing': {'precision': 0.6117936117936118, 'recall': 0.6225, 'f1-score': 0.6171003717472119, 'support': 400.0}, 'Mirai': {'precision': 0.7766497461928934, 'recall': 0.765, 'f1-score': 0.770780856423174, 'support': 400.0}, 'Scan': {'precision': 0.7052631578947368, 'recall': 0.67, 'f1-score': 0.6871794871794872, 'support': 400.0}, 'accuracy': 0.7975, 'macro avg': {'precision': 0.7965714918554937, 'recall': 0.7975000000000001, 'f1-score': 0.7967639901726186, 'support': 2000.0}, 'weighted avg': {'precision': 0.7965714918554937, 'recall': 0.7975, 'f1-score': 0.7967639901726185, 'support': 2000.0}}","[[377   0   8   4  11]
 [  3 395   0   2   0]
 [ 16   0 249  57  78]
 [ 15   0  56 306  23]
 [ 13   0  94  25 268]]",0.019838571548461914,0.5224976539611816
25,IoTID20,2,None,QuantileTransformer,LDA,0.7977119001836183,-1,-1,93.47999999999999,83.7,4.075,84.35429553300011,83.72472916722495,-1,"{'0Normal': {'precision': 0.9333333333333333, 'recall': 0.91, 'f1-score': 0.9215189873417723, 'support': 400.0}, 'DoS': {'precision': 0.9900744416873449, 'recall': 0.9975, 'f1-score': 0.9937733499377336, 'support': 400.0}, 'MITM ARP Spoofing': {'precision': 0.6974248927038627, 'recall': 0.8125, 'f1-score': 0.7505773672055427, 'support': 400.0}, 'Mirai': {'precision': 0.8522012578616353, 'recall': 0.6775, 'f1-score': 0.7548746518105849, 'support': 400.0}, 'Scan': {'precision': 0.7446808510638298, 'recall': 0.7875, 'f1-score': 0.7654921020656136, 'support': 400.0}, 'accuracy': 0.837, 'macro avg': {'precision': 0.8435429553300011, 'recall': 0.837, 'f1-score': 0.8372472916722495, 'support': 2000.0}, 'weighted avg': {'precision': 0.8435429553300012, 'recall': 0.837, 'f1-score': 0.8372472916722495, 'support': 2000.0}}","[[364   0  14   5  17]
 [  0 399   0   0   1]
 [ 10   0 325  28  37]
 [ 13   2  61 271  53]
 [  3   2  66  14 315]]",9.728127479553223,0.01108241081237793
26,IoTID20,2,None,QuantileTransformer,MLP,0.7110474704705464,-1,-1,89.92,74.8,6.3,80.47882271247369,72.02780064980708,-1,"{'0Normal': {'precision': 0.8883495145631068, 'recall': 0.915, 'f1-score': 0.9014778325123154, 'support': 400.0}, 'DoS': {'precision': 1.0, 'recall': 0.9975, 'f1-score': 0.9987484355444306, 'support': 400.0}, 'MITM ARP Spoofing': {'precision': 0.49273447820343463, 'recall': 0.9325, 'f1-score': 0.6447709593777009, 'support': 400.0}, 'Mirai': {'precision': 0.8333333333333334, 'recall': 0.725, 'f1-score': 0.7754010695187166, 'support': 400.0}, 'Scan': {'precision': 0.8095238095238095, 'recall': 0.17, 'f1-score': 0.2809917355371901, 'support': 400.0}, 'accuracy': 0.748, 'macro avg': {'precision': 0.8047882271247369, 'recall': 0.748, 'f1-score': 0.7202780064980707, 'support': 2000.0}, 'weighted avg': {'precision': 0.804788227124737, 'recall': 0.748, 'f1-score': 0.7202780064980708, 'support': 2000.0}}","[[366   0  21  12   1]
 [  1 399   0   0   0]
 [  3   0 373  17   7]
 [  8   0  94 290   8]
 [ 34   0 269  29  68]]",15.68824052810669,0.014230728149414062
27,IoTID20,2,None,QuantileTransformer,LGBM,0.9451603955143256,-1,-1,98.24000000000001,95.60000000000001,1.0999999999999999,95.68259225854675,95.61080570206641,-1,"{'0Normal': {'precision': 0.9899749373433584, 'recall': 0.9875, 'f1-score': 0.9887359198998749, 'support': 400.0}, 'DoS': {'precision': 1.0, 'recall': 1.0, 'f1-score': 1.0, 'support': 400.0}, 'MITM ARP Spoofing': {'precision': 0.892271662763466, 'recall': 0.9525, 'f1-score': 0.9214026602176542, 'support': 400.0}, 'Mirai': {'precision': 0.9557291666666666, 'recall': 0.9175, 'f1-score': 0.9362244897959184, 'support': 400.0}, 'Scan': {'precision': 0.9461538461538461, 'recall': 0.9225, 'f1-score': 0.9341772151898733, 'support': 400.0}, 'accuracy': 0.956, 'macro avg': {'precision': 0.9568259225854675, 'recall': 0.9560000000000001, 'f1-score': 0.9561080570206641, 'support': 2000.0}, 'weighted avg': {'precision': 0.9568259225854674, 'recall': 0.956, 'f1-score': 0.9561080570206643, 'support': 2000.0}}","[[395   0   1   4   0]
 [  0 400   0   0   0]
 [  2   0 381   8   9]
 [  1   0  20 367  12]
 [  1   0  25   5 369]]",26.442580699920654,0.013892889022827148
28,IoTID20,2,None,QuantileTransformer,RF,0.8940831080106605,-1,-1,96.6,91.49999999999999,2.125,91.66938387945027,91.52189346653101,-1,"{'0Normal': {'precision': 0.9698492462311558, 'recall': 0.965, 'f1-score': 0.9674185463659147, 'support': 400.0}, 'DoS': {'precision': 1.0, 'recall': 1.0, 'f1-score': 1.0, 'support': 400.0}, 'MITM ARP Spoofing': {'precision': 0.817351598173516, 'recall': 0.895, 'f1-score': 0.8544152744630072, 'support': 400.0}, 'Mirai': {'precision': 0.9054054054054054, 'recall': 0.8375, 'f1-score': 0.8701298701298702, 'support': 400.0}, 'Scan': {'precision': 0.8908629441624365, 'recall': 0.8775, 'f1-score': 0.8841309823677581, 'support': 400.0}, 'accuracy': 0.915, 'macro avg': {'precision': 0.9166938387945027, 'recall': 0.9149999999999998, 'f1-score': 0.9152189346653101, 'support': 2000.0}, 'weighted avg': {'precision': 0.9166938387945026, 'recall': 0.915, 'f1-score': 0.91521893466531, 'support': 2000.0}}","[[386   0   3   4   7]
 [  0 400   0   0   0]
 [  5   0 358  17  20]
 [  5   0  44 335  16]
 [  2   0  33  14 351]]",5.074835538864136,0.042121171951293945
29,IoTID20,2,None,QuantileTransformer,NuSVC,0.8139921090697109,-1,-1,94.02000000000001,85.05,3.7375,85.72201497170397,85.22168527086448,-1,"{'0Normal': {'precision': 0.9414758269720102, 'recall': 0.925, 'f1-score': 0.9331651954602773, 'support': 400.0}, 'DoS': {'precision': 0.9949748743718593, 'recall': 0.99, 'f1-score': 0.9924812030075189, 'support': 400.0}, 'MITM ARP Spoofing': {'precision': 0.6818181818181818, 'recall': 0.7875, 'f1-score': 0.7308584686774942, 'support': 400.0}, 'Mirai': {'precision': 0.8872832369942196, 'recall': 0.7675, 'f1-score': 0.8230563002680965, 'support': 400.0}, 'Scan': {'precision': 0.7805486284289277, 'recall': 0.7825, 'f1-score': 0.7815230961298376, 'support': 400.0}, 'accuracy': 0.8505, 'macro avg': {'precision': 0.8572201497170397, 'recall': 0.8505, 'f1-score': 0.8522168527086448, 'support': 2000.0}, 'weighted avg': {'precision': 0.8572201497170396, 'recall': 0.8505, 'f1-score': 0.8522168527086449, 'support': 2000.0}}","[[370   1   9   2  18]
 [  4 396   0   0   0]
 [  6   0 315  28  51]
 [ 11   0  63 307  19]
 [  2   1  75   9 313]]",66.16573238372803,16.662973642349243
30,IoTID20,2,None,QuantileTransformer,SGD,0.7337563899959196,-1,-1,91.4,78.50000000000001,5.375,80.82399852289693,79.03299550409655,-1,"{'0Normal': {'precision': 0.993006993006993, 'recall': 0.71, 'f1-score': 0.8279883381924198, 'support': 400.0}, 'DoS': {'precision': 1.0, 'recall': 0.9925, 'f1-score': 0.9962358845671266, 'support': 400.0}, 'MITM ARP Spoofing': {'precision': 0.6210526315789474, 'recall': 0.7375, 'f1-score': 0.6742857142857144, 'support': 400.0}, 'Mirai': {'precision': 0.813953488372093, 'recall': 0.7875, 'f1-score': 0.8005082592121983, 'support': 400.0}, 'Scan': {'precision': 0.6131868131868132, 'recall': 0.6975, 'f1-score': 0.6526315789473685, 'support': 400.0}, 'accuracy': 0.785, 'macro avg': {'precision': 0.8082399852289693, 'recall': 0.7850000000000001, 'f1-score': 0.7903299550409655, 'support': 2000.0}, 'weighted avg': {'precision': 0.8082399852289693, 'recall': 0.785, 'f1-score': 0.7903299550409656, 'support': 2000.0}}","[[284   0  14  32  70]
 [  2 397   0   1   0]
 [  0   0 295  27  78]
 [  0   0  57 315  28]
 [  0   0 109  12 279]]",12.742350816726685,0.010280370712280273
31,IoTID20,2,linear,QuantileTransformer,HHHv2,0.7810921168857077,-1,-1,92.94,82.98543088547218,4.4125,82.35,82.28978701251899,-1,"{'0Normal': {'precision': 0.88, 'recall': 0.9436997319034852, 'f1-score': 0.9107373868046572, 'support': 373.0}, 'DoS': {'precision': 0.9975, 'recall': 0.9322429906542056, 'f1-score': 0.9637681159420289, 'support': 428.0}, 'MITM ARP Spoofing': {'precision': 0.805, 'recall': 0.7, 'f1-score': 0.7488372093023257, 'support': 460.0}, 'Mirai': {'precision': 0.6575, 'recall': 0.8483870967741935, 'f1-score': 0.7408450704225351, 'support': 310.0}, 'Scan': {'precision': 0.7775, 'recall': 0.7249417249417249, 'f1-score': 0.7503015681544029, 'support': 429.0}, 'accuracy': 0.8235, 'macro avg': {'precision': 0.8234999999999999, 'recall': 0.8298543088547218, 'f1-score': 0.8228978701251899, 'support': 2000.0}, 'weighted avg': {'precision': 0.8314212500000001, 'recall': 0.8235, 'f1-score': 0.8241021298748101, 'support': 2000.0}}","[[352   0   9  11   1]
 [  8 399   0  18   3]
 [ 13   0 322  56  69]
 [  5   1  25 263  16]
 [ 22   0  44  52 311]]",366.24650263786316,0.47482800483703613
32,IoTID20,2,None,QuantileTransformer,KNN,0.2581240970033187,-1,-1,74.92,37.3,15.675,22.15020084610983,25.718422519912288,-1,"{'0Normal': {'precision': 0.31896551724137934, 'recall': 0.185, 'f1-score': 0.23417721518987344, 'support': 400.0}, 'DoS': {'precision': 0.34642233856893545, 'recall': 0.9925, 'f1-score': 0.5135834411384218, 'support': 400.0}, 'MITM ARP Spoofing': {'precision': 0.0, 'recall': 0.0, 'f1-score': 0.0, 'support': 400.0}, 'Mirai': {'precision': 0.44212218649517687, 'recall': 0.6875, 'f1-score': 0.538160469667319, 'support': 400.0}, 'Scan': {'precision': 0.0, 'recall': 0.0, 'f1-score': 0.0, 'support': 400.0}, 'accuracy': 0.373, 'macro avg': {'precision': 0.2215020084610983, 'recall': 0.373, 'f1-score': 0.2571842251991229, 'support': 2000.0}, 'weighted avg': {'precision': 0.22150200846109835, 'recall': 0.373, 'f1-score': 0.2571842251991229, 'support': 2000.0}}","[[ 74 153   0 173   0]
 [  1 397   0   2   0]
 [ 50 271   0  79   0]
 [ 48  77   0 275   0]
 [ 59 248   0  93   0]]",0.0007207393646240234,0.012662649154663086
33,IoTID20,2,None,QuantileTransformer,LDA,0.41803397787708896,-1,-1,81.22,53.05,11.737499999999999,50.58059552081551,50.79129181235199,-1,"{'0Normal': {'precision': 0.42857142857142855, 'recall': 0.57, 'f1-score': 0.4892703862660944, 'support': 400.0}, 'DoS': {'precision': 0.9027149321266968, 'recall': 0.9975, 'f1-score': 0.9477434679334918, 'support': 400.0}, 'MITM ARP Spoofing': {'precision': 0.36790123456790125, 'recall': 0.3725, 'f1-score': 0.37018633540372675, 'support': 400.0}, 'Mirai': {'precision': 0.5121951219512195, 'recall': 0.5775, 'f1-score': 0.5428907168037603, 'support': 400.0}, 'Scan': {'precision': 0.3176470588235294, 'recall': 0.135, 'f1-score': 0.18947368421052632, 'support': 400.0}, 'accuracy': 0.5305, 'macro avg': {'precision': 0.5058059552081551, 'recall': 0.5305, 'f1-score': 0.5079129181235199, 'support': 2000.0}, 'weighted avg': {'precision': 0.5058059552081551, 'recall': 0.5305, 'f1-score': 0.5079129181235199, 'support': 2000.0}}","[[228  38  28  22  84]
 [  0 399   0   0   1]
 [ 96   2 149 130  23]
 [108   3  50 231   8]
 [100   0 178  68  54]]",0.023685216903686523,0.0064046382904052734
34,IoTID20,2,None,QuantileTransformer,MLP,0.44491793868708474,-1,-1,82.14,55.35,11.1625,55.32359632246031,54.617637631839045,-1,"{'0Normal': {'precision': 0.6021897810218978, 'recall': 0.4125, 'f1-score': 0.4896142433234421, 'support': 400.0}, 'DoS': {'precision': 0.995, 'recall': 0.995, 'f1-score': 0.995, 'support': 400.0}, 'MITM ARP Spoofing': {'precision': 0.40145985401459855, 'recall': 0.4125, 'f1-score': 0.4069050554870531, 'support': 400.0}, 'Mirai': {'precision': 0.5196428571428572, 'recall': 0.7275, 'f1-score': 0.60625, 'support': 400.0}, 'Scan': {'precision': 0.24788732394366197, 'recall': 0.22, 'f1-score': 0.23311258278145697, 'support': 400.0}, 'accuracy': 0.5535, 'macro avg': {'precision': 0.5532359632246031, 'recall': 0.5535, 'f1-score': 0.5461763763183904, 'support': 2000.0}, 'weighted avg': {'precision': 0.5532359632246031, 'recall': 0.5535, 'f1-score': 0.5461763763183904, 'support': 2000.0}}","[[165   2  48  70 115]
 [  0 398   0   2   0]
 [ 29   0 165  91 115]
 [ 39   0  33 291  37]
 [ 41   0 165 106  88]]",0.35268616676330566,0.012211084365844727
35,IoTID20,2,None,QuantileTransformer,LGBM,0.4634313141371502,-1,-1,81.52000000000001,53.800000000000004,11.55,58.06077925842035,50.5773033754916,-1,"{'0Normal': {'precision': 0.7111111111111111, 'recall': 0.56, 'f1-score': 0.6265734265734265, 'support': 400.0}, 'DoS': {'precision': 0.9974937343358395, 'recall': 0.995, 'f1-score': 0.9962453066332916, 'support': 400.0}, 'MITM ARP Spoofing': {'precision': 0.39285714285714285, 'recall': 0.11, 'f1-score': 0.17187499999999997, 'support': 400.0}, 'Mirai': {'precision': 0.3313782991202346, 'recall': 0.8475, 'f1-score': 0.47645818692902314, 'support': 400.0}, 'Scan': {'precision': 0.47019867549668876, 'recall': 0.1775, 'f1-score': 0.2577132486388385, 'support': 400.0}, 'accuracy': 0.538, 'macro avg': {'precision': 0.5806077925842035, 'recall': 0.538, 'f1-score': 0.505773033754916, 'support': 2000.0}, 'weighted avg': {'precision': 0.5806077925842033, 'recall': 0.538, 'f1-score': 0.505773033754916, 'support': 2000.0}}","[[224   1  21 100  54]
 [  0 398   0   2   0]
 [ 11   0  44 335  10]
 [ 36   0   9 339  16]
 [ 44   0  38 247  71]]",0.18241095542907715,0.006386280059814453
36,IoTID20,2,None,QuantileTransformer,RF,0.4990903302791055,-1,-1,83.22,58.050000000000004,10.487499999999999,60.52406585190436,54.68391304770518,-1,"{'0Normal': {'precision': 0.9107142857142857, 'recall': 0.51, 'f1-score': 0.6538461538461539, 'support': 400.0}, 'DoS': {'precision': 0.796812749003984, 'recall': 1.0, 'f1-score': 0.8869179600886917, 'support': 400.0}, 'MITM ARP Spoofing': {'precision': 0.44281524926686217, 'recall': 0.3775, 'f1-score': 0.407557354925776, 'support': 400.0}, 'Mirai': {'precision': 0.43419434194341944, 'recall': 0.8825, 'f1-score': 0.5820280296784831, 'support': 400.0}, 'Scan': {'precision': 0.44166666666666665, 'recall': 0.1325, 'f1-score': 0.20384615384615384, 'support': 400.0}, 'accuracy': 0.5805, 'macro avg': {'precision': 0.6052406585190436, 'recall': 0.5805, 'f1-score': 0.5468391304770518, 'support': 2000.0}, 'weighted avg': {'precision': 0.6052406585190436, 'recall': 0.5805, 'f1-score': 0.5468391304770517, 'support': 2000.0}}","[[204 102  24  35  35]
 [  0 400   0   0   0]
 [  1   0 151 226  22]
 [ 12   0  25 353  10]
 [  7   0 141 199  53]]",0.06216931343078613,0.02036452293395996
37,IoTID20,2,None,QuantileTransformer,SGD,0.355890830964289,-1,-1,78.46,46.150000000000006,13.462499999999999,36.072364026936754,37.02097225991127,-1,"{'0Normal': {'precision': 0.47277936962750716, 'recall': 0.4125, 'f1-score': 0.4405874499332443, 'support': 400.0}, 'DoS': {'precision': 0.4907521578298397, 'recall': 0.995, 'f1-score': 0.657308009909166, 'support': 400.0}, 'MITM ARP Spoofing': {'precision': 0.4076923076923077, 'recall': 0.1325, 'f1-score': 0.20000000000000004, 'support': 400.0}, 'Mirai': {'precision': 0.4323943661971831, 'recall': 0.7675, 'f1-score': 0.5531531531531532, 'support': 400.0}, 'Scan': {'precision': 0.0, 'recall': 0.0, 'f1-score': 0.0, 'support': 400.0}, 'accuracy': 0.4615, 'macro avg': {'precision': 0.36072364026936754, 'recall': 0.4615, 'f1-score': 0.37020972259911267, 'support': 2000.0}, 'weighted avg': {'precision': 0.36072364026936754, 'recall': 0.4615, 'f1-score': 0.3702097225991128, 'support': 2000.0}}","[[165 127  12  96   0]
 [  0 398   0   2   0]
 [ 55 121  53 171   0]
 [ 57  27   9 307   0]
 [ 72 138  56 134   0]]",0.006670236587524414,0.0059015750885009766
38,IoTID20,2,sigmoid,QuantileTransformer,HHHv2,0.0,-1,-1,50.0,4.00200100050025,50.0,20.0,6.669445602334305,-1,"{'0Normal': {'precision': 0.0, 'recall': 0.0, 'f1-score': 0.0, 'support': 0.0}, 'DoS': {'precision': 1.0, 'recall': 0.2001000500250125, 'f1-score': 0.33347228011671526, 'support': 1999.0}, 'MITM ARP Spoofing': {'precision': 0.0, 'recall': 0.0, 'f1-score': 0.0, 'support': 1.0}, 'Mirai': {'precision': 0.0, 'recall': 0.0, 'f1-score': 0.0, 'support': 0.0}, 'Scan': {'precision': 0.0, 'recall': 0.0, 'f1-score': 0.0, 'support': 0.0}, 'accuracy': 0.2, 'macro avg': {'precision': 0.2, 'recall': 0.0400200100050025, 'f1-score': 0.06669445602334305, 'support': 2000.0}, 'weighted avg': {'precision': 0.9995, 'recall': 0.2, 'f1-score': 0.3333055439766569, 'support': 2000.0}}","[[400 400]
 [  0   0]]",0.0014095306396484375,0.013897180557250977
39,IoTID20,0,None,QuantileTransformer,KNN,0.46763505832813307,-1,-1,82.78,56.95,10.7625,61.04146130361047,57.82290299832993,-1,"{'0Normal': {'precision': 0.5941644562334217, 'recall': 0.56, 'f1-score': 0.5765765765765766, 'support': 400.0}, 'DoS': {'precision': 0.9974937343358395, 'recall': 0.995, 'f1-score': 0.9962453066332916, 'support': 400.0}, 'MITM ARP Spoofing': {'precision': 0.32857142857142857, 'recall': 0.5175, 'f1-score': 0.4019417475728155, 'support': 400.0}, 'Mirai': {'precision': 0.8700787401574803, 'recall': 0.5525, 'f1-score': 0.6758409785932722, 'support': 400.0}, 'Scan': {'precision': 0.26176470588235295, 'recall': 0.2225, 'f1-score': 0.24054054054054055, 'support': 400.0}, 'accuracy': 0.5695, 'macro avg': {'precision': 0.6104146130361047, 'recall': 0.5695, 'f1-score': 0.5782290299832993, 'support': 2000.0}, 'weighted avg': {'precision': 0.6104146130361047, 'recall': 0.5695, 'f1-score': 0.5782290299832994, 'support': 2000.0}}","[[224   1 104   8  63]
 [  2 398   0   0   0]
 [ 43   0 207   9 141]
 [ 28   0 104 221  47]
 [ 80   0 215  16  89]]",0.0006861686706542969,0.07590723037719727
40,IoTID20,0,None,QuantileTransformer,LDA,0.5766073798245783,-1,-1,86.06,65.15,8.712499999999999,67.49355564106949,64.48495093266835,-1,"{'0Normal': {'precision': 0.7177615571776156, 'recall': 0.7375, 'f1-score': 0.7274969173859434, 'support': 400.0}, 'DoS': {'precision': 0.9950124688279302, 'recall': 0.9975, 'f1-score': 0.9962546816479401, 'support': 400.0}, 'MITM ARP Spoofing': {'precision': 0.41184971098265893, 'recall': 0.7125, 'f1-score': 0.521978021978022, 'support': 400.0}, 'Mirai': {'precision': 0.8140350877192982, 'recall': 0.58, 'f1-score': 0.6773722627737225, 'support': 400.0}, 'Scan': {'precision': 0.43601895734597157, 'recall': 0.23, 'f1-score': 0.30114566284779054, 'support': 400.0}, 'accuracy': 0.6515, 'macro avg': {'precision': 0.6749355564106949, 'recall': 0.6515000000000001, 'f1-score': 0.6448495093266836, 'support': 2000.0}, 'weighted avg': {'precision': 0.674935556410695, 'recall': 0.6515, 'f1-score': 0.6448495093266838, 'support': 2000.0}}","[[295   0  75   4  26]
 [  0 399   0   1   0]
 [ 21   0 285  34  60]
 [ 50   0  85 232  33]
 [ 45   2 247  14  92]]",0.002663850784301758,0.00027871131896972656
41,IoTID20,0,None,QuantileTransformer,MLP,0.6528784555933507,-1,-1,88.46000000000001,71.15,7.2124999999999995,75.6733358649237,71.56475039089074,-1,"{'0Normal': {'precision': 0.9048991354466859, 'recall': 0.785, 'f1-score': 0.8406961178045514, 'support': 400.0}, 'DoS': {'precision': 1.0, 'recall': 0.995, 'f1-score': 0.9974937343358395, 'support': 400.0}, 'MITM ARP Spoofing': {'precision': 0.5116279069767442, 'recall': 0.33, 'f1-score': 0.4012158054711246, 'support': 400.0}, 'Mirai': {'precision': 0.9270833333333334, 'recall': 0.6675, 'f1-score': 0.7761627906976745, 'support': 400.0}, 'Scan': {'precision': 0.4400564174894217, 'recall': 0.78, 'f1-score': 0.5626690712353472, 'support': 400.0}, 'accuracy': 0.7115, 'macro avg': {'precision': 0.7567333586492371, 'recall': 0.7115, 'f1-score': 0.7156475039089074, 'support': 2000.0}, 'weighted avg': {'precision': 0.7567333586492371, 'recall': 0.7115, 'f1-score': 0.7156475039089075, 'support': 2000.0}}","[[314   0  17   2  67]
 [  2 398   0   0   0]
 [  9   0 132  11 248]
 [ 13   0  38 267  82]
 [  9   0  71   8 312]]",0.1384565830230713,0.0008397102355957031
42,IoTID20,0,None,QuantileTransformer,LGBM,0.7475223879557287,-1,-1,91.82000000000001,79.55,5.1125,80.24796910227764,79.33495047908094,-1,"{'0Normal': {'precision': 0.8459715639810427, 'recall': 0.8925, 'f1-score': 0.8686131386861314, 'support': 400.0}, 'DoS': {'precision': 1.0, 'recall': 0.995, 'f1-score': 0.9974937343358395, 'support': 400.0}, 'MITM ARP Spoofing': {'precision': 0.7436708860759493, 'recall': 0.5875, 'f1-score': 0.6564245810055866, 'support': 400.0}, 'Mirai': {'precision': 0.7846607669616519, 'recall': 0.665, 'f1-score': 0.7198917456021651, 'support': 400.0}, 'Scan': {'precision': 0.638095238095238, 'recall': 0.8375, 'f1-score': 0.7243243243243243, 'support': 400.0}, 'accuracy': 0.7955, 'macro avg': {'precision': 0.8024796910227764, 'recall': 0.7955, 'f1-score': 0.7933495047908095, 'support': 2000.0}, 'weighted avg': {'precision': 0.8024796910227764, 'recall': 0.7955, 'f1-score': 0.7933495047908093, 'support': 2000.0}}","[[357   0   7  18  18]
 [  2 398   0   0   0]
 [ 25   0 235  36 104]
 [ 19   0  47 266  68]
 [ 19   0  27  19 335]]",0.4027259349822998,0.011815786361694336
43,IoTID20,0,None,QuantileTransformer,RF,0.6514882312612386,-1,-1,88.78,71.95,7.012500000000001,73.86129039664966,72.45529445642289,-1,"{'0Normal': {'precision': 0.8501228501228502, 'recall': 0.865, 'f1-score': 0.8574969021065676, 'support': 400.0}, 'DoS': {'precision': 1.0, 'recall': 0.995, 'f1-score': 0.9974937343358395, 'support': 400.0}, 'MITM ARP Spoofing': {'precision': 0.5051020408163265, 'recall': 0.495, 'f1-score': 0.5, 'support': 400.0}, 'Mirai': {'precision': 0.8666666666666667, 'recall': 0.65, 'f1-score': 0.7428571428571429, 'support': 400.0}, 'Scan': {'precision': 0.4711729622266402, 'recall': 0.5925, 'f1-score': 0.5249169435215948, 'support': 400.0}, 'accuracy': 0.7195, 'macro avg': {'precision': 0.7386129039664967, 'recall': 0.7195, 'f1-score': 0.7245529445642289, 'support': 2000.0}, 'weighted avg': {'precision': 0.7386129039664968, 'recall': 0.7195, 'f1-score': 0.7245529445642289, 'support': 2000.0}}","[[346   0  16  13  25]
 [  2 398   0   0   0]
 [ 23   0 198  16 163]
 [ 21   0  41 260  78]
 [ 15   0 137  11 237]]",0.08395910263061523,0.012238502502441406
44,IoTID20,0,None,QuantileTransformer,NuSVC,0.5228264919644074,-1,-1,84.64,61.59999999999999,9.6,65.11597897163968,62.73610350258322,-1,"{'0Normal': {'precision': 0.7586206896551724, 'recall': 0.55, 'f1-score': 0.6376811594202898, 'support': 400.0}, 'DoS': {'precision': 1.0, 'recall': 0.995, 'f1-score': 0.9974937343358395, 'support': 400.0}, 'MITM ARP Spoofing': {'precision': 0.35267857142857145, 'recall': 0.395, 'f1-score': 0.37264150943396235, 'support': 400.0}, 'Mirai': {'precision': 0.7744807121661721, 'recall': 0.6525, 'f1-score': 0.7082767978290366, 'support': 400.0}, 'Scan': {'precision': 0.3700189753320683, 'recall': 0.4875, 'f1-score': 0.42071197411003236, 'support': 400.0}, 'accuracy': 0.616, 'macro avg': {'precision': 0.6511597897163968, 'recall': 0.6159999999999999, 'f1-score': 0.6273610350258322, 'support': 2000.0}, 'weighted avg': {'precision': 0.6511597897163969, 'recall': 0.616, 'f1-score': 0.6273610350258322, 'support': 2000.0}}","[[220   0  90  17  73]
 [  2 398   0   0   0]
 [ 25   0 158  24 193]
 [ 26   0  47 261  66]
 [ 17   0 153  35 195]]",0.006726980209350586,0.017069101333618164
45,IoTID20,0,None,QuantileTransformer,SGD,0.5505784843698706,-1,-1,85.06,62.650000000000006,9.3375,63.65365721252096,59.26682541680057,-1,"{'0Normal': {'precision': 0.7833333333333333, 'recall': 0.705, 'f1-score': 0.7421052631578948, 'support': 400.0}, 'DoS': {'precision': 0.9950124688279302, 'recall': 0.9975, 'f1-score': 0.9962546816479401, 'support': 400.0}, 'MITM ARP Spoofing': {'precision': 0.38117283950617287, 'recall': 0.6175, 'f1-score': 0.47137404580152675, 'support': 400.0}, 'Mirai': {'precision': 0.5588785046728972, 'recall': 0.7475, 'f1-score': 0.639572192513369, 'support': 400.0}, 'Scan': {'precision': 0.4642857142857143, 'recall': 0.065, 'f1-score': 0.11403508771929824, 'support': 400.0}, 'accuracy': 0.6265, 'macro avg': {'precision': 0.6365365721252096, 'recall': 0.6265000000000001, 'f1-score': 0.5926682541680057, 'support': 2000.0}, 'weighted avg': {'precision': 0.6365365721252096, 'recall': 0.6265, 'f1-score': 0.5926682541680057, 'support': 2000.0}}","[[282   0  97  18   3]
 [  0 399   0   1   0]
 [ 24   0 247 105  24]
 [ 20   0  78 299   3]
 [ 34   2 226 112  26]]",0.0039823055267333984,0.0004990100860595703
46,IoTID20,0,None,QuantileTransformer,HHHv2,0.5865872840930739,-1,-1,86.66,70.92237501210501,8.3375,66.64999999999999,67.92676866282888,-1,"{'0Normal': {'precision': 0.67, 'recall': 0.7928994082840237, 'f1-score': 0.7262872628726289, 'support': 338.0}, 'DoS': {'precision': 0.9975, 'recall': 0.9950124688279302, 'f1-score': 0.9962546816479401, 'support': 401.0}, 'MITM ARP Spoofing': {'precision': 0.5525, 'recall': 0.45010183299389, 'f1-score': 0.49607182940516276, 'support': 491.0}, 'Mirai': {'precision': 0.625, 'recall': 0.9157509157509157, 'f1-score': 0.7429420505200595, 'support': 273.0}, 'Scan': {'precision': 0.4875, 'recall': 0.39235412474849096, 'f1-score': 0.43478260869565216, 'support': 497.0}, 'accuracy': 0.6665, 'macro avg': {'precision': 0.6664999999999999, 'recall': 0.7092237501210501, 'f1-score': 0.6792676866282887, 'support': 2000.0}, 'weighted avg': {'precision': 0.6553237499999999, 'recall': 0.6665, 'f1-score': 0.6537323133717113, 'support': 2000.0}}","[[268   0  10  28  32]
 [  0 399   0   0   2]
 [ 43   0 221  60 167]
 [  4   1  14 250   4]
 [ 85   0 155  62 195]]",0.00982356071472168,0.006246328353881836
47,IoTID20,0,None,QuantileTransformer,KNN,0.7570339938348112,-1,-1,92.22,80.55,4.8625,80.41836330625787,80.44939600655023,-1,"{'0Normal': {'precision': 0.8674418604651163, 'recall': 0.9325, 'f1-score': 0.8987951807228916, 'support': 400.0}, 'DoS': {'precision': 0.9974874371859297, 'recall': 0.9925, 'f1-score': 0.9949874686716792, 'support': 400.0}, 'MITM ARP Spoofing': {'precision': 0.6472081218274112, 'recall': 0.6375, 'f1-score': 0.6423173803526449, 'support': 400.0}, 'Mirai': {'precision': 0.8052631578947368, 'recall': 0.765, 'f1-score': 0.7846153846153846, 'support': 400.0}, 'Scan': {'precision': 0.7035175879396985, 'recall': 0.7, 'f1-score': 0.7017543859649122, 'support': 400.0}, 'accuracy': 0.8055, 'macro avg': {'precision': 0.8041836330625787, 'recall': 0.8055, 'f1-score': 0.8044939600655023, 'support': 2000.0}, 'weighted avg': {'precision': 0.8041836330625786, 'recall': 0.8055, 'f1-score': 0.8044939600655026, 'support': 2000.0}}","[[373   1   8   8  10]
 [  1 397   0   2   0]
 [ 20   0 255  46  79]
 [ 19   0  46 306  29]
 [ 17   0  85  18 280]]",0.0007922649383544922,0.0192873477935791
48,IoTID20,0,None,QuantileTransformer,LDA,0.714356841507784,-1,-1,90.75999999999999,76.9,5.775,79.54797889125062,77.56135480827781,-1,"{'0Normal': {'precision': 0.9051490514905149, 'recall': 0.835, 'f1-score': 0.8686605981794538, 'support': 400.0}, 'DoS': {'precision': 0.9875621890547264, 'recall': 0.9925, 'f1-score': 0.9900249376558605, 'support': 400.0}, 'MITM ARP Spoofing': {'precision': 0.6202830188679245, 'recall': 0.6575, 'f1-score': 0.6383495145631067, 'support': 400.0}, 'Mirai': {'precision': 0.9305555555555556, 'recall': 0.67, 'f1-score': 0.7790697674418605, 'support': 400.0}, 'Scan': {'precision': 0.5338491295938105, 'recall': 0.69, 'f1-score': 0.6019629225736096, 'support': 400.0}, 'accuracy': 0.769, 'macro avg': {'precision': 0.7954797889125063, 'recall': 0.769, 'f1-score': 0.7756135480827782, 'support': 2000.0}, 'weighted avg': {'precision': 0.7954797889125064, 'recall': 0.769, 'f1-score': 0.7756135480827782, 'support': 2000.0}}","[[334   1  13   3  49]
 [  2 397   0   1   0]
 [  2   0 263   8 127]
 [  8   2  57 268  65]
 [ 23   2  91   8 276]]",0.09585261344909668,0.000392913818359375
49,IoTID20,0,None,QuantileTransformer,MLP,0.8090245285859725,-1,-1,93.86,84.65,3.8375,85.26859607979146,84.75946005286845,-1,"{'0Normal': {'precision': 0.9282178217821783, 'recall': 0.9375, 'f1-score': 0.9328358208955223, 'support': 400.0}, 'DoS': {'precision': 0.9975, 'recall': 0.9975, 'f1-score': 0.9975, 'support': 400.0}, 'MITM ARP Spoofing': {'precision': 0.7, 'recall': 0.7525, 'f1-score': 0.7253012048192771, 'support': 400.0}, 'Mirai': {'precision': 0.906060606060606, 'recall': 0.7475, 'f1-score': 0.8191780821917809, 'support': 400.0}, 'Scan': {'precision': 0.731651376146789, 'recall': 0.7975, 'f1-score': 0.763157894736842, 'support': 400.0}, 'accuracy': 0.8465, 'macro avg': {'precision': 0.8526859607979146, 'recall': 0.8465, 'f1-score': 0.8475946005286845, 'support': 2000.0}, 'weighted avg': {'precision': 0.8526859607979147, 'recall': 0.8465, 'f1-score': 0.8475946005286845, 'support': 2000.0}}","[[375   1   5   6  13]
 [  1 399   0   0   0]
 [  7   0 301  21  71]
 [ 14   0  54 299  33]
 [  7   0  70   4 319]]",2.6592764854431152,0.0008983612060546875
50,IoTID20,0,None,QuantileTransformer,LGBM,0.9487924001077783,-1,-1,98.36,95.89999999999999,1.0250000000000001,95.9331985511192,95.90808968961744,-1,"{'0Normal': {'precision': 0.99, 'recall': 0.99, 'f1-score': 0.99, 'support': 400.0}, 'DoS': {'precision': 1.0, 'recall': 0.995, 'f1-score': 0.9974937343358395, 'support': 400.0}, 'MITM ARP Spoofing': {'precision': 0.9142156862745098, 'recall': 0.9325, 'f1-score': 0.9232673267326732, 'support': 400.0}, 'Mirai': {'precision': 0.9612403100775194, 'recall': 0.93, 'f1-score': 0.9453621346886912, 'support': 400.0}, 'Scan': {'precision': 0.9312039312039312, 'recall': 0.9475, 'f1-score': 0.939281288723668, 'support': 400.0}, 'accuracy': 0.959, 'macro avg': {'precision': 0.959331985511192, 'recall': 0.959, 'f1-score': 0.9590808968961744, 'support': 2000.0}, 'weighted avg': {'precision': 0.9593319855111923, 'recall': 0.959, 'f1-score': 0.9590808968961744, 'support': 2000.0}}","[[396   0   2   2   0]
 [  2 398   0   0   0]
 [  1   0 373   9  17]
 [  0   0  17 372  11]
 [  1   0  16   4 379]]",1.8139023780822754,0.00891256332397461
51,IoTID20,0,None,QuantileTransformer,RF,0.8527260023398989,-1,-1,95.28,88.2,2.9499999999999997,88.2874240336956,88.19770000844578,-1,"{'0Normal': {'precision': 0.9434889434889435, 'recall': 0.96, 'f1-score': 0.9516728624535317, 'support': 400.0}, 'DoS': {'precision': 1.0, 'recall': 0.9975, 'f1-score': 0.9987484355444306, 'support': 400.0}, 'MITM ARP Spoofing': {'precision': 0.7838479809976246, 'recall': 0.825, 'f1-score': 0.8038976857490864, 'support': 400.0}, 'Mirai': {'precision': 0.8688524590163934, 'recall': 0.795, 'f1-score': 0.8302872062663185, 'support': 400.0}, 'Scan': {'precision': 0.8181818181818182, 'recall': 0.8325, 'f1-score': 0.8252788104089218, 'support': 400.0}, 'accuracy': 0.882, 'macro avg': {'precision': 0.882874240336956, 'recall': 0.882, 'f1-score': 0.8819770000844578, 'support': 2000.0}, 'weighted avg': {'precision': 0.8828742403369559, 'recall': 0.882, 'f1-score': 0.8819770000844578, 'support': 2000.0}}","[[384   0   3   3  10]
 [  1 399   0   0   0]
 [  4   0 330  32  34]
 [  6   0  46 318  30]
 [ 12   0  42  13 333]]",0.6638360023498535,0.017651796340942383
52,IoTID20,0,None,QuantileTransformer,NuSVC,0.7245240027700218,-1,-1,91.14,77.85,5.5375,77.44999152862017,77.40345513289067,-1,"{'0Normal': {'precision': 0.9075425790754258, 'recall': 0.9325, 'f1-score': 0.9198520345252774, 'support': 400.0}, 'DoS': {'precision': 0.992462311557789, 'recall': 0.9875, 'f1-score': 0.9899749373433584, 'support': 400.0}, 'MITM ARP Spoofing': {'precision': 0.5938461538461538, 'recall': 0.4825, 'f1-score': 0.5324137931034483, 'support': 400.0}, 'Mirai': {'precision': 0.6791666666666667, 'recall': 0.815, 'f1-score': 0.740909090909091, 'support': 400.0}, 'Scan': {'precision': 0.6994818652849741, 'recall': 0.675, 'f1-score': 0.6870229007633588, 'support': 400.0}, 'accuracy': 0.7785, 'macro avg': {'precision': 0.7744999152862018, 'recall': 0.7785, 'f1-score': 0.7740345513289068, 'support': 2000.0}, 'weighted avg': {'precision': 0.774499915286202, 'recall': 0.7785, 'f1-score': 0.7740345513289066, 'support': 2000.0}}","[[373   1   8   5  13]
 [  5 395   0   0   0]
 [  9   0 193 115  83]
 [ 14   0  40 326  20]
 [ 10   2  84  34 270]]",0.9729452133178711,0.2643392086029053
53,IoTID20,0,None,QuantileTransformer,SGD,0.6449441302516637,-1,-1,88.24,70.60000000000001,7.35,77.57986182875896,71.27026984701932,-1,"{'0Normal': {'precision': 0.9837837837837838, 'recall': 0.455, 'f1-score': 0.6222222222222222, 'support': 400.0}, 'DoS': {'precision': 1.0, 'recall': 0.995, 'f1-score': 0.9974937343358395, 'support': 400.0}, 'MITM ARP Spoofing': {'precision': 0.6211031175059952, 'recall': 0.6475, 'f1-score': 0.6340269277845777, 'support': 400.0}, 'Mirai': {'precision': 0.8288288288288288, 'recall': 0.69, 'f1-score': 0.753069577080491, 'support': 400.0}, 'Scan': {'precision': 0.4452773613193403, 'recall': 0.7425, 'f1-score': 0.5567010309278351, 'support': 400.0}, 'accuracy': 0.706, 'macro avg': {'precision': 0.7757986182875897, 'recall': 0.7060000000000001, 'f1-score': 0.7127026984701932, 'support': 2000.0}, 'weighted avg': {'precision': 0.7757986182875897, 'recall': 0.706, 'f1-score': 0.7127026984701931, 'support': 2000.0}}","[[182   0  16  27 175]
 [  0 398   0   2   0]
 [  0   0 259  17 124]
 [  3   0  50 276  71]
 [  0   0  92  11 297]]",0.2434682846069336,0.0009996891021728516
54,IoTID20,0,rbf,QuantileTransformer,HHHv2,0.8140950458977949,-1,-1,94.04,85.14764995162398,3.7249999999999996,85.1,85.0472923313557,-1,"{'0Normal': {'precision': 0.935, 'recall': 0.9012048192771084, 'f1-score': 0.9177914110429448, 'support': 415.0}, 'DoS': {'precision': 0.9925, 'recall': 0.9659367396593674, 'f1-score': 0.9790382244143033, 'support': 411.0}, 'MITM ARP Spoofing': {'precision': 0.76, 'recall': 0.7325301204819277, 'f1-score': 0.7460122699386503, 'support': 415.0}, 'Mirai': {'precision': 0.77, 'recall': 0.8700564971751412, 'f1-score': 0.8169761273209548, 'support': 354.0}, 'Scan': {'precision': 0.7975, 'recall': 0.7876543209876543, 'f1-score': 0.7925465838509317, 'support': 405.0}, 'accuracy': 0.851, 'macro avg': {'precision': 0.851, 'recall': 0.8514764995162398, 'f1-score': 0.8504729233135571, 'support': 2000.0}, 'weighted avg': {'precision': 0.8534550000000001, 'recall': 0.851, 'f1-score': 0.851527076686443, 'support': 2000.0}}","[[374   1  14  11  15]
 [  3 397   6   5   0]
 [  4   1 304  51  55]
 [  8   1  26 308  11]
 [ 11   0  50  25 319]]",153.38228154182434,0.1098775863647461
55,IoTID20,0,None,QuantileTransformer,KNN,0.7532391714646373,-1,-1,92.10000000000001,80.25,4.9375,80.10095173626966,80.15228770731457,-1,"{'0Normal': {'precision': 0.8833333333333333, 'recall': 0.9275, 'f1-score': 0.9048780487804878, 'support': 400.0}, 'DoS': {'precision': 0.9974874371859297, 'recall': 0.9925, 'f1-score': 0.9949874686716792, 'support': 400.0}, 'MITM ARP Spoofing': {'precision': 0.6465968586387435, 'recall': 0.6175, 'f1-score': 0.6317135549872123, 'support': 400.0}, 'Mirai': {'precision': 0.7866323907455013, 'recall': 0.765, 'f1-score': 0.7756653992395437, 'support': 400.0}, 'Scan': {'precision': 0.6909975669099757, 'recall': 0.71, 'f1-score': 0.7003699136868065, 'support': 400.0}, 'accuracy': 0.8025, 'macro avg': {'precision': 0.8010095173626967, 'recall': 0.8025, 'f1-score': 0.8015228770731457, 'support': 2000.0}, 'weighted avg': {'precision': 0.8010095173626967, 'recall': 0.8025, 'f1-score': 0.801522877073146, 'support': 2000.0}}","[[371   1   9   4  15]
 [  1 397   0   2   0]
 [ 17   0 247  55  81]
 [ 14   0  49 306  31]
 [ 17   0  77  22 284]]",0.0008258819580078125,0.019646167755126953
56,IoTID20,0,None,QuantileTransformer,LDA,0.7258711064882567,-1,-1,91.12,77.8,5.55,80.57403719874718,78.46033559719291,-1,"{'0Normal': {'precision': 0.9277777777777778, 'recall': 0.835, 'f1-score': 0.8789473684210527, 'support': 400.0}, 'DoS': {'precision': 0.9875621890547264, 'recall': 0.9925, 'f1-score': 0.9900249376558605, 'support': 400.0}, 'MITM ARP Spoofing': {'precision': 0.631578947368421, 'recall': 0.69, 'f1-score': 0.6594982078853046, 'support': 400.0}, 'Mirai': {'precision': 0.9333333333333333, 'recall': 0.665, 'f1-score': 0.7766423357664234, 'support': 400.0}, 'Scan': {'precision': 0.5484496124031008, 'recall': 0.7075, 'f1-score': 0.6179039301310043, 'support': 400.0}, 'accuracy': 0.778, 'macro avg': {'precision': 0.8057403719874718, 'recall': 0.778, 'f1-score': 0.7846033559719291, 'support': 2000.0}, 'weighted avg': {'precision': 0.8057403719874718, 'recall': 0.778, 'f1-score': 0.7846033559719291, 'support': 2000.0}}","[[334   1  11   3  51]
 [  3 397   0   0   0]
 [  2   0 276   8 114]
 [  8   2  56 266  68]
 [ 13   2  94   8 283]]",0.01838994026184082,0.0006253719329833984
57,IoTID20,0,None,QuantileTransformer,MLP,0.7868507370621948,-1,-1,93.14,82.85,4.2875000000000005,83.66562543807056,83.01157598229526,-1,"{'0Normal': {'precision': 0.946969696969697, 'recall': 0.9375, 'f1-score': 0.9422110552763819, 'support': 400.0}, 'DoS': {'precision': 0.9975, 'recall': 0.9975, 'f1-score': 0.9975, 'support': 400.0}, 'MITM ARP Spoofing': {'precision': 0.6708229426433915, 'recall': 0.6725, 'f1-score': 0.6716604244694132, 'support': 400.0}, 'Mirai': {'precision': 0.8942598187311178, 'recall': 0.74, 'f1-score': 0.8098495212038305, 'support': 400.0}, 'Scan': {'precision': 0.673728813559322, 'recall': 0.795, 'f1-score': 0.7293577981651375, 'support': 400.0}, 'accuracy': 0.8285, 'macro avg': {'precision': 0.8366562543807057, 'recall': 0.8285, 'f1-score': 0.8301157598229526, 'support': 2000.0}, 'weighted avg': {'precision': 0.8366562543807056, 'recall': 0.8285, 'f1-score': 0.8301157598229526, 'support': 2000.0}}","[[375   1   2   5  17]
 [  1 399   0   0   0]
 [  6   0 269  25 100]
 [  6   0  61 296  37]
 [  8   0  69   5 318]]",2.7808642387390137,0.0011141300201416016
58,IoTID20,0,None,QuantileTransformer,LGBM,0.9456708070391321,-1,-1,98.26,95.65,1.0875,95.68751182106368,95.65958719391014,-1,"{'0Normal': {'precision': 0.9899749373433584, 'recall': 0.9875, 'f1-score': 0.9887359198998749, 'support': 400.0}, 'DoS': {'precision': 1.0, 'recall': 0.995, 'f1-score': 0.9974937343358395, 'support': 400.0}, 'MITM ARP Spoofing': {'precision': 0.9137931034482759, 'recall': 0.9275, 'f1-score': 0.9205955334987592, 'support': 400.0}, 'Mirai': {'precision': 0.958656330749354, 'recall': 0.9275, 'f1-score': 0.9428208386277002, 'support': 400.0}, 'Scan': {'precision': 0.9219512195121952, 'recall': 0.945, 'f1-score': 0.9333333333333333, 'support': 400.0}, 'accuracy': 0.9565, 'macro avg': {'precision': 0.9568751182106368, 'recall': 0.9565000000000001, 'f1-score': 0.9565958719391014, 'support': 2000.0}, 'weighted avg': {'precision': 0.9568751182106368, 'recall': 0.9565, 'f1-score': 0.9565958719391013, 'support': 2000.0}}","[[395   0   2   3   0]
 [  2 398   0   0   0]
 [  2   0 371   8  19]
 [  0   0  16 371  13]
 [  0   0  17   5 378]]",1.612779140472412,0.010156631469726562
59,IoTID20,0,None,QuantileTransformer,RF,0.8458216764060551,-1,-1,95.06,87.65,3.0875,87.7042591977772,87.636447236559,-1,"{'0Normal': {'precision': 0.9414634146341463, 'recall': 0.965, 'f1-score': 0.9530864197530864, 'support': 400.0}, 'DoS': {'precision': 1.0, 'recall': 0.995, 'f1-score': 0.9974937343358395, 'support': 400.0}, 'MITM ARP Spoofing': {'precision': 0.7733990147783252, 'recall': 0.785, 'f1-score': 0.7791563275434242, 'support': 400.0}, 'Mirai': {'precision': 0.8641304347826086, 'recall': 0.795, 'f1-score': 0.8281249999999999, 'support': 400.0}, 'Scan': {'precision': 0.80622009569378, 'recall': 0.8425, 'f1-score': 0.8239608801955991, 'support': 400.0}, 'accuracy': 0.8765, 'macro avg': {'precision': 0.877042591977772, 'recall': 0.8765000000000001, 'f1-score': 0.8763644723655899, 'support': 2000.0}, 'weighted avg': {'precision': 0.8770425919777721, 'recall': 0.8765, 'f1-score': 0.8763644723655898, 'support': 2000.0}}","[[386   0   4   1   9]
 [  2 398   0   0   0]
 [  4   0 314  40  42]
 [  6   0  46 318  30]
 [ 12   0  42   9 337]]",0.6944921016693115,0.017827749252319336
60,IoTID20,0,None,QuantileTransformer,NuSVC,0.7241613046459251,-1,-1,91.16,77.90000000000002,5.525,78.22625884928681,77.97028936672862,-1,"{'0Normal': {'precision': 0.8779342723004695, 'recall': 0.935, 'f1-score': 0.9055690072639225, 'support': 400.0}, 'DoS': {'precision': 0.9974747474747475, 'recall': 0.9875, 'f1-score': 0.992462311557789, 'support': 400.0}, 'MITM ARP Spoofing': {'precision': 0.5714285714285714, 'recall': 0.61, 'f1-score': 0.5900846432889962, 'support': 400.0}, 'Mirai': {'precision': 0.8413597733711048, 'recall': 0.7425, 'f1-score': 0.7888446215139443, 'support': 400.0}, 'Scan': {'precision': 0.6231155778894473, 'recall': 0.62, 'f1-score': 0.6215538847117794, 'support': 400.0}, 'accuracy': 0.779, 'macro avg': {'precision': 0.7822625884928681, 'recall': 0.7790000000000001, 'f1-score': 0.7797028936672863, 'support': 2000.0}, 'weighted avg': {'precision': 0.782262588492868, 'recall': 0.779, 'f1-score': 0.7797028936672863, 'support': 2000.0}}","[[374   0  11   3  12]
 [  5 395   0   0   0]
 [ 10   0 244  31 115]
 [ 18   0  62 297  23]
 [ 19   1 110  22 248]]",1.2170593738555908,0.26190733909606934
61,IoTID20,0,None,QuantileTransformer,SGD,0.6607264707637307,-1,-1,88.82,72.05,6.987500000000001,74.37791528495849,71.17084908876012,-1,"{'0Normal': {'precision': 0.6048, 'recall': 0.945, 'f1-score': 0.7375609756097561, 'support': 400.0}, 'DoS': {'precision': 1.0, 'recall': 0.995, 'f1-score': 0.9974937343358395, 'support': 400.0}, 'MITM ARP Spoofing': {'precision': 0.6886792452830188, 'recall': 0.365, 'f1-score': 0.4771241830065359, 'support': 400.0}, 'Mirai': {'precision': 0.8935483870967742, 'recall': 0.6925, 'f1-score': 0.7802816901408451, 'support': 400.0}, 'Scan': {'precision': 0.5318681318681319, 'recall': 0.605, 'f1-score': 0.5660818713450293, 'support': 400.0}, 'accuracy': 0.7205, 'macro avg': {'precision': 0.743779152849585, 'recall': 0.7204999999999999, 'f1-score': 0.7117084908876012, 'support': 2000.0}, 'weighted avg': {'precision': 0.7437791528495851, 'recall': 0.7205, 'f1-score': 0.7117084908876012, 'support': 2000.0}}","[[378   0   4   4  14]
 [  0 398   0   2   0]
 [ 90   0 146  18 146]
 [ 52   0  18 277  53]
 [105   0  44   9 242]]",0.24180841445922852,0.0010008811950683594
62,IoTID20,0,poly,QuantileTransformer,HHHv2,0.7449292152303307,-1,-1,91.78,79.48625405787573,5.137499999999999,79.45,79.05761219386372,-1,"{'0Normal': {'precision': 0.89, 'recall': 0.8833746898263027, 'f1-score': 0.8866749688667497, 'support': 403.0}, 'DoS': {'precision': 1.0, 'recall': 0.8264462809917356, 'f1-score': 0.904977375565611, 'support': 484.0}, 'MITM ARP Spoofing': {'precision': 0.685, 'recall': 0.7043701799485861, 'f1-score': 0.694550063371356, 'support': 389.0}, 'Mirai': {'precision': 0.6475, 'recall': 0.8354838709677419, 'f1-score': 0.7295774647887323, 'support': 310.0}, 'Scan': {'precision': 0.75, 'recall': 0.7246376811594203, 'f1-score': 0.737100737100737, 'support': 414.0}, 'accuracy': 0.7945, 'macro avg': {'precision': 0.7945, 'recall': 0.7948625405787573, 'f1-score': 0.7905761219386372, 'support': 2000.0}, 'weighted avg': {'precision': 0.81018, 'recall': 0.7945, 'f1-score': 0.7984238780613627, 'support': 2000.0}}","[[356   0  15  16  16]
 [ 14 400  22  35  13]
 [  9   0 274  52  54]
 [  8   0  26 259  17]
 [ 13   0  63  38 300]]",168.60858035087585,0.15525054931640625
63,IoTID20,0,None,QuantileTransformer,KNN,0.5286996224272824,-1,-1,84.74000000000001,61.85000000000001,9.5375,63.62055057507076,61.731953905706284,-1,"{'0Normal': {'precision': 0.5731132075471698, 'recall': 0.6075, 'f1-score': 0.5898058252427184, 'support': 400.0}, 'DoS': {'precision': 0.9974874371859297, 'recall': 0.9925, 'f1-score': 0.9949874686716792, 'support': 400.0}, 'MITM ARP Spoofing': {'precision': 0.42786069651741293, 'recall': 0.645, 'f1-score': 0.514456630109671, 'support': 400.0}, 'Mirai': {'precision': 0.7323943661971831, 'recall': 0.52, 'f1-score': 0.608187134502924, 'support': 400.0}, 'Scan': {'precision': 0.45017182130584193, 'recall': 0.3275, 'f1-score': 0.3791606367583213, 'support': 400.0}, 'accuracy': 0.6185, 'macro avg': {'precision': 0.6362055057507076, 'recall': 0.6185, 'f1-score': 0.6173195390570628, 'support': 2000.0}, 'weighted avg': {'precision': 0.6362055057507076, 'recall': 0.6185, 'f1-score': 0.6173195390570628, 'support': 2000.0}}","[[243   1  72  55  29]
 [  2 397   0   1   0]
 [ 76   0 258   7  59]
 [ 53   0  67 208  72]
 [ 50   0 206  13 131]]",0.0004405975341796875,0.002809762954711914
64,IoTID20,0,None,QuantileTransformer,LDA,0.6392450304673502,-1,-1,88.14,70.35,7.4125,76.96464660227562,71.77874979908097,-1,"{'0Normal': {'precision': 0.9313432835820895, 'recall': 0.78, 'f1-score': 0.8489795918367347, 'support': 400.0}, 'DoS': {'precision': 0.9925373134328358, 'recall': 0.9975, 'f1-score': 0.9950124688279303, 'support': 400.0}, 'MITM ARP Spoofing': {'precision': 0.526595744680851, 'recall': 0.495, 'f1-score': 0.5103092783505155, 'support': 400.0}, 'Mirai': {'precision': 0.9870689655172413, 'recall': 0.5725, 'f1-score': 0.7246835443037974, 'support': 400.0}, 'Scan': {'precision': 0.41068702290076337, 'recall': 0.6725, 'f1-score': 0.509952606635071, 'support': 400.0}, 'accuracy': 0.7035, 'macro avg': {'precision': 0.7696464660227562, 'recall': 0.7034999999999999, 'f1-score': 0.7177874979908097, 'support': 2000.0}, 'weighted avg': {'precision': 0.7696464660227561, 'recall': 0.7035, 'f1-score': 0.7177874979908098, 'support': 2000.0}}","[[312   1  17   1  69]
 [  1 399   0   0   0]
 [  1   0 198   2 199]
 [  8   0  45 229 118]
 [ 13   2 116   0 269]]",0.0030176639556884766,0.0005278587341308594
65,IoTID20,0,None,QuantileTransformer,MLP,0.668577719704246,-1,-1,89.12,72.8,6.800000000000001,75.439008342343,72.70030990967325,-1,"{'0Normal': {'precision': 0.8596059113300493, 'recall': 0.8725, 'f1-score': 0.8660049627791564, 'support': 400.0}, 'DoS': {'precision': 1.0, 'recall': 0.9975, 'f1-score': 0.9987484355444306, 'support': 400.0}, 'MITM ARP Spoofing': {'precision': 0.4960380348652932, 'recall': 0.7825, 'f1-score': 0.6071774975751698, 'support': 400.0}, 'Mirai': {'precision': 0.8773234200743495, 'recall': 0.59, 'f1-score': 0.7055306427503737, 'support': 400.0}, 'Scan': {'precision': 0.5389830508474577, 'recall': 0.3975, 'f1-score': 0.45755395683453237, 'support': 400.0}, 'accuracy': 0.728, 'macro avg': {'precision': 0.7543900834234301, 'recall': 0.728, 'f1-score': 0.7270030990967326, 'support': 2000.0}, 'weighted avg': {'precision': 0.75439008342343, 'recall': 0.728, 'f1-score': 0.7270030990967326, 'support': 2000.0}}","[[349   0  25   5  21]
 [  1 399   0   0   0]
 [ 19   0 313  20  48]
 [ 15   0  82 236  67]
 [ 22   0 211   8 159]]",0.15368437767028809,0.0015876293182373047
66,IoTID20,0,None,QuantileTransformer,LGBM,0.798056901085894,-1,-1,93.47999999999999,83.7,4.075,84.51209449511397,83.71114994189324,-1,"{'0Normal': {'precision': 0.8985148514851485, 'recall': 0.9075, 'f1-score': 0.9029850746268657, 'support': 400.0}, 'DoS': {'precision': 1.0, 'recall': 0.995, 'f1-score': 0.9974937343358395, 'support': 400.0}, 'MITM ARP Spoofing': {'precision': 0.7375886524822695, 'recall': 0.78, 'f1-score': 0.7582017010935601, 'support': 400.0}, 'Mirai': {'precision': 0.8852459016393442, 'recall': 0.675, 'f1-score': 0.7659574468085107, 'support': 400.0}, 'Scan': {'precision': 0.7042553191489361, 'recall': 0.8275, 'f1-score': 0.7609195402298851, 'support': 400.0}, 'accuracy': 0.837, 'macro avg': {'precision': 0.8451209449511398, 'recall': 0.837, 'f1-score': 0.8371114994189324, 'support': 2000.0}, 'weighted avg': {'precision': 0.8451209449511397, 'recall': 0.837, 'f1-score': 0.8371114994189321, 'support': 2000.0}}","[[363   0   6  13  18]
 [  2 398   0   0   0]
 [ 16   0 312   9  63]
 [ 11   0  61 270  58]
 [ 12   0  44  13 331]]",0.5397679805755615,0.008143186569213867
67,IoTID20,0,None,QuantileTransformer,RF,0.7043772455994262,-1,-1,90.48,76.2,5.949999999999999,77.49764075823536,76.4411145354,-1,"{'0Normal': {'precision': 0.8790931989924433, 'recall': 0.8725, 'f1-score': 0.875784190715182, 'support': 400.0}, 'DoS': {'precision': 1.0, 'recall': 0.995, 'f1-score': 0.9974937343358395, 'support': 400.0}, 'MITM ARP Spoofing': {'precision': 0.5847107438016529, 'recall': 0.7075, 'f1-score': 0.6402714932126696, 'support': 400.0}, 'Mirai': {'precision': 0.8311258278145696, 'recall': 0.6275, 'f1-score': 0.7150997150997151, 'support': 400.0}, 'Scan': {'precision': 0.5799522673031027, 'recall': 0.6075, 'f1-score': 0.5934065934065934, 'support': 400.0}, 'accuracy': 0.762, 'macro avg': {'precision': 0.7749764075823536, 'recall': 0.762, 'f1-score': 0.764411145354, 'support': 2000.0}, 'weighted avg': {'precision': 0.7749764075823536, 'recall': 0.762, 'f1-score': 0.7644111453539999, 'support': 2000.0}}","[[349   0   8  18  25]
 [  2 398   0   0   0]
 [ 21   0 283  13  83]
 [ 14   0  67 251  68]
 [ 11   0 126  20 243]]",0.09607505798339844,0.013318061828613281
68,IoTID20,0,None,QuantileTransformer,NuSVC,0.6086796769543493,-1,-1,87.4,68.5,7.875,70.21356031320394,68.85195697614408,-1,"{'0Normal': {'precision': 0.7098591549295775, 'recall': 0.63, 'f1-score': 0.6675496688741722, 'support': 400.0}, 'DoS': {'precision': 1.0, 'recall': 0.9925, 'f1-score': 0.9962358845671266, 'support': 400.0}, 'MITM ARP Spoofing': {'precision': 0.5265588914549654, 'recall': 0.57, 'f1-score': 0.5474189675870349, 'support': 400.0}, 'Mirai': {'precision': 0.7615894039735099, 'recall': 0.575, 'f1-score': 0.6552706552706553, 'support': 400.0}, 'Scan': {'precision': 0.5126705653021443, 'recall': 0.6575, 'f1-score': 0.5761226725082147, 'support': 400.0}, 'accuracy': 0.685, 'macro avg': {'precision': 0.7021356031320394, 'recall': 0.6849999999999999, 'f1-score': 0.6885195697614408, 'support': 2000.0}, 'weighted avg': {'precision': 0.7021356031320394, 'recall': 0.685, 'f1-score': 0.6885195697614407, 'support': 2000.0}}","[[252   0  33  38  77]
 [  3 397   0   0   0]
 [ 47   0 228  19 106]
 [ 34   0  69 230  67]
 [ 19   0 103  15 263]]",0.008977890014648438,0.02077960968017578
69,IoTID20,0,None,QuantileTransformer,SGD,0.5052704466955211,-1,-1,82.56,56.39999999999999,10.9,64.23002361847034,45.90845558980918,-1,"{'0Normal': {'precision': 0.4335981838819523, 'recall': 0.955, 'f1-score': 0.5964090554254489, 'support': 400.0}, 'DoS': {'precision': 0.9925373134328358, 'recall': 0.9975, 'f1-score': 0.9950124688279303, 'support': 400.0}, 'MITM ARP Spoofing': {'precision': 0.6428571428571429, 'recall': 0.045, 'f1-score': 0.08411214953271028, 'support': 400.0}, 'Mirai': {'precision': 0.47584187408491946, 'recall': 0.8125, 'f1-score': 0.6001846722068329, 'support': 400.0}, 'Scan': {'precision': 0.6666666666666666, 'recall': 0.01, 'f1-score': 0.019704433497536946, 'support': 400.0}, 'accuracy': 0.564, 'macro avg': {'precision': 0.6423002361847034, 'recall': 0.564, 'f1-score': 0.45908455589809183, 'support': 2000.0}, 'weighted avg': {'precision': 0.6423002361847034, 'recall': 0.564, 'f1-score': 0.4590845558980919, 'support': 2000.0}}","[[382   1   0  16   1]
 [  0 399   0   1   0]
 [171   0  18 210   1]
 [ 68   0   7 325   0]
 [260   2   3 131   4]]",0.0049457550048828125,0.0005421638488769531
70,IoTID20,0,linear,QuantileTransformer,HHHv2,0.6085493219351434,-1,-1,87.33999999999999,71.25367035784389,7.9125,68.35,68.77510569457498,-1,"{'0Normal': {'precision': 0.7525, 'recall': 0.7359413202933985, 'f1-score': 0.7441285537700866, 'support': 409.0}, 'DoS': {'precision': 0.9975, 'recall': 0.9950124688279302, 'f1-score': 0.9962546816479401, 'support': 401.0}, 'MITM ARP Spoofing': {'precision': 0.685, 'recall': 0.4963768115942029, 'f1-score': 0.5756302521008404, 'support': 552.0}, 'Mirai': {'precision': 0.605, 'recall': 0.937984496124031, 'f1-score': 0.7355623100303952, 'support': 258.0}, 'Scan': {'precision': 0.3775, 'recall': 0.3973684210526316, 'f1-score': 0.38717948717948725, 'support': 380.0}, 'accuracy': 0.6835, 'macro avg': {'precision': 0.6835, 'recall': 0.7125367035784389, 'f1-score': 0.6877510569457498, 'support': 2000.0}, 'weighted avg': {'precision': 0.692715, 'recall': 0.6835, 'f1-score': 0.6792489430542502, 'support': 2000.0}}","[[301   1  19  23  65]
 [  0 399   0   0   2]
 [ 39   0 274  65 174]
 [  1   0   7 242   8]
 [ 59   0 100  70 151]]",0.031205415725708008,0.009485483169555664
71,IoTID20,0,None,QuantileTransformer,KNN,0.4960860578109505,-1,-1,83.34,58.35,10.4125,58.955749515911116,55.32378879616522,-1,"{'0Normal': {'precision': 0.6186915887850467, 'recall': 0.8275, 'f1-score': 0.7080213903743315, 'support': 400.0}, 'DoS': {'precision': 0.9974874371859297, 'recall': 0.9925, 'f1-score': 0.9949874686716792, 'support': 400.0}, 'MITM ARP Spoofing': {'precision': 0.35096153846153844, 'recall': 0.1825, 'f1-score': 0.24013157894736845, 'support': 400.0}, 'Mirai': {'precision': 0.3912429378531073, 'recall': 0.6925, 'f1-score': 0.5, 'support': 400.0}, 'Scan': {'precision': 0.5894039735099338, 'recall': 0.2225, 'f1-score': 0.32304900181488205, 'support': 400.0}, 'accuracy': 0.5835, 'macro avg': {'precision': 0.5895574951591112, 'recall': 0.5835, 'f1-score': 0.5532378879616522, 'support': 2000.0}, 'weighted avg': {'precision': 0.5895574951591112, 'recall': 0.5835, 'f1-score': 0.5532378879616523, 'support': 2000.0}}","[[331   1  12  50   6]
 [  1 397   0   2   0]
 [ 95   0  73 216  16]
 [ 31   0  52 277  40]
 [ 77   0  71 163  89]]",0.0005025863647460938,0.005591392517089844
72,IoTID20,0,None,QuantileTransformer,LDA,0.586018175439287,-1,-1,86.72,66.8,8.3,67.30029300339558,66.83886821318629,-1,"{'0Normal': {'precision': 0.8762376237623762, 'recall': 0.885, 'f1-score': 0.880597014925373, 'support': 400.0}, 'DoS': {'precision': 0.9900744416873449, 'recall': 0.9975, 'f1-score': 0.9937733499377336, 'support': 400.0}, 'MITM ARP Spoofing': {'precision': 0.38620689655172413, 'recall': 0.42, 'f1-score': 0.4023952095808383, 'support': 400.0}, 'Mirai': {'precision': 0.6057692307692307, 'recall': 0.4725, 'f1-score': 0.5308988764044944, 'support': 400.0}, 'Scan': {'precision': 0.5067264573991032, 'recall': 0.565, 'f1-score': 0.5342789598108747, 'support': 400.0}, 'accuracy': 0.668, 'macro avg': {'precision': 0.6730029300339558, 'recall': 0.668, 'f1-score': 0.6683886821318629, 'support': 2000.0}, 'weighted avg': {'precision': 0.6730029300339558, 'recall': 0.668, 'f1-score': 0.6683886821318629, 'support': 2000.0}}","[[354   0  14   4  28]
 [  1 399   0   0   0]
 [  8   0 168  83 141]
 [ 18   2 140 189  51]
 [ 23   2 113  36 226]]",0.004641294479370117,0.0004525184631347656
73,IoTID20,0,None,QuantileTransformer,MLP,0.51100500093068,-1,-1,83.54,58.85,10.2875,59.535304247549156,55.609373068132115,-1,"{'0Normal': {'precision': 0.8021978021978022, 'recall': 0.9125, 'f1-score': 0.8538011695906434, 'support': 400.0}, 'DoS': {'precision': 1.0, 'recall': 0.995, 'f1-score': 0.9974937343358395, 'support': 400.0}, 'MITM ARP Spoofing': {'precision': 0.3225806451612903, 'recall': 0.125, 'f1-score': 0.18018018018018017, 'support': 400.0}, 'Mirai': {'precision': 0.3393285371702638, 'recall': 0.7075, 'f1-score': 0.4586709886547812, 'support': 400.0}, 'Scan': {'precision': 0.5126582278481012, 'recall': 0.2025, 'f1-score': 0.2903225806451613, 'support': 400.0}, 'accuracy': 0.5885, 'macro avg': {'precision': 0.5953530424754916, 'recall': 0.5885, 'f1-score': 0.5560937306813212, 'support': 2000.0}, 'weighted avg': {'precision': 0.5953530424754914, 'recall': 0.5885, 'f1-score': 0.5560937306813211, 'support': 2000.0}}","[[365   0   9  26   0]
 [  2 398   0   0   0]
 [ 29   0  50 295  26]
 [ 15   0  51 283  51]
 [ 44   0  45 230  81]]",0.3422563076019287,0.0009152889251708984
74,IoTID20,0,None,QuantileTransformer,LGBM,0.8411449891858254,-1,-1,94.74000000000001,86.85000000000001,3.2875,88.3601060267783,86.53389781620832,-1,"{'0Normal': {'precision': 0.9751861042183623, 'recall': 0.9825, 'f1-score': 0.978829389788294, 'support': 400.0}, 'DoS': {'precision': 1.0, 'recall': 0.995, 'f1-score': 0.9974937343358395, 'support': 400.0}, 'MITM ARP Spoofing': {'precision': 0.8918918918918919, 'recall': 0.5775, 'f1-score': 0.701062215477997, 'support': 400.0}, 'Mirai': {'precision': 0.6861313868613139, 'recall': 0.94, 'f1-score': 0.7932489451476794, 'support': 400.0}, 'Scan': {'precision': 0.8647959183673469, 'recall': 0.8475, 'f1-score': 0.8560606060606061, 'support': 400.0}, 'accuracy': 0.8685, 'macro avg': {'precision': 0.883601060267783, 'recall': 0.8685, 'f1-score': 0.8653389781620833, 'support': 2000.0}, 'weighted avg': {'precision': 0.883601060267783, 'recall': 0.8685, 'f1-score': 0.8653389781620832, 'support': 2000.0}}","[[393   0   2   3   2]
 [  2 398   0   0   0]
 [  3   0 231 125  41]
 [  0   0  14 376  10]
 [  5   0  12  44 339]]",1.3477447032928467,0.011458396911621094
75,IoTID20,0,None,QuantileTransformer,RF,0.627427819571496,-1,-1,87.4,68.5,7.875,70.80782615489763,66.54176025817499,-1,"{'0Normal': {'precision': 0.9053398058252428, 'recall': 0.9325, 'f1-score': 0.91871921182266, 'support': 400.0}, 'DoS': {'precision': 1.0, 'recall': 0.995, 'f1-score': 0.9974937343358395, 'support': 400.0}, 'MITM ARP Spoofing': {'precision': 0.5425531914893617, 'recall': 0.255, 'f1-score': 0.3469387755102041, 'support': 400.0}, 'Mirai': {'precision': 0.4533678756476684, 'recall': 0.875, 'f1-score': 0.5972696245733788, 'support': 400.0}, 'Scan': {'precision': 0.6391304347826087, 'recall': 0.3675, 'f1-score': 0.4666666666666666, 'support': 400.0}, 'accuracy': 0.685, 'macro avg': {'precision': 0.7080782615489762, 'recall': 0.685, 'f1-score': 0.6654176025817499, 'support': 2000.0}, 'weighted avg': {'precision': 0.7080782615489764, 'recall': 0.685, 'f1-score': 0.6654176025817499, 'support': 2000.0}}","[[373   0   9   9   9]
 [  2 398   0   0   0]
 [ 13   0 102 231  54]
 [  5   0  25 350  20]
 [ 19   0  52 182 147]]",0.24518585205078125,0.014345169067382812
76,IoTID20,0,None,QuantileTransformer,SGD,0.49710743588280465,-1,-1,82.46,56.15,10.9625,56.49534827181467,51.1490657082164,-1,"{'0Normal': {'precision': 0.8029925187032418, 'recall': 0.805, 'f1-score': 0.8039950062421972, 'support': 400.0}, 'DoS': {'precision': 0.9974937343358395, 'recall': 0.995, 'f1-score': 0.9962453066332916, 'support': 400.0}, 'MITM ARP Spoofing': {'precision': 0.21428571428571427, 'recall': 0.0375, 'f1-score': 0.06382978723404255, 'support': 400.0}, 'Mirai': {'precision': 0.3263888888888889, 'recall': 0.8225, 'f1-score': 0.46732954545454547, 'support': 400.0}, 'Scan': {'precision': 0.48360655737704916, 'recall': 0.1475, 'f1-score': 0.2260536398467433, 'support': 400.0}, 'accuracy': 0.5615, 'macro avg': {'precision': 0.5649534827181467, 'recall': 0.5615, 'f1-score': 0.511490657082164, 'support': 2000.0}, 'weighted avg': {'precision': 0.5649534827181467, 'recall': 0.5615, 'f1-score': 0.511490657082164, 'support': 2000.0}}","[[322   1   1  68   8]
 [  0 398   0   2   0]
 [ 15   0  15 326  44]
 [ 20   0  40 329  11]
 [ 44   0  14 283  59]]",0.03157305717468262,0.0006811618804931641
77,IoTID20,0,sigmoid,QuantileTransformer,HHHv2,0.09537767194033354,-1,-1,70.84,29.206871254078916,18.224999999999998,27.1,22.010558012478658,-1,"{'0Normal': {'precision': 0.6325, 'recall': 0.34800550206327374, 'f1-score': 0.4489795918367347, 'support': 727.0}, 'DoS': {'precision': 0.0525, 'recall': 0.4666666666666667, 'f1-score': 0.09438202247191012, 'support': 45.0}, 'MITM ARP Spoofing': {'precision': 0.04, 'recall': 0.041343669250646, 'f1-score': 0.04066073697585769, 'support': 387.0}, 'Mirai': {'precision': 0.5475, 'recall': 0.2987721691678035, 'f1-score': 0.38658428949691087, 'support': 733.0}, 'Scan': {'precision': 0.0825, 'recall': 0.3055555555555556, 'f1-score': 0.12992125984251968, 'support': 108.0}, 'accuracy': 0.271, 'macro avg': {'precision': 0.271, 'recall': 0.29206871254078914, 'f1-score': 0.2201055801247866, 'support': 2000.0}, 'weighted avg': {'precision': 0.44394874999999995, 'recall': 0.271, 'f1-score': 0.32189441987521344, 'support': 2000.0}}","[[253  43 115 117 199]
 [  6  21   7   8   3]
 [ 14 311  16  34  12]
 [116  17 228 219 153]
 [ 11   8  34  22  33]]",1.323211669921875,0.023880481719970703
78,IoTID20,-1,None,QuantileTransformer,KNN,0.7982524581333714,-1,-1,93.52000000000001,83.80000000000001,4.05,84.18297096473631,83.83917017661932,-1,"{'0Normal': {'precision': 0.8862559241706162, 'recall': 0.935, 'f1-score': 0.9099756690997567, 'support': 400.0}, 'DoS': {'precision': 0.9974874371859297, 'recall': 0.9925, 'f1-score': 0.9949874686716792, 'support': 400.0}, 'MITM ARP Spoofing': {'precision': 0.6837416481069042, 'recall': 0.7675, 'f1-score': 0.7232037691401648, 'support': 400.0}, 'Mirai': {'precision': 0.8728323699421965, 'recall': 0.755, 'f1-score': 0.809651474530831, 'support': 400.0}, 'Scan': {'precision': 0.7688311688311689, 'recall': 0.74, 'f1-score': 0.7541401273885351, 'support': 400.0}, 'accuracy': 0.838, 'macro avg': {'precision': 0.8418297096473631, 'recall': 0.8380000000000001, 'f1-score': 0.8383917017661933, 'support': 2000.0}, 'weighted avg': {'precision': 0.8418297096473629, 'recall': 0.838, 'f1-score': 0.8383917017661934, 'support': 2000.0}}","[[374   1   9   4  12]
 [  1 397   0   2   0]
 [ 19   0 307  27  47]
 [ 14   0  54 302  30]
 [ 14   0  79  11 296]]",0.0009663105010986328,0.022334814071655273
79,IoTID20,-1,None,QuantileTransformer,LDA,0.7117581971659687,-1,-1,90.68,76.7,5.825,79.30375816590175,77.36406138209541,-1,"{'0Normal': {'precision': 0.8961748633879781, 'recall': 0.82, 'f1-score': 0.856396866840731, 'support': 400.0}, 'DoS': {'precision': 0.9900249376558603, 'recall': 0.9925, 'f1-score': 0.9912609238451936, 'support': 400.0}, 'MITM ARP Spoofing': {'precision': 0.6206088992974239, 'recall': 0.6625, 'f1-score': 0.6408706166868198, 'support': 400.0}, 'Mirai': {'precision': 0.9243986254295533, 'recall': 0.6725, 'f1-score': 0.7785817655571634, 'support': 400.0}, 'Scan': {'precision': 0.5339805825242718, 'recall': 0.6875, 'f1-score': 0.6010928961748634, 'support': 400.0}, 'accuracy': 0.767, 'macro avg': {'precision': 0.7930375816590175, 'recall': 0.767, 'f1-score': 0.7736406138209542, 'support': 2000.0}, 'weighted avg': {'precision': 0.7930375816590174, 'recall': 0.767, 'f1-score': 0.7736406138209543, 'support': 2000.0}}","[[328   0  14   5  53]
 [  2 397   0   1   0]
 [  2   0 265   8 125]
 [  7   2  60 269  62]
 [ 27   2  88   8 275]]",0.01737046241760254,0.0004334449768066406
80,IoTID20,-1,None,QuantileTransformer,MLP,0.7990544242664704,-1,-1,93.52000000000001,83.80000000000001,4.05,84.32721467419762,83.80050010966094,-1,"{'0Normal': {'precision': 0.9536082474226805, 'recall': 0.925, 'f1-score': 0.9390862944162438, 'support': 400.0}, 'DoS': {'precision': 0.9975, 'recall': 0.9975, 'f1-score': 0.9975, 'support': 400.0}, 'MITM ARP Spoofing': {'precision': 0.7485549132947977, 'recall': 0.6475, 'f1-score': 0.6943699731903484, 'support': 400.0}, 'Mirai': {'precision': 0.6855983772819473, 'recall': 0.845, 'f1-score': 0.7569988801791714, 'support': 400.0}, 'Scan': {'precision': 0.8310991957104558, 'recall': 0.775, 'f1-score': 0.8020698576972833, 'support': 400.0}, 'accuracy': 0.838, 'macro avg': {'precision': 0.8432721467419763, 'recall': 0.8380000000000001, 'f1-score': 0.8380050010966095, 'support': 2000.0}, 'weighted avg': {'precision': 0.8432721467419763, 'recall': 0.838, 'f1-score': 0.8380050010966095, 'support': 2000.0}}","[[370   1   3  12  14]
 [  1 399   0   0   0]
 [  4   0 259 109  28]
 [  5   0  36 338  21]
 [  8   0  48  34 310]]",3.3468856811523438,0.001650094985961914
81,IoTID20,-1,None,QuantileTransformer,LGBM,0.9506746146261162,-1,-1,98.42,96.05,0.9875,96.08138026534189,96.05585606799956,-1,"{'0Normal': {'precision': 0.9899749373433584, 'recall': 0.9875, 'f1-score': 0.9887359198998749, 'support': 400.0}, 'DoS': {'precision': 1.0, 'recall': 0.995, 'f1-score': 0.9974937343358395, 'support': 400.0}, 'MITM ARP Spoofing': {'precision': 0.9199029126213593, 'recall': 0.9475, 'f1-score': 0.9334975369458128, 'support': 400.0}, 'Mirai': {'precision': 0.9560723514211886, 'recall': 0.925, 'f1-score': 0.9402795425667091, 'support': 400.0}, 'Scan': {'precision': 0.9381188118811881, 'recall': 0.9475, 'f1-score': 0.9427860696517413, 'support': 400.0}, 'accuracy': 0.9605, 'macro avg': {'precision': 0.9608138026534189, 'recall': 0.9604999999999999, 'f1-score': 0.9605585606799956, 'support': 2000.0}, 'weighted avg': {'precision': 0.9608138026534189, 'recall': 0.9605, 'f1-score': 0.9605585606799955, 'support': 2000.0}}","[[395   0   2   3   0]
 [  2 398   0   0   0]
 [  1   0 379   7  13]
 [  1   0  17 370  12]
 [  0   0  14   7 379]]",1.6214287281036377,0.009305953979492188
82,IoTID20,-1,None,QuantileTransformer,RF,0.8609393002148396,-1,-1,95.54,88.85,2.7875,89.01405190680735,88.87243891623766,-1,"{'0Normal': {'precision': 0.9458128078817734, 'recall': 0.96, 'f1-score': 0.9528535980148883, 'support': 400.0}, 'DoS': {'precision': 1.0, 'recall': 0.995, 'f1-score': 0.9974937343358395, 'support': 400.0}, 'MITM ARP Spoofing': {'precision': 0.7752293577981652, 'recall': 0.845, 'f1-score': 0.8086124401913876, 'support': 400.0}, 'Mirai': {'precision': 0.8783783783783784, 'recall': 0.8125, 'f1-score': 0.8441558441558441, 'support': 400.0}, 'Scan': {'precision': 0.8512820512820513, 'recall': 0.83, 'f1-score': 0.840506329113924, 'support': 400.0}, 'accuracy': 0.8885, 'macro avg': {'precision': 0.8901405190680736, 'recall': 0.8885, 'f1-score': 0.8887243891623766, 'support': 2000.0}, 'weighted avg': {'precision': 0.8901405190680736, 'recall': 0.8885, 'f1-score': 0.8887243891623766, 'support': 2000.0}}","[[384   0   6   3   7]
 [  2 398   0   0   0]
 [  5   0 338  29  28]
 [  6   0  46 325  23]
 [  9   0  46  13 332]]",0.8030009269714355,0.020635366439819336
83,IoTID20,-1,None,QuantileTransformer,NuSVC,0.7411987783547443,-1,-1,91.62,79.05,5.2375,80.49826821197576,79.26053853324966,-1,"{'0Normal': {'precision': 0.8916256157635468, 'recall': 0.905, 'f1-score': 0.8982630272952853, 'support': 400.0}, 'DoS': {'precision': 0.9974747474747475, 'recall': 0.9875, 'f1-score': 0.992462311557789, 'support': 400.0}, 'MITM ARP Spoofing': {'precision': 0.5714285714285714, 'recall': 0.76, 'f1-score': 0.6523605150214592, 'support': 400.0}, 'Mirai': {'precision': 0.8996960486322189, 'recall': 0.74, 'f1-score': 0.812071330589849, 'support': 400.0}, 'Scan': {'precision': 0.6646884272997032, 'recall': 0.56, 'f1-score': 0.6078697421981005, 'support': 400.0}, 'accuracy': 0.7905, 'macro avg': {'precision': 0.8049826821197575, 'recall': 0.7905, 'f1-score': 0.7926053853324966, 'support': 2000.0}, 'weighted avg': {'precision': 0.8049826821197575, 'recall': 0.7905, 'f1-score': 0.7926053853324968, 'support': 2000.0}}","[[362   1  17   3  17]
 [  5 395   0   0   0]
 [  9   0 304  19  68]
 [ 13   0  63 296  28]
 [ 17   0 148  11 224]]",1.2993197441101074,0.29799962043762207
84,IoTID20,-1,None,QuantileTransformer,SGD,0.6033297374835357,-1,-1,86.5,66.25000000000001,8.4375,70.63905983383243,60.8527957035321,-1,"{'0Normal': {'precision': 0.6856617647058824, 'recall': 0.9325, 'f1-score': 0.7902542372881356, 'support': 400.0}, 'DoS': {'precision': 1.0, 'recall': 0.9975, 'f1-score': 0.9987484355444306, 'support': 400.0}, 'MITM ARP Spoofing': {'precision': 0.6300940438871473, 'recall': 0.5025, 'f1-score': 0.5591098748261474, 'support': 400.0}, 'Mirai': {'precision': 0.46619718309859154, 'recall': 0.8275, 'f1-score': 0.5963963963963964, 'support': 400.0}, 'Scan': {'precision': 0.75, 'recall': 0.0525, 'f1-score': 0.09813084112149532, 'support': 400.0}, 'accuracy': 0.6625, 'macro avg': {'precision': 0.7063905983383243, 'recall': 0.6625000000000001, 'f1-score': 0.608527957035321, 'support': 2000.0}, 'weighted avg': {'precision': 0.7063905983383243, 'recall': 0.6625, 'f1-score': 0.608527957035321, 'support': 2000.0}}","[[373   0   5  21   1]
 [  0 399   0   1   0]
 [ 34   0 201 159   6]
 [ 31   0  38 331   0]
 [106   0  75 198  21]]",0.2805185317993164,0.0008571147918701172
85,IoTID20,-1,None,QuantileTransformer,HHHv2,0.7091502512507836,-1,-1,90.64,78.16480937575177,5.8500000000000005,76.6,76.96030295449461,-1,"{'0Normal': {'precision': 0.865, 'recall': 0.8398058252427184, 'f1-score': 0.8522167487684729, 'support': 412.0}, 'DoS': {'precision': 0.9925, 'recall': 0.9900249376558603, 'f1-score': 0.9912609238451936, 'support': 401.0}, 'MITM ARP Spoofing': {'precision': 0.67, 'recall': 0.6104783599088838, 'f1-score': 0.6388557806912992, 'support': 439.0}, 'Mirai': {'precision': 0.68, 'recall': 0.9158249158249159, 'f1-score': 0.7804878048780489, 'support': 297.0}, 'Scan': {'precision': 0.6225, 'recall': 0.5521064301552107, 'f1-score': 0.5851938895417156, 'support': 451.0}, 'accuracy': 0.766, 'macro avg': {'precision': 0.766, 'recall': 0.7816480937575178, 'f1-score': 0.7696030295449461, 'support': 2000.0}, 'weighted avg': {'precision': 0.765605, 'recall': 0.766, 'f1-score': 0.762396970455054, 'support': 2000.0}}","[[346   2   3  19  42]
 [  0 397   0   2   2]
 [ 15   0 268  60  96]
 [  5   1   8 272  11]
 [ 34   0 121  47 249]]",347.73400139808655,0.006788730621337891
86,IoTID20,-1,None,QuantileTransformer,KNN,0.7982524581333714,-1,-1,93.52000000000001,83.80000000000001,4.05,84.18297096473631,83.83917017661932,-1,"{'0Normal': {'precision': 0.8862559241706162, 'recall': 0.935, 'f1-score': 0.9099756690997567, 'support': 400.0}, 'DoS': {'precision': 0.9974874371859297, 'recall': 0.9925, 'f1-score': 0.9949874686716792, 'support': 400.0}, 'MITM ARP Spoofing': {'precision': 0.6837416481069042, 'recall': 0.7675, 'f1-score': 0.7232037691401648, 'support': 400.0}, 'Mirai': {'precision': 0.8728323699421965, 'recall': 0.755, 'f1-score': 0.809651474530831, 'support': 400.0}, 'Scan': {'precision': 0.7688311688311689, 'recall': 0.74, 'f1-score': 0.7541401273885351, 'support': 400.0}, 'accuracy': 0.838, 'macro avg': {'precision': 0.8418297096473631, 'recall': 0.8380000000000001, 'f1-score': 0.8383917017661933, 'support': 2000.0}, 'weighted avg': {'precision': 0.8418297096473629, 'recall': 0.838, 'f1-score': 0.8383917017661934, 'support': 2000.0}}","[[374   1   9   4  12]
 [  1 397   0   2   0]
 [ 19   0 307  27  47]
 [ 14   0  54 302  30]
 [ 14   0  79  11 296]]",0.0015091896057128906,0.020573139190673828
87,IoTID20,-1,None,QuantileTransformer,LDA,0.7117581971659687,-1,-1,90.68,76.7,5.825,79.30375816590175,77.36406138209541,-1,"{'0Normal': {'precision': 0.8961748633879781, 'recall': 0.82, 'f1-score': 0.856396866840731, 'support': 400.0}, 'DoS': {'precision': 0.9900249376558603, 'recall': 0.9925, 'f1-score': 0.9912609238451936, 'support': 400.0}, 'MITM ARP Spoofing': {'precision': 0.6206088992974239, 'recall': 0.6625, 'f1-score': 0.6408706166868198, 'support': 400.0}, 'Mirai': {'precision': 0.9243986254295533, 'recall': 0.6725, 'f1-score': 0.7785817655571634, 'support': 400.0}, 'Scan': {'precision': 0.5339805825242718, 'recall': 0.6875, 'f1-score': 0.6010928961748634, 'support': 400.0}, 'accuracy': 0.767, 'macro avg': {'precision': 0.7930375816590175, 'recall': 0.767, 'f1-score': 0.7736406138209542, 'support': 2000.0}, 'weighted avg': {'precision': 0.7930375816590174, 'recall': 0.767, 'f1-score': 0.7736406138209543, 'support': 2000.0}}","[[328   0  14   5  53]
 [  2 397   0   1   0]
 [  2   0 265   8 125]
 [  7   2  60 269  62]
 [ 27   2  88   8 275]]",0.06815481185913086,0.0005235671997070312
88,IoTID20,-1,None,QuantileTransformer,MLP,0.7990544242664704,-1,-1,93.52000000000001,83.80000000000001,4.05,84.32721467419762,83.80050010966094,-1,"{'0Normal': {'precision': 0.9536082474226805, 'recall': 0.925, 'f1-score': 0.9390862944162438, 'support': 400.0}, 'DoS': {'precision': 0.9975, 'recall': 0.9975, 'f1-score': 0.9975, 'support': 400.0}, 'MITM ARP Spoofing': {'precision': 0.7485549132947977, 'recall': 0.6475, 'f1-score': 0.6943699731903484, 'support': 400.0}, 'Mirai': {'precision': 0.6855983772819473, 'recall': 0.845, 'f1-score': 0.7569988801791714, 'support': 400.0}, 'Scan': {'precision': 0.8310991957104558, 'recall': 0.775, 'f1-score': 0.8020698576972833, 'support': 400.0}, 'accuracy': 0.838, 'macro avg': {'precision': 0.8432721467419763, 'recall': 0.8380000000000001, 'f1-score': 0.8380050010966095, 'support': 2000.0}, 'weighted avg': {'precision': 0.8432721467419763, 'recall': 0.838, 'f1-score': 0.8380050010966095, 'support': 2000.0}}","[[370   1   3  12  14]
 [  1 399   0   0   0]
 [  4   0 259 109  28]
 [  5   0  36 338  21]
 [  8   0  48  34 310]]",3.522239923477173,0.0014843940734863281
89,IoTID20,-1,None,QuantileTransformer,LGBM,0.9506746146261162,-1,-1,98.42,96.05,0.9875,96.08138026534189,96.05585606799956,-1,"{'0Normal': {'precision': 0.9899749373433584, 'recall': 0.9875, 'f1-score': 0.9887359198998749, 'support': 400.0}, 'DoS': {'precision': 1.0, 'recall': 0.995, 'f1-score': 0.9974937343358395, 'support': 400.0}, 'MITM ARP Spoofing': {'precision': 0.9199029126213593, 'recall': 0.9475, 'f1-score': 0.9334975369458128, 'support': 400.0}, 'Mirai': {'precision': 0.9560723514211886, 'recall': 0.925, 'f1-score': 0.9402795425667091, 'support': 400.0}, 'Scan': {'precision': 0.9381188118811881, 'recall': 0.9475, 'f1-score': 0.9427860696517413, 'support': 400.0}, 'accuracy': 0.9605, 'macro avg': {'precision': 0.9608138026534189, 'recall': 0.9604999999999999, 'f1-score': 0.9605585606799956, 'support': 2000.0}, 'weighted avg': {'precision': 0.9608138026534189, 'recall': 0.9605, 'f1-score': 0.9605585606799955, 'support': 2000.0}}","[[395   0   2   3   0]
 [  2 398   0   0   0]
 [  1   0 379   7  13]
 [  1   0  17 370  12]
 [  0   0  14   7 379]]",1.6608102321624756,0.008348703384399414
90,IoTID20,-1,None,QuantileTransformer,RF,0.8609393002148396,-1,-1,95.54,88.85,2.7875,89.01405190680735,88.87243891623766,-1,"{'0Normal': {'precision': 0.9458128078817734, 'recall': 0.96, 'f1-score': 0.9528535980148883, 'support': 400.0}, 'DoS': {'precision': 1.0, 'recall': 0.995, 'f1-score': 0.9974937343358395, 'support': 400.0}, 'MITM ARP Spoofing': {'precision': 0.7752293577981652, 'recall': 0.845, 'f1-score': 0.8086124401913876, 'support': 400.0}, 'Mirai': {'precision': 0.8783783783783784, 'recall': 0.8125, 'f1-score': 0.8441558441558441, 'support': 400.0}, 'Scan': {'precision': 0.8512820512820513, 'recall': 0.83, 'f1-score': 0.840506329113924, 'support': 400.0}, 'accuracy': 0.8885, 'macro avg': {'precision': 0.8901405190680736, 'recall': 0.8885, 'f1-score': 0.8887243891623766, 'support': 2000.0}, 'weighted avg': {'precision': 0.8901405190680736, 'recall': 0.8885, 'f1-score': 0.8887243891623766, 'support': 2000.0}}","[[384   0   6   3   7]
 [  2 398   0   0   0]
 [  5   0 338  29  28]
 [  6   0  46 325  23]
 [  9   0  46  13 332]]",0.8077154159545898,0.01822185516357422
91,IoTID20,-1,None,QuantileTransformer,NuSVC,0.7411987783547443,-1,-1,91.62,79.05,5.2375,80.49826821197576,79.26053853324966,-1,"{'0Normal': {'precision': 0.8916256157635468, 'recall': 0.905, 'f1-score': 0.8982630272952853, 'support': 400.0}, 'DoS': {'precision': 0.9974747474747475, 'recall': 0.9875, 'f1-score': 0.992462311557789, 'support': 400.0}, 'MITM ARP Spoofing': {'precision': 0.5714285714285714, 'recall': 0.76, 'f1-score': 0.6523605150214592, 'support': 400.0}, 'Mirai': {'precision': 0.8996960486322189, 'recall': 0.74, 'f1-score': 0.812071330589849, 'support': 400.0}, 'Scan': {'precision': 0.6646884272997032, 'recall': 0.56, 'f1-score': 0.6078697421981005, 'support': 400.0}, 'accuracy': 0.7905, 'macro avg': {'precision': 0.8049826821197575, 'recall': 0.7905, 'f1-score': 0.7926053853324966, 'support': 2000.0}, 'weighted avg': {'precision': 0.8049826821197575, 'recall': 0.7905, 'f1-score': 0.7926053853324968, 'support': 2000.0}}","[[362   1  17   3  17]
 [  5 395   0   0   0]
 [  9   0 304  19  68]
 [ 13   0  63 296  28]
 [ 17   0 148  11 224]]",1.3131392002105713,0.2942521572113037
92,IoTID20,-1,None,QuantileTransformer,SGD,0.6033297374835357,-1,-1,86.5,66.25000000000001,8.4375,70.63905983383243,60.8527957035321,-1,"{'0Normal': {'precision': 0.6856617647058824, 'recall': 0.9325, 'f1-score': 0.7902542372881356, 'support': 400.0}, 'DoS': {'precision': 1.0, 'recall': 0.9975, 'f1-score': 0.9987484355444306, 'support': 400.0}, 'MITM ARP Spoofing': {'precision': 0.6300940438871473, 'recall': 0.5025, 'f1-score': 0.5591098748261474, 'support': 400.0}, 'Mirai': {'precision': 0.46619718309859154, 'recall': 0.8275, 'f1-score': 0.5963963963963964, 'support': 400.0}, 'Scan': {'precision': 0.75, 'recall': 0.0525, 'f1-score': 0.09813084112149532, 'support': 400.0}, 'accuracy': 0.6625, 'macro avg': {'precision': 0.7063905983383243, 'recall': 0.6625000000000001, 'f1-score': 0.608527957035321, 'support': 2000.0}, 'weighted avg': {'precision': 0.7063905983383243, 'recall': 0.6625, 'f1-score': 0.608527957035321, 'support': 2000.0}}","[[373   0   5  21   1]
 [  0 399   0   1   0]
 [ 34   0 201 159   6]
 [ 31   0  38 331   0]
 [106   0  75 198  21]]",0.28603529930114746,0.0006570816040039062
93,IoTID20,-1,rbf,QuantileTransformer,HHHv2,0.8192919360295792,-1,-1,94.19999999999999,85.75548534701977,3.6249999999999996,85.49999999999999,85.51666484506809,-1,"{'0Normal': {'precision': 0.9275, 'recall': 0.9228855721393034, 'f1-score': 0.9251870324189526, 'support': 402.0}, 'DoS': {'precision': 0.9925, 'recall': 0.9659367396593674, 'f1-score': 0.9790382244143033, 'support': 411.0}, 'MITM ARP Spoofing': {'precision': 0.7975, 'recall': 0.7233560090702947, 'f1-score': 0.7586206896551725, 'support': 441.0}, 'Mirai': {'precision': 0.775, 'recall': 0.8831908831908832, 'f1-score': 0.8255659121171771, 'support': 351.0}, 'Scan': {'precision': 0.7825, 'recall': 0.7924050632911392, 'f1-score': 0.7874213836477988, 'support': 395.0}, 'accuracy': 0.855, 'macro avg': {'precision': 0.8549999999999999, 'recall': 0.8575548534701977, 'f1-score': 0.8551666484506809, 'support': 2000.0}, 'weighted avg': {'precision': 0.85679125, 'recall': 0.855, 'f1-score': 0.8548333515493192, 'support': 2000.0}}","[[371   1  10   6  14]
 [  3 397   5   4   2]
 [  9   1 319  54  58]
 [  6   1  21 310  13]
 [ 11   0  45  26 313]]",346.18128728866577,0.1493215560913086
94,IoTID20,-1,None,QuantileTransformer,KNN,0.7982524581333714,-1,-1,93.52000000000001,83.80000000000001,4.05,84.18297096473631,83.83917017661932,-1,"{'0Normal': {'precision': 0.8862559241706162, 'recall': 0.935, 'f1-score': 0.9099756690997567, 'support': 400.0}, 'DoS': {'precision': 0.9974874371859297, 'recall': 0.9925, 'f1-score': 0.9949874686716792, 'support': 400.0}, 'MITM ARP Spoofing': {'precision': 0.6837416481069042, 'recall': 0.7675, 'f1-score': 0.7232037691401648, 'support': 400.0}, 'Mirai': {'precision': 0.8728323699421965, 'recall': 0.755, 'f1-score': 0.809651474530831, 'support': 400.0}, 'Scan': {'precision': 0.7688311688311689, 'recall': 0.74, 'f1-score': 0.7541401273885351, 'support': 400.0}, 'accuracy': 0.838, 'macro avg': {'precision': 0.8418297096473631, 'recall': 0.8380000000000001, 'f1-score': 0.8383917017661933, 'support': 2000.0}, 'weighted avg': {'precision': 0.8418297096473629, 'recall': 0.838, 'f1-score': 0.8383917017661934, 'support': 2000.0}}","[[374   1   9   4  12]
 [  1 397   0   2   0]
 [ 19   0 307  27  47]
 [ 14   0  54 302  30]
 [ 14   0  79  11 296]]",0.0010640621185302734,0.020539522171020508
95,IoTID20,-1,None,QuantileTransformer,LDA,0.7117581971659687,-1,-1,90.68,76.7,5.825,79.30375816590175,77.36406138209541,-1,"{'0Normal': {'precision': 0.8961748633879781, 'recall': 0.82, 'f1-score': 0.856396866840731, 'support': 400.0}, 'DoS': {'precision': 0.9900249376558603, 'recall': 0.9925, 'f1-score': 0.9912609238451936, 'support': 400.0}, 'MITM ARP Spoofing': {'precision': 0.6206088992974239, 'recall': 0.6625, 'f1-score': 0.6408706166868198, 'support': 400.0}, 'Mirai': {'precision': 0.9243986254295533, 'recall': 0.6725, 'f1-score': 0.7785817655571634, 'support': 400.0}, 'Scan': {'precision': 0.5339805825242718, 'recall': 0.6875, 'f1-score': 0.6010928961748634, 'support': 400.0}, 'accuracy': 0.767, 'macro avg': {'precision': 0.7930375816590175, 'recall': 0.767, 'f1-score': 0.7736406138209542, 'support': 2000.0}, 'weighted avg': {'precision': 0.7930375816590174, 'recall': 0.767, 'f1-score': 0.7736406138209543, 'support': 2000.0}}","[[328   0  14   5  53]
 [  2 397   0   1   0]
 [  2   0 265   8 125]
 [  7   2  60 269  62]
 [ 27   2  88   8 275]]",0.018137693405151367,0.0004291534423828125
96,IoTID20,-1,None,QuantileTransformer,MLP,0.7990544242664704,-1,-1,93.52000000000001,83.80000000000001,4.05,84.32721467419762,83.80050010966094,-1,"{'0Normal': {'precision': 0.9536082474226805, 'recall': 0.925, 'f1-score': 0.9390862944162438, 'support': 400.0}, 'DoS': {'precision': 0.9975, 'recall': 0.9975, 'f1-score': 0.9975, 'support': 400.0}, 'MITM ARP Spoofing': {'precision': 0.7485549132947977, 'recall': 0.6475, 'f1-score': 0.6943699731903484, 'support': 400.0}, 'Mirai': {'precision': 0.6855983772819473, 'recall': 0.845, 'f1-score': 0.7569988801791714, 'support': 400.0}, 'Scan': {'precision': 0.8310991957104558, 'recall': 0.775, 'f1-score': 0.8020698576972833, 'support': 400.0}, 'accuracy': 0.838, 'macro avg': {'precision': 0.8432721467419763, 'recall': 0.8380000000000001, 'f1-score': 0.8380050010966095, 'support': 2000.0}, 'weighted avg': {'precision': 0.8432721467419763, 'recall': 0.838, 'f1-score': 0.8380050010966095, 'support': 2000.0}}","[[370   1   3  12  14]
 [  1 399   0   0   0]
 [  4   0 259 109  28]
 [  5   0  36 338  21]
 [  8   0  48  34 310]]",3.635857582092285,0.0008985996246337891
97,IoTID20,-1,None,QuantileTransformer,LGBM,0.9506746146261162,-1,-1,98.42,96.05,0.9875,96.08138026534189,96.05585606799956,-1,"{'0Normal': {'precision': 0.9899749373433584, 'recall': 0.9875, 'f1-score': 0.9887359198998749, 'support': 400.0}, 'DoS': {'precision': 1.0, 'recall': 0.995, 'f1-score': 0.9974937343358395, 'support': 400.0}, 'MITM ARP Spoofing': {'precision': 0.9199029126213593, 'recall': 0.9475, 'f1-score': 0.9334975369458128, 'support': 400.0}, 'Mirai': {'precision': 0.9560723514211886, 'recall': 0.925, 'f1-score': 0.9402795425667091, 'support': 400.0}, 'Scan': {'precision': 0.9381188118811881, 'recall': 0.9475, 'f1-score': 0.9427860696517413, 'support': 400.0}, 'accuracy': 0.9605, 'macro avg': {'precision': 0.9608138026534189, 'recall': 0.9604999999999999, 'f1-score': 0.9605585606799956, 'support': 2000.0}, 'weighted avg': {'precision': 0.9608138026534189, 'recall': 0.9605, 'f1-score': 0.9605585606799955, 'support': 2000.0}}","[[395   0   2   3   0]
 [  2 398   0   0   0]
 [  1   0 379   7  13]
 [  1   0  17 370  12]
 [  0   0  14   7 379]]",1.6245765686035156,0.010993003845214844
98,IoTID20,-1,None,QuantileTransformer,RF,0.8609393002148396,-1,-1,95.54,88.85,2.7875,89.01405190680735,88.87243891623766,-1,"{'0Normal': {'precision': 0.9458128078817734, 'recall': 0.96, 'f1-score': 0.9528535980148883, 'support': 400.0}, 'DoS': {'precision': 1.0, 'recall': 0.995, 'f1-score': 0.9974937343358395, 'support': 400.0}, 'MITM ARP Spoofing': {'precision': 0.7752293577981652, 'recall': 0.845, 'f1-score': 0.8086124401913876, 'support': 400.0}, 'Mirai': {'precision': 0.8783783783783784, 'recall': 0.8125, 'f1-score': 0.8441558441558441, 'support': 400.0}, 'Scan': {'precision': 0.8512820512820513, 'recall': 0.83, 'f1-score': 0.840506329113924, 'support': 400.0}, 'accuracy': 0.8885, 'macro avg': {'precision': 0.8901405190680736, 'recall': 0.8885, 'f1-score': 0.8887243891623766, 'support': 2000.0}, 'weighted avg': {'precision': 0.8901405190680736, 'recall': 0.8885, 'f1-score': 0.8887243891623766, 'support': 2000.0}}","[[384   0   6   3   7]
 [  2 398   0   0   0]
 [  5   0 338  29  28]
 [  6   0  46 325  23]
 [  9   0  46  13 332]]",0.7975444793701172,0.020824909210205078
99,IoTID20,-1,None,QuantileTransformer,NuSVC,0.7411987783547443,-1,-1,91.62,79.05,5.2375,80.49826821197576,79.26053853324966,-1,"{'0Normal': {'precision': 0.8916256157635468, 'recall': 0.905, 'f1-score': 0.8982630272952853, 'support': 400.0}, 'DoS': {'precision': 0.9974747474747475, 'recall': 0.9875, 'f1-score': 0.992462311557789, 'support': 400.0}, 'MITM ARP Spoofing': {'precision': 0.5714285714285714, 'recall': 0.76, 'f1-score': 0.6523605150214592, 'support': 400.0}, 'Mirai': {'precision': 0.8996960486322189, 'recall': 0.74, 'f1-score': 0.812071330589849, 'support': 400.0}, 'Scan': {'precision': 0.6646884272997032, 'recall': 0.56, 'f1-score': 0.6078697421981005, 'support': 400.0}, 'accuracy': 0.7905, 'macro avg': {'precision': 0.8049826821197575, 'recall': 0.7905, 'f1-score': 0.7926053853324966, 'support': 2000.0}, 'weighted avg': {'precision': 0.8049826821197575, 'recall': 0.7905, 'f1-score': 0.7926053853324968, 'support': 2000.0}}","[[362   1  17   3  17]
 [  5 395   0   0   0]
 [  9   0 304  19  68]
 [ 13   0  63 296  28]
 [ 17   0 148  11 224]]",1.3206977844238281,0.2946503162384033
100,IoTID20,-1,None,QuantileTransformer,SGD,0.6033297374835357,-1,-1,86.5,66.25000000000001,8.4375,70.63905983383243,60.8527957035321,-1,"{'0Normal': {'precision': 0.6856617647058824, 'recall': 0.9325, 'f1-score': 0.7902542372881356, 'support': 400.0}, 'DoS': {'precision': 1.0, 'recall': 0.9975, 'f1-score': 0.9987484355444306, 'support': 400.0}, 'MITM ARP Spoofing': {'precision': 0.6300940438871473, 'recall': 0.5025, 'f1-score': 0.5591098748261474, 'support': 400.0}, 'Mirai': {'precision': 0.46619718309859154, 'recall': 0.8275, 'f1-score': 0.5963963963963964, 'support': 400.0}, 'Scan': {'precision': 0.75, 'recall': 0.0525, 'f1-score': 0.09813084112149532, 'support': 400.0}, 'accuracy': 0.6625, 'macro avg': {'precision': 0.7063905983383243, 'recall': 0.6625000000000001, 'f1-score': 0.608527957035321, 'support': 2000.0}, 'weighted avg': {'precision': 0.7063905983383243, 'recall': 0.6625, 'f1-score': 0.608527957035321, 'support': 2000.0}}","[[373   0   5  21   1]
 [  0 399   0   1   0]
 [ 34   0 201 159   6]
 [ 31   0  38 331   0]
 [106   0  75 198  21]]",0.2761359214782715,0.0009131431579589844
101,IoTID20,-1,poly,QuantileTransformer,HHHv2,0.7803829527190927,-1,-1,92.92,82.54285133579084,4.425,82.30000000000001,82.05176429037367,-1,"{'0Normal': {'precision': 0.9, 'recall': 0.9022556390977443, 'f1-score': 0.9011264080100125, 'support': 399.0}, 'DoS': {'precision': 0.995, 'recall': 0.8540772532188842, 'f1-score': 0.9191685912240185, 'support': 466.0}, 'MITM ARP Spoofing': {'precision': 0.775, 'recall': 0.7142857142857143, 'f1-score': 0.7434052757793765, 'support': 434.0}, 'Mirai': {'precision': 0.6725, 'recall': 0.8621794871794872, 'f1-score': 0.7556179775280899, 'support': 312.0}, 'Scan': {'precision': 0.7725, 'recall': 0.794344473007712, 'f1-score': 0.7832699619771863, 'support': 389.0}, 'accuracy': 0.823, 'macro avg': {'precision': 0.8230000000000001, 'recall': 0.8254285133579085, 'f1-score': 0.8205176429037367, 'support': 2000.0}, 'weighted avg': {'precision': 0.83472125, 'recall': 0.823, 'f1-score': 0.8254823570962634, 'support': 2000.0}}","[[360   1  11  17  10]
 [  9 398  23  25  11]
 [ 13   0 310  57  54]
 [  7   1  19 269  16]
 [ 11   0  37  32 309]]",370.5953621864319,0.21009445190429688
102,IoTID20,-1,None,QuantileTransformer,KNN,0.7982524581333714,-1,-1,93.52000000000001,83.80000000000001,4.05,84.18297096473631,83.83917017661932,-1,"{'0Normal': {'precision': 0.8862559241706162, 'recall': 0.935, 'f1-score': 0.9099756690997567, 'support': 400.0}, 'DoS': {'precision': 0.9974874371859297, 'recall': 0.9925, 'f1-score': 0.9949874686716792, 'support': 400.0}, 'MITM ARP Spoofing': {'precision': 0.6837416481069042, 'recall': 0.7675, 'f1-score': 0.7232037691401648, 'support': 400.0}, 'Mirai': {'precision': 0.8728323699421965, 'recall': 0.755, 'f1-score': 0.809651474530831, 'support': 400.0}, 'Scan': {'precision': 0.7688311688311689, 'recall': 0.74, 'f1-score': 0.7541401273885351, 'support': 400.0}, 'accuracy': 0.838, 'macro avg': {'precision': 0.8418297096473631, 'recall': 0.8380000000000001, 'f1-score': 0.8383917017661933, 'support': 2000.0}, 'weighted avg': {'precision': 0.8418297096473629, 'recall': 0.838, 'f1-score': 0.8383917017661934, 'support': 2000.0}}","[[374   1   9   4  12]
 [  1 397   0   2   0]
 [ 19   0 307  27  47]
 [ 14   0  54 302  30]
 [ 14   0  79  11 296]]",0.0008950233459472656,0.021145105361938477
103,IoTID20,-1,None,QuantileTransformer,LDA,0.7117581971659687,-1,-1,90.68,76.7,5.825,79.30375816590175,77.36406138209541,-1,"{'0Normal': {'precision': 0.8961748633879781, 'recall': 0.82, 'f1-score': 0.856396866840731, 'support': 400.0}, 'DoS': {'precision': 0.9900249376558603, 'recall': 0.9925, 'f1-score': 0.9912609238451936, 'support': 400.0}, 'MITM ARP Spoofing': {'precision': 0.6206088992974239, 'recall': 0.6625, 'f1-score': 0.6408706166868198, 'support': 400.0}, 'Mirai': {'precision': 0.9243986254295533, 'recall': 0.6725, 'f1-score': 0.7785817655571634, 'support': 400.0}, 'Scan': {'precision': 0.5339805825242718, 'recall': 0.6875, 'f1-score': 0.6010928961748634, 'support': 400.0}, 'accuracy': 0.767, 'macro avg': {'precision': 0.7930375816590175, 'recall': 0.767, 'f1-score': 0.7736406138209542, 'support': 2000.0}, 'weighted avg': {'precision': 0.7930375816590174, 'recall': 0.767, 'f1-score': 0.7736406138209543, 'support': 2000.0}}","[[328   0  14   5  53]
 [  2 397   0   1   0]
 [  2   0 265   8 125]
 [  7   2  60 269  62]
 [ 27   2  88   8 275]]",0.021155357360839844,0.0006022453308105469
104,IoTID20,-1,None,QuantileTransformer,MLP,0.7990544242664704,-1,-1,93.52000000000001,83.80000000000001,4.05,84.32721467419762,83.80050010966094,-1,"{'0Normal': {'precision': 0.9536082474226805, 'recall': 0.925, 'f1-score': 0.9390862944162438, 'support': 400.0}, 'DoS': {'precision': 0.9975, 'recall': 0.9975, 'f1-score': 0.9975, 'support': 400.0}, 'MITM ARP Spoofing': {'precision': 0.7485549132947977, 'recall': 0.6475, 'f1-score': 0.6943699731903484, 'support': 400.0}, 'Mirai': {'precision': 0.6855983772819473, 'recall': 0.845, 'f1-score': 0.7569988801791714, 'support': 400.0}, 'Scan': {'precision': 0.8310991957104558, 'recall': 0.775, 'f1-score': 0.8020698576972833, 'support': 400.0}, 'accuracy': 0.838, 'macro avg': {'precision': 0.8432721467419763, 'recall': 0.8380000000000001, 'f1-score': 0.8380050010966095, 'support': 2000.0}, 'weighted avg': {'precision': 0.8432721467419763, 'recall': 0.838, 'f1-score': 0.8380050010966095, 'support': 2000.0}}","[[370   1   3  12  14]
 [  1 399   0   0   0]
 [  4   0 259 109  28]
 [  5   0  36 338  21]
 [  8   0  48  34 310]]",3.505422353744507,0.0010335445404052734
105,IoTID20,-1,None,QuantileTransformer,LGBM,0.9506746146261162,-1,-1,98.42,96.05,0.9875,96.08138026534189,96.05585606799956,-1,"{'0Normal': {'precision': 0.9899749373433584, 'recall': 0.9875, 'f1-score': 0.9887359198998749, 'support': 400.0}, 'DoS': {'precision': 1.0, 'recall': 0.995, 'f1-score': 0.9974937343358395, 'support': 400.0}, 'MITM ARP Spoofing': {'precision': 0.9199029126213593, 'recall': 0.9475, 'f1-score': 0.9334975369458128, 'support': 400.0}, 'Mirai': {'precision': 0.9560723514211886, 'recall': 0.925, 'f1-score': 0.9402795425667091, 'support': 400.0}, 'Scan': {'precision': 0.9381188118811881, 'recall': 0.9475, 'f1-score': 0.9427860696517413, 'support': 400.0}, 'accuracy': 0.9605, 'macro avg': {'precision': 0.9608138026534189, 'recall': 0.9604999999999999, 'f1-score': 0.9605585606799956, 'support': 2000.0}, 'weighted avg': {'precision': 0.9608138026534189, 'recall': 0.9605, 'f1-score': 0.9605585606799955, 'support': 2000.0}}","[[395   0   2   3   0]
 [  2 398   0   0   0]
 [  1   0 379   7  13]
 [  1   0  17 370  12]
 [  0   0  14   7 379]]",1.5275936126708984,0.009111166000366211
106,IoTID20,-1,None,QuantileTransformer,RF,0.8609393002148396,-1,-1,95.54,88.85,2.7875,89.01405190680735,88.87243891623766,-1,"{'0Normal': {'precision': 0.9458128078817734, 'recall': 0.96, 'f1-score': 0.9528535980148883, 'support': 400.0}, 'DoS': {'precision': 1.0, 'recall': 0.995, 'f1-score': 0.9974937343358395, 'support': 400.0}, 'MITM ARP Spoofing': {'precision': 0.7752293577981652, 'recall': 0.845, 'f1-score': 0.8086124401913876, 'support': 400.0}, 'Mirai': {'precision': 0.8783783783783784, 'recall': 0.8125, 'f1-score': 0.8441558441558441, 'support': 400.0}, 'Scan': {'precision': 0.8512820512820513, 'recall': 0.83, 'f1-score': 0.840506329113924, 'support': 400.0}, 'accuracy': 0.8885, 'macro avg': {'precision': 0.8901405190680736, 'recall': 0.8885, 'f1-score': 0.8887243891623766, 'support': 2000.0}, 'weighted avg': {'precision': 0.8901405190680736, 'recall': 0.8885, 'f1-score': 0.8887243891623766, 'support': 2000.0}}","[[384   0   6   3   7]
 [  2 398   0   0   0]
 [  5   0 338  29  28]
 [  6   0  46 325  23]
 [  9   0  46  13 332]]",0.7440438270568848,0.01968693733215332
107,IoTID20,-1,None,QuantileTransformer,NuSVC,0.7411987783547443,-1,-1,91.62,79.05,5.2375,80.49826821197576,79.26053853324966,-1,"{'0Normal': {'precision': 0.8916256157635468, 'recall': 0.905, 'f1-score': 0.8982630272952853, 'support': 400.0}, 'DoS': {'precision': 0.9974747474747475, 'recall': 0.9875, 'f1-score': 0.992462311557789, 'support': 400.0}, 'MITM ARP Spoofing': {'precision': 0.5714285714285714, 'recall': 0.76, 'f1-score': 0.6523605150214592, 'support': 400.0}, 'Mirai': {'precision': 0.8996960486322189, 'recall': 0.74, 'f1-score': 0.812071330589849, 'support': 400.0}, 'Scan': {'precision': 0.6646884272997032, 'recall': 0.56, 'f1-score': 0.6078697421981005, 'support': 400.0}, 'accuracy': 0.7905, 'macro avg': {'precision': 0.8049826821197575, 'recall': 0.7905, 'f1-score': 0.7926053853324966, 'support': 2000.0}, 'weighted avg': {'precision': 0.8049826821197575, 'recall': 0.7905, 'f1-score': 0.7926053853324968, 'support': 2000.0}}","[[362   1  17   3  17]
 [  5 395   0   0   0]
 [  9   0 304  19  68]
 [ 13   0  63 296  28]
 [ 17   0 148  11 224]]",1.291588306427002,0.2881309986114502
108,IoTID20,-1,None,QuantileTransformer,SGD,0.6033297374835357,-1,-1,86.5,66.25000000000001,8.4375,70.63905983383243,60.8527957035321,-1,"{'0Normal': {'precision': 0.6856617647058824, 'recall': 0.9325, 'f1-score': 0.7902542372881356, 'support': 400.0}, 'DoS': {'precision': 1.0, 'recall': 0.9975, 'f1-score': 0.9987484355444306, 'support': 400.0}, 'MITM ARP Spoofing': {'precision': 0.6300940438871473, 'recall': 0.5025, 'f1-score': 0.5591098748261474, 'support': 400.0}, 'Mirai': {'precision': 0.46619718309859154, 'recall': 0.8275, 'f1-score': 0.5963963963963964, 'support': 400.0}, 'Scan': {'precision': 0.75, 'recall': 0.0525, 'f1-score': 0.09813084112149532, 'support': 400.0}, 'accuracy': 0.6625, 'macro avg': {'precision': 0.7063905983383243, 'recall': 0.6625000000000001, 'f1-score': 0.608527957035321, 'support': 2000.0}, 'weighted avg': {'precision': 0.7063905983383243, 'recall': 0.6625, 'f1-score': 0.608527957035321, 'support': 2000.0}}","[[373   0   5  21   1]
 [  0 399   0   1   0]
 [ 34   0 201 159   6]
 [ 31   0  38 331   0]
 [106   0  75 198  21]]",0.27852606773376465,0.0009696483612060547
109,IoTID20,-1,linear,QuantileTransformer,HHHv2,0.7091502512507836,-1,-1,90.64,78.16480937575177,5.8500000000000005,76.6,76.96030295449461,-1,"{'0Normal': {'precision': 0.865, 'recall': 0.8398058252427184, 'f1-score': 0.8522167487684729, 'support': 412.0}, 'DoS': {'precision': 0.9925, 'recall': 0.9900249376558603, 'f1-score': 0.9912609238451936, 'support': 401.0}, 'MITM ARP Spoofing': {'precision': 0.67, 'recall': 0.6104783599088838, 'f1-score': 0.6388557806912992, 'support': 439.0}, 'Mirai': {'precision': 0.68, 'recall': 0.9158249158249159, 'f1-score': 0.7804878048780489, 'support': 297.0}, 'Scan': {'precision': 0.6225, 'recall': 0.5521064301552107, 'f1-score': 0.5851938895417156, 'support': 451.0}, 'accuracy': 0.766, 'macro avg': {'precision': 0.766, 'recall': 0.7816480937575178, 'f1-score': 0.7696030295449461, 'support': 2000.0}, 'weighted avg': {'precision': 0.765605, 'recall': 0.766, 'f1-score': 0.762396970455054, 'support': 2000.0}}","[[346   2   3  19  42]
 [  0 397   0   2   2]
 [ 15   0 268  60  96]
 [  5   1   8 272  11]
 [ 34   0 121  47 249]]",438.30088210105896,0.039611101150512695
110,IoTID20,-1,None,QuantileTransformer,KNN,0.7982524581333714,-1,-1,93.52000000000001,83.80000000000001,4.05,84.18297096473631,83.83917017661932,-1,"{'0Normal': {'precision': 0.8862559241706162, 'recall': 0.935, 'f1-score': 0.9099756690997567, 'support': 400.0}, 'DoS': {'precision': 0.9974874371859297, 'recall': 0.9925, 'f1-score': 0.9949874686716792, 'support': 400.0}, 'MITM ARP Spoofing': {'precision': 0.6837416481069042, 'recall': 0.7675, 'f1-score': 0.7232037691401648, 'support': 400.0}, 'Mirai': {'precision': 0.8728323699421965, 'recall': 0.755, 'f1-score': 0.809651474530831, 'support': 400.0}, 'Scan': {'precision': 0.7688311688311689, 'recall': 0.74, 'f1-score': 0.7541401273885351, 'support': 400.0}, 'accuracy': 0.838, 'macro avg': {'precision': 0.8418297096473631, 'recall': 0.8380000000000001, 'f1-score': 0.8383917017661933, 'support': 2000.0}, 'weighted avg': {'precision': 0.8418297096473629, 'recall': 0.838, 'f1-score': 0.8383917017661934, 'support': 2000.0}}","[[374   1   9   4  12]
 [  1 397   0   2   0]
 [ 19   0 307  27  47]
 [ 14   0  54 302  30]
 [ 14   0  79  11 296]]",0.0008370876312255859,0.019839763641357422
111,IoTID20,-1,None,QuantileTransformer,LDA,0.7117581971659687,-1,-1,90.68,76.7,5.825,79.30375816590175,77.36406138209541,-1,"{'0Normal': {'precision': 0.8961748633879781, 'recall': 0.82, 'f1-score': 0.856396866840731, 'support': 400.0}, 'DoS': {'precision': 0.9900249376558603, 'recall': 0.9925, 'f1-score': 0.9912609238451936, 'support': 400.0}, 'MITM ARP Spoofing': {'precision': 0.6206088992974239, 'recall': 0.6625, 'f1-score': 0.6408706166868198, 'support': 400.0}, 'Mirai': {'precision': 0.9243986254295533, 'recall': 0.6725, 'f1-score': 0.7785817655571634, 'support': 400.0}, 'Scan': {'precision': 0.5339805825242718, 'recall': 0.6875, 'f1-score': 0.6010928961748634, 'support': 400.0}, 'accuracy': 0.767, 'macro avg': {'precision': 0.7930375816590175, 'recall': 0.767, 'f1-score': 0.7736406138209542, 'support': 2000.0}, 'weighted avg': {'precision': 0.7930375816590174, 'recall': 0.767, 'f1-score': 0.7736406138209543, 'support': 2000.0}}","[[328   0  14   5  53]
 [  2 397   0   1   0]
 [  2   0 265   8 125]
 [  7   2  60 269  62]
 [ 27   2  88   8 275]]",0.021704912185668945,0.00043702125549316406
112,IoTID20,-1,None,QuantileTransformer,MLP,0.7990544242664704,-1,-1,93.52000000000001,83.80000000000001,4.05,84.32721467419762,83.80050010966094,-1,"{'0Normal': {'precision': 0.9536082474226805, 'recall': 0.925, 'f1-score': 0.9390862944162438, 'support': 400.0}, 'DoS': {'precision': 0.9975, 'recall': 0.9975, 'f1-score': 0.9975, 'support': 400.0}, 'MITM ARP Spoofing': {'precision': 0.7485549132947977, 'recall': 0.6475, 'f1-score': 0.6943699731903484, 'support': 400.0}, 'Mirai': {'precision': 0.6855983772819473, 'recall': 0.845, 'f1-score': 0.7569988801791714, 'support': 400.0}, 'Scan': {'precision': 0.8310991957104558, 'recall': 0.775, 'f1-score': 0.8020698576972833, 'support': 400.0}, 'accuracy': 0.838, 'macro avg': {'precision': 0.8432721467419763, 'recall': 0.8380000000000001, 'f1-score': 0.8380050010966095, 'support': 2000.0}, 'weighted avg': {'precision': 0.8432721467419763, 'recall': 0.838, 'f1-score': 0.8380050010966095, 'support': 2000.0}}","[[370   1   3  12  14]
 [  1 399   0   0   0]
 [  4   0 259 109  28]
 [  5   0  36 338  21]
 [  8   0  48  34 310]]",3.627601146697998,0.0009372234344482422
113,IoTID20,-1,None,QuantileTransformer,LGBM,0.9506746146261162,-1,-1,98.42,96.05,0.9875,96.08138026534189,96.05585606799956,-1,"{'0Normal': {'precision': 0.9899749373433584, 'recall': 0.9875, 'f1-score': 0.9887359198998749, 'support': 400.0}, 'DoS': {'precision': 1.0, 'recall': 0.995, 'f1-score': 0.9974937343358395, 'support': 400.0}, 'MITM ARP Spoofing': {'precision': 0.9199029126213593, 'recall': 0.9475, 'f1-score': 0.9334975369458128, 'support': 400.0}, 'Mirai': {'precision': 0.9560723514211886, 'recall': 0.925, 'f1-score': 0.9402795425667091, 'support': 400.0}, 'Scan': {'precision': 0.9381188118811881, 'recall': 0.9475, 'f1-score': 0.9427860696517413, 'support': 400.0}, 'accuracy': 0.9605, 'macro avg': {'precision': 0.9608138026534189, 'recall': 0.9604999999999999, 'f1-score': 0.9605585606799956, 'support': 2000.0}, 'weighted avg': {'precision': 0.9608138026534189, 'recall': 0.9605, 'f1-score': 0.9605585606799955, 'support': 2000.0}}","[[395   0   2   3   0]
 [  2 398   0   0   0]
 [  1   0 379   7  13]
 [  1   0  17 370  12]
 [  0   0  14   7 379]]",1.569190263748169,0.008676528930664062
114,IoTID20,-1,None,QuantileTransformer,RF,0.8609393002148396,-1,-1,95.54,88.85,2.7875,89.01405190680735,88.87243891623766,-1,"{'0Normal': {'precision': 0.9458128078817734, 'recall': 0.96, 'f1-score': 0.9528535980148883, 'support': 400.0}, 'DoS': {'precision': 1.0, 'recall': 0.995, 'f1-score': 0.9974937343358395, 'support': 400.0}, 'MITM ARP Spoofing': {'precision': 0.7752293577981652, 'recall': 0.845, 'f1-score': 0.8086124401913876, 'support': 400.0}, 'Mirai': {'precision': 0.8783783783783784, 'recall': 0.8125, 'f1-score': 0.8441558441558441, 'support': 400.0}, 'Scan': {'precision': 0.8512820512820513, 'recall': 0.83, 'f1-score': 0.840506329113924, 'support': 400.0}, 'accuracy': 0.8885, 'macro avg': {'precision': 0.8901405190680736, 'recall': 0.8885, 'f1-score': 0.8887243891623766, 'support': 2000.0}, 'weighted avg': {'precision': 0.8901405190680736, 'recall': 0.8885, 'f1-score': 0.8887243891623766, 'support': 2000.0}}","[[384   0   6   3   7]
 [  2 398   0   0   0]
 [  5   0 338  29  28]
 [  6   0  46 325  23]
 [  9   0  46  13 332]]",0.7908580303192139,0.017250776290893555
115,IoTID20,-1,None,QuantileTransformer,NuSVC,0.7411987783547443,-1,-1,91.62,79.05,5.2375,80.49826821197576,79.26053853324966,-1,"{'0Normal': {'precision': 0.8916256157635468, 'recall': 0.905, 'f1-score': 0.8982630272952853, 'support': 400.0}, 'DoS': {'precision': 0.9974747474747475, 'recall': 0.9875, 'f1-score': 0.992462311557789, 'support': 400.0}, 'MITM ARP Spoofing': {'precision': 0.5714285714285714, 'recall': 0.76, 'f1-score': 0.6523605150214592, 'support': 400.0}, 'Mirai': {'precision': 0.8996960486322189, 'recall': 0.74, 'f1-score': 0.812071330589849, 'support': 400.0}, 'Scan': {'precision': 0.6646884272997032, 'recall': 0.56, 'f1-score': 0.6078697421981005, 'support': 400.0}, 'accuracy': 0.7905, 'macro avg': {'precision': 0.8049826821197575, 'recall': 0.7905, 'f1-score': 0.7926053853324966, 'support': 2000.0}, 'weighted avg': {'precision': 0.8049826821197575, 'recall': 0.7905, 'f1-score': 0.7926053853324968, 'support': 2000.0}}","[[362   1  17   3  17]
 [  5 395   0   0   0]
 [  9   0 304  19  68]
 [ 13   0  63 296  28]
 [ 17   0 148  11 224]]",1.2666735649108887,0.291611909866333
116,IoTID20,-1,None,QuantileTransformer,SGD,0.6033297374835357,-1,-1,86.5,66.25000000000001,8.4375,70.63905983383243,60.8527957035321,-1,"{'0Normal': {'precision': 0.6856617647058824, 'recall': 0.9325, 'f1-score': 0.7902542372881356, 'support': 400.0}, 'DoS': {'precision': 1.0, 'recall': 0.9975, 'f1-score': 0.9987484355444306, 'support': 400.0}, 'MITM ARP Spoofing': {'precision': 0.6300940438871473, 'recall': 0.5025, 'f1-score': 0.5591098748261474, 'support': 400.0}, 'Mirai': {'precision': 0.46619718309859154, 'recall': 0.8275, 'f1-score': 0.5963963963963964, 'support': 400.0}, 'Scan': {'precision': 0.75, 'recall': 0.0525, 'f1-score': 0.09813084112149532, 'support': 400.0}, 'accuracy': 0.6625, 'macro avg': {'precision': 0.7063905983383243, 'recall': 0.6625000000000001, 'f1-score': 0.608527957035321, 'support': 2000.0}, 'weighted avg': {'precision': 0.7063905983383243, 'recall': 0.6625, 'f1-score': 0.608527957035321, 'support': 2000.0}}","[[373   0   5  21   1]
 [  0 399   0   1   0]
 [ 34   0 201 159   6]
 [ 31   0  38 331   0]
 [106   0  75 198  21]]",0.2778489589691162,0.0008966922760009766
117,IoTID20,-1,sigmoid,QuantileTransformer,HHHv2,0.5244394403608543,-1,-1,84.68,63.82037674774346,9.575,61.7,62.094549656262444,-1,"{'0Normal': {'precision': 0.5075, 'recall': 0.712280701754386, 'f1-score': 0.5927007299270073, 'support': 285.0}, 'DoS': {'precision': 0.9075, 'recall': 0.8832116788321168, 'f1-score': 0.8951911220715166, 'support': 411.0}, 'MITM ARP Spoofing': {'precision': 0.51, 'recall': 0.49635036496350365, 'f1-score': 0.5030826140567201, 'support': 411.0}, 'Mirai': {'precision': 0.585, 'recall': 0.6802325581395349, 'f1-score': 0.6290322580645162, 'support': 344.0}, 'Scan': {'precision': 0.575, 'recall': 0.41894353369763204, 'f1-score': 0.4847207586933614, 'support': 549.0}, 'accuracy': 0.617, 'macro avg': {'precision': 0.617, 'recall': 0.6382037674774346, 'f1-score': 0.6209454965626244, 'support': 2000.0}, 'weighted avg': {'precision': 0.6220725, 'recall': 0.617, 'f1-score': 0.6130545034373758, 'support': 2000.0}}","[[203   6  16  23  37]
 [ 18 363   6  15   9]
 [ 45   9 204  63  90]
 [ 34  12  30 234  34]
 [100  10 144  65 230]]",419.89478874206543,0.1392512321472168
118,IoTID20,2,None,StandardScaler,KNN,0.5947432144960209,-1,-1,86.82,67.05,8.2375,66.57740385797298,65.59431712686502,-1,"{'0Normal': {'precision': 0.5697674418604651, 'recall': 0.8575, 'f1-score': 0.6846307385229541, 'support': 400.0}, 'DoS': {'precision': 0.9900497512437811, 'recall': 0.995, 'f1-score': 0.9925187032418954, 'support': 400.0}, 'MITM ARP Spoofing': {'precision': 0.49560117302052786, 'recall': 0.4225, 'f1-score': 0.45614035087719296, 'support': 400.0}, 'Mirai': {'precision': 0.7146282973621103, 'recall': 0.745, 'f1-score': 0.7294981640146878, 'support': 400.0}, 'Scan': {'precision': 0.5588235294117647, 'recall': 0.3325, 'f1-score': 0.4169278996865204, 'support': 400.0}, 'accuracy': 0.6705, 'macro avg': {'precision': 0.6657740385797298, 'recall': 0.6705, 'f1-score': 0.6559431712686502, 'support': 2000.0}, 'weighted avg': {'precision': 0.6657740385797299, 'recall': 0.6705, 'f1-score': 0.6559431712686501, 'support': 2000.0}}","[[343   0  10  17  30]
 [  2 398   0   0   0]
 [122   0 169  58  51]
 [ 41   2  35 298  24]
 [ 94   2 127  44 133]]",0.004514932632446289,0.15831923484802246
119,IoTID20,2,None,StandardScaler,LDA,0.6663191601823587,-1,-1,89.28,73.2,6.7,72.72486502229071,72.70628705388448,-1,"{'0Normal': {'precision': 0.8075117370892019, 'recall': 0.86, 'f1-score': 0.8329297820823245, 'support': 400.0}, 'DoS': {'precision': 0.9900249376558603, 'recall': 0.9925, 'f1-score': 0.9912609238451936, 'support': 400.0}, 'MITM ARP Spoofing': {'precision': 0.5664893617021277, 'recall': 0.5325, 'f1-score': 0.5489690721649485, 'support': 400.0}, 'Mirai': {'precision': 0.6561181434599156, 'recall': 0.7775, 'f1-score': 0.711670480549199, 'support': 400.0}, 'Scan': {'precision': 0.6160990712074303, 'recall': 0.4975, 'f1-score': 0.5504840940525587, 'support': 400.0}, 'accuracy': 0.732, 'macro avg': {'precision': 0.7272486502229072, 'recall': 0.732, 'f1-score': 0.7270628705388448, 'support': 2000.0}, 'weighted avg': {'precision': 0.7272486502229072, 'recall': 0.732, 'f1-score': 0.7270628705388449, 'support': 2000.0}}","[[344   0  18  25  13]
 [  0 397   3   0   0]
 [ 26   0 213  75  86]
 [ 18   0  46 311  25]
 [ 38   4  96  63 199]]",2.20103120803833,0.009720087051391602
120,IoTID20,2,None,StandardScaler,MLP,0.7088205917654264,-1,-1,90.60000000000001,76.5,5.875,76.38724592049243,75.87567947540877,-1,"{'0Normal': {'precision': 0.7904967602591793, 'recall': 0.915, 'f1-score': 0.8482039397450754, 'support': 400.0}, 'DoS': {'precision': 0.9899749373433584, 'recall': 0.9875, 'f1-score': 0.9887359198998749, 'support': 400.0}, 'MITM ARP Spoofing': {'precision': 0.5874439461883408, 'recall': 0.655, 'f1-score': 0.6193853427895982, 'support': 400.0}, 'Mirai': {'precision': 0.7577197149643705, 'recall': 0.7975, 'f1-score': 0.7771010962241169, 'support': 400.0}, 'Scan': {'precision': 0.6937269372693727, 'recall': 0.47, 'f1-score': 0.5603576751117734, 'support': 400.0}, 'accuracy': 0.765, 'macro avg': {'precision': 0.7638724592049243, 'recall': 0.765, 'f1-score': 0.7587567947540877, 'support': 2000.0}, 'weighted avg': {'precision': 0.7638724592049243, 'recall': 0.765, 'f1-score': 0.7587567947540879, 'support': 2000.0}}","[[366   0  17   8   9]
 [  5 395   0   0   0]
 [ 36   0 262  46  56]
 [ 11   2  50 319  18]
 [ 45   2 117  48 188]]",8.41096043586731,0.014368772506713867
121,IoTID20,2,None,StandardScaler,LGBM,0.8801464148690623,-1,-1,96.12,90.3,2.4250000000000003,90.56887904095711,90.16309798330695,-1,"{'0Normal': {'precision': 0.9514563106796117, 'recall': 0.98, 'f1-score': 0.9655172413793104, 'support': 400.0}, 'DoS': {'precision': 1.0, 'recall': 0.9875, 'f1-score': 0.9937106918238994, 'support': 400.0}, 'MITM ARP Spoofing': {'precision': 0.8814589665653495, 'recall': 0.725, 'f1-score': 0.7956104252400549, 'support': 400.0}, 'Mirai': {'precision': 0.8934010152284264, 'recall': 0.88, 'f1-score': 0.8866498740554157, 'support': 400.0}, 'Scan': {'precision': 0.8021276595744681, 'recall': 0.9425, 'f1-score': 0.8666666666666667, 'support': 400.0}, 'accuracy': 0.903, 'macro avg': {'precision': 0.9056887904095712, 'recall': 0.9029999999999999, 'f1-score': 0.9016309798330695, 'support': 2000.0}, 'weighted avg': {'precision': 0.9056887904095711, 'recall': 0.903, 'f1-score': 0.9016309798330694, 'support': 2000.0}}","[[392   0   3   5   0]
 [  5 395   0   0   0]
 [ 11   0 290  27  72]
 [  4   0  23 352  21]
 [  0   0  13  10 377]]",12.312897443771362,0.015376567840576172
122,IoTID20,2,None,StandardScaler,RF,0.8011467423365654,-1,-1,93.58,83.94999999999999,4.0125,84.15425384086787,83.6794688436239,-1,"{'0Normal': {'precision': 0.8775981524249422, 'recall': 0.95, 'f1-score': 0.9123649459783914, 'support': 400.0}, 'DoS': {'precision': 1.0, 'recall': 0.995, 'f1-score': 0.9974937343358395, 'support': 400.0}, 'MITM ARP Spoofing': {'precision': 0.8052805280528053, 'recall': 0.61, 'f1-score': 0.6941678520625889, 'support': 400.0}, 'Mirai': {'precision': 0.8226600985221675, 'recall': 0.835, 'f1-score': 0.8287841191066998, 'support': 400.0}, 'Scan': {'precision': 0.7021739130434783, 'recall': 0.8075, 'f1-score': 0.7511627906976744, 'support': 400.0}, 'accuracy': 0.8395, 'macro avg': {'precision': 0.8415425384086787, 'recall': 0.8394999999999999, 'f1-score': 0.8367946884362389, 'support': 2000.0}, 'weighted avg': {'precision': 0.8415425384086787, 'recall': 0.8395, 'f1-score': 0.8367946884362388, 'support': 2000.0}}","[[380   0   7   3  10]
 [  2 398   0   0   0]
 [ 15   0 244  40 101]
 [  7   0  33 334  26]
 [ 29   0  19  29 323]]",1.348109483718872,0.039064645767211914
123,IoTID20,2,None,StandardScaler,NuSVC,0.46998676655857036,-1,-1,82.36,55.89999999999999,11.025,65.11438572859893,53.49687324552874,-1,"{'0Normal': {'precision': 0.44717444717444715, 'recall': 0.91, 'f1-score': 0.5996705107084019, 'support': 400.0}, 'DoS': {'precision': 1.0, 'recall': 0.205, 'f1-score': 0.3402489626556016, 'support': 400.0}, 'MITM ARP Spoofing': {'precision': 0.5, 'recall': 0.5125, 'f1-score': 0.5061728395061729, 'support': 400.0}, 'Mirai': {'precision': 0.7918781725888325, 'recall': 0.78, 'f1-score': 0.7858942065491185, 'support': 400.0}, 'Scan': {'precision': 0.5166666666666667, 'recall': 0.3875, 'f1-score': 0.44285714285714284, 'support': 400.0}, 'accuracy': 0.559, 'macro avg': {'precision': 0.6511438572859893, 'recall': 0.5589999999999999, 'f1-score': 0.5349687324552874, 'support': 2000.0}, 'weighted avg': {'precision': 0.6511438572859893, 'recall': 0.559, 'f1-score': 0.5349687324552875, 'support': 2000.0}}","[[364   0  16   6  14]
 [308  82   4   6   0]
 [ 54   0 205  35 106]
 [ 22   0  41 312  25]
 [ 66   0 144  35 155]]",2.5594115257263184,4.169512748718262
124,IoTID20,2,None,StandardScaler,SGD,0.6346236614594271,-1,-1,88.06,70.15,7.4624999999999995,68.89570184651393,67.7199597338791,-1,"{'0Normal': {'precision': 0.7098646034816247, 'recall': 0.9175, 'f1-score': 0.8004362050163576, 'support': 400.0}, 'DoS': {'precision': 0.9900744416873449, 'recall': 0.9975, 'f1-score': 0.9937733499377336, 'support': 400.0}, 'MITM ARP Spoofing': {'precision': 0.5194174757281553, 'recall': 0.535, 'f1-score': 0.5270935960591132, 'support': 400.0}, 'Mirai': {'precision': 0.654, 'recall': 0.8175, 'f1-score': 0.7266666666666667, 'support': 400.0}, 'Scan': {'precision': 0.5714285714285714, 'recall': 0.24, 'f1-score': 0.33802816901408445, 'support': 400.0}, 'accuracy': 0.7015, 'macro avg': {'precision': 0.6889570184651392, 'recall': 0.7015, 'f1-score': 0.677199597338791, 'support': 2000.0}, 'weighted avg': {'precision': 0.6889570184651393, 'recall': 0.7015, 'f1-score': 0.6771995973387911, 'support': 2000.0}}","[[367   0  12   9  12]
 [  1 399   0   0   0]
 [ 40   0 214 106  40]
 [ 15   2  36 327  20]
 [ 94   2 150  58  96]]",1.3889234066009521,0.005746364593505859
125,IoTID20,2,None,StandardScaler,HHHv2,0.6795857673032667,-1,-1,89.72,73.4807420531974,6.425,74.3,73.71983160927591,-1,"{'0Normal': {'precision': 0.85, 'recall': 0.7925407925407926, 'f1-score': 0.8202653799758747, 'support': 429.0}, 'DoS': {'precision': 1.0, 'recall': 0.9433962264150944, 'f1-score': 0.970873786407767, 'support': 424.0}, 'MITM ARP Spoofing': {'precision': 0.5, 'recall': 0.6060606060606061, 'f1-score': 0.5479452054794521, 'support': 330.0}, 'Mirai': {'precision': 0.7625, 'recall': 0.7011494252873564, 'f1-score': 0.7305389221556886, 'support': 435.0}, 'Scan': {'precision': 0.6025, 'recall': 0.6308900523560209, 'f1-score': 0.6163682864450128, 'support': 382.0}, 'accuracy': 0.743, 'macro avg': {'precision': 0.743, 'recall': 0.734807420531974, 'f1-score': 0.7371983160927591, 'support': 2000.0}, 'weighted avg': {'precision': 0.7577462500000001, 'recall': 0.743, 'f1-score': 0.7488016839072411, 'support': 2000.0}}","[[340   0  32  11  46]
 [  6 400   3  11   4]
 [ 15   0 200  50  65]
 [ 21   0  65 305  44]
 [ 18   0 100  23 241]]",2.9996917247772217,0.12756967544555664
126,IoTID20,2,None,StandardScaler,KNN,0.6804101248127119,-1,-1,89.7,74.25,6.4375,73.76097282393475,73.53555694491074,-1,"{'0Normal': {'precision': 0.8191964285714286, 'recall': 0.9175, 'f1-score': 0.8655660377358491, 'support': 400.0}, 'DoS': {'precision': 0.9900497512437811, 'recall': 0.995, 'f1-score': 0.9925187032418954, 'support': 400.0}, 'MITM ARP Spoofing': {'precision': 0.5594594594594594, 'recall': 0.5175, 'f1-score': 0.5376623376623376, 'support': 400.0}, 'Mirai': {'precision': 0.6515463917525773, 'recall': 0.79, 'f1-score': 0.7141242937853108, 'support': 400.0}, 'Scan': {'precision': 0.6677966101694915, 'recall': 0.4925, 'f1-score': 0.5669064748201439, 'support': 400.0}, 'accuracy': 0.7425, 'macro avg': {'precision': 0.7376097282393476, 'recall': 0.7425, 'f1-score': 0.7353555694491074, 'support': 2000.0}, 'weighted avg': {'precision': 0.7376097282393476, 'recall': 0.7425, 'f1-score': 0.7353555694491074, 'support': 2000.0}}","[[367   0  11  11  11]
 [  2 398   0   0   0]
 [ 31   0 207  93  69]
 [ 20   2  44 316  18]
 [ 28   2 108  65 197]]",0.007574319839477539,0.3267061710357666
127,IoTID20,2,None,StandardScaler,LDA,0.38414234116384643,-1,-1,76.08,40.199999999999996,14.95,48.63184648764333,29.142368823530884,-1,"{'0Normal': {'precision': 0.45454545454545453, 'recall': 0.0125, 'f1-score': 0.024330900243309004, 'support': 400.0}, 'DoS': {'precision': 0.9949748743718593, 'recall': 0.99, 'f1-score': 0.9924812030075189, 'support': 400.0}, 'MITM ARP Spoofing': {'precision': 0.25191326530612246, 'recall': 0.9875, 'f1-score': 0.40142276422764234, 'support': 400.0}, 'Mirai': {'precision': 0.4444444444444444, 'recall': 0.01, 'f1-score': 0.019559902200488997, 'support': 400.0}, 'Scan': {'precision': 0.2857142857142857, 'recall': 0.01, 'f1-score': 0.01932367149758454, 'support': 400.0}, 'accuracy': 0.402, 'macro avg': {'precision': 0.48631846487643327, 'recall': 0.40199999999999997, 'f1-score': 0.29142368823530884, 'support': 2000.0}, 'weighted avg': {'precision': 0.48631846487643327, 'recall': 0.402, 'f1-score': 0.2914236882353087, 'support': 2000.0}}","[[  5   0 388   4   3]
 [  0 396   2   0   2]
 [  3   0 395   1   1]
 [  3   0 389   4   4]
 [  0   2 394   0   4]]",12.187870264053345,0.011601924896240234
128,IoTID20,2,None,StandardScaler,MLP,0.7309737549262894,-1,-1,91.28,78.2,5.45,78.94921708574556,77.97468501157807,-1,"{'0Normal': {'precision': 0.8637413394919169, 'recall': 0.935, 'f1-score': 0.8979591836734695, 'support': 400.0}, 'DoS': {'precision': 0.992462311557789, 'recall': 0.9875, 'f1-score': 0.9899749373433584, 'support': 400.0}, 'MITM ARP Spoofing': {'precision': 0.6472602739726028, 'recall': 0.4725, 'f1-score': 0.546242774566474, 'support': 400.0}, 'Mirai': {'precision': 0.8810198300283286, 'recall': 0.7775, 'f1-score': 0.8260292164674634, 'support': 400.0}, 'Scan': {'precision': 0.5629770992366412, 'recall': 0.7375, 'f1-score': 0.6385281385281385, 'support': 400.0}, 'accuracy': 0.782, 'macro avg': {'precision': 0.7894921708574556, 'recall': 0.782, 'f1-score': 0.7797468501157807, 'support': 2000.0}, 'weighted avg': {'precision': 0.7894921708574557, 'recall': 0.782, 'f1-score': 0.7797468501157807, 'support': 2000.0}}","[[374   0   6   4  16]
 [  5 395   0   0   0]
 [ 22   0 189  23 166]
 [ 11   1  30 311  47]
 [ 21   2  67  15 295]]",30.92898726463318,0.018657207489013672
129,IoTID20,2,None,StandardScaler,LGBM,0.9294060775353038,-1,-1,97.74000000000001,94.35,1.4125,94.35732289001993,94.34745901357144,-1,"{'0Normal': {'precision': 0.9727722772277227, 'recall': 0.9825, 'f1-score': 0.9776119402985074, 'support': 400.0}, 'DoS': {'precision': 1.0, 'recall': 0.9875, 'f1-score': 0.9937106918238994, 'support': 400.0}, 'MITM ARP Spoofing': {'precision': 0.898989898989899, 'recall': 0.89, 'f1-score': 0.8944723618090452, 'support': 400.0}, 'Mirai': {'precision': 0.9263959390862944, 'recall': 0.9125, 'f1-score': 0.9193954659949621, 'support': 400.0}, 'Scan': {'precision': 0.9197080291970803, 'recall': 0.945, 'f1-score': 0.9321824907521579, 'support': 400.0}, 'accuracy': 0.9435, 'macro avg': {'precision': 0.9435732289001993, 'recall': 0.9435, 'f1-score': 0.9434745901357144, 'support': 2000.0}, 'weighted avg': {'precision': 0.9435732289001993, 'recall': 0.9435, 'f1-score': 0.9434745901357143, 'support': 2000.0}}","[[393   0   2   4   1]
 [  5 395   0   0   0]
 [  3   0 356  20  21]
 [  2   0  22 365  11]
 [  1   0  16   5 378]]",18.666566610336304,0.01659393310546875
130,IoTID20,2,None,StandardScaler,RF,0.8515275900197455,-1,-1,95.24000000000001,88.1,2.9749999999999996,88.1354981866396,88.06204684169374,-1,"{'0Normal': {'precision': 0.9506172839506173, 'recall': 0.9625, 'f1-score': 0.9565217391304348, 'support': 400.0}, 'DoS': {'precision': 1.0, 'recall': 0.995, 'f1-score': 0.9974937343358395, 'support': 400.0}, 'MITM ARP Spoofing': {'precision': 0.8370165745856354, 'recall': 0.7575, 'f1-score': 0.795275590551181, 'support': 400.0}, 'Mirai': {'precision': 0.8181818181818182, 'recall': 0.855, 'f1-score': 0.8361858190709046, 'support': 400.0}, 'Scan': {'precision': 0.8009592326139089, 'recall': 0.835, 'f1-score': 0.817625458996328, 'support': 400.0}, 'accuracy': 0.881, 'macro avg': {'precision': 0.8813549818663959, 'recall': 0.8809999999999999, 'f1-score': 0.8806204684169374, 'support': 2000.0}, 'weighted avg': {'precision': 0.8813549818663959, 'recall': 0.881, 'f1-score': 0.8806204684169376, 'support': 2000.0}}","[[385   0   2   5   8]
 [  2 398   0   0   0]
 [  6   0 303  37  54]
 [  6   0  31 342  21]
 [  6   0  26  34 334]]",2.915325164794922,0.04418635368347168
131,IoTID20,2,None,StandardScaler,NuSVC,0.606949461340781,-1,-1,87.24,68.10000000000001,7.9750000000000005,70.98556109729294,68.04639466496536,-1,"{'0Normal': {'precision': 0.8554778554778555, 'recall': 0.9175, 'f1-score': 0.8854041013268998, 'support': 400.0}, 'DoS': {'precision': 1.0, 'recall': 0.6275, 'f1-score': 0.771121351766513, 'support': 400.0}, 'MITM ARP Spoofing': {'precision': 0.5370370370370371, 'recall': 0.6525, 'f1-score': 0.5891647855530474, 'support': 400.0}, 'Mirai': {'precision': 0.5810055865921788, 'recall': 0.78, 'f1-score': 0.6659551760939169, 'support': 400.0}, 'Scan': {'precision': 0.5757575757575758, 'recall': 0.4275, 'f1-score': 0.49067431850789095, 'support': 400.0}, 'accuracy': 0.681, 'macro avg': {'precision': 0.7098556109729294, 'recall': 0.681, 'f1-score': 0.6804639466496536, 'support': 2000.0}, 'weighted avg': {'precision': 0.7098556109729294, 'recall': 0.681, 'f1-score': 0.6804639466496536, 'support': 2000.0}}","[[367   0  10  10  13]
 [  4 251   0 145   0]
 [ 17   0 261  33  89]
 [ 11   0  53 312  24]
 [ 30   0 162  37 171]]",18.01872205734253,9.43691349029541
132,IoTID20,2,None,StandardScaler,SGD,0.6492068240462607,-1,-1,88.46000000000001,71.15,7.2124999999999995,71.79903912768638,69.8899177732703,-1,"{'0Normal': {'precision': 0.8732057416267942, 'recall': 0.9125, 'f1-score': 0.8924205378973104, 'support': 400.0}, 'DoS': {'precision': 0.9900990099009901, 'recall': 1.0, 'f1-score': 0.9950248756218906, 'support': 400.0}, 'MITM ARP Spoofing': {'precision': 0.5434782608695652, 'recall': 0.375, 'f1-score': 0.4437869822485207, 'support': 400.0}, 'Mirai': {'precision': 0.5255813953488372, 'recall': 0.8475, 'f1-score': 0.6488038277511962, 'support': 400.0}, 'Scan': {'precision': 0.6575875486381323, 'recall': 0.4225, 'f1-score': 0.5144596651445966, 'support': 400.0}, 'accuracy': 0.7115, 'macro avg': {'precision': 0.7179903912768638, 'recall': 0.7115, 'f1-score': 0.6988991777327029, 'support': 2000.0}, 'weighted avg': {'precision': 0.7179903912768638, 'recall': 0.7115, 'f1-score': 0.6988991777327028, 'support': 2000.0}}","[[365   0   7  23   5]
 [  0 400   0   0   0]
 [ 15   0 150 171  64]
 [ 16   2  24 339  19]
 [ 22   2  95 112 169]]",4.94201135635376,0.006947517395019531
133,IoTID20,2,rbf,StandardScaler,HHHv2,0.7207468615682655,-1,-1,91.06,77.27003901137255,5.5875,77.65,77.4367817836077,-1,"{'0Normal': {'precision': 0.9225, 'recall': 0.9044117647058824, 'f1-score': 0.9133663366336634, 'support': 408.0}, 'DoS': {'precision': 0.9825, 'recall': 0.960880195599022, 'f1-score': 0.9715698393077874, 'support': 409.0}, 'MITM ARP Spoofing': {'precision': 0.5625, 'recall': 0.6016042780748663, 'f1-score': 0.5813953488372093, 'support': 374.0}, 'Mirai': {'precision': 0.7775, 'recall': 0.7493975903614458, 'f1-score': 0.7631901840490797, 'support': 415.0}, 'Scan': {'precision': 0.6375, 'recall': 0.6472081218274112, 'f1-score': 0.6423173803526449, 'support': 394.0}, 'accuracy': 0.7765, 'macro avg': {'precision': 0.7765000000000001, 'recall': 0.7727003901137255, 'f1-score': 0.774367817836077, 'support': 2000.0}, 'weighted avg': {'precision': 0.7812175, 'recall': 0.7765, 'f1-score': 0.778632182163923, 'support': 2000.0}}","[[369   4  17  12   6]
 [  6 393   2   5   3]
 [  4   1 225  44 100]
 [  9   1  58 311  36]
 [ 12   1  98  28 255]]",39.07509422302246,0.32069873809814453
134,IoTID20,2,None,StandardScaler,KNN,0.6815106225175372,-1,-1,89.74,74.35000000000001,6.4125000000000005,73.90415692115886,73.67632130487084,-1,"{'0Normal': {'precision': 0.8425925925925926, 'recall': 0.91, 'f1-score': 0.8749999999999999, 'support': 400.0}, 'DoS': {'precision': 0.9900497512437811, 'recall': 0.995, 'f1-score': 0.9925187032418954, 'support': 400.0}, 'MITM ARP Spoofing': {'precision': 0.5367647058823529, 'recall': 0.5475, 'f1-score': 0.5420792079207921, 'support': 400.0}, 'Mirai': {'precision': 0.6814345991561181, 'recall': 0.8075, 'f1-score': 0.7391304347826088, 'support': 400.0}, 'Scan': {'precision': 0.6443661971830986, 'recall': 0.4575, 'f1-score': 0.5350877192982456, 'support': 400.0}, 'accuracy': 0.7435, 'macro avg': {'precision': 0.7390415692115886, 'recall': 0.7435, 'f1-score': 0.7367632130487084, 'support': 2000.0}, 'weighted avg': {'precision': 0.7390415692115887, 'recall': 0.7435, 'f1-score': 0.7367632130487084, 'support': 2000.0}}","[[364   0  11   9  16]
 [  2 398   0   0   0]
 [ 40   0 219  75  66]
 [ 13   2  43 323  19]
 [ 13   2 135  67 183]]",0.0073719024658203125,0.3408091068267822
135,IoTID20,2,None,StandardScaler,LDA,0.540384998046226,-1,-1,83.02000000000001,57.55000000000001,10.612499999999999,70.001349315016,53.26248582893651,-1,"{'0Normal': {'precision': 0.9153605015673981, 'recall': 0.73, 'f1-score': 0.8122392211404729, 'support': 400.0}, 'DoS': {'precision': 0.9949748743718593, 'recall': 0.99, 'f1-score': 0.9924812030075189, 'support': 400.0}, 'MITM ARP Spoofing': {'precision': 0.5510204081632653, 'recall': 0.0675, 'f1-score': 0.1202672605790646, 'support': 400.0}, 'Mirai': {'precision': 0.7126436781609196, 'recall': 0.155, 'f1-score': 0.2546201232032854, 'support': 400.0}, 'Scan': {'precision': 0.3260680034873583, 'recall': 0.935, 'f1-score': 0.4835164835164835, 'support': 400.0}, 'accuracy': 0.5755, 'macro avg': {'precision': 0.70001349315016, 'recall': 0.5755000000000001, 'f1-score': 0.5326248582893651, 'support': 2000.0}, 'weighted avg': {'precision': 0.7000134931501601, 'recall': 0.5755, 'f1-score': 0.532624858289365, 'support': 2000.0}}","[[292   0   5   3 100]
 [  0 396   2   0   2]
 [  7   0  27  17 349]
 [  9   0   7  62 322]
 [ 11   2   8   5 374]]",11.612156867980957,0.014683723449707031
136,IoTID20,2,None,StandardScaler,MLP,0.7057513902888725,-1,-1,90.44,76.1,5.975,76.53384703667177,75.37034883443825,-1,"{'0Normal': {'precision': 0.915, 'recall': 0.915, 'f1-score': 0.915, 'support': 400.0}, 'DoS': {'precision': 0.9899749373433584, 'recall': 0.9875, 'f1-score': 0.9887359198998749, 'support': 400.0}, 'MITM ARP Spoofing': {'precision': 0.5630081300813008, 'recall': 0.6925, 'f1-score': 0.6210762331838566, 'support': 400.0}, 'Mirai': {'precision': 0.6892177589852009, 'recall': 0.815, 'f1-score': 0.7468499427262313, 'support': 400.0}, 'Scan': {'precision': 0.6694915254237288, 'recall': 0.395, 'f1-score': 0.4968553459119497, 'support': 400.0}, 'accuracy': 0.761, 'macro avg': {'precision': 0.7653384703667178, 'recall': 0.761, 'f1-score': 0.7537034883443825, 'support': 2000.0}, 'weighted avg': {'precision': 0.7653384703667178, 'recall': 0.761, 'f1-score': 0.7537034883443825, 'support': 2000.0}}","[[366   0  10  13  11]
 [  5 395   0   0   0]
 [ 11   0 277  61  51]
 [  8   2  48 326  16]
 [ 10   2 157  73 158]]",13.938213348388672,0.01377558708190918
137,IoTID20,2,None,StandardScaler,LGBM,0.9293845843279454,-1,-1,97.74000000000001,94.35,1.4125,94.38535675985736,94.36571274095185,-1,"{'0Normal': {'precision': 0.9848866498740554, 'recall': 0.9775, 'f1-score': 0.9811794228356336, 'support': 400.0}, 'DoS': {'precision': 1.0, 'recall': 0.9875, 'f1-score': 0.9937106918238994, 'support': 400.0}, 'MITM ARP Spoofing': {'precision': 0.8935643564356436, 'recall': 0.9025, 'f1-score': 0.8980099502487562, 'support': 400.0}, 'Mirai': {'precision': 0.9225, 'recall': 0.9225, 'f1-score': 0.9225, 'support': 400.0}, 'Scan': {'precision': 0.9183168316831684, 'recall': 0.9275, 'f1-score': 0.9228855721393036, 'support': 400.0}, 'accuracy': 0.9435, 'macro avg': {'precision': 0.9438535675985735, 'recall': 0.9435, 'f1-score': 0.9436571274095185, 'support': 2000.0}, 'weighted avg': {'precision': 0.9438535675985735, 'recall': 0.9435, 'f1-score': 0.9436571274095185, 'support': 2000.0}}","[[391   0   2   5   2]
 [  4 395   0   1   0]
 [  2   0 361  18  19]
 [  0   0  19 369  12]
 [  0   0  22   7 371]]",19.007982969284058,0.014478921890258789
138,IoTID20,2,None,StandardScaler,RF,0.8763143566987543,-1,-1,96.04,90.10000000000001,2.475,90.14359382680365,90.10947900337388,-1,"{'0Normal': {'precision': 0.9501246882793017, 'recall': 0.9525, 'f1-score': 0.951310861423221, 'support': 400.0}, 'DoS': {'precision': 1.0, 'recall': 0.9925, 'f1-score': 0.9962358845671266, 'support': 400.0}, 'MITM ARP Spoofing': {'precision': 0.8426395939086294, 'recall': 0.83, 'f1-score': 0.836272040302267, 'support': 400.0}, 'Mirai': {'precision': 0.8794871794871795, 'recall': 0.8575, 'f1-score': 0.8683544303797469, 'support': 400.0}, 'Scan': {'precision': 0.8349282296650717, 'recall': 0.8725, 'f1-score': 0.8533007334963326, 'support': 400.0}, 'accuracy': 0.901, 'macro avg': {'precision': 0.9014359382680365, 'recall': 0.901, 'f1-score': 0.9010947900337388, 'support': 2000.0}, 'weighted avg': {'precision': 0.9014359382680365, 'recall': 0.901, 'f1-score': 0.9010947900337388, 'support': 2000.0}}","[[381   0   3   2  14]
 [  2 397   0   1   0]
 [ 10   0 332  25  33]
 [  7   0  28 343  22]
 [  1   0  31  19 349]]",2.828047752380371,0.04063749313354492
139,IoTID20,2,None,StandardScaler,NuSVC,0.5821318572618558,-1,-1,86.33999999999999,65.85,8.537500000000001,70.20920959312366,65.10958486017788,-1,"{'0Normal': {'precision': 0.7283950617283951, 'recall': 0.885, 'f1-score': 0.799097065462754, 'support': 400.0}, 'DoS': {'precision': 1.0, 'recall': 0.465, 'f1-score': 0.6348122866894198, 'support': 400.0}, 'MITM ARP Spoofing': {'precision': 0.5338645418326693, 'recall': 0.67, 'f1-score': 0.5942350332594236, 'support': 400.0}, 'Mirai': {'precision': 0.5992647058823529, 'recall': 0.815, 'f1-score': 0.690677966101695, 'support': 400.0}, 'Scan': {'precision': 0.648936170212766, 'recall': 0.4575, 'f1-score': 0.5366568914956011, 'support': 400.0}, 'accuracy': 0.6585, 'macro avg': {'precision': 0.7020920959312367, 'recall': 0.6585, 'f1-score': 0.6510958486017787, 'support': 2000.0}, 'weighted avg': {'precision': 0.7020920959312366, 'recall': 0.6585, 'f1-score': 0.6510958486017788, 'support': 2000.0}}","[[354   0  19  11  16]
 [111 186   0 103   0]
 [ 10   0 268  60  62]
 [  6   0  47 326  21]
 [  5   0 168  44 183]]",16.92290186882019,9.352378845214844
140,IoTID20,2,None,StandardScaler,SGD,0.6022375475126103,-1,-1,86.36,65.9,8.525,68.71998996383608,62.39080287506863,-1,"{'0Normal': {'precision': 0.8026905829596412, 'recall': 0.895, 'f1-score': 0.8463356973995272, 'support': 400.0}, 'DoS': {'precision': 0.9900990099009901, 'recall': 1.0, 'f1-score': 0.9950248756218906, 'support': 400.0}, 'MITM ARP Spoofing': {'precision': 0.5638297872340425, 'recall': 0.1325, 'f1-score': 0.2145748987854251, 'support': 400.0}, 'Mirai': {'precision': 0.43084455324357407, 'recall': 0.88, 'f1-score': 0.5784716516023007, 'support': 400.0}, 'Scan': {'precision': 0.6485355648535565, 'recall': 0.3875, 'f1-score': 0.48513302034428796, 'support': 400.0}, 'accuracy': 0.659, 'macro avg': {'precision': 0.6871998996383608, 'recall': 0.659, 'f1-score': 0.6239080287506863, 'support': 2000.0}, 'weighted avg': {'precision': 0.6871998996383609, 'recall': 0.659, 'f1-score': 0.6239080287506864, 'support': 2000.0}}","[[358   0  11  24   7]
 [  0 400   0   0   0]
 [ 28   0  53 262  57]
 [ 14   2  12 352  20]
 [ 46   2  18 179 155]]",3.750811815261841,0.006887674331665039
141,IoTID20,2,poly,StandardScaler,HHHv2,0.7306206061370423,-1,-1,91.36,78.00418834200346,5.4,78.4,78.07978199026289,-1,"{'0Normal': {'precision': 0.915, 'recall': 0.9336734693877551, 'f1-score': 0.9242424242424242, 'support': 392.0}, 'DoS': {'precision': 0.995, 'recall': 0.9364705882352942, 'f1-score': 0.9648484848484848, 'support': 425.0}, 'MITM ARP Spoofing': {'precision': 0.545, 'recall': 0.6411764705882353, 'f1-score': 0.5891891891891893, 'support': 340.0}, 'Mirai': {'precision': 0.78, 'recall': 0.7222222222222222, 'f1-score': 0.7500000000000001, 'support': 432.0}, 'Scan': {'precision': 0.685, 'recall': 0.6666666666666666, 'f1-score': 0.6757090012330457, 'support': 411.0}, 'accuracy': 0.784, 'macro avg': {'precision': 0.784, 'recall': 0.7800418834200347, 'f1-score': 0.7807978199026289, 'support': 2000.0}, 'weighted avg': {'precision': 0.792675, 'recall': 0.784, 'f1-score': 0.7872021800973713, 'support': 2000.0}}","[[366   1   7  10   8]
 [  4 398   6  14   3]
 [  2   1 218  42  77]
 [ 14   0  68 312  38]
 [ 14   0 101  22 274]]",36.74089765548706,0.31136369705200195
142,IoTID20,2,None,StandardScaler,KNN,0.6565683188214749,-1,-1,88.94,72.35000000000001,6.9125000000000005,72.15470115100295,71.77437874559625,-1,"{'0Normal': {'precision': 0.7614879649890591, 'recall': 0.87, 'f1-score': 0.8121353558926488, 'support': 400.0}, 'DoS': {'precision': 0.9900497512437811, 'recall': 0.995, 'f1-score': 0.9925187032418954, 'support': 400.0}, 'MITM ARP Spoofing': {'precision': 0.4966292134831461, 'recall': 0.5525, 'f1-score': 0.5230769230769231, 'support': 400.0}, 'Mirai': {'precision': 0.7268408551068883, 'recall': 0.765, 'f1-score': 0.7454323995127894, 'support': 400.0}, 'Scan': {'precision': 0.6327272727272727, 'recall': 0.435, 'f1-score': 0.5155555555555555, 'support': 400.0}, 'accuracy': 0.7235, 'macro avg': {'precision': 0.7215470115100295, 'recall': 0.7235, 'f1-score': 0.7177437874559625, 'support': 2000.0}, 'weighted avg': {'precision': 0.7215470115100294, 'recall': 0.7235, 'f1-score': 0.7177437874559625, 'support': 2000.0}}","[[348   0  11  11  30]
 [  2 398   0   0   0]
 [ 55   0 221  71  53]
 [ 27   2  47 306  18]
 [ 25   2 166  33 174]]",0.004801511764526367,0.14520263671875
143,IoTID20,2,None,StandardScaler,LDA,0.6603918931478804,-1,-1,87.86,69.65,7.5874999999999995,73.6984827650277,66.23344382778116,-1,"{'0Normal': {'precision': 0.9591194968553459, 'recall': 0.7625, 'f1-score': 0.8495821727019499, 'support': 400.0}, 'DoS': {'precision': 0.99, 'recall': 0.99, 'f1-score': 0.99, 'support': 400.0}, 'MITM ARP Spoofing': {'precision': 0.46, 'recall': 0.0575, 'f1-score': 0.10222222222222221, 'support': 400.0}, 'Mirai': {'precision': 0.8504398826979472, 'recall': 0.725, 'f1-score': 0.7827260458839407, 'support': 400.0}, 'Scan': {'precision': 0.42536475869809204, 'recall': 0.9475, 'f1-score': 0.5871417505809451, 'support': 400.0}, 'accuracy': 0.6965, 'macro avg': {'precision': 0.7369848276502771, 'recall': 0.6965, 'f1-score': 0.6623344382778116, 'support': 2000.0}, 'weighted avg': {'precision': 0.736984827650277, 'recall': 0.6965, 'f1-score': 0.6623344382778116, 'support': 2000.0}}","[[305   0   7  13  75]
 [  0 396   0   4   0]
 [  5   0  23  25 347]
 [  6   0  14 290  90]
 [  2   4   6   9 379]]",2.947986125946045,0.005825996398925781
144,IoTID20,2,None,StandardScaler,MLP,0.7369966294824631,-1,-1,91.53999999999999,78.85,5.2875,79.53011574384716,78.96198133805234,-1,"{'0Normal': {'precision': 0.9141414141414141, 'recall': 0.905, 'f1-score': 0.9095477386934674, 'support': 400.0}, 'DoS': {'precision': 0.9899749373433584, 'recall': 0.9875, 'f1-score': 0.9887359198998749, 'support': 400.0}, 'MITM ARP Spoofing': {'precision': 0.5690721649484536, 'recall': 0.69, 'f1-score': 0.623728813559322, 'support': 400.0}, 'Mirai': {'precision': 0.8036175710594315, 'recall': 0.7775, 'f1-score': 0.7903430749682336, 'support': 400.0}, 'Scan': {'precision': 0.6996996996996997, 'recall': 0.5825, 'f1-score': 0.6357435197817188, 'support': 400.0}, 'accuracy': 0.7885, 'macro avg': {'precision': 0.7953011574384716, 'recall': 0.7885, 'f1-score': 0.7896198133805233, 'support': 2000.0}, 'weighted avg': {'precision': 0.7953011574384714, 'recall': 0.7885, 'f1-score': 0.7896198133805232, 'support': 2000.0}}","[[362   0  16   6  16]
 [  5 395   0   0   0]
 [ 13   0 276  44  67]
 [ 10   2  60 311  17]
 [  6   2 133  26 233]]",10.795652389526367,0.01245737075805664
145,IoTID20,2,None,StandardScaler,LGBM,0.8946803921973725,-1,-1,96.6,91.5,2.125,91.68465760796887,91.4085575754022,-1,"{'0Normal': {'precision': 0.9657701711491442, 'recall': 0.9875, 'f1-score': 0.9765142150803461, 'support': 400.0}, 'DoS': {'precision': 1.0, 'recall': 0.9875, 'f1-score': 0.9937106918238994, 'support': 400.0}, 'MITM ARP Spoofing': {'precision': 0.8938053097345132, 'recall': 0.7575, 'f1-score': 0.8200270635994586, 'support': 400.0}, 'Mirai': {'precision': 0.9034653465346535, 'recall': 0.9125, 'f1-score': 0.9079601990049752, 'support': 400.0}, 'Scan': {'precision': 0.8211920529801324, 'recall': 0.93, 'f1-score': 0.8722157092614303, 'support': 400.0}, 'accuracy': 0.915, 'macro avg': {'precision': 0.9168465760796887, 'recall': 0.915, 'f1-score': 0.9140855757540219, 'support': 2000.0}, 'weighted avg': {'precision': 0.9168465760796888, 'recall': 0.915, 'f1-score': 0.9140855757540219, 'support': 2000.0}}","[[395   0   2   3   0]
 [  5 395   0   0   0]
 [  5   0 303  27  65]
 [  4   0  15 365  16]
 [  0   0  19   9 372]]",13.50354790687561,0.02401256561279297
146,IoTID20,2,None,StandardScaler,RF,0.8419904878739867,-1,-1,94.92,87.3,3.175,87.4805779367034,87.25585138051845,-1,"{'0Normal': {'precision': 0.943069306930693, 'recall': 0.9525, 'f1-score': 0.9477611940298508, 'support': 400.0}, 'DoS': {'precision': 1.0, 'recall': 0.995, 'f1-score': 0.9974937343358395, 'support': 400.0}, 'MITM ARP Spoofing': {'precision': 0.8044692737430168, 'recall': 0.72, 'f1-score': 0.7598944591029024, 'support': 400.0}, 'Mirai': {'precision': 0.8661417322834646, 'recall': 0.825, 'f1-score': 0.8450704225352113, 'support': 400.0}, 'Scan': {'precision': 0.7603485838779956, 'recall': 0.8725, 'f1-score': 0.8125727590221188, 'support': 400.0}, 'accuracy': 0.873, 'macro avg': {'precision': 0.874805779367034, 'recall': 0.873, 'f1-score': 0.8725585138051845, 'support': 2000.0}, 'weighted avg': {'precision': 0.8748057793670339, 'recall': 0.873, 'f1-score': 0.8725585138051845, 'support': 2000.0}}","[[381   0   4   2  13]
 [  2 398   0   0   0]
 [  9   0 288  28  75]
 [ 11   0  37 330  22]
 [  1   0  29  21 349]]",1.6595792770385742,0.03402590751647949
147,IoTID20,2,None,StandardScaler,NuSVC,0.55404679844827,-1,-1,85.2,63.0,9.25,70.59833339810216,61.35012315767975,-1,"{'0Normal': {'precision': 0.5564142194744977, 'recall': 0.9, 'f1-score': 0.6876790830945558, 'support': 400.0}, 'DoS': {'precision': 1.0, 'recall': 0.33, 'f1-score': 0.49624060150375937, 'support': 400.0}, 'MITM ARP Spoofing': {'precision': 0.5099818511796733, 'recall': 0.7025, 'f1-score': 0.5909568874868559, 'support': 400.0}, 'Mirai': {'precision': 0.7168539325842697, 'recall': 0.7975, 'f1-score': 0.7550295857988165, 'support': 400.0}, 'Scan': {'precision': 0.7466666666666667, 'recall': 0.42, 'f1-score': 0.5376, 'support': 400.0}, 'accuracy': 0.63, 'macro avg': {'precision': 0.7059833339810215, 'recall': 0.63, 'f1-score': 0.6135012315767975, 'support': 2000.0}, 'weighted avg': {'precision': 0.7059833339810214, 'recall': 0.63, 'f1-score': 0.6135012315767975, 'support': 2000.0}}","[[360   0  16   9  15]
 [261 132   0   7   0]
 [  8   0 281  84  27]
 [ 11   0  55 319  15]
 [  7   0 199  26 168]]",4.4845733642578125,4.849712371826172
148,IoTID20,2,None,StandardScaler,SGD,0.6183614444212763,-1,-1,87.72,69.30000000000001,7.675,67.70996531710497,68.09550700333142,-1,"{'0Normal': {'precision': 0.7294589178356713, 'recall': 0.91, 'f1-score': 0.8097886540600667, 'support': 400.0}, 'DoS': {'precision': 0.9900744416873449, 'recall': 0.9975, 'f1-score': 0.9937733499377336, 'support': 400.0}, 'MITM ARP Spoofing': {'precision': 0.49421965317919075, 'recall': 0.4275, 'f1-score': 0.45844504021447724, 'support': 400.0}, 'Mirai': {'precision': 0.6765375854214123, 'recall': 0.7425, 'f1-score': 0.7079856972586411, 'support': 400.0}, 'Scan': {'precision': 0.4952076677316294, 'recall': 0.3875, 'f1-score': 0.43478260869565216, 'support': 400.0}, 'accuracy': 0.693, 'macro avg': {'precision': 0.6770996531710497, 'recall': 0.6930000000000001, 'f1-score': 0.6809550700333142, 'support': 2000.0}, 'weighted avg': {'precision': 0.6770996531710498, 'recall': 0.693, 'f1-score': 0.6809550700333143, 'support': 2000.0}}","[[364   0  10  10  16]
 [  1 399   0   0   0]
 [ 58   0 171  60 111]
 [ 33   2  37 297  31]
 [ 43   2 128  72 155]]",1.88775634765625,0.008284330368041992
149,IoTID20,2,linear,StandardScaler,HHHv2,0.716369507639177,-1,-1,90.86,77.38600004989013,5.7125,77.15,76.91844199761482,-1,"{'0Normal': {'precision': 0.845, 'recall': 0.9086021505376344, 'f1-score': 0.8756476683937824, 'support': 372.0}, 'DoS': {'precision': 1.0, 'recall': 0.9345794392523364, 'f1-score': 0.966183574879227, 'support': 428.0}, 'MITM ARP Spoofing': {'precision': 0.5025, 'recall': 0.6128048780487805, 'f1-score': 0.5521978021978022, 'support': 328.0}, 'Mirai': {'precision': 0.7425, 'recall': 0.8005390835579514, 'f1-score': 0.7704280155642023, 'support': 371.0}, 'Scan': {'precision': 0.7675, 'recall': 0.6127744510978044, 'f1-score': 0.681465038845727, 'support': 501.0}, 'accuracy': 0.7715, 'macro avg': {'precision': 0.7715000000000001, 'recall': 0.7738600004989014, 'f1-score': 0.7691844199761482, 'support': 2000.0}, 'weighted avg': {'precision': 0.7835724999999999, 'recall': 0.7715, 'f1-score': 0.7738155800238519, 'support': 2000.0}}","[[338   0  10   8  16]
 [  9 400   5  10   4]
 [ 13   0 201  58  56]
 [ 13   0  44 297  17]
 [ 27   0 140  27 307]]",5.752430438995361,0.15711212158203125
150,IoTID20,2,None,StandardScaler,KNN,0.6761301529927846,-1,-1,89.56,73.9,6.525,73.2982513814247,73.11868547187085,-1,"{'0Normal': {'precision': 0.8337129840546698, 'recall': 0.915, 'f1-score': 0.8724672228843863, 'support': 400.0}, 'DoS': {'precision': 0.9900497512437811, 'recall': 0.995, 'f1-score': 0.9925187032418954, 'support': 400.0}, 'MITM ARP Spoofing': {'precision': 0.5636363636363636, 'recall': 0.5425, 'f1-score': 0.5528662420382165, 'support': 400.0}, 'Mirai': {'precision': 0.6516393442622951, 'recall': 0.795, 'f1-score': 0.7162162162162162, 'support': 400.0}, 'Scan': {'precision': 0.6258741258741258, 'recall': 0.4475, 'f1-score': 0.521865889212828, 'support': 400.0}, 'accuracy': 0.739, 'macro avg': {'precision': 0.7329825138142471, 'recall': 0.7390000000000001, 'f1-score': 0.7311868547187085, 'support': 2000.0}, 'weighted avg': {'precision': 0.7329825138142471, 'recall': 0.739, 'f1-score': 0.7311868547187085, 'support': 2000.0}}","[[366   0  10   6  18]
 [  2 398   0   0   0]
 [ 28   0 217  84  71]
 [ 21   2  41 318  18]
 [ 22   2 117  80 179]]",0.006926774978637695,0.2717924118041992
151,IoTID20,2,None,StandardScaler,LDA,0.5199398727513054,-1,-1,82.39999999999999,55.99999999999999,11.0,43.515843311979275,45.84440067780734,-1,"{'0Normal': {'precision': 0.7360824742268042, 'recall': 0.8925, 'f1-score': 0.8067796610169491, 'support': 400.0}, 'DoS': {'precision': 0.9949622166246851, 'recall': 0.9875, 'f1-score': 0.9912170639899623, 'support': 400.0}, 'MITM ARP Spoofing': {'precision': 0.0, 'recall': 0.0, 'f1-score': 0.0, 'support': 400.0}, 'Mirai': {'precision': 0.3336363636363636, 'recall': 0.9175, 'f1-score': 0.48933333333333334, 'support': 400.0}, 'Scan': {'precision': 0.1111111111111111, 'recall': 0.0025, 'f1-score': 0.004889975550122249, 'support': 400.0}, 'accuracy': 0.56, 'macro avg': {'precision': 0.43515843311979274, 'recall': 0.5599999999999999, 'f1-score': 0.4584440067780734, 'support': 2000.0}, 'weighted avg': {'precision': 0.43515843311979285, 'recall': 0.56, 'f1-score': 0.4584440067780734, 'support': 2000.0}}","[[357   0   3  38   2]
 [  1 395   2   0   2]
 [ 32   0   0 368   0]
 [ 27   0   2 367   4]
 [ 68   2   2 327   1]]",9.959574222564697,0.006457805633544922
152,IoTID20,2,None,StandardScaler,MLP,0.7334658929537334,-1,-1,91.4,78.5,5.375,79.61733548469073,78.69763119226573,-1,"{'0Normal': {'precision': 0.9084158415841584, 'recall': 0.9175, 'f1-score': 0.9129353233830845, 'support': 400.0}, 'DoS': {'precision': 0.99, 'recall': 0.99, 'f1-score': 0.99, 'support': 400.0}, 'MITM ARP Spoofing': {'precision': 0.6253687315634219, 'recall': 0.53, 'f1-score': 0.5737483085250339, 'support': 400.0}, 'Mirai': {'precision': 0.9043478260869565, 'recall': 0.78, 'f1-score': 0.8375838926174498, 'support': 400.0}, 'Scan': {'precision': 0.552734375, 'recall': 0.7075, 'f1-score': 0.6206140350877193, 'support': 400.0}, 'accuracy': 0.785, 'macro avg': {'precision': 0.7961733548469073, 'recall': 0.785, 'f1-score': 0.7869763119226574, 'support': 2000.0}, 'weighted avg': {'precision': 0.7961733548469074, 'recall': 0.785, 'f1-score': 0.7869763119226575, 'support': 2000.0}}","[[367   0   9   5  19]
 [  4 396   0   0   0]
 [ 13   0 212  12 163]
 [ 11   2  28 312  47]
 [  9   2  90  16 283]]",17.255931615829468,0.012357950210571289
153,IoTID20,2,None,StandardScaler,LGBM,0.9257696628124797,-1,-1,97.61999999999999,94.05000000000001,1.4874999999999998,94.0874456033134,94.04043062076951,-1,"{'0Normal': {'precision': 0.9776119402985075, 'recall': 0.9825, 'f1-score': 0.9800498753117208, 'support': 400.0}, 'DoS': {'precision': 1.0, 'recall': 0.9875, 'f1-score': 0.9937106918238994, 'support': 400.0}, 'MITM ARP Spoofing': {'precision': 0.9155672823218998, 'recall': 0.8675, 'f1-score': 0.8908857509627728, 'support': 400.0}, 'Mirai': {'precision': 0.9152119700748129, 'recall': 0.9175, 'f1-score': 0.916354556803995, 'support': 400.0}, 'Scan': {'precision': 0.8959810874704491, 'recall': 0.9475, 'f1-score': 0.9210206561360874, 'support': 400.0}, 'accuracy': 0.9405, 'macro avg': {'precision': 0.9408744560331339, 'recall': 0.9405000000000001, 'f1-score': 0.9404043062076951, 'support': 2000.0}, 'weighted avg': {'precision': 0.9408744560331339, 'recall': 0.9405, 'f1-score': 0.9404043062076951, 'support': 2000.0}}","[[393   0   1   6   0]
 [  5 395   0   0   0]
 [  2   0 347  23  28]
 [  2   0  15 367  16]
 [  0   0  16   5 379]]",17.94474768638611,0.013760566711425781
154,IoTID20,2,None,StandardScaler,RF,0.8133165221679373,-1,-1,94.0,85.0,3.75,85.13702820117985,84.90393843192517,-1,"{'0Normal': {'precision': 0.9362745098039216, 'recall': 0.955, 'f1-score': 0.9455445544554456, 'support': 400.0}, 'DoS': {'precision': 1.0, 'recall': 0.995, 'f1-score': 0.9974937343358395, 'support': 400.0}, 'MITM ARP Spoofing': {'precision': 0.8130563798219584, 'recall': 0.685, 'f1-score': 0.7435549525101764, 'support': 400.0}, 'Mirai': {'precision': 0.7544642857142857, 'recall': 0.845, 'f1-score': 0.7971698113207546, 'support': 400.0}, 'Scan': {'precision': 0.7530562347188264, 'recall': 0.77, 'f1-score': 0.761433868974042, 'support': 400.0}, 'accuracy': 0.85, 'macro avg': {'precision': 0.8513702820117984, 'recall': 0.85, 'f1-score': 0.8490393843192517, 'support': 2000.0}, 'weighted avg': {'precision': 0.8513702820117984, 'recall': 0.85, 'f1-score': 0.8490393843192516, 'support': 2000.0}}","[[382   0   2   3  13]
 [  2 398   0   0   0]
 [ 10   0 274  53  63]
 [  8   0  29 338  25]
 [  6   0  32  54 308]]",2.4821126461029053,0.045383453369140625
155,IoTID20,2,None,StandardScaler,NuSVC,0.6636081322846729,-1,-1,89.16,72.89999999999999,6.775,74.5389343167121,73.04491389053369,-1,"{'0Normal': {'precision': 0.8181818181818182, 'recall': 0.9, 'f1-score': 0.8571428571428572, 'support': 400.0}, 'DoS': {'precision': 1.0, 'recall': 0.71, 'f1-score': 0.8304093567251462, 'support': 400.0}, 'MITM ARP Spoofing': {'precision': 0.6, 'recall': 0.6075, 'f1-score': 0.6037267080745341, 'support': 400.0}, 'Mirai': {'precision': 0.6646090534979424, 'recall': 0.8075, 'f1-score': 0.7291196388261851, 'support': 400.0}, 'Scan': {'precision': 0.6441558441558441, 'recall': 0.62, 'f1-score': 0.6318471337579619, 'support': 400.0}, 'accuracy': 0.729, 'macro avg': {'precision': 0.745389343167121, 'recall': 0.729, 'f1-score': 0.7304491389053369, 'support': 2000.0}, 'weighted avg': {'precision': 0.7453893431671209, 'recall': 0.729, 'f1-score': 0.7304491389053369, 'support': 2000.0}}","[[360   0  10  13  17]
 [ 61 284   4  51   0]
 [ 10   0 243  50  97]
 [  6   0  48 323  23]
 [  3   0 100  49 248]]",14.319445371627808,8.928290605545044
156,IoTID20,2,None,StandardScaler,SGD,0.6265718725273193,-1,-1,87.7,69.25000000000001,7.6875,70.12937160367046,67.37051023388958,-1,"{'0Normal': {'precision': 0.5806988352745425, 'recall': 0.8725, 'f1-score': 0.6973026973026973, 'support': 400.0}, 'DoS': {'precision': 0.9900990099009901, 'recall': 1.0, 'f1-score': 0.9950248756218906, 'support': 400.0}, 'MITM ARP Spoofing': {'precision': 0.7242990654205608, 'recall': 0.3875, 'f1-score': 0.504885993485342, 'support': 400.0}, 'Mirai': {'precision': 0.6354961832061069, 'recall': 0.8325, 'f1-score': 0.7207792207792209, 'support': 400.0}, 'Scan': {'precision': 0.5758754863813229, 'recall': 0.37, 'f1-score': 0.4505327245053272, 'support': 400.0}, 'accuracy': 0.6925, 'macro avg': {'precision': 0.7012937160367047, 'recall': 0.6925000000000001, 'f1-score': 0.6737051023388957, 'support': 2000.0}, 'weighted avg': {'precision': 0.7012937160367047, 'recall': 0.6925, 'f1-score': 0.6737051023388957, 'support': 2000.0}}","[[349   0   5  32  14]
 [  0 400   0   0   0]
 [ 80   0 155  96  69]
 [ 22   2  17 333  26]
 [150   2  37  63 148]]",3.756756544113159,0.006687164306640625
157,IoTID20,2,sigmoid,StandardScaler,HHHv2,0.3481433516606324,-1,-1,79.06,45.14496543020208,13.087499999999999,47.65,45.64930284588383,-1,"{'0Normal': {'precision': 0.5225, 'recall': 0.5135135135135135, 'f1-score': 0.5179677819083023, 'support': 407.0}, 'DoS': {'precision': 0.99, 'recall': 0.7046263345195729, 'f1-score': 0.8232848232848232, 'support': 562.0}, 'MITM ARP Spoofing': {'precision': 0.2675, 'recall': 0.370242214532872, 'f1-score': 0.3105950653120465, 'support': 289.0}, 'Mirai': {'precision': 0.285, 'recall': 0.26823529411764707, 'f1-score': 0.27636363636363637, 'support': 425.0}, 'Scan': {'precision': 0.3175, 'recall': 0.40063091482649843, 'f1-score': 0.3542538354253835, 'support': 317.0}, 'accuracy': 0.4765, 'macro avg': {'precision': 0.4765, 'recall': 0.4514496543020208, 'f1-score': 0.4564930284588383, 'support': 2000.0}, 'weighted avg': {'precision': 0.53405875, 'recall': 0.4765, 'f1-score': 0.4965069715411616, 'support': 2000.0}}","[[209   2  59  58  79]
 [ 37 396  26  83  20]
 [ 39   0 107  88  55]
 [ 56   0 136 114 119]
 [ 59   2  72  57 127]]",29.10461664199829,0.281200647354126
158,IoTID20,0,None,StandardScaler,KNN,0.5316373670933437,-1,-1,84.76,61.9,9.525,61.904956353748396,60.67457779217021,-1,"{'0Normal': {'precision': 0.47151898734177217, 'recall': 0.745, 'f1-score': 0.5775193798449613, 'support': 400.0}, 'DoS': {'precision': 1.0, 'recall': 0.9975, 'f1-score': 0.9987484355444306, 'support': 400.0}, 'MITM ARP Spoofing': {'precision': 0.510250569476082, 'recall': 0.56, 'f1-score': 0.533969010727056, 'support': 400.0}, 'Mirai': {'precision': 0.87, 'recall': 0.6525, 'f1-score': 0.7457142857142857, 'support': 400.0}, 'Scan': {'precision': 0.24347826086956523, 'recall': 0.14, 'f1-score': 0.17777777777777776, 'support': 400.0}, 'accuracy': 0.619, 'macro avg': {'precision': 0.619049563537484, 'recall': 0.619, 'f1-score': 0.6067457779217021, 'support': 2000.0}, 'weighted avg': {'precision': 0.6190495635374839, 'recall': 0.619, 'f1-score': 0.6067457779217023, 'support': 2000.0}}","[[298   0  38  10  54]
 [  0 399   0   0   1]
 [ 88   0 224  17  71]
 [ 33   0  58 261  48]
 [213   0 119  12  56]]",0.00046443939208984375,0.04703044891357422
159,IoTID20,0,None,StandardScaler,LDA,0.48388940555354354,-1,-1,83.39999999999999,58.5,10.375,61.00147761166615,58.83391369275548,-1,"{'0Normal': {'precision': 0.8353413654618473, 'recall': 0.52, 'f1-score': 0.6409861325115562, 'support': 400.0}, 'DoS': {'precision': 0.9900497512437811, 'recall': 0.995, 'f1-score': 0.9925187032418954, 'support': 400.0}, 'MITM ARP Spoofing': {'precision': 0.31712962962962965, 'recall': 0.3425, 'f1-score': 0.32932692307692313, 'support': 400.0}, 'Mirai': {'precision': 0.5734126984126984, 'recall': 0.7225, 'f1-score': 0.6393805309734514, 'support': 400.0}, 'Scan': {'precision': 0.3341404358353511, 'recall': 0.345, 'f1-score': 0.33948339483394835, 'support': 400.0}, 'accuracy': 0.585, 'macro avg': {'precision': 0.6100147761166614, 'recall': 0.585, 'f1-score': 0.5883391369275548, 'support': 2000.0}, 'weighted avg': {'precision': 0.6100147761166616, 'recall': 0.585, 'f1-score': 0.5883391369275548, 'support': 2000.0}}","[[208   0  77  29  86]
 [  1 398   0   1   0]
 [ 11   0 137 105 147]
 [  6   2  61 289  42]
 [ 23   2 157  80 138]]",0.007393598556518555,0.00045943260192871094
160,IoTID20,0,None,StandardScaler,MLP,0.5665931936976064,-1,-1,86.0,65.0,8.75,66.85340419483822,65.08954417497958,-1,"{'0Normal': {'precision': 0.6187624750499002, 'recall': 0.775, 'f1-score': 0.6881243063263041, 'support': 400.0}, 'DoS': {'precision': 0.9975, 'recall': 0.9975, 'f1-score': 0.9975, 'support': 400.0}, 'MITM ARP Spoofing': {'precision': 0.4734982332155477, 'recall': 0.335, 'f1-score': 0.39238653001464124, 'support': 400.0}, 'Mirai': {'precision': 0.8844884488448845, 'recall': 0.67, 'f1-score': 0.7624466571834995, 'support': 400.0}, 'Scan': {'precision': 0.3684210526315789, 'recall': 0.4725, 'f1-score': 0.41401971522453446, 'support': 400.0}, 'accuracy': 0.65, 'macro avg': {'precision': 0.6685340419483822, 'recall': 0.65, 'f1-score': 0.6508954417497959, 'support': 2000.0}, 'weighted avg': {'precision': 0.6685340419483823, 'recall': 0.65, 'f1-score': 0.6508954417497959, 'support': 2000.0}}","[[310   0  21   5  64]
 [  1 399   0   0   0]
 [ 67   0 134  17 182]
 [ 24   0  30 268  78]
 [ 99   1  98  13 189]]",0.1518723964691162,0.0009641647338867188
161,IoTID20,0,None,StandardScaler,LGBM,0.6800637921540891,-1,-1,89.72,74.30000000000001,6.425,74.30245892386556,74.02151302611144,-1,"{'0Normal': {'precision': 0.7078891257995735, 'recall': 0.83, 'f1-score': 0.7640966628308401, 'support': 400.0}, 'DoS': {'precision': 1.0, 'recall': 0.9975, 'f1-score': 0.9987484355444306, 'support': 400.0}, 'MITM ARP Spoofing': {'precision': 0.6910828025477707, 'recall': 0.5425, 'f1-score': 0.6078431372549019, 'support': 400.0}, 'Mirai': {'precision': 0.6962962962962963, 'recall': 0.705, 'f1-score': 0.7006211180124223, 'support': 400.0}, 'Scan': {'precision': 0.6198547215496368, 'recall': 0.64, 'f1-score': 0.6297662976629768, 'support': 400.0}, 'accuracy': 0.743, 'macro avg': {'precision': 0.7430245892386556, 'recall': 0.7430000000000001, 'f1-score': 0.7402151302611143, 'support': 2000.0}, 'weighted avg': {'precision': 0.7430245892386554, 'recall': 0.743, 'f1-score': 0.7402151302611144, 'support': 2000.0}}","[[332   0   8  43  17]
 [  1 399   0   0   0]
 [ 61   0 217  47  75]
 [ 13   0  40 282  65]
 [ 62   0  49  33 256]]",0.30762362480163574,0.006883382797241211
162,IoTID20,0,None,StandardScaler,RF,0.6770686901624642,-1,-1,89.64,74.1,6.4750000000000005,74.50367546641588,74.11896027717937,-1,"{'0Normal': {'precision': 0.7539503386004515, 'recall': 0.835, 'f1-score': 0.7924080664294187, 'support': 400.0}, 'DoS': {'precision': 1.0, 'recall': 1.0, 'f1-score': 1.0, 'support': 400.0}, 'MITM ARP Spoofing': {'precision': 0.5910290237467019, 'recall': 0.56, 'f1-score': 0.5750962772785623, 'support': 400.0}, 'Mirai': {'precision': 0.8165680473372781, 'recall': 0.69, 'f1-score': 0.7479674796747967, 'support': 400.0}, 'Scan': {'precision': 0.5636363636363636, 'recall': 0.62, 'f1-score': 0.5904761904761904, 'support': 400.0}, 'accuracy': 0.741, 'macro avg': {'precision': 0.7450367546641589, 'recall': 0.741, 'f1-score': 0.7411896027717937, 'support': 2000.0}, 'weighted avg': {'precision': 0.7450367546641591, 'recall': 0.741, 'f1-score': 0.7411896027717937, 'support': 2000.0}}","[[334   0  10  33  23]
 [  0 400   0   0   0]
 [ 52   0 224  21 103]
 [  9   0  49 276  66]
 [ 48   0  96   8 248]]",0.11800193786621094,0.012326955795288086
163,IoTID20,0,None,StandardScaler,NuSVC,0.5545999549835324,-1,-1,85.61999999999999,64.05,8.987499999999999,65.90265683890003,64.09155603114746,-1,"{'0Normal': {'precision': 0.6754385964912281, 'recall': 0.77, 'f1-score': 0.719626168224299, 'support': 400.0}, 'DoS': {'precision': 0.9944289693593314, 'recall': 0.8925, 'f1-score': 0.9407114624505929, 'support': 400.0}, 'MITM ARP Spoofing': {'precision': 0.46419098143236076, 'recall': 0.4375, 'f1-score': 0.45045045045045046, 'support': 400.0}, 'Mirai': {'precision': 0.6793893129770993, 'recall': 0.445, 'f1-score': 0.5377643504531723, 'support': 400.0}, 'Scan': {'precision': 0.4816849816849817, 'recall': 0.6575, 'f1-score': 0.5560253699788583, 'support': 400.0}, 'accuracy': 0.6405, 'macro avg': {'precision': 0.6590265683890003, 'recall': 0.6405, 'f1-score': 0.6409155603114746, 'support': 2000.0}, 'weighted avg': {'precision': 0.6590265683890003, 'recall': 0.6405, 'f1-score': 0.6409155603114746, 'support': 2000.0}}","[[308   1  21  10  60]
 [ 15 357   1  27   0]
 [ 51   0 175  30 144]
 [ 33   1 109 178  79]
 [ 49   0  71  17 263]]",0.005239009857177734,0.015492439270019531
164,IoTID20,0,None,StandardScaler,SGD,0.5128793044268687,-1,-1,84.24000000000001,60.60000000000001,9.85,57.8857767037144,58.32233556724682,-1,"{'0Normal': {'precision': 0.5819112627986348, 'recall': 0.8525, 'f1-score': 0.6916835699797161, 'support': 400.0}, 'DoS': {'precision': 1.0, 'recall': 1.0, 'f1-score': 1.0, 'support': 400.0}, 'MITM ARP Spoofing': {'precision': 0.3169642857142857, 'recall': 0.1775, 'f1-score': 0.22756410256410256, 'support': 400.0}, 'Mirai': {'precision': 0.639618138424821, 'recall': 0.67, 'f1-score': 0.6544566544566546, 'support': 400.0}, 'Scan': {'precision': 0.3557951482479784, 'recall': 0.33, 'f1-score': 0.3424124513618677, 'support': 400.0}, 'accuracy': 0.606, 'macro avg': {'precision': 0.578857767037144, 'recall': 0.6060000000000001, 'f1-score': 0.5832233556724682, 'support': 2000.0}, 'weighted avg': {'precision': 0.578857767037144, 'recall': 0.606, 'f1-score': 0.5832233556724682, 'support': 2000.0}}","[[341   0  31  10  18]
 [  0 400   0   0   0]
 [ 69   0  71 101 159]
 [ 45   0  25 268  62]
 [131   0  97  40 132]]",0.004384517669677734,0.0007796287536621094
165,IoTID20,0,None,StandardScaler,HHHv2,0.5235539756944908,-1,-1,84.54,60.32268245630677,9.6625,61.35,59.57871125881804,-1,"{'0Normal': {'precision': 0.82, 'recall': 0.5350734094616639, 'f1-score': 0.6475814412635735, 'support': 613.0}, 'DoS': {'precision': 0.9875, 'recall': 0.9850374064837906, 'f1-score': 0.9862671660424469, 'support': 401.0}, 'MITM ARP Spoofing': {'precision': 0.2425, 'recall': 0.45539906103286387, 'f1-score': 0.31647634584013046, 'support': 213.0}, 'Mirai': {'precision': 0.6875, 'recall': 0.685785536159601, 'f1-score': 0.686641697877653, 'support': 401.0}, 'Scan': {'precision': 0.33, 'recall': 0.3548387096774194, 'f1-score': 0.3419689119170985, 'support': 372.0}, 'accuracy': 0.6135, 'macro avg': {'precision': 0.6135, 'recall': 0.6032268245630678, 'f1-score': 0.5957871125881804, 'support': 2000.0}, 'weighted avg': {'precision': 0.6743737500000001, 'recall': 0.6135, 'f1-score': 0.6312128874118196, 'support': 2000.0}}","[[328   2  79  23 181]
 [  1 395   0   3   2]
 [ 17   1  97  52  46]
 [  6   1  80 275  39]
 [ 48   1 144  47 132]]",0.007409811019897461,0.0073986053466796875
166,IoTID20,0,None,StandardScaler,KNN,0.7298886019488776,-1,-1,91.32000000000001,78.3,5.425,77.79952997839825,77.82951994914434,-1,"{'0Normal': {'precision': 0.8412698412698413, 'recall': 0.9275, 'f1-score': 0.882282996432818, 'support': 400.0}, 'DoS': {'precision': 1.0, 'recall': 0.9975, 'f1-score': 0.9987484355444306, 'support': 400.0}, 'MITM ARP Spoofing': {'precision': 0.6355685131195336, 'recall': 0.545, 'f1-score': 0.5868102288021535, 'support': 400.0}, 'Mirai': {'precision': 0.7139737991266376, 'recall': 0.8175, 'f1-score': 0.7622377622377623, 'support': 400.0}, 'Scan': {'precision': 0.6991643454038997, 'recall': 0.6275, 'f1-score': 0.6613965744400526, 'support': 400.0}, 'accuracy': 0.783, 'macro avg': {'precision': 0.7779952997839825, 'recall': 0.783, 'f1-score': 0.7782951994914434, 'support': 2000.0}, 'weighted avg': {'precision': 0.7779952997839824, 'recall': 0.783, 'f1-score': 0.7782951994914434, 'support': 2000.0}}","[[371   0  12   5  12]
 [  1 399   0   0   0]
 [ 36   0 218  76  70]
 [ 16   0  31 327  26]
 [ 17   0  82  50 251]]",0.0006792545318603516,0.01144862174987793
167,IoTID20,0,None,StandardScaler,LDA,0.6367078773964345,-1,-1,88.06,70.15,7.4624999999999995,73.00042843214406,70.0404516763117,-1,"{'0Normal': {'precision': 0.7921348314606742, 'recall': 0.705, 'f1-score': 0.7460317460317462, 'support': 400.0}, 'DoS': {'precision': 0.9875930521091811, 'recall': 0.995, 'f1-score': 0.991282689912827, 'support': 400.0}, 'MITM ARP Spoofing': {'precision': 0.496996996996997, 'recall': 0.8275, 'f1-score': 0.6210131332082551, 'support': 400.0}, 'Mirai': {'precision': 0.9432624113475178, 'recall': 0.665, 'f1-score': 0.780058651026393, 'support': 400.0}, 'Scan': {'precision': 0.4300341296928328, 'recall': 0.315, 'f1-score': 0.36363636363636365, 'support': 400.0}, 'accuracy': 0.7015, 'macro avg': {'precision': 0.7300042843214406, 'recall': 0.7015, 'f1-score': 0.700404516763117, 'support': 2000.0}, 'weighted avg': {'precision': 0.7300042843214405, 'recall': 0.7015, 'f1-score': 0.700404516763117, 'support': 2000.0}}","[[282   1  40   1  76]
 [  1 398   0   1   0]
 [ 13   0 331   6  50]
 [  9   2  82 266  41]
 [ 51   2 213   8 126]]",0.040480852127075195,0.0005357265472412109
168,IoTID20,0,None,StandardScaler,MLP,0.7575884160061356,-1,-1,92.22,80.55,4.8625,80.91771494438899,80.60609133879689,-1,"{'0Normal': {'precision': 0.906801007556675, 'recall': 0.9, 'f1-score': 0.903387703889586, 'support': 400.0}, 'DoS': {'precision': 1.0, 'recall': 0.9875, 'f1-score': 0.9937106918238994, 'support': 400.0}, 'MITM ARP Spoofing': {'precision': 0.6175824175824176, 'recall': 0.7025, 'f1-score': 0.6573099415204677, 'support': 400.0}, 'Mirai': {'precision': 0.7960687960687961, 'recall': 0.81, 'f1-score': 0.8029739776951673, 'support': 400.0}, 'Scan': {'precision': 0.7254335260115607, 'recall': 0.6275, 'f1-score': 0.6729222520107239, 'support': 400.0}, 'accuracy': 0.8055, 'macro avg': {'precision': 0.8091771494438899, 'recall': 0.8055, 'f1-score': 0.8060609133879689, 'support': 2000.0}, 'weighted avg': {'precision': 0.8091771494438899, 'recall': 0.8055, 'f1-score': 0.8060609133879688, 'support': 2000.0}}","[[360   0  16   9  15]
 [  5 395   0   0   0]
 [ 11   0 281  45  63]
 [  8   0  51 324  17]
 [ 13   0 107  29 251]]",1.5065948963165283,0.0008902549743652344
169,IoTID20,0,None,StandardScaler,LGBM,0.9294484874262019,-1,-1,97.74000000000001,94.35,1.4125,94.36172270639958,94.341309317531,-1,"{'0Normal': {'precision': 0.9924812030075187, 'recall': 0.99, 'f1-score': 0.9912390488110137, 'support': 400.0}, 'DoS': {'precision': 1.0, 'recall': 1.0, 'f1-score': 1.0, 'support': 400.0}, 'MITM ARP Spoofing': {'precision': 0.9136125654450262, 'recall': 0.8725, 'f1-score': 0.8925831202046037, 'support': 400.0}, 'Mirai': {'precision': 0.8951219512195122, 'recall': 0.9175, 'f1-score': 0.9061728395061729, 'support': 400.0}, 'Scan': {'precision': 0.9168704156479217, 'recall': 0.9375, 'f1-score': 0.927070457354759, 'support': 400.0}, 'accuracy': 0.9435, 'macro avg': {'precision': 0.9436172270639958, 'recall': 0.9434999999999999, 'f1-score': 0.94341309317531, 'support': 2000.0}, 'weighted avg': {'precision': 0.9436172270639956, 'recall': 0.9435, 'f1-score': 0.9434130931753099, 'support': 2000.0}}","[[396   0   2   2   0]
 [  0 400   0   0   0]
 [  2   0 349  31  18]
 [  1   0  16 367  16]
 [  0   0  15  10 375]]",1.5828666687011719,0.010268449783325195
170,IoTID20,0,None,StandardScaler,RF,0.788150255120624,-1,-1,93.16,82.89999999999999,4.275,83.28305105994562,82.69408627023837,-1,"{'0Normal': {'precision': 0.9423558897243107, 'recall': 0.94, 'f1-score': 0.9411764705882353, 'support': 400.0}, 'DoS': {'precision': 1.0, 'recall': 1.0, 'f1-score': 1.0, 'support': 400.0}, 'MITM ARP Spoofing': {'precision': 0.7892976588628763, 'recall': 0.59, 'f1-score': 0.6752503576537912, 'support': 400.0}, 'Mirai': {'precision': 0.7305122494432071, 'recall': 0.82, 'f1-score': 0.7726737338044759, 'support': 400.0}, 'Scan': {'precision': 0.7019867549668874, 'recall': 0.795, 'f1-score': 0.7456037514654162, 'support': 400.0}, 'accuracy': 0.829, 'macro avg': {'precision': 0.8328305105994562, 'recall': 0.829, 'f1-score': 0.8269408627023838, 'support': 2000.0}, 'weighted avg': {'precision': 0.8328305105994562, 'recall': 0.829, 'f1-score': 0.8269408627023836, 'support': 2000.0}}","[[376   0   5   2  17]
 [  0 400   0   0   0]
 [  9   0 236  75  80]
 [  5   0  29 328  38]
 [  9   0  29  44 318]]",0.45174288749694824,0.018914461135864258
171,IoTID20,0,None,StandardScaler,NuSVC,0.7405106656208823,-1,-1,91.67999999999999,79.2,5.2,79.42502992984666,79.2193451998235,-1,"{'0Normal': {'precision': 0.8646080760095012, 'recall': 0.91, 'f1-score': 0.8867235079171742, 'support': 400.0}, 'DoS': {'precision': 1.0, 'recall': 0.98, 'f1-score': 0.98989898989899, 'support': 400.0}, 'MITM ARP Spoofing': {'precision': 0.6067415730337079, 'recall': 0.675, 'f1-score': 0.6390532544378699, 'support': 400.0}, 'Mirai': {'precision': 0.8267716535433071, 'recall': 0.7875, 'f1-score': 0.8066581306017926, 'support': 400.0}, 'Scan': {'precision': 0.6731301939058172, 'recall': 0.6075, 'f1-score': 0.6386333771353483, 'support': 400.0}, 'accuracy': 0.792, 'macro avg': {'precision': 0.7942502992984666, 'recall': 0.792, 'f1-score': 0.792193451998235, 'support': 2000.0}, 'weighted avg': {'precision': 0.7942502992984667, 'recall': 0.792, 'f1-score': 0.7921934519982351, 'support': 2000.0}}","[[364   0  14   4  18]
 [  2 392   0   6   0]
 [ 12   0 270  39  79]
 [ 16   0  48 315  21]
 [ 27   0 113  17 243]]",0.3148934841156006,0.14233660697937012
172,IoTID20,0,None,StandardScaler,SGD,0.6620985676655564,-1,-1,89.14,72.85000000000001,6.7875000000000005,73.28919143380442,72.81494139281926,-1,"{'0Normal': {'precision': 0.96398891966759, 'recall': 0.87, 'f1-score': 0.9145860709592641, 'support': 400.0}, 'DoS': {'precision': 1.0, 'recall': 0.9975, 'f1-score': 0.9987484355444306, 'support': 400.0}, 'MITM ARP Spoofing': {'precision': 0.4847560975609756, 'recall': 0.3975, 'f1-score': 0.43681318681318676, 'support': 400.0}, 'Mirai': {'precision': 0.6751740139211136, 'recall': 0.7275, 'f1-score': 0.7003610108303249, 'support': 400.0}, 'Scan': {'precision': 0.5405405405405406, 'recall': 0.65, 'f1-score': 0.5902383654937571, 'support': 400.0}, 'accuracy': 0.7285, 'macro avg': {'precision': 0.7328919143380441, 'recall': 0.7285, 'f1-score': 0.7281494139281927, 'support': 2000.0}, 'weighted avg': {'precision': 0.732891914338044, 'recall': 0.7285, 'f1-score': 0.7281494139281927, 'support': 2000.0}}","[[348   0  24   4  24]
 [  1 399   0   0   0]
 [  0   0 159  83 158]
 [  4   0  66 291  39]
 [  8   0  79  53 260]]",0.08200383186340332,0.0009229183197021484
173,IoTID20,0,rbf,StandardScaler,HHHv2,0.7534685231655134,-1,-1,92.0,80.44578978352988,5.0,80.0,79.56714209011491,-1,"{'0Normal': {'precision': 0.9175, 'recall': 0.9314720812182741, 'f1-score': 0.9244332493702769, 'support': 394.0}, 'DoS': {'precision': 0.99, 'recall': 0.9519230769230769, 'f1-score': 0.9705882352941176, 'support': 416.0}, 'MITM ARP Spoofing': {'precision': 0.4925, 'recall': 0.718978102189781, 'f1-score': 0.5845697329376855, 'support': 274.0}, 'Mirai': {'precision': 0.8025, 'recall': 0.800498753117207, 'f1-score': 0.8014981273408239, 'support': 401.0}, 'Scan': {'precision': 0.7975, 'recall': 0.6194174757281553, 'f1-score': 0.6972677595628415, 'support': 515.0}, 'accuracy': 0.8, 'macro avg': {'precision': 0.7999999999999999, 'recall': 0.8044578978352988, 'f1-score': 0.7956714209011492, 'support': 2000.0}, 'weighted avg': {'precision': 0.8203975, 'recall': 0.8, 'f1-score': 0.8043285790988508, 'support': 2000.0}}","[[367   1  12   4  10]
 [  3 396   3  11   3]
 [  8   0 197  28  41]
 [  7   2  44 321  27]
 [ 15   1 144  36 319]]",23.369755744934082,0.07606148719787598
174,IoTID20,0,None,StandardScaler,KNN,0.7188030162406565,-1,-1,90.98,77.45,5.6375,77.58653595757285,77.3860508285373,-1,"{'0Normal': {'precision': 0.8689839572192514, 'recall': 0.8125, 'f1-score': 0.8397932816537467, 'support': 400.0}, 'DoS': {'precision': 1.0, 'recall': 0.9975, 'f1-score': 0.9987484355444306, 'support': 400.0}, 'MITM ARP Spoofing': {'precision': 0.6582633053221288, 'recall': 0.5875, 'f1-score': 0.6208718626155879, 'support': 400.0}, 'Mirai': {'precision': 0.7161572052401747, 'recall': 0.82, 'f1-score': 0.7645687645687645, 'support': 400.0}, 'Scan': {'precision': 0.6359223300970874, 'recall': 0.655, 'f1-score': 0.645320197044335, 'support': 400.0}, 'accuracy': 0.7745, 'macro avg': {'precision': 0.7758653595757284, 'recall': 0.7745, 'f1-score': 0.7738605082853729, 'support': 2000.0}, 'weighted avg': {'precision': 0.7758653595757286, 'recall': 0.7745, 'f1-score': 0.7738605082853729, 'support': 2000.0}}","[[325   0   9   6  60]
 [  1 399   0   0   0]
 [ 23   0 235  75  67]
 [ 17   0  32 328  23]
 [  8   0  81  49 262]]",0.0005540847778320312,0.009839773178100586
175,IoTID20,0,None,StandardScaler,LDA,0.6378822744521426,-1,-1,88.14,70.35,7.4125,73.97109861100861,70.75190755206256,-1,"{'0Normal': {'precision': 0.851963746223565, 'recall': 0.705, 'f1-score': 0.7715458276333789, 'support': 400.0}, 'DoS': {'precision': 0.9900497512437811, 'recall': 0.995, 'f1-score': 0.9925187032418954, 'support': 400.0}, 'MITM ARP Spoofing': {'precision': 0.4930662557781202, 'recall': 0.8, 'f1-score': 0.6101048617731172, 'support': 400.0}, 'Mirai': {'precision': 0.9468085106382979, 'recall': 0.6675, 'f1-score': 0.7829912023460411, 'support': 400.0}, 'Scan': {'precision': 0.4166666666666667, 'recall': 0.35, 'f1-score': 0.38043478260869573, 'support': 400.0}, 'accuracy': 0.7035, 'macro avg': {'precision': 0.7397109861100861, 'recall': 0.7035, 'f1-score': 0.7075190755206257, 'support': 2000.0}, 'weighted avg': {'precision': 0.7397109861100862, 'recall': 0.7035, 'f1-score': 0.7075190755206258, 'support': 2000.0}}","[[282   0  39   1  78]
 [  1 398   0   0   1]
 [  6   0 320   6  68]
 [  5   2  77 267  49]
 [ 37   2 213   8 140]]",0.008212566375732422,0.0005059242248535156
176,IoTID20,0,None,StandardScaler,MLP,0.7570593934562825,-1,-1,92.10000000000001,80.24999999999999,4.9375,81.17957402878767,80.07442643632355,-1,"{'0Normal': {'precision': 0.9052369077306733, 'recall': 0.9075, 'f1-score': 0.9063670411985019, 'support': 400.0}, 'DoS': {'precision': 1.0, 'recall': 0.9925, 'f1-score': 0.9962358845671266, 'support': 400.0}, 'MITM ARP Spoofing': {'precision': 0.6758620689655173, 'recall': 0.49, 'f1-score': 0.5681159420289855, 'support': 400.0}, 'Mirai': {'precision': 0.8837837837837837, 'recall': 0.8175, 'f1-score': 0.8493506493506494, 'support': 400.0}, 'Scan': {'precision': 0.5940959409594095, 'recall': 0.805, 'f1-score': 0.683651804670913, 'support': 400.0}, 'accuracy': 0.8025, 'macro avg': {'precision': 0.8117957402878767, 'recall': 0.8024999999999999, 'f1-score': 0.8007442643632354, 'support': 2000.0}, 'weighted avg': {'precision': 0.8117957402878768, 'recall': 0.8025, 'f1-score': 0.8007442643632353, 'support': 2000.0}}","[[363   0   8   4  25]
 [  3 397   0   0   0]
 [ 11   0 196  25 168]
 [ 11   0  35 327  27]
 [ 13   0  51  14 322]]",1.2065846920013428,0.0009059906005859375
177,IoTID20,0,None,StandardScaler,LGBM,0.9300909789735389,-1,-1,97.76,94.40000000000002,1.4000000000000001,94.40386843353853,94.38374926586434,-1,"{'0Normal': {'precision': 0.9875621890547264, 'recall': 0.9925, 'f1-score': 0.9900249376558605, 'support': 400.0}, 'DoS': {'precision': 1.0, 'recall': 1.0, 'f1-score': 1.0, 'support': 400.0}, 'MITM ARP Spoofing': {'precision': 0.9182058047493403, 'recall': 0.87, 'f1-score': 0.8934531450577664, 'support': 400.0}, 'Mirai': {'precision': 0.9, 'recall': 0.9225, 'f1-score': 0.9111111111111112, 'support': 400.0}, 'Scan': {'precision': 0.9144254278728606, 'recall': 0.935, 'f1-score': 0.9245982694684796, 'support': 400.0}, 'accuracy': 0.944, 'macro avg': {'precision': 0.9440386843353854, 'recall': 0.9440000000000002, 'f1-score': 0.9438374926586434, 'support': 2000.0}, 'weighted avg': {'precision': 0.9440386843353855, 'recall': 0.944, 'f1-score': 0.9438374926586436, 'support': 2000.0}}","[[397   0   1   2   0]
 [  0 400   0   0   0]
 [  3   0 348  25  24]
 [  2   0  18 369  11]
 [  0   0  12  14 374]]",1.751591444015503,0.010368585586547852
178,IoTID20,0,None,StandardScaler,RF,0.7985595429541705,-1,-1,93.52000000000001,83.79999999999998,4.05,83.89600281959822,83.63705005765988,-1,"{'0Normal': {'precision': 0.9331683168316832, 'recall': 0.9425, 'f1-score': 0.9378109452736318, 'support': 400.0}, 'DoS': {'precision': 1.0, 'recall': 1.0, 'f1-score': 1.0, 'support': 400.0}, 'MITM ARP Spoofing': {'precision': 0.7767584097859327, 'recall': 0.635, 'f1-score': 0.6987620357634113, 'support': 400.0}, 'Mirai': {'precision': 0.737885462555066, 'recall': 0.8375, 'f1-score': 0.7845433255269321, 'support': 400.0}, 'Scan': {'precision': 0.7469879518072289, 'recall': 0.775, 'f1-score': 0.7607361963190183, 'support': 400.0}, 'accuracy': 0.838, 'macro avg': {'precision': 0.8389600281959823, 'recall': 0.8379999999999999, 'f1-score': 0.8363705005765988, 'support': 2000.0}, 'weighted avg': {'precision': 0.8389600281959823, 'recall': 0.838, 'f1-score': 0.8363705005765987, 'support': 2000.0}}","[[377   0   5   5  13]
 [  0 400   0   0   0]
 [ 11   0 254  68  67]
 [  5   0  35 335  25]
 [ 11   0  33  46 310]]",0.40540432929992676,0.018401622772216797
179,IoTID20,0,None,StandardScaler,NuSVC,0.6123087238394137,-1,-1,87.28,68.2,7.95,72.15623053790992,68.0938370858202,-1,"{'0Normal': {'precision': 0.5541984732824428, 'recall': 0.9075, 'f1-score': 0.6881516587677725, 'support': 400.0}, 'DoS': {'precision': 1.0, 'recall': 0.6175, 'f1-score': 0.7635239567233385, 'support': 400.0}, 'MITM ARP Spoofing': {'precision': 0.6287878787878788, 'recall': 0.6225, 'f1-score': 0.6256281407035176, 'support': 400.0}, 'Mirai': {'precision': 0.75, 'recall': 0.78, 'f1-score': 0.7647058823529411, 'support': 400.0}, 'Scan': {'precision': 0.6748251748251748, 'recall': 0.4825, 'f1-score': 0.5626822157434402, 'support': 400.0}, 'accuracy': 0.682, 'macro avg': {'precision': 0.7215623053790992, 'recall': 0.682, 'f1-score': 0.680938370858202, 'support': 2000.0}, 'weighted avg': {'precision': 0.7215623053790993, 'recall': 0.682, 'f1-score': 0.680938370858202, 'support': 2000.0}}","[[363   0  17   6  14]
 [146 247   0   7   0]
 [ 39   0 249  47  65]
 [ 20   0  54 312  14]
 [ 87   0  76  44 193]]",0.25691699981689453,0.12871074676513672
180,IoTID20,0,None,StandardScaler,SGD,0.5692272107161328,-1,-1,86.14,65.35,8.6625,64.14354898679986,64.33226901645513,-1,"{'0Normal': {'precision': 0.8269230769230769, 'recall': 0.86, 'f1-score': 0.8431372549019608, 'support': 400.0}, 'DoS': {'precision': 0.9925373134328358, 'recall': 0.9975, 'f1-score': 0.9950124688279303, 'support': 400.0}, 'MITM ARP Spoofing': {'precision': 0.4117647058823529, 'recall': 0.28, 'f1-score': 0.3333333333333333, 'support': 400.0}, 'Mirai': {'precision': 0.5803212851405622, 'recall': 0.7225, 'f1-score': 0.643652561247216, 'support': 400.0}, 'Scan': {'precision': 0.39563106796116504, 'recall': 0.4075, 'f1-score': 0.4014778325123153, 'support': 400.0}, 'accuracy': 0.6535, 'macro avg': {'precision': 0.6414354898679986, 'recall': 0.6535, 'f1-score': 0.6433226901645512, 'support': 2000.0}, 'weighted avg': {'precision': 0.6414354898679986, 'recall': 0.6535, 'f1-score': 0.6433226901645512, 'support': 2000.0}}","[[344   1   6  33  16]
 [  1 399   0   0   0]
 [ 21   0 112  89 178]
 [ 14   0  42 289  55]
 [ 36   2 112  87 163]]",0.05640840530395508,0.0006654262542724609
181,IoTID20,0,poly,StandardScaler,HHHv2,0.7696795956953407,-1,-1,92.56,81.73655903820138,4.65,81.39999999999998,81.1963583181901,-1,"{'0Normal': {'precision': 0.9075, 'recall': 0.9260204081632653, 'f1-score': 0.9166666666666666, 'support': 392.0}, 'DoS': {'precision': 0.995, 'recall': 0.9731051344743277, 'f1-score': 0.9839307787391842, 'support': 409.0}, 'MITM ARP Spoofing': {'precision': 0.5475, 'recall': 0.6865203761755486, 'f1-score': 0.6091794158553546, 'support': 319.0}, 'Mirai': {'precision': 0.7975, 'recall': 0.848404255319149, 'f1-score': 0.8221649484536083, 'support': 376.0}, 'Scan': {'precision': 0.8225, 'recall': 0.6527777777777778, 'f1-score': 0.7278761061946902, 'support': 504.0}, 'accuracy': 0.814, 'macro avg': {'precision': 0.8139999999999998, 'recall': 0.8173655903820137, 'f1-score': 0.8119635831819009, 'support': 2000.0}, 'weighted avg': {'precision': 0.82587375, 'recall': 0.814, 'f1-score': 0.8160364168180991, 'support': 2000.0}}","[[363   2  15   8   4]
 [  2 398   1   5   3]
 [  8   0 219  43  49]
 [  8   0  34 319  15]
 [ 19   0 131  25 329]]",15.045884132385254,0.08051848411560059
182,IoTID20,0,None,StandardScaler,KNN,0.5721953701204838,-1,-1,85.86,64.65,8.8375,64.62382752271265,62.44101830235951,-1,"{'0Normal': {'precision': 0.5711462450592886, 'recall': 0.7225, 'f1-score': 0.6379690949227373, 'support': 400.0}, 'DoS': {'precision': 0.9975, 'recall': 0.9975, 'f1-score': 0.9975, 'support': 400.0}, 'MITM ARP Spoofing': {'precision': 0.45220030349013657, 'recall': 0.745, 'f1-score': 0.562795089707271, 'support': 400.0}, 'Mirai': {'precision': 0.906896551724138, 'recall': 0.6575, 'f1-score': 0.7623188405797102, 'support': 400.0}, 'Scan': {'precision': 0.30344827586206896, 'recall': 0.11, 'f1-score': 0.1614678899082569, 'support': 400.0}, 'accuracy': 0.6465, 'macro avg': {'precision': 0.6462382752271265, 'recall': 0.6465000000000001, 'f1-score': 0.6244101830235951, 'support': 2000.0}, 'weighted avg': {'precision': 0.6462382752271264, 'recall': 0.6465, 'f1-score': 0.6244101830235951, 'support': 2000.0}}","[[289   0  76  11  24]
 [  0 399   0   0   1]
 [ 41   0 298  13  48]
 [ 27   0  82 263  28]
 [149   1 203   3  44]]",0.0005793571472167969,0.02949213981628418
183,IoTID20,0,None,StandardScaler,LDA,0.5491567206018497,-1,-1,84.8,62.0,9.5,71.31577027531739,63.060473014194095,-1,"{'0Normal': {'precision': 0.764, 'recall': 0.4775, 'f1-score': 0.5876923076923076, 'support': 400.0}, 'DoS': {'precision': 0.9900744416873449, 'recall': 0.9975, 'f1-score': 0.9937733499377336, 'support': 400.0}, 'MITM ARP Spoofing': {'precision': 0.46441947565543074, 'recall': 0.31, 'f1-score': 0.3718140929535232, 'support': 400.0}, 'Mirai': {'precision': 0.9955947136563876, 'recall': 0.565, 'f1-score': 0.7208931419457735, 'support': 400.0}, 'Scan': {'precision': 0.3516998827667057, 'recall': 0.75, 'f1-score': 0.4788507581803671, 'support': 400.0}, 'accuracy': 0.62, 'macro avg': {'precision': 0.7131577027531739, 'recall': 0.62, 'f1-score': 0.630604730141941, 'support': 2000.0}, 'weighted avg': {'precision': 0.7131577027531738, 'recall': 0.62, 'f1-score': 0.630604730141941, 'support': 2000.0}}","[[191   0  32   1 176]
 [  1 399   0   0   0]
 [ 15   0 124   0 261]
 [  6   2  50 226 116]
 [ 37   2  61   0 300]]",0.0028564929962158203,0.000385284423828125
184,IoTID20,0,None,StandardScaler,MLP,0.6915344940876055,-1,-1,90.03999999999999,75.1,6.225,77.1439318295277,75.54426128315889,-1,"{'0Normal': {'precision': 0.8628428927680798, 'recall': 0.865, 'f1-score': 0.8639200998751561, 'support': 400.0}, 'DoS': {'precision': 1.0, 'recall': 0.995, 'f1-score': 0.9974937343358395, 'support': 400.0}, 'MITM ARP Spoofing': {'precision': 0.5374280230326296, 'recall': 0.7, 'f1-score': 0.6080347448425625, 'support': 400.0}, 'Mirai': {'precision': 0.9256756756756757, 'recall': 0.685, 'f1-score': 0.7873563218390804, 'support': 400.0}, 'Scan': {'precision': 0.53125, 'recall': 0.51, 'f1-score': 0.5204081632653061, 'support': 400.0}, 'accuracy': 0.751, 'macro avg': {'precision': 0.771439318295277, 'recall': 0.751, 'f1-score': 0.7554426128315889, 'support': 2000.0}, 'weighted avg': {'precision': 0.771439318295277, 'recall': 0.751, 'f1-score': 0.7554426128315889, 'support': 2000.0}}","[[346   0  24   1  29]
 [  2 398   0   0   0]
 [ 11   0 280  14  95]
 [ 11   0  59 274  56]
 [ 31   0 158   7 204]]",0.16763520240783691,0.001062631607055664
185,IoTID20,0,None,StandardScaler,LGBM,0.7389146577681325,-1,-1,91.64,79.10000000000001,5.225,79.23734370086709,79.13808930506119,-1,"{'0Normal': {'precision': 0.8291457286432161, 'recall': 0.825, 'f1-score': 0.8270676691729322, 'support': 400.0}, 'DoS': {'precision': 1.0, 'recall': 1.0, 'f1-score': 1.0, 'support': 400.0}, 'MITM ARP Spoofing': {'precision': 0.6820512820512821, 'recall': 0.665, 'f1-score': 0.6734177215189874, 'support': 400.0}, 'Mirai': {'precision': 0.7847769028871391, 'recall': 0.7475, 'f1-score': 0.765685019206146, 'support': 400.0}, 'Scan': {'precision': 0.665893271461717, 'recall': 0.7175, 'f1-score': 0.690734055354994, 'support': 400.0}, 'accuracy': 0.791, 'macro avg': {'precision': 0.7923734370086708, 'recall': 0.791, 'f1-score': 0.7913808930506119, 'support': 2000.0}, 'weighted avg': {'precision': 0.7923734370086708, 'recall': 0.791, 'f1-score': 0.791380893050612, 'support': 2000.0}}","[[330   0  12  37  21]
 [  0 400   0   0   0]
 [ 35   0 266  24  75]
 [  9   0  44 299  48]
 [ 24   0  68  21 287]]",0.39635396003723145,0.00789785385131836
186,IoTID20,0,None,StandardScaler,RF,0.6934063706524182,-1,-1,90.10000000000001,75.25,6.1875,76.71181804294301,75.54162437871257,-1,"{'0Normal': {'precision': 0.8981233243967829, 'recall': 0.8375, 'f1-score': 0.8667529107373868, 'support': 400.0}, 'DoS': {'precision': 1.0, 'recall': 1.0, 'f1-score': 1.0, 'support': 400.0}, 'MITM ARP Spoofing': {'precision': 0.5363128491620112, 'recall': 0.72, 'f1-score': 0.6147278548559231, 'support': 400.0}, 'Mirai': {'precision': 0.8171091445427728, 'recall': 0.6925, 'f1-score': 0.7496617050067659, 'support': 400.0}, 'Scan': {'precision': 0.584045584045584, 'recall': 0.5125, 'f1-score': 0.5459387483355526, 'support': 400.0}, 'accuracy': 0.7525, 'macro avg': {'precision': 0.7671181804294301, 'recall': 0.7525000000000001, 'f1-score': 0.7554162437871257, 'support': 2000.0}, 'weighted avg': {'precision': 0.7671181804294301, 'recall': 0.7525, 'f1-score': 0.7554162437871256, 'support': 2000.0}}","[[335   0  19  28  18]
 [  0 400   0   0   0]
 [ 13   0 288  25  74]
 [  9   0  60 277  54]
 [ 16   0 170   9 205]]",0.08253288269042969,0.012514829635620117
187,IoTID20,0,None,StandardScaler,NuSVC,0.606174025554955,-1,-1,87.38,68.44999999999999,7.8875,69.80875611006053,69.00165816701295,-1,"{'0Normal': {'precision': 0.881159420289855, 'recall': 0.76, 'f1-score': 0.8161073825503355, 'support': 400.0}, 'DoS': {'precision': 0.9948979591836735, 'recall': 0.975, 'f1-score': 0.984848484848485, 'support': 400.0}, 'MITM ARP Spoofing': {'precision': 0.4682926829268293, 'recall': 0.48, 'f1-score': 0.4740740740740741, 'support': 400.0}, 'Mirai': {'precision': 0.6915422885572139, 'recall': 0.695, 'f1-score': 0.6932668329177057, 'support': 400.0}, 'Scan': {'precision': 0.45454545454545453, 'recall': 0.5125, 'f1-score': 0.48178613396004694, 'support': 400.0}, 'accuracy': 0.6845, 'macro avg': {'precision': 0.6980875611006052, 'recall': 0.6844999999999999, 'f1-score': 0.6900165816701295, 'support': 2000.0}, 'weighted avg': {'precision': 0.6980875611006053, 'recall': 0.6845, 'f1-score': 0.6900165816701295, 'support': 2000.0}}","[[304   1  25  29  41]
 [ 10 390   0   0   0]
 [  3   0 192  48 157]
 [ 10   1  63 278  48]
 [ 18   0 130  47 205]]",0.004894733428955078,0.015722990036010742
188,IoTID20,0,None,StandardScaler,SGD,0.5774797200699157,-1,-1,86.38,65.95,8.512500000000001,68.6093451588251,66.50776686009746,-1,"{'0Normal': {'precision': 0.7715617715617715, 'recall': 0.8275, 'f1-score': 0.7985524728588661, 'support': 400.0}, 'DoS': {'precision': 0.9950124688279302, 'recall': 0.9975, 'f1-score': 0.9962546816479401, 'support': 400.0}, 'MITM ARP Spoofing': {'precision': 0.4090909090909091, 'recall': 0.54, 'f1-score': 0.4655172413793104, 'support': 400.0}, 'Mirai': {'precision': 0.9377289377289377, 'recall': 0.64, 'f1-score': 0.7607726597325409, 'support': 400.0}, 'Scan': {'precision': 0.3170731707317073, 'recall': 0.2925, 'f1-score': 0.30429128738621586, 'support': 400.0}, 'accuracy': 0.6595, 'macro avg': {'precision': 0.6860934515882511, 'recall': 0.6595000000000001, 'f1-score': 0.6650776686009746, 'support': 2000.0}, 'weighted avg': {'precision': 0.6860934515882511, 'recall': 0.6595, 'f1-score': 0.6650776686009747, 'support': 2000.0}}","[[331   0  23   3  43]
 [  1 399   0   0   0]
 [ 33   0 216   7 144]
 [ 27   0  52 256  65]
 [ 37   2 237   7 117]]",0.0037665367126464844,0.0005779266357421875
189,IoTID20,0,linear,StandardScaler,HHHv2,0.5793358013280105,-1,-1,86.38,65.58745079999171,8.512500000000001,65.95,64.94773314662335,-1,"{'0Normal': {'precision': 0.78, 'recall': 0.538860103626943, 'f1-score': 0.6373850868232891, 'support': 579.0}, 'DoS': {'precision': 0.99, 'recall': 0.9850746268656716, 'f1-score': 0.9875311720698254, 'support': 402.0}, 'MITM ARP Spoofing': {'precision': 0.5675, 'recall': 0.5577395577395577, 'f1-score': 0.5625774473358117, 'support': 407.0}, 'Mirai': {'precision': 0.69, 'recall': 0.7774647887323943, 'f1-score': 0.7311258278145695, 'support': 355.0}, 'Scan': {'precision': 0.27, 'recall': 0.42023346303501946, 'f1-score': 0.3287671232876712, 'support': 257.0}, 'accuracy': 0.6595, 'macro avg': {'precision': 0.6595, 'recall': 0.6558745079999172, 'f1-score': 0.6494773314662334, 'support': 2000.0}, 'weighted avg': {'precision': 0.6974562500000001, 'recall': 0.6595, 'f1-score': 0.6695226685337667, 'support': 2000.0}}","[[312   3  65  22 177]
 [  1 396   0   3   2]
 [ 24   1 227  63  92]
 [  8   0  50 276  21]
 [ 55   0  58  36 108]]",0.008050918579101562,0.008074760437011719
190,IoTID20,0,None,StandardScaler,KNN,0.7480306650577492,-1,-1,91.9,79.75000000000001,5.0625,79.60954168724251,79.43042188873083,-1,"{'0Normal': {'precision': 0.8144104803493449, 'recall': 0.9325, 'f1-score': 0.8694638694638694, 'support': 400.0}, 'DoS': {'precision': 1.0, 'recall': 0.9975, 'f1-score': 0.9987484355444306, 'support': 400.0}, 'MITM ARP Spoofing': {'precision': 0.6314496314496314, 'recall': 0.6425, 'f1-score': 0.6369268897149938, 'support': 400.0}, 'Mirai': {'precision': 0.7807228915662651, 'recall': 0.81, 'f1-score': 0.7950920245398773, 'support': 400.0}, 'Scan': {'precision': 0.7538940809968847, 'recall': 0.605, 'f1-score': 0.6712898751733704, 'support': 400.0}, 'accuracy': 0.7975, 'macro avg': {'precision': 0.7960954168724251, 'recall': 0.7975000000000001, 'f1-score': 0.7943042188873084, 'support': 2000.0}, 'weighted avg': {'precision': 0.7960954168724251, 'recall': 0.7975, 'f1-score': 0.7943042188873083, 'support': 2000.0}}","[[373   0  11   7   9]
 [  1 399   0   0   0]
 [ 45   0 257  46  52]
 [ 23   0  35 324  18]
 [ 16   0 104  38 242]]",0.0005643367767333984,0.010181427001953125
191,IoTID20,0,None,StandardScaler,LDA,0.6402598857023648,-1,-1,88.22,70.55,7.3625,74.48119611852873,71.10027010283436,-1,"{'0Normal': {'precision': 0.8672839506172839, 'recall': 0.7025, 'f1-score': 0.7762430939226519, 'support': 400.0}, 'DoS': {'precision': 0.9900497512437811, 'recall': 0.995, 'f1-score': 0.9925187032418954, 'support': 400.0}, 'MITM ARP Spoofing': {'precision': 0.4907120743034056, 'recall': 0.7925, 'f1-score': 0.6061185468451243, 'support': 400.0}, 'Mirai': {'precision': 0.9466192170818505, 'recall': 0.665, 'f1-score': 0.7812041116005874, 'support': 400.0}, 'Scan': {'precision': 0.42939481268011526, 'recall': 0.3725, 'f1-score': 0.39892904953145913, 'support': 400.0}, 'accuracy': 0.7055, 'macro avg': {'precision': 0.7448119611852873, 'recall': 0.7055, 'f1-score': 0.7110027010283436, 'support': 2000.0}, 'weighted avg': {'precision': 0.7448119611852874, 'recall': 0.7055, 'f1-score': 0.7110027010283436, 'support': 2000.0}}","[[281   0  40   1  78]
 [  1 398   0   0   1]
 [  6   0 317   6  71]
 [  4   2  80 266  48]
 [ 32   2 209   8 149]]",0.008983850479125977,0.0003838539123535156
192,IoTID20,0,None,StandardScaler,MLP,0.7555300013103312,-1,-1,92.16,80.39999999999999,4.9,80.58095261134348,80.3962016331076,-1,"{'0Normal': {'precision': 0.8731707317073171, 'recall': 0.895, 'f1-score': 0.8839506172839507, 'support': 400.0}, 'DoS': {'precision': 1.0, 'recall': 0.995, 'f1-score': 0.9974937343358395, 'support': 400.0}, 'MITM ARP Spoofing': {'precision': 0.6316964285714286, 'recall': 0.7075, 'f1-score': 0.6674528301886793, 'support': 400.0}, 'Mirai': {'precision': 0.8247422680412371, 'recall': 0.8, 'f1-score': 0.8121827411167513, 'support': 400.0}, 'Scan': {'precision': 0.699438202247191, 'recall': 0.6225, 'f1-score': 0.6587301587301587, 'support': 400.0}, 'accuracy': 0.804, 'macro avg': {'precision': 0.8058095261134348, 'recall': 0.8039999999999999, 'f1-score': 0.803962016331076, 'support': 2000.0}, 'weighted avg': {'precision': 0.8058095261134348, 'recall': 0.804, 'f1-score': 0.803962016331076, 'support': 2000.0}}","[[358   0  12  13  17]
 [  2 398   0   0   0]
 [ 15   0 283  32  70]
 [  9   0  51 320  20]
 [ 26   0 102  23 249]]",1.3419747352600098,0.0008604526519775391
193,IoTID20,0,None,StandardScaler,LGBM,0.9251431191464707,-1,-1,97.6,94.0,1.5,94.04600988409351,93.99486632615813,-1,"{'0Normal': {'precision': 0.9899497487437185, 'recall': 0.985, 'f1-score': 0.9874686716791979, 'support': 400.0}, 'DoS': {'precision': 1.0, 'recall': 1.0, 'f1-score': 1.0, 'support': 400.0}, 'MITM ARP Spoofing': {'precision': 0.9204244031830239, 'recall': 0.8675, 'f1-score': 0.8931788931788932, 'support': 400.0}, 'Mirai': {'precision': 0.8859857482185273, 'recall': 0.9325, 'f1-score': 0.9086479902557856, 'support': 400.0}, 'Scan': {'precision': 0.905940594059406, 'recall': 0.915, 'f1-score': 0.9104477611940299, 'support': 400.0}, 'accuracy': 0.94, 'macro avg': {'precision': 0.9404600988409351, 'recall': 0.9400000000000001, 'f1-score': 0.9399486632615813, 'support': 2000.0}, 'weighted avg': {'precision': 0.9404600988409351, 'recall': 0.94, 'f1-score': 0.9399486632615812, 'support': 2000.0}}","[[394   0   3   3   0]
 [  0 400   0   0   0]
 [  2   0 347  25  26]
 [  2   0  13 373  12]
 [  0   0  14  20 366]]",1.4451584815979004,0.009023666381835938
194,IoTID20,0,None,StandardScaler,RF,0.788351833015793,-1,-1,93.17999999999999,82.95,4.2625,83.20330378338839,82.77711542499028,-1,"{'0Normal': {'precision': 0.9150485436893204, 'recall': 0.9425, 'f1-score': 0.9285714285714286, 'support': 400.0}, 'DoS': {'precision': 1.0, 'recall': 0.9975, 'f1-score': 0.9987484355444306, 'support': 400.0}, 'MITM ARP Spoofing': {'precision': 0.8006329113924051, 'recall': 0.6325, 'f1-score': 0.706703910614525, 'support': 400.0}, 'Mirai': {'precision': 0.7142857142857143, 'recall': 0.8375, 'f1-score': 0.7710011507479861, 'support': 400.0}, 'Scan': {'precision': 0.7301980198019802, 'recall': 0.7375, 'f1-score': 0.7338308457711442, 'support': 400.0}, 'accuracy': 0.8295, 'macro avg': {'precision': 0.8320330378338839, 'recall': 0.8295, 'f1-score': 0.8277711542499029, 'support': 2000.0}, 'weighted avg': {'precision': 0.832033037833884, 'recall': 0.8295, 'f1-score': 0.8277711542499029, 'support': 2000.0}}","[[377   0   7   4  12]
 [  1 399   0   0   0]
 [ 10   0 253  69  68]
 [  8   0  28 335  29]
 [ 16   0  28  61 295]]",0.41254425048828125,0.0185546875
195,IoTID20,0,None,StandardScaler,NuSVC,0.6657661042727737,-1,-1,89.2,73.0,6.75,72.87436022624235,72.36345628233252,-1,"{'0Normal': {'precision': 0.852112676056338, 'recall': 0.9075, 'f1-score': 0.8789346246973365, 'support': 400.0}, 'DoS': {'precision': 1.0, 'recall': 0.9825, 'f1-score': 0.991172761664565, 'support': 400.0}, 'MITM ARP Spoofing': {'precision': 0.6319218241042345, 'recall': 0.485, 'f1-score': 0.5487977369165488, 'support': 400.0}, 'Mirai': {'precision': 0.5962616822429907, 'recall': 0.7975, 'f1-score': 0.6823529411764706, 'support': 400.0}, 'Scan': {'precision': 0.5634218289085545, 'recall': 0.4775, 'f1-score': 0.516914749661705, 'support': 400.0}, 'accuracy': 0.73, 'macro avg': {'precision': 0.7287436022624235, 'recall': 0.73, 'f1-score': 0.7236345628233252, 'support': 2000.0}, 'weighted avg': {'precision': 0.7287436022624234, 'recall': 0.73, 'f1-score': 0.7236345628233253, 'support': 2000.0}}","[[363   0   8   9  20]
 [  1 393   0   6   0]
 [ 22   0 194  83 101]
 [ 17   0  37 319  27]
 [ 23   0  68 118 191]]",0.27399396896362305,0.1365370750427246
196,IoTID20,0,None,StandardScaler,SGD,0.6050340898528963,-1,-1,87.33999999999999,68.35000000000001,7.9125,67.73420751882546,67.92199205759869,-1,"{'0Normal': {'precision': 0.8886075949367088, 'recall': 0.8775, 'f1-score': 0.8830188679245283, 'support': 400.0}, 'DoS': {'precision': 1.0, 'recall': 0.9925, 'f1-score': 0.9962358845671266, 'support': 400.0}, 'MITM ARP Spoofing': {'precision': 0.40896358543417366, 'recall': 0.365, 'f1-score': 0.3857331571994716, 'support': 400.0}, 'Mirai': {'precision': 0.6545842217484008, 'recall': 0.7675, 'f1-score': 0.7065592635212887, 'support': 400.0}, 'Scan': {'precision': 0.43455497382198954, 'recall': 0.415, 'f1-score': 0.42455242966751916, 'support': 400.0}, 'accuracy': 0.6835, 'macro avg': {'precision': 0.6773420751882545, 'recall': 0.6835000000000001, 'f1-score': 0.6792199205759869, 'support': 2000.0}, 'weighted avg': {'precision': 0.6773420751882545, 'recall': 0.6835, 'f1-score': 0.679219920575987, 'support': 2000.0}}","[[351   0  13  23  13]
 [  3 397   0   0   0]
 [  7   0 146  91 156]
 [  8   0  38 307  47]
 [ 26   0 160  48 166]]",0.07057046890258789,0.0005924701690673828
197,IoTID20,0,sigmoid,StandardScaler,HHHv2,0.30597458594171006,-1,-1,77.72,42.323484527192804,13.925,44.3,42.58081052213535,-1,"{'0Normal': {'precision': 0.2875, 'recall': 0.4136690647482014, 'f1-score': 0.33923303834808255, 'support': 278.0}, 'DoS': {'precision': 0.995, 'recall': 0.738404452690167, 'f1-score': 0.8477103301384451, 'support': 539.0}, 'MITM ARP Spoofing': {'precision': 0.3675, 'recall': 0.3675, 'f1-score': 0.3675, 'support': 400.0}, 'Mirai': {'precision': 0.2925, 'recall': 0.24946695095948826, 'f1-score': 0.2692750287686997, 'support': 469.0}, 'Scan': {'precision': 0.2725, 'recall': 0.3471337579617834, 'f1-score': 0.3053221288515406, 'support': 314.0}, 'accuracy': 0.443, 'macro avg': {'precision': 0.44299999999999995, 'recall': 0.423234845271928, 'f1-score': 0.42580810522135354, 'support': 2000.0}, 'weighted avg': {'precision': 0.49298875, 'recall': 0.443, 'f1-score': 0.4601918947786464, 'support': 2000.0}}","[[115   0  42  65  56]
 [ 38 398  24  66  13]
 [ 97   1 147  78  77]
 [ 69   0 138 117 145]
 [ 81   1  49  74 109]]",15.626282691955566,0.05643963813781738
198,IoTID20,-1,None,StandardScaler,KNN,0.8444768267536911,-1,-1,95.0,87.50000000000003,3.125,87.81732655168159,87.51814059822249,-1,"{'0Normal': {'precision': 0.9136690647482014, 'recall': 0.9525, 'f1-score': 0.9326805385556916, 'support': 400.0}, 'DoS': {'precision': 1.0, 'recall': 0.9975, 'f1-score': 0.9987484355444306, 'support': 400.0}, 'MITM ARP Spoofing': {'precision': 0.745575221238938, 'recall': 0.8425, 'f1-score': 0.7910798122065728, 'support': 400.0}, 'Mirai': {'precision': 0.9044943820224719, 'recall': 0.805, 'f1-score': 0.8518518518518519, 'support': 400.0}, 'Scan': {'precision': 0.8271276595744681, 'recall': 0.7775, 'f1-score': 0.8015463917525774, 'support': 400.0}, 'accuracy': 0.875, 'macro avg': {'precision': 0.878173265516816, 'recall': 0.8750000000000002, 'f1-score': 0.8751814059822248, 'support': 2000.0}, 'weighted avg': {'precision': 0.878173265516816, 'recall': 0.875, 'f1-score': 0.8751814059822248, 'support': 2000.0}}","[[381   0  11   1   7]
 [  1 399   0   0   0]
 [ 12   0 337  14  37]
 [ 17   0  40 322  21]
 [  6   0  64  19 311]]",0.0008442401885986328,0.01978325843811035
199,IoTID20,-1,None,StandardScaler,LDA,0.673136077458492,-1,-1,89.36,73.4,6.65,77.77903729104241,74.38833172159501,-1,"{'0Normal': {'precision': 0.8783783783783784, 'recall': 0.65, 'f1-score': 0.7471264367816092, 'support': 400.0}, 'DoS': {'precision': 0.9900497512437811, 'recall': 0.995, 'f1-score': 0.9925187032418954, 'support': 400.0}, 'MITM ARP Spoofing': {'precision': 0.5961123110151187, 'recall': 0.69, 'f1-score': 0.6396292004634994, 'support': 400.0}, 'Mirai': {'precision': 0.9432624113475178, 'recall': 0.665, 'f1-score': 0.780058651026393, 'support': 400.0}, 'Scan': {'precision': 0.48114901256732495, 'recall': 0.67, 'f1-score': 0.5600835945663533, 'support': 400.0}, 'accuracy': 0.734, 'macro avg': {'precision': 0.7777903729104241, 'recall': 0.734, 'f1-score': 0.74388331721595, 'support': 2000.0}, 'weighted avg': {'precision': 0.7777903729104243, 'recall': 0.734, 'f1-score': 0.74388331721595, 'support': 2000.0}}","[[260   0  25   1 114]
 [  2 398   0   0   0]
 [  0   0 276   6 118]
 [  3   2  72 266  57]
 [ 31   2  90   9 268]]",0.07059216499328613,0.0010569095611572266
200,IoTID20,-1,None,StandardScaler,MLP,0.7919514351371315,-1,-1,93.32000000000001,83.3,4.175,83.87369784636822,83.45337670730653,-1,"{'0Normal': {'precision': 0.9312977099236641, 'recall': 0.915, 'f1-score': 0.9230769230769231, 'support': 400.0}, 'DoS': {'precision': 0.9974874371859297, 'recall': 0.9925, 'f1-score': 0.9949874686716792, 'support': 400.0}, 'MITM ARP Spoofing': {'precision': 0.6944444444444444, 'recall': 0.6875, 'f1-score': 0.6909547738693467, 'support': 400.0}, 'Mirai': {'precision': 0.884180790960452, 'recall': 0.7825, 'f1-score': 0.830238726790451, 'support': 400.0}, 'Scan': {'precision': 0.6862745098039216, 'recall': 0.7875, 'f1-score': 0.7334109429569267, 'support': 400.0}, 'accuracy': 0.833, 'macro avg': {'precision': 0.8387369784636822, 'recall': 0.833, 'f1-score': 0.8345337670730653, 'support': 2000.0}, 'weighted avg': {'precision': 0.8387369784636823, 'recall': 0.833, 'f1-score': 0.8345337670730653, 'support': 2000.0}}","[[366   1  10   7  16]
 [  3 397   0   0   0]
 [  6   0 275  15 104]
 [ 13   0  50 313  24]
 [  5   0  61  19 315]]",3.6540839672088623,0.0011067390441894531
201,IoTID20,-1,None,StandardScaler,LGBM,0.9469327054700066,-1,-1,98.3,95.74999999999999,1.0625,95.78290541320585,95.75531784070496,-1,"{'0Normal': {'precision': 0.992462311557789, 'recall': 0.9875, 'f1-score': 0.9899749373433584, 'support': 400.0}, 'DoS': {'precision': 1.0, 'recall': 1.0, 'f1-score': 1.0, 'support': 400.0}, 'MITM ARP Spoofing': {'precision': 0.9086538461538461, 'recall': 0.945, 'f1-score': 0.926470588235294, 'support': 400.0}, 'Mirai': {'precision': 0.9434447300771208, 'recall': 0.9175, 'f1-score': 0.9302915082382762, 'support': 400.0}, 'Scan': {'precision': 0.9445843828715366, 'recall': 0.9375, 'f1-score': 0.9410288582183187, 'support': 400.0}, 'accuracy': 0.9575, 'macro avg': {'precision': 0.9578290541320585, 'recall': 0.9574999999999999, 'f1-score': 0.9575531784070496, 'support': 2000.0}, 'weighted avg': {'precision': 0.9578290541320584, 'recall': 0.9575, 'f1-score': 0.9575531784070493, 'support': 2000.0}}","[[395   0   2   3   0]
 [  0 400   0   0   0]
 [  1   0 378  10  11]
 [  1   0  21 367  11]
 [  1   0  15   9 375]]",1.7080943584442139,0.008785724639892578
202,IoTID20,-1,None,StandardScaler,RF,0.871241349005772,-1,-1,95.86,89.64999999999999,2.5875,89.97116676446139,89.691225194977,-1,"{'0Normal': {'precision': 0.9622166246851386, 'recall': 0.955, 'f1-score': 0.958594730238394, 'support': 400.0}, 'DoS': {'precision': 1.0, 'recall': 1.0, 'f1-score': 1.0, 'support': 400.0}, 'MITM ARP Spoofing': {'precision': 0.7817371937639198, 'recall': 0.8775, 'f1-score': 0.8268551236749117, 'support': 400.0}, 'Mirai': {'precision': 0.9096045197740112, 'recall': 0.805, 'f1-score': 0.8541114058355438, 'support': 400.0}, 'Scan': {'precision': 0.845, 'recall': 0.845, 'f1-score': 0.845, 'support': 400.0}, 'accuracy': 0.8965, 'macro avg': {'precision': 0.8997116676446139, 'recall': 0.8965, 'f1-score': 0.8969122519497699, 'support': 2000.0}, 'weighted avg': {'precision': 0.899711667644614, 'recall': 0.8965, 'f1-score': 0.8969122519497699, 'support': 2000.0}}","[[382   0   6   4   8]
 [  0 400   0   0   0]
 [  5   0 351  14  30]
 [  6   0  48 322  24]
 [  4   0  44  14 338]]",0.817568302154541,0.02088642120361328
203,IoTID20,-1,None,StandardScaler,NuSVC,0.757589821047334,-1,-1,92.12,80.3,4.925,82.01869930082232,80.54867776643307,-1,"{'0Normal': {'precision': 0.910941475826972, 'recall': 0.895, 'f1-score': 0.9029003783102144, 'support': 400.0}, 'DoS': {'precision': 0.9947916666666666, 'recall': 0.955, 'f1-score': 0.9744897959183673, 'support': 400.0}, 'MITM ARP Spoofing': {'precision': 0.588021778584392, 'recall': 0.81, 'f1-score': 0.6813880126182965, 'support': 400.0}, 'Mirai': {'precision': 0.8467966573816156, 'recall': 0.76, 'f1-score': 0.8010540184453229, 'support': 400.0}, 'Scan': {'precision': 0.7603833865814696, 'recall': 0.595, 'f1-score': 0.6676016830294529, 'support': 400.0}, 'accuracy': 0.803, 'macro avg': {'precision': 0.8201869930082232, 'recall': 0.8029999999999999, 'f1-score': 0.8054867776643307, 'support': 2000.0}, 'weighted avg': {'precision': 0.8201869930082232, 'recall': 0.803, 'f1-score': 0.805486777664331, 'support': 2000.0}}","[[358   1  16   4  21]
 [  2 382   0  16   0]
 [  7   0 324  28  41]
 [ 19   0  64 304  13]
 [  7   1 147   7 238]]",1.42415452003479,0.28246283531188965
204,IoTID20,-1,None,StandardScaler,SGD,0.7240541957353734,-1,-1,91.14,77.85,5.5375,78.32830540815692,77.86414089853174,-1,"{'0Normal': {'precision': 0.8157303370786517, 'recall': 0.9075, 'f1-score': 0.8591715976331361, 'support': 400.0}, 'DoS': {'precision': 1.0, 'recall': 0.9925, 'f1-score': 0.9962358845671266, 'support': 400.0}, 'MITM ARP Spoofing': {'precision': 0.6411483253588517, 'recall': 0.67, 'f1-score': 0.6552567237163816, 'support': 400.0}, 'Mirai': {'precision': 0.8523076923076923, 'recall': 0.6925, 'f1-score': 0.7641379310344828, 'support': 400.0}, 'Scan': {'precision': 0.6072289156626506, 'recall': 0.63, 'f1-score': 0.6184049079754601, 'support': 400.0}, 'accuracy': 0.7785, 'macro avg': {'precision': 0.7832830540815693, 'recall': 0.7785, 'f1-score': 0.7786414089853174, 'support': 2000.0}, 'weighted avg': {'precision': 0.7832830540815693, 'recall': 0.7785, 'f1-score': 0.7786414089853175, 'support': 2000.0}}","[[363   0  10   1  26]
 [  3 397   0   0   0]
 [ 13   0 268  21  98]
 [ 27   0  57 277  39]
 [ 39   0  83  26 252]]",0.16983795166015625,0.0007696151733398438
205,IoTID20,-1,None,StandardScaler,HHHv2,0.6854770080681387,-1,-1,89.86,76.30746376636034,6.3375,74.64999999999999,74.89778975832621,-1,"{'0Normal': {'precision': 0.85, 'recall': 0.783410138248848, 'f1-score': 0.815347721822542, 'support': 434.0}, 'DoS': {'precision': 0.9875, 'recall': 0.9899749373433584, 'f1-score': 0.9887359198998749, 'support': 399.0}, 'MITM ARP Spoofing': {'precision': 0.695, 'recall': 0.5673469387755102, 'f1-score': 0.6247191011235955, 'support': 490.0}, 'Mirai': {'precision': 0.6675, 'recall': 0.9270833333333334, 'f1-score': 0.7761627906976745, 'support': 288.0}, 'Scan': {'precision': 0.5325, 'recall': 0.5475578406169666, 'f1-score': 0.5399239543726235, 'support': 389.0}, 'accuracy': 0.7465, 'macro avg': {'precision': 0.7464999999999999, 'recall': 0.7630746376636034, 'f1-score': 0.7489778975832622, 'support': 2000.0}, 'weighted avg': {'precision': 0.7514225, 'recall': 0.7465, 'f1-score': 0.7440221024167379, 'support': 2000.0}}","[[340   3   4  18  69]
 [  0 395   0   2   2]
 [ 35   0 278  73 104]
 [  1   1   7 267  12]
 [ 24   1 111  40 213]]",342.27156376838684,0.006735324859619141
206,IoTID20,-1,None,StandardScaler,KNN,0.8444768267536911,-1,-1,95.0,87.50000000000003,3.125,87.81732655168159,87.51814059822249,-1,"{'0Normal': {'precision': 0.9136690647482014, 'recall': 0.9525, 'f1-score': 0.9326805385556916, 'support': 400.0}, 'DoS': {'precision': 1.0, 'recall': 0.9975, 'f1-score': 0.9987484355444306, 'support': 400.0}, 'MITM ARP Spoofing': {'precision': 0.745575221238938, 'recall': 0.8425, 'f1-score': 0.7910798122065728, 'support': 400.0}, 'Mirai': {'precision': 0.9044943820224719, 'recall': 0.805, 'f1-score': 0.8518518518518519, 'support': 400.0}, 'Scan': {'precision': 0.8271276595744681, 'recall': 0.7775, 'f1-score': 0.8015463917525774, 'support': 400.0}, 'accuracy': 0.875, 'macro avg': {'precision': 0.878173265516816, 'recall': 0.8750000000000002, 'f1-score': 0.8751814059822248, 'support': 2000.0}, 'weighted avg': {'precision': 0.878173265516816, 'recall': 0.875, 'f1-score': 0.8751814059822248, 'support': 2000.0}}","[[381   0  11   1   7]
 [  1 399   0   0   0]
 [ 12   0 337  14  37]
 [ 17   0  40 322  21]
 [  6   0  64  19 311]]",0.0010225772857666016,0.02048945426940918
207,IoTID20,-1,None,StandardScaler,LDA,0.673136077458492,-1,-1,89.36,73.4,6.65,77.77903729104241,74.38833172159501,-1,"{'0Normal': {'precision': 0.8783783783783784, 'recall': 0.65, 'f1-score': 0.7471264367816092, 'support': 400.0}, 'DoS': {'precision': 0.9900497512437811, 'recall': 0.995, 'f1-score': 0.9925187032418954, 'support': 400.0}, 'MITM ARP Spoofing': {'precision': 0.5961123110151187, 'recall': 0.69, 'f1-score': 0.6396292004634994, 'support': 400.0}, 'Mirai': {'precision': 0.9432624113475178, 'recall': 0.665, 'f1-score': 0.780058651026393, 'support': 400.0}, 'Scan': {'precision': 0.48114901256732495, 'recall': 0.67, 'f1-score': 0.5600835945663533, 'support': 400.0}, 'accuracy': 0.734, 'macro avg': {'precision': 0.7777903729104241, 'recall': 0.734, 'f1-score': 0.74388331721595, 'support': 2000.0}, 'weighted avg': {'precision': 0.7777903729104243, 'recall': 0.734, 'f1-score': 0.74388331721595, 'support': 2000.0}}","[[260   0  25   1 114]
 [  2 398   0   0   0]
 [  0   0 276   6 118]
 [  3   2  72 266  57]
 [ 31   2  90   9 268]]",0.0227358341217041,0.0005426406860351562
208,IoTID20,-1,None,StandardScaler,MLP,0.7919514351371315,-1,-1,93.32000000000001,83.3,4.175,83.87369784636822,83.45337670730653,-1,"{'0Normal': {'precision': 0.9312977099236641, 'recall': 0.915, 'f1-score': 0.9230769230769231, 'support': 400.0}, 'DoS': {'precision': 0.9974874371859297, 'recall': 0.9925, 'f1-score': 0.9949874686716792, 'support': 400.0}, 'MITM ARP Spoofing': {'precision': 0.6944444444444444, 'recall': 0.6875, 'f1-score': 0.6909547738693467, 'support': 400.0}, 'Mirai': {'precision': 0.884180790960452, 'recall': 0.7825, 'f1-score': 0.830238726790451, 'support': 400.0}, 'Scan': {'precision': 0.6862745098039216, 'recall': 0.7875, 'f1-score': 0.7334109429569267, 'support': 400.0}, 'accuracy': 0.833, 'macro avg': {'precision': 0.8387369784636822, 'recall': 0.833, 'f1-score': 0.8345337670730653, 'support': 2000.0}, 'weighted avg': {'precision': 0.8387369784636823, 'recall': 0.833, 'f1-score': 0.8345337670730653, 'support': 2000.0}}","[[366   1  10   7  16]
 [  3 397   0   0   0]
 [  6   0 275  15 104]
 [ 13   0  50 313  24]
 [  5   0  61  19 315]]",3.5234434604644775,0.0009634494781494141
209,IoTID20,-1,None,StandardScaler,LGBM,0.9469327054700066,-1,-1,98.3,95.74999999999999,1.0625,95.78290541320585,95.75531784070496,-1,"{'0Normal': {'precision': 0.992462311557789, 'recall': 0.9875, 'f1-score': 0.9899749373433584, 'support': 400.0}, 'DoS': {'precision': 1.0, 'recall': 1.0, 'f1-score': 1.0, 'support': 400.0}, 'MITM ARP Spoofing': {'precision': 0.9086538461538461, 'recall': 0.945, 'f1-score': 0.926470588235294, 'support': 400.0}, 'Mirai': {'precision': 0.9434447300771208, 'recall': 0.9175, 'f1-score': 0.9302915082382762, 'support': 400.0}, 'Scan': {'precision': 0.9445843828715366, 'recall': 0.9375, 'f1-score': 0.9410288582183187, 'support': 400.0}, 'accuracy': 0.9575, 'macro avg': {'precision': 0.9578290541320585, 'recall': 0.9574999999999999, 'f1-score': 0.9575531784070496, 'support': 2000.0}, 'weighted avg': {'precision': 0.9578290541320584, 'recall': 0.9575, 'f1-score': 0.9575531784070493, 'support': 2000.0}}","[[395   0   2   3   0]
 [  0 400   0   0   0]
 [  1   0 378  10  11]
 [  1   0  21 367  11]
 [  1   0  15   9 375]]",1.624067783355713,0.014373064041137695
210,IoTID20,-1,None,StandardScaler,RF,0.871241349005772,-1,-1,95.86,89.64999999999999,2.5875,89.97116676446139,89.691225194977,-1,"{'0Normal': {'precision': 0.9622166246851386, 'recall': 0.955, 'f1-score': 0.958594730238394, 'support': 400.0}, 'DoS': {'precision': 1.0, 'recall': 1.0, 'f1-score': 1.0, 'support': 400.0}, 'MITM ARP Spoofing': {'precision': 0.7817371937639198, 'recall': 0.8775, 'f1-score': 0.8268551236749117, 'support': 400.0}, 'Mirai': {'precision': 0.9096045197740112, 'recall': 0.805, 'f1-score': 0.8541114058355438, 'support': 400.0}, 'Scan': {'precision': 0.845, 'recall': 0.845, 'f1-score': 0.845, 'support': 400.0}, 'accuracy': 0.8965, 'macro avg': {'precision': 0.8997116676446139, 'recall': 0.8965, 'f1-score': 0.8969122519497699, 'support': 2000.0}, 'weighted avg': {'precision': 0.899711667644614, 'recall': 0.8965, 'f1-score': 0.8969122519497699, 'support': 2000.0}}","[[382   0   6   4   8]
 [  0 400   0   0   0]
 [  5   0 351  14  30]
 [  6   0  48 322  24]
 [  4   0  44  14 338]]",0.8046791553497314,0.018689870834350586
211,IoTID20,-1,None,StandardScaler,NuSVC,0.757589821047334,-1,-1,92.12,80.3,4.925,82.01869930082232,80.54867776643307,-1,"{'0Normal': {'precision': 0.910941475826972, 'recall': 0.895, 'f1-score': 0.9029003783102144, 'support': 400.0}, 'DoS': {'precision': 0.9947916666666666, 'recall': 0.955, 'f1-score': 0.9744897959183673, 'support': 400.0}, 'MITM ARP Spoofing': {'precision': 0.588021778584392, 'recall': 0.81, 'f1-score': 0.6813880126182965, 'support': 400.0}, 'Mirai': {'precision': 0.8467966573816156, 'recall': 0.76, 'f1-score': 0.8010540184453229, 'support': 400.0}, 'Scan': {'precision': 0.7603833865814696, 'recall': 0.595, 'f1-score': 0.6676016830294529, 'support': 400.0}, 'accuracy': 0.803, 'macro avg': {'precision': 0.8201869930082232, 'recall': 0.8029999999999999, 'f1-score': 0.8054867776643307, 'support': 2000.0}, 'weighted avg': {'precision': 0.8201869930082232, 'recall': 0.803, 'f1-score': 0.805486777664331, 'support': 2000.0}}","[[358   1  16   4  21]
 [  2 382   0  16   0]
 [  7   0 324  28  41]
 [ 19   0  64 304  13]
 [  7   1 147   7 238]]",1.4308323860168457,0.287459135055542
212,IoTID20,-1,None,StandardScaler,SGD,0.7240541957353734,-1,-1,91.14,77.85,5.5375,78.32830540815692,77.86414089853174,-1,"{'0Normal': {'precision': 0.8157303370786517, 'recall': 0.9075, 'f1-score': 0.8591715976331361, 'support': 400.0}, 'DoS': {'precision': 1.0, 'recall': 0.9925, 'f1-score': 0.9962358845671266, 'support': 400.0}, 'MITM ARP Spoofing': {'precision': 0.6411483253588517, 'recall': 0.67, 'f1-score': 0.6552567237163816, 'support': 400.0}, 'Mirai': {'precision': 0.8523076923076923, 'recall': 0.6925, 'f1-score': 0.7641379310344828, 'support': 400.0}, 'Scan': {'precision': 0.6072289156626506, 'recall': 0.63, 'f1-score': 0.6184049079754601, 'support': 400.0}, 'accuracy': 0.7785, 'macro avg': {'precision': 0.7832830540815693, 'recall': 0.7785, 'f1-score': 0.7786414089853174, 'support': 2000.0}, 'weighted avg': {'precision': 0.7832830540815693, 'recall': 0.7785, 'f1-score': 0.7786414089853175, 'support': 2000.0}}","[[363   0  10   1  26]
 [  3 397   0   0   0]
 [ 13   0 268  21  98]
 [ 27   0  57 277  39]
 [ 39   0  83  26 252]]",0.1666889190673828,0.0013332366943359375
213,IoTID20,-1,rbf,StandardScaler,HHHv2,0.7897912363207212,-1,-1,93.24,83.75644616149926,4.2250000000000005,83.10000000000001,83.21544709426331,-1,"{'0Normal': {'precision': 0.9125, 'recall': 0.9287531806615776, 'f1-score': 0.9205548549810845, 'support': 393.0}, 'DoS': {'precision': 0.9825, 'recall': 0.9656019656019657, 'f1-score': 0.9739776951672862, 'support': 407.0}, 'MITM ARP Spoofing': {'precision': 0.685, 'recall': 0.690176322418136, 'f1-score': 0.6875784190715182, 'support': 397.0}, 'Mirai': {'precision': 0.765, 'recall': 0.9080118694362018, 'f1-score': 0.830393487109905, 'support': 337.0}, 'Scan': {'precision': 0.81, 'recall': 0.6952789699570815, 'f1-score': 0.7482678983833719, 'support': 466.0}, 'accuracy': 0.831, 'macro avg': {'precision': 0.8310000000000001, 'recall': 0.8375644616149925, 'f1-score': 0.8321544709426331, 'support': 2000.0}, 'weighted avg': {'precision': 0.83285, 'recall': 0.831, 'f1-score': 0.8298455290573669, 'support': 2000.0}}","[[365   3  11   7   7]
 [  1 393   2  10   1]
 [  9   1 274  51  62]
 [  7   2  16 306   6]
 [ 18   1  97  26 324]]",351.23383355140686,0.18030023574829102
214,IoTID20,-1,None,StandardScaler,KNN,0.8444768267536911,-1,-1,95.0,87.50000000000003,3.125,87.81732655168159,87.51814059822249,-1,"{'0Normal': {'precision': 0.9136690647482014, 'recall': 0.9525, 'f1-score': 0.9326805385556916, 'support': 400.0}, 'DoS': {'precision': 1.0, 'recall': 0.9975, 'f1-score': 0.9987484355444306, 'support': 400.0}, 'MITM ARP Spoofing': {'precision': 0.745575221238938, 'recall': 0.8425, 'f1-score': 0.7910798122065728, 'support': 400.0}, 'Mirai': {'precision': 0.9044943820224719, 'recall': 0.805, 'f1-score': 0.8518518518518519, 'support': 400.0}, 'Scan': {'precision': 0.8271276595744681, 'recall': 0.7775, 'f1-score': 0.8015463917525774, 'support': 400.0}, 'accuracy': 0.875, 'macro avg': {'precision': 0.878173265516816, 'recall': 0.8750000000000002, 'f1-score': 0.8751814059822248, 'support': 2000.0}, 'weighted avg': {'precision': 0.878173265516816, 'recall': 0.875, 'f1-score': 0.8751814059822248, 'support': 2000.0}}","[[381   0  11   1   7]
 [  1 399   0   0   0]
 [ 12   0 337  14  37]
 [ 17   0  40 322  21]
 [  6   0  64  19 311]]",0.0011792182922363281,0.02109050750732422
215,IoTID20,-1,None,StandardScaler,LDA,0.673136077458492,-1,-1,89.36,73.4,6.65,77.77903729104241,74.38833172159501,-1,"{'0Normal': {'precision': 0.8783783783783784, 'recall': 0.65, 'f1-score': 0.7471264367816092, 'support': 400.0}, 'DoS': {'precision': 0.9900497512437811, 'recall': 0.995, 'f1-score': 0.9925187032418954, 'support': 400.0}, 'MITM ARP Spoofing': {'precision': 0.5961123110151187, 'recall': 0.69, 'f1-score': 0.6396292004634994, 'support': 400.0}, 'Mirai': {'precision': 0.9432624113475178, 'recall': 0.665, 'f1-score': 0.780058651026393, 'support': 400.0}, 'Scan': {'precision': 0.48114901256732495, 'recall': 0.67, 'f1-score': 0.5600835945663533, 'support': 400.0}, 'accuracy': 0.734, 'macro avg': {'precision': 0.7777903729104241, 'recall': 0.734, 'f1-score': 0.74388331721595, 'support': 2000.0}, 'weighted avg': {'precision': 0.7777903729104243, 'recall': 0.734, 'f1-score': 0.74388331721595, 'support': 2000.0}}","[[260   0  25   1 114]
 [  2 398   0   0   0]
 [  0   0 276   6 118]
 [  3   2  72 266  57]
 [ 31   2  90   9 268]]",0.01937413215637207,0.0006120204925537109
216,IoTID20,-1,None,StandardScaler,MLP,0.7919514351371315,-1,-1,93.32000000000001,83.3,4.175,83.87369784636822,83.45337670730653,-1,"{'0Normal': {'precision': 0.9312977099236641, 'recall': 0.915, 'f1-score': 0.9230769230769231, 'support': 400.0}, 'DoS': {'precision': 0.9974874371859297, 'recall': 0.9925, 'f1-score': 0.9949874686716792, 'support': 400.0}, 'MITM ARP Spoofing': {'precision': 0.6944444444444444, 'recall': 0.6875, 'f1-score': 0.6909547738693467, 'support': 400.0}, 'Mirai': {'precision': 0.884180790960452, 'recall': 0.7825, 'f1-score': 0.830238726790451, 'support': 400.0}, 'Scan': {'precision': 0.6862745098039216, 'recall': 0.7875, 'f1-score': 0.7334109429569267, 'support': 400.0}, 'accuracy': 0.833, 'macro avg': {'precision': 0.8387369784636822, 'recall': 0.833, 'f1-score': 0.8345337670730653, 'support': 2000.0}, 'weighted avg': {'precision': 0.8387369784636823, 'recall': 0.833, 'f1-score': 0.8345337670730653, 'support': 2000.0}}","[[366   1  10   7  16]
 [  3 397   0   0   0]
 [  6   0 275  15 104]
 [ 13   0  50 313  24]
 [  5   0  61  19 315]]",3.803030252456665,0.0009913444519042969
217,IoTID20,-1,None,StandardScaler,LGBM,0.9469327054700066,-1,-1,98.3,95.74999999999999,1.0625,95.78290541320585,95.75531784070496,-1,"{'0Normal': {'precision': 0.992462311557789, 'recall': 0.9875, 'f1-score': 0.9899749373433584, 'support': 400.0}, 'DoS': {'precision': 1.0, 'recall': 1.0, 'f1-score': 1.0, 'support': 400.0}, 'MITM ARP Spoofing': {'precision': 0.9086538461538461, 'recall': 0.945, 'f1-score': 0.926470588235294, 'support': 400.0}, 'Mirai': {'precision': 0.9434447300771208, 'recall': 0.9175, 'f1-score': 0.9302915082382762, 'support': 400.0}, 'Scan': {'precision': 0.9445843828715366, 'recall': 0.9375, 'f1-score': 0.9410288582183187, 'support': 400.0}, 'accuracy': 0.9575, 'macro avg': {'precision': 0.9578290541320585, 'recall': 0.9574999999999999, 'f1-score': 0.9575531784070496, 'support': 2000.0}, 'weighted avg': {'precision': 0.9578290541320584, 'recall': 0.9575, 'f1-score': 0.9575531784070493, 'support': 2000.0}}","[[395   0   2   3   0]
 [  0 400   0   0   0]
 [  1   0 378  10  11]
 [  1   0  21 367  11]
 [  1   0  15   9 375]]",1.5149223804473877,0.00843048095703125
218,IoTID20,-1,None,StandardScaler,RF,0.871241349005772,-1,-1,95.86,89.64999999999999,2.5875,89.97116676446139,89.691225194977,-1,"{'0Normal': {'precision': 0.9622166246851386, 'recall': 0.955, 'f1-score': 0.958594730238394, 'support': 400.0}, 'DoS': {'precision': 1.0, 'recall': 1.0, 'f1-score': 1.0, 'support': 400.0}, 'MITM ARP Spoofing': {'precision': 0.7817371937639198, 'recall': 0.8775, 'f1-score': 0.8268551236749117, 'support': 400.0}, 'Mirai': {'precision': 0.9096045197740112, 'recall': 0.805, 'f1-score': 0.8541114058355438, 'support': 400.0}, 'Scan': {'precision': 0.845, 'recall': 0.845, 'f1-score': 0.845, 'support': 400.0}, 'accuracy': 0.8965, 'macro avg': {'precision': 0.8997116676446139, 'recall': 0.8965, 'f1-score': 0.8969122519497699, 'support': 2000.0}, 'weighted avg': {'precision': 0.899711667644614, 'recall': 0.8965, 'f1-score': 0.8969122519497699, 'support': 2000.0}}","[[382   0   6   4   8]
 [  0 400   0   0   0]
 [  5   0 351  14  30]
 [  6   0  48 322  24]
 [  4   0  44  14 338]]",0.8047926425933838,0.021830320358276367
219,IoTID20,-1,None,StandardScaler,NuSVC,0.757589821047334,-1,-1,92.12,80.3,4.925,82.01869930082232,80.54867776643307,-1,"{'0Normal': {'precision': 0.910941475826972, 'recall': 0.895, 'f1-score': 0.9029003783102144, 'support': 400.0}, 'DoS': {'precision': 0.9947916666666666, 'recall': 0.955, 'f1-score': 0.9744897959183673, 'support': 400.0}, 'MITM ARP Spoofing': {'precision': 0.588021778584392, 'recall': 0.81, 'f1-score': 0.6813880126182965, 'support': 400.0}, 'Mirai': {'precision': 0.8467966573816156, 'recall': 0.76, 'f1-score': 0.8010540184453229, 'support': 400.0}, 'Scan': {'precision': 0.7603833865814696, 'recall': 0.595, 'f1-score': 0.6676016830294529, 'support': 400.0}, 'accuracy': 0.803, 'macro avg': {'precision': 0.8201869930082232, 'recall': 0.8029999999999999, 'f1-score': 0.8054867776643307, 'support': 2000.0}, 'weighted avg': {'precision': 0.8201869930082232, 'recall': 0.803, 'f1-score': 0.805486777664331, 'support': 2000.0}}","[[358   1  16   4  21]
 [  2 382   0  16   0]
 [  7   0 324  28  41]
 [ 19   0  64 304  13]
 [  7   1 147   7 238]]",1.495232343673706,0.2988317012786865
220,IoTID20,-1,None,StandardScaler,SGD,0.7240541957353734,-1,-1,91.14,77.85,5.5375,78.32830540815692,77.86414089853174,-1,"{'0Normal': {'precision': 0.8157303370786517, 'recall': 0.9075, 'f1-score': 0.8591715976331361, 'support': 400.0}, 'DoS': {'precision': 1.0, 'recall': 0.9925, 'f1-score': 0.9962358845671266, 'support': 400.0}, 'MITM ARP Spoofing': {'precision': 0.6411483253588517, 'recall': 0.67, 'f1-score': 0.6552567237163816, 'support': 400.0}, 'Mirai': {'precision': 0.8523076923076923, 'recall': 0.6925, 'f1-score': 0.7641379310344828, 'support': 400.0}, 'Scan': {'precision': 0.6072289156626506, 'recall': 0.63, 'f1-score': 0.6184049079754601, 'support': 400.0}, 'accuracy': 0.7785, 'macro avg': {'precision': 0.7832830540815693, 'recall': 0.7785, 'f1-score': 0.7786414089853174, 'support': 2000.0}, 'weighted avg': {'precision': 0.7832830540815693, 'recall': 0.7785, 'f1-score': 0.7786414089853175, 'support': 2000.0}}","[[363   0  10   1  26]
 [  3 397   0   0   0]
 [ 13   0 268  21  98]
 [ 27   0  57 277  39]
 [ 39   0  83  26 252]]",0.1811978816986084,0.0006978511810302734
221,IoTID20,-1,poly,StandardScaler,HHHv2,0.7841133607044554,-1,-1,93.06,83.21391706106574,4.3374999999999995,82.65,82.72582324120728,-1,"{'0Normal': {'precision': 0.905, 'recall': 0.923469387755102, 'f1-score': 0.9141414141414141, 'support': 392.0}, 'DoS': {'precision': 0.9975, 'recall': 0.9661016949152542, 'f1-score': 0.981549815498155, 'support': 413.0}, 'MITM ARP Spoofing': {'precision': 0.6675, 'recall': 0.6742424242424242, 'f1-score': 0.6708542713567839, 'support': 396.0}, 'Mirai': {'precision': 0.76, 'recall': 0.9020771513353115, 'f1-score': 0.824966078697422, 'support': 337.0}, 'Scan': {'precision': 0.8025, 'recall': 0.6948051948051948, 'f1-score': 0.7447795823665894, 'support': 462.0}, 'accuracy': 0.8265, 'macro avg': {'precision': 0.8265, 'recall': 0.8321391706106575, 'f1-score': 0.8272582324120729, 'support': 2000.0}, 'weighted avg': {'precision': 0.8289662499999999, 'recall': 0.8265, 'f1-score': 0.8257417675879272, 'support': 2000.0}}","[[362   0  12   7  11]
 [  2 399   4   6   2]
 [ 10   0 267  61  58]
 [  9   1  15 304   8]
 [ 17   0 102  22 321]]",392.50012946128845,0.21142983436584473
222,IoTID20,-1,None,StandardScaler,KNN,0.8444768267536911,-1,-1,95.0,87.50000000000003,3.125,87.81732655168159,87.51814059822249,-1,"{'0Normal': {'precision': 0.9136690647482014, 'recall': 0.9525, 'f1-score': 0.9326805385556916, 'support': 400.0}, 'DoS': {'precision': 1.0, 'recall': 0.9975, 'f1-score': 0.9987484355444306, 'support': 400.0}, 'MITM ARP Spoofing': {'precision': 0.745575221238938, 'recall': 0.8425, 'f1-score': 0.7910798122065728, 'support': 400.0}, 'Mirai': {'precision': 0.9044943820224719, 'recall': 0.805, 'f1-score': 0.8518518518518519, 'support': 400.0}, 'Scan': {'precision': 0.8271276595744681, 'recall': 0.7775, 'f1-score': 0.8015463917525774, 'support': 400.0}, 'accuracy': 0.875, 'macro avg': {'precision': 0.878173265516816, 'recall': 0.8750000000000002, 'f1-score': 0.8751814059822248, 'support': 2000.0}, 'weighted avg': {'precision': 0.878173265516816, 'recall': 0.875, 'f1-score': 0.8751814059822248, 'support': 2000.0}}","[[381   0  11   1   7]
 [  1 399   0   0   0]
 [ 12   0 337  14  37]
 [ 17   0  40 322  21]
 [  6   0  64  19 311]]",0.0014214515686035156,0.020972013473510742
223,IoTID20,-1,None,StandardScaler,LDA,0.673136077458492,-1,-1,89.36,73.4,6.65,77.77903729104241,74.38833172159501,-1,"{'0Normal': {'precision': 0.8783783783783784, 'recall': 0.65, 'f1-score': 0.7471264367816092, 'support': 400.0}, 'DoS': {'precision': 0.9900497512437811, 'recall': 0.995, 'f1-score': 0.9925187032418954, 'support': 400.0}, 'MITM ARP Spoofing': {'precision': 0.5961123110151187, 'recall': 0.69, 'f1-score': 0.6396292004634994, 'support': 400.0}, 'Mirai': {'precision': 0.9432624113475178, 'recall': 0.665, 'f1-score': 0.780058651026393, 'support': 400.0}, 'Scan': {'precision': 0.48114901256732495, 'recall': 0.67, 'f1-score': 0.5600835945663533, 'support': 400.0}, 'accuracy': 0.734, 'macro avg': {'precision': 0.7777903729104241, 'recall': 0.734, 'f1-score': 0.74388331721595, 'support': 2000.0}, 'weighted avg': {'precision': 0.7777903729104243, 'recall': 0.734, 'f1-score': 0.74388331721595, 'support': 2000.0}}","[[260   0  25   1 114]
 [  2 398   0   0   0]
 [  0   0 276   6 118]
 [  3   2  72 266  57]
 [ 31   2  90   9 268]]",0.01934981346130371,0.0004994869232177734
224,IoTID20,-1,None,StandardScaler,MLP,0.7919514351371315,-1,-1,93.32000000000001,83.3,4.175,83.87369784636822,83.45337670730653,-1,"{'0Normal': {'precision': 0.9312977099236641, 'recall': 0.915, 'f1-score': 0.9230769230769231, 'support': 400.0}, 'DoS': {'precision': 0.9974874371859297, 'recall': 0.9925, 'f1-score': 0.9949874686716792, 'support': 400.0}, 'MITM ARP Spoofing': {'precision': 0.6944444444444444, 'recall': 0.6875, 'f1-score': 0.6909547738693467, 'support': 400.0}, 'Mirai': {'precision': 0.884180790960452, 'recall': 0.7825, 'f1-score': 0.830238726790451, 'support': 400.0}, 'Scan': {'precision': 0.6862745098039216, 'recall': 0.7875, 'f1-score': 0.7334109429569267, 'support': 400.0}, 'accuracy': 0.833, 'macro avg': {'precision': 0.8387369784636822, 'recall': 0.833, 'f1-score': 0.8345337670730653, 'support': 2000.0}, 'weighted avg': {'precision': 0.8387369784636823, 'recall': 0.833, 'f1-score': 0.8345337670730653, 'support': 2000.0}}","[[366   1  10   7  16]
 [  3 397   0   0   0]
 [  6   0 275  15 104]
 [ 13   0  50 313  24]
 [  5   0  61  19 315]]",4.04265832901001,0.0010762214660644531
225,IoTID20,-1,None,StandardScaler,LGBM,0.9469327054700066,-1,-1,98.3,95.74999999999999,1.0625,95.78290541320585,95.75531784070496,-1,"{'0Normal': {'precision': 0.992462311557789, 'recall': 0.9875, 'f1-score': 0.9899749373433584, 'support': 400.0}, 'DoS': {'precision': 1.0, 'recall': 1.0, 'f1-score': 1.0, 'support': 400.0}, 'MITM ARP Spoofing': {'precision': 0.9086538461538461, 'recall': 0.945, 'f1-score': 0.926470588235294, 'support': 400.0}, 'Mirai': {'precision': 0.9434447300771208, 'recall': 0.9175, 'f1-score': 0.9302915082382762, 'support': 400.0}, 'Scan': {'precision': 0.9445843828715366, 'recall': 0.9375, 'f1-score': 0.9410288582183187, 'support': 400.0}, 'accuracy': 0.9575, 'macro avg': {'precision': 0.9578290541320585, 'recall': 0.9574999999999999, 'f1-score': 0.9575531784070496, 'support': 2000.0}, 'weighted avg': {'precision': 0.9578290541320584, 'recall': 0.9575, 'f1-score': 0.9575531784070493, 'support': 2000.0}}","[[395   0   2   3   0]
 [  0 400   0   0   0]
 [  1   0 378  10  11]
 [  1   0  21 367  11]
 [  1   0  15   9 375]]",1.621870756149292,0.008632183074951172
226,IoTID20,-1,None,StandardScaler,RF,0.871241349005772,-1,-1,95.86,89.64999999999999,2.5875,89.97116676446139,89.691225194977,-1,"{'0Normal': {'precision': 0.9622166246851386, 'recall': 0.955, 'f1-score': 0.958594730238394, 'support': 400.0}, 'DoS': {'precision': 1.0, 'recall': 1.0, 'f1-score': 1.0, 'support': 400.0}, 'MITM ARP Spoofing': {'precision': 0.7817371937639198, 'recall': 0.8775, 'f1-score': 0.8268551236749117, 'support': 400.0}, 'Mirai': {'precision': 0.9096045197740112, 'recall': 0.805, 'f1-score': 0.8541114058355438, 'support': 400.0}, 'Scan': {'precision': 0.845, 'recall': 0.845, 'f1-score': 0.845, 'support': 400.0}, 'accuracy': 0.8965, 'macro avg': {'precision': 0.8997116676446139, 'recall': 0.8965, 'f1-score': 0.8969122519497699, 'support': 2000.0}, 'weighted avg': {'precision': 0.899711667644614, 'recall': 0.8965, 'f1-score': 0.8969122519497699, 'support': 2000.0}}","[[382   0   6   4   8]
 [  0 400   0   0   0]
 [  5   0 351  14  30]
 [  6   0  48 322  24]
 [  4   0  44  14 338]]",0.7990298271179199,0.018599271774291992
227,IoTID20,-1,None,StandardScaler,NuSVC,0.757589821047334,-1,-1,92.12,80.3,4.925,82.01869930082232,80.54867776643307,-1,"{'0Normal': {'precision': 0.910941475826972, 'recall': 0.895, 'f1-score': 0.9029003783102144, 'support': 400.0}, 'DoS': {'precision': 0.9947916666666666, 'recall': 0.955, 'f1-score': 0.9744897959183673, 'support': 400.0}, 'MITM ARP Spoofing': {'precision': 0.588021778584392, 'recall': 0.81, 'f1-score': 0.6813880126182965, 'support': 400.0}, 'Mirai': {'precision': 0.8467966573816156, 'recall': 0.76, 'f1-score': 0.8010540184453229, 'support': 400.0}, 'Scan': {'precision': 0.7603833865814696, 'recall': 0.595, 'f1-score': 0.6676016830294529, 'support': 400.0}, 'accuracy': 0.803, 'macro avg': {'precision': 0.8201869930082232, 'recall': 0.8029999999999999, 'f1-score': 0.8054867776643307, 'support': 2000.0}, 'weighted avg': {'precision': 0.8201869930082232, 'recall': 0.803, 'f1-score': 0.805486777664331, 'support': 2000.0}}","[[358   1  16   4  21]
 [  2 382   0  16   0]
 [  7   0 324  28  41]
 [ 19   0  64 304  13]
 [  7   1 147   7 238]]",1.390087366104126,0.2846858501434326
228,IoTID20,-1,None,StandardScaler,SGD,0.7240541957353734,-1,-1,91.14,77.85,5.5375,78.32830540815692,77.86414089853174,-1,"{'0Normal': {'precision': 0.8157303370786517, 'recall': 0.9075, 'f1-score': 0.8591715976331361, 'support': 400.0}, 'DoS': {'precision': 1.0, 'recall': 0.9925, 'f1-score': 0.9962358845671266, 'support': 400.0}, 'MITM ARP Spoofing': {'precision': 0.6411483253588517, 'recall': 0.67, 'f1-score': 0.6552567237163816, 'support': 400.0}, 'Mirai': {'precision': 0.8523076923076923, 'recall': 0.6925, 'f1-score': 0.7641379310344828, 'support': 400.0}, 'Scan': {'precision': 0.6072289156626506, 'recall': 0.63, 'f1-score': 0.6184049079754601, 'support': 400.0}, 'accuracy': 0.7785, 'macro avg': {'precision': 0.7832830540815693, 'recall': 0.7785, 'f1-score': 0.7786414089853174, 'support': 2000.0}, 'weighted avg': {'precision': 0.7832830540815693, 'recall': 0.7785, 'f1-score': 0.7786414089853175, 'support': 2000.0}}","[[363   0  10   1  26]
 [  3 397   0   0   0]
 [ 13   0 268  21  98]
 [ 27   0  57 277  39]
 [ 39   0  83  26 252]]",0.16344952583312988,0.0007567405700683594
229,IoTID20,-1,linear,StandardScaler,HHHv2,0.6854770080681387,-1,-1,89.86,76.30746376636034,6.3375,74.64999999999999,74.89778975832621,-1,"{'0Normal': {'precision': 0.85, 'recall': 0.783410138248848, 'f1-score': 0.815347721822542, 'support': 434.0}, 'DoS': {'precision': 0.9875, 'recall': 0.9899749373433584, 'f1-score': 0.9887359198998749, 'support': 399.0}, 'MITM ARP Spoofing': {'precision': 0.695, 'recall': 0.5673469387755102, 'f1-score': 0.6247191011235955, 'support': 490.0}, 'Mirai': {'precision': 0.6675, 'recall': 0.9270833333333334, 'f1-score': 0.7761627906976745, 'support': 288.0}, 'Scan': {'precision': 0.5325, 'recall': 0.5475578406169666, 'f1-score': 0.5399239543726235, 'support': 389.0}, 'accuracy': 0.7465, 'macro avg': {'precision': 0.7464999999999999, 'recall': 0.7630746376636034, 'f1-score': 0.7489778975832622, 'support': 2000.0}, 'weighted avg': {'precision': 0.7514225, 'recall': 0.7465, 'f1-score': 0.7440221024167379, 'support': 2000.0}}","[[340   3   4  18  69]
 [  0 395   0   2   2]
 [ 35   0 278  73 104]
 [  1   1   7 267  12]
 [ 24   1 111  40 213]]",669.9811618328094,0.19846463203430176
230,IoTID20,-1,None,StandardScaler,KNN,0.8444768267536911,-1,-1,95.0,87.50000000000003,3.125,87.81732655168159,87.51814059822249,-1,"{'0Normal': {'precision': 0.9136690647482014, 'recall': 0.9525, 'f1-score': 0.9326805385556916, 'support': 400.0}, 'DoS': {'precision': 1.0, 'recall': 0.9975, 'f1-score': 0.9987484355444306, 'support': 400.0}, 'MITM ARP Spoofing': {'precision': 0.745575221238938, 'recall': 0.8425, 'f1-score': 0.7910798122065728, 'support': 400.0}, 'Mirai': {'precision': 0.9044943820224719, 'recall': 0.805, 'f1-score': 0.8518518518518519, 'support': 400.0}, 'Scan': {'precision': 0.8271276595744681, 'recall': 0.7775, 'f1-score': 0.8015463917525774, 'support': 400.0}, 'accuracy': 0.875, 'macro avg': {'precision': 0.878173265516816, 'recall': 0.8750000000000002, 'f1-score': 0.8751814059822248, 'support': 2000.0}, 'weighted avg': {'precision': 0.878173265516816, 'recall': 0.875, 'f1-score': 0.8751814059822248, 'support': 2000.0}}","[[381   0  11   1   7]
 [  1 399   0   0   0]
 [ 12   0 337  14  37]
 [ 17   0  40 322  21]
 [  6   0  64  19 311]]",0.007252216339111328,0.10937380790710449
231,IoTID20,-1,None,StandardScaler,LDA,0.673136077458492,-1,-1,89.36,73.4,6.65,77.77903729104241,74.38833172159501,-1,"{'0Normal': {'precision': 0.8783783783783784, 'recall': 0.65, 'f1-score': 0.7471264367816092, 'support': 400.0}, 'DoS': {'precision': 0.9900497512437811, 'recall': 0.995, 'f1-score': 0.9925187032418954, 'support': 400.0}, 'MITM ARP Spoofing': {'precision': 0.5961123110151187, 'recall': 0.69, 'f1-score': 0.6396292004634994, 'support': 400.0}, 'Mirai': {'precision': 0.9432624113475178, 'recall': 0.665, 'f1-score': 0.780058651026393, 'support': 400.0}, 'Scan': {'precision': 0.48114901256732495, 'recall': 0.67, 'f1-score': 0.5600835945663533, 'support': 400.0}, 'accuracy': 0.734, 'macro avg': {'precision': 0.7777903729104241, 'recall': 0.734, 'f1-score': 0.74388331721595, 'support': 2000.0}, 'weighted avg': {'precision': 0.7777903729104243, 'recall': 0.734, 'f1-score': 0.74388331721595, 'support': 2000.0}}","[[260   0  25   1 114]
 [  2 398   0   0   0]
 [  0   0 276   6 118]
 [  3   2  72 266  57]
 [ 31   2  90   9 268]]",0.6782851219177246,0.00903010368347168
232,IoTID20,-1,None,StandardScaler,MLP,0.7919514351371315,-1,-1,93.32000000000001,83.3,4.175,83.87369784636822,83.45337670730653,-1,"{'0Normal': {'precision': 0.9312977099236641, 'recall': 0.915, 'f1-score': 0.9230769230769231, 'support': 400.0}, 'DoS': {'precision': 0.9974874371859297, 'recall': 0.9925, 'f1-score': 0.9949874686716792, 'support': 400.0}, 'MITM ARP Spoofing': {'precision': 0.6944444444444444, 'recall': 0.6875, 'f1-score': 0.6909547738693467, 'support': 400.0}, 'Mirai': {'precision': 0.884180790960452, 'recall': 0.7825, 'f1-score': 0.830238726790451, 'support': 400.0}, 'Scan': {'precision': 0.6862745098039216, 'recall': 0.7875, 'f1-score': 0.7334109429569267, 'support': 400.0}, 'accuracy': 0.833, 'macro avg': {'precision': 0.8387369784636822, 'recall': 0.833, 'f1-score': 0.8345337670730653, 'support': 2000.0}, 'weighted avg': {'precision': 0.8387369784636823, 'recall': 0.833, 'f1-score': 0.8345337670730653, 'support': 2000.0}}","[[366   1  10   7  16]
 [  3 397   0   0   0]
 [  6   0 275  15 104]
 [ 13   0  50 313  24]
 [  5   0  61  19 315]]",12.105942726135254,0.005774974822998047
233,IoTID20,-1,None,StandardScaler,LGBM,0.9469327054700066,-1,-1,98.3,95.74999999999999,1.0625,95.78290541320585,95.75531784070496,-1,"{'0Normal': {'precision': 0.992462311557789, 'recall': 0.9875, 'f1-score': 0.9899749373433584, 'support': 400.0}, 'DoS': {'precision': 1.0, 'recall': 1.0, 'f1-score': 1.0, 'support': 400.0}, 'MITM ARP Spoofing': {'precision': 0.9086538461538461, 'recall': 0.945, 'f1-score': 0.926470588235294, 'support': 400.0}, 'Mirai': {'precision': 0.9434447300771208, 'recall': 0.9175, 'f1-score': 0.9302915082382762, 'support': 400.0}, 'Scan': {'precision': 0.9445843828715366, 'recall': 0.9375, 'f1-score': 0.9410288582183187, 'support': 400.0}, 'accuracy': 0.9575, 'macro avg': {'precision': 0.9578290541320585, 'recall': 0.9574999999999999, 'f1-score': 0.9575531784070496, 'support': 2000.0}, 'weighted avg': {'precision': 0.9578290541320584, 'recall': 0.9575, 'f1-score': 0.9575531784070493, 'support': 2000.0}}","[[395   0   2   3   0]
 [  0 400   0   0   0]
 [  1   0 378  10  11]
 [  1   0  21 367  11]
 [  1   0  15   9 375]]",7.961069345474243,0.03620338439941406
234,IoTID20,-1,None,StandardScaler,RF,0.871241349005772,-1,-1,95.86,89.64999999999999,2.5875,89.97116676446139,89.691225194977,-1,"{'0Normal': {'precision': 0.9622166246851386, 'recall': 0.955, 'f1-score': 0.958594730238394, 'support': 400.0}, 'DoS': {'precision': 1.0, 'recall': 1.0, 'f1-score': 1.0, 'support': 400.0}, 'MITM ARP Spoofing': {'precision': 0.7817371937639198, 'recall': 0.8775, 'f1-score': 0.8268551236749117, 'support': 400.0}, 'Mirai': {'precision': 0.9096045197740112, 'recall': 0.805, 'f1-score': 0.8541114058355438, 'support': 400.0}, 'Scan': {'precision': 0.845, 'recall': 0.845, 'f1-score': 0.845, 'support': 400.0}, 'accuracy': 0.8965, 'macro avg': {'precision': 0.8997116676446139, 'recall': 0.8965, 'f1-score': 0.8969122519497699, 'support': 2000.0}, 'weighted avg': {'precision': 0.899711667644614, 'recall': 0.8965, 'f1-score': 0.8969122519497699, 'support': 2000.0}}","[[382   0   6   4   8]
 [  0 400   0   0   0]
 [  5   0 351  14  30]
 [  6   0  48 322  24]
 [  4   0  44  14 338]]",1.8323900699615479,0.05843234062194824
235,IoTID20,-1,None,StandardScaler,NuSVC,0.757589821047334,-1,-1,92.12,80.3,4.925,82.01869930082232,80.54867776643307,-1,"{'0Normal': {'precision': 0.910941475826972, 'recall': 0.895, 'f1-score': 0.9029003783102144, 'support': 400.0}, 'DoS': {'precision': 0.9947916666666666, 'recall': 0.955, 'f1-score': 0.9744897959183673, 'support': 400.0}, 'MITM ARP Spoofing': {'precision': 0.588021778584392, 'recall': 0.81, 'f1-score': 0.6813880126182965, 'support': 400.0}, 'Mirai': {'precision': 0.8467966573816156, 'recall': 0.76, 'f1-score': 0.8010540184453229, 'support': 400.0}, 'Scan': {'precision': 0.7603833865814696, 'recall': 0.595, 'f1-score': 0.6676016830294529, 'support': 400.0}, 'accuracy': 0.803, 'macro avg': {'precision': 0.8201869930082232, 'recall': 0.8029999999999999, 'f1-score': 0.8054867776643307, 'support': 2000.0}, 'weighted avg': {'precision': 0.8201869930082232, 'recall': 0.803, 'f1-score': 0.805486777664331, 'support': 2000.0}}","[[358   1  16   4  21]
 [  2 382   0  16   0]
 [  7   0 324  28  41]
 [ 19   0  64 304  13]
 [  7   1 147   7 238]]",3.7467219829559326,0.4728834629058838
236,IoTID20,-1,None,StandardScaler,SGD,0.7240541957353734,-1,-1,91.14,77.85,5.5375,78.32830540815692,77.86414089853174,-1,"{'0Normal': {'precision': 0.8157303370786517, 'recall': 0.9075, 'f1-score': 0.8591715976331361, 'support': 400.0}, 'DoS': {'precision': 1.0, 'recall': 0.9925, 'f1-score': 0.9962358845671266, 'support': 400.0}, 'MITM ARP Spoofing': {'precision': 0.6411483253588517, 'recall': 0.67, 'f1-score': 0.6552567237163816, 'support': 400.0}, 'Mirai': {'precision': 0.8523076923076923, 'recall': 0.6925, 'f1-score': 0.7641379310344828, 'support': 400.0}, 'Scan': {'precision': 0.6072289156626506, 'recall': 0.63, 'f1-score': 0.6184049079754601, 'support': 400.0}, 'accuracy': 0.7785, 'macro avg': {'precision': 0.7832830540815693, 'recall': 0.7785, 'f1-score': 0.7786414089853174, 'support': 2000.0}, 'weighted avg': {'precision': 0.7832830540815693, 'recall': 0.7785, 'f1-score': 0.7786414089853175, 'support': 2000.0}}","[[363   0  10   1  26]
 [  3 397   0   0   0]
 [ 13   0 268  21  98]
 [ 27   0  57 277  39]
 [ 39   0  83  26 252]]",1.538048505783081,0.006478071212768555
237,IoTID20,-1,sigmoid,StandardScaler,HHHv2,0.5896105921004752,-1,-1,86.76,66.2331098105105,8.275,66.89999999999999,65.78573393750608,-1,"{'0Normal': {'precision': 0.7025, 'recall': 0.7762430939226519, 'f1-score': 0.73753280839895, 'support': 362.0}, 'DoS': {'precision': 1.0, 'recall': 0.8016032064128257, 'f1-score': 0.8898776418242492, 'support': 499.0}, 'MITM ARP Spoofing': {'precision': 0.5925, 'recall': 0.5808823529411765, 'f1-score': 0.5866336633663367, 'support': 408.0}, 'Mirai': {'precision': 0.3775, 'recall': 0.583011583011583, 'f1-score': 0.4582701062215478, 'support': 259.0}, 'Scan': {'precision': 0.6725, 'recall': 0.5699152542372882, 'f1-score': 0.6169724770642202, 'support': 472.0}, 'accuracy': 0.669, 'macro avg': {'precision': 0.6689999999999999, 'recall': 0.662331098105105, 'f1-score': 0.6578573393750607, 'support': 2000.0}, 'weighted avg': {'precision': 0.7051187500000001, 'recall': 0.669, 'f1-score': 0.6801426606249392, 'support': 2000.0}}","[[281   0  12  57  12]
 [ 24 400  22  39  14]
 [ 29   0 237  73  69]
 [ 34   0  38 151  36]
 [ 32   0  91  80 269]]",1083.49929022789,0.20301556587219238
238,IoTID20,2,None,MinMaxScaler,KNN,0.6752747700103122,-1,-1,89.58,73.94999999999999,6.5125,73.98405209995195,73.78534197575704,-1,"{'0Normal': {'precision': 0.7327586206896551, 'recall': 0.85, 'f1-score': 0.787037037037037, 'support': 400.0}, 'DoS': {'precision': 0.9925, 'recall': 0.9925, 'f1-score': 0.9925, 'support': 400.0}, 'MITM ARP Spoofing': {'precision': 0.5437352245862884, 'recall': 0.575, 'f1-score': 0.5589307411907656, 'support': 400.0}, 'Mirai': {'precision': 0.8571428571428571, 'recall': 0.78, 'f1-score': 0.8167539267015708, 'support': 400.0}, 'Scan': {'precision': 0.5730659025787965, 'recall': 0.5, 'f1-score': 0.5340453938584779, 'support': 400.0}, 'accuracy': 0.7395, 'macro avg': {'precision': 0.7398405209995195, 'recall': 0.7394999999999999, 'f1-score': 0.7378534197575704, 'support': 2000.0}, 'weighted avg': {'precision': 0.7398405209995194, 'recall': 0.7395, 'f1-score': 0.7378534197575702, 'support': 2000.0}}","[[340   1  11   1  47]
 [  3 397   0   0   0]
 [ 70   0 230  27  73]
 [ 24   0  35 312  29]
 [ 27   2 147  24 200]]",0.002289295196533203,0.13532066345214844
239,IoTID20,2,None,MinMaxScaler,LDA,0.6998894856072593,-1,-1,90.3,75.75,6.0625,77.62125566890026,76.19469275762825,-1,"{'0Normal': {'precision': 0.9487179487179487, 'recall': 0.8325, 'f1-score': 0.8868175765645806, 'support': 400.0}, 'DoS': {'precision': 0.9851485148514851, 'recall': 0.995, 'f1-score': 0.9900497512437811, 'support': 400.0}, 'MITM ARP Spoofing': {'precision': 0.5580110497237569, 'recall': 0.505, 'f1-score': 0.5301837270341208, 'support': 400.0}, 'Mirai': {'precision': 0.8504398826979472, 'recall': 0.725, 'f1-score': 0.7827260458839407, 'support': 400.0}, 'Scan': {'precision': 0.5387453874538746, 'recall': 0.73, 'f1-score': 0.6199575371549894, 'support': 400.0}, 'accuracy': 0.7575, 'macro avg': {'precision': 0.7762125566890026, 'recall': 0.7575000000000001, 'f1-score': 0.7619469275762825, 'support': 2000.0}, 'weighted avg': {'precision': 0.7762125566890025, 'recall': 0.7575, 'f1-score': 0.7619469275762826, 'support': 2000.0}}","[[333   0  17  17  33]
 [  0 398   1   1   0]
 [  6   0 202  19 173]
 [  8   4  54 290  44]
 [  4   2  88  14 292]]",1.4235610961914062,0.011178970336914062
240,IoTID20,2,None,MinMaxScaler,MLP,0.7372780185677957,-1,-1,91.32000000000001,78.30000000000001,5.425,81.4459343549715,78.62861453603973,-1,"{'0Normal': {'precision': 0.9559228650137741, 'recall': 0.8675, 'f1-score': 0.9095674967234599, 'support': 400.0}, 'DoS': {'precision': 0.9900249376558603, 'recall': 0.9925, 'f1-score': 0.9912609238451936, 'support': 400.0}, 'MITM ARP Spoofing': {'precision': 0.5301587301587302, 'recall': 0.835, 'f1-score': 0.6485436893203884, 'support': 400.0}, 'Mirai': {'precision': 0.9341692789968652, 'recall': 0.745, 'f1-score': 0.8289290681502087, 'support': 400.0}, 'Scan': {'precision': 0.662020905923345, 'recall': 0.475, 'f1-score': 0.5531295487627365, 'support': 400.0}, 'accuracy': 0.783, 'macro avg': {'precision': 0.8144593435497149, 'recall': 0.7830000000000001, 'f1-score': 0.7862861453603973, 'support': 2000.0}, 'weighted avg': {'precision': 0.8144593435497149, 'recall': 0.783, 'f1-score': 0.7862861453603973, 'support': 2000.0}}","[[347   0  28   3  22]
 [  3 397   0   0   0]
 [  4   0 334   8  54]
 [  3   2  76 298  21]
 [  6   2 192  10 190]]",3.7957935333251953,0.048609018325805664
241,IoTID20,2,None,MinMaxScaler,LGBM,0.8785981101849712,-1,-1,96.08,90.19999999999999,2.45,90.42874965174414,90.10581150586623,-1,"{'0Normal': {'precision': 0.9539951573849879, 'recall': 0.985, 'f1-score': 0.9692496924969248, 'support': 400.0}, 'DoS': {'precision': 1.0, 'recall': 1.0, 'f1-score': 1.0, 'support': 400.0}, 'MITM ARP Spoofing': {'precision': 0.8676470588235294, 'recall': 0.7375, 'f1-score': 0.7972972972972973, 'support': 400.0}, 'Mirai': {'precision': 0.9114583333333334, 'recall': 0.875, 'f1-score': 0.8928571428571429, 'support': 400.0}, 'Scan': {'precision': 0.7883369330453563, 'recall': 0.9125, 'f1-score': 0.8458864426419467, 'support': 400.0}, 'accuracy': 0.902, 'macro avg': {'precision': 0.9042874965174414, 'recall': 0.9019999999999999, 'f1-score': 0.9010581150586623, 'support': 2000.0}, 'weighted avg': {'precision': 0.9042874965174413, 'recall': 0.902, 'f1-score': 0.9010581150586623, 'support': 2000.0}}","[[394   0   3   3   0]
 [  0 400   0   0   0]
 [ 13   0 295  19  73]
 [  4   0  21 350  25]
 [  2   0  21  12 365]]",14.193467378616333,0.037153005599975586
242,IoTID20,2,None,MinMaxScaler,RF,0.8201937281813519,-1,-1,94.17999999999999,85.44999999999999,3.6374999999999997,85.99051277539296,85.32133239391939,-1,"{'0Normal': {'precision': 0.9242053789731052, 'recall': 0.945, 'f1-score': 0.934487021013597, 'support': 400.0}, 'DoS': {'precision': 1.0, 'recall': 0.995, 'f1-score': 0.9974937343358395, 'support': 400.0}, 'MITM ARP Spoofing': {'precision': 0.827922077922078, 'recall': 0.6375, 'f1-score': 0.7203389830508474, 'support': 400.0}, 'Mirai': {'precision': 0.8492462311557789, 'recall': 0.845, 'f1-score': 0.8471177944862155, 'support': 400.0}, 'Scan': {'precision': 0.6981519507186859, 'recall': 0.85, 'f1-score': 0.7666290868094701, 'support': 400.0}, 'accuracy': 0.8545, 'macro avg': {'precision': 0.8599051277539296, 'recall': 0.8544999999999998, 'f1-score': 0.8532133239391939, 'support': 2000.0}, 'weighted avg': {'precision': 0.8599051277539296, 'recall': 0.8545, 'f1-score': 0.8532133239391938, 'support': 2000.0}}","[[378   0   4   6  12]
 [  2 398   0   0   0]
 [ 17   0 255  25 103]
 [  3   0  27 338  32]
 [  9   0  22  29 340]]",0.9784553050994873,0.0656285285949707
243,IoTID20,2,None,MinMaxScaler,NuSVC,0.6870780949209683,-1,-1,89.84,74.6,6.35,74.74749044274486,73.80777721833348,-1,"{'0Normal': {'precision': 0.7882096069868996, 'recall': 0.9025, 'f1-score': 0.8414918414918415, 'support': 400.0}, 'DoS': {'precision': 0.9949622166246851, 'recall': 0.9875, 'f1-score': 0.9912170639899623, 'support': 400.0}, 'MITM ARP Spoofing': {'precision': 0.5421455938697318, 'recall': 0.7075, 'f1-score': 0.6138828633405641, 'support': 400.0}, 'Mirai': {'precision': 0.8063660477453581, 'recall': 0.76, 'f1-score': 0.7824967824967825, 'support': 400.0}, 'Scan': {'precision': 0.6056910569105691, 'recall': 0.3725, 'f1-score': 0.46130030959752316, 'support': 400.0}, 'accuracy': 0.746, 'macro avg': {'precision': 0.7474749044274487, 'recall': 0.746, 'f1-score': 0.7380777721833348, 'support': 2000.0}, 'weighted avg': {'precision': 0.7474749044274487, 'recall': 0.746, 'f1-score': 0.7380777721833347, 'support': 2000.0}}","[[361   0  14  10  15]
 [  1 395   0   4   0]
 [ 30   0 283  26  61]
 [ 25   0  50 304  21]
 [ 41   2 175  33 149]]",1.0963220596313477,2.5229015350341797
244,IoTID20,2,None,MinMaxScaler,SGD,0.5790091951758048,-1,-1,84.61999999999999,61.55,9.6125,72.1295838803701,55.73000357123564,-1,"{'0Normal': {'precision': 0.8228438228438228, 'recall': 0.8825, 'f1-score': 0.8516284680337756, 'support': 400.0}, 'DoS': {'precision': 0.9925373134328358, 'recall': 0.9975, 'f1-score': 0.9950124688279303, 'support': 400.0}, 'MITM ARP Spoofing': {'precision': 0.6904761904761905, 'recall': 0.0725, 'f1-score': 0.13122171945701355, 'support': 400.0}, 'Mirai': {'precision': 0.3694390715667311, 'recall': 0.955, 'f1-score': 0.5327754532775453, 'support': 400.0}, 'Scan': {'precision': 0.7311827956989247, 'recall': 0.17, 'f1-score': 0.27586206896551724, 'support': 400.0}, 'accuracy': 0.6155, 'macro avg': {'precision': 0.7212958388037011, 'recall': 0.6154999999999999, 'f1-score': 0.5573000357123564, 'support': 2000.0}, 'weighted avg': {'precision': 0.7212958388037011, 'recall': 0.6155, 'f1-score': 0.5573000357123563, 'support': 2000.0}}","[[353   0   3  40   4]
 [  1 399   0   0   0]
 [ 30   0  29 328  13]
 [  6   1   3 382   8]
 [ 39   2   7 284  68]]",0.9832851886749268,0.0048828125
245,IoTID20,2,None,MinMaxScaler,HHHv2,0.7256937389721355,-1,-1,91.08000000000001,78.30716805197213,5.575,77.69999999999999,77.25932088858025,-1,"{'0Normal': {'precision': 0.8825, 'recall': 0.9145077720207254, 'f1-score': 0.8982188295165394, 'support': 386.0}, 'DoS': {'precision': 1.0, 'recall': 0.970873786407767, 'f1-score': 0.9852216748768473, 'support': 412.0}, 'MITM ARP Spoofing': {'precision': 0.4375, 'recall': 0.6410256410256411, 'f1-score': 0.5200594353640416, 'support': 273.0}, 'Mirai': {'precision': 0.7675, 'recall': 0.8078947368421052, 'f1-score': 0.787179487179487, 'support': 380.0}, 'Scan': {'precision': 0.7975, 'recall': 0.581056466302368, 'f1-score': 0.672286617492097, 'support': 549.0}, 'accuracy': 0.777, 'macro avg': {'precision': 0.7769999999999999, 'recall': 0.7830716805197213, 'f1-score': 0.7725932088858025, 'support': 2000.0}, 'weighted avg': {'precision': 0.8007799999999999, 'recall': 0.777, 'f1-score': 0.7814067911141974, 'support': 2000.0}}","[[353   0  11   9  13]
 [  2 400   4   4   2]
 [ 11   0 175  41  46]
 [  9   0  44 307  20]
 [ 25   0 166  39 319]]",2.508532762527466,0.11377191543579102
246,IoTID20,2,None,MinMaxScaler,KNN,0.6937962248895478,-1,-1,90.16,75.4,6.15,74.98713175658303,74.94202544917017,-1,"{'0Normal': {'precision': 0.8441247002398081, 'recall': 0.88, 'f1-score': 0.861689106487148, 'support': 400.0}, 'DoS': {'precision': 0.9925, 'recall': 0.9925, 'f1-score': 0.9925, 'support': 400.0}, 'MITM ARP Spoofing': {'precision': 0.578125, 'recall': 0.555, 'f1-score': 0.5663265306122448, 'support': 400.0}, 'Mirai': {'precision': 0.6926315789473684, 'recall': 0.8225, 'f1-score': 0.752, 'support': 400.0}, 'Scan': {'precision': 0.6419753086419753, 'recall': 0.52, 'f1-score': 0.574585635359116, 'support': 400.0}, 'accuracy': 0.754, 'macro avg': {'precision': 0.7498713175658303, 'recall': 0.754, 'f1-score': 0.7494202544917017, 'support': 2000.0}, 'weighted avg': {'precision': 0.7498713175658303, 'recall': 0.754, 'f1-score': 0.7494202544917018, 'support': 2000.0}}","[[352   1  13   6  28]
 [  3 397   0   0   0]
 [ 40   0 222  72  66]
 [ 12   0  37 329  22]
 [ 10   2 112  68 208]]",0.0036437511444091797,0.1667013168334961
247,IoTID20,2,None,MinMaxScaler,LDA,0.7170024854412462,-1,-1,90.84,77.1,5.7250000000000005,77.95403993955075,76.96738577382965,-1,"{'0Normal': {'precision': 0.9325842696629213, 'recall': 0.83, 'f1-score': 0.8783068783068783, 'support': 400.0}, 'DoS': {'precision': 0.9875930521091811, 'recall': 0.995, 'f1-score': 0.991282689912827, 'support': 400.0}, 'MITM ARP Spoofing': {'precision': 0.64, 'recall': 0.48, 'f1-score': 0.5485714285714285, 'support': 400.0}, 'Mirai': {'precision': 0.7469586374695864, 'recall': 0.7675, 'f1-score': 0.7570900123304563, 'support': 400.0}, 'Scan': {'precision': 0.590566037735849, 'recall': 0.7825, 'f1-score': 0.6731182795698925, 'support': 400.0}, 'accuracy': 0.771, 'macro avg': {'precision': 0.7795403993955076, 'recall': 0.7709999999999999, 'f1-score': 0.7696738577382964, 'support': 2000.0}, 'weighted avg': {'precision': 0.7795403993955076, 'recall': 0.771, 'f1-score': 0.7696738577382964, 'support': 2000.0}}","[[332   0  16  22  30]
 [  0 398   0   0   2]
 [  7   0 192  56 145]
 [  9   3  41 307  40]
 [  8   2  51  26 313]]",3.0543832778930664,0.0055272579193115234
248,IoTID20,2,None,MinMaxScaler,MLP,0.6975433273296161,-1,-1,89.98,74.94999999999999,6.2625,76.1961108278015,72.76458418907227,-1,"{'0Normal': {'precision': 0.8416075650118203, 'recall': 0.89, 'f1-score': 0.865127582017011, 'support': 400.0}, 'DoS': {'precision': 0.99, 'recall': 0.99, 'f1-score': 0.99, 'support': 400.0}, 'MITM ARP Spoofing': {'precision': 0.7338129496402878, 'recall': 0.255, 'f1-score': 0.3784786641929499, 'support': 400.0}, 'Mirai': {'precision': 0.6686274509803921, 'recall': 0.8525, 'f1-score': 0.7494505494505496, 'support': 400.0}, 'Scan': {'precision': 0.5757575757575758, 'recall': 0.76, 'f1-score': 0.6551724137931034, 'support': 400.0}, 'accuracy': 0.7495, 'macro avg': {'precision': 0.7619611082780151, 'recall': 0.7494999999999999, 'f1-score': 0.7276458418907227, 'support': 2000.0}, 'weighted avg': {'precision': 0.7619611082780152, 'recall': 0.7495, 'f1-score': 0.7276458418907228, 'support': 2000.0}}","[[356   0   1  23  20]
 [  4 396   0   0   0]
 [ 22   0 102 111 165]
 [  5   2  13 341  39]
 [ 36   2  23  35 304]]",11.005741119384766,0.01496434211730957
249,IoTID20,2,None,MinMaxScaler,LGBM,0.9049993821499597,-1,-1,96.94,92.35,1.9124999999999999,92.49554317968203,92.29538359933238,-1,"{'0Normal': {'precision': 0.9874371859296482, 'recall': 0.9825, 'f1-score': 0.9849624060150376, 'support': 400.0}, 'DoS': {'precision': 1.0, 'recall': 0.9975, 'f1-score': 0.9987484355444306, 'support': 400.0}, 'MITM ARP Spoofing': {'precision': 0.9106628242074928, 'recall': 0.79, 'f1-score': 0.8460508701472558, 'support': 400.0}, 'Mirai': {'precision': 0.8611111111111112, 'recall': 0.93, 'f1-score': 0.8942307692307692, 'support': 400.0}, 'Scan': {'precision': 0.8655660377358491, 'recall': 0.9175, 'f1-score': 0.8907766990291263, 'support': 400.0}, 'accuracy': 0.9235, 'macro avg': {'precision': 0.9249554317968203, 'recall': 0.9235, 'f1-score': 0.9229538359933238, 'support': 2000.0}, 'weighted avg': {'precision': 0.9249554317968203, 'recall': 0.9235, 'f1-score': 0.9229538359933239, 'support': 2000.0}}","[[393   0   1   5   1]
 [  1 399   0   0   0]
 [  2   0 316  38  44]
 [  2   0  14 372  12]
 [  0   0  16  17 367]]",12.058473587036133,0.013548135757446289
250,IoTID20,2,None,MinMaxScaler,RF,0.8127447931627358,-1,-1,93.96,84.89999999999999,3.775,85.07763227818997,84.676709686602,-1,"{'0Normal': {'precision': 0.9315403422982885, 'recall': 0.9525, 'f1-score': 0.9419035846724351, 'support': 400.0}, 'DoS': {'precision': 1.0, 'recall': 0.995, 'f1-score': 0.9974937343358395, 'support': 400.0}, 'MITM ARP Spoofing': {'precision': 0.8102893890675241, 'recall': 0.63, 'f1-score': 0.7088607594936709, 'support': 400.0}, 'Mirai': {'precision': 0.7626373626373626, 'recall': 0.8675, 'f1-score': 0.8116959064327485, 'support': 400.0}, 'Scan': {'precision': 0.7494145199063232, 'recall': 0.8, 'f1-score': 0.7738814993954051, 'support': 400.0}, 'accuracy': 0.849, 'macro avg': {'precision': 0.8507763227818996, 'recall': 0.849, 'f1-score': 0.8467670968660199, 'support': 2000.0}, 'weighted avg': {'precision': 0.8507763227818999, 'recall': 0.849, 'f1-score': 0.8467670968660198, 'support': 2000.0}}","[[381   0   4   4  11]
 [  2 398   0   0   0]
 [  6   0 252  65  77]
 [  5   0  29 347  19]
 [ 15   0  26  39 320]]",1.6985061168670654,0.040640830993652344
251,IoTID20,2,None,MinMaxScaler,NuSVC,0.6442804489479377,-1,-1,88.3,70.75,7.3125,72.44422689630424,69.71886861624824,-1,"{'0Normal': {'precision': 0.8137931034482758, 'recall': 0.885, 'f1-score': 0.8479041916167663, 'support': 400.0}, 'DoS': {'precision': 0.9949622166246851, 'recall': 0.9875, 'f1-score': 0.9912170639899623, 'support': 400.0}, 'MITM ARP Spoofing': {'precision': 0.5820433436532507, 'recall': 0.47, 'f1-score': 0.5200553250345782, 'support': 400.0}, 'Mirai': {'precision': 0.5157728706624606, 'recall': 0.8175, 'f1-score': 0.632495164410058, 'support': 400.0}, 'Scan': {'precision': 0.7156398104265402, 'recall': 0.3775, 'f1-score': 0.49427168576104746, 'support': 400.0}, 'accuracy': 0.7075, 'macro avg': {'precision': 0.7244422689630424, 'recall': 0.7075, 'f1-score': 0.6971886861624824, 'support': 2000.0}, 'weighted avg': {'precision': 0.7244422689630424, 'recall': 0.7075, 'f1-score': 0.6971886861624825, 'support': 2000.0}}","[[354   0  20  11  15]
 [  5 395   0   0   0]
 [ 24   0 188 158  30]
 [ 14   0  44 327  15]
 [ 38   2  71 138 151]]",11.21433401107788,34.5740168094635
252,IoTID20,2,None,MinMaxScaler,SGD,0.5454676802563933,-1,-1,82.88,57.199999999999996,10.7,71.14909332025178,52.86539438796702,-1,"{'0Normal': {'precision': 0.9961685823754789, 'recall': 0.65, 'f1-score': 0.7866868381240546, 'support': 400.0}, 'DoS': {'precision': 0.9950124688279302, 'recall': 0.9975, 'f1-score': 0.9962546816479401, 'support': 400.0}, 'MITM ARP Spoofing': {'precision': 0.5454545454545454, 'recall': 0.015, 'f1-score': 0.029197080291970802, 'support': 400.0}, 'Mirai': {'precision': 0.3238493723849372, 'recall': 0.9675, 'f1-score': 0.4852664576802508, 'support': 400.0}, 'Scan': {'precision': 0.696969696969697, 'recall': 0.23, 'f1-score': 0.3458646616541353, 'support': 400.0}, 'accuracy': 0.572, 'macro avg': {'precision': 0.7114909332025178, 'recall': 0.572, 'f1-score': 0.5286539438796702, 'support': 2000.0}, 'weighted avg': {'precision': 0.7114909332025177, 'recall': 0.572, 'f1-score': 0.5286539438796704, 'support': 2000.0}}","[[260   0   0 137   3]
 [  1 399   0   0   0]
 [  0   0   6 367  27]
 [  0   0   3 387  10]
 [  0   2   2 304  92]]",3.033428430557251,0.005331277847290039
253,IoTID20,2,rbf,MinMaxScaler,HHHv2,0.7243440148369498,-1,-1,91.10000000000001,77.71128887297884,5.5625,77.75000000000001,77.21657656237527,-1,"{'0Normal': {'precision': 0.89, 'recall': 0.8725490196078431, 'f1-score': 0.8811881188118812, 'support': 408.0}, 'DoS': {'precision': 0.995, 'recall': 0.9851485148514851, 'f1-score': 0.9900497512437811, 'support': 404.0}, 'MITM ARP Spoofing': {'precision': 0.4725, 'recall': 0.6847826086956522, 'f1-score': 0.5591715976331361, 'support': 276.0}, 'Mirai': {'precision': 0.8075, 'recall': 0.7161862527716186, 'f1-score': 0.7591069330199766, 'support': 451.0}, 'Scan': {'precision': 0.7225, 'recall': 0.6268980477223427, 'f1-score': 0.6713124274099883, 'support': 461.0}, 'accuracy': 0.7775, 'macro avg': {'precision': 0.7775000000000001, 'recall': 0.7771128887297885, 'f1-score': 0.7721657656237526, 'support': 2000.0}, 'weighted avg': {'precision': 0.7963825000000001, 'recall': 0.7775, 'f1-score': 0.7828342343762473, 'support': 2000.0}}","[[356   0  15  10  27]
 [  0 398   1   3   2]
 [ 12   1 189  33  41]
 [ 12   0  75 323  41]
 [ 20   1 120  31 289]]",6.763627290725708,0.1757335662841797
254,IoTID20,2,None,MinMaxScaler,KNN,0.7186694631413935,-1,-1,90.96,77.39999999999999,5.65,77.05729748927706,76.99389963317402,-1,"{'0Normal': {'precision': 0.8429561200923787, 'recall': 0.9125, 'f1-score': 0.8763505402160864, 'support': 400.0}, 'DoS': {'precision': 0.9925, 'recall': 0.9925, 'f1-score': 0.9925, 'support': 400.0}, 'MITM ARP Spoofing': {'precision': 0.5658198614318707, 'recall': 0.6125, 'f1-score': 0.5882352941176471, 'support': 400.0}, 'Mirai': {'precision': 0.8009478672985783, 'recall': 0.845, 'f1-score': 0.8223844282238443, 'support': 400.0}, 'Scan': {'precision': 0.6506410256410257, 'recall': 0.5075, 'f1-score': 0.5702247191011236, 'support': 400.0}, 'accuracy': 0.774, 'macro avg': {'precision': 0.7705729748927707, 'recall': 0.7739999999999999, 'f1-score': 0.7699389963317402, 'support': 2000.0}, 'weighted avg': {'precision': 0.7705729748927707, 'recall': 0.774, 'f1-score': 0.7699389963317403, 'support': 2000.0}}","[[365   1  10   3  21]
 [  3 397   0   0   0]
 [ 31   0 245  57  67]
 [  9   0  32 338  21]
 [ 25   2 146  24 203]]",0.033945560455322266,0.3352172374725342
255,IoTID20,2,None,MinMaxScaler,LDA,0.7070992500575716,-1,-1,90.60000000000001,76.5,5.875,77.16527181084783,76.67809281427682,-1,"{'0Normal': {'precision': 0.9444444444444444, 'recall': 0.85, 'f1-score': 0.8947368421052632, 'support': 400.0}, 'DoS': {'precision': 0.9851485148514851, 'recall': 0.995, 'f1-score': 0.9900497512437811, 'support': 400.0}, 'MITM ARP Spoofing': {'precision': 0.5961538461538461, 'recall': 0.5425, 'f1-score': 0.5680628272251308, 'support': 400.0}, 'Mirai': {'precision': 0.7568238213399504, 'recall': 0.7625, 'f1-score': 0.7596513075965131, 'support': 400.0}, 'Scan': {'precision': 0.5756929637526652, 'recall': 0.675, 'f1-score': 0.6214039125431531, 'support': 400.0}, 'accuracy': 0.765, 'macro avg': {'precision': 0.7716527181084782, 'recall': 0.765, 'f1-score': 0.7667809281427682, 'support': 2000.0}, 'weighted avg': {'precision': 0.7716527181084782, 'recall': 0.765, 'f1-score': 0.7667809281427683, 'support': 2000.0}}","[[340   0  15  18  27]
 [  0 398   0   0   2]
 [  6   0 217  43 134]
 [  9   4  46 305  36]
 [  5   2  86  37 270]]",10.211726903915405,0.005175352096557617
256,IoTID20,2,None,MinMaxScaler,MLP,0.7165842829332532,-1,-1,90.88000000000001,77.2,5.7,77.29502051724147,76.94259712603369,-1,"{'0Normal': {'precision': 0.9336734693877551, 'recall': 0.915, 'f1-score': 0.9242424242424242, 'support': 400.0}, 'DoS': {'precision': 0.99, 'recall': 0.99, 'f1-score': 0.99, 'support': 400.0}, 'MITM ARP Spoofing': {'precision': 0.5973154362416108, 'recall': 0.6675, 'f1-score': 0.6304604486422667, 'support': 400.0}, 'Mirai': {'precision': 0.6967032967032967, 'recall': 0.7925, 'f1-score': 0.7415204678362572, 'support': 400.0}, 'Scan': {'precision': 0.6470588235294118, 'recall': 0.495, 'f1-score': 0.5609065155807366, 'support': 400.0}, 'accuracy': 0.772, 'macro avg': {'precision': 0.7729502051724148, 'recall': 0.772, 'f1-score': 0.7694259712603368, 'support': 2000.0}, 'weighted avg': {'precision': 0.7729502051724149, 'recall': 0.772, 'f1-score': 0.769425971260337, 'support': 2000.0}}","[[366   0  13   8  13]
 [  4 396   0   0   0]
 [  8   0 267  53  72]
 [  6   2  52 317  23]
 [  8   2 115  77 198]]",14.419451475143433,0.019621849060058594
257,IoTID20,2,None,MinMaxScaler,LGBM,0.9294659178317556,-1,-1,97.74000000000001,94.35,1.4125,94.38163398364449,94.34804970064683,-1,"{'0Normal': {'precision': 0.9899497487437185, 'recall': 0.985, 'f1-score': 0.9874686716791979, 'support': 400.0}, 'DoS': {'precision': 1.0, 'recall': 1.0, 'f1-score': 1.0, 'support': 400.0}, 'MITM ARP Spoofing': {'precision': 0.918848167539267, 'recall': 0.8775, 'f1-score': 0.8976982097186701, 'support': 400.0}, 'Mirai': {'precision': 0.9205955334987593, 'recall': 0.9275, 'f1-score': 0.9240348692403487, 'support': 400.0}, 'Scan': {'precision': 0.8896882494004796, 'recall': 0.9275, 'f1-score': 0.9082007343941249, 'support': 400.0}, 'accuracy': 0.9435, 'macro avg': {'precision': 0.9438163398364449, 'recall': 0.9435, 'f1-score': 0.9434804970064683, 'support': 2000.0}, 'weighted avg': {'precision': 0.943816339836445, 'recall': 0.9435, 'f1-score': 0.9434804970064681, 'support': 2000.0}}","[[394   0   1   4   1]
 [  0 400   0   0   0]
 [  2   0 351  17  30]
 [  2   0  12 371  15]
 [  0   0  18  11 371]]",46.12153196334839,0.016852855682373047
258,IoTID20,2,None,MinMaxScaler,RF,0.8341137007340953,-1,-1,94.67999999999999,86.7,3.325,86.77425734389226,86.66540773902884,-1,"{'0Normal': {'precision': 0.9475, 'recall': 0.9475, 'f1-score': 0.9475, 'support': 400.0}, 'DoS': {'precision': 1.0, 'recall': 0.995, 'f1-score': 0.9974937343358395, 'support': 400.0}, 'MITM ARP Spoofing': {'precision': 0.8161559888579387, 'recall': 0.7325, 'f1-score': 0.7720685111989459, 'support': 400.0}, 'Mirai': {'precision': 0.7935034802784223, 'recall': 0.855, 'f1-score': 0.8231046931407943, 'support': 400.0}, 'Scan': {'precision': 0.7815533980582524, 'recall': 0.805, 'f1-score': 0.7931034482758621, 'support': 400.0}, 'accuracy': 0.867, 'macro avg': {'precision': 0.8677425734389226, 'recall': 0.867, 'f1-score': 0.8666540773902884, 'support': 2000.0}, 'weighted avg': {'precision': 0.8677425734389227, 'recall': 0.867, 'f1-score': 0.8666540773902885, 'support': 2000.0}}","[[379   0   3   2  16]
 [  2 398   0   0   0]
 [  4   0 293  52  51]
 [  4   0  31 342  23]
 [ 11   0  32  35 322]]",1.4926626682281494,0.03058648109436035
259,IoTID20,2,None,MinMaxScaler,NuSVC,0.7243834533451216,-1,-1,90.9,77.25000000000001,5.6875,78.99998484648995,76.52180443291574,-1,"{'0Normal': {'precision': 0.830316742081448, 'recall': 0.9175, 'f1-score': 0.8717339667458431, 'support': 400.0}, 'DoS': {'precision': 0.9949622166246851, 'recall': 0.9875, 'f1-score': 0.9912170639899623, 'support': 400.0}, 'MITM ARP Spoofing': {'precision': 0.540268456375839, 'recall': 0.805, 'f1-score': 0.6465863453815262, 'support': 400.0}, 'Mirai': {'precision': 0.8914285714285715, 'recall': 0.78, 'f1-score': 0.8320000000000001, 'support': 400.0}, 'Scan': {'precision': 0.6930232558139535, 'recall': 0.3725, 'f1-score': 0.48455284552845523, 'support': 400.0}, 'accuracy': 0.7725, 'macro avg': {'precision': 0.7899998484648995, 'recall': 0.7725000000000001, 'f1-score': 0.7652180443291574, 'support': 2000.0}, 'weighted avg': {'precision': 0.7899998484648993, 'recall': 0.7725, 'f1-score': 0.7652180443291573, 'support': 2000.0}}","[[367   0  16   4  13]
 [  5 395   0   0   0]
 [ 14   0 322  23  41]
 [ 15   0  61 312  12]
 [ 41   2 197  11 149]]",3.421138048171997,8.593733310699463
260,IoTID20,2,None,MinMaxScaler,SGD,0.5974597004135035,-1,-1,85.66,64.14999999999999,8.9625,77.05803641134186,60.18993548775789,-1,"{'0Normal': {'precision': 0.8386308068459658, 'recall': 0.8575, 'f1-score': 0.8479604449938196, 'support': 400.0}, 'DoS': {'precision': 0.9900744416873449, 'recall': 0.9975, 'f1-score': 0.9937733499377336, 'support': 400.0}, 'MITM ARP Spoofing': {'precision': 0.6582914572864321, 'recall': 0.3275, 'f1-score': 0.4373956594323873, 'support': 400.0}, 'Mirai': {'precision': 0.39029535864978904, 'recall': 0.925, 'f1-score': 0.5489614243323442, 'support': 400.0}, 'Scan': {'precision': 0.975609756097561, 'recall': 0.1, 'f1-score': 0.18140589569160998, 'support': 400.0}, 'accuracy': 0.6415, 'macro avg': {'precision': 0.7705803641134186, 'recall': 0.6415, 'f1-score': 0.601899354877579, 'support': 2000.0}, 'weighted avg': {'precision': 0.7705803641134186, 'recall': 0.6415, 'f1-score': 0.601899354877579, 'support': 2000.0}}","[[343   0   6  50   1]
 [  1 399   0   0   0]
 [ 18   0 131 251   0]
 [  8   2  20 370   0]
 [ 39   2  42 277  40]]",12.66391134262085,0.03796243667602539
261,IoTID20,2,poly,MinMaxScaler,HHHv2,0.7269142998666898,-1,-1,91.25999999999999,78.17916909519505,5.4625,78.14999999999999,78.15712405398662,-1,"{'0Normal': {'precision': 0.905, 'recall': 0.923469387755102, 'f1-score': 0.9141414141414141, 'support': 392.0}, 'DoS': {'precision': 0.995, 'recall': 0.9900497512437811, 'f1-score': 0.9925187032418954, 'support': 402.0}, 'MITM ARP Spoofing': {'precision': 0.6325, 'recall': 0.6155717761557178, 'f1-score': 0.623921085080148, 'support': 411.0}, 'Mirai': {'precision': 0.79, 'recall': 0.7783251231527094, 'f1-score': 0.7841191066997518, 'support': 406.0}, 'Scan': {'precision': 0.585, 'recall': 0.6015424164524421, 'f1-score': 0.5931558935361216, 'support': 389.0}, 'accuracy': 0.7815, 'macro avg': {'precision': 0.7815, 'recall': 0.7817916909519506, 'f1-score': 0.7815712405398662, 'support': 2000.0}, 'weighted avg': {'precision': 0.7815062500000001, 'recall': 0.7815, 'f1-score': 0.781428759460134, 'support': 2000.0}}","[[362   0   4   7  19]
 [  0 398   0   2   2]
 [ 10   0 253  46 102]
 [ 10   0  37 316  43]
 [ 18   2 106  29 234]]",25.699564933776855,0.16737580299377441
262,IoTID20,2,None,MinMaxScaler,KNN,0.6930383316088874,-1,-1,90.14,75.35000000000001,6.1625,75.22237295124971,75.05601082306414,-1,"{'0Normal': {'precision': 0.7341513292433538, 'recall': 0.8975, 'f1-score': 0.8076490438695164, 'support': 400.0}, 'DoS': {'precision': 0.9925, 'recall': 0.9925, 'f1-score': 0.9925, 'support': 400.0}, 'MITM ARP Spoofing': {'precision': 0.5406824146981627, 'recall': 0.515, 'f1-score': 0.5275288092189501, 'support': 400.0}, 'Mirai': {'precision': 0.8626373626373627, 'recall': 0.785, 'f1-score': 0.8219895287958116, 'support': 400.0}, 'Scan': {'precision': 0.6311475409836066, 'recall': 0.5775, 'f1-score': 0.6031331592689295, 'support': 400.0}, 'accuracy': 0.7535, 'macro avg': {'precision': 0.7522237295124972, 'recall': 0.7535000000000001, 'f1-score': 0.7505601082306415, 'support': 2000.0}, 'weighted avg': {'precision': 0.7522237295124972, 'recall': 0.7535, 'f1-score': 0.7505601082306416, 'support': 2000.0}}","[[359   1  11   2  27]
 [  3 397   0   0   0]
 [ 82   0 206  26  86]
 [ 26   0  38 314  22]
 [ 19   2 126  22 231]]",0.0035552978515625,0.38744091987609863
263,IoTID20,2,None,MinMaxScaler,LDA,0.7373964182349657,-1,-1,91.53999999999999,78.85,5.2875,80.00974834050565,79.12086862683482,-1,"{'0Normal': {'precision': 0.9362880886426593, 'recall': 0.845, 'f1-score': 0.888304862023653, 'support': 400.0}, 'DoS': {'precision': 0.9851116625310173, 'recall': 0.9925, 'f1-score': 0.9887920298879203, 'support': 400.0}, 'MITM ARP Spoofing': {'precision': 0.6210526315789474, 'recall': 0.59, 'f1-score': 0.6051282051282052, 'support': 400.0}, 'Mirai': {'precision': 0.8461538461538461, 'recall': 0.7425, 'f1-score': 0.7909454061251665, 'support': 400.0}, 'Scan': {'precision': 0.6118811881188119, 'recall': 0.7725, 'f1-score': 0.6828729281767956, 'support': 400.0}, 'accuracy': 0.7885, 'macro avg': {'precision': 0.8000974834050565, 'recall': 0.7885, 'f1-score': 0.7912086862683482, 'support': 2000.0}, 'weighted avg': {'precision': 0.8000974834050565, 'recall': 0.7885, 'f1-score': 0.7912086862683481, 'support': 2000.0}}","[[338   0  19  17  26]
 [  0 397   0   3   0]
 [  8   0 236  20 136]
 [  9   4  56 297  34]
 [  6   2  69  14 309]]",3.2361538410186768,0.00707554817199707
264,IoTID20,2,None,MinMaxScaler,MLP,0.7322524927976746,-1,-1,91.2,78.0,5.5,80.11338044034177,77.75971829230753,-1,"{'0Normal': {'precision': 0.8247191011235955, 'recall': 0.9175, 'f1-score': 0.8686390532544378, 'support': 400.0}, 'DoS': {'precision': 0.99, 'recall': 0.99, 'f1-score': 0.99, 'support': 400.0}, 'MITM ARP Spoofing': {'precision': 0.5506003430531733, 'recall': 0.8025, 'f1-score': 0.6531027466937944, 'support': 400.0}, 'Mirai': {'precision': 0.9426751592356688, 'recall': 0.74, 'f1-score': 0.8291316526610645, 'support': 400.0}, 'Scan': {'precision': 0.6976744186046512, 'recall': 0.45, 'f1-score': 0.547112462006079, 'support': 400.0}, 'accuracy': 0.78, 'macro avg': {'precision': 0.8011338044034177, 'recall': 0.78, 'f1-score': 0.7775971829230752, 'support': 2000.0}, 'weighted avg': {'precision': 0.8011338044034176, 'recall': 0.78, 'f1-score': 0.7775971829230751, 'support': 2000.0}}","[[367   0  22   3   8]
 [  4 396   0   0   0]
 [ 22   0 321   6  51]
 [ 11   2  72 296  19]
 [ 41   2 168   9 180]]",42.500916957855225,0.010142803192138672
265,IoTID20,2,None,MinMaxScaler,LGBM,0.8970801833070845,-1,-1,96.67999999999999,91.7,2.075,91.80790976008859,91.5792756500773,-1,"{'0Normal': {'precision': 0.9610705596107056, 'recall': 0.9875, 'f1-score': 0.9741060419235512, 'support': 400.0}, 'DoS': {'precision': 1.0, 'recall': 0.9975, 'f1-score': 0.9987484355444306, 'support': 400.0}, 'MITM ARP Spoofing': {'precision': 0.9074626865671642, 'recall': 0.76, 'f1-score': 0.8272108843537415, 'support': 400.0}, 'Mirai': {'precision': 0.8696682464454977, 'recall': 0.9175, 'f1-score': 0.8929440389294404, 'support': 400.0}, 'Scan': {'precision': 0.8521939953810623, 'recall': 0.9225, 'f1-score': 0.885954381752701, 'support': 400.0}, 'accuracy': 0.917, 'macro avg': {'precision': 0.9180790976008859, 'recall': 0.917, 'f1-score': 0.9157927565007731, 'support': 2000.0}, 'weighted avg': {'precision': 0.918079097600886, 'recall': 0.917, 'f1-score': 0.915792756500773, 'support': 2000.0}}","[[395   0   2   3   0]
 [  1 399   0   0   0]
 [  6   0 304  38  52]
 [  6   0  15 367  12]
 [  3   0  14  14 369]]",9.17097282409668,0.012601375579833984
266,IoTID20,2,None,MinMaxScaler,RF,0.8269390682658981,-1,-1,94.42,86.05000000000001,3.4875000000000003,86.15649202790857,85.8421339644467,-1,"{'0Normal': {'precision': 0.9299516908212561, 'recall': 0.9625, 'f1-score': 0.9459459459459459, 'support': 400.0}, 'DoS': {'precision': 1.0, 'recall': 0.995, 'f1-score': 0.9974937343358395, 'support': 400.0}, 'MITM ARP Spoofing': {'precision': 0.803125, 'recall': 0.6425, 'f1-score': 0.7138888888888888, 'support': 400.0}, 'Mirai': {'precision': 0.8361858190709046, 'recall': 0.855, 'f1-score': 0.84548825710754, 'support': 400.0}, 'Scan': {'precision': 0.738562091503268, 'recall': 0.8475, 'f1-score': 0.789289871944121, 'support': 400.0}, 'accuracy': 0.8605, 'macro avg': {'precision': 0.8615649202790857, 'recall': 0.8605, 'f1-score': 0.8584213396444671, 'support': 2000.0}, 'weighted avg': {'precision': 0.8615649202790857, 'recall': 0.8605, 'f1-score': 0.8584213396444671, 'support': 2000.0}}","[[385   0   1   2  12]
 [  2 398   0   0   0]
 [ 10   0 257  47  86]
 [  5   0  31 342  22]
 [ 12   0  31  18 339]]",1.1482157707214355,0.034574031829833984
267,IoTID20,2,None,MinMaxScaler,NuSVC,0.6885682806938603,-1,-1,89.84,74.60000000000001,6.35,75.34021469325276,73.63357908737459,-1,"{'0Normal': {'precision': 0.720703125, 'recall': 0.9225, 'f1-score': 0.8092105263157895, 'support': 400.0}, 'DoS': {'precision': 0.9949622166246851, 'recall': 0.9875, 'f1-score': 0.9912170639899623, 'support': 400.0}, 'MITM ARP Spoofing': {'precision': 0.5450901803607214, 'recall': 0.68, 'f1-score': 0.6051167964404894, 'support': 400.0}, 'Mirai': {'precision': 0.8181818181818182, 'recall': 0.765, 'f1-score': 0.7906976744186047, 'support': 400.0}, 'Scan': {'precision': 0.6880733944954128, 'recall': 0.375, 'f1-score': 0.4854368932038834, 'support': 400.0}, 'accuracy': 0.746, 'macro avg': {'precision': 0.7534021469325276, 'recall': 0.7460000000000001, 'f1-score': 0.7363357908737458, 'support': 2000.0}, 'weighted avg': {'precision': 0.7534021469325276, 'recall': 0.746, 'f1-score': 0.736335790873746, 'support': 2000.0}}","[[369   0  13   7  11]
 [  5 395   0   0   0]
 [ 50   0 272  34  44]
 [ 19   0  62 306  13]
 [ 69   2 152  27 150]]",1.6570477485656738,3.43013596534729
268,IoTID20,2,None,MinMaxScaler,SGD,0.6339975737890765,-1,-1,87.94,69.85,7.5375,75.72734953022892,71.04251875301603,-1,"{'0Normal': {'precision': 0.9784615384615385, 'recall': 0.795, 'f1-score': 0.8772413793103448, 'support': 400.0}, 'DoS': {'precision': 0.9925373134328358, 'recall': 0.9975, 'f1-score': 0.9950124688279303, 'support': 400.0}, 'MITM ARP Spoofing': {'precision': 0.42143906020558003, 'recall': 0.7175, 'f1-score': 0.5309898242368178, 'support': 400.0}, 'Mirai': {'precision': 0.9692307692307692, 'recall': 0.63, 'f1-score': 0.7636363636363637, 'support': 400.0}, 'Scan': {'precision': 0.4246987951807229, 'recall': 0.3525, 'f1-score': 0.38524590163934425, 'support': 400.0}, 'accuracy': 0.6985, 'macro avg': {'precision': 0.7572734953022893, 'recall': 0.6984999999999999, 'f1-score': 0.7104251875301603, 'support': 2000.0}, 'weighted avg': {'precision': 0.7572734953022893, 'recall': 0.6985, 'f1-score': 0.7104251875301602, 'support': 2000.0}}","[[318   0  43   3  36]
 [  1 399   0   0   0]
 [  0   0 287   0 113]
 [  3   1 102 252  42]
 [  3   2 249   5 141]]",1.9000577926635742,0.0070781707763671875
269,IoTID20,2,linear,MinMaxScaler,HHHv2,0.7497417994570533,-1,-1,91.92,80.01768555752895,5.050000000000001,79.80000000000001,79.50922706519037,-1,"{'0Normal': {'precision': 0.89, 'recall': 0.9295039164490861, 'f1-score': 0.9093231162196679, 'support': 383.0}, 'DoS': {'precision': 1.0, 'recall': 0.9501187648456056, 'f1-score': 0.9744214372716199, 'support': 421.0}, 'MITM ARP Spoofing': {'precision': 0.53, 'recall': 0.6816720257234726, 'f1-score': 0.5963431786216595, 'support': 311.0}, 'Mirai': {'precision': 0.765, 'recall': 0.796875, 'f1-score': 0.7806122448979591, 'support': 384.0}, 'Scan': {'precision': 0.805, 'recall': 0.6427145708582834, 'f1-score': 0.7147613762486126, 'support': 501.0}, 'accuracy': 0.798, 'macro avg': {'precision': 0.798, 'recall': 0.8001768555752895, 'f1-score': 0.7950922706519038, 'support': 2000.0}, 'weighted avg': {'precision': 0.8118825000000001, 'recall': 0.798, 'f1-score': 0.800907729348096, 'support': 2000.0}}","[[356   0  10  11   6]
 [  4 400   6   9   2]
 [ 14   0 212  42  43]
 [  8   0  43 306  27]
 [ 18   0 129  32 322]]",9.196614742279053,0.3020317554473877
270,IoTID20,2,None,MinMaxScaler,KNN,0.6701512433646807,-1,-1,89.4,73.49999999999999,6.625,72.981111541056,72.97900587763976,-1,"{'0Normal': {'precision': 0.8439024390243902, 'recall': 0.865, 'f1-score': 0.854320987654321, 'support': 400.0}, 'DoS': {'precision': 0.9925, 'recall': 0.9925, 'f1-score': 0.9925, 'support': 400.0}, 'MITM ARP Spoofing': {'precision': 0.527027027027027, 'recall': 0.4875, 'f1-score': 0.5064935064935064, 'support': 400.0}, 'Mirai': {'precision': 0.6741803278688525, 'recall': 0.8225, 'f1-score': 0.7409909909909911, 'support': 400.0}, 'Scan': {'precision': 0.6114457831325302, 'recall': 0.5075, 'f1-score': 0.5546448087431695, 'support': 400.0}, 'accuracy': 0.735, 'macro avg': {'precision': 0.72981111541056, 'recall': 0.7349999999999999, 'f1-score': 0.7297900587763977, 'support': 2000.0}, 'weighted avg': {'precision': 0.72981111541056, 'recall': 0.735, 'f1-score': 0.7297900587763976, 'support': 2000.0}}","[[346   1  13  12  28]
 [  3 397   0   0   0]
 [ 40   0 195  81  84]
 [ 12   0  42 329  17]
 [  9   2 120  66 203]]",0.03136849403381348,0.3330667018890381
271,IoTID20,2,None,MinMaxScaler,LDA,0.6923485209648308,-1,-1,89.9,74.75,6.3125,76.40347427914936,74.28277514451293,-1,"{'0Normal': {'precision': 0.9463276836158192, 'recall': 0.8375, 'f1-score': 0.8885941644562335, 'support': 400.0}, 'DoS': {'precision': 0.9826302729528535, 'recall': 0.99, 'f1-score': 0.9863013698630136, 'support': 400.0}, 'MITM ARP Spoofing': {'precision': 0.6094420600858369, 'recall': 0.355, 'f1-score': 0.4486571879936809, 'support': 400.0}, 'Mirai': {'precision': 0.763681592039801, 'recall': 0.7675, 'f1-score': 0.7655860349127183, 'support': 400.0}, 'Scan': {'precision': 0.5180921052631579, 'recall': 0.7875, 'f1-score': 0.6249999999999999, 'support': 400.0}, 'accuracy': 0.7475, 'macro avg': {'precision': 0.7640347427914936, 'recall': 0.7475, 'f1-score': 0.7428277514451292, 'support': 2000.0}, 'weighted avg': {'precision': 0.7640347427914937, 'recall': 0.7475, 'f1-score': 0.7428277514451292, 'support': 2000.0}}","[[335   0  16  15  34]
 [  0 396   0   1   3]
 [  6   0 142  42 210]
 [  8   5  34 307  46]
 [  5   2  41  37 315]]",21.39563274383545,0.03649091720581055
272,IoTID20,2,None,MinMaxScaler,MLP,0.6636383910723168,-1,-1,88.9,72.25,6.937500000000001,73.82556889214597,70.926695542638,-1,"{'0Normal': {'precision': 0.8053691275167785, 'recall': 0.9, 'f1-score': 0.8500590318772135, 'support': 400.0}, 'DoS': {'precision': 0.99, 'recall': 0.99, 'f1-score': 0.99, 'support': 400.0}, 'MITM ARP Spoofing': {'precision': 0.6219512195121951, 'recall': 0.51, 'f1-score': 0.5604395604395604, 'support': 400.0}, 'Mirai': {'precision': 0.5429936305732485, 'recall': 0.8525, 'f1-score': 0.6634241245136188, 'support': 400.0}, 'Scan': {'precision': 0.7309644670050761, 'recall': 0.36, 'f1-score': 0.4824120603015076, 'support': 400.0}, 'accuracy': 0.7225, 'macro avg': {'precision': 0.7382556889214597, 'recall': 0.7225, 'f1-score': 0.7092669554263801, 'support': 2000.0}, 'weighted avg': {'precision': 0.7382556889214597, 'recall': 0.7225, 'f1-score': 0.7092669554263801, 'support': 2000.0}}","[[360   0  11  23   6]
 [  4 396   0   0   0]
 [ 33   0 204 126  37]
 [  9   2  38 341  10]
 [ 41   2  75 138 144]]",65.44877314567566,0.04887533187866211
273,IoTID20,2,None,MinMaxScaler,LGBM,0.90999856265883,-1,-1,97.1,92.75,1.8124999999999998,92.89939904626632,92.69719955759548,-1,"{'0Normal': {'precision': 0.9849624060150376, 'recall': 0.9825, 'f1-score': 0.983729662077597, 'support': 400.0}, 'DoS': {'precision': 1.0, 'recall': 0.9975, 'f1-score': 0.9987484355444306, 'support': 400.0}, 'MITM ARP Spoofing': {'precision': 0.9193083573487032, 'recall': 0.7975, 'f1-score': 0.854082998661312, 'support': 400.0}, 'Mirai': {'precision': 0.8838862559241706, 'recall': 0.9325, 'f1-score': 0.9075425790754257, 'support': 400.0}, 'Scan': {'precision': 0.8568129330254042, 'recall': 0.9275, 'f1-score': 0.8907563025210083, 'support': 400.0}, 'accuracy': 0.9275, 'macro avg': {'precision': 0.9289939904626632, 'recall': 0.9275, 'f1-score': 0.9269719955759548, 'support': 2000.0}, 'weighted avg': {'precision': 0.9289939904626631, 'recall': 0.9275, 'f1-score': 0.9269719955759548, 'support': 2000.0}}","[[393   0   1   5   1]
 [  1 399   0   0   0]
 [  3   0 319  31  47]
 [  2   0  11 373  14]
 [  0   0  16  13 371]]",141.2515468597412,0.03399801254272461
274,IoTID20,2,None,MinMaxScaler,RF,0.8200446423792344,-1,-1,94.19999999999999,85.50000000000001,3.6249999999999996,85.79834880717858,85.38234954705818,-1,"{'0Normal': {'precision': 0.9573934837092731, 'recall': 0.955, 'f1-score': 0.9561952440550688, 'support': 400.0}, 'DoS': {'precision': 1.0, 'recall': 0.995, 'f1-score': 0.9974937343358395, 'support': 400.0}, 'MITM ARP Spoofing': {'precision': 0.8213166144200627, 'recall': 0.655, 'f1-score': 0.7287899860917942, 'support': 400.0}, 'Mirai': {'precision': 0.7787810383747178, 'recall': 0.8625, 'f1-score': 0.8185053380782918, 'support': 400.0}, 'Scan': {'precision': 0.7324263038548753, 'recall': 0.8075, 'f1-score': 0.7681331747919143, 'support': 400.0}, 'accuracy': 0.855, 'macro avg': {'precision': 0.8579834880717858, 'recall': 0.8550000000000001, 'f1-score': 0.8538234954705818, 'support': 2000.0}, 'weighted avg': {'precision': 0.8579834880717857, 'recall': 0.855, 'f1-score': 0.8538234954705817, 'support': 2000.0}}","[[382   0   2   3  13]
 [  2 398   0   0   0]
 [  7   0 262  47  84]
 [  5   0  29 345  21]
 [  3   0  26  48 323]]",4.995427131652832,0.27785706520080566
275,IoTID20,2,None,MinMaxScaler,NuSVC,0.681889341611181,-1,-1,89.66,74.15,6.4625,75.24420636601334,73.4076397290581,-1,"{'0Normal': {'precision': 0.8264840182648402, 'recall': 0.905, 'f1-score': 0.863961813842482, 'support': 400.0}, 'DoS': {'precision': 0.9949622166246851, 'recall': 0.9875, 'f1-score': 0.9912170639899623, 'support': 400.0}, 'MITM ARP Spoofing': {'precision': 0.5054466230936819, 'recall': 0.58, 'f1-score': 0.540162980209546, 'support': 400.0}, 'Mirai': {'precision': 0.6714285714285714, 'recall': 0.8225, 'f1-score': 0.739325842696629, 'support': 400.0}, 'Scan': {'precision': 0.7638888888888888, 'recall': 0.4125, 'f1-score': 0.5357142857142856, 'support': 400.0}, 'accuracy': 0.7415, 'macro avg': {'precision': 0.7524420636601334, 'recall': 0.7415, 'f1-score': 0.734076397290581, 'support': 2000.0}, 'weighted avg': {'precision': 0.7524420636601336, 'recall': 0.7415, 'f1-score': 0.7340763972905809, 'support': 2000.0}}","[[362   0  21   6  11]
 [  5 395   0   0   0]
 [ 25   0 232 116  27]
 [ 15   0  43 329  13]
 [ 31   2 163  39 165]]",39.27696418762207,33.410106897354126
276,IoTID20,2,None,MinMaxScaler,SGD,0.5534969091318735,-1,-1,84.24000000000001,60.6,9.85,73.61187418860612,52.77746336655941,-1,"{'0Normal': {'precision': 0.43953488372093025, 'recall': 0.945, 'f1-score': 0.6, 'support': 400.0}, 'DoS': {'precision': 0.9950124688279302, 'recall': 0.9975, 'f1-score': 0.9962546816479401, 'support': 400.0}, 'MITM ARP Spoofing': {'precision': 0.6901408450704225, 'recall': 0.1225, 'f1-score': 0.20806794055201697, 'support': 400.0}, 'Mirai': {'precision': 0.5559055118110237, 'recall': 0.8825, 'f1-score': 0.6821256038647343, 'support': 400.0}, 'Scan': {'precision': 1.0, 'recall': 0.0825, 'f1-score': 0.15242494226327946, 'support': 400.0}, 'accuracy': 0.606, 'macro avg': {'precision': 0.7361187418860613, 'recall': 0.606, 'f1-score': 0.5277746336655941, 'support': 2000.0}, 'weighted avg': {'precision': 0.7361187418860612, 'recall': 0.606, 'f1-score': 0.5277746336655942, 'support': 2000.0}}","[[378   0   1  21   0]
 [  1 399   0   0   0]
 [177   0  49 174   0]
 [ 39   0   8 353   0]
 [265   2  13  87  33]]",11.435781717300415,0.03935694694519043
277,IoTID20,2,sigmoid,MinMaxScaler,HHHv2,0.5455430227467033,-1,-1,85.38,62.65631744493636,9.1375,63.44999999999998,62.61450974461928,-1,"{'0Normal': {'precision': 0.7825, 'recall': 0.7542168674698795, 'f1-score': 0.7680981595092025, 'support': 415.0}, 'DoS': {'precision': 0.995, 'recall': 0.9827160493827161, 'f1-score': 0.9888198757763975, 'support': 405.0}, 'MITM ARP Spoofing': {'precision': 0.395, 'recall': 0.41688654353562005, 'f1-score': 0.40564826700898593, 'support': 379.0}, 'Mirai': {'precision': 0.6775, 'recall': 0.5231660231660231, 'f1-score': 0.5904139433551198, 'support': 518.0}, 'Scan': {'precision': 0.3225, 'recall': 0.4558303886925795, 'f1-score': 0.37774524158125916, 'support': 283.0}, 'accuracy': 0.6345, 'macro avg': {'precision': 0.6344999999999998, 'recall': 0.6265631744493636, 'f1-score': 0.6261450974461928, 'support': 2000.0}, 'weighted avg': {'precision': 0.659815, 'recall': 0.6345, 'f1-score': 0.6428549025538071, 'support': 2000.0}}","[[313   0  34  33  35]
 [  0 398   1   4   2]
 [ 30   0 158  61 130]
 [ 36   2 105 271 104]
 [ 21   0 102  31 129]]",49.64588117599487,1.055556297302246
278,IoTID20,0,None,MinMaxScaler,KNN,0.5172365495353379,-1,-1,84.48,61.199999999999996,9.700000000000001,63.106920900863294,61.52458056555865,-1,"{'0Normal': {'precision': 0.5383141762452107, 'recall': 0.7025, 'f1-score': 0.6095444685466377, 'support': 400.0}, 'DoS': {'precision': 0.9925187032418953, 'recall': 0.995, 'f1-score': 0.9937578027465668, 'support': 400.0}, 'MITM ARP Spoofing': {'precision': 0.3926829268292683, 'recall': 0.4025, 'f1-score': 0.3975308641975309, 'support': 400.0}, 'Mirai': {'precision': 0.9241379310344827, 'recall': 0.67, 'f1-score': 0.7768115942028986, 'support': 400.0}, 'Scan': {'precision': 0.3076923076923077, 'recall': 0.29, 'f1-score': 0.2985842985842985, 'support': 400.0}, 'accuracy': 0.612, 'macro avg': {'precision': 0.631069209008633, 'recall': 0.612, 'f1-score': 0.6152458056555865, 'support': 2000.0}, 'weighted avg': {'precision': 0.631069209008633, 'recall': 0.612, 'f1-score': 0.6152458056555865, 'support': 2000.0}}","[[281   0  73  16  30]
 [  1 398   0   1   0]
 [ 54   0 161   4 181]
 [ 36   1  45 268  50]
 [150   2 131   1 116]]",0.002061605453491211,0.03155970573425293
279,IoTID20,0,None,MinMaxScaler,LDA,0.5186392057414455,-1,-1,84.26,60.64999999999999,9.8375,64.87068969653923,61.01789100599824,-1,"{'0Normal': {'precision': 0.5746102449888641, 'recall': 0.645, 'f1-score': 0.6077738515901061, 'support': 400.0}, 'DoS': {'precision': 0.995, 'recall': 0.995, 'f1-score': 0.995, 'support': 400.0}, 'MITM ARP Spoofing': {'precision': 0.43147208121827413, 'recall': 0.2125, 'f1-score': 0.28475711892797323, 'support': 400.0}, 'Mirai': {'precision': 0.9370629370629371, 'recall': 0.67, 'f1-score': 0.7813411078717202, 'support': 400.0}, 'Scan': {'precision': 0.30538922155688625, 'recall': 0.51, 'f1-score': 0.38202247191011235, 'support': 400.0}, 'accuracy': 0.6065, 'macro avg': {'precision': 0.6487068969653923, 'recall': 0.6064999999999999, 'f1-score': 0.6101789100599824, 'support': 2000.0}, 'weighted avg': {'precision': 0.6487068969653924, 'recall': 0.6065, 'f1-score': 0.6101789100599824, 'support': 2000.0}}","[[258   0  19   1 122]
 [  1 398   0   1   0]
 [ 40   0  85   6 269]
 [ 23   0  36 268  73]
 [127   2  57  10 204]]",0.07833743095397949,0.004776954650878906
280,IoTID20,0,None,MinMaxScaler,MLP,0.550597753870768,-1,-1,85.5,63.74999999999999,9.0625,65.02408873301808,63.61769042638448,-1,"{'0Normal': {'precision': 0.5950570342205324, 'recall': 0.7825, 'f1-score': 0.6760259179265659, 'support': 400.0}, 'DoS': {'precision': 0.9950124688279302, 'recall': 0.9975, 'f1-score': 0.9962546816479401, 'support': 400.0}, 'MITM ARP Spoofing': {'precision': 0.4574468085106383, 'recall': 0.3225, 'f1-score': 0.37829912023460416, 'support': 400.0}, 'Mirai': {'precision': 0.8598726114649682, 'recall': 0.675, 'f1-score': 0.7563025210084033, 'support': 400.0}, 'Scan': {'precision': 0.3438155136268344, 'recall': 0.41, 'f1-score': 0.3740022805017104, 'support': 400.0}, 'accuracy': 0.6375, 'macro avg': {'precision': 0.6502408873301807, 'recall': 0.6375, 'f1-score': 0.6361769042638448, 'support': 2000.0}, 'weighted avg': {'precision': 0.6502408873301806, 'recall': 0.6375, 'f1-score': 0.6361769042638448, 'support': 2000.0}}","[[313   0  30  17  40]
 [  1 399   0   0   0]
 [ 45   0 129  16 210]
 [ 34   0  33 270  63]
 [133   2  90  11 164]]",0.6491270065307617,0.0045964717864990234
281,IoTID20,0,None,MinMaxScaler,LGBM,0.697192338377254,-1,-1,90.22,75.55,6.1125,77.45891848097402,75.9857913482492,-1,"{'0Normal': {'precision': 0.9025641025641026, 'recall': 0.88, 'f1-score': 0.8911392405063291, 'support': 400.0}, 'DoS': {'precision': 0.9950124688279302, 'recall': 0.9975, 'f1-score': 0.9962546816479401, 'support': 400.0}, 'MITM ARP Spoofing': {'precision': 0.5614973262032086, 'recall': 0.525, 'f1-score': 0.5426356589147288, 'support': 400.0}, 'Mirai': {'precision': 0.8892508143322475, 'recall': 0.6825, 'f1-score': 0.7722772277227722, 'support': 400.0}, 'Scan': {'precision': 0.5246212121212122, 'recall': 0.6925, 'f1-score': 0.5969827586206896, 'support': 400.0}, 'accuracy': 0.7555, 'macro avg': {'precision': 0.7745891848097403, 'recall': 0.7555, 'f1-score': 0.7598579134824919, 'support': 2000.0}, 'weighted avg': {'precision': 0.7745891848097401, 'recall': 0.7555, 'f1-score': 0.7598579134824919, 'support': 2000.0}}","[[352   2  15  12  19]
 [  1 399   0   0   0]
 [ 21   0 210  12 157]
 [  8   0  44 273  75]
 [  8   0 105  10 277]]",2.3569023609161377,0.03466367721557617
282,IoTID20,0,None,MinMaxScaler,RF,0.6673597432980208,-1,-1,89.28,73.2,6.7,75.2221631990364,73.73383162768438,-1,"{'0Normal': {'precision': 0.8964646464646465, 'recall': 0.8875, 'f1-score': 0.8919597989949749, 'support': 400.0}, 'DoS': {'precision': 1.0, 'recall': 1.0, 'f1-score': 1.0, 'support': 400.0}, 'MITM ARP Spoofing': {'precision': 0.4780361757105943, 'recall': 0.4625, 'f1-score': 0.47013977128335455, 'support': 400.0}, 'Mirai': {'precision': 0.8943894389438944, 'recall': 0.6775, 'f1-score': 0.7709815078236132, 'support': 400.0}, 'Scan': {'precision': 0.49221789883268485, 'recall': 0.6325, 'f1-score': 0.5536105032822758, 'support': 400.0}, 'accuracy': 0.732, 'macro avg': {'precision': 0.7522216319903641, 'recall': 0.732, 'f1-score': 0.7373383162768438, 'support': 2000.0}, 'weighted avg': {'precision': 0.7522216319903638, 'recall': 0.732, 'f1-score': 0.7373383162768437, 'support': 2000.0}}","[[355   0  15  12  18]
 [  0 400   0   0   0]
 [ 25   0 185  12 178]
 [  6   0  58 271  65]
 [ 10   0 129   8 253]]",0.146315336227417,0.022801876068115234
283,IoTID20,0,None,MinMaxScaler,NuSVC,0.5132157633579716,-1,-1,84.38,60.949999999999996,9.762500000000001,63.748450244546426,61.9601720146029,-1,"{'0Normal': {'precision': 0.5974025974025974, 'recall': 0.575, 'f1-score': 0.5859872611464968, 'support': 400.0}, 'DoS': {'precision': 0.9925373134328358, 'recall': 0.9975, 'f1-score': 0.9950124688279303, 'support': 400.0}, 'MITM ARP Spoofing': {'precision': 0.3563714902807775, 'recall': 0.4125, 'f1-score': 0.38238702201622243, 'support': 400.0}, 'Mirai': {'precision': 0.89, 'recall': 0.6675, 'f1-score': 0.7628571428571428, 'support': 400.0}, 'Scan': {'precision': 0.3511111111111111, 'recall': 0.395, 'f1-score': 0.3717647058823529, 'support': 400.0}, 'accuracy': 0.6095, 'macro avg': {'precision': 0.6374845024454643, 'recall': 0.6094999999999999, 'f1-score': 0.619601720146029, 'support': 2000.0}, 'weighted avg': {'precision': 0.6374845024454643, 'recall': 0.6095, 'f1-score': 0.619601720146029, 'support': 2000.0}}","[[230   0  62  16  92]
 [  1 399   0   0   0]
 [ 70   0 165  10 155]
 [ 40   1  47 267  45]
 [ 44   2 189   7 158]]",0.014110088348388672,0.03228759765625
284,IoTID20,0,None,MinMaxScaler,SGD,0.5749360296316557,-1,-1,85.08,62.7,9.325,75.24255130370483,59.620709268938676,-1,"{'0Normal': {'precision': 0.6860759493670886, 'recall': 0.6775, 'f1-score': 0.6817610062893082, 'support': 400.0}, 'DoS': {'precision': 0.9851851851851852, 'recall': 0.9975, 'f1-score': 0.991304347826087, 'support': 400.0}, 'MITM ARP Spoofing': {'precision': 0.7777777777777778, 'recall': 0.035, 'f1-score': 0.06698564593301436, 'support': 400.0}, 'Mirai': {'precision': 0.9649805447470817, 'recall': 0.62, 'f1-score': 0.7549467275494672, 'support': 400.0}, 'Scan': {'precision': 0.3481081081081081, 'recall': 0.805, 'f1-score': 0.48603773584905663, 'support': 400.0}, 'accuracy': 0.627, 'macro avg': {'precision': 0.7524255130370483, 'recall': 0.627, 'f1-score': 0.5962070926893868, 'support': 2000.0}, 'weighted avg': {'precision': 0.7524255130370482, 'recall': 0.627, 'f1-score': 0.5962070926893867, 'support': 2000.0}}","[[271   0   1   1 127]
 [  1 399   0   0   0]
 [ 19   0  14   3 364]
 [ 35   4   1 248 112]
 [ 69   2   2   5 322]]",0.009786128997802734,0.0022614002227783203
285,IoTID20,0,None,MinMaxScaler,HHHv2,0.5151401908387848,-1,-1,84.34,62.33420196176059,9.7875,60.85,60.700577894212024,-1,"{'0Normal': {'precision': 0.725, 'recall': 0.4974271012006861, 'f1-score': 0.5900305188199388, 'support': 583.0}, 'DoS': {'precision': 0.99, 'recall': 0.9875311720698254, 'f1-score': 0.9887640449438203, 'support': 401.0}, 'MITM ARP Spoofing': {'precision': 0.33, 'recall': 0.48175182481751827, 'f1-score': 0.39169139465875374, 'support': 274.0}, 'Mirai': {'precision': 0.69, 'recall': 0.8571428571428571, 'f1-score': 0.7645429362880884, 'support': 322.0}, 'Scan': {'precision': 0.3075, 'recall': 0.29285714285714287, 'f1-score': 0.30000000000000004, 'support': 420.0}, 'accuracy': 0.6085, 'macro avg': {'precision': 0.6085, 'recall': 0.6233420196176059, 'f1-score': 0.6070057789421203, 'support': 2000.0}, 'weighted avg': {'precision': 0.6307075, 'recall': 0.6085, 'f1-score': 0.6099942210578797, 'support': 2000.0}}","[[290   2  74  33 184]
 [  0 396   0   3   2]
 [ 21   1 132  44  76]
 [  5   1  25 276  15]
 [ 84   0 169  44 123]]",0.017757654190063477,0.024473190307617188
286,IoTID20,0,None,MinMaxScaler,KNN,0.7537994811655149,-1,-1,92.10000000000001,80.25,4.9375,79.84948130961341,79.9182262563619,-1,"{'0Normal': {'precision': 0.8505747126436781, 'recall': 0.925, 'f1-score': 0.8862275449101797, 'support': 400.0}, 'DoS': {'precision': 0.9949874686716792, 'recall': 0.9925, 'f1-score': 0.9937421777221527, 'support': 400.0}, 'MITM ARP Spoofing': {'precision': 0.6581196581196581, 'recall': 0.5775, 'f1-score': 0.6151797603195739, 'support': 400.0}, 'Mirai': {'precision': 0.7494305239179955, 'recall': 0.8225, 'f1-score': 0.7842669845053635, 'support': 400.0}, 'Scan': {'precision': 0.7393617021276596, 'recall': 0.695, 'f1-score': 0.7164948453608248, 'support': 400.0}, 'accuracy': 0.8025, 'macro avg': {'precision': 0.7984948130961341, 'recall': 0.8025, 'f1-score': 0.799182262563619, 'support': 2000.0}, 'weighted avg': {'precision': 0.798494813096134, 'recall': 0.8025, 'f1-score': 0.7991822625636189, 'support': 2000.0}}","[[370   0   9   5  16]
 [  1 397   0   2   0]
 [ 35   0 231  71  63]
 [ 14   0  38 329  19]
 [ 15   2  73  32 278]]",0.0022602081298828125,0.01580524444580078
287,IoTID20,0,None,MinMaxScaler,LDA,0.6302481843324698,-1,-1,88.0,70.0,7.5,68.91630383613165,68.52951236031834,-1,"{'0Normal': {'precision': 0.737885462555066, 'recall': 0.8375, 'f1-score': 0.7845433255269321, 'support': 400.0}, 'DoS': {'precision': 0.9900744416873449, 'recall': 0.9975, 'f1-score': 0.9937733499377336, 'support': 400.0}, 'MITM ARP Spoofing': {'precision': 0.491395793499044, 'recall': 0.6425, 'f1-score': 0.5568797399783316, 'support': 400.0}, 'Mirai': {'precision': 0.7616707616707616, 'recall': 0.775, 'f1-score': 0.7682775712515489, 'support': 400.0}, 'Scan': {'precision': 0.4647887323943662, 'recall': 0.2475, 'f1-score': 0.32300163132137033, 'support': 400.0}, 'accuracy': 0.7, 'macro avg': {'precision': 0.6891630383613165, 'recall': 0.7, 'f1-score': 0.6852951236031833, 'support': 2000.0}, 'weighted avg': {'precision': 0.6891630383613165, 'recall': 0.7, 'f1-score': 0.6852951236031832, 'support': 2000.0}}","[[335   0  28   8  29]
 [  1 399   0   0   0]
 [ 26   0 257  55  62]
 [ 15   2  50 310  23]
 [ 77   2 188  34  99]]",0.06548094749450684,0.0053310394287109375
288,IoTID20,0,None,MinMaxScaler,MLP,0.6537800961604079,-1,-1,88.72,71.80000000000001,7.049999999999999,71.02778829306486,70.20069687954113,-1,"{'0Normal': {'precision': 0.6399286987522281, 'recall': 0.8975, 'f1-score': 0.7471383975026014, 'support': 400.0}, 'DoS': {'precision': 0.995, 'recall': 0.995, 'f1-score': 0.995, 'support': 400.0}, 'MITM ARP Spoofing': {'precision': 0.6272727272727273, 'recall': 0.5175, 'f1-score': 0.5671232876712329, 'support': 400.0}, 'Mirai': {'precision': 0.7100213219616205, 'recall': 0.8325, 'f1-score': 0.7663981588032222, 'support': 400.0}, 'Scan': {'precision': 0.5791666666666667, 'recall': 0.3475, 'f1-score': 0.43437499999999996, 'support': 400.0}, 'accuracy': 0.718, 'macro avg': {'precision': 0.7102778829306485, 'recall': 0.7180000000000001, 'f1-score': 0.7020069687954112, 'support': 2000.0}, 'weighted avg': {'precision': 0.7102778829306486, 'recall': 0.718, 'f1-score': 0.7020069687954114, 'support': 2000.0}}","[[359   0  13  14  14]
 [  2 398   0   0   0]
 [ 45   0 207  77  71]
 [ 13   0  38 333  16]
 [142   2  72  45 139]]",3.6797711849212646,0.005118608474731445
289,IoTID20,0,None,MinMaxScaler,LGBM,0.9090082518415818,-1,-1,97.08,92.69999999999999,1.825,92.79587598685933,92.69651678046694,-1,"{'0Normal': {'precision': 0.9924433249370277, 'recall': 0.985, 'f1-score': 0.9887076537013803, 'support': 400.0}, 'DoS': {'precision': 1.0, 'recall': 1.0, 'f1-score': 1.0, 'support': 400.0}, 'MITM ARP Spoofing': {'precision': 0.9100817438692098, 'recall': 0.835, 'f1-score': 0.8709256844850065, 'support': 400.0}, 'Mirai': {'precision': 0.883495145631068, 'recall': 0.91, 'f1-score': 0.896551724137931, 'support': 400.0}, 'Scan': {'precision': 0.8537735849056604, 'recall': 0.905, 'f1-score': 0.8786407766990291, 'support': 400.0}, 'accuracy': 0.927, 'macro avg': {'precision': 0.9279587598685932, 'recall': 0.9269999999999999, 'f1-score': 0.9269651678046694, 'support': 2000.0}, 'weighted avg': {'precision': 0.9279587598685932, 'recall': 0.927, 'f1-score': 0.9269651678046696, 'support': 2000.0}}","[[394   0   2   4   0]
 [  0 400   0   0   0]
 [  2   0 334  21  43]
 [  1   0  16 364  19]
 [  0   0  15  23 362]]",11.654038906097412,0.03390359878540039
290,IoTID20,0,None,MinMaxScaler,RF,0.7917954955687966,-1,-1,93.30000000000001,83.24999999999999,4.1875,83.43222618541269,83.1215128936569,-1,"{'0Normal': {'precision': 0.9333333333333333, 'recall': 0.945, 'f1-score': 0.9391304347826087, 'support': 400.0}, 'DoS': {'precision': 1.0, 'recall': 1.0, 'f1-score': 1.0, 'support': 400.0}, 'MITM ARP Spoofing': {'precision': 0.7928994082840237, 'recall': 0.67, 'f1-score': 0.7262872628726289, 'support': 400.0}, 'Mirai': {'precision': 0.718816067653277, 'recall': 0.85, 'f1-score': 0.7789232531500573, 'support': 400.0}, 'Scan': {'precision': 0.7265625, 'recall': 0.6975, 'f1-score': 0.7117346938775511, 'support': 400.0}, 'accuracy': 0.8325, 'macro avg': {'precision': 0.8343222618541268, 'recall': 0.8324999999999999, 'f1-score': 0.831215128936569, 'support': 2000.0}, 'weighted avg': {'precision': 0.8343222618541268, 'recall': 0.8325, 'f1-score': 0.8312151289365692, 'support': 2000.0}}","[[378   0   4   4  14]
 [  0 400   0   0   0]
 [ 10   0 268  57  65]
 [  5   0  29 340  26]
 [ 12   0  37  72 279]]",0.6650886535644531,0.0390622615814209
291,IoTID20,0,None,MinMaxScaler,NuSVC,0.7183955284092406,-1,-1,90.84,77.10000000000001,5.7250000000000005,76.83870991345314,76.04118450633159,-1,"{'0Normal': {'precision': 0.9046454767726161, 'recall': 0.925, 'f1-score': 0.9147095179233622, 'support': 400.0}, 'DoS': {'precision': 0.99, 'recall': 0.99, 'f1-score': 0.99, 'support': 400.0}, 'MITM ARP Spoofing': {'precision': 0.6266094420600858, 'recall': 0.365, 'f1-score': 0.46129541864139023, 'support': 400.0}, 'Mirai': {'precision': 0.7254901960784313, 'recall': 0.8325, 'f1-score': 0.7753201396973225, 'support': 400.0}, 'Scan': {'precision': 0.5951903807615231, 'recall': 0.7425, 'f1-score': 0.6607341490545051, 'support': 400.0}, 'accuracy': 0.771, 'macro avg': {'precision': 0.7683870991345314, 'recall': 0.7710000000000001, 'f1-score': 0.7604118450633159, 'support': 2000.0}, 'weighted avg': {'precision': 0.7683870991345313, 'recall': 0.771, 'f1-score': 0.7604118450633159, 'support': 2000.0}}","[[370   0   9  10  11]
 [  3 396   0   1   0]
 [ 10   0 146  84 160]
 [ 17   2  17 333  31]
 [  9   2  61  31 297]]",0.29924917221069336,0.1721200942993164
292,IoTID20,0,None,MinMaxScaler,SGD,0.5817975249327854,-1,-1,86.44,66.1,8.475000000000001,65.93155043902563,65.10678372796662,-1,"{'0Normal': {'precision': 0.563011456628478, 'recall': 0.86, 'f1-score': 0.6805143422354105, 'support': 400.0}, 'DoS': {'precision': 0.9925373134328358, 'recall': 0.9975, 'f1-score': 0.9950124688279303, 'support': 400.0}, 'MITM ARP Spoofing': {'precision': 0.5086206896551724, 'recall': 0.4425, 'f1-score': 0.4732620320855615, 'support': 400.0}, 'Mirai': {'precision': 0.8660714285714286, 'recall': 0.7275, 'f1-score': 0.7907608695652174, 'support': 400.0}, 'Scan': {'precision': 0.36633663366336633, 'recall': 0.2775, 'f1-score': 0.31578947368421056, 'support': 400.0}, 'accuracy': 0.661, 'macro avg': {'precision': 0.6593155043902562, 'recall': 0.6609999999999999, 'f1-score': 0.6510678372796661, 'support': 2000.0}, 'weighted avg': {'precision': 0.6593155043902562, 'recall': 0.661, 'f1-score': 0.651067837279666, 'support': 2000.0}}","[[344   0  23   9  24]
 [  1 399   0   0   0]
 [ 75   0 177  12 136]
 [ 18   1  58 291  32]
 [173   2  90  24 111]]",0.06917357444763184,0.002454996109008789
293,IoTID20,0,rbf,MinMaxScaler,HHHv2,0.6948440033694054,-1,-1,90.10000000000001,75.10086720968434,6.1875,75.25,74.4253377998216,-1,"{'0Normal': {'precision': 0.9175, 'recall': 0.6600719424460432, 'f1-score': 0.7677824267782426, 'support': 556.0}, 'DoS': {'precision': 1.0, 'recall': 0.9950248756218906, 'f1-score': 0.9975062344139651, 'support': 402.0}, 'MITM ARP Spoofing': {'precision': 0.555, 'recall': 0.7047619047619048, 'f1-score': 0.620979020979021, 'support': 315.0}, 'Mirai': {'precision': 0.8125, 'recall': 0.7907542579075426, 'f1-score': 0.8014796547472256, 'support': 411.0}, 'Scan': {'precision': 0.4775, 'recall': 0.6044303797468354, 'f1-score': 0.5335195530726258, 'support': 316.0}, 'accuracy': 0.7525, 'macro avg': {'precision': 0.7525000000000001, 'recall': 0.7510086720968434, 'f1-score': 0.744253377998216, 'support': 2000.0}, 'weighted avg': {'precision': 0.7858912499999999, 'recall': 0.7525, 'f1-score': 0.760746622001784, 'support': 2000.0}}","[[367   0  40  11 138]
 [  0 400   0   0   2]
 [  9   0 222  41  43]
 [ 12   0  48 325  26]
 [ 12   0  90  23 191]]",32.464876890182495,0.16956567764282227
294,IoTID20,0,None,MinMaxScaler,KNN,0.7564724875148743,-1,-1,92.17999999999999,80.45,4.8875,80.06660159430936,80.09237309730659,-1,"{'0Normal': {'precision': 0.8065217391304348, 'recall': 0.9275, 'f1-score': 0.8627906976744186, 'support': 400.0}, 'DoS': {'precision': 0.9949874686716792, 'recall': 0.9925, 'f1-score': 0.9937421777221527, 'support': 400.0}, 'MITM ARP Spoofing': {'precision': 0.6619318181818182, 'recall': 0.5825, 'f1-score': 0.6196808510638298, 'support': 400.0}, 'Mirai': {'precision': 0.7804295942720764, 'recall': 0.8175, 'f1-score': 0.7985347985347986, 'support': 400.0}, 'Scan': {'precision': 0.7594594594594595, 'recall': 0.7025, 'f1-score': 0.7298701298701298, 'support': 400.0}, 'accuracy': 0.8045, 'macro avg': {'precision': 0.8006660159430936, 'recall': 0.8045, 'f1-score': 0.8009237309730659, 'support': 2000.0}, 'weighted avg': {'precision': 0.8006660159430936, 'recall': 0.8045, 'f1-score': 0.8009237309730659, 'support': 2000.0}}","[[371   0   5   5  19]
 [  1 397   0   2   0]
 [ 54   0 233  64  49]
 [ 19   0  33 327  21]
 [ 15   2  81  21 281]]",0.003347158432006836,0.023145198822021484
295,IoTID20,0,None,MinMaxScaler,LDA,0.6053279457200083,-1,-1,87.24,68.1,7.9750000000000005,66.3789101714065,66.50390168770532,-1,"{'0Normal': {'precision': 0.7251082251082251, 'recall': 0.8375, 'f1-score': 0.7772621809744781, 'support': 400.0}, 'DoS': {'precision': 0.9900744416873449, 'recall': 0.9975, 'f1-score': 0.9937733499377336, 'support': 400.0}, 'MITM ARP Spoofing': {'precision': 0.45569620253164556, 'recall': 0.54, 'f1-score': 0.494279176201373, 'support': 400.0}, 'Mirai': {'precision': 0.7227272727272728, 'recall': 0.795, 'f1-score': 0.7571428571428572, 'support': 400.0}, 'Scan': {'precision': 0.4253393665158371, 'recall': 0.235, 'f1-score': 0.3027375201288245, 'support': 400.0}, 'accuracy': 0.681, 'macro avg': {'precision': 0.663789101714065, 'recall': 0.6809999999999999, 'f1-score': 0.6650390168770532, 'support': 2000.0}, 'weighted avg': {'precision': 0.6637891017140651, 'recall': 0.681, 'f1-score': 0.6650390168770532, 'support': 2000.0}}","[[335   0  30   8  27]
 [  1 399   0   0   0]
 [ 21   0 216  82  81]
 [ 16   2  45 318  19]
 [ 89   2 183  32  94]]",0.09846854209899902,0.004440784454345703
296,IoTID20,0,None,MinMaxScaler,MLP,0.650927631858576,-1,-1,88.62,71.55,7.112499999999999,70.38836769998396,69.5539258984467,-1,"{'0Normal': {'precision': 0.6741996233521658, 'recall': 0.895, 'f1-score': 0.7690655209452203, 'support': 400.0}, 'DoS': {'precision': 0.995, 'recall': 0.995, 'f1-score': 0.995, 'support': 400.0}, 'MITM ARP Spoofing': {'precision': 0.5767326732673267, 'recall': 0.5825, 'f1-score': 0.5796019900497513, 'support': 400.0}, 'Mirai': {'precision': 0.7042553191489361, 'recall': 0.8275, 'f1-score': 0.7609195402298851, 'support': 400.0}, 'Scan': {'precision': 0.5692307692307692, 'recall': 0.2775, 'f1-score': 0.37310924369747894, 'support': 400.0}, 'accuracy': 0.7155, 'macro avg': {'precision': 0.7038836769998396, 'recall': 0.7155, 'f1-score': 0.6955392589844671, 'support': 2000.0}, 'weighted avg': {'precision': 0.7038836769998396, 'recall': 0.7155, 'f1-score': 0.6955392589844671, 'support': 2000.0}}","[[358   0  14  14  14]
 [  2 398   0   0   0]
 [ 36   0 233  71  60]
 [ 14   0  45 331  10]
 [121   2 112  54 111]]",3.6978116035461426,0.0032701492309570312
297,IoTID20,0,None,MinMaxScaler,LGBM,0.9024852299184901,-1,-1,96.86,92.15,1.9625,92.28719686521968,92.09424933507451,-1,"{'0Normal': {'precision': 0.99, 'recall': 0.99, 'f1-score': 0.99, 'support': 400.0}, 'DoS': {'precision': 1.0, 'recall': 1.0, 'f1-score': 1.0, 'support': 400.0}, 'MITM ARP Spoofing': {'precision': 0.9077809798270894, 'recall': 0.7875, 'f1-score': 0.8433734939759037, 'support': 400.0}, 'Mirai': {'precision': 0.8663484486873508, 'recall': 0.9075, 'f1-score': 0.8864468864468864, 'support': 400.0}, 'Scan': {'precision': 0.8502304147465438, 'recall': 0.9225, 'f1-score': 0.8848920863309352, 'support': 400.0}, 'accuracy': 0.9215, 'macro avg': {'precision': 0.9228719686521968, 'recall': 0.9215, 'f1-score': 0.9209424933507451, 'support': 2000.0}, 'weighted avg': {'precision': 0.9228719686521968, 'recall': 0.9215, 'f1-score': 0.9209424933507452, 'support': 2000.0}}","[[396   0   2   2   0]
 [  0 400   0   0   0]
 [  3   0 315  36  46]
 [  1   0  17 363  19]
 [  0   0  13  18 369]]",11.437887191772461,0.025142192840576172
298,IoTID20,0,None,MinMaxScaler,RF,0.7574010576612827,-1,-1,92.17999999999999,80.45,4.8875,80.70016903911244,80.24006130428063,-1,"{'0Normal': {'precision': 0.917910447761194, 'recall': 0.9225, 'f1-score': 0.9201995012468828, 'support': 400.0}, 'DoS': {'precision': 1.0, 'recall': 1.0, 'f1-score': 1.0, 'support': 400.0}, 'MITM ARP Spoofing': {'precision': 0.7554858934169278, 'recall': 0.6025, 'f1-score': 0.6703755215577191, 'support': 400.0}, 'Mirai': {'precision': 0.6863543788187373, 'recall': 0.8425, 'f1-score': 0.7564534231200899, 'support': 400.0}, 'Scan': {'precision': 0.6752577319587629, 'recall': 0.655, 'f1-score': 0.6649746192893402, 'support': 400.0}, 'accuracy': 0.8045, 'macro avg': {'precision': 0.8070016903911243, 'recall': 0.8045, 'f1-score': 0.8024006130428063, 'support': 2000.0}, 'weighted avg': {'precision': 0.8070016903911243, 'recall': 0.8045, 'f1-score': 0.8024006130428064, 'support': 2000.0}}","[[369   0   9   6  16]
 [  0 400   0   0   0]
 [  9   0 241  71  79]
 [  4   0  28 337  31]
 [ 20   0  41  77 262]]",0.6873698234558105,0.04340529441833496
299,IoTID20,0,None,MinMaxScaler,NuSVC,0.6748575011996817,-1,-1,89.5,73.75,6.5625,72.58046374677953,72.56904147249188,-1,"{'0Normal': {'precision': 0.7591093117408907, 'recall': 0.9375, 'f1-score': 0.8389261744966442, 'support': 400.0}, 'DoS': {'precision': 0.99, 'recall': 0.99, 'f1-score': 0.99, 'support': 400.0}, 'MITM ARP Spoofing': {'precision': 0.608, 'recall': 0.57, 'f1-score': 0.5883870967741935, 'support': 400.0}, 'Mirai': {'precision': 0.6973684210526315, 'recall': 0.795, 'f1-score': 0.7429906542056074, 'support': 400.0}, 'Scan': {'precision': 0.5745454545454546, 'recall': 0.395, 'f1-score': 0.46814814814814815, 'support': 400.0}, 'accuracy': 0.7375, 'macro avg': {'precision': 0.7258046374677953, 'recall': 0.7375, 'f1-score': 0.7256904147249187, 'support': 2000.0}, 'weighted avg': {'precision': 0.7258046374677952, 'recall': 0.7375, 'f1-score': 0.7256904147249187, 'support': 2000.0}}","[[375   0  10   6   9]
 [  4 396   0   0   0]
 [ 42   0 228  49  81]
 [ 18   2  35 318  27]
 [ 55   2 102  83 158]]",0.3091127872467041,0.15891003608703613
300,IoTID20,0,None,MinMaxScaler,SGD,0.5895148905910191,-1,-1,86.18,65.45,8.6375,66.01663288620949,62.47401429301816,-1,"{'0Normal': {'precision': 0.472400513478819, 'recall': 0.92, 'f1-score': 0.6242578456318914, 'support': 400.0}, 'DoS': {'precision': 0.9975, 'recall': 0.9975, 'f1-score': 0.9975, 'support': 400.0}, 'MITM ARP Spoofing': {'precision': 0.6059479553903345, 'recall': 0.4075, 'f1-score': 0.4872944693572495, 'support': 400.0}, 'Mirai': {'precision': 0.7639902676399026, 'recall': 0.785, 'f1-score': 0.7743526510480888, 'support': 400.0}, 'Scan': {'precision': 0.46099290780141844, 'recall': 0.1625, 'f1-score': 0.2402957486136784, 'support': 400.0}, 'accuracy': 0.6545, 'macro avg': {'precision': 0.6601663288620949, 'recall': 0.6545000000000001, 'f1-score': 0.6247401429301815, 'support': 2000.0}, 'weighted avg': {'precision': 0.6601663288620948, 'recall': 0.6545, 'f1-score': 0.6247401429301817, 'support': 2000.0}}","[[368   0  12  11   9]
 [  1 399   0   0   0]
 [125   0 163  53  59]
 [ 48   0  30 314   8]
 [237   1  64  33  65]]",0.08130788803100586,0.0034399032592773438
301,IoTID20,0,poly,MinMaxScaler,HHHv2,0.6868205122917296,-1,-1,89.88000000000001,73.8976661467323,6.325,74.7,73.72298745028098,-1,"{'0Normal': {'precision': 0.91, 'recall': 0.7, 'f1-score': 0.791304347826087, 'support': 520.0}, 'DoS': {'precision': 1.0, 'recall': 0.9925558312655087, 'f1-score': 0.9962640099626401, 'support': 403.0}, 'MITM ARP Spoofing': {'precision': 0.57, 'recall': 0.6647230320699709, 'f1-score': 0.6137281292059218, 'support': 343.0}, 'Mirai': {'precision': 0.815, 'recall': 0.7528868360277137, 'f1-score': 0.7827130852340936, 'support': 433.0}, 'Scan': {'precision': 0.44, 'recall': 0.584717607973422, 'f1-score': 0.5021398002853068, 'support': 301.0}, 'accuracy': 0.747, 'macro avg': {'precision': 0.747, 'recall': 0.7389766614673231, 'f1-score': 0.7372298745028099, 'support': 2000.0}, 'weighted avg': {'precision': 0.7785225, 'recall': 0.747, 'f1-score': 0.7567701254971901, 'support': 2000.0}}","[[364   0  28  12 116]
 [  0 400   0   1   2]
 [ 14   0 228  40  61]
 [ 13   0  49 326  45]
 [  9   0  95  21 176]]",28.642831802368164,0.1319749355316162
302,IoTID20,0,None,MinMaxScaler,KNN,0.6012271922607841,-1,-1,87.2,68.0,8.0,68.09193222197726,67.80960632755549,-1,"{'0Normal': {'precision': 0.6591928251121076, 'recall': 0.735, 'f1-score': 0.6950354609929078, 'support': 400.0}, 'DoS': {'precision': 0.9925, 'recall': 0.9925, 'f1-score': 0.9925, 'support': 400.0}, 'MITM ARP Spoofing': {'precision': 0.5289079229122056, 'recall': 0.6175, 'f1-score': 0.5697808535178777, 'support': 400.0}, 'Mirai': {'precision': 0.7535816618911175, 'recall': 0.6575, 'f1-score': 0.7022696929238986, 'support': 400.0}, 'Scan': {'precision': 0.47041420118343197, 'recall': 0.3975, 'f1-score': 0.43089430894308944, 'support': 400.0}, 'accuracy': 0.68, 'macro avg': {'precision': 0.6809193222197726, 'recall': 0.68, 'f1-score': 0.6780960632755548, 'support': 2000.0}, 'weighted avg': {'precision': 0.6809193222197726, 'recall': 0.68, 'f1-score': 0.6780960632755548, 'support': 2000.0}}","[[294   0  40  27  39]
 [  0 397   0   1   2]
 [ 23   0 247  30 100]
 [ 43   1  55 263  38]
 [ 86   2 125  28 159]]",0.0018939971923828125,0.01220393180847168
303,IoTID20,0,None,MinMaxScaler,LDA,0.5081273902605056,-1,-1,84.08,60.20000000000001,9.950000000000001,60.7832904210142,59.421512325100224,-1,"{'0Normal': {'precision': 0.5355871886120996, 'recall': 0.7525, 'f1-score': 0.6257796257796258, 'support': 400.0}, 'DoS': {'precision': 0.9900497512437811, 'recall': 0.995, 'f1-score': 0.9925187032418954, 'support': 400.0}, 'MITM ARP Spoofing': {'precision': 0.3944954128440367, 'recall': 0.215, 'f1-score': 0.2783171521035599, 'support': 400.0}, 'Mirai': {'precision': 0.8208955223880597, 'recall': 0.6875, 'f1-score': 0.7482993197278912, 'support': 400.0}, 'Scan': {'precision': 0.2981366459627329, 'recall': 0.36, 'f1-score': 0.3261608154020385, 'support': 400.0}, 'accuracy': 0.602, 'macro avg': {'precision': 0.607832904210142, 'recall': 0.6020000000000001, 'f1-score': 0.5942151232510022, 'support': 2000.0}, 'weighted avg': {'precision': 0.607832904210142, 'recall': 0.602, 'f1-score': 0.5942151232510021, 'support': 2000.0}}","[[301   0  25   5  69]
 [  2 398   0   0   0]
 [ 69   0  86  33 212]
 [ 21   2  44 275  58]
 [169   2  63  22 144]]",0.009323358535766602,0.0015549659729003906
304,IoTID20,0,None,MinMaxScaler,MLP,0.5383949195351112,-1,-1,84.98,62.45,9.3875,61.697357724623714,60.90370716987742,-1,"{'0Normal': {'precision': 0.5083713850837138, 'recall': 0.835, 'f1-score': 0.6319772942289499, 'support': 400.0}, 'DoS': {'precision': 0.9950124688279302, 'recall': 0.9975, 'f1-score': 0.9962546816479401, 'support': 400.0}, 'MITM ARP Spoofing': {'precision': 0.5016722408026756, 'recall': 0.375, 'f1-score': 0.42918454935622313, 'support': 400.0}, 'Mirai': {'precision': 0.778393351800554, 'recall': 0.7025, 'f1-score': 0.7385019710906701, 'support': 400.0}, 'Scan': {'precision': 0.30141843971631205, 'recall': 0.2125, 'f1-score': 0.24926686217008798, 'support': 400.0}, 'accuracy': 0.6245, 'macro avg': {'precision': 0.6169735772462371, 'recall': 0.6245, 'f1-score': 0.6090370716987742, 'support': 2000.0}, 'weighted avg': {'precision': 0.6169735772462371, 'recall': 0.6245, 'f1-score': 0.6090370716987742, 'support': 2000.0}}","[[334   0  28  11  27]
 [  1 399   0   0   0]
 [ 79   0 150  38 133]
 [ 42   0  40 281  37]
 [201   2  81  31  85]]",0.5242681503295898,0.0039064884185791016
305,IoTID20,0,None,MinMaxScaler,LGBM,0.7555667412714456,-1,-1,92.08,80.19999999999999,4.95,81.75252297317742,80.47150485280335,-1,"{'0Normal': {'precision': 0.9681159420289855, 'recall': 0.835, 'f1-score': 0.8966442953020135, 'support': 400.0}, 'DoS': {'precision': 1.0, 'recall': 1.0, 'f1-score': 1.0, 'support': 400.0}, 'MITM ARP Spoofing': {'precision': 0.7245179063360881, 'recall': 0.6575, 'f1-score': 0.6893840104849279, 'support': 400.0}, 'Mirai': {'precision': 0.7790368271954674, 'recall': 0.6875, 'f1-score': 0.7304116865869855, 'support': 400.0}, 'Scan': {'precision': 0.6159554730983302, 'recall': 0.83, 'f1-score': 0.7071352502662406, 'support': 400.0}, 'accuracy': 0.802, 'macro avg': {'precision': 0.8175252297317742, 'recall': 0.8019999999999999, 'f1-score': 0.8047150485280335, 'support': 2000.0}, 'weighted avg': {'precision': 0.8175252297317743, 'recall': 0.802, 'f1-score': 0.8047150485280334, 'support': 2000.0}}","[[334   0  10  34  22]
 [  0 400   0   0   0]
 [  5   0 263  27 105]
 [  4   0  41 275  80]
 [  2   0  49  17 332]]",3.5738890171051025,0.019267559051513672
306,IoTID20,0,None,MinMaxScaler,RF,0.679685570767362,-1,-1,89.56,73.9,6.525,75.97742386414144,74.07731236420376,-1,"{'0Normal': {'precision': 0.9627507163323782, 'recall': 0.84, 'f1-score': 0.897196261682243, 'support': 400.0}, 'DoS': {'precision': 1.0, 'recall': 1.0, 'f1-score': 1.0, 'support': 400.0}, 'MITM ARP Spoofing': {'precision': 0.5493421052631579, 'recall': 0.4175, 'f1-score': 0.4744318181818182, 'support': 400.0}, 'Mirai': {'precision': 0.7768115942028986, 'recall': 0.67, 'f1-score': 0.7194630872483221, 'support': 400.0}, 'Scan': {'precision': 0.5099667774086378, 'recall': 0.7675, 'f1-score': 0.6127744510978043, 'support': 400.0}, 'accuracy': 0.739, 'macro avg': {'precision': 0.7597742386414145, 'recall': 0.739, 'f1-score': 0.7407731236420376, 'support': 2000.0}, 'weighted avg': {'precision': 0.7597742386414145, 'recall': 0.739, 'f1-score': 0.7407731236420375, 'support': 2000.0}}","[[336   0  11  26  27]
 [  0 400   0   0   0]
 [  9   0 167  32 192]
 [  1   0  55 268  76]
 [  3   0  71  19 307]]",0.23076844215393066,0.026241302490234375
307,IoTID20,0,None,MinMaxScaler,NuSVC,0.653381229655518,-1,-1,88.88000000000001,72.2,6.950000000000001,72.14797847632346,72.00062395504533,-1,"{'0Normal': {'precision': 0.6796536796536796, 'recall': 0.785, 'f1-score': 0.7285382830626449, 'support': 400.0}, 'DoS': {'precision': 0.9950124688279302, 'recall': 0.9975, 'f1-score': 0.9962546816479401, 'support': 400.0}, 'MITM ARP Spoofing': {'precision': 0.5877192982456141, 'recall': 0.5025, 'f1-score': 0.5417789757412398, 'support': 400.0}, 'Mirai': {'precision': 0.7601078167115903, 'recall': 0.705, 'f1-score': 0.7315175097276264, 'support': 400.0}, 'Scan': {'precision': 0.5849056603773585, 'recall': 0.62, 'f1-score': 0.6019417475728155, 'support': 400.0}, 'accuracy': 0.722, 'macro avg': {'precision': 0.7214797847632346, 'recall': 0.7220000000000001, 'f1-score': 0.7200062395504533, 'support': 2000.0}, 'weighted avg': {'precision': 0.7214797847632345, 'recall': 0.722, 'f1-score': 0.7200062395504533, 'support': 2000.0}}","[[314   0  21  26  39]
 [  1 399   0   0   0]
 [ 64   0 201  34 101]
 [ 23   0  59 282  36]
 [ 60   2  61  29 248]]",0.013288021087646484,0.03254580497741699
308,IoTID20,0,None,MinMaxScaler,SGD,0.43477157251411347,-1,-1,81.36,53.400000000000006,11.65,44.354101997665566,47.91188627946518,-1,"{'0Normal': {'precision': 0.46966731898238745, 'recall': 0.6, 'f1-score': 0.5268935236004391, 'support': 400.0}, 'DoS': {'precision': 0.9975, 'recall': 0.9975, 'f1-score': 0.9975, 'support': 400.0}, 'MITM ARP Spoofing': {'precision': 0.29854368932038833, 'recall': 0.3075, 'f1-score': 0.30295566502463056, 'support': 400.0}, 'Mirai': {'precision': 0.4519940915805022, 'recall': 0.765, 'f1-score': 0.5682451253481895, 'support': 400.0}, 'Scan': {'precision': 0.0, 'recall': 0.0, 'f1-score': 0.0, 'support': 400.0}, 'accuracy': 0.534, 'macro avg': {'precision': 0.4435410199766556, 'recall': 0.534, 'f1-score': 0.47911886279465177, 'support': 2000.0}, 'weighted avg': {'precision': 0.44354101997665557, 'recall': 0.534, 'f1-score': 0.4791188627946518, 'support': 2000.0}}","[[240   0 100  60   0]
 [  1 399   0   0   0]
 [ 75   0 123 202   0]
 [ 24   0  70 306   0]
 [171   1 119 109   0]]",0.010946273803710938,0.0007307529449462891
309,IoTID20,0,linear,MinMaxScaler,HHHv2,0.5174571924216192,-1,-1,84.28,58.25350316479081,9.825000000000001,60.699999999999996,57.95804117310406,-1,"{'0Normal': {'precision': 0.8175, 'recall': 0.5274193548387097, 'f1-score': 0.6411764705882353, 'support': 620.0}, 'DoS': {'precision': 0.99, 'recall': 0.99, 'f1-score': 0.99, 'support': 400.0}, 'MITM ARP Spoofing': {'precision': 0.3, 'recall': 0.44609665427509293, 'f1-score': 0.35874439461883406, 'support': 269.0}, 'Mirai': {'precision': 0.735, 'recall': 0.5975609756097561, 'f1-score': 0.6591928251121076, 'support': 492.0}, 'Scan': {'precision': 0.1925, 'recall': 0.3515981735159817, 'f1-score': 0.24878836833602583, 'support': 219.0}, 'accuracy': 0.607, 'macro avg': {'precision': 0.607, 'recall': 0.5825350316479081, 'f1-score': 0.5795804117310406, 'support': 2000.0}, 'weighted avg': {'precision': 0.69366375, 'recall': 0.607, 'f1-score': 0.6344195882689594, 'support': 2000.0}}","[[327   2  76  30 185]
 [  0 396   0   2   2]
 [ 25   2 120  50  72]
 [ 11   0 123 294  64]
 [ 37   0  81  24  77]]",0.02331233024597168,0.024663686752319336
310,IoTID20,0,None,MinMaxScaler,KNN,0.7450101328380345,-1,-1,91.8,79.5,5.125,79.34697230601982,79.17185621416284,-1,"{'0Normal': {'precision': 0.7677824267782427, 'recall': 0.9175, 'f1-score': 0.835990888382688, 'support': 400.0}, 'DoS': {'precision': 0.9949874686716792, 'recall': 0.9925, 'f1-score': 0.9937421777221527, 'support': 400.0}, 'MITM ARP Spoofing': {'precision': 0.660377358490566, 'recall': 0.6125, 'f1-score': 0.635538261997406, 'support': 400.0}, 'Mirai': {'precision': 0.7772397094430993, 'recall': 0.8025, 'f1-score': 0.7896678966789668, 'support': 400.0}, 'Scan': {'precision': 0.7669616519174042, 'recall': 0.65, 'f1-score': 0.7036535859269283, 'support': 400.0}, 'accuracy': 0.795, 'macro avg': {'precision': 0.7934697230601983, 'recall': 0.795, 'f1-score': 0.7917185621416284, 'support': 2000.0}, 'weighted avg': {'precision': 0.7934697230601984, 'recall': 0.795, 'f1-score': 0.7917185621416284, 'support': 2000.0}}","[[367   0  11   5  17]
 [  1 397   1   1   0]
 [ 54   0 245  58  43]
 [ 17   0  43 321  19]
 [ 39   2  71  28 260]]",0.0023212432861328125,0.014921188354492188
311,IoTID20,0,None,MinMaxScaler,LDA,0.6012574551363897,-1,-1,87.03999999999999,67.60000000000001,8.1,65.85110479542111,65.64449173517269,-1,"{'0Normal': {'precision': 0.587521663778163, 'recall': 0.8475, 'f1-score': 0.6939611054247697, 'support': 400.0}, 'DoS': {'precision': 0.9900744416873449, 'recall': 0.9975, 'f1-score': 0.9937733499377336, 'support': 400.0}, 'MITM ARP Spoofing': {'precision': 0.5364583333333334, 'recall': 0.515, 'f1-score': 0.5255102040816326, 'support': 400.0}, 'Mirai': {'precision': 0.7505938242280285, 'recall': 0.79, 'f1-score': 0.7697929354445799, 'support': 400.0}, 'Scan': {'precision': 0.42790697674418604, 'recall': 0.23, 'f1-score': 0.2991869918699187, 'support': 400.0}, 'accuracy': 0.676, 'macro avg': {'precision': 0.6585110479542111, 'recall': 0.676, 'f1-score': 0.6564449173517269, 'support': 2000.0}, 'weighted avg': {'precision': 0.6585110479542111, 'recall': 0.676, 'f1-score': 0.6564449173517269, 'support': 2000.0}}","[[339   0  25   7  29]
 [  1 399   0   0   0]
 [ 52   0 206  66  76]
 [ 21   2  43 316  18]
 [164   2 110  32  92]]",0.0918581485748291,0.00407099723815918
312,IoTID20,0,None,MinMaxScaler,MLP,0.6336297952703023,-1,-1,88.02,70.05000000000001,7.4875,68.79864734051424,67.86595196699038,-1,"{'0Normal': {'precision': 0.6232638888888888, 'recall': 0.8975, 'f1-score': 0.735655737704918, 'support': 400.0}, 'DoS': {'precision': 0.9950124688279302, 'recall': 0.9975, 'f1-score': 0.9962546816479401, 'support': 400.0}, 'MITM ARP Spoofing': {'precision': 0.6058823529411764, 'recall': 0.515, 'f1-score': 0.5567567567567567, 'support': 400.0}, 'Mirai': {'precision': 0.6860706860706861, 'recall': 0.825, 'f1-score': 0.7491486946651532, 'support': 400.0}, 'Scan': {'precision': 0.5297029702970297, 'recall': 0.2675, 'f1-score': 0.3554817275747508, 'support': 400.0}, 'accuracy': 0.7005, 'macro avg': {'precision': 0.6879864734051423, 'recall': 0.7005000000000001, 'f1-score': 0.6786595196699038, 'support': 2000.0}, 'weighted avg': {'precision': 0.6879864734051423, 'recall': 0.7005, 'f1-score': 0.6786595196699037, 'support': 2000.0}}","[[359   0  14  13  14]
 [  1 399   0   0   0]
 [ 48   0 206  81  65]
 [ 16   0  38 330  16]
 [152   2  82  57 107]]",3.350830316543579,0.0033996105194091797
313,IoTID20,0,None,MinMaxScaler,LGBM,0.8911394375720738,-1,-1,96.48,91.19999999999999,2.1999999999999997,91.41310112769953,91.07153249034228,-1,"{'0Normal': {'precision': 0.9753086419753086, 'recall': 0.9875, 'f1-score': 0.9813664596273292, 'support': 400.0}, 'DoS': {'precision': 1.0, 'recall': 1.0, 'f1-score': 1.0, 'support': 400.0}, 'MITM ARP Spoofing': {'precision': 0.9021406727828746, 'recall': 0.7375, 'f1-score': 0.811554332874828, 'support': 400.0}, 'Mirai': {'precision': 0.82, 'recall': 0.9225, 'f1-score': 0.868235294117647, 'support': 400.0}, 'Scan': {'precision': 0.8732057416267942, 'recall': 0.9125, 'f1-score': 0.8924205378973104, 'support': 400.0}, 'accuracy': 0.912, 'macro avg': {'precision': 0.9141310112769954, 'recall': 0.9119999999999999, 'f1-score': 0.9107153249034228, 'support': 2000.0}, 'weighted avg': {'precision': 0.9141310112769955, 'recall': 0.912, 'f1-score': 0.9107153249034229, 'support': 2000.0}}","[[395   0   2   3   0]
 [  0 400   0   0   0]
 [  9   0 295  58  38]
 [  1   0  15 369  15]
 [  0   0  15  20 365]]",13.074902534484863,0.02301502227783203
314,IoTID20,0,None,MinMaxScaler,RF,0.74695807127322,-1,-1,91.8,79.5,5.125,79.93926721816665,79.09544612919694,-1,"{'0Normal': {'precision': 0.9160493827160494, 'recall': 0.9275, 'f1-score': 0.9217391304347826, 'support': 400.0}, 'DoS': {'precision': 1.0, 'recall': 1.0, 'f1-score': 1.0, 'support': 400.0}, 'MITM ARP Spoofing': {'precision': 0.7491166077738516, 'recall': 0.53, 'f1-score': 0.6207906295754027, 'support': 400.0}, 'Mirai': {'precision': 0.6634429400386848, 'recall': 0.8575, 'f1-score': 0.748091603053435, 'support': 400.0}, 'Scan': {'precision': 0.6683544303797468, 'recall': 0.66, 'f1-score': 0.6641509433962264, 'support': 400.0}, 'accuracy': 0.795, 'macro avg': {'precision': 0.7993926721816665, 'recall': 0.795, 'f1-score': 0.7909544612919694, 'support': 2000.0}, 'weighted avg': {'precision': 0.7993926721816665, 'recall': 0.795, 'f1-score': 0.7909544612919692, 'support': 2000.0}}","[[371   0   5   8  16]
 [  0 400   0   0   0]
 [ 14   0 212  85  89]
 [  4   0  27 343  26]
 [ 16   0  39  81 264]]",0.684819221496582,0.04038643836975098
315,IoTID20,0,None,MinMaxScaler,NuSVC,0.6181385022960805,-1,-1,87.36,68.39999999999999,7.9,69.0857745666503,66.49565219789359,-1,"{'0Normal': {'precision': 0.808695652173913, 'recall': 0.93, 'f1-score': 0.8651162790697675, 'support': 400.0}, 'DoS': {'precision': 0.99, 'recall': 0.99, 'f1-score': 0.99, 'support': 400.0}, 'MITM ARP Spoofing': {'precision': 0.5876777251184834, 'recall': 0.31, 'f1-score': 0.40589198036006546, 'support': 400.0}, 'Mirai': {'precision': 0.48588410104011887, 'recall': 0.8175, 'f1-score': 0.6095060577819199, 'support': 400.0}, 'Scan': {'precision': 0.58203125, 'recall': 0.3725, 'f1-score': 0.4542682926829268, 'support': 400.0}, 'accuracy': 0.684, 'macro avg': {'precision': 0.690857745666503, 'recall': 0.6839999999999999, 'f1-score': 0.664956521978936, 'support': 2000.0}, 'weighted avg': {'precision': 0.690857745666503, 'recall': 0.684, 'f1-score': 0.664956521978936, 'support': 2000.0}}","[[372   0  10   7  11]
 [  4 396   0   0   0]
 [ 44   0 124 163  69]
 [ 25   2  19 327  27]
 [ 15   2  58 176 149]]",0.24223756790161133,0.1556992530822754
316,IoTID20,0,None,MinMaxScaler,SGD,0.6314984005984482,-1,-1,88.0,70.0,7.5,69.91048757545944,68.93055604000122,-1,"{'0Normal': {'precision': 0.8459530026109661, 'recall': 0.81, 'f1-score': 0.8275862068965518, 'support': 400.0}, 'DoS': {'precision': 0.9950124688279302, 'recall': 0.9975, 'f1-score': 0.9962546816479401, 'support': 400.0}, 'MITM ARP Spoofing': {'precision': 0.4634146341463415, 'recall': 0.665, 'f1-score': 0.5462012320328543, 'support': 400.0}, 'Mirai': {'precision': 0.7306791569086651, 'recall': 0.78, 'f1-score': 0.7545344619105199, 'support': 400.0}, 'Scan': {'precision': 0.4604651162790698, 'recall': 0.2475, 'f1-score': 0.32195121951219513, 'support': 400.0}, 'accuracy': 0.7, 'macro avg': {'precision': 0.6991048757545945, 'recall': 0.7000000000000001, 'f1-score': 0.6893055604000122, 'support': 2000.0}, 'weighted avg': {'precision': 0.6991048757545945, 'recall': 0.7, 'f1-score': 0.6893055604000122, 'support': 2000.0}}","[[324   0  35  16  25]
 [  1 399   0   0   0]
 [  6   0 266  62  66]
 [  8   0  55 312  25]
 [ 44   2 218  37  99]]",0.07054400444030762,0.002512693405151367
317,IoTID20,0,sigmoid,MinMaxScaler,HHHv2,0.25724283588677943,-1,-1,75.84,35.8389833953349,15.1,39.6,35.555205647529085,-1,"{'0Normal': {'precision': 0.0675, 'recall': 0.15168539325842698, 'f1-score': 0.0934256055363322, 'support': 178.0}, 'DoS': {'precision': 0.925, 'recall': 0.8809523809523809, 'f1-score': 0.9024390243902439, 'support': 420.0}, 'MITM ARP Spoofing': {'precision': 0.2775, 'recall': 0.2423580786026201, 'f1-score': 0.25874125874125875, 'support': 458.0}, 'Mirai': {'precision': 0.645, 'recall': 0.31695331695331697, 'f1-score': 0.42504118616144976, 'support': 814.0}, 'Scan': {'precision': 0.065, 'recall': 0.2, 'f1-score': 0.09811320754716982, 'support': 130.0}, 'accuracy': 0.396, 'macro avg': {'precision': 0.396, 'recall': 0.358389833953349, 'f1-score': 0.35555205647529087, 'support': 2000.0}, 'weighted avg': {'precision': 0.5305449999999999, 'recall': 0.396, 'f1-score': 0.43644794352470917, 'support': 2000.0}}","[[ 27   1  53  22  75]
 [ 10 370   8  19  13]
 [184  10 111  72  81]
 [136  18 197 258 205]
 [ 43   1  31  29  26]]",18.69975447654724,0.09423041343688965
318,IoTID20,-1,None,MinMaxScaler,KNN,0.8625971883392284,-1,-1,95.58,88.94999999999999,2.7625,89.24591130536037,88.96289449435642,-1,"{'0Normal': {'precision': 0.9344660194174758, 'recall': 0.9625, 'f1-score': 0.9482758620689655, 'support': 400.0}, 'DoS': {'precision': 0.9949874686716792, 'recall': 0.9925, 'f1-score': 0.9937421777221527, 'support': 400.0}, 'MITM ARP Spoofing': {'precision': 0.7670329670329671, 'recall': 0.8725, 'f1-score': 0.816374269005848, 'support': 400.0}, 'Mirai': {'precision': 0.8958904109589041, 'recall': 0.8175, 'f1-score': 0.8549019607843137, 'support': 400.0}, 'Scan': {'precision': 0.8699186991869918, 'recall': 0.8025, 'f1-score': 0.834850455136541, 'support': 400.0}, 'accuracy': 0.8895, 'macro avg': {'precision': 0.8924591130536037, 'recall': 0.8895, 'f1-score': 0.8896289449435641, 'support': 2000.0}, 'weighted avg': {'precision': 0.8924591130536037, 'recall': 0.8895, 'f1-score': 0.8896289449435641, 'support': 2000.0}}","[[385   0   8   2   5]
 [  1 397   0   2   0]
 [ 10   0 349  16  25]
 [ 10   0  45 327  18]
 [  6   2  53  18 321]]",0.005897045135498047,0.07907485961914062
319,IoTID20,-1,None,MinMaxScaler,LDA,0.6908351512483805,-1,-1,90.03999999999999,75.10000000000001,6.225,77.16702985899492,75.58725278815983,-1,"{'0Normal': {'precision': 0.8079800498753117, 'recall': 0.81, 'f1-score': 0.8089887640449439, 'support': 400.0}, 'DoS': {'precision': 0.9900249376558603, 'recall': 0.9925, 'f1-score': 0.9912609238451936, 'support': 400.0}, 'MITM ARP Spoofing': {'precision': 0.5947712418300654, 'recall': 0.6825, 'f1-score': 0.6356228172293364, 'support': 400.0}, 'Mirai': {'precision': 0.9335664335664335, 'recall': 0.6675, 'f1-score': 0.7784256559766765, 'support': 400.0}, 'Scan': {'precision': 0.5320088300220751, 'recall': 0.6025, 'f1-score': 0.5650644783118406, 'support': 400.0}, 'accuracy': 0.751, 'macro avg': {'precision': 0.7716702985899493, 'recall': 0.7510000000000001, 'f1-score': 0.7558725278815983, 'support': 2000.0}, 'weighted avg': {'precision': 0.7716702985899492, 'recall': 0.751, 'f1-score': 0.7558725278815982, 'support': 2000.0}}","[[324   0  26   1  49]
 [  2 397   0   1   0]
 [  4   0 273   6 117]
 [ 13   2  72 267  46]
 [ 58   2  88  11 241]]",0.3060572147369385,0.007569789886474609
320,IoTID20,-1,None,MinMaxScaler,MLP,0.7870953516263592,-1,-1,93.16,82.9,4.275,83.71646887301125,83.15063811584142,-1,"{'0Normal': {'precision': 0.9576719576719577, 'recall': 0.905, 'f1-score': 0.9305912596401028, 'support': 400.0}, 'DoS': {'precision': 0.9949874686716792, 'recall': 0.9925, 'f1-score': 0.9937421777221527, 'support': 400.0}, 'MITM ARP Spoofing': {'precision': 0.6890547263681592, 'recall': 0.6925, 'f1-score': 0.6907730673316708, 'support': 400.0}, 'Mirai': {'precision': 0.8788732394366198, 'recall': 0.78, 'f1-score': 0.8264900662251656, 'support': 400.0}, 'Scan': {'precision': 0.6652360515021459, 'recall': 0.775, 'f1-score': 0.7159353348729792, 'support': 400.0}, 'accuracy': 0.829, 'macro avg': {'precision': 0.8371646887301125, 'recall': 0.8290000000000001, 'f1-score': 0.8315063811584142, 'support': 2000.0}, 'weighted avg': {'precision': 0.8371646887301124, 'recall': 0.829, 'f1-score': 0.8315063811584141, 'support': 2000.0}}","[[362   0  11  10  17]
 [  3 397   0   0   0]
 [  5   0 277  14 104]
 [  4   0  49 312  35]
 [  4   2  65  19 310]]",17.421072959899902,0.0046155452728271484
321,IoTID20,-1,None,MinMaxScaler,LGBM,0.9506722377004014,-1,-1,98.42,96.05,0.9875,96.0789089709393,96.05532179584489,-1,"{'0Normal': {'precision': 0.99, 'recall': 0.99, 'f1-score': 0.99, 'support': 400.0}, 'DoS': {'precision': 1.0, 'recall': 0.995, 'f1-score': 0.9974937343358395, 'support': 400.0}, 'MITM ARP Spoofing': {'precision': 0.9180722891566265, 'recall': 0.9525, 'f1-score': 0.9349693251533743, 'support': 400.0}, 'Mirai': {'precision': 0.9392405063291139, 'recall': 0.9275, 'f1-score': 0.9333333333333333, 'support': 400.0}, 'Scan': {'precision': 0.9566326530612245, 'recall': 0.9375, 'f1-score': 0.9469696969696969, 'support': 400.0}, 'accuracy': 0.9605, 'macro avg': {'precision': 0.9607890897093929, 'recall': 0.9605, 'f1-score': 0.9605532179584488, 'support': 2000.0}, 'weighted avg': {'precision': 0.960789089709393, 'recall': 0.9605, 'f1-score': 0.9605532179584488, 'support': 2000.0}}","[[396   0   1   3   0]
 [  2 398   0   0   0]
 [  1   0 381  11   7]
 [  1   0  18 371  10]
 [  0   0  15  10 375]]",18.315680503845215,0.02223825454711914
322,IoTID20,-1,None,MinMaxScaler,RF,0.8704369602266496,-1,-1,95.84,89.60000000000001,2.6,89.82057031226519,89.62587055745954,-1,"{'0Normal': {'precision': 0.9697732997481109, 'recall': 0.9625, 'f1-score': 0.9661229611041406, 'support': 400.0}, 'DoS': {'precision': 1.0, 'recall': 1.0, 'f1-score': 1.0, 'support': 400.0}, 'MITM ARP Spoofing': {'precision': 0.7913832199546486, 'recall': 0.8725, 'f1-score': 0.8299643281807374, 'support': 400.0}, 'Mirai': {'precision': 0.8919667590027701, 'recall': 0.805, 'f1-score': 0.8462549277266754, 'support': 400.0}, 'Scan': {'precision': 0.8379052369077307, 'recall': 0.84, 'f1-score': 0.8389513108614232, 'support': 400.0}, 'accuracy': 0.896, 'macro avg': {'precision': 0.8982057031226519, 'recall': 0.8960000000000001, 'f1-score': 0.8962587055745953, 'support': 2000.0}, 'weighted avg': {'precision': 0.898205703122652, 'recall': 0.896, 'f1-score': 0.8962587055745954, 'support': 2000.0}}","[[385   0   6   2   7]
 [  0 400   0   0   0]
 [  4   0 349  18  29]
 [  6   0  43 322  29]
 [  2   0  43  19 336]]",1.9069132804870605,0.06019020080566406
323,IoTID20,-1,None,MinMaxScaler,NuSVC,0.7758648439414517,-1,-1,92.80000000000001,82.0,4.5,82.80329116065562,82.19388285529993,-1,"{'0Normal': {'precision': 0.888095238095238, 'recall': 0.9325, 'f1-score': 0.9097560975609754, 'support': 400.0}, 'DoS': {'precision': 0.9949622166246851, 'recall': 0.9875, 'f1-score': 0.9912170639899623, 'support': 400.0}, 'MITM ARP Spoofing': {'precision': 0.6496519721577726, 'recall': 0.7, 'f1-score': 0.6738868832731647, 'support': 400.0}, 'Mirai': {'precision': 0.9329268292682927, 'recall': 0.765, 'f1-score': 0.8406593406593407, 'support': 400.0}, 'Scan': {'precision': 0.6745283018867925, 'recall': 0.715, 'f1-score': 0.6941747572815534, 'support': 400.0}, 'accuracy': 0.82, 'macro avg': {'precision': 0.8280329116065562, 'recall': 0.8200000000000001, 'f1-score': 0.8219388285529993, 'support': 2000.0}, 'weighted avg': {'precision': 0.8280329116065562, 'recall': 0.82, 'f1-score': 0.8219388285529994, 'support': 2000.0}}","[[373   0  13   3  11]
 [  2 395   1   2   0]
 [ 13   0 280  10  97]
 [ 11   0  53 306  30]
 [ 21   2  84   7 286]]",4.170842170715332,0.5790846347808838
324,IoTID20,-1,None,MinMaxScaler,SGD,0.663513620367942,-1,-1,88.64,71.6,7.1,74.09769640586698,69.95280367762967,-1,"{'0Normal': {'precision': 0.7825059101654847, 'recall': 0.8275, 'f1-score': 0.8043742405832321, 'support': 400.0}, 'DoS': {'precision': 0.9900744416873449, 'recall': 0.9975, 'f1-score': 0.9937733499377336, 'support': 400.0}, 'MITM ARP Spoofing': {'precision': 0.4827586206896552, 'recall': 0.875, 'f1-score': 0.6222222222222222, 'support': 400.0}, 'Mirai': {'precision': 0.9307958477508651, 'recall': 0.6725, 'f1-score': 0.7808417997097241, 'support': 400.0}, 'Scan': {'precision': 0.51875, 'recall': 0.2075, 'f1-score': 0.29642857142857143, 'support': 400.0}, 'accuracy': 0.716, 'macro avg': {'precision': 0.7409769640586699, 'recall': 0.716, 'f1-score': 0.6995280367762967, 'support': 2000.0}, 'weighted avg': {'precision': 0.74097696405867, 'recall': 0.716, 'f1-score': 0.6995280367762967, 'support': 2000.0}}","[[331   0  49   3  17]
 [  1 399   0   0   0]
 [  5   0 350   8  37]
 [ 16   2  90 269  23]
 [ 70   2 236   9  83]]",1.0684831142425537,0.002283811569213867
325,IoTID20,-1,None,MinMaxScaler,HHHv2,0.6587307723303638,-1,-1,88.9,73.88883150590603,6.937500000000001,72.25,72.04967034619936,-1,"{'0Normal': {'precision': 0.835, 'recall': 0.7695852534562212, 'f1-score': 0.8009592326139089, 'support': 434.0}, 'DoS': {'precision': 0.99, 'recall': 0.99, 'f1-score': 0.99, 'support': 400.0}, 'MITM ARP Spoofing': {'precision': 0.75, 'recall': 0.5208333333333334, 'f1-score': 0.6147540983606556, 'support': 576.0}, 'Mirai': {'precision': 0.6675, 'recall': 0.9206896551724137, 'f1-score': 0.7739130434782608, 'support': 290.0}, 'Scan': {'precision': 0.37, 'recall': 0.49333333333333335, 'f1-score': 0.4228571428571429, 'support': 300.0}, 'accuracy': 0.7225, 'macro avg': {'precision': 0.7225, 'recall': 0.7388883150590603, 'f1-score': 0.7204967034619937, 'support': 2000.0}, 'weighted avg': {'precision': 0.7474824999999999, 'recall': 0.7225, 'f1-score': 0.7245032965380065, 'support': 2000.0}}","[[334   3   7  19  71]
 [  0 396   0   2   2]
 [ 37   0 300  74 165]
 [  1   1   7 267  14]
 [ 28   0  86  38 148]]",2225.836090326309,0.03558611869812012
326,IoTID20,-1,None,MinMaxScaler,KNN,0.8625971883392284,-1,-1,95.58,88.94999999999999,2.7625,89.24591130536037,88.96289449435642,-1,"{'0Normal': {'precision': 0.9344660194174758, 'recall': 0.9625, 'f1-score': 0.9482758620689655, 'support': 400.0}, 'DoS': {'precision': 0.9949874686716792, 'recall': 0.9925, 'f1-score': 0.9937421777221527, 'support': 400.0}, 'MITM ARP Spoofing': {'precision': 0.7670329670329671, 'recall': 0.8725, 'f1-score': 0.816374269005848, 'support': 400.0}, 'Mirai': {'precision': 0.8958904109589041, 'recall': 0.8175, 'f1-score': 0.8549019607843137, 'support': 400.0}, 'Scan': {'precision': 0.8699186991869918, 'recall': 0.8025, 'f1-score': 0.834850455136541, 'support': 400.0}, 'accuracy': 0.8895, 'macro avg': {'precision': 0.8924591130536037, 'recall': 0.8895, 'f1-score': 0.8896289449435641, 'support': 2000.0}, 'weighted avg': {'precision': 0.8924591130536037, 'recall': 0.8895, 'f1-score': 0.8896289449435641, 'support': 2000.0}}","[[385   0   8   2   5]
 [  1 397   0   2   0]
 [ 10   0 349  16  25]
 [ 10   0  45 327  18]
 [  6   2  53  18 321]]",0.0009510517120361328,0.030816078186035156
327,IoTID20,-1,None,MinMaxScaler,LDA,0.6908351512483805,-1,-1,90.03999999999999,75.10000000000001,6.225,77.16702985899492,75.58725278815983,-1,"{'0Normal': {'precision': 0.8079800498753117, 'recall': 0.81, 'f1-score': 0.8089887640449439, 'support': 400.0}, 'DoS': {'precision': 0.9900249376558603, 'recall': 0.9925, 'f1-score': 0.9912609238451936, 'support': 400.0}, 'MITM ARP Spoofing': {'precision': 0.5947712418300654, 'recall': 0.6825, 'f1-score': 0.6356228172293364, 'support': 400.0}, 'Mirai': {'precision': 0.9335664335664335, 'recall': 0.6675, 'f1-score': 0.7784256559766765, 'support': 400.0}, 'Scan': {'precision': 0.5320088300220751, 'recall': 0.6025, 'f1-score': 0.5650644783118406, 'support': 400.0}, 'accuracy': 0.751, 'macro avg': {'precision': 0.7716702985899493, 'recall': 0.7510000000000001, 'f1-score': 0.7558725278815983, 'support': 2000.0}, 'weighted avg': {'precision': 0.7716702985899492, 'recall': 0.751, 'f1-score': 0.7558725278815982, 'support': 2000.0}}","[[324   0  26   1  49]
 [  2 397   0   1   0]
 [  4   0 273   6 117]
 [ 13   2  72 267  46]
 [ 58   2  88  11 241]]",0.0921938419342041,0.002188444137573242
328,IoTID20,-1,None,MinMaxScaler,MLP,0.7870953516263592,-1,-1,93.16,82.9,4.275,83.71646887301125,83.15063811584142,-1,"{'0Normal': {'precision': 0.9576719576719577, 'recall': 0.905, 'f1-score': 0.9305912596401028, 'support': 400.0}, 'DoS': {'precision': 0.9949874686716792, 'recall': 0.9925, 'f1-score': 0.9937421777221527, 'support': 400.0}, 'MITM ARP Spoofing': {'precision': 0.6890547263681592, 'recall': 0.6925, 'f1-score': 0.6907730673316708, 'support': 400.0}, 'Mirai': {'precision': 0.8788732394366198, 'recall': 0.78, 'f1-score': 0.8264900662251656, 'support': 400.0}, 'Scan': {'precision': 0.6652360515021459, 'recall': 0.775, 'f1-score': 0.7159353348729792, 'support': 400.0}, 'accuracy': 0.829, 'macro avg': {'precision': 0.8371646887301125, 'recall': 0.8290000000000001, 'f1-score': 0.8315063811584142, 'support': 2000.0}, 'weighted avg': {'precision': 0.8371646887301124, 'recall': 0.829, 'f1-score': 0.8315063811584141, 'support': 2000.0}}","[[362   0  11  10  17]
 [  3 397   0   0   0]
 [  5   0 277  14 104]
 [  4   0  49 312  35]
 [  4   2  65  19 310]]",3.136737108230591,0.004254579544067383
329,IoTID20,-1,None,MinMaxScaler,LGBM,0.9506722377004014,-1,-1,98.42,96.05,0.9875,96.0789089709393,96.05532179584489,-1,"{'0Normal': {'precision': 0.99, 'recall': 0.99, 'f1-score': 0.99, 'support': 400.0}, 'DoS': {'precision': 1.0, 'recall': 0.995, 'f1-score': 0.9974937343358395, 'support': 400.0}, 'MITM ARP Spoofing': {'precision': 0.9180722891566265, 'recall': 0.9525, 'f1-score': 0.9349693251533743, 'support': 400.0}, 'Mirai': {'precision': 0.9392405063291139, 'recall': 0.9275, 'f1-score': 0.9333333333333333, 'support': 400.0}, 'Scan': {'precision': 0.9566326530612245, 'recall': 0.9375, 'f1-score': 0.9469696969696969, 'support': 400.0}, 'accuracy': 0.9605, 'macro avg': {'precision': 0.9607890897093929, 'recall': 0.9605, 'f1-score': 0.9605532179584488, 'support': 2000.0}, 'weighted avg': {'precision': 0.960789089709393, 'recall': 0.9605, 'f1-score': 0.9605532179584488, 'support': 2000.0}}","[[396   0   1   3   0]
 [  2 398   0   0   0]
 [  1   0 381  11   7]
 [  1   0  18 371  10]
 [  0   0  15  10 375]]",1.2764196395874023,0.00846552848815918
330,IoTID20,-1,None,MinMaxScaler,RF,0.8704369602266496,-1,-1,95.84,89.60000000000001,2.6,89.82057031226519,89.62587055745954,-1,"{'0Normal': {'precision': 0.9697732997481109, 'recall': 0.9625, 'f1-score': 0.9661229611041406, 'support': 400.0}, 'DoS': {'precision': 1.0, 'recall': 1.0, 'f1-score': 1.0, 'support': 400.0}, 'MITM ARP Spoofing': {'precision': 0.7913832199546486, 'recall': 0.8725, 'f1-score': 0.8299643281807374, 'support': 400.0}, 'Mirai': {'precision': 0.8919667590027701, 'recall': 0.805, 'f1-score': 0.8462549277266754, 'support': 400.0}, 'Scan': {'precision': 0.8379052369077307, 'recall': 0.84, 'f1-score': 0.8389513108614232, 'support': 400.0}, 'accuracy': 0.896, 'macro avg': {'precision': 0.8982057031226519, 'recall': 0.8960000000000001, 'f1-score': 0.8962587055745953, 'support': 2000.0}, 'weighted avg': {'precision': 0.898205703122652, 'recall': 0.896, 'f1-score': 0.8962587055745954, 'support': 2000.0}}","[[385   0   6   2   7]
 [  0 400   0   0   0]
 [  4   0 349  18  29]
 [  6   0  43 322  29]
 [  2   0  43  19 336]]",0.8353090286254883,0.018119335174560547
331,IoTID20,-1,None,MinMaxScaler,NuSVC,0.7758648439414517,-1,-1,92.80000000000001,82.0,4.5,82.80329116065562,82.19388285529993,-1,"{'0Normal': {'precision': 0.888095238095238, 'recall': 0.9325, 'f1-score': 0.9097560975609754, 'support': 400.0}, 'DoS': {'precision': 0.9949622166246851, 'recall': 0.9875, 'f1-score': 0.9912170639899623, 'support': 400.0}, 'MITM ARP Spoofing': {'precision': 0.6496519721577726, 'recall': 0.7, 'f1-score': 0.6738868832731647, 'support': 400.0}, 'Mirai': {'precision': 0.9329268292682927, 'recall': 0.765, 'f1-score': 0.8406593406593407, 'support': 400.0}, 'Scan': {'precision': 0.6745283018867925, 'recall': 0.715, 'f1-score': 0.6941747572815534, 'support': 400.0}, 'accuracy': 0.82, 'macro avg': {'precision': 0.8280329116065562, 'recall': 0.8200000000000001, 'f1-score': 0.8219388285529993, 'support': 2000.0}, 'weighted avg': {'precision': 0.8280329116065562, 'recall': 0.82, 'f1-score': 0.8219388285529994, 'support': 2000.0}}","[[373   0  13   3  11]
 [  2 395   1   2   0]
 [ 13   0 280  10  97]
 [ 11   0  53 306  30]
 [ 21   2  84   7 286]]",1.3668224811553955,0.2865602970123291
332,IoTID20,-1,None,MinMaxScaler,SGD,0.663513620367942,-1,-1,88.64,71.6,7.1,74.09769640586698,69.95280367762967,-1,"{'0Normal': {'precision': 0.7825059101654847, 'recall': 0.8275, 'f1-score': 0.8043742405832321, 'support': 400.0}, 'DoS': {'precision': 0.9900744416873449, 'recall': 0.9975, 'f1-score': 0.9937733499377336, 'support': 400.0}, 'MITM ARP Spoofing': {'precision': 0.4827586206896552, 'recall': 0.875, 'f1-score': 0.6222222222222222, 'support': 400.0}, 'Mirai': {'precision': 0.9307958477508651, 'recall': 0.6725, 'f1-score': 0.7808417997097241, 'support': 400.0}, 'Scan': {'precision': 0.51875, 'recall': 0.2075, 'f1-score': 0.29642857142857143, 'support': 400.0}, 'accuracy': 0.716, 'macro avg': {'precision': 0.7409769640586699, 'recall': 0.716, 'f1-score': 0.6995280367762967, 'support': 2000.0}, 'weighted avg': {'precision': 0.74097696405867, 'recall': 0.716, 'f1-score': 0.6995280367762967, 'support': 2000.0}}","[[331   0  49   3  17]
 [  1 399   0   0   0]
 [  5   0 350   8  37]
 [ 16   2  90 269  23]
 [ 70   2 236   9  83]]",0.1037137508392334,0.0008845329284667969
333,IoTID20,-1,rbf,MinMaxScaler,HHHv2,0.7945111413969907,-1,-1,93.38,84.59759691785955,4.1375,83.44999999999999,83.75209735824069,-1,"{'0Normal': {'precision': 0.9025, 'recall': 0.967828418230563, 'f1-score': 0.9340232858990944, 'support': 373.0}, 'DoS': {'precision': 1.0, 'recall': 0.9925558312655087, 'f1-score': 0.9962640099626401, 'support': 403.0}, 'MITM ARP Spoofing': {'precision': 0.695, 'recall': 0.6797066014669927, 'f1-score': 0.6872682323856614, 'support': 409.0}, 'Mirai': {'precision': 0.7725, 'recall': 0.9196428571428571, 'f1-score': 0.8396739130434782, 'support': 336.0}, 'Scan': {'precision': 0.8025, 'recall': 0.6701461377870563, 'f1-score': 0.7303754266211604, 'support': 479.0}, 'accuracy': 0.8345, 'macro avg': {'precision': 0.8344999999999999, 'recall': 0.8459759691785955, 'f1-score': 0.8375209735824068, 'support': 2000.0}, 'weighted avg': {'precision': 0.8339225, 'recall': 0.8345, 'f1-score': 0.8314790264175931, 'support': 2000.0}}","[[361   0   2   6   4]
 [  0 400   0   1   2]
 [ 15   0 278  51  65]
 [  7   0  12 309   8]
 [ 17   0 108  33 321]]",808.0934937000275,0.19333410263061523
334,IoTID20,-1,None,MinMaxScaler,KNN,0.8625971883392284,-1,-1,95.58,88.94999999999999,2.7625,89.24591130536037,88.96289449435642,-1,"{'0Normal': {'precision': 0.9344660194174758, 'recall': 0.9625, 'f1-score': 0.9482758620689655, 'support': 400.0}, 'DoS': {'precision': 0.9949874686716792, 'recall': 0.9925, 'f1-score': 0.9937421777221527, 'support': 400.0}, 'MITM ARP Spoofing': {'precision': 0.7670329670329671, 'recall': 0.8725, 'f1-score': 0.816374269005848, 'support': 400.0}, 'Mirai': {'precision': 0.8958904109589041, 'recall': 0.8175, 'f1-score': 0.8549019607843137, 'support': 400.0}, 'Scan': {'precision': 0.8699186991869918, 'recall': 0.8025, 'f1-score': 0.834850455136541, 'support': 400.0}, 'accuracy': 0.8895, 'macro avg': {'precision': 0.8924591130536037, 'recall': 0.8895, 'f1-score': 0.8896289449435641, 'support': 2000.0}, 'weighted avg': {'precision': 0.8924591130536037, 'recall': 0.8895, 'f1-score': 0.8896289449435641, 'support': 2000.0}}","[[385   0   8   2   5]
 [  1 397   0   2   0]
 [ 10   0 349  16  25]
 [ 10   0  45 327  18]
 [  6   2  53  18 321]]",0.0009922981262207031,0.03071427345275879
335,IoTID20,-1,None,MinMaxScaler,LDA,0.6908351512483805,-1,-1,90.03999999999999,75.10000000000001,6.225,77.16702985899492,75.58725278815983,-1,"{'0Normal': {'precision': 0.8079800498753117, 'recall': 0.81, 'f1-score': 0.8089887640449439, 'support': 400.0}, 'DoS': {'precision': 0.9900249376558603, 'recall': 0.9925, 'f1-score': 0.9912609238451936, 'support': 400.0}, 'MITM ARP Spoofing': {'precision': 0.5947712418300654, 'recall': 0.6825, 'f1-score': 0.6356228172293364, 'support': 400.0}, 'Mirai': {'precision': 0.9335664335664335, 'recall': 0.6675, 'f1-score': 0.7784256559766765, 'support': 400.0}, 'Scan': {'precision': 0.5320088300220751, 'recall': 0.6025, 'f1-score': 0.5650644783118406, 'support': 400.0}, 'accuracy': 0.751, 'macro avg': {'precision': 0.7716702985899493, 'recall': 0.7510000000000001, 'f1-score': 0.7558725278815983, 'support': 2000.0}, 'weighted avg': {'precision': 0.7716702985899492, 'recall': 0.751, 'f1-score': 0.7558725278815982, 'support': 2000.0}}","[[324   0  26   1  49]
 [  2 397   0   1   0]
 [  4   0 273   6 117]
 [ 13   2  72 267  46]
 [ 58   2  88  11 241]]",0.1197967529296875,0.0009601116180419922
336,IoTID20,-1,None,MinMaxScaler,MLP,0.7870953516263592,-1,-1,93.16,82.9,4.275,83.71646887301125,83.15063811584142,-1,"{'0Normal': {'precision': 0.9576719576719577, 'recall': 0.905, 'f1-score': 0.9305912596401028, 'support': 400.0}, 'DoS': {'precision': 0.9949874686716792, 'recall': 0.9925, 'f1-score': 0.9937421777221527, 'support': 400.0}, 'MITM ARP Spoofing': {'precision': 0.6890547263681592, 'recall': 0.6925, 'f1-score': 0.6907730673316708, 'support': 400.0}, 'Mirai': {'precision': 0.8788732394366198, 'recall': 0.78, 'f1-score': 0.8264900662251656, 'support': 400.0}, 'Scan': {'precision': 0.6652360515021459, 'recall': 0.775, 'f1-score': 0.7159353348729792, 'support': 400.0}, 'accuracy': 0.829, 'macro avg': {'precision': 0.8371646887301125, 'recall': 0.8290000000000001, 'f1-score': 0.8315063811584142, 'support': 2000.0}, 'weighted avg': {'precision': 0.8371646887301124, 'recall': 0.829, 'f1-score': 0.8315063811584141, 'support': 2000.0}}","[[362   0  11  10  17]
 [  3 397   0   0   0]
 [  5   0 277  14 104]
 [  4   0  49 312  35]
 [  4   2  65  19 310]]",3.252748489379883,0.0024840831756591797
337,IoTID20,-1,None,MinMaxScaler,LGBM,0.9506722377004014,-1,-1,98.42,96.05,0.9875,96.0789089709393,96.05532179584489,-1,"{'0Normal': {'precision': 0.99, 'recall': 0.99, 'f1-score': 0.99, 'support': 400.0}, 'DoS': {'precision': 1.0, 'recall': 0.995, 'f1-score': 0.9974937343358395, 'support': 400.0}, 'MITM ARP Spoofing': {'precision': 0.9180722891566265, 'recall': 0.9525, 'f1-score': 0.9349693251533743, 'support': 400.0}, 'Mirai': {'precision': 0.9392405063291139, 'recall': 0.9275, 'f1-score': 0.9333333333333333, 'support': 400.0}, 'Scan': {'precision': 0.9566326530612245, 'recall': 0.9375, 'f1-score': 0.9469696969696969, 'support': 400.0}, 'accuracy': 0.9605, 'macro avg': {'precision': 0.9607890897093929, 'recall': 0.9605, 'f1-score': 0.9605532179584488, 'support': 2000.0}, 'weighted avg': {'precision': 0.960789089709393, 'recall': 0.9605, 'f1-score': 0.9605532179584488, 'support': 2000.0}}","[[396   0   1   3   0]
 [  2 398   0   0   0]
 [  1   0 381  11   7]
 [  1   0  18 371  10]
 [  0   0  15  10 375]]",1.4076049327850342,0.008055686950683594
338,IoTID20,-1,None,MinMaxScaler,RF,0.8704369602266496,-1,-1,95.84,89.60000000000001,2.6,89.82057031226519,89.62587055745954,-1,"{'0Normal': {'precision': 0.9697732997481109, 'recall': 0.9625, 'f1-score': 0.9661229611041406, 'support': 400.0}, 'DoS': {'precision': 1.0, 'recall': 1.0, 'f1-score': 1.0, 'support': 400.0}, 'MITM ARP Spoofing': {'precision': 0.7913832199546486, 'recall': 0.8725, 'f1-score': 0.8299643281807374, 'support': 400.0}, 'Mirai': {'precision': 0.8919667590027701, 'recall': 0.805, 'f1-score': 0.8462549277266754, 'support': 400.0}, 'Scan': {'precision': 0.8379052369077307, 'recall': 0.84, 'f1-score': 0.8389513108614232, 'support': 400.0}, 'accuracy': 0.896, 'macro avg': {'precision': 0.8982057031226519, 'recall': 0.8960000000000001, 'f1-score': 0.8962587055745953, 'support': 2000.0}, 'weighted avg': {'precision': 0.898205703122652, 'recall': 0.896, 'f1-score': 0.8962587055745954, 'support': 2000.0}}","[[385   0   6   2   7]
 [  0 400   0   0   0]
 [  4   0 349  18  29]
 [  6   0  43 322  29]
 [  2   0  43  19 336]]",1.0311577320098877,0.017649173736572266
339,IoTID20,-1,None,MinMaxScaler,NuSVC,0.7758648439414517,-1,-1,92.80000000000001,82.0,4.5,82.80329116065562,82.19388285529993,-1,"{'0Normal': {'precision': 0.888095238095238, 'recall': 0.9325, 'f1-score': 0.9097560975609754, 'support': 400.0}, 'DoS': {'precision': 0.9949622166246851, 'recall': 0.9875, 'f1-score': 0.9912170639899623, 'support': 400.0}, 'MITM ARP Spoofing': {'precision': 0.6496519721577726, 'recall': 0.7, 'f1-score': 0.6738868832731647, 'support': 400.0}, 'Mirai': {'precision': 0.9329268292682927, 'recall': 0.765, 'f1-score': 0.8406593406593407, 'support': 400.0}, 'Scan': {'precision': 0.6745283018867925, 'recall': 0.715, 'f1-score': 0.6941747572815534, 'support': 400.0}, 'accuracy': 0.82, 'macro avg': {'precision': 0.8280329116065562, 'recall': 0.8200000000000001, 'f1-score': 0.8219388285529993, 'support': 2000.0}, 'weighted avg': {'precision': 0.8280329116065562, 'recall': 0.82, 'f1-score': 0.8219388285529994, 'support': 2000.0}}","[[373   0  13   3  11]
 [  2 395   1   2   0]
 [ 13   0 280  10  97]
 [ 11   0  53 306  30]
 [ 21   2  84   7 286]]",1.3171072006225586,0.27840566635131836
340,IoTID20,-1,None,MinMaxScaler,SGD,0.663513620367942,-1,-1,88.64,71.6,7.1,74.09769640586698,69.95280367762967,-1,"{'0Normal': {'precision': 0.7825059101654847, 'recall': 0.8275, 'f1-score': 0.8043742405832321, 'support': 400.0}, 'DoS': {'precision': 0.9900744416873449, 'recall': 0.9975, 'f1-score': 0.9937733499377336, 'support': 400.0}, 'MITM ARP Spoofing': {'precision': 0.4827586206896552, 'recall': 0.875, 'f1-score': 0.6222222222222222, 'support': 400.0}, 'Mirai': {'precision': 0.9307958477508651, 'recall': 0.6725, 'f1-score': 0.7808417997097241, 'support': 400.0}, 'Scan': {'precision': 0.51875, 'recall': 0.2075, 'f1-score': 0.29642857142857143, 'support': 400.0}, 'accuracy': 0.716, 'macro avg': {'precision': 0.7409769640586699, 'recall': 0.716, 'f1-score': 0.6995280367762967, 'support': 2000.0}, 'weighted avg': {'precision': 0.74097696405867, 'recall': 0.716, 'f1-score': 0.6995280367762967, 'support': 2000.0}}","[[331   0  49   3  17]
 [  1 399   0   0   0]
 [  5   0 350   8  37]
 [ 16   2  90 269  23]
 [ 70   2 236   9  83]]",0.10225129127502441,0.00057220458984375
341,IoTID20,-1,poly,MinMaxScaler,HHHv2,0.793303986291376,-1,-1,93.34,84.52999064623624,4.1625000000000005,83.35,83.6593388547277,-1,"{'0Normal': {'precision': 0.9, 'recall': 0.967741935483871, 'f1-score': 0.9326424870466321, 'support': 372.0}, 'DoS': {'precision': 1.0, 'recall': 0.9925558312655087, 'f1-score': 0.9962640099626401, 'support': 403.0}, 'MITM ARP Spoofing': {'precision': 0.695, 'recall': 0.6780487804878049, 'f1-score': 0.6864197530864197, 'support': 410.0}, 'Mirai': {'precision': 0.77, 'recall': 0.9194029850746268, 'f1-score': 0.8380952380952381, 'support': 335.0}, 'Scan': {'precision': 0.8025, 'recall': 0.66875, 'f1-score': 0.7295454545454545, 'support': 480.0}, 'accuracy': 0.8335, 'macro avg': {'precision': 0.8334999999999999, 'recall': 0.8452999064623624, 'f1-score': 0.8365933885472769, 'support': 2000.0}, 'weighted avg': {'precision': 0.8329500000000001, 'recall': 0.8335, 'f1-score': 0.8304066114527232, 'support': 2000.0}}","[[360   0   2   6   4]
 [  0 400   0   1   2]
 [ 16   0 278  52  64]
 [  6   0  12 308   9]
 [ 18   0 108  33 321]]",1171.0766501426697,0.1703343391418457
342,IoTID20,-1,None,MinMaxScaler,KNN,0.8625971883392284,-1,-1,95.58,88.94999999999999,2.7625,89.24591130536037,88.96289449435642,-1,"{'0Normal': {'precision': 0.9344660194174758, 'recall': 0.9625, 'f1-score': 0.9482758620689655, 'support': 400.0}, 'DoS': {'precision': 0.9949874686716792, 'recall': 0.9925, 'f1-score': 0.9937421777221527, 'support': 400.0}, 'MITM ARP Spoofing': {'precision': 0.7670329670329671, 'recall': 0.8725, 'f1-score': 0.816374269005848, 'support': 400.0}, 'Mirai': {'precision': 0.8958904109589041, 'recall': 0.8175, 'f1-score': 0.8549019607843137, 'support': 400.0}, 'Scan': {'precision': 0.8699186991869918, 'recall': 0.8025, 'f1-score': 0.834850455136541, 'support': 400.0}, 'accuracy': 0.8895, 'macro avg': {'precision': 0.8924591130536037, 'recall': 0.8895, 'f1-score': 0.8896289449435641, 'support': 2000.0}, 'weighted avg': {'precision': 0.8924591130536037, 'recall': 0.8895, 'f1-score': 0.8896289449435641, 'support': 2000.0}}","[[385   0   8   2   5]
 [  1 397   0   2   0]
 [ 10   0 349  16  25]
 [ 10   0  45 327  18]
 [  6   2  53  18 321]]",0.0007102489471435547,0.018585920333862305
343,IoTID20,-1,None,MinMaxScaler,LDA,0.6908351512483805,-1,-1,90.03999999999999,75.10000000000001,6.225,77.16702985899492,75.58725278815983,-1,"{'0Normal': {'precision': 0.8079800498753117, 'recall': 0.81, 'f1-score': 0.8089887640449439, 'support': 400.0}, 'DoS': {'precision': 0.9900249376558603, 'recall': 0.9925, 'f1-score': 0.9912609238451936, 'support': 400.0}, 'MITM ARP Spoofing': {'precision': 0.5947712418300654, 'recall': 0.6825, 'f1-score': 0.6356228172293364, 'support': 400.0}, 'Mirai': {'precision': 0.9335664335664335, 'recall': 0.6675, 'f1-score': 0.7784256559766765, 'support': 400.0}, 'Scan': {'precision': 0.5320088300220751, 'recall': 0.6025, 'f1-score': 0.5650644783118406, 'support': 400.0}, 'accuracy': 0.751, 'macro avg': {'precision': 0.7716702985899493, 'recall': 0.7510000000000001, 'f1-score': 0.7558725278815983, 'support': 2000.0}, 'weighted avg': {'precision': 0.7716702985899492, 'recall': 0.751, 'f1-score': 0.7558725278815982, 'support': 2000.0}}","[[324   0  26   1  49]
 [  2 397   0   1   0]
 [  4   0 273   6 117]
 [ 13   2  72 267  46]
 [ 58   2  88  11 241]]",0.015106678009033203,0.0003821849822998047
344,IoTID20,-1,None,MinMaxScaler,MLP,0.7870953516263592,-1,-1,93.16,82.9,4.275,83.71646887301125,83.15063811584142,-1,"{'0Normal': {'precision': 0.9576719576719577, 'recall': 0.905, 'f1-score': 0.9305912596401028, 'support': 400.0}, 'DoS': {'precision': 0.9949874686716792, 'recall': 0.9925, 'f1-score': 0.9937421777221527, 'support': 400.0}, 'MITM ARP Spoofing': {'precision': 0.6890547263681592, 'recall': 0.6925, 'f1-score': 0.6907730673316708, 'support': 400.0}, 'Mirai': {'precision': 0.8788732394366198, 'recall': 0.78, 'f1-score': 0.8264900662251656, 'support': 400.0}, 'Scan': {'precision': 0.6652360515021459, 'recall': 0.775, 'f1-score': 0.7159353348729792, 'support': 400.0}, 'accuracy': 0.829, 'macro avg': {'precision': 0.8371646887301125, 'recall': 0.8290000000000001, 'f1-score': 0.8315063811584142, 'support': 2000.0}, 'weighted avg': {'precision': 0.8371646887301124, 'recall': 0.829, 'f1-score': 0.8315063811584141, 'support': 2000.0}}","[[362   0  11  10  17]
 [  3 397   0   0   0]
 [  5   0 277  14 104]
 [  4   0  49 312  35]
 [  4   2  65  19 310]]",2.9562737941741943,0.0008082389831542969
345,IoTID20,-1,None,MinMaxScaler,LGBM,0.9506722377004014,-1,-1,98.42,96.05,0.9875,96.0789089709393,96.05532179584489,-1,"{'0Normal': {'precision': 0.99, 'recall': 0.99, 'f1-score': 0.99, 'support': 400.0}, 'DoS': {'precision': 1.0, 'recall': 0.995, 'f1-score': 0.9974937343358395, 'support': 400.0}, 'MITM ARP Spoofing': {'precision': 0.9180722891566265, 'recall': 0.9525, 'f1-score': 0.9349693251533743, 'support': 400.0}, 'Mirai': {'precision': 0.9392405063291139, 'recall': 0.9275, 'f1-score': 0.9333333333333333, 'support': 400.0}, 'Scan': {'precision': 0.9566326530612245, 'recall': 0.9375, 'f1-score': 0.9469696969696969, 'support': 400.0}, 'accuracy': 0.9605, 'macro avg': {'precision': 0.9607890897093929, 'recall': 0.9605, 'f1-score': 0.9605532179584488, 'support': 2000.0}, 'weighted avg': {'precision': 0.960789089709393, 'recall': 0.9605, 'f1-score': 0.9605532179584488, 'support': 2000.0}}","[[396   0   1   3   0]
 [  2 398   0   0   0]
 [  1   0 381  11   7]
 [  1   0  18 371  10]
 [  0   0  15  10 375]]",1.4025084972381592,0.008516073226928711
346,IoTID20,-1,None,MinMaxScaler,RF,0.8704369602266496,-1,-1,95.84,89.60000000000001,2.6,89.82057031226519,89.62587055745954,-1,"{'0Normal': {'precision': 0.9697732997481109, 'recall': 0.9625, 'f1-score': 0.9661229611041406, 'support': 400.0}, 'DoS': {'precision': 1.0, 'recall': 1.0, 'f1-score': 1.0, 'support': 400.0}, 'MITM ARP Spoofing': {'precision': 0.7913832199546486, 'recall': 0.8725, 'f1-score': 0.8299643281807374, 'support': 400.0}, 'Mirai': {'precision': 0.8919667590027701, 'recall': 0.805, 'f1-score': 0.8462549277266754, 'support': 400.0}, 'Scan': {'precision': 0.8379052369077307, 'recall': 0.84, 'f1-score': 0.8389513108614232, 'support': 400.0}, 'accuracy': 0.896, 'macro avg': {'precision': 0.8982057031226519, 'recall': 0.8960000000000001, 'f1-score': 0.8962587055745953, 'support': 2000.0}, 'weighted avg': {'precision': 0.898205703122652, 'recall': 0.896, 'f1-score': 0.8962587055745954, 'support': 2000.0}}","[[385   0   6   2   7]
 [  0 400   0   0   0]
 [  4   0 349  18  29]
 [  6   0  43 322  29]
 [  2   0  43  19 336]]",0.6693084239959717,0.016521453857421875
347,IoTID20,-1,None,MinMaxScaler,NuSVC,0.7758648439414517,-1,-1,92.80000000000001,82.0,4.5,82.80329116065562,82.19388285529993,-1,"{'0Normal': {'precision': 0.888095238095238, 'recall': 0.9325, 'f1-score': 0.9097560975609754, 'support': 400.0}, 'DoS': {'precision': 0.9949622166246851, 'recall': 0.9875, 'f1-score': 0.9912170639899623, 'support': 400.0}, 'MITM ARP Spoofing': {'precision': 0.6496519721577726, 'recall': 0.7, 'f1-score': 0.6738868832731647, 'support': 400.0}, 'Mirai': {'precision': 0.9329268292682927, 'recall': 0.765, 'f1-score': 0.8406593406593407, 'support': 400.0}, 'Scan': {'precision': 0.6745283018867925, 'recall': 0.715, 'f1-score': 0.6941747572815534, 'support': 400.0}, 'accuracy': 0.82, 'macro avg': {'precision': 0.8280329116065562, 'recall': 0.8200000000000001, 'f1-score': 0.8219388285529993, 'support': 2000.0}, 'weighted avg': {'precision': 0.8280329116065562, 'recall': 0.82, 'f1-score': 0.8219388285529994, 'support': 2000.0}}","[[373   0  13   3  11]
 [  2 395   1   2   0]
 [ 13   0 280  10  97]
 [ 11   0  53 306  30]
 [ 21   2  84   7 286]]",1.2029345035552979,0.27858924865722656
348,IoTID20,-1,None,MinMaxScaler,SGD,0.663513620367942,-1,-1,88.64,71.6,7.1,74.09769640586698,69.95280367762967,-1,"{'0Normal': {'precision': 0.7825059101654847, 'recall': 0.8275, 'f1-score': 0.8043742405832321, 'support': 400.0}, 'DoS': {'precision': 0.9900744416873449, 'recall': 0.9975, 'f1-score': 0.9937733499377336, 'support': 400.0}, 'MITM ARP Spoofing': {'precision': 0.4827586206896552, 'recall': 0.875, 'f1-score': 0.6222222222222222, 'support': 400.0}, 'Mirai': {'precision': 0.9307958477508651, 'recall': 0.6725, 'f1-score': 0.7808417997097241, 'support': 400.0}, 'Scan': {'precision': 0.51875, 'recall': 0.2075, 'f1-score': 0.29642857142857143, 'support': 400.0}, 'accuracy': 0.716, 'macro avg': {'precision': 0.7409769640586699, 'recall': 0.716, 'f1-score': 0.6995280367762967, 'support': 2000.0}, 'weighted avg': {'precision': 0.74097696405867, 'recall': 0.716, 'f1-score': 0.6995280367762967, 'support': 2000.0}}","[[331   0  49   3  17]
 [  1 399   0   0   0]
 [  5   0 350   8  37]
 [ 16   2  90 269  23]
 [ 70   2 236   9  83]]",0.09160494804382324,0.0005793571472167969
349,IoTID20,-1,linear,MinMaxScaler,HHHv2,0.6587307723303638,-1,-1,88.9,73.88883150590603,6.937500000000001,72.25,72.04967034619936,-1,"{'0Normal': {'precision': 0.835, 'recall': 0.7695852534562212, 'f1-score': 0.8009592326139089, 'support': 434.0}, 'DoS': {'precision': 0.99, 'recall': 0.99, 'f1-score': 0.99, 'support': 400.0}, 'MITM ARP Spoofing': {'precision': 0.75, 'recall': 0.5208333333333334, 'f1-score': 0.6147540983606556, 'support': 576.0}, 'Mirai': {'precision': 0.6675, 'recall': 0.9206896551724137, 'f1-score': 0.7739130434782608, 'support': 290.0}, 'Scan': {'precision': 0.37, 'recall': 0.49333333333333335, 'f1-score': 0.4228571428571429, 'support': 300.0}, 'accuracy': 0.7225, 'macro avg': {'precision': 0.7225, 'recall': 0.7388883150590603, 'f1-score': 0.7204967034619937, 'support': 2000.0}, 'weighted avg': {'precision': 0.7474824999999999, 'recall': 0.7225, 'f1-score': 0.7245032965380065, 'support': 2000.0}}","[[334   3   7  19  71]
 [  0 396   0   2   2]
 [ 37   0 300  74 165]
 [  1   1   7 267  14]
 [ 28   0  86  38 148]]",284.1332323551178,0.029722929000854492
350,IoTID20,-1,None,MinMaxScaler,KNN,0.8625971883392284,-1,-1,95.58,88.94999999999999,2.7625,89.24591130536037,88.96289449435642,-1,"{'0Normal': {'precision': 0.9344660194174758, 'recall': 0.9625, 'f1-score': 0.9482758620689655, 'support': 400.0}, 'DoS': {'precision': 0.9949874686716792, 'recall': 0.9925, 'f1-score': 0.9937421777221527, 'support': 400.0}, 'MITM ARP Spoofing': {'precision': 0.7670329670329671, 'recall': 0.8725, 'f1-score': 0.816374269005848, 'support': 400.0}, 'Mirai': {'precision': 0.8958904109589041, 'recall': 0.8175, 'f1-score': 0.8549019607843137, 'support': 400.0}, 'Scan': {'precision': 0.8699186991869918, 'recall': 0.8025, 'f1-score': 0.834850455136541, 'support': 400.0}, 'accuracy': 0.8895, 'macro avg': {'precision': 0.8924591130536037, 'recall': 0.8895, 'f1-score': 0.8896289449435641, 'support': 2000.0}, 'weighted avg': {'precision': 0.8924591130536037, 'recall': 0.8895, 'f1-score': 0.8896289449435641, 'support': 2000.0}}","[[385   0   8   2   5]
 [  1 397   0   2   0]
 [ 10   0 349  16  25]
 [ 10   0  45 327  18]
 [  6   2  53  18 321]]",0.0007147789001464844,0.023533344268798828
351,IoTID20,-1,None,MinMaxScaler,LDA,0.6908351512483805,-1,-1,90.03999999999999,75.10000000000001,6.225,77.16702985899492,75.58725278815983,-1,"{'0Normal': {'precision': 0.8079800498753117, 'recall': 0.81, 'f1-score': 0.8089887640449439, 'support': 400.0}, 'DoS': {'precision': 0.9900249376558603, 'recall': 0.9925, 'f1-score': 0.9912609238451936, 'support': 400.0}, 'MITM ARP Spoofing': {'precision': 0.5947712418300654, 'recall': 0.6825, 'f1-score': 0.6356228172293364, 'support': 400.0}, 'Mirai': {'precision': 0.9335664335664335, 'recall': 0.6675, 'f1-score': 0.7784256559766765, 'support': 400.0}, 'Scan': {'precision': 0.5320088300220751, 'recall': 0.6025, 'f1-score': 0.5650644783118406, 'support': 400.0}, 'accuracy': 0.751, 'macro avg': {'precision': 0.7716702985899493, 'recall': 0.7510000000000001, 'f1-score': 0.7558725278815983, 'support': 2000.0}, 'weighted avg': {'precision': 0.7716702985899492, 'recall': 0.751, 'f1-score': 0.7558725278815982, 'support': 2000.0}}","[[324   0  26   1  49]
 [  2 397   0   1   0]
 [  4   0 273   6 117]
 [ 13   2  72 267  46]
 [ 58   2  88  11 241]]",0.01491999626159668,0.0003952980041503906
352,IoTID20,-1,None,MinMaxScaler,MLP,0.7870953516263592,-1,-1,93.16,82.9,4.275,83.71646887301125,83.15063811584142,-1,"{'0Normal': {'precision': 0.9576719576719577, 'recall': 0.905, 'f1-score': 0.9305912596401028, 'support': 400.0}, 'DoS': {'precision': 0.9949874686716792, 'recall': 0.9925, 'f1-score': 0.9937421777221527, 'support': 400.0}, 'MITM ARP Spoofing': {'precision': 0.6890547263681592, 'recall': 0.6925, 'f1-score': 0.6907730673316708, 'support': 400.0}, 'Mirai': {'precision': 0.8788732394366198, 'recall': 0.78, 'f1-score': 0.8264900662251656, 'support': 400.0}, 'Scan': {'precision': 0.6652360515021459, 'recall': 0.775, 'f1-score': 0.7159353348729792, 'support': 400.0}, 'accuracy': 0.829, 'macro avg': {'precision': 0.8371646887301125, 'recall': 0.8290000000000001, 'f1-score': 0.8315063811584142, 'support': 2000.0}, 'weighted avg': {'precision': 0.8371646887301124, 'recall': 0.829, 'f1-score': 0.8315063811584141, 'support': 2000.0}}","[[362   0  11  10  17]
 [  3 397   0   0   0]
 [  5   0 277  14 104]
 [  4   0  49 312  35]
 [  4   2  65  19 310]]",2.9914376735687256,0.0008294582366943359
353,IoTID20,-1,None,MinMaxScaler,LGBM,0.9506722377004014,-1,-1,98.42,96.05,0.9875,96.0789089709393,96.05532179584489,-1,"{'0Normal': {'precision': 0.99, 'recall': 0.99, 'f1-score': 0.99, 'support': 400.0}, 'DoS': {'precision': 1.0, 'recall': 0.995, 'f1-score': 0.9974937343358395, 'support': 400.0}, 'MITM ARP Spoofing': {'precision': 0.9180722891566265, 'recall': 0.9525, 'f1-score': 0.9349693251533743, 'support': 400.0}, 'Mirai': {'precision': 0.9392405063291139, 'recall': 0.9275, 'f1-score': 0.9333333333333333, 'support': 400.0}, 'Scan': {'precision': 0.9566326530612245, 'recall': 0.9375, 'f1-score': 0.9469696969696969, 'support': 400.0}, 'accuracy': 0.9605, 'macro avg': {'precision': 0.9607890897093929, 'recall': 0.9605, 'f1-score': 0.9605532179584488, 'support': 2000.0}, 'weighted avg': {'precision': 0.960789089709393, 'recall': 0.9605, 'f1-score': 0.9605532179584488, 'support': 2000.0}}","[[396   0   1   3   0]
 [  2 398   0   0   0]
 [  1   0 381  11   7]
 [  1   0  18 371  10]
 [  0   0  15  10 375]]",1.610588550567627,0.008811235427856445
354,IoTID20,-1,None,MinMaxScaler,RF,0.8704369602266496,-1,-1,95.84,89.60000000000001,2.6,89.82057031226519,89.62587055745954,-1,"{'0Normal': {'precision': 0.9697732997481109, 'recall': 0.9625, 'f1-score': 0.9661229611041406, 'support': 400.0}, 'DoS': {'precision': 1.0, 'recall': 1.0, 'f1-score': 1.0, 'support': 400.0}, 'MITM ARP Spoofing': {'precision': 0.7913832199546486, 'recall': 0.8725, 'f1-score': 0.8299643281807374, 'support': 400.0}, 'Mirai': {'precision': 0.8919667590027701, 'recall': 0.805, 'f1-score': 0.8462549277266754, 'support': 400.0}, 'Scan': {'precision': 0.8379052369077307, 'recall': 0.84, 'f1-score': 0.8389513108614232, 'support': 400.0}, 'accuracy': 0.896, 'macro avg': {'precision': 0.8982057031226519, 'recall': 0.8960000000000001, 'f1-score': 0.8962587055745953, 'support': 2000.0}, 'weighted avg': {'precision': 0.898205703122652, 'recall': 0.896, 'f1-score': 0.8962587055745954, 'support': 2000.0}}","[[385   0   6   2   7]
 [  0 400   0   0   0]
 [  4   0 349  18  29]
 [  6   0  43 322  29]
 [  2   0  43  19 336]]",0.7767598628997803,0.022016286849975586
355,IoTID20,-1,None,MinMaxScaler,NuSVC,0.7758648439414517,-1,-1,92.80000000000001,82.0,4.5,82.80329116065562,82.19388285529993,-1,"{'0Normal': {'precision': 0.888095238095238, 'recall': 0.9325, 'f1-score': 0.9097560975609754, 'support': 400.0}, 'DoS': {'precision': 0.9949622166246851, 'recall': 0.9875, 'f1-score': 0.9912170639899623, 'support': 400.0}, 'MITM ARP Spoofing': {'precision': 0.6496519721577726, 'recall': 0.7, 'f1-score': 0.6738868832731647, 'support': 400.0}, 'Mirai': {'precision': 0.9329268292682927, 'recall': 0.765, 'f1-score': 0.8406593406593407, 'support': 400.0}, 'Scan': {'precision': 0.6745283018867925, 'recall': 0.715, 'f1-score': 0.6941747572815534, 'support': 400.0}, 'accuracy': 0.82, 'macro avg': {'precision': 0.8280329116065562, 'recall': 0.8200000000000001, 'f1-score': 0.8219388285529993, 'support': 2000.0}, 'weighted avg': {'precision': 0.8280329116065562, 'recall': 0.82, 'f1-score': 0.8219388285529994, 'support': 2000.0}}","[[373   0  13   3  11]
 [  2 395   1   2   0]
 [ 13   0 280  10  97]
 [ 11   0  53 306  30]
 [ 21   2  84   7 286]]",1.3750221729278564,0.2658233642578125
356,IoTID20,-1,None,MinMaxScaler,SGD,0.663513620367942,-1,-1,88.64,71.6,7.1,74.09769640586698,69.95280367762967,-1,"{'0Normal': {'precision': 0.7825059101654847, 'recall': 0.8275, 'f1-score': 0.8043742405832321, 'support': 400.0}, 'DoS': {'precision': 0.9900744416873449, 'recall': 0.9975, 'f1-score': 0.9937733499377336, 'support': 400.0}, 'MITM ARP Spoofing': {'precision': 0.4827586206896552, 'recall': 0.875, 'f1-score': 0.6222222222222222, 'support': 400.0}, 'Mirai': {'precision': 0.9307958477508651, 'recall': 0.6725, 'f1-score': 0.7808417997097241, 'support': 400.0}, 'Scan': {'precision': 0.51875, 'recall': 0.2075, 'f1-score': 0.29642857142857143, 'support': 400.0}, 'accuracy': 0.716, 'macro avg': {'precision': 0.7409769640586699, 'recall': 0.716, 'f1-score': 0.6995280367762967, 'support': 2000.0}, 'weighted avg': {'precision': 0.74097696405867, 'recall': 0.716, 'f1-score': 0.6995280367762967, 'support': 2000.0}}","[[331   0  49   3  17]
 [  1 399   0   0   0]
 [  5   0 350   8  37]
 [ 16   2  90 269  23]
 [ 70   2 236   9  83]]",0.091827392578125,0.0005316734313964844
357,IoTID20,-1,sigmoid,MinMaxScaler,HHHv2,0.4774380609714708,-1,-1,83.24000000000001,56.51423426364833,10.475,58.099999999999994,57.01117729856623,-1,"{'0Normal': {'precision': 0.35, 'recall': 0.4416403785488959, 'f1-score': 0.39051603905160387, 'support': 317.0}, 'DoS': {'precision': 0.995, 'recall': 0.8361344537815126, 'f1-score': 0.908675799086758, 'support': 476.0}, 'MITM ARP Spoofing': {'precision': 0.46, 'recall': 0.4309133489461358, 'f1-score': 0.44498186215235797, 'support': 427.0}, 'Mirai': {'precision': 0.66, 'recall': 0.6226415094339622, 'f1-score': 0.6407766990291262, 'support': 424.0}, 'Scan': {'precision': 0.44, 'recall': 0.4943820224719101, 'f1-score': 0.4656084656084656, 'support': 356.0}, 'accuracy': 0.581, 'macro avg': {'precision': 0.581, 'recall': 0.5651423426364833, 'f1-score': 0.5701117729856623, 'support': 2000.0}, 'weighted avg': {'precision': 0.608735, 'recall': 0.581, 'f1-score': 0.5918882270143376, 'support': 2000.0}}","[[140   0  80  35  62]
 [ 50 398  11   9   8]
 [104   1 184  56  82]
 [ 49   1  38 264  72]
 [ 57   0  87  36 176]]",266.8388867378235,0.11303472518920898
