Data Type,Drop Cls,Kernel,SCALER,Model,MCC,NDR,AUC_N,ACC,TPR Macro,FPR,PPV Macro,F1 Macro,AUC,CLS Report,CFS Matrix,Training time,Test time
CIC_IoT2023,*,rbf,QuantileTransformer,LDA,0.8396691584927405,-1,-1,96.21666666666667,81.35,2.27,83.23460624828928,81.13118775845503,-1,"{'0Normal': {'precision': 0.549645390070922, 'recall': 0.775, 'f1-score': 0.6431535269709543, 'support': 200.0}, 'DDoS/DoS': {'precision': 0.9851632047477745, 'recall': 0.996, 'f1-score': 0.9905519641969169, 'support': 1000.0}, 'Mirai': {'precision': 0.9565217391304348, 'recall': 0.99, 'f1-score': 0.972972972972973, 'support': 200.0}, 'Scan': {'precision': 0.8995433789954338, 'recall': 0.985, 'f1-score': 0.9403341288782816, 'support': 200.0}, 'Spoofing': {'precision': 0.7627118644067796, 'recall': 0.45, 'f1-score': 0.5660377358490566, 'support': 200.0}, 'Web': {'precision': 0.8404907975460123, 'recall': 0.685, 'f1-score': 0.7548209366391185, 'support': 200.0}, 'accuracy': 0.8865, 'macro avg': {'precision': 0.8323460624828928, 'recall': 0.8135, 'f1-score': 0.8113118775845503, 'support': 2000.0}, 'weighted avg': {'precision': 0.8934729193888457, 'recall': 0.8865, 'f1-score': 0.8830079122294969, 'support': 2000.0}}","[[155   4   0   6  21  14]
 [  0 996   4   0   0   0]
 [  0   1 198   1   0   0]
 [  0   0   2 197   0   1]
 [ 81  10   3   5  90  11]
 [ 46   0   0  10   7 137]]",0.009416580200195312,0.0002682209014892578
CIC_IoT2023,*,rbf,QuantileTransformer,MLP,0.9466521577700587,-1,-1,98.75,93.75,0.75,93.91878872469212,93.69631597007192,-1,"{'0Normal': {'precision': 0.8558139534883721, 'recall': 0.92, 'f1-score': 0.8867469879518073, 'support': 200.0}, 'DDoS/DoS': {'precision': 0.999000999000999, 'recall': 1.0, 'f1-score': 0.9995002498750626, 'support': 1000.0}, 'Mirai': {'precision': 0.995, 'recall': 0.995, 'f1-score': 0.995, 'support': 200.0}, 'Scan': {'precision': 0.995, 'recall': 0.995, 'f1-score': 0.995, 'support': 200.0}, 'Spoofing': {'precision': 0.9112426035502958, 'recall': 0.77, 'f1-score': 0.8346883468834688, 'support': 200.0}, 'Web': {'precision': 0.8790697674418605, 'recall': 0.945, 'f1-score': 0.9108433734939759, 'support': 200.0}, 'accuracy': 0.9625, 'macro avg': {'precision': 0.9391878872469213, 'recall': 0.9375, 'f1-score': 0.9369631597007192, 'support': 2000.0}, 'weighted avg': {'precision': 0.9631131319485524, 'recall': 0.9625, 'f1-score': 0.9619779957704565, 'support': 2000.0}}","[[ 184    0    0    0    8    8]
 [   0 1000    0    0    0    0]
 [   0    0  199    1    0    0]
 [   0    1    0  199    0    0]
 [  27    0    1    0  154   18]
 [   4    0    0    0    7  189]]",2.7002809047698975,0.0007810592651367188
CIC_IoT2023,*,rbf,QuantileTransformer,LGBM,0.9722077664530518,-1,-1,99.35000000000001,96.81666666666668,0.38999999999999996,96.78076130071828,96.76604914757738,-1,"{'0Normal': {'precision': 0.9211822660098522, 'recall': 0.935, 'f1-score': 0.9280397022332506, 'support': 200.0}, 'DDoS/DoS': {'precision': 1.0, 'recall': 0.999, 'f1-score': 0.9994997498749374, 'support': 1000.0}, 'Mirai': {'precision': 1.0, 'recall': 1.0, 'f1-score': 1.0, 'support': 200.0}, 'Scan': {'precision': 0.9950248756218906, 'recall': 1.0, 'f1-score': 0.9975062344139651, 'support': 200.0}, 'Spoofing': {'precision': 0.956989247311828, 'recall': 0.89, 'f1-score': 0.922279792746114, 'support': 200.0}, 'Web': {'precision': 0.933649289099526, 'recall': 0.985, 'f1-score': 0.9586374695863747, 'support': 200.0}, 'accuracy': 0.9805, 'macro avg': {'precision': 0.9678076130071828, 'recall': 0.9681666666666667, 'f1-score': 0.9676604914757737, 'support': 2000.0}, 'weighted avg': {'precision': 0.9806845678043098, 'recall': 0.9805, 'f1-score': 0.9803961948354393, 'support': 2000.0}}","[[187   0   0   0   8   5]
 [  0 999   0   1   0   0]
 [  0   0 200   0   0   0]
 [  0   0   0 200   0   0]
 [ 13   0   0   0 178   9]
 [  3   0   0   0   0 197]]",1.2809362411499023,0.00912618637084961
CIC_IoT2023,*,rbf,QuantileTransformer,NuSVC,0.8735126727606864,-1,-1,97.06666666666666,85.39999999999999,1.76,92.29756680202907,88.2600048489393,-1,"{'0Normal': {'precision': 0.8704663212435233, 'recall': 0.84, 'f1-score': 0.8549618320610687, 'support': 200.0}, 'DDoS/DoS': {'precision': 0.8991899189918992, 'recall': 0.999, 'f1-score': 0.946470866887731, 'support': 1000.0}, 'Mirai': {'precision': 0.9900497512437811, 'recall': 0.995, 'f1-score': 0.9925187032418954, 'support': 200.0}, 'Scan': {'precision': 0.975609756097561, 'recall': 0.8, 'f1-score': 0.8791208791208791, 'support': 200.0}, 'Spoofing': {'precision': 0.9078014184397163, 'recall': 0.64, 'f1-score': 0.7507331378299119, 'support': 200.0}, 'Web': {'precision': 0.8947368421052632, 'recall': 0.85, 'f1-score': 0.8717948717948718, 'support': 200.0}, 'accuracy': 0.912, 'macro avg': {'precision': 0.9229756680202906, 'recall': 0.854, 'f1-score': 0.882600048489393, 'support': 2000.0}, 'weighted avg': {'precision': 0.9134613684089341, 'recall': 0.912, 'f1-score': 0.9081483758487283, 'support': 2000.0}}","[[168  22   0   0   5   5]
 [  0 999   0   1   0   0]
 [  0   0 199   1   0   0]
 [  3  36   0 160   0   1]
 [ 20  36   2   0 128  14]
 [  2  18   0   2   8 170]]",0.8239336013793945,0.24699878692626953
CIC_IoT2023,*,rbf,QuantileTransformer,SGD,0.8713367745072291,-1,-1,96.98333333333333,85.05000000000001,1.81,84.4988040625387,84.47377904667105,-1,"{'0Normal': {'precision': 0.6987179487179487, 'recall': 0.545, 'f1-score': 0.6123595505617977, 'support': 200.0}, 'DDoS/DoS': {'precision': 0.998998998998999, 'recall': 0.998, 'f1-score': 0.9984992496248123, 'support': 1000.0}, 'Mirai': {'precision': 1.0, 'recall': 0.985, 'f1-score': 0.9924433249370278, 'support': 200.0}, 'Scan': {'precision': 0.9004524886877828, 'recall': 0.995, 'f1-score': 0.9453681710213777, 'support': 200.0}, 'Spoofing': {'precision': 0.6963350785340314, 'recall': 0.665, 'f1-score': 0.680306905370844, 'support': 200.0}, 'Web': {'precision': 0.7754237288135594, 'recall': 0.915, 'f1-score': 0.8394495412844039, 'support': 200.0}, 'accuracy': 0.9095, 'macro avg': {'precision': 0.8449880406253869, 'recall': 0.8505000000000001, 'f1-score': 0.8447377904667106, 'support': 2000.0}, 'weighted avg': {'precision': 0.9065924239748319, 'recall': 0.9095, 'f1-score': 0.9062423741299512, 'support': 2000.0}}","[[109   0   0   8  53  30]
 [  0 998   0   0   1   1]
 [  0   0 197   3   0   0]
 [  0   0   0 199   0   1]
 [ 40   0   0   6 133  21]
 [  7   1   0   5   4 183]]",0.13550496101379395,0.00047469139099121094
CIC_IoT2023,['*'],None,QuantileTransformer,LDA_FTSP,0.8612571356107608,-1,-1,96.75,84.15,1.95,84.27960520272913,84.09170419119553,-1,"{'0Normal': {'precision': 0.5805084745762712, 'recall': 0.685, 'f1-score': 0.6284403669724771, 'support': 200.0}, 'DDoS/DoS': {'precision': 1.0, 'recall': 0.994, 'f1-score': 0.9969909729187563, 'support': 1000.0}, 'Mirai': {'precision': 0.9705882352941176, 'recall': 0.99, 'f1-score': 0.9801980198019802, 'support': 200.0}, 'Scan': {'precision': 0.9949748743718593, 'recall': 0.99, 'f1-score': 0.9924812030075189, 'support': 200.0}, 'Spoofing': {'precision': 0.6949152542372882, 'recall': 0.615, 'f1-score': 0.6525198938992042, 'support': 200.0}, 'Web': {'precision': 0.8157894736842105, 'recall': 0.775, 'f1-score': 0.7948717948717949, 'support': 200.0}, 'accuracy': 0.9025, 'macro avg': {'precision': 0.8427960520272912, 'recall': 0.8415, 'f1-score': 0.8409170419119553, 'support': 2000.0}, 'weighted avg': {'precision': 0.9056776312163747, 'recall': 0.9025, 'f1-score': 0.9033466143146757, 'support': 2000.0}}","[[137   0   0   0  42  21]
 [  0 994   4   0   2   0]
 [  0   0 198   1   1   0]
 [  0   0   2 198   0   0]
 [ 63   0   0   0 123  14]
 [ 36   0   0   0   9 155]]",0.006152153015136719,0.00019311904907226562
CIC_IoT2023,['*'],None,QuantileTransformer,MLP_FTSP,0.8796955372322844,-1,-1,97.18333333333334,86.05000000000001,1.69,86.35865474284398,86.03159358120487,-1,"{'0Normal': {'precision': 0.6440677966101694, 'recall': 0.76, 'f1-score': 0.6972477064220184, 'support': 200.0}, 'DDoS/DoS': {'precision': 0.998998998998999, 'recall': 0.998, 'f1-score': 0.9984992496248123, 'support': 1000.0}, 'Mirai': {'precision': 0.99, 'recall': 0.99, 'f1-score': 0.99, 'support': 200.0}, 'Scan': {'precision': 0.9949494949494949, 'recall': 0.985, 'f1-score': 0.9899497487437187, 'support': 200.0}, 'Spoofing': {'precision': 0.7485029940119761, 'recall': 0.625, 'f1-score': 0.6811989100817438, 'support': 200.0}, 'Web': {'precision': 0.805, 'recall': 0.805, 'f1-score': 0.805, 'support': 200.0}, 'accuracy': 0.9155, 'macro avg': {'precision': 0.8635865474284398, 'recall': 0.8605, 'f1-score': 0.8603159358120488, 'support': 2000.0}, 'weighted avg': {'precision': 0.9177515280566636, 'recall': 0.9155, 'f1-score': 0.9155892613371542, 'support': 2000.0}}","[[152   0   0   0  25  23]
 [  0 998   0   0   2   0]
 [  0   0 198   1   1   0]
 [  0   1   2 197   0   0]
 [ 59   0   0   0 125  16]
 [ 25   0   0   0  14 161]]",2.1807351112365723,0.0007371902465820312
CIC_IoT2023,['*'],None,QuantileTransformer,LGBM_FTSP,0.8730529276781528,-1,-1,97.03333333333333,85.36666666666667,1.78,85.59843718278924,85.42571285544214,-1,"{'0Normal': {'precision': 0.6412556053811659, 'recall': 0.715, 'f1-score': 0.6761229314420804, 'support': 200.0}, 'DDoS/DoS': {'precision': 0.998997995991984, 'recall': 0.997, 'f1-score': 0.997997997997998, 'support': 1000.0}, 'Mirai': {'precision': 0.9753694581280788, 'recall': 0.99, 'f1-score': 0.9826302729528535, 'support': 200.0}, 'Scan': {'precision': 0.9948979591836735, 'recall': 0.975, 'f1-score': 0.984848484848485, 'support': 200.0}, 'Spoofing': {'precision': 0.6597938144329897, 'recall': 0.64, 'f1-score': 0.6497461928934011, 'support': 200.0}, 'Web': {'precision': 0.8655913978494624, 'recall': 0.805, 'f1-score': 0.8341968911917099, 'support': 200.0}, 'accuracy': 0.911, 'macro avg': {'precision': 0.8559843718278923, 'recall': 0.8536666666666667, 'f1-score': 0.8542571285544214, 'support': 2000.0}, 'weighted avg': {'precision': 0.913189821493529, 'recall': 0.911, 'f1-score': 0.9117534763318521, 'support': 2000.0}}","[[143   0   0   0  48   9]
 [  0 997   1   0   2   0]
 [  0   0 198   1   1   0]
 [  0   1   4 195   0   0]
 [ 56   0   0   0 128  16]
 [ 24   0   0   0  15 161]]",0.8331241607666016,0.008315086364746094
CIC_IoT2023,['*'],None,QuantileTransformer,NuSVC_FTSP,0.7811324438989964,-1,-1,94.88333333333333,74.61666666666667,3.0700000000000003,74.52641984064098,74.51336188116909,-1,"{'0Normal': {'precision': 0.34347826086956523, 'recall': 0.395, 'f1-score': 0.36744186046511634, 'support': 200.0}, 'DDoS/DoS': {'precision': 1.0, 'recall': 0.997, 'f1-score': 0.99849774661993, 'support': 1000.0}, 'Mirai': {'precision': 0.9753694581280788, 'recall': 0.99, 'f1-score': 0.9826302729528535, 'support': 200.0}, 'Scan': {'precision': 0.9949748743718593, 'recall': 0.99, 'f1-score': 0.9924812030075189, 'support': 200.0}, 'Spoofing': {'precision': 0.32947976878612717, 'recall': 0.285, 'f1-score': 0.3056300268096514, 'support': 200.0}, 'Web': {'precision': 0.8282828282828283, 'recall': 0.82, 'f1-score': 0.8241206030150754, 'support': 200.0}, 'accuracy': 0.8465, 'macro avg': {'precision': 0.7452641984064098, 'recall': 0.7461666666666668, 'f1-score': 0.7451336188116908, 'support': 2000.0}, 'weighted avg': {'precision': 0.8471585190438458, 'recall': 0.8465, 'f1-score': 0.8464792699349867, 'support': 2000.0}}","[[ 79   0   0   0 108  13]
 [  0 997   3   0   0   0]
 [  1   0 198   1   0   0]
 [  0   0   2 198   0   0]
 [122   0   0   0  57  21]
 [ 28   0   0   0   8 164]]",0.7521743774414062,0.19177627563476562
CIC_IoT2023,['*'],None,QuantileTransformer,SGD_FTSP,0.8591883391315206,-1,-1,96.7,83.7,1.9800000000000002,83.96948620738239,83.62193851409002,-1,"{'0Normal': {'precision': 0.5785123966942148, 'recall': 0.7, 'f1-score': 0.6334841628959275, 'support': 200.0}, 'DDoS/DoS': {'precision': 1.0, 'recall': 0.997, 'f1-score': 0.99849774661993, 'support': 1000.0}, 'Mirai': {'precision': 0.9753694581280788, 'recall': 0.99, 'f1-score': 0.9826302729528535, 'support': 200.0}, 'Scan': {'precision': 0.9949494949494949, 'recall': 0.985, 'f1-score': 0.9899497487437187, 'support': 200.0}, 'Spoofing': {'precision': 0.691358024691358, 'recall': 0.56, 'f1-score': 0.6187845303867403, 'support': 200.0}, 'Web': {'precision': 0.797979797979798, 'recall': 0.79, 'f1-score': 0.7939698492462312, 'support': 200.0}, 'accuracy': 0.901, 'macro avg': {'precision': 0.8396948620738239, 'recall': 0.8370000000000001, 'f1-score': 0.8362193851409002, 'support': 2000.0}, 'weighted avg': {'precision': 0.9038169172442945, 'recall': 0.901, 'f1-score': 0.9011307297325121, 'support': 2000.0}}","[[140   0   0   0  36  24]
 [  0 997   2   0   1   0]
 [  0   0 198   1   1   0]
 [  0   0   3 197   0   0]
 [ 72   0   0   0 112  16]
 [ 30   0   0   0  12 158]]",0.012449502944946289,0.000461578369140625
CIC_IoT2023,['*'],rbf,QuantileTransformer,LDA_FTSP,0.8639073153818304,-1,-1,96.83333333333334,84.16666666666667,1.9,85.39168688369087,84.67390347810483,-1,"{'0Normal': {'precision': 0.7371134020618557, 'recall': 0.715, 'f1-score': 0.7258883248730965, 'support': 200.0}, 'DDoS/DoS': {'precision': 0.984251968503937, 'recall': 1.0, 'f1-score': 0.9920634920634921, 'support': 1000.0}, 'Mirai': {'precision': 0.9611650485436893, 'recall': 0.99, 'f1-score': 0.9753694581280788, 'support': 200.0}, 'Scan': {'precision': 0.9893048128342246, 'recall': 0.925, 'f1-score': 0.9560723514211886, 'support': 200.0}, 'Spoofing': {'precision': 0.6334841628959276, 'recall': 0.7, 'f1-score': 0.6650831353919239, 'support': 200.0}, 'Web': {'precision': 0.8181818181818182, 'recall': 0.72, 'f1-score': 0.7659574468085107, 'support': 200.0}, 'accuracy': 0.905, 'macro avg': {'precision': 0.8539168688369086, 'recall': 0.8416666666666667, 'f1-score': 0.8467390347810483, 'support': 2000.0}, 'weighted avg': {'precision': 0.90605090870372, 'recall': 0.905, 'f1-score': 0.9048688176940259, 'support': 2000.0}}","[[ 143    0    0    0   43   14]
 [   0 1000    0    0    0    0]
 [   0    0  198    2    0    0]
 [   0    7    8  185    0    0]
 [  39    3    0    0  140   18]
 [  12    6    0    0   38  144]]",0.003242015838623047,0.0001895427703857422
CIC_IoT2023,['*'],rbf,QuantileTransformer,MLP_FTSP,0.8741367856928814,-1,-1,97.06666666666666,85.33333333333334,1.76,85.88834126067746,85.55972803213652,-1,"{'0Normal': {'precision': 0.7037037037037037, 'recall': 0.76, 'f1-score': 0.7307692307692308, 'support': 200.0}, 'DDoS/DoS': {'precision': 0.9930486593843099, 'recall': 1.0, 'f1-score': 0.9965122072745392, 'support': 1000.0}, 'Mirai': {'precision': 0.9660194174757282, 'recall': 0.995, 'f1-score': 0.9802955665024631, 'support': 200.0}, 'Scan': {'precision': 0.9946524064171123, 'recall': 0.93, 'f1-score': 0.9612403100775193, 'support': 200.0}, 'Spoofing': {'precision': 0.6958762886597938, 'recall': 0.675, 'f1-score': 0.6852791878172588, 'support': 200.0}, 'Web': {'precision': 0.8, 'recall': 0.76, 'f1-score': 0.7794871794871796, 'support': 200.0}, 'accuracy': 0.912, 'macro avg': {'precision': 0.8588834126067746, 'recall': 0.8533333333333334, 'f1-score': 0.8555972803213652, 'support': 2000.0}, 'weighted avg': {'precision': 0.9125495113177887, 'recall': 0.912, 'f1-score': 0.9119632511026348, 'support': 2000.0}}","[[ 152    0    0    0   32   16]
 [   0 1000    0    0    0    0]
 [   0    0  199    1    0    0]
 [   1    4    7  186    0    2]
 [  44    1    0    0  135   20]
 [  19    2    0    0   27  152]]",0.44346141815185547,0.0006570816040039062
CIC_IoT2023,['*'],rbf,QuantileTransformer,LGBM_FTSP,0.7740452446365124,-1,-1,94.65,76.78333333333333,3.2099999999999995,74.63208999856079,75.22163910648955,-1,"{'0Normal': {'precision': 0.6586826347305389, 'recall': 0.55, 'f1-score': 0.5994550408719347, 'support': 200.0}, 'DDoS/DoS': {'precision': 0.9803312629399586, 'recall': 0.947, 'f1-score': 0.9633774160732452, 'support': 1000.0}, 'Mirai': {'precision': 0.8340807174887892, 'recall': 0.93, 'f1-score': 0.8794326241134753, 'support': 200.0}, 'Scan': {'precision': 0.7452471482889734, 'recall': 0.98, 'f1-score': 0.8466522678185745, 'support': 200.0}, 'Spoofing': {'precision': 0.6287425149700598, 'recall': 0.525, 'f1-score': 0.5722070844686649, 'support': 200.0}, 'Web': {'precision': 0.6308411214953271, 'recall': 0.675, 'f1-score': 0.6521739130434783, 'support': 200.0}, 'accuracy': 0.8395, 'macro avg': {'precision': 0.7463208999856078, 'recall': 0.7678333333333334, 'f1-score': 0.7522163910648955, 'support': 2000.0}, 'weighted avg': {'precision': 0.8399250451673481, 'recall': 0.8395, 'f1-score': 0.8366808010682355, 'support': 2000.0}}","[[110   2   4  10  36  38]
 [  0 947  24  28   0   1]
 [  0   6 186   8   0   0]
 [  0   3   1 196   0   0]
 [ 43   5   3   4 105  40]
 [ 14   3   5  17  26 135]]",0.6966862678527832,0.007099628448486328
CIC_IoT2023,['*'],rbf,QuantileTransformer,NuSVC_FTSP,0.8718888697384348,-1,-1,97.01666666666667,85.08333333333334,1.79,85.83616715291464,85.3944333926704,-1,"{'0Normal': {'precision': 0.6940639269406392, 'recall': 0.76, 'f1-score': 0.7255369928400954, 'support': 200.0}, 'DDoS/DoS': {'precision': 0.9891196834817013, 'recall': 1.0, 'f1-score': 0.9945300845350572, 'support': 1000.0}, 'Mirai': {'precision': 0.9658536585365853, 'recall': 0.99, 'f1-score': 0.9777777777777777, 'support': 200.0}, 'Scan': {'precision': 0.9894179894179894, 'recall': 0.935, 'f1-score': 0.9614395886889462, 'support': 200.0}, 'Spoofing': {'precision': 0.7052631578947368, 'recall': 0.67, 'f1-score': 0.6871794871794872, 'support': 200.0}, 'Web': {'precision': 0.8064516129032258, 'recall': 0.75, 'f1-score': 0.77720207253886, 'support': 200.0}, 'accuracy': 0.9105, 'macro avg': {'precision': 0.8583616715291464, 'recall': 0.8508333333333334, 'f1-score': 0.853944333926704, 'support': 2000.0}, 'weighted avg': {'precision': 0.9106648763101685, 'recall': 0.9105, 'f1-score': 0.9101786341700453, 'support': 2000.0}}","[[ 152    2    0    0   31   15]
 [   0 1000    0    0    0    0]
 [   0    0  198    2    0    0]
 [   4    0    7  187    0    2]
 [  44    3    0    0  134   19]
 [  19    6    0    0   25  150]]",0.7378222942352295,0.1700754165649414
CIC_IoT2023,['*'],rbf,QuantileTransformer,SGD_FTSP,0.8751770015938041,-1,-1,97.08333333333333,85.41666666666669,1.7500000000000002,85.80557457874724,85.50713115545418,-1,"{'0Normal': {'precision': 0.6855895196506551, 'recall': 0.785, 'f1-score': 0.731934731934732, 'support': 200.0}, 'DDoS/DoS': {'precision': 0.999000999000999, 'recall': 1.0, 'f1-score': 0.9995002498750626, 'support': 1000.0}, 'Mirai': {'precision': 0.9660194174757282, 'recall': 0.995, 'f1-score': 0.9802955665024631, 'support': 200.0}, 'Scan': {'precision': 0.9946808510638298, 'recall': 0.935, 'f1-score': 0.9639175257731958, 'support': 200.0}, 'Spoofing': {'precision': 0.694300518134715, 'recall': 0.67, 'f1-score': 0.6819338422391857, 'support': 200.0}, 'Web': {'precision': 0.8087431693989071, 'recall': 0.74, 'f1-score': 0.7728459530026109, 'support': 200.0}, 'accuracy': 0.9125, 'macro avg': {'precision': 0.8580557457874723, 'recall': 0.8541666666666669, 'f1-score': 0.8550713115545417, 'support': 2000.0}, 'weighted avg': {'precision': 0.9144338470728832, 'recall': 0.9125, 'f1-score': 0.9128428868827501, 'support': 2000.0}}","[[ 157    0    0    0   30   13]
 [   0 1000    0    0    0    0]
 [   0    0  199    1    0    0]
 [   4    0    7  187    0    2]
 [  46    0    0    0  134   20]
 [  22    1    0    0   29  148]]",0.00629425048828125,0.0004429817199707031
CIC_IoT2023,['*'],poly,QuantileTransformer,LDA_FTSP,0.8617999519618659,-1,-1,96.75,85.68333333333334,1.95,84.4500585851264,84.99635178628822,-1,"{'0Normal': {'precision': 0.7464788732394366, 'recall': 0.795, 'f1-score': 0.7699757869249395, 'support': 200.0}, 'DDoS/DoS': {'precision': 0.9928425357873211, 'recall': 0.971, 'f1-score': 0.9817997977755308, 'support': 1000.0}, 'Mirai': {'precision': 0.874439461883408, 'recall': 0.975, 'f1-score': 0.9219858156028369, 'support': 200.0}, 'Scan': {'precision': 0.9246231155778895, 'recall': 0.92, 'f1-score': 0.9223057644110277, 'support': 200.0}, 'Spoofing': {'precision': 0.7407407407407407, 'recall': 0.7, 'f1-score': 0.7197943444730077, 'support': 200.0}, 'Web': {'precision': 0.7878787878787878, 'recall': 0.78, 'f1-score': 0.7839195979899497, 'support': 200.0}, 'accuracy': 0.9025, 'macro avg': {'precision': 0.844500585851264, 'recall': 0.8568333333333333, 'f1-score': 0.8499635178628822, 'support': 2000.0}, 'weighted avg': {'precision': 0.9038373658256866, 'recall': 0.9025, 'f1-score': 0.9026980298279416, 'support': 2000.0}}","[[159   0   0   0  24  17]
 [  0 971  16  13   0   0]
 [  0   3 195   2   0   0]
 [  0   4  12 184   0   0]
 [ 35   0   0   0 140  25]
 [ 19   0   0   0  25 156]]",0.0036084651947021484,0.00032520294189453125
CIC_IoT2023,['*'],poly,QuantileTransformer,MLP_FTSP,0.8202072831221973,-1,-1,95.68333333333334,82.88333333333333,2.59,81.91188110324346,82.0175495143616,-1,"{'0Normal': {'precision': 0.6578947368421053, 'recall': 0.75, 'f1-score': 0.7009345794392524, 'support': 200.0}, 'DDoS/DoS': {'precision': 1.0, 'recall': 0.933, 'f1-score': 0.9653388515261252, 'support': 1000.0}, 'Mirai': {'precision': 0.9894736842105263, 'recall': 0.94, 'f1-score': 0.964102564102564, 'support': 200.0}, 'Scan': {'precision': 0.9834254143646409, 'recall': 0.89, 'f1-score': 0.9343832020997376, 'support': 200.0}, 'Spoofing': {'precision': 0.5364963503649635, 'recall': 0.735, 'f1-score': 0.620253164556962, 'support': 200.0}, 'Web': {'precision': 0.7474226804123711, 'recall': 0.725, 'f1-score': 0.7360406091370557, 'support': 200.0}, 'accuracy': 0.8705, 'macro avg': {'precision': 0.8191188110324346, 'recall': 0.8288333333333333, 'f1-score': 0.8201754951436161, 'support': 2000.0}, 'weighted avg': {'precision': 0.8914712866194606, 'recall': 0.8705, 'f1-score': 0.8782408376966196, 'support': 2000.0}}","[[150   0   0   0  35  15]
 [ 11 933   1   1  40  14]
 [  6   0 188   1   4   1]
 [  6   0   1 178  14   1]
 [ 35   0   0   0 147  18]
 [ 20   0   0   1  34 145]]",0.4787781238555908,0.0006146430969238281
CIC_IoT2023,['*'],poly,QuantileTransformer,LGBM_FTSP,0.7909570757790103,-1,-1,95.01666666666667,79.81666666666666,2.9899999999999998,79.76698277436948,79.01954297132275,-1,"{'0Normal': {'precision': 0.6234817813765182, 'recall': 0.77, 'f1-score': 0.6890380313199106, 'support': 200.0}, 'DDoS/DoS': {'precision': 0.9737945492662474, 'recall': 0.929, 'f1-score': 0.9508700102354146, 'support': 1000.0}, 'Mirai': {'precision': 0.8464912280701754, 'recall': 0.965, 'f1-score': 0.9018691588785046, 'support': 200.0}, 'Scan': {'precision': 0.9593023255813954, 'recall': 0.825, 'f1-score': 0.8870967741935484, 'support': 200.0}, 'Spoofing': {'precision': 0.55078125, 'recall': 0.705, 'f1-score': 0.6184210526315789, 'support': 200.0}, 'Web': {'precision': 0.8321678321678322, 'recall': 0.595, 'f1-score': 0.693877551020408, 'support': 200.0}, 'accuracy': 0.8505, 'macro avg': {'precision': 0.7976698277436948, 'recall': 0.7981666666666666, 'f1-score': 0.7901954297132274, 'support': 2000.0}, 'weighted avg': {'precision': 0.8681197163527158, 'recall': 0.8505, 'f1-score': 0.8544652619221024, 'support': 2000.0}}","[[154   2   3   0  35   6]
 [ 17 929  13   3  37   1]
 [  2   1 193   1   3   0]
 [  9   9  10 165   6   1]
 [ 38   3   1   1 141  16]
 [ 27  10   8   2  34 119]]",0.731513500213623,0.006754875183105469
CIC_IoT2023,['*'],poly,QuantileTransformer,NuSVC_FTSP,0.8188182478500909,-1,-1,95.58333333333333,82.45,2.65,83.92416304667884,82.10525309421037,-1,"{'0Normal': {'precision': 0.4704225352112676, 'recall': 0.835, 'f1-score': 0.6018018018018018, 'support': 200.0}, 'DDoS/DoS': {'precision': 1.0, 'recall': 0.932, 'f1-score': 0.9648033126293997, 'support': 1000.0}, 'Mirai': {'precision': 1.0, 'recall': 0.94, 'f1-score': 0.9690721649484536, 'support': 200.0}, 'Scan': {'precision': 0.9943181818181818, 'recall': 0.875, 'f1-score': 0.9308510638297873, 'support': 200.0}, 'Spoofing': {'precision': 0.7213114754098361, 'recall': 0.66, 'f1-score': 0.6892950391644909, 'support': 200.0}, 'Web': {'precision': 0.8493975903614458, 'recall': 0.705, 'f1-score': 0.7704918032786885, 'support': 200.0}, 'accuracy': 0.8675, 'macro avg': {'precision': 0.8392416304667885, 'recall': 0.8245, 'f1-score': 0.8210525309421036, 'support': 2000.0}, 'weighted avg': {'precision': 0.9035449782800731, 'recall': 0.8675, 'f1-score': 0.878552843617022, 'support': 2000.0}}","[[167   0   0   0  24   9]
 [ 63 932   0   0   3   2]
 [ 10   0 188   1   1   0]
 [ 21   0   0 175   4   0]
 [ 54   0   0   0 132  14]
 [ 40   0   0   0  19 141]]",0.7161960601806641,0.180006742477417
CIC_IoT2023,['*'],poly,QuantileTransformer,SGD_FTSP,0.8101621102648948,-1,-1,95.41666666666667,82.35,2.75,81.47154883309841,81.34914694146005,-1,"{'0Normal': {'precision': 0.6177606177606177, 'recall': 0.8, 'f1-score': 0.6971677559912854, 'support': 200.0}, 'DDoS/DoS': {'precision': 0.9989154013015185, 'recall': 0.921, 'f1-score': 0.9583766909469303, 'support': 1000.0}, 'Mirai': {'precision': 1.0, 'recall': 0.93, 'f1-score': 0.9637305699481865, 'support': 200.0}, 'Scan': {'precision': 0.9883040935672515, 'recall': 0.845, 'f1-score': 0.9110512129380055, 'support': 200.0}, 'Spoofing': {'precision': 0.5410447761194029, 'recall': 0.725, 'f1-score': 0.6196581196581197, 'support': 200.0}, 'Web': {'precision': 0.7422680412371134, 'recall': 0.72, 'f1-score': 0.7309644670050761, 'support': 200.0}, 'accuracy': 0.8625, 'macro avg': {'precision': 0.8147154883309841, 'recall': 0.8235, 'f1-score': 0.8134914694146005, 'support': 2000.0}, 'weighted avg': {'precision': 0.8883954535191978, 'recall': 0.8625, 'f1-score': 0.8714455580275325, 'support': 2000.0}}","[[160   0   0   0  27  13]
 [ 19 921   0   0  45  15]
 [  7   0 186   1   4   2]
 [ 13   0   0 169  16   2]
 [ 37   0   0   0 145  18]
 [ 23   1   0   1  31 144]]",0.006354808807373047,0.0004813671112060547
CIC_IoT2023,['*'],linear,QuantileTransformer,LDA_FTSP,0.8612571356107608,-1,-1,96.75,84.15,1.95,84.27960520272913,84.09170419119553,-1,"{'0Normal': {'precision': 0.5805084745762712, 'recall': 0.685, 'f1-score': 0.6284403669724771, 'support': 200.0}, 'DDoS/DoS': {'precision': 1.0, 'recall': 0.994, 'f1-score': 0.9969909729187563, 'support': 1000.0}, 'Mirai': {'precision': 0.9705882352941176, 'recall': 0.99, 'f1-score': 0.9801980198019802, 'support': 200.0}, 'Scan': {'precision': 0.9949748743718593, 'recall': 0.99, 'f1-score': 0.9924812030075189, 'support': 200.0}, 'Spoofing': {'precision': 0.6949152542372882, 'recall': 0.615, 'f1-score': 0.6525198938992042, 'support': 200.0}, 'Web': {'precision': 0.8157894736842105, 'recall': 0.775, 'f1-score': 0.7948717948717949, 'support': 200.0}, 'accuracy': 0.9025, 'macro avg': {'precision': 0.8427960520272912, 'recall': 0.8415, 'f1-score': 0.8409170419119553, 'support': 2000.0}, 'weighted avg': {'precision': 0.9056776312163747, 'recall': 0.9025, 'f1-score': 0.9033466143146757, 'support': 2000.0}}","[[137   0   0   0  42  21]
 [  0 994   4   0   2   0]
 [  0   0 198   1   1   0]
 [  0   0   2 198   0   0]
 [ 63   0   0   0 123  14]
 [ 36   0   0   0   9 155]]",0.0033617019653320312,0.0001933574676513672
CIC_IoT2023,['*'],linear,QuantileTransformer,MLP_FTSP,0.8775743235537985,-1,-1,97.13333333333334,85.8,1.72,86.11738585096575,85.77759434639427,-1,"{'0Normal': {'precision': 0.6371308016877637, 'recall': 0.755, 'f1-score': 0.691075514874142, 'support': 200.0}, 'DDoS/DoS': {'precision': 0.998998998998999, 'recall': 0.998, 'f1-score': 0.9984992496248123, 'support': 1000.0}, 'Mirai': {'precision': 0.99, 'recall': 0.99, 'f1-score': 0.99, 'support': 200.0}, 'Scan': {'precision': 0.9949494949494949, 'recall': 0.985, 'f1-score': 0.9899497487437187, 'support': 200.0}, 'Spoofing': {'precision': 0.7409638554216867, 'recall': 0.615, 'f1-score': 0.6721311475409836, 'support': 200.0}, 'Web': {'precision': 0.805, 'recall': 0.805, 'f1-score': 0.805, 'support': 200.0}, 'accuracy': 0.914, 'macro avg': {'precision': 0.8611738585096574, 'recall': 0.858, 'f1-score': 0.8577759434639427, 'support': 2000.0}, 'weighted avg': {'precision': 0.9163039147053942, 'recall': 0.914, 'f1-score': 0.9140652659282906, 'support': 2000.0}}","[[151   0   0   0  26  23]
 [  0 998   0   0   2   0]
 [  0   0 198   1   1   0]
 [  0   1   2 197   0   0]
 [ 61   0   0   0 123  16]
 [ 25   0   0   0  14 161]]",2.1578872203826904,0.000644683837890625
CIC_IoT2023,['*'],linear,QuantileTransformer,LGBM_FTSP,0.873763164721851,-1,-1,97.05,85.44999999999999,1.77,85.64631662347178,85.49433099606722,-1,"{'0Normal': {'precision': 0.6412556053811659, 'recall': 0.715, 'f1-score': 0.6761229314420804, 'support': 200.0}, 'DDoS/DoS': {'precision': 0.998997995991984, 'recall': 0.997, 'f1-score': 0.997997997997998, 'support': 1000.0}, 'Mirai': {'precision': 0.9753694581280788, 'recall': 0.99, 'f1-score': 0.9826302729528535, 'support': 200.0}, 'Scan': {'precision': 0.9948979591836735, 'recall': 0.975, 'f1-score': 0.984848484848485, 'support': 200.0}, 'Spoofing': {'precision': 0.671875, 'recall': 0.645, 'f1-score': 0.6581632653061225, 'support': 200.0}, 'Web': {'precision': 0.8563829787234043, 'recall': 0.805, 'f1-score': 0.8298969072164949, 'support': 200.0}, 'accuracy': 0.9115, 'macro avg': {'precision': 0.8564631662347177, 'recall': 0.8544999999999999, 'f1-score': 0.8549433099606722, 'support': 2000.0}, 'weighted avg': {'precision': 0.9134770981376242, 'recall': 0.9115, 'f1-score': 0.9121651851756026, 'support': 2000.0}}","[[143   0   0   0  46  11]
 [  1 997   1   0   1   0]
 [  0   0 198   1   1   0]
 [  0   1   4 195   0   0]
 [ 55   0   0   0 129  16]
 [ 24   0   0   0  15 161]]",0.8227565288543701,0.008896112442016602
CIC_IoT2023,['*'],linear,QuantileTransformer,NuSVC_FTSP,0.8639444838761133,-1,-1,96.81666666666666,84.35000000000001,1.91,84.48515691893313,84.32562702846607,-1,"{'0Normal': {'precision': 0.6505376344086021, 'recall': 0.605, 'f1-score': 0.6269430051813472, 'support': 200.0}, 'DDoS/DoS': {'precision': 1.0, 'recall': 0.996, 'f1-score': 0.9979959919839679, 'support': 1000.0}, 'Mirai': {'precision': 0.9753694581280788, 'recall': 0.99, 'f1-score': 0.9826302729528535, 'support': 200.0}, 'Scan': {'precision': 0.9949748743718593, 'recall': 0.99, 'f1-score': 0.9924812030075189, 'support': 200.0}, 'Spoofing': {'precision': 0.6103896103896104, 'recall': 0.705, 'f1-score': 0.654292343387471, 'support': 200.0}, 'Web': {'precision': 0.8378378378378378, 'recall': 0.775, 'f1-score': 0.8051948051948051, 'support': 200.0}, 'accuracy': 0.9045, 'macro avg': {'precision': 0.8448515691893314, 'recall': 0.8435000000000001, 'f1-score': 0.8432562702846607, 'support': 2000.0}, 'weighted avg': {'precision': 0.9069109415135986, 'recall': 0.9045, 'f1-score': 0.9051521589643835, 'support': 2000.0}}","[[121   0   0   0  66  13]
 [  0 996   3   0   1   0]
 [  0   0 198   1   1   0]
 [  0   0   2 198   0   0]
 [ 42   0   0   0 141  17]
 [ 23   0   0   0  22 155]]",0.7502856254577637,0.19125795364379883
CIC_IoT2023,['*'],linear,QuantileTransformer,SGD_FTSP,0.8598881201650354,-1,-1,96.7,83.69999999999999,1.9800000000000002,84.51908121233906,83.5996410134761,-1,"{'0Normal': {'precision': 0.5671641791044776, 'recall': 0.76, 'f1-score': 0.6495726495726495, 'support': 200.0}, 'DDoS/DoS': {'precision': 1.0, 'recall': 0.997, 'f1-score': 0.99849774661993, 'support': 1000.0}, 'Mirai': {'precision': 0.9753694581280788, 'recall': 0.99, 'f1-score': 0.9826302729528535, 'support': 200.0}, 'Scan': {'precision': 0.9949494949494949, 'recall': 0.985, 'f1-score': 0.9899497487437187, 'support': 200.0}, 'Spoofing': {'precision': 0.7241379310344828, 'recall': 0.525, 'f1-score': 0.6086956521739131, 'support': 200.0}, 'Web': {'precision': 0.8095238095238095, 'recall': 0.765, 'f1-score': 0.7866323907455014, 'support': 200.0}, 'accuracy': 0.901, 'macro avg': {'precision': 0.8451908121233905, 'recall': 0.8369999999999999, 'f1-score': 0.835996410134761, 'support': 2000.0}, 'weighted avg': {'precision': 0.9071144872740343, 'recall': 0.901, 'f1-score': 0.9009969447288287, 'support': 2000.0}}","[[152   0   0   0  26  22]
 [  0 997   2   0   1   0]
 [  0   0 198   1   1   0]
 [  0   0   3 197   0   0]
 [ 81   0   0   0 105  14]
 [ 35   0   0   0  12 153]]",0.011837959289550781,0.0004611015319824219
CIC_IoT2023,['*'],sigmoid,QuantileTransformer,LDA_FTSP,0.29362244293406126,-1,-1,85.58333333333333,31.116666666666664,8.649999999999999,42.12137429592812,31.297361263085637,-1,"{'0Normal': {'precision': 0.08333333333333333, 'recall': 0.005, 'f1-score': 0.009433962264150943, 'support': 200.0}, 'DDoS/DoS': {'precision': 0.5573770491803278, 'recall': 0.952, 'f1-score': 0.7031019202363367, 'support': 1000.0}, 'Mirai': {'precision': 0.7103448275862069, 'recall': 0.515, 'f1-score': 0.5971014492753624, 'support': 200.0}, 'Scan': {'precision': 0.5945945945945946, 'recall': 0.11, 'f1-score': 0.18565400843881855, 'support': 200.0}, 'Spoofing': {'precision': 0.5816326530612245, 'recall': 0.285, 'f1-score': 0.38255033557046975, 'support': 200.0}, 'Web': {'precision': 0.0, 'recall': 0.0, 'f1-score': 0.0, 'support': 200.0}, 'accuracy': 0.5675, 'macro avg': {'precision': 0.4212137429592812, 'recall': 0.31116666666666665, 'f1-score': 0.3129736126308564, 'support': 2000.0}, 'weighted avg': {'precision': 0.4756790654476999, 'recall': 0.5675, 'f1-score': 0.4690249356730485, 'support': 2000.0}}","[[  1 187   2   0  10   0]
 [  2 952  31  13   2   0]
 [  1  96 103   0   0   0]
 [  0 173   5  22   0   0]
 [  3 139   0   1  57   0]
 [  5 161   4   1  29   0]]",0.0038690567016601562,0.0002732276916503906
CIC_IoT2023,['*'],sigmoid,QuantileTransformer,MLP_FTSP,0.6870895111098386,-1,-1,92.86666666666666,65.2,4.279999999999999,68.42414999087326,66.001123282486,-1,"{'0Normal': {'precision': 0.46875, 'recall': 0.525, 'f1-score': 0.49528301886792453, 'support': 200.0}, 'DDoS/DoS': {'precision': 0.8757763975155279, 'recall': 0.987, 'f1-score': 0.9280677009873061, 'support': 1000.0}, 'Mirai': {'precision': 0.946078431372549, 'recall': 0.965, 'f1-score': 0.9554455445544553, 'support': 200.0}, 'Scan': {'precision': 0.7989690721649485, 'recall': 0.775, 'f1-score': 0.7868020304568527, 'support': 200.0}, 'Spoofing': {'precision': 0.6081081081081081, 'recall': 0.45, 'f1-score': 0.5172413793103449, 'support': 200.0}, 'Web': {'precision': 0.4077669902912621, 'recall': 0.21, 'f1-score': 0.2772277227722772, 'support': 200.0}, 'accuracy': 0.786, 'macro avg': {'precision': 0.6842414999087326, 'recall': 0.652, 'f1-score': 0.6600112328248601, 'support': 2000.0}, 'weighted avg': {'precision': 0.7608554589514507, 'recall': 0.786, 'f1-score': 0.7672338200898385, 'support': 2000.0}}","[[105  25   4   8  27  31]
 [  0 987   4   5   3   1]
 [  1   4 193   1   1   0]
 [  6  36   0 155   2   1]
 [ 59  11   1  11  90  28]
 [ 53  64   2  14  25  42]]",2.198782444000244,0.0006356239318847656
CIC_IoT2023,['*'],sigmoid,QuantileTransformer,LGBM_FTSP,0.78356256313874,-1,-1,94.91666666666667,76.85,3.05,77.21551747212328,76.91533905236088,-1,"{'0Normal': {'precision': 0.5256410256410257, 'recall': 0.615, 'f1-score': 0.5668202764976957, 'support': 200.0}, 'DDoS/DoS': {'precision': 0.9837067209775967, 'recall': 0.966, 'f1-score': 0.9747729566094854, 'support': 1000.0}, 'Mirai': {'precision': 0.9846938775510204, 'recall': 0.965, 'f1-score': 0.9747474747474748, 'support': 200.0}, 'Scan': {'precision': 0.9666666666666667, 'recall': 0.87, 'f1-score': 0.9157894736842105, 'support': 200.0}, 'Spoofing': {'precision': 0.5927835051546392, 'recall': 0.575, 'f1-score': 0.583756345177665, 'support': 200.0}, 'Web': {'precision': 0.5794392523364486, 'recall': 0.62, 'f1-score': 0.5990338164251208, 'support': 200.0}, 'accuracy': 0.8475, 'macro avg': {'precision': 0.7721551747212329, 'recall': 0.7685, 'f1-score': 0.7691533905236088, 'support': 2000.0}, 'weighted avg': {'precision': 0.8567757932237784, 'recall': 0.8475, 'f1-score': 0.8514012169579592, 'support': 2000.0}}","[[123   1   2   1  40  33]
 [  9 966   1   2   7  15]
 [  0   1 193   1   2   3]
 [  7   8   0 174   5   6]
 [ 50   1   0   1 115  33]
 [ 45   5   0   1  25 124]]",0.8371572494506836,0.011881589889526367
CIC_IoT2023,['*'],sigmoid,QuantileTransformer,NuSVC_FTSP,0.5681491838853705,-1,-1,90.41666666666667,52.483333333333334,5.75,67.16843998332304,56.67965997842952,-1,"{'0Normal': {'precision': 0.4553191489361702, 'recall': 0.535, 'f1-score': 0.49195402298850577, 'support': 200.0}, 'DDoS/DoS': {'precision': 0.7634408602150538, 'recall': 0.994, 'f1-score': 0.8635968722849696, 'support': 1000.0}, 'Mirai': {'precision': 0.8983050847457628, 'recall': 0.53, 'f1-score': 0.6666666666666667, 'support': 200.0}, 'Scan': {'precision': 0.912, 'recall': 0.57, 'f1-score': 0.7015384615384616, 'support': 200.0}, 'Spoofing': {'precision': 0.627906976744186, 'recall': 0.27, 'f1-score': 0.37762237762237766, 'support': 200.0}, 'Web': {'precision': 0.373134328358209, 'recall': 0.25, 'f1-score': 0.29940119760479045, 'support': 200.0}, 'accuracy': 0.7125, 'macro avg': {'precision': 0.6716843998332304, 'recall': 0.5248333333333334, 'f1-score': 0.5667965997842952, 'support': 2000.0}, 'weighted avg': {'precision': 0.7083869839859598, 'recall': 0.7125, 'f1-score': 0.6855167087845652, 'support': 2000.0}}","[[107  41   4   0   7  41]
 [  2 994   1   2   1   0]
 [  2  89 106   1   1   1]
 [  2  77   1 114   5   1]
 [ 77  25   2   1  54  41]
 [ 45  76   4   7  18  50]]",0.9654793739318848,0.2477104663848877
CIC_IoT2023,['*'],sigmoid,QuantileTransformer,SGD_FTSP,0.42880454290628167,-1,-1,87.5,40.166666666666664,7.5,52.453668691561504,36.68363742698118,-1,"{'0Normal': {'precision': 0.0, 'recall': 0.0, 'f1-score': 0.0, 'support': 200.0}, 'DDoS/DoS': {'precision': 0.7012417823228634, 'recall': 0.96, 'f1-score': 0.8104685521317011, 'support': 1000.0}, 'Mirai': {'precision': 0.6728395061728395, 'recall': 0.545, 'f1-score': 0.6022099447513812, 'support': 200.0}, 'Scan': {'precision': 1.0, 'recall': 0.01, 'f1-score': 0.019801980198019802, 'support': 200.0}, 'Spoofing': {'precision': 0.38028169014084506, 'recall': 0.675, 'f1-score': 0.48648648648648646, 'support': 200.0}, 'Web': {'precision': 0.39285714285714285, 'recall': 0.22, 'f1-score': 0.28205128205128205, 'support': 200.0}, 'accuracy': 0.625, 'macro avg': {'precision': 0.5245366869156151, 'recall': 0.40166666666666667, 'f1-score': 0.36683637426981175, 'support': 2000.0}, 'weighted avg': {'precision': 0.5952187250785145, 'recall': 0.625, 'f1-score': 0.5442892454145675, 'support': 2000.0}}","[[  0  51   2   0 107  40]
 [  0 960  37   0   3   0]
 [  0  89 109   0   1   1]
 [  0 149   8   2  40   1]
 [  0  38   1   0 135  26]
 [  0  82   5   0  69  44]]",0.033049821853637695,0.00047969818115234375
CIC_IoT2023,*,sigmoid,StandardScaler,LDA,0.7732757373708827,-1,-1,94.66666666666667,73.46666666666667,3.2,74.68793536690909,72.6270730305755,-1,"{'0Normal': {'precision': 0.723404255319149, 'recall': 0.34, 'f1-score': 0.4625850340136055, 'support': 200.0}, 'DDoS/DoS': {'precision': 0.9900793650793651, 'recall': 0.998, 'f1-score': 0.9940239043824701, 'support': 1000.0}, 'Mirai': {'precision': 0.9476190476190476, 'recall': 0.995, 'f1-score': 0.9707317073170733, 'support': 200.0}, 'Scan': {'precision': 0.6334841628959276, 'recall': 0.7, 'f1-score': 0.6650831353919239, 'support': 200.0}, 'Spoofing': {'precision': 0.5661764705882353, 'recall': 0.77, 'f1-score': 0.652542372881356, 'support': 200.0}, 'Web': {'precision': 0.6205128205128205, 'recall': 0.605, 'f1-score': 0.6126582278481012, 'support': 200.0}, 'accuracy': 0.84, 'macro avg': {'precision': 0.7468793536690909, 'recall': 0.7346666666666667, 'f1-score': 0.726270730305755, 'support': 2000.0}, 'weighted avg': {'precision': 0.8441593582332004, 'recall': 0.84, 'f1-score': 0.8333719999364412, 'support': 2000.0}}","[[ 68   1   0  40  78  13]
 [  0 998   0   1   1   0]
 [  0   0 199   0   0   1]
 [  3   0   0 140  10  47]
 [ 15   2   7   9 154  13]
 [  8   7   4  31  29 121]]",0.008627891540527344,0.0002684593200683594
CIC_IoT2023,*,sigmoid,StandardScaler,MLP,0.9093217241401105,-1,-1,97.88333333333334,89.48333333333332,1.27,89.52884909332411,89.50053922685353,-1,"{'0Normal': {'precision': 0.7839195979899497, 'recall': 0.78, 'f1-score': 0.7819548872180451, 'support': 200.0}, 'DDoS/DoS': {'precision': 1.0, 'recall': 0.999, 'f1-score': 0.9994997498749374, 'support': 1000.0}, 'Mirai': {'precision': 1.0, 'recall': 0.995, 'f1-score': 0.9974937343358395, 'support': 200.0}, 'Scan': {'precision': 0.9846153846153847, 'recall': 0.96, 'f1-score': 0.9721518987341772, 'support': 200.0}, 'Spoofing': {'precision': 0.775609756097561, 'recall': 0.795, 'f1-score': 0.7851851851851852, 'support': 200.0}, 'Web': {'precision': 0.8275862068965517, 'recall': 0.84, 'f1-score': 0.8337468982630273, 'support': 200.0}, 'accuracy': 0.9365, 'macro avg': {'precision': 0.8952884909332411, 'recall': 0.8948333333333333, 'f1-score': 0.8950053922685353, 'support': 2000.0}, 'weighted avg': {'precision': 0.9371730945599447, 'recall': 0.9365, 'f1-score': 0.936803135311096, 'support': 2000.0}}","[[156   0   0   1  28  15]
 [  0 999   0   1   0   0]
 [  0   0 199   1   0   0]
 [  1   0   0 192   4   3]
 [ 24   0   0   0 159  17]
 [ 18   0   0   0  14 168]]",2.7654972076416016,0.0007195472717285156
CIC_IoT2023,*,sigmoid,StandardScaler,LGBM,0.9715044628864243,-1,-1,99.33333333333333,96.73333333333333,0.4,96.86365452445442,96.74911064257114,-1,"{'0Normal': {'precision': 0.9223300970873787, 'recall': 0.95, 'f1-score': 0.9359605911330049, 'support': 200.0}, 'DDoS/DoS': {'precision': 0.998001998001998, 'recall': 0.999, 'f1-score': 0.9985007496251873, 'support': 1000.0}, 'Mirai': {'precision': 1.0, 'recall': 0.995, 'f1-score': 0.9974937343358395, 'support': 200.0}, 'Scan': {'precision': 0.9900497512437811, 'recall': 0.995, 'f1-score': 0.9925187032418954, 'support': 200.0}, 'Spoofing': {'precision': 0.9725274725274725, 'recall': 0.885, 'f1-score': 0.9267015706806283, 'support': 200.0}, 'Web': {'precision': 0.9289099526066351, 'recall': 0.98, 'f1-score': 0.9537712895377128, 'support': 200.0}, 'accuracy': 0.98, 'macro avg': {'precision': 0.9686365452445442, 'recall': 0.9673333333333334, 'f1-score': 0.9674911064257113, 'support': 2000.0}, 'weighted avg': {'precision': 0.9803827263475257, 'recall': 0.98, 'f1-score': 0.9798949637055017, 'support': 2000.0}}","[[190   1   0   0   4   5]
 [  0 999   0   1   0   0]
 [  0   0 199   1   0   0]
 [  0   1   0 199   0   0]
 [ 13   0   0   0 177  10]
 [  3   0   0   0   1 196]]",1.2577917575836182,0.008410930633544922
CIC_IoT2023,*,sigmoid,StandardScaler,NuSVC,0.8896692027905322,-1,-1,97.41666666666666,87.81666666666666,1.55,87.50641349506361,87.63456424379775,-1,"{'0Normal': {'precision': 0.7464114832535885, 'recall': 0.78, 'f1-score': 0.7628361858190709, 'support': 200.0}, 'DDoS/DoS': {'precision': 0.998989898989899, 'recall': 0.989, 'f1-score': 0.9939698492462311, 'support': 1000.0}, 'Mirai': {'precision': 1.0, 'recall': 0.995, 'f1-score': 0.9974937343358395, 'support': 200.0}, 'Scan': {'precision': 0.9895287958115183, 'recall': 0.945, 'f1-score': 0.9667519181585678, 'support': 200.0}, 'Spoofing': {'precision': 0.7135678391959799, 'recall': 0.71, 'f1-score': 0.7117794486215537, 'support': 200.0}, 'Web': {'precision': 0.8018867924528302, 'recall': 0.85, 'f1-score': 0.8252427184466019, 'support': 200.0}, 'accuracy': 0.9225, 'macro avg': {'precision': 0.8750641349506361, 'recall': 0.8781666666666667, 'f1-score': 0.8763456424379775, 'support': 2000.0}, 'weighted avg': {'precision': 0.9246344405663413, 'recall': 0.9225, 'f1-score': 0.9233953251612791, 'support': 2000.0}}","[[156   0   0   0  23  21]
 [  0 989   0   1  10   0]
 [  0   0 199   1   0   0]
 [  1   1   0 189   8   1]
 [ 38   0   0   0 142  20]
 [ 14   0   0   0  16 170]]",0.8239974975585938,0.24589753150939941
CIC_IoT2023,*,sigmoid,StandardScaler,SGD,0.806099181485726,-1,-1,95.46666666666667,77.53333333333332,2.7199999999999998,77.58014543313516,77.42140021358422,-1,"{'0Normal': {'precision': 0.6194690265486725, 'recall': 0.7, 'f1-score': 0.6572769953051644, 'support': 200.0}, 'DDoS/DoS': {'precision': 0.998997995991984, 'recall': 0.997, 'f1-score': 0.997997997997998, 'support': 1000.0}, 'Mirai': {'precision': 0.98, 'recall': 0.98, 'f1-score': 0.98, 'support': 200.0}, 'Scan': {'precision': 0.6875, 'recall': 0.715, 'f1-score': 0.7009803921568628, 'support': 200.0}, 'Spoofing': {'precision': 0.6881188118811881, 'recall': 0.695, 'f1-score': 0.6915422885572138, 'support': 200.0}, 'Web': {'precision': 0.6807228915662651, 'recall': 0.565, 'f1-score': 0.6174863387978142, 'support': 200.0}, 'accuracy': 0.864, 'macro avg': {'precision': 0.7758014543313516, 'recall': 0.7753333333333332, 'f1-score': 0.7742140021358422, 'support': 2000.0}, 'weighted avg': {'precision': 0.8650800709956046, 'recall': 0.864, 'f1-score': 0.8637276004807046, 'support': 2000.0}}","[[140   0   0  27  24   9]
 [  0 997   0   1   1   1]
 [  1   0 196   0   2   1]
 [ 18   1   0 143   8  30]
 [ 34   0   4  11 139  12]
 [ 33   0   0  26  28 113]]",0.0650491714477539,0.0004410743713378906
CIC_IoT2023,['*'],None,StandardScaler,LDA_FTSP,0.775421712676617,-1,-1,94.75,73.88333333333334,3.15,74.57511137866469,73.82683021325164,-1,"{'0Normal': {'precision': 0.5393700787401575, 'recall': 0.685, 'f1-score': 0.6035242290748899, 'support': 200.0}, 'DDoS/DoS': {'precision': 0.9910625620655412, 'recall': 0.998, 'f1-score': 0.99451918285999, 'support': 1000.0}, 'Mirai': {'precision': 0.9476190476190476, 'recall': 0.995, 'f1-score': 0.9707317073170733, 'support': 200.0}, 'Scan': {'precision': 0.6394230769230769, 'recall': 0.665, 'f1-score': 0.6519607843137255, 'support': 200.0}, 'Spoofing': {'precision': 0.7177914110429447, 'recall': 0.585, 'f1-score': 0.6446280991735537, 'support': 200.0}, 'Web': {'precision': 0.6392405063291139, 'recall': 0.505, 'f1-score': 0.5642458100558659, 'support': 200.0}, 'accuracy': 0.8425, 'macro avg': {'precision': 0.7457511137866469, 'recall': 0.7388333333333333, 'f1-score': 0.7382683021325164, 'support': 2000.0}, 'weighted avg': {'precision': 0.8438756930982046, 'recall': 0.8425, 'f1-score': 0.8407686544235058, 'support': 2000.0}}","[[137   1   0  35  21   6]
 [  0 998   0   1   1   0]
 [  1   0 199   0   0   0]
 [ 20   0   0 133   5  42]
 [ 56   2   7   9 117   9]
 [ 40   6   4  30  19 101]]",0.0032444000244140625,0.00019049644470214844
CIC_IoT2023,['*'],None,StandardScaler,MLP_FTSP,0.8446754722820271,-1,-1,96.35000000000001,82.01666666666667,2.19,83.11924507629301,82.03533884390501,-1,"{'0Normal': {'precision': 0.5859375, 'recall': 0.75, 'f1-score': 0.6578947368421053, 'support': 200.0}, 'DDoS/DoS': {'precision': 0.9979959919839679, 'recall': 0.996, 'f1-score': 0.9969969969969971, 'support': 1000.0}, 'Mirai': {'precision': 0.9850746268656716, 'recall': 0.99, 'f1-score': 0.9875311720698254, 'support': 200.0}, 'Scan': {'precision': 0.7877358490566038, 'recall': 0.835, 'f1-score': 0.8106796116504854, 'support': 200.0}, 'Spoofing': {'precision': 0.8450704225352113, 'recall': 0.6, 'f1-score': 0.7017543859649124, 'support': 200.0}, 'Web': {'precision': 0.7853403141361257, 'recall': 0.75, 'f1-score': 0.7672634271099744, 'support': 200.0}, 'accuracy': 0.8905, 'macro avg': {'precision': 0.8311924507629301, 'recall': 0.8201666666666666, 'f1-score': 0.8203533884390501, 'support': 2000.0}, 'weighted avg': {'precision': 0.8979138672513453, 'recall': 0.8905, 'f1-score': 0.8910108318622287, 'support': 2000.0}}","[[150   1   0  22   8  19]
 [  0 996   0   0   2   2]
 [  2   0 198   0   0   0]
 [ 19   0   0 167   5   9]
 [ 57   1   3   8 120  11]
 [ 28   0   0  15   7 150]]",2.166049003601074,0.0006666183471679688
CIC_IoT2023,['*'],None,StandardScaler,LGBM_FTSP,0.8435774965010939,-1,-1,96.33333333333334,82.19999999999999,2.1999999999999997,82.51550963808295,82.16963828612282,-1,"{'0Normal': {'precision': 0.5975609756097561, 'recall': 0.735, 'f1-score': 0.6591928251121076, 'support': 200.0}, 'DDoS/DoS': {'precision': 0.9979879275653923, 'recall': 0.992, 'f1-score': 0.9949849548645938, 'support': 1000.0}, 'Mirai': {'precision': 0.99, 'recall': 0.99, 'f1-score': 0.99, 'support': 200.0}, 'Scan': {'precision': 0.8592964824120602, 'recall': 0.855, 'f1-score': 0.8571428571428571, 'support': 200.0}, 'Spoofing': {'precision': 0.7413793103448276, 'recall': 0.645, 'f1-score': 0.6898395721925135, 'support': 200.0}, 'Web': {'precision': 0.7647058823529411, 'recall': 0.715, 'f1-score': 0.7390180878552972, 'support': 200.0}, 'accuracy': 0.89, 'macro avg': {'precision': 0.8251550963808295, 'recall': 0.822, 'f1-score': 0.8216963828612281, 'support': 2000.0}, 'weighted avg': {'precision': 0.8942882288546548, 'recall': 0.89, 'f1-score': 0.8910118116625745, 'support': 2000.0}}","[[147   0   0  11  24  18]
 [  1 992   0   1   3   3]
 [  2   0 198   0   0   0]
 [ 13   0   0 171   5  11]
 [ 50   2   2   5 129  12]
 [ 33   0   0  11  13 143]]",0.8115661144256592,0.014779329299926758
CIC_IoT2023,['*'],None,StandardScaler,NuSVC_FTSP,0.8257697515817712,-1,-1,95.91666666666666,80.05,2.45,81.15821758885158,80.18248841113537,-1,"{'0Normal': {'precision': 0.5653846153846154, 'recall': 0.735, 'f1-score': 0.6391304347826087, 'support': 200.0}, 'DDoS/DoS': {'precision': 0.9900299102691924, 'recall': 0.993, 'f1-score': 0.9915127309036444, 'support': 1000.0}, 'Mirai': {'precision': 0.9753694581280788, 'recall': 0.99, 'f1-score': 0.9826302729528535, 'support': 200.0}, 'Scan': {'precision': 0.8217821782178217, 'recall': 0.83, 'f1-score': 0.8258706467661692, 'support': 200.0}, 'Spoofing': {'precision': 0.7247191011235955, 'recall': 0.645, 'f1-score': 0.6825396825396824, 'support': 200.0}, 'Web': {'precision': 0.7922077922077922, 'recall': 0.61, 'f1-score': 0.6892655367231638, 'support': 200.0}, 'accuracy': 0.8775, 'macro avg': {'precision': 0.8115821758885159, 'recall': 0.8005, 'f1-score': 0.8018248841113537, 'support': 2000.0}, 'weighted avg': {'precision': 0.8829612696407866, 'recall': 0.8775, 'f1-score': 0.8777000228282699, 'support': 2000.0}}","[[147   1   0  14  25  13]
 [  3 993   0   0   4   0]
 [  1   0 198   0   1   0]
 [ 17   0   0 166   7  10]
 [ 52   2   4   4 129   9]
 [ 40   7   1  18  12 122]]",0.8309509754180908,0.19939470291137695
CIC_IoT2023,['*'],None,StandardScaler,SGD_FTSP,0.7723273562237672,-1,-1,94.65,73.45,3.2099999999999995,76.00672207649554,73.57852931145396,-1,"{'0Normal': {'precision': 0.5087108013937283, 'recall': 0.73, 'f1-score': 0.5995893223819303, 'support': 200.0}, 'DDoS/DoS': {'precision': 0.9890873015873016, 'recall': 0.997, 'f1-score': 0.993027888446215, 'support': 1000.0}, 'Mirai': {'precision': 0.9660194174757282, 'recall': 0.995, 'f1-score': 0.9802955665024631, 'support': 200.0}, 'Scan': {'precision': 0.6084905660377359, 'recall': 0.645, 'f1-score': 0.6262135922330097, 'support': 200.0}, 'Spoofing': {'precision': 0.8571428571428571, 'recall': 0.51, 'f1-score': 0.6394984326018809, 'support': 200.0}, 'Web': {'precision': 0.6309523809523809, 'recall': 0.53, 'f1-score': 0.5760869565217391, 'support': 200.0}, 'accuracy': 0.8395, 'macro avg': {'precision': 0.7600672207649554, 'recall': 0.7345, 'f1-score': 0.7357852931145397, 'support': 2000.0}, 'weighted avg': {'precision': 0.8516752530938937, 'recall': 0.8395, 'f1-score': 0.8386823312472097, 'support': 2000.0}}","[[146   3   0  36   7   8]
 [  0 997   0   2   1   0]
 [  1   0 199   0   0   0]
 [ 22   0   0 129   5  44]
 [ 66   2   6  14 102  10]
 [ 52   6   1  31   4 106]]",0.013397693634033203,0.000453948974609375
CIC_IoT2023,['*'],rbf,StandardScaler,LDA_FTSP,0.856606270819244,-1,-1,96.63333333333334,83.76666666666667,2.02,84.10764357264074,83.74170286797978,-1,"{'0Normal': {'precision': 0.564, 'recall': 0.705, 'f1-score': 0.6266666666666666, 'support': 200.0}, 'DDoS/DoS': {'precision': 1.0, 'recall': 0.991, 'f1-score': 0.9954796584630838, 'support': 1000.0}, 'Mirai': {'precision': 0.995, 'recall': 0.995, 'f1-score': 0.995, 'support': 200.0}, 'Scan': {'precision': 0.9746192893401016, 'recall': 0.96, 'f1-score': 0.9672544080604534, 'support': 200.0}, 'Spoofing': {'precision': 0.6724137931034483, 'recall': 0.585, 'f1-score': 0.6256684491978609, 'support': 200.0}, 'Web': {'precision': 0.8404255319148937, 'recall': 0.79, 'f1-score': 0.8144329896907218, 'support': 200.0}, 'accuracy': 0.899, 'macro avg': {'precision': 0.8410764357264074, 'recall': 0.8376666666666667, 'f1-score': 0.8374170286797978, 'support': 2000.0}, 'weighted avg': {'precision': 0.9046458614358444, 'recall': 0.899, 'f1-score': 0.9006420805931122, 'support': 2000.0}}","[[141   0   0   0  46  13]
 [  3 991   1   4   0   1]
 [  0   0 199   1   0   0]
 [  7   0   0 192   1   0]
 [ 67   0   0   0 117  16]
 [ 32   0   0   0  10 158]]",0.0029516220092773438,0.00018548965454101562
CIC_IoT2023,['*'],rbf,StandardScaler,MLP_FTSP,0.8600836183788748,-1,-1,96.73333333333333,84.06666666666666,1.96,84.38569771383935,84.20420114000966,-1,"{'0Normal': {'precision': 0.6415094339622641, 'recall': 0.68, 'f1-score': 0.6601941747572816, 'support': 200.0}, 'DDoS/DoS': {'precision': 0.994994994994995, 'recall': 0.994, 'f1-score': 0.9944972486243121, 'support': 1000.0}, 'Mirai': {'precision': 0.9949748743718593, 'recall': 0.99, 'f1-score': 0.9924812030075189, 'support': 200.0}, 'Scan': {'precision': 0.9791666666666666, 'recall': 0.94, 'f1-score': 0.9591836734693877, 'support': 200.0}, 'Spoofing': {'precision': 0.6390243902439025, 'recall': 0.655, 'f1-score': 0.6469135802469137, 'support': 200.0}, 'Web': {'precision': 0.8134715025906736, 'recall': 0.785, 'f1-score': 0.7989821882951654, 'support': 200.0}, 'accuracy': 0.902, 'macro avg': {'precision': 0.8438569771383935, 'recall': 0.8406666666666666, 'f1-score': 0.8420420114000966, 'support': 2000.0}, 'weighted avg': {'precision': 0.904312184281034, 'recall': 0.902, 'f1-score': 0.9030241062897827, 'support': 2000.0}}","[[136   1   0   0  50  13]
 [  0 994   1   3   0   2]
 [  0   0 198   1   0   1]
 [  3   3   0 188   4   2]
 [ 50   1   0   0 131  18]
 [ 23   0   0   0  20 157]]",0.45057106018066406,0.0006346702575683594
CIC_IoT2023,['*'],rbf,StandardScaler,LGBM_FTSP,0.8378023399938427,-1,-1,96.21666666666667,81.61666666666666,2.27,82.21605160472623,81.85597481782786,-1,"{'0Normal': {'precision': 0.5964125560538116, 'recall': 0.665, 'f1-score': 0.6288416075650118, 'support': 200.0}, 'DDoS/DoS': {'precision': 0.9880478087649402, 'recall': 0.992, 'f1-score': 0.9900199600798404, 'support': 1000.0}, 'Mirai': {'precision': 0.9556650246305419, 'recall': 0.97, 'f1-score': 0.9627791563275433, 'support': 200.0}, 'Scan': {'precision': 0.9572192513368984, 'recall': 0.895, 'f1-score': 0.9250645994832042, 'support': 200.0}, 'Spoofing': {'precision': 0.6387434554973822, 'recall': 0.61, 'f1-score': 0.6240409207161125, 'support': 200.0}, 'Web': {'precision': 0.796875, 'recall': 0.765, 'f1-score': 0.7806122448979591, 'support': 200.0}, 'accuracy': 0.8865, 'macro avg': {'precision': 0.8221605160472624, 'recall': 0.8161666666666666, 'f1-score': 0.8185597481782786, 'support': 2000.0}, 'weighted avg': {'precision': 0.8885154331343336, 'recall': 0.8865, 'f1-score': 0.8871438329389033, 'support': 2000.0}}","[[133   2   1   1  49  14]
 [  0 992   2   4   0   2]
 [  2   2 194   1   0   1]
 [  8   7   2 179   2   2]
 [ 52   1   4   1 122  20]
 [ 28   0   0   1  18 153]]",0.7006869316101074,0.007611274719238281
CIC_IoT2023,['*'],rbf,StandardScaler,NuSVC_FTSP,0.8555491840159256,-1,-1,96.61666666666666,83.68333333333334,2.03,83.98778636214638,83.75140326632867,-1,"{'0Normal': {'precision': 0.6494845360824743, 'recall': 0.63, 'f1-score': 0.6395939086294417, 'support': 200.0}, 'DDoS/DoS': {'precision': 0.998991935483871, 'recall': 0.991, 'f1-score': 0.9949799196787148, 'support': 1000.0}, 'Mirai': {'precision': 1.0, 'recall': 0.99, 'f1-score': 0.9949748743718593, 'support': 200.0}, 'Scan': {'precision': 0.9790575916230366, 'recall': 0.935, 'f1-score': 0.9565217391304348, 'support': 200.0}, 'Spoofing': {'precision': 0.5897435897435898, 'recall': 0.69, 'f1-score': 0.6359447004608294, 'support': 200.0}, 'Web': {'precision': 0.8219895287958116, 'recall': 0.785, 'f1-score': 0.80306905370844, 'support': 200.0}, 'accuracy': 0.8985, 'macro avg': {'precision': 0.8398778636214638, 'recall': 0.8368333333333333, 'f1-score': 0.8375140326632867, 'support': 2000.0}, 'weighted avg': {'precision': 0.9035234923664267, 'recall': 0.8985, 'f1-score': 0.9005003874694579, 'support': 2000.0}}","[[126   0   0   0  60  14]
 [  0 991   0   3   5   1]
 [  0   0 198   1   0   1]
 [  4   0   0 187   7   2]
 [ 46   0   0   0 138  16]
 [ 18   1   0   0  24 157]]",0.7285780906677246,0.19285249710083008
CIC_IoT2023,['*'],rbf,StandardScaler,SGD_FTSP,0.8554579036261096,-1,-1,96.61666666666666,83.68333333333334,2.03,83.86821986456087,83.72063433491093,-1,"{'0Normal': {'precision': 0.6431924882629108, 'recall': 0.685, 'f1-score': 0.6634382566585956, 'support': 200.0}, 'DDoS/DoS': {'precision': 0.998991935483871, 'recall': 0.991, 'f1-score': 0.9949799196787148, 'support': 1000.0}, 'Mirai': {'precision': 1.0, 'recall': 0.99, 'f1-score': 0.9949748743718593, 'support': 200.0}, 'Scan': {'precision': 0.9536082474226805, 'recall': 0.925, 'f1-score': 0.9390862944162438, 'support': 200.0}, 'Spoofing': {'precision': 0.6146788990825688, 'recall': 0.67, 'f1-score': 0.6411483253588517, 'support': 200.0}, 'Web': {'precision': 0.8216216216216217, 'recall': 0.76, 'f1-score': 0.7896103896103897, 'support': 200.0}, 'accuracy': 0.8985, 'macro avg': {'precision': 0.8386821986456088, 'recall': 0.8368333333333333, 'f1-score': 0.8372063433491093, 'support': 2000.0}, 'weighted avg': {'precision': 0.9028060933809137, 'recall': 0.8985, 'f1-score': 0.9003157738809514, 'support': 2000.0}}","[[137   0   0   1  52  10]
 [  0 991   0   6   1   2]
 [  0   0 198   1   0   1]
 [  4   0   0 185   8   3]
 [ 48   0   0   1 134  17]
 [ 24   1   0   0  23 152]]",0.0063436031341552734,0.0004341602325439453
CIC_IoT2023,['*'],poly,StandardScaler,LDA_FTSP,0.8282978816822257,-1,-1,95.98333333333333,80.25000000000001,2.41,79.55113097371837,79.73524618409724,-1,"{'0Normal': {'precision': 0.5700934579439252, 'recall': 0.61, 'f1-score': 0.5893719806763283, 'support': 200.0}, 'DDoS/DoS': {'precision': 0.995995995995996, 'recall': 0.995, 'f1-score': 0.9954977488744372, 'support': 1000.0}, 'Mirai': {'precision': 0.9707317073170731, 'recall': 0.995, 'f1-score': 0.982716049382716, 'support': 200.0}, 'Scan': {'precision': 0.9948979591836735, 'recall': 0.975, 'f1-score': 0.984848484848485, 'support': 200.0}, 'Spoofing': {'precision': 0.4968553459119497, 'recall': 0.395, 'f1-score': 0.4401114206128134, 'support': 200.0}, 'Web': {'precision': 0.7444933920704846, 'recall': 0.845, 'f1-score': 0.7915690866510539, 'support': 200.0}, 'accuracy': 0.8795, 'macro avg': {'precision': 0.7955113097371838, 'recall': 0.8025000000000001, 'f1-score': 0.7973524618409723, 'support': 2000.0}, 'weighted avg': {'precision': 0.8757051842407084, 'recall': 0.8795, 'f1-score': 0.8766105766543583, 'support': 2000.0}}","[[122   0   0   0  60  18]
 [  0 995   5   0   0   0]
 [  0   0 199   1   0   0]
 [  0   4   1 195   0   0]
 [ 81   0   0   0  79  40]
 [ 11   0   0   0  20 169]]",0.0038115978240966797,0.0003001689910888672
CIC_IoT2023,['*'],poly,StandardScaler,MLP_FTSP,0.8637501998687415,-1,-1,96.81666666666666,84.55,1.91,84.63021089726502,84.57871400129882,-1,"{'0Normal': {'precision': 0.6796116504854369, 'recall': 0.7, 'f1-score': 0.6896551724137931, 'support': 200.0}, 'DDoS/DoS': {'precision': 0.9969879518072289, 'recall': 0.993, 'f1-score': 0.9949899799599199, 'support': 1000.0}, 'Mirai': {'precision': 0.9949748743718593, 'recall': 0.99, 'f1-score': 0.9924812030075189, 'support': 200.0}, 'Scan': {'precision': 0.9947916666666666, 'recall': 0.955, 'f1-score': 0.9744897959183673, 'support': 200.0}, 'Spoofing': {'precision': 0.6292682926829268, 'recall': 0.645, 'f1-score': 0.6370370370370371, 'support': 200.0}, 'Web': {'precision': 0.7821782178217822, 'recall': 0.79, 'f1-score': 0.7860696517412936, 'support': 200.0}, 'accuracy': 0.9045, 'macro avg': {'precision': 0.8463021089726501, 'recall': 0.8454999999999999, 'f1-score': 0.8457871400129883, 'support': 2000.0}, 'weighted avg': {'precision': 0.9065764461064815, 'recall': 0.9045, 'f1-score': 0.9054682759917609, 'support': 2000.0}}","[[140   0   0   0  49  11]
 [  0 993   1   0   0   6]
 [  0   0 198   1   0   1]
 [  8   0   0 191   0   1]
 [ 44   2   0   0 129  25]
 [ 14   1   0   0  27 158]]",0.4827251434326172,0.0006387233734130859
CIC_IoT2023,['*'],poly,StandardScaler,LGBM_FTSP,0.8428588877694821,-1,-1,96.31666666666666,82.65,2.21,82.64954809752125,82.59714340356523,-1,"{'0Normal': {'precision': 0.634703196347032, 'recall': 0.695, 'f1-score': 0.6634844868735084, 'support': 200.0}, 'DDoS/DoS': {'precision': 0.9969604863221885, 'recall': 0.984, 'f1-score': 0.9904378459989935, 'support': 1000.0}, 'Mirai': {'precision': 0.9949494949494949, 'recall': 0.985, 'f1-score': 0.9899497487437187, 'support': 200.0}, 'Scan': {'precision': 0.9621621621621622, 'recall': 0.89, 'f1-score': 0.9246753246753247, 'support': 200.0}, 'Spoofing': {'precision': 0.6028708133971292, 'recall': 0.63, 'f1-score': 0.6161369193154034, 'support': 200.0}, 'Web': {'precision': 0.7673267326732673, 'recall': 0.775, 'f1-score': 0.7711442786069651, 'support': 200.0}, 'accuracy': 0.8895, 'macro avg': {'precision': 0.8264954809752124, 'recall': 0.8265000000000001, 'f1-score': 0.8259714340356522, 'support': 2000.0}, 'weighted avg': {'precision': 0.8946814831140029, 'recall': 0.8895, 'f1-score': 0.8917579988209888, 'support': 2000.0}}","[[139   0   0   0  45  16]
 [  3 984   0   6   1   6]
 [  0   1 197   1   0   1]
 [  8   2   1 178   9   2]
 [ 52   0   0   0 126  22]
 [ 17   0   0   0  28 155]]",0.7515795230865479,0.008764266967773438
CIC_IoT2023,['*'],poly,StandardScaler,NuSVC_FTSP,0.8433451557689026,-1,-1,96.3,82.10000000000001,2.22,83.49022943135921,82.25921142568197,-1,"{'0Normal': {'precision': 0.53125, 'recall': 0.765, 'f1-score': 0.6270491803278688, 'support': 200.0}, 'DDoS/DoS': {'precision': 1.0, 'recall': 0.991, 'f1-score': 0.9954796584630838, 'support': 1000.0}, 'Mirai': {'precision': 1.0, 'recall': 0.99, 'f1-score': 0.9949748743718593, 'support': 200.0}, 'Scan': {'precision': 0.9946236559139785, 'recall': 0.925, 'f1-score': 0.9585492227979274, 'support': 200.0}, 'Spoofing': {'precision': 0.6280487804878049, 'recall': 0.515, 'f1-score': 0.565934065934066, 'support': 200.0}, 'Web': {'precision': 0.8554913294797688, 'recall': 0.74, 'f1-score': 0.7935656836461126, 'support': 200.0}, 'accuracy': 0.889, 'macro avg': {'precision': 0.8349022943135921, 'recall': 0.8210000000000001, 'f1-score': 0.8225921142568197, 'support': 2000.0}, 'weighted avg': {'precision': 0.9009413765881552, 'recall': 0.889, 'f1-score': 0.8917471319393253, 'support': 2000.0}}","[[153   0   0   0  40   7]
 [  9 991   0   0   0   0]
 [  1   0 198   1   0   0]
 [ 11   0   0 185   3   1]
 [ 80   0   0   0 103  17]
 [ 34   0   0   0  18 148]]",0.7101702690124512,0.18722319602966309
CIC_IoT2023,['*'],poly,StandardScaler,SGD_FTSP,0.8486490341389553,-1,-1,96.45,82.91666666666667,2.13,83.8699348979741,83.19677002407926,-1,"{'0Normal': {'precision': 0.6473429951690821, 'recall': 0.67, 'f1-score': 0.6584766584766584, 'support': 200.0}, 'DDoS/DoS': {'precision': 0.9979838709677419, 'recall': 0.99, 'f1-score': 0.9939759036144579, 'support': 1000.0}, 'Mirai': {'precision': 0.9949748743718593, 'recall': 0.99, 'f1-score': 0.9924812030075189, 'support': 200.0}, 'Scan': {'precision': 1.0, 'recall': 0.89, 'f1-score': 0.9417989417989417, 'support': 200.0}, 'Spoofing': {'precision': 0.569672131147541, 'recall': 0.695, 'f1-score': 0.6261261261261262, 'support': 200.0}, 'Web': {'precision': 0.8222222222222222, 'recall': 0.74, 'f1-score': 0.7789473684210526, 'support': 200.0}, 'accuracy': 0.8935, 'macro avg': {'precision': 0.8386993489797411, 'recall': 0.8291666666666667, 'f1-score': 0.8319677002407926, 'support': 2000.0}, 'weighted avg': {'precision': 0.9024131577749412, 'recall': 0.8935, 'f1-score': 0.8967709815902588, 'support': 2000.0}}","[[134   0   0   0  57   9]
 [  2 990   1   0   1   6]
 [  0   0 198   0   1   1]
 [ 11   0   0 178  10   1]
 [ 45   1   0   0 139  15]
 [ 15   1   0   0  36 148]]",0.0066492557525634766,0.00046133995056152344
CIC_IoT2023,['*'],linear,StandardScaler,LDA_FTSP,0.775421712676617,-1,-1,94.75,73.88333333333334,3.15,74.57511137866469,73.82683021325164,-1,"{'0Normal': {'precision': 0.5393700787401575, 'recall': 0.685, 'f1-score': 0.6035242290748899, 'support': 200.0}, 'DDoS/DoS': {'precision': 0.9910625620655412, 'recall': 0.998, 'f1-score': 0.99451918285999, 'support': 1000.0}, 'Mirai': {'precision': 0.9476190476190476, 'recall': 0.995, 'f1-score': 0.9707317073170733, 'support': 200.0}, 'Scan': {'precision': 0.6394230769230769, 'recall': 0.665, 'f1-score': 0.6519607843137255, 'support': 200.0}, 'Spoofing': {'precision': 0.7177914110429447, 'recall': 0.585, 'f1-score': 0.6446280991735537, 'support': 200.0}, 'Web': {'precision': 0.6392405063291139, 'recall': 0.505, 'f1-score': 0.5642458100558659, 'support': 200.0}, 'accuracy': 0.8425, 'macro avg': {'precision': 0.7457511137866469, 'recall': 0.7388333333333333, 'f1-score': 0.7382683021325164, 'support': 2000.0}, 'weighted avg': {'precision': 0.8438756930982046, 'recall': 0.8425, 'f1-score': 0.8407686544235058, 'support': 2000.0}}","[[137   1   0  35  21   6]
 [  0 998   0   1   1   0]
 [  1   0 199   0   0   0]
 [ 20   0   0 133   5  42]
 [ 56   2   7   9 117   9]
 [ 40   6   4  30  19 101]]",0.0030477046966552734,0.0002028942108154297
CIC_IoT2023,['*'],linear,StandardScaler,MLP_FTSP,0.8446754722820271,-1,-1,96.35000000000001,82.01666666666667,2.19,83.11924507629301,82.03533884390501,-1,"{'0Normal': {'precision': 0.5859375, 'recall': 0.75, 'f1-score': 0.6578947368421053, 'support': 200.0}, 'DDoS/DoS': {'precision': 0.9979959919839679, 'recall': 0.996, 'f1-score': 0.9969969969969971, 'support': 1000.0}, 'Mirai': {'precision': 0.9850746268656716, 'recall': 0.99, 'f1-score': 0.9875311720698254, 'support': 200.0}, 'Scan': {'precision': 0.7877358490566038, 'recall': 0.835, 'f1-score': 0.8106796116504854, 'support': 200.0}, 'Spoofing': {'precision': 0.8450704225352113, 'recall': 0.6, 'f1-score': 0.7017543859649124, 'support': 200.0}, 'Web': {'precision': 0.7853403141361257, 'recall': 0.75, 'f1-score': 0.7672634271099744, 'support': 200.0}, 'accuracy': 0.8905, 'macro avg': {'precision': 0.8311924507629301, 'recall': 0.8201666666666666, 'f1-score': 0.8203533884390501, 'support': 2000.0}, 'weighted avg': {'precision': 0.8979138672513453, 'recall': 0.8905, 'f1-score': 0.8910108318622287, 'support': 2000.0}}","[[150   1   0  22   8  19]
 [  1 996   0   0   2   1]
 [  2   0 198   0   0   0]
 [ 18   0   0 167   5  10]
 [ 57   1   3   8 120  11]
 [ 28   0   0  15   7 150]]",2.1873340606689453,0.0006377696990966797
CIC_IoT2023,['*'],linear,StandardScaler,LGBM_FTSP,0.8389936599267483,-1,-1,96.23333333333333,81.56666666666666,2.26,81.7223935049466,81.54345604678275,-1,"{'0Normal': {'precision': 0.6008583690987125, 'recall': 0.7, 'f1-score': 0.6466512702078523, 'support': 200.0}, 'DDoS/DoS': {'precision': 0.9979919678714859, 'recall': 0.994, 'f1-score': 0.9959919839679359, 'support': 1000.0}, 'Mirai': {'precision': 0.9850746268656716, 'recall': 0.99, 'f1-score': 0.9875311720698254, 'support': 200.0}, 'Scan': {'precision': 0.8592964824120602, 'recall': 0.855, 'f1-score': 0.8571428571428571, 'support': 200.0}, 'Spoofing': {'precision': 0.7166666666666667, 'recall': 0.645, 'f1-score': 0.6789473684210525, 'support': 200.0}, 'Web': {'precision': 0.743455497382199, 'recall': 0.71, 'f1-score': 0.7263427109974424, 'support': 200.0}, 'accuracy': 0.887, 'macro avg': {'precision': 0.817223935049466, 'recall': 0.8156666666666667, 'f1-score': 0.8154345604678275, 'support': 2000.0}, 'weighted avg': {'precision': 0.8895311481782738, 'recall': 0.887, 'f1-score': 0.8876575298678708, 'support': 2000.0}}","[[140   1   0  11  28  20]
 [  1 994   0   1   3   1]
 [  2   0 198   0   0   0]
 [ 11   0   0 171   6  12]
 [ 48   1   3   3 129  16]
 [ 31   0   0  13  14 142]]",0.8147122859954834,0.0077056884765625
CIC_IoT2023,['*'],linear,StandardScaler,NuSVC_FTSP,0.8150655679002564,-1,-1,95.68333333333334,78.88333333333334,2.59,79.45033791995345,79.04956429436261,-1,"{'0Normal': {'precision': 0.5429864253393665, 'recall': 0.6, 'f1-score': 0.5700712589073633, 'support': 200.0}, 'DDoS/DoS': {'precision': 0.9900299102691924, 'recall': 0.993, 'f1-score': 0.9915127309036444, 'support': 1000.0}, 'Mirai': {'precision': 0.9753694581280788, 'recall': 0.99, 'f1-score': 0.9826302729528535, 'support': 200.0}, 'Scan': {'precision': 0.8434343434343434, 'recall': 0.835, 'f1-score': 0.8391959798994975, 'support': 200.0}, 'Spoofing': {'precision': 0.6473429951690821, 'recall': 0.67, 'f1-score': 0.6584766584766584, 'support': 200.0}, 'Web': {'precision': 0.7678571428571429, 'recall': 0.645, 'f1-score': 0.7010869565217392, 'support': 200.0}, 'accuracy': 0.8705, 'macro avg': {'precision': 0.7945033791995345, 'recall': 0.7888333333333334, 'f1-score': 0.7904956429436262, 'support': 2000.0}, 'weighted avg': {'precision': 0.8727139916273976, 'recall': 0.8705, 'f1-score': 0.8709024781276333, 'support': 2000.0}}","[[120   1   0  13  48  18]
 [  4 993   0   0   3   0]
 [  1   0 198   0   1   0]
 [ 17   0   0 167   8   8]
 [ 44   2   4   3 134  13]
 [ 35   7   1  15  13 129]]",0.8363142013549805,0.19870710372924805
CIC_IoT2023,['*'],linear,StandardScaler,SGD_FTSP,0.7723273562237672,-1,-1,94.65,73.45,3.2099999999999995,76.00672207649554,73.57852931145396,-1,"{'0Normal': {'precision': 0.5087108013937283, 'recall': 0.73, 'f1-score': 0.5995893223819303, 'support': 200.0}, 'DDoS/DoS': {'precision': 0.9890873015873016, 'recall': 0.997, 'f1-score': 0.993027888446215, 'support': 1000.0}, 'Mirai': {'precision': 0.9660194174757282, 'recall': 0.995, 'f1-score': 0.9802955665024631, 'support': 200.0}, 'Scan': {'precision': 0.6084905660377359, 'recall': 0.645, 'f1-score': 0.6262135922330097, 'support': 200.0}, 'Spoofing': {'precision': 0.8571428571428571, 'recall': 0.51, 'f1-score': 0.6394984326018809, 'support': 200.0}, 'Web': {'precision': 0.6309523809523809, 'recall': 0.53, 'f1-score': 0.5760869565217391, 'support': 200.0}, 'accuracy': 0.8395, 'macro avg': {'precision': 0.7600672207649554, 'recall': 0.7345, 'f1-score': 0.7357852931145397, 'support': 2000.0}, 'weighted avg': {'precision': 0.8516752530938937, 'recall': 0.8395, 'f1-score': 0.8386823312472097, 'support': 2000.0}}","[[146   3   0  36   7   8]
 [  0 997   0   2   1   0]
 [  1   0 199   0   0   0]
 [ 22   0   0 129   5  44]
 [ 66   2   6  14 102  10]
 [ 52   6   1  31   4 106]]",0.013442754745483398,0.0005459785461425781
CIC_IoT2023,['*'],sigmoid,StandardScaler,LDA_FTSP,0.7423512639341283,-1,-1,94.0,70.53333333333333,3.5999999999999996,71.05151032869563,70.7145523341095,-1,"{'0Normal': {'precision': 0.44559585492227977, 'recall': 0.43, 'f1-score': 0.43765903307888043, 'support': 200.0}, 'DDoS/DoS': {'precision': 0.9831516352824579, 'recall': 0.992, 'f1-score': 0.9875559980089598, 'support': 1000.0}, 'Mirai': {'precision': 0.9476190476190476, 'recall': 0.995, 'f1-score': 0.9707317073170733, 'support': 200.0}, 'Scan': {'precision': 0.9779005524861878, 'recall': 0.885, 'f1-score': 0.9291338582677167, 'support': 200.0}, 'Spoofing': {'precision': 0.42245989304812837, 'recall': 0.395, 'f1-score': 0.40826873385012924, 'support': 200.0}, 'Web': {'precision': 0.4863636363636364, 'recall': 0.535, 'f1-score': 0.5095238095238095, 'support': 200.0}, 'accuracy': 0.82, 'macro avg': {'precision': 0.7105151032869563, 'recall': 0.7053333333333333, 'f1-score': 0.7071455233410949, 'support': 2000.0}, 'weighted avg': {'precision': 0.8195697160851567, 'recall': 0.82, 'f1-score': 0.819309713208241, 'support': 2000.0}}","[[ 86   0   1   2  58  53]
 [  0 992   5   0   3   0]
 [  0   0 199   1   0   0]
 [  3  16   3 177   0   1]
 [ 61   1   0   0  79  59]
 [ 43   0   2   1  47 107]]",0.0034449100494384766,0.00019121170043945312
CIC_IoT2023,['*'],sigmoid,StandardScaler,MLP_FTSP,0.7229319133877136,-1,-1,93.43333333333334,68.10000000000001,3.94,67.39713813327626,65.86902757421808,-1,"{'0Normal': {'precision': 0.3957597173144876, 'recall': 0.56, 'f1-score': 0.46376811594202905, 'support': 200.0}, 'DDoS/DoS': {'precision': 0.9879759519038076, 'recall': 0.986, 'f1-score': 0.986986986986987, 'support': 1000.0}, 'Mirai': {'precision': 0.8914027149321267, 'recall': 0.985, 'f1-score': 0.9358669833729216, 'support': 200.0}, 'Scan': {'precision': 0.9, 'recall': 0.855, 'f1-score': 0.8769230769230769, 'support': 200.0}, 'Spoofing': {'precision': 0.40384615384615385, 'recall': 0.105, 'f1-score': 0.16666666666666666, 'support': 200.0}, 'Web': {'precision': 0.46484375, 'recall': 0.595, 'f1-score': 0.5219298245614035, 'support': 200.0}, 'accuracy': 0.803, 'macro avg': {'precision': 0.6739713813327626, 'recall': 0.681, 'f1-score': 0.6586902757421808, 'support': 2000.0}, 'weighted avg': {'precision': 0.7995732095611806, 'recall': 0.803, 'f1-score': 0.7900089602401033, 'support': 2000.0}}","[[112   2   9   7  17  53]
 [  1 986   0   0   0  13]
 [  0   0 197   3   0   0]
 [ 15   3   4 171   0   7]
 [ 98   5   5   7  21  64]
 [ 57   2   6   2  14 119]]",1.3537464141845703,0.0006291866302490234
CIC_IoT2023,['*'],sigmoid,StandardScaler,LGBM_FTSP,0.6661574690929062,-1,-1,92.33333333333333,61.999999999999986,4.6,64.45949241313933,60.830837281001735,-1,"{'0Normal': {'precision': 0.42073170731707316, 'recall': 0.345, 'f1-score': 0.37912087912087916, 'support': 200.0}, 'DDoS/DoS': {'precision': 0.8805309734513275, 'recall': 0.995, 'f1-score': 0.9342723004694836, 'support': 1000.0}, 'Mirai': {'precision': 0.919047619047619, 'recall': 0.965, 'f1-score': 0.9414634146341463, 'support': 200.0}, 'Scan': {'precision': 0.5765472312703583, 'recall': 0.885, 'f1-score': 0.6982248520710059, 'support': 200.0}, 'Spoofing': {'precision': 0.44776119402985076, 'recall': 0.15, 'f1-score': 0.2247191011235955, 'support': 200.0}, 'Web': {'precision': 0.6229508196721312, 'recall': 0.38, 'f1-score': 0.47204968944099374, 'support': 200.0}, 'accuracy': 0.77, 'macro avg': {'precision': 0.6445949241313933, 'recall': 0.6199999999999999, 'f1-score': 0.6083083728100174, 'support': 2000.0}, 'weighted avg': {'precision': 0.738969343859367, 'recall': 0.77, 'f1-score': 0.7386939438738039, 'support': 2000.0}}","[[ 69  41   3  41  19  27]
 [  1 995   2   2   0   0]
 [  1   1 193   2   1   2]
 [  5  14   3 177   0   1]
 [ 45  54   5  50  30  16]
 [ 43  25   4  35  17  76]]",0.8243167400360107,0.006920576095581055
CIC_IoT2023,['*'],sigmoid,StandardScaler,NuSVC_FTSP,0.6724801070182751,-1,-1,92.01666666666667,61.81666666666668,4.79,66.99220438966132,61.41816724002203,-1,"{'0Normal': {'precision': 0.3782051282051282, 'recall': 0.295, 'f1-score': 0.33146067415730335, 'support': 200.0}, 'DDoS/DoS': {'precision': 1.0, 'recall': 0.974, 'f1-score': 0.9868287740628165, 'support': 1000.0}, 'Mirai': {'precision': 1.0, 'recall': 0.96, 'f1-score': 0.9795918367346939, 'support': 200.0}, 'Scan': {'precision': 1.0, 'recall': 0.66, 'f1-score': 0.7951807228915663, 'support': 200.0}, 'Spoofing': {'precision': 0.34782608695652173, 'recall': 0.12, 'f1-score': 0.17843866171003717, 'support': 200.0}, 'Web': {'precision': 0.29350104821802936, 'recall': 0.7, 'f1-score': 0.413589364844904, 'support': 200.0}, 'accuracy': 0.7605, 'macro avg': {'precision': 0.6699220438966133, 'recall': 0.6181666666666668, 'f1-score': 0.6141816724002203, 'support': 2000.0}, 'weighted avg': {'precision': 0.8019532263379678, 'recall': 0.7605, 'f1-score': 0.7632405130652589, 'support': 2000.0}}","[[ 59   0   0   0  21 120]
 [  8 974   0   0   0  18]
 [  4   0 192   0   1   3]
 [ 12   0   0 132   0  56]
 [ 36   0   0   0  24 140]
 [ 37   0   0   0  23 140]]",0.8409624099731445,0.1846151351928711
CIC_IoT2023,['*'],sigmoid,StandardScaler,SGD_FTSP,0.7157416335142972,-1,-1,93.35,67.75000000000001,3.9899999999999998,67.70912304580244,67.70289146488584,-1,"{'0Normal': {'precision': 0.4080717488789238, 'recall': 0.455, 'f1-score': 0.4302600472813239, 'support': 200.0}, 'DDoS/DoS': {'precision': 0.9929435483870968, 'recall': 0.985, 'f1-score': 0.9889558232931727, 'support': 1000.0}, 'Mirai': {'precision': 0.985, 'recall': 0.985, 'f1-score': 0.985, 'support': 200.0}, 'Scan': {'precision': 0.8375634517766497, 'recall': 0.825, 'f1-score': 0.8312342569269522, 'support': 200.0}, 'Spoofing': {'precision': 0.3894736842105263, 'recall': 0.37, 'f1-score': 0.37948717948717947, 'support': 200.0}, 'Web': {'precision': 0.4494949494949495, 'recall': 0.445, 'f1-score': 0.4472361809045226, 'support': 200.0}, 'accuracy': 0.8005, 'macro avg': {'precision': 0.6770912304580244, 'recall': 0.6775000000000001, 'f1-score': 0.6770289146488584, 'support': 2000.0}, 'weighted avg': {'precision': 0.8034321576296533, 'recall': 0.8005, 'f1-score': 0.8017996781065843, 'support': 2000.0}}","[[ 91   0   0   7  52  50]
 [  6 985   1   0   3   5]
 [  0   0 197   0   3   0]
 [ 16   3   2 165  10   4]
 [ 58   3   0  15  74  50]
 [ 52   1   0  10  48  89]]",0.012512922286987305,0.0004036426544189453
CIC_IoT2023,*,sigmoid,MinMaxScaler,LDA,0.7727244902238967,-1,-1,94.68333333333334,73.55000000000001,3.19,74.29354374952176,73.45956915233448,-1,"{'0Normal': {'precision': 0.5354330708661418, 'recall': 0.68, 'f1-score': 0.5991189427312776, 'support': 200.0}, 'DDoS/DoS': {'precision': 0.9920477137176938, 'recall': 0.998, 'f1-score': 0.9950149551345961, 'support': 1000.0}, 'Mirai': {'precision': 0.9476190476190476, 'recall': 0.995, 'f1-score': 0.9707317073170733, 'support': 200.0}, 'Scan': {'precision': 0.6203703703703703, 'recall': 0.67, 'f1-score': 0.6442307692307693, 'support': 200.0}, 'Spoofing': {'precision': 0.7169811320754716, 'recall': 0.57, 'f1-score': 0.6350974930362117, 'support': 200.0}, 'Web': {'precision': 0.6451612903225806, 'recall': 0.5, 'f1-score': 0.5633802816901409, 'support': 200.0}, 'accuracy': 0.8405, 'macro avg': {'precision': 0.7429354374952176, 'recall': 0.7355, 'f1-score': 0.7345956915233448, 'support': 2000.0}, 'weighted avg': {'precision': 0.8425803479842082, 'recall': 0.8405, 'f1-score': 0.8387633969678453, 'support': 2000.0}}","[[136   1   0  39  17   7]
 [  0 998   0   1   1   0]
 [  1   0 199   0   0   0]
 [ 21   0   0 134   6  39]
 [ 58   2   7  10 114   9]
 [ 38   5   4  32  21 100]]",0.008582353591918945,0.0002696514129638672
CIC_IoT2023,*,sigmoid,MinMaxScaler,MLP,0.9102672676990006,-1,-1,97.89999999999999,89.56666666666668,1.26,89.75256141244387,89.52099028630377,-1,"{'0Normal': {'precision': 0.7832512315270936, 'recall': 0.795, 'f1-score': 0.7890818858560794, 'support': 200.0}, 'DDoS/DoS': {'precision': 0.999, 'recall': 0.999, 'f1-score': 0.999, 'support': 1000.0}, 'Mirai': {'precision': 1.0, 'recall': 0.995, 'f1-score': 0.9974937343358395, 'support': 200.0}, 'Scan': {'precision': 0.9898477157360406, 'recall': 0.975, 'f1-score': 0.982367758186398, 'support': 200.0}, 'Spoofing': {'precision': 0.8313953488372093, 'recall': 0.715, 'f1-score': 0.7688172043010754, 'support': 200.0}, 'Web': {'precision': 0.7816593886462883, 'recall': 0.895, 'f1-score': 0.8344988344988346, 'support': 200.0}, 'accuracy': 0.937, 'macro avg': {'precision': 0.8975256141244387, 'recall': 0.8956666666666667, 'f1-score': 0.8952099028630377, 'support': 2000.0}, 'weighted avg': {'precision': 0.9381153684746631, 'recall': 0.937, 'f1-score': 0.9367259417178228, 'support': 2000.0}}","[[159   0   0   0  18  23]
 [  0 999   0   1   0   0]
 [  0   0 199   1   0   0]
 [  0   1   0 195   4   0]
 [ 30   0   0   0 143  27]
 [ 14   0   0   0   7 179]]",2.610583543777466,0.0007202625274658203
CIC_IoT2023,*,sigmoid,MinMaxScaler,LGBM,0.970787791001267,-1,-1,99.31666666666666,96.65000000000002,0.41000000000000003,96.71422379975178,96.64018000010941,-1,"{'0Normal': {'precision': 0.9303482587064676, 'recall': 0.935, 'f1-score': 0.9326683291770573, 'support': 200.0}, 'DDoS/DoS': {'precision': 0.999, 'recall': 0.999, 'f1-score': 0.999, 'support': 1000.0}, 'Mirai': {'precision': 1.0, 'recall': 0.995, 'f1-score': 0.9974937343358395, 'support': 200.0}, 'Scan': {'precision': 0.9900497512437811, 'recall': 0.995, 'f1-score': 0.9925187032418954, 'support': 200.0}, 'Spoofing': {'precision': 0.9675675675675676, 'recall': 0.895, 'f1-score': 0.92987012987013, 'support': 200.0}, 'Web': {'precision': 0.9158878504672897, 'recall': 0.98, 'f1-score': 0.9468599033816426, 'support': 200.0}, 'accuracy': 0.9795, 'macro avg': {'precision': 0.9671422379975178, 'recall': 0.9665000000000002, 'f1-score': 0.9664018000010941, 'support': 2000.0}, 'weighted avg': {'precision': 0.9798853427985106, 'recall': 0.9795, 'f1-score': 0.9794410800006565, 'support': 2000.0}}","[[187   0   0   0   5   8]
 [  0 999   0   1   0   0]
 [  0   0 199   1   0   0]
 [  0   1   0 199   0   0]
 [ 11   0   0   0 179  10]
 [  3   0   0   0   1 196]]",1.2393434047698975,0.009246826171875
CIC_IoT2023,*,sigmoid,MinMaxScaler,NuSVC,0.8836157661804319,-1,-1,97.3,86.56666666666668,1.6199999999999999,88.78380244844529,87.49299256446442,-1,"{'0Normal': {'precision': 0.7623762376237624, 'recall': 0.77, 'f1-score': 0.7661691542288558, 'support': 200.0}, 'DDoS/DoS': {'precision': 0.9633558341369335, 'recall': 0.999, 'f1-score': 0.9808541973490428, 'support': 1000.0}, 'Mirai': {'precision': 0.9900497512437811, 'recall': 0.995, 'f1-score': 0.9925187032418954, 'support': 200.0}, 'Scan': {'precision': 0.9884393063583815, 'recall': 0.855, 'f1-score': 0.9168900804289545, 'support': 200.0}, 'Spoofing': {'precision': 0.7894736842105263, 'recall': 0.675, 'f1-score': 0.7277628032345014, 'support': 200.0}, 'Web': {'precision': 0.8333333333333334, 'recall': 0.9, 'f1-score': 0.8653846153846153, 'support': 200.0}, 'accuracy': 0.919, 'macro avg': {'precision': 0.8878380244844529, 'recall': 0.8656666666666668, 'f1-score': 0.8749299256446442, 'support': 2000.0}, 'weighted avg': {'precision': 0.9180451483454452, 'recall': 0.919, 'f1-score': 0.9172996343264036, 'support': 2000.0}}","[[154   4   0   0  26  16]
 [  0 999   0   1   0   0]
 [  0   0 199   1   0   0]
 [  3  23   0 171   3   0]
 [ 35   8   2   0 135  20]
 [ 10   3   0   0   7 180]]",0.8499648571014404,0.2564382553100586
CIC_IoT2023,*,sigmoid,MinMaxScaler,SGD,0.7811795382155138,-1,-1,94.8,74.06666666666666,3.1199999999999997,76.9187679364855,73.57058894896896,-1,"{'0Normal': {'precision': 0.68, 'recall': 0.51, 'f1-score': 0.582857142857143, 'support': 200.0}, 'DDoS/DoS': {'precision': 0.998001998001998, 'recall': 0.999, 'f1-score': 0.9985007496251873, 'support': 1000.0}, 'Mirai': {'precision': 0.9521531100478469, 'recall': 0.995, 'f1-score': 0.9731051344743276, 'support': 200.0}, 'Scan': {'precision': 0.6584158415841584, 'recall': 0.665, 'f1-score': 0.6616915422885572, 'support': 200.0}, 'Spoofing': {'precision': 0.819047619047619, 'recall': 0.43, 'f1-score': 0.5639344262295082, 'support': 200.0}, 'Web': {'precision': 0.5075075075075075, 'recall': 0.845, 'f1-score': 0.6341463414634146, 'support': 200.0}, 'accuracy': 0.844, 'macro avg': {'precision': 0.769187679364855, 'recall': 0.7406666666666667, 'f1-score': 0.7357058894896896, 'support': 2000.0}, 'weighted avg': {'precision': 0.8607134068197121, 'recall': 0.844, 'f1-score': 0.8408238335438887, 'support': 2000.0}}","[[102   0   1  31  11  55]
 [  0 999   0   0   0   1]
 [  0   0 199   0   0   1]
 [  6   0   0 133   5  56]
 [ 37   2   9  15  86  51]
 [  5   0   0  23   3 169]]",0.056387901306152344,0.0005450248718261719
CIC_IoT2023,['*'],None,MinMaxScaler,LDA_FTSP,0.7727244902238967,-1,-1,94.68333333333334,73.55000000000001,3.19,74.29354374952176,73.45956915233448,-1,"{'0Normal': {'precision': 0.5354330708661418, 'recall': 0.68, 'f1-score': 0.5991189427312776, 'support': 200.0}, 'DDoS/DoS': {'precision': 0.9920477137176938, 'recall': 0.998, 'f1-score': 0.9950149551345961, 'support': 1000.0}, 'Mirai': {'precision': 0.9476190476190476, 'recall': 0.995, 'f1-score': 0.9707317073170733, 'support': 200.0}, 'Scan': {'precision': 0.6203703703703703, 'recall': 0.67, 'f1-score': 0.6442307692307693, 'support': 200.0}, 'Spoofing': {'precision': 0.7169811320754716, 'recall': 0.57, 'f1-score': 0.6350974930362117, 'support': 200.0}, 'Web': {'precision': 0.6451612903225806, 'recall': 0.5, 'f1-score': 0.5633802816901409, 'support': 200.0}, 'accuracy': 0.8405, 'macro avg': {'precision': 0.7429354374952176, 'recall': 0.7355, 'f1-score': 0.7345956915233448, 'support': 2000.0}, 'weighted avg': {'precision': 0.8425803479842082, 'recall': 0.8405, 'f1-score': 0.8387633969678453, 'support': 2000.0}}","[[136   1   0  39  17   7]
 [  0 998   0   1   1   0]
 [  1   0 199   0   0   0]
 [ 21   0   0 134   6  39]
 [ 58   2   7  10 114   9]
 [ 38   5   4  32  21 100]]",0.0030260086059570312,0.00018548965454101562
CIC_IoT2023,['*'],None,MinMaxScaler,MLP_FTSP,0.845849694708393,-1,-1,96.38333333333333,82.11666666666666,2.17,83.17320269239707,82.1852918556101,-1,"{'0Normal': {'precision': 0.5873015873015873, 'recall': 0.74, 'f1-score': 0.6548672566371682, 'support': 200.0}, 'DDoS/DoS': {'precision': 0.996003996003996, 'recall': 0.997, 'f1-score': 0.9965017491254373, 'support': 1000.0}, 'Mirai': {'precision': 0.9851485148514851, 'recall': 0.995, 'f1-score': 0.9900497512437811, 'support': 200.0}, 'Scan': {'precision': 0.8028169014084507, 'recall': 0.855, 'f1-score': 0.828087167070218, 'support': 200.0}, 'Spoofing': {'precision': 0.8299319727891157, 'recall': 0.61, 'f1-score': 0.7031700288184439, 'support': 200.0}, 'Web': {'precision': 0.7891891891891892, 'recall': 0.73, 'f1-score': 0.7584415584415585, 'support': 200.0}, 'accuracy': 0.8915, 'macro avg': {'precision': 0.8317320269239706, 'recall': 0.8211666666666666, 'f1-score': 0.8218529185561011, 'support': 2000.0}, 'weighted avg': {'precision': 0.8974408145559808, 'recall': 0.8915, 'f1-score': 0.8917124507838355, 'support': 2000.0}}","[[148   1   0  21  11  19]
 [  1 997   0   0   2   0]
 [  1   0 199   0   0   0]
 [ 16   0   0 171   5   8]
 [ 56   1   3   6 122  12]
 [ 30   2   0  15   7 146]]",2.166440010070801,0.0007543563842773438
CIC_IoT2023,['*'],None,MinMaxScaler,LGBM_FTSP,0.8503883436466679,-1,-1,96.5,82.83333333333334,2.1,83.1570336477195,82.88407483488119,-1,"{'0Normal': {'precision': 0.6085106382978723, 'recall': 0.715, 'f1-score': 0.6574712643678161, 'support': 200.0}, 'DDoS/DoS': {'precision': 0.9979939819458375, 'recall': 0.995, 'f1-score': 0.9964947421131698, 'support': 1000.0}, 'Mirai': {'precision': 0.9851485148514851, 'recall': 0.995, 'f1-score': 0.9900497512437811, 'support': 200.0}, 'Scan': {'precision': 0.8854166666666666, 'recall': 0.85, 'f1-score': 0.8673469387755102, 'support': 200.0}, 'Spoofing': {'precision': 0.7403314917127072, 'recall': 0.67, 'f1-score': 0.7034120734908137, 'support': 200.0}, 'Web': {'precision': 0.772020725388601, 'recall': 0.745, 'f1-score': 0.7582697201017812, 'support': 200.0}, 'accuracy': 0.895, 'macro avg': {'precision': 0.831570336477195, 'recall': 0.8283333333333335, 'f1-score': 0.8288407483488119, 'support': 2000.0}, 'weighted avg': {'precision': 0.8981397946646519, 'recall': 0.895, 'f1-score': 0.8959023458545551, 'support': 2000.0}}","[[143   2   0   9  25  21]
 [  2 995   0   0   3   0]
 [  1   0 199   0   0   0]
 [ 12   0   0 170   6  12]
 [ 50   0   3   2 134  11]
 [ 27   0   0  11  13 149]]",0.831341028213501,0.008771896362304688
CIC_IoT2023,['*'],None,MinMaxScaler,NuSVC_FTSP,0.8340112881926915,-1,-1,96.11666666666666,81.04999999999998,2.33,81.83697284501349,81.1884141699573,-1,"{'0Normal': {'precision': 0.592, 'recall': 0.74, 'f1-score': 0.6577777777777778, 'support': 200.0}, 'DDoS/DoS': {'precision': 0.9900299102691924, 'recall': 0.993, 'f1-score': 0.9915127309036444, 'support': 1000.0}, 'Mirai': {'precision': 0.9753694581280788, 'recall': 0.99, 'f1-score': 0.9826302729528535, 'support': 200.0}, 'Scan': {'precision': 0.8711340206185567, 'recall': 0.845, 'f1-score': 0.8578680203045685, 'support': 200.0}, 'Spoofing': {'precision': 0.7197802197802198, 'recall': 0.655, 'f1-score': 0.6858638743455497, 'support': 200.0}, 'Web': {'precision': 0.7619047619047619, 'recall': 0.64, 'f1-score': 0.6956521739130435, 'support': 200.0}, 'accuracy': 0.8835, 'macro avg': {'precision': 0.8183697284501349, 'recall': 0.8104999999999999, 'f1-score': 0.811884141699573, 'support': 2000.0}, 'weighted avg': {'precision': 0.887033801177758, 'recall': 0.8835, 'f1-score': 0.8837355773812016, 'support': 2000.0}}","[[148   1   0  10  27  14]
 [  5 993   0   0   2   0]
 [  1   0 198   0   1   0]
 [ 13   0   0 169   7  11]
 [ 45   2   4   3 131  15]
 [ 38   7   1  12  14 128]]",0.846672534942627,0.20025110244750977
CIC_IoT2023,['*'],None,MinMaxScaler,SGD_FTSP,0.7811878766677552,-1,-1,94.86666666666666,74.46666666666667,3.08,76.71121651513162,74.6525383885715,-1,"{'0Normal': {'precision': 0.5268817204301075, 'recall': 0.735, 'f1-score': 0.6137787056367432, 'support': 200.0}, 'DDoS/DoS': {'precision': 0.9890981169474727, 'recall': 0.998, 'f1-score': 0.9935291189646591, 'support': 1000.0}, 'Mirai': {'precision': 0.9753694581280788, 'recall': 0.99, 'f1-score': 0.9826302729528535, 'support': 200.0}, 'Scan': {'precision': 0.6372549019607843, 'recall': 0.65, 'f1-score': 0.6435643564356436, 'support': 200.0}, 'Spoofing': {'precision': 0.8387096774193549, 'recall': 0.52, 'f1-score': 0.6419753086419753, 'support': 200.0}, 'Web': {'precision': 0.6353591160220995, 'recall': 0.575, 'f1-score': 0.6036745406824147, 'support': 200.0}, 'accuracy': 0.846, 'macro avg': {'precision': 0.7671121651513163, 'recall': 0.7446666666666667, 'f1-score': 0.746525383885715, 'support': 2000.0}, 'weighted avg': {'precision': 0.8559065458697789, 'recall': 0.846, 'f1-score': 0.8453268779172928, 'support': 2000.0}}","[[147   3   0  32   8  10]
 [  0 998   0   1   1   0]
 [  1   0 198   0   0   1]
 [ 21   0   0 130   5  44]
 [ 67   2   5  11 104  11]
 [ 43   6   0  30   6 115]]",0.014119863510131836,0.0004367828369140625
CIC_IoT2023,['*'],rbf,MinMaxScaler,LDA_FTSP,0.9323949950976224,-1,-1,98.41666666666666,92.21666666666665,0.95,92.20232573121811,92.09410438990969,-1,"{'0Normal': {'precision': 0.7873303167420814, 'recall': 0.87, 'f1-score': 0.826603325415677, 'support': 200.0}, 'DDoS/DoS': {'precision': 1.0, 'recall': 0.998, 'f1-score': 0.998998998998999, 'support': 1000.0}, 'Mirai': {'precision': 0.9851485148514851, 'recall': 0.995, 'f1-score': 0.9900497512437811, 'support': 200.0}, 'Scan': {'precision': 0.99, 'recall': 0.99, 'f1-score': 0.99, 'support': 200.0}, 'Spoofing': {'precision': 0.8662790697674418, 'recall': 0.745, 'f1-score': 0.8010752688172043, 'support': 200.0}, 'Web': {'precision': 0.9033816425120773, 'recall': 0.935, 'f1-score': 0.9189189189189189, 'support': 200.0}, 'accuracy': 0.9525, 'macro avg': {'precision': 0.922023257312181, 'recall': 0.9221666666666666, 'f1-score': 0.9209410438990968, 'support': 2000.0}, 'weighted avg': {'precision': 0.9532139543873086, 'recall': 0.9525, 'f1-score': 0.9521642259390576, 'support': 2000.0}}","[[174   0   0   0  17   9]
 [  0 998   1   1   0   0]
 [  0   0 199   1   0   0]
 [  0   0   2 198   0   0]
 [ 40   0   0   0 149  11]
 [  7   0   0   0   6 187]]",0.0036423206329345703,0.0002999305725097656
CIC_IoT2023,['*'],rbf,MinMaxScaler,MLP_FTSP,0.9194013858251203,-1,-1,98.11666666666666,90.85000000000001,1.13,90.64287787092033,90.73598934269934,-1,"{'0Normal': {'precision': 0.7777777777777778, 'recall': 0.805, 'f1-score': 0.7911547911547911, 'support': 200.0}, 'DDoS/DoS': {'precision': 1.0, 'recall': 0.996, 'f1-score': 0.9979959919839679, 'support': 1000.0}, 'Mirai': {'precision': 1.0, 'recall': 0.995, 'f1-score': 0.9974937343358395, 'support': 200.0}, 'Scan': {'precision': 0.99, 'recall': 0.99, 'f1-score': 0.99, 'support': 200.0}, 'Spoofing': {'precision': 0.7927461139896373, 'recall': 0.765, 'f1-score': 0.7786259541984734, 'support': 200.0}, 'Web': {'precision': 0.8780487804878049, 'recall': 0.9, 'f1-score': 0.888888888888889, 'support': 200.0}, 'accuracy': 0.9435, 'macro avg': {'precision': 0.9064287787092034, 'recall': 0.9085000000000001, 'f1-score': 0.9073598934269934, 'support': 2000.0}, 'weighted avg': {'precision': 0.943857267225522, 'recall': 0.9435, 'f1-score': 0.9436143328497832, 'support': 2000.0}}","[[161   0   0   0  28  11]
 [  0 996   0   1   2   1]
 [  0   0 199   1   0   0]
 [  2   0   0 198   0   0]
 [ 34   0   0   0 153  13]
 [ 10   0   0   0  10 180]]",0.7964479923248291,0.0006504058837890625
CIC_IoT2023,['*'],rbf,MinMaxScaler,LGBM_FTSP,0.9229966052300442,-1,-1,98.2,91.33333333333333,1.08,91.3413139592839,91.30245004342287,-1,"{'0Normal': {'precision': 0.7808219178082192, 'recall': 0.855, 'f1-score': 0.8162291169451074, 'support': 200.0}, 'DDoS/DoS': {'precision': 0.9979939819458375, 'recall': 0.995, 'f1-score': 0.9964947421131698, 'support': 1000.0}, 'Mirai': {'precision': 0.9949494949494949, 'recall': 0.985, 'f1-score': 0.9899497487437187, 'support': 200.0}, 'Scan': {'precision': 0.9949238578680203, 'recall': 0.98, 'f1-score': 0.9874055415617129, 'support': 200.0}, 'Spoofing': {'precision': 0.7989690721649485, 'recall': 0.775, 'f1-score': 0.7868020304568527, 'support': 200.0}, 'Web': {'precision': 0.9128205128205128, 'recall': 0.89, 'f1-score': 0.9012658227848102, 'support': 200.0}, 'accuracy': 0.946, 'macro avg': {'precision': 0.9134131395928389, 'recall': 0.9133333333333332, 'f1-score': 0.9130245004342287, 'support': 2000.0}, 'weighted avg': {'precision': 0.9472454765340385, 'recall': 0.946, 'f1-score': 0.946412597105805, 'support': 2000.0}}","[[171   0   0   0  23   6]
 [  0 995   1   0   4   0]
 [  0   1 197   1   0   1]
 [  3   1   0 196   0   0]
 [ 35   0   0   0 155  10]
 [ 10   0   0   0  12 178]]",0.7928154468536377,0.006222724914550781
CIC_IoT2023,['*'],rbf,MinMaxScaler,NuSVC_FTSP,0.7761980223387436,-1,-1,94.76666666666667,74.3,3.1399999999999997,73.93314370378089,74.10264428827738,-1,"{'0Normal': {'precision': 0.2961165048543689, 'recall': 0.305, 'f1-score': 0.3004926108374384, 'support': 200.0}, 'DDoS/DoS': {'precision': 1.0, 'recall': 0.993, 'f1-score': 0.9964877069744105, 'support': 1000.0}, 'Mirai': {'precision': 1.0, 'recall': 0.99, 'f1-score': 0.9949748743718593, 'support': 200.0}, 'Scan': {'precision': 0.98989898989899, 'recall': 0.98, 'f1-score': 0.9849246231155778, 'support': 200.0}, 'Spoofing': {'precision': 0.27319587628865977, 'recall': 0.265, 'f1-score': 0.26903553299492383, 'support': 200.0}, 'Web': {'precision': 0.8767772511848341, 'recall': 0.925, 'f1-score': 0.900243309002433, 'support': 200.0}, 'accuracy': 0.843, 'macro avg': {'precision': 0.7393314370378089, 'recall': 0.743, 'f1-score': 0.7410264428827738, 'support': 2000.0}, 'weighted avg': {'precision': 0.8435988622226853, 'recall': 0.843, 'f1-score': 0.8432109485194285, 'support': 2000.0}}","[[ 61   0   0   0 128  11]
 [  1 993   0   1   5   0]
 [  0   0 198   1   0   1]
 [  0   0   0 196   4   0]
 [133   0   0   0  53  14]
 [ 11   0   0   0   4 185]]",0.7091360092163086,0.18140220642089844
CIC_IoT2023,['*'],rbf,MinMaxScaler,SGD_FTSP,0.9153818581687279,-1,-1,98.01666666666667,90.55,1.1900000000000002,90.28140459005756,90.30962105740767,-1,"{'0Normal': {'precision': 0.7799043062200957, 'recall': 0.815, 'f1-score': 0.7970660146699265, 'support': 200.0}, 'DDoS/DoS': {'precision': 1.0, 'recall': 0.993, 'f1-score': 0.9964877069744105, 'support': 1000.0}, 'Mirai': {'precision': 1.0, 'recall': 0.99, 'f1-score': 0.9949748743718593, 'support': 200.0}, 'Scan': {'precision': 0.98989898989899, 'recall': 0.98, 'f1-score': 0.9849246231155778, 'support': 200.0}, 'Spoofing': {'precision': 0.8248587570621468, 'recall': 0.73, 'f1-score': 0.7745358090185676, 'support': 200.0}, 'Web': {'precision': 0.8222222222222222, 'recall': 0.925, 'f1-score': 0.8705882352941177, 'support': 200.0}, 'accuracy': 0.9405, 'macro avg': {'precision': 0.9028140459005757, 'recall': 0.9055, 'f1-score': 0.9030962105740766, 'support': 2000.0}, 'weighted avg': {'precision': 0.9416884275403454, 'recall': 0.9405, 'f1-score': 0.9404528091342101, 'support': 2000.0}}","[[163   0   0   0  18  19]
 [  0 993   0   1   4   2]
 [  0   0 198   1   0   1]
 [  4   0   0 196   0   0]
 [ 36   0   0   0 146  18]
 [  6   0   0   0   9 185]]",0.008893013000488281,0.00045228004455566406
CIC_IoT2023,['*'],poly,MinMaxScaler,LDA_FTSP,0.9295776475966219,-1,-1,98.35000000000001,91.88333333333333,0.9900000000000001,91.88536381702242,91.74659481362389,-1,"{'0Normal': {'precision': 0.7782805429864253, 'recall': 0.86, 'f1-score': 0.817102137767221, 'support': 200.0}, 'DDoS/DoS': {'precision': 1.0, 'recall': 0.998, 'f1-score': 0.998998998998999, 'support': 1000.0}, 'Mirai': {'precision': 1.0, 'recall': 0.995, 'f1-score': 0.9974937343358395, 'support': 200.0}, 'Scan': {'precision': 0.9852216748768473, 'recall': 1.0, 'f1-score': 0.9925558312655086, 'support': 200.0}, 'Spoofing': {'precision': 0.863905325443787, 'recall': 0.73, 'f1-score': 0.7913279132791328, 'support': 200.0}, 'Web': {'precision': 0.8857142857142857, 'recall': 0.93, 'f1-score': 0.9073170731707316, 'support': 200.0}, 'accuracy': 0.9505, 'macro avg': {'precision': 0.9188536381702243, 'recall': 0.9188333333333333, 'f1-score': 0.9174659481362388, 'support': 2000.0}, 'weighted avg': {'precision': 0.9513121829021345, 'recall': 0.9505, 'f1-score': 0.9500791684813429, 'support': 2000.0}}","[[172   0   0   0  17  11]
 [  0 998   0   2   0   0]
 [  0   0 199   1   0   0]
 [  0   0   0 200   0   0]
 [ 41   0   0   0 146  13]
 [  8   0   0   0   6 186]]",0.0038919448852539062,0.0002880096435546875
CIC_IoT2023,['*'],poly,MinMaxScaler,MLP_FTSP,0.9201086447608593,-1,-1,98.13333333333333,90.93333333333334,1.1199999999999999,90.7579478871039,90.83834212070593,-1,"{'0Normal': {'precision': 0.782608695652174, 'recall': 0.81, 'f1-score': 0.7960687960687962, 'support': 200.0}, 'DDoS/DoS': {'precision': 1.0, 'recall': 0.996, 'f1-score': 0.9979959919839679, 'support': 1000.0}, 'Mirai': {'precision': 1.0, 'recall': 0.995, 'f1-score': 0.9974937343358395, 'support': 200.0}, 'Scan': {'precision': 0.98989898989899, 'recall': 0.98, 'f1-score': 0.9849246231155778, 'support': 200.0}, 'Spoofing': {'precision': 0.7857142857142857, 'recall': 0.77, 'f1-score': 0.7777777777777778, 'support': 200.0}, 'Web': {'precision': 0.8872549019607843, 'recall': 0.905, 'f1-score': 0.8960396039603961, 'support': 200.0}, 'accuracy': 0.944, 'macro avg': {'precision': 0.907579478871039, 'recall': 0.9093333333333334, 'f1-score': 0.9083834212070593, 'support': 2000.0}, 'weighted avg': {'precision': 0.9445476873226234, 'recall': 0.944, 'f1-score': 0.9442284495178228, 'support': 2000.0}}","[[162   0   0   0  29   9]
 [  0 996   0   1   2   1]
 [  0   0 199   1   0   0]
 [  4   0   0 196   0   0]
 [ 33   0   0   0 154  13]
 [  8   0   0   0  11 181]]",0.8067898750305176,0.0006334781646728516
CIC_IoT2023,['*'],poly,MinMaxScaler,LGBM_FTSP,0.9194253667225991,-1,-1,98.11666666666666,90.91666666666667,1.13,90.60841801651787,90.75199572003298,-1,"{'0Normal': {'precision': 0.7902439024390244, 'recall': 0.81, 'f1-score': 0.8000000000000002, 'support': 200.0}, 'DDoS/DoS': {'precision': 1.0, 'recall': 0.995, 'f1-score': 0.9974937343358395, 'support': 1000.0}, 'Mirai': {'precision': 1.0, 'recall': 0.99, 'f1-score': 0.9949748743718593, 'support': 200.0}, 'Scan': {'precision': 0.9705882352941176, 'recall': 0.99, 'f1-score': 0.9801980198019802, 'support': 200.0}, 'Spoofing': {'precision': 0.7927461139896373, 'recall': 0.765, 'f1-score': 0.7786259541984734, 'support': 200.0}, 'Web': {'precision': 0.8829268292682927, 'recall': 0.905, 'f1-score': 0.8938271604938272, 'support': 200.0}, 'accuracy': 0.9435, 'macro avg': {'precision': 0.9060841801651787, 'recall': 0.9091666666666667, 'f1-score': 0.9075199572003299, 'support': 2000.0}, 'weighted avg': {'precision': 0.9436505080991071, 'recall': 0.9435, 'f1-score': 0.9435094680545338, 'support': 2000.0}}","[[162   0   0   2  27   9]
 [  0 995   0   1   3   1]
 [  0   0 198   2   0   0]
 [  2   0   0 198   0   0]
 [ 32   0   0   1 153  14]
 [  9   0   0   0  10 181]]",0.8125123977661133,0.008710861206054688
CIC_IoT2023,['*'],poly,MinMaxScaler,NuSVC_FTSP,0.9073632538006324,-1,-1,97.83333333333334,89.63333333333333,1.3,89.27516742568841,89.44010848387572,-1,"{'0Normal': {'precision': 0.7626262626262627, 'recall': 0.755, 'f1-score': 0.7587939698492463, 'support': 200.0}, 'DDoS/DoS': {'precision': 1.0, 'recall': 0.993, 'f1-score': 0.9964877069744105, 'support': 1000.0}, 'Mirai': {'precision': 1.0, 'recall': 0.99, 'f1-score': 0.9949748743718593, 'support': 200.0}, 'Scan': {'precision': 0.98989898989899, 'recall': 0.98, 'f1-score': 0.9849246231155778, 'support': 200.0}, 'Spoofing': {'precision': 0.7313432835820896, 'recall': 0.735, 'f1-score': 0.7331670822942644, 'support': 200.0}, 'Web': {'precision': 0.8726415094339622, 'recall': 0.925, 'f1-score': 0.8980582524271845, 'support': 200.0}, 'accuracy': 0.935, 'macro avg': {'precision': 0.8927516742568841, 'recall': 0.8963333333333333, 'f1-score': 0.8944010848387571, 'support': 2000.0}, 'weighted avg': {'precision': 0.9356510045541305, 'recall': 0.935, 'f1-score': 0.9352357336930185, 'support': 2000.0}}","[[151   0   0   0  37  12]
 [  0 993   0   1   6   0]
 [  0   0 198   1   0   1]
 [  1   0   0 196   3   0]
 [ 39   0   0   0 147  14]
 [  7   0   0   0   8 185]]",0.7137274742126465,0.18396830558776855
CIC_IoT2023,['*'],poly,MinMaxScaler,SGD_FTSP,0.9195408987740283,-1,-1,98.11666666666666,91.05,1.13,90.70317857546634,90.8322655888384,-1,"{'0Normal': {'precision': 0.7922705314009661, 'recall': 0.82, 'f1-score': 0.8058968058968059, 'support': 200.0}, 'DDoS/DoS': {'precision': 1.0, 'recall': 0.993, 'f1-score': 0.9964877069744105, 'support': 1000.0}, 'Mirai': {'precision': 1.0, 'recall': 0.99, 'f1-score': 0.9949748743718593, 'support': 200.0}, 'Scan': {'precision': 0.98989898989899, 'recall': 0.98, 'f1-score': 0.9849246231155778, 'support': 200.0}, 'Spoofing': {'precision': 0.8074866310160428, 'recall': 0.755, 'f1-score': 0.7803617571059431, 'support': 200.0}, 'Web': {'precision': 0.8525345622119815, 'recall': 0.925, 'f1-score': 0.8872901678657075, 'support': 200.0}, 'accuracy': 0.9435, 'macro avg': {'precision': 0.9070317857546634, 'recall': 0.9105, 'f1-score': 0.908322655888384, 'support': 2000.0}, 'weighted avg': {'precision': 0.9442190714527979, 'recall': 0.9435, 'f1-score': 0.9435886763227945, 'support': 2000.0}}","[[164   0   0   0  22  14]
 [  0 993   0   1   4   2]
 [  0   0 198   1   0   1]
 [  4   0   0 196   0   0]
 [ 34   0   0   0 151  15]
 [  5   0   0   0  10 185]]",0.008175849914550781,0.0004439353942871094
CIC_IoT2023,['*'],linear,MinMaxScaler,LDA_FTSP,0.7727244902238967,-1,-1,94.68333333333334,73.55000000000001,3.19,74.29354374952176,73.45956915233448,-1,"{'0Normal': {'precision': 0.5354330708661418, 'recall': 0.68, 'f1-score': 0.5991189427312776, 'support': 200.0}, 'DDoS/DoS': {'precision': 0.9920477137176938, 'recall': 0.998, 'f1-score': 0.9950149551345961, 'support': 1000.0}, 'Mirai': {'precision': 0.9476190476190476, 'recall': 0.995, 'f1-score': 0.9707317073170733, 'support': 200.0}, 'Scan': {'precision': 0.6203703703703703, 'recall': 0.67, 'f1-score': 0.6442307692307693, 'support': 200.0}, 'Spoofing': {'precision': 0.7169811320754716, 'recall': 0.57, 'f1-score': 0.6350974930362117, 'support': 200.0}, 'Web': {'precision': 0.6451612903225806, 'recall': 0.5, 'f1-score': 0.5633802816901409, 'support': 200.0}, 'accuracy': 0.8405, 'macro avg': {'precision': 0.7429354374952176, 'recall': 0.7355, 'f1-score': 0.7345956915233448, 'support': 2000.0}, 'weighted avg': {'precision': 0.8425803479842082, 'recall': 0.8405, 'f1-score': 0.8387633969678453, 'support': 2000.0}}","[[136   1   0  39  17   7]
 [  0 998   0   1   1   0]
 [  1   0 199   0   0   0]
 [ 21   0   0 134   6  39]
 [ 58   2   7  10 114   9]
 [ 38   5   4  32  21 100]]",0.0038051605224609375,0.00029015541076660156
CIC_IoT2023,['*'],linear,MinMaxScaler,MLP_FTSP,0.8458702927844644,-1,-1,96.38333333333333,82.11666666666666,2.17,83.20599805127938,82.19411660797718,-1,"{'0Normal': {'precision': 0.5849802371541502, 'recall': 0.74, 'f1-score': 0.6534216335540839, 'support': 200.0}, 'DDoS/DoS': {'precision': 0.996003996003996, 'recall': 0.997, 'f1-score': 0.9965017491254373, 'support': 1000.0}, 'Mirai': {'precision': 0.9851485148514851, 'recall': 0.995, 'f1-score': 0.9900497512437811, 'support': 200.0}, 'Scan': {'precision': 0.8028169014084507, 'recall': 0.855, 'f1-score': 0.828087167070218, 'support': 200.0}, 'Spoofing': {'precision': 0.8299319727891157, 'recall': 0.61, 'f1-score': 0.7031700288184439, 'support': 200.0}, 'Web': {'precision': 0.7934782608695652, 'recall': 0.73, 'f1-score': 0.7604166666666666, 'support': 200.0}, 'accuracy': 0.8915, 'macro avg': {'precision': 0.8320599805127938, 'recall': 0.8211666666666666, 'f1-score': 0.8219411660797719, 'support': 2000.0}, 'weighted avg': {'precision': 0.8976375867092746, 'recall': 0.8915, 'f1-score': 0.8917653992980379, 'support': 2000.0}}","[[148   1   0  21  11  19]
 [  1 997   0   0   2   0]
 [  1   0 199   0   0   0]
 [ 17   0   0 171   5   7]
 [ 56   1   3   6 122  12]
 [ 30   2   0  15   7 146]]",2.1637847423553467,0.0006444454193115234
CIC_IoT2023,['*'],linear,MinMaxScaler,LGBM_FTSP,0.8518519886542311,-1,-1,96.53333333333333,83.0,2.08,83.38847327995872,83.06659913656365,-1,"{'0Normal': {'precision': 0.6075949367088608, 'recall': 0.72, 'f1-score': 0.6590389016018307, 'support': 200.0}, 'DDoS/DoS': {'precision': 0.9979939819458375, 'recall': 0.995, 'f1-score': 0.9964947421131698, 'support': 1000.0}, 'Mirai': {'precision': 0.9851485148514851, 'recall': 0.995, 'f1-score': 0.9900497512437811, 'support': 200.0}, 'Scan': {'precision': 0.8947368421052632, 'recall': 0.85, 'f1-score': 0.8717948717948718, 'support': 200.0}, 'Spoofing': {'precision': 0.7486033519553073, 'recall': 0.67, 'f1-score': 0.7071240105540898, 'support': 200.0}, 'Web': {'precision': 0.7692307692307693, 'recall': 0.75, 'f1-score': 0.7594936708860761, 'support': 200.0}, 'accuracy': 0.896, 'macro avg': {'precision': 0.8338847327995872, 'recall': 0.8300000000000001, 'f1-score': 0.8306659913656366, 'support': 2000.0}, 'weighted avg': {'precision': 0.8995284324580873, 'recall': 0.896, 'f1-score': 0.8969974916646498, 'support': 2000.0}}","[[144   2   0   8  25  21]
 [  2 995   0   0   3   0]
 [  1   0 199   0   0   0]
 [ 11   0   0 170   7  12]
 [ 50   0   3   1 134  12]
 [ 29   0   0  11  10 150]]",0.8108196258544922,0.008115291595458984
CIC_IoT2023,['*'],linear,MinMaxScaler,NuSVC_FTSP,0.8176372055634108,-1,-1,95.73333333333333,79.06666666666666,2.56,79.92324050828363,79.19769425164128,-1,"{'0Normal': {'precision': 0.547244094488189, 'recall': 0.695, 'f1-score': 0.6123348017621145, 'support': 200.0}, 'DDoS/DoS': {'precision': 0.9900398406374502, 'recall': 0.994, 'f1-score': 0.9920159680638723, 'support': 1000.0}, 'Mirai': {'precision': 0.9753694581280788, 'recall': 0.99, 'f1-score': 0.9826302729528535, 'support': 200.0}, 'Scan': {'precision': 0.855, 'recall': 0.855, 'f1-score': 0.855, 'support': 200.0}, 'Spoofing': {'precision': 0.711764705882353, 'recall': 0.605, 'f1-score': 0.654054054054054, 'support': 200.0}, 'Web': {'precision': 0.7159763313609467, 'recall': 0.605, 'f1-score': 0.6558265582655827, 'support': 200.0}, 'accuracy': 0.872, 'macro avg': {'precision': 0.7992324050828362, 'recall': 0.7906666666666666, 'f1-score': 0.7919769425164128, 'support': 2000.0}, 'weighted avg': {'precision': 0.8755553793046819, 'recall': 0.872, 'f1-score': 0.8719925527353967, 'support': 2000.0}}","[[139   1   0  11  24  25]
 [  4 994   0   0   2   0]
 [  2   0 198   0   0   0]
 [ 14   0   0 171   6   9]
 [ 56   2   4   3 121  14]
 [ 39   7   1  15  17 121]]",0.8569247722625732,0.20173335075378418
CIC_IoT2023,['*'],linear,MinMaxScaler,SGD_FTSP,0.7811878766677552,-1,-1,94.86666666666666,74.46666666666667,3.08,76.71121651513162,74.6525383885715,-1,"{'0Normal': {'precision': 0.5268817204301075, 'recall': 0.735, 'f1-score': 0.6137787056367432, 'support': 200.0}, 'DDoS/DoS': {'precision': 0.9890981169474727, 'recall': 0.998, 'f1-score': 0.9935291189646591, 'support': 1000.0}, 'Mirai': {'precision': 0.9753694581280788, 'recall': 0.99, 'f1-score': 0.9826302729528535, 'support': 200.0}, 'Scan': {'precision': 0.6372549019607843, 'recall': 0.65, 'f1-score': 0.6435643564356436, 'support': 200.0}, 'Spoofing': {'precision': 0.8387096774193549, 'recall': 0.52, 'f1-score': 0.6419753086419753, 'support': 200.0}, 'Web': {'precision': 0.6353591160220995, 'recall': 0.575, 'f1-score': 0.6036745406824147, 'support': 200.0}, 'accuracy': 0.846, 'macro avg': {'precision': 0.7671121651513163, 'recall': 0.7446666666666667, 'f1-score': 0.746525383885715, 'support': 2000.0}, 'weighted avg': {'precision': 0.8559065458697789, 'recall': 0.846, 'f1-score': 0.8453268779172928, 'support': 2000.0}}","[[147   3   0  32   8  10]
 [  0 998   0   1   1   0]
 [  1   0 198   0   0   1]
 [ 21   0   0 130   5  44]
 [ 67   2   5  11 104  11]
 [ 43   6   0  30   6 115]]",0.014140605926513672,0.00037360191345214844
CIC_IoT2023,['*'],sigmoid,MinMaxScaler,LDA_FTSP,0.8710098756889536,-1,-1,96.98333333333333,85.25,1.81,84.93315555413207,85.02042768958104,-1,"{'0Normal': {'precision': 0.6682692307692307, 'recall': 0.695, 'f1-score': 0.6813725490196078, 'support': 200.0}, 'DDoS/DoS': {'precision': 0.998995983935743, 'recall': 0.995, 'f1-score': 0.9969939879759518, 'support': 1000.0}, 'Mirai': {'precision': 0.9850746268656716, 'recall': 0.99, 'f1-score': 0.9875311720698254, 'support': 200.0}, 'Scan': {'precision': 0.9900990099009901, 'recall': 1.0, 'f1-score': 0.9950248756218906, 'support': 200.0}, 'Spoofing': {'precision': 0.6931818181818182, 'recall': 0.61, 'f1-score': 0.648936170212766, 'support': 200.0}, 'Web': {'precision': 0.7603686635944701, 'recall': 0.825, 'f1-score': 0.7913669064748202, 'support': 200.0}, 'accuracy': 0.9095, 'macro avg': {'precision': 0.8493315555413207, 'recall': 0.8525, 'f1-score': 0.8502042768958104, 'support': 2000.0}, 'weighted avg': {'precision': 0.9091973268990896, 'recall': 0.9095, 'f1-score': 0.908920161327867, 'support': 2000.0}}","[[139   0   0   0  41  20]
 [  1 995   3   1   0   0]
 [  0   1 198   1   0   0]
 [  0   0   0 200   0   0]
 [ 46   0   0   0 122  32]
 [ 22   0   0   0  13 165]]",0.003241300582885742,0.00020623207092285156
CIC_IoT2023,['*'],sigmoid,MinMaxScaler,MLP_FTSP,0.7968629279038518,-1,-1,95.25,76.65,2.85,76.42308379484132,76.50363503484866,-1,"{'0Normal': {'precision': 0.5305164319248826, 'recall': 0.565, 'f1-score': 0.5472154963680387, 'support': 200.0}, 'DDoS/DoS': {'precision': 1.0, 'recall': 0.994, 'f1-score': 0.9969909729187563, 'support': 1000.0}, 'Mirai': {'precision': 0.9900497512437811, 'recall': 0.995, 'f1-score': 0.9925187032418954, 'support': 200.0}, 'Scan': {'precision': 0.9851485148514851, 'recall': 0.995, 'f1-score': 0.9900497512437811, 'support': 200.0}, 'Spoofing': {'precision': 0.5604395604395604, 'recall': 0.51, 'f1-score': 0.5340314136125655, 'support': 200.0}, 'Web': {'precision': 0.5192307692307693, 'recall': 0.54, 'f1-score': 0.5294117647058824, 'support': 200.0}, 'accuracy': 0.8575, 'macro avg': {'precision': 0.7642308379484132, 'recall': 0.7665000000000001, 'f1-score': 0.7650363503484865, 'support': 2000.0}, 'weighted avg': {'precision': 0.8585385027690479, 'recall': 0.8575, 'f1-score': 0.8578181993765945, 'support': 2000.0}}","[[113   0   0   0  38  49]
 [  0 994   0   2   4   0]
 [  0   0 199   1   0   0]
 [  1   0   0 199   0   0]
 [ 46   0   1   0 102  51]
 [ 53   0   1   0  38 108]]",1.7756216526031494,0.0006368160247802734
CIC_IoT2023,['*'],sigmoid,MinMaxScaler,LGBM_FTSP,0.7819482392184895,-1,-1,94.89999999999999,75.1,3.06,74.86725153702776,74.97821862153535,-1,"{'0Normal': {'precision': 0.47783251231527096, 'recall': 0.485, 'f1-score': 0.48138957816377165, 'support': 200.0}, 'DDoS/DoS': {'precision': 0.998991935483871, 'recall': 0.991, 'f1-score': 0.9949799196787148, 'support': 1000.0}, 'Mirai': {'precision': 1.0, 'recall': 0.985, 'f1-score': 0.9924433249370278, 'support': 200.0}, 'Scan': {'precision': 0.9656862745098039, 'recall': 0.985, 'f1-score': 0.9752475247524752, 'support': 200.0}, 'Spoofing': {'precision': 0.5252525252525253, 'recall': 0.52, 'f1-score': 0.5226130653266332, 'support': 200.0}, 'Web': {'precision': 0.5242718446601942, 'recall': 0.54, 'f1-score': 0.5320197044334976, 'support': 200.0}, 'accuracy': 0.847, 'macro avg': {'precision': 0.7486725153702776, 'recall': 0.751, 'f1-score': 0.7497821862153534, 'support': 2000.0}, 'weighted avg': {'precision': 0.8488002834157148, 'recall': 0.847, 'f1-score': 0.8478612796006979, 'support': 2000.0}}","[[ 97   1   0   1  49  52]
 [  3 991   0   1   5   0]
 [  2   0 197   1   0   0]
 [  2   0   0 197   1   0]
 [ 50   0   0   0 104  46]
 [ 49   0   0   4  39 108]]",0.8334381580352783,0.01354360580444336
CIC_IoT2023,['*'],sigmoid,MinMaxScaler,NuSVC_FTSP,0.7997124261607554,-1,-1,95.3,77.49999999999999,2.82,78.60320585469222,77.91976047552419,-1,"{'0Normal': {'precision': 0.4759825327510917, 'recall': 0.545, 'f1-score': 0.5081585081585082, 'support': 200.0}, 'DDoS/DoS': {'precision': 0.9989858012170385, 'recall': 0.985, 'f1-score': 0.9919436052366566, 'support': 1000.0}, 'Mirai': {'precision': 1.0, 'recall': 0.98, 'f1-score': 0.98989898989899, 'support': 200.0}, 'Scan': {'precision': 0.9945945945945946, 'recall': 0.92, 'f1-score': 0.9558441558441559, 'support': 200.0}, 'Spoofing': {'precision': 0.4533333333333333, 'recall': 0.51, 'f1-score': 0.48, 'support': 200.0}, 'Web': {'precision': 0.7932960893854749, 'recall': 0.71, 'f1-score': 0.74934036939314, 'support': 200.0}, 'accuracy': 0.859, 'macro avg': {'precision': 0.7860320585469222, 'recall': 0.7749999999999999, 'f1-score': 0.7791976047552418, 'support': 2000.0}, 'weighted avg': {'precision': 0.8712135556149687, 'recall': 0.859, 'f1-score': 0.8642960049478077, 'support': 2000.0}}","[[109   0   0   0  73  18]
 [  8 985   0   1   6   0]
 [  2   0 196   0   2   0]
 [  9   0   0 184   7   0]
 [ 78   1   0   0 102  19]
 [ 23   0   0   0  35 142]]",0.9457683563232422,0.22373199462890625
CIC_IoT2023,['*'],sigmoid,MinMaxScaler,SGD_FTSP,0.7636112206142348,-1,-1,94.41666666666667,72.41666666666667,3.35,72.5506610059354,71.53037525326157,-1,"{'0Normal': {'precision': 0.478494623655914, 'recall': 0.445, 'f1-score': 0.461139896373057, 'support': 200.0}, 'DDoS/DoS': {'precision': 1.0, 'recall': 0.995, 'f1-score': 0.9974937343358395, 'support': 1000.0}, 'Mirai': {'precision': 0.9567307692307693, 'recall': 0.995, 'f1-score': 0.9754901960784313, 'support': 200.0}, 'Scan': {'precision': 0.9852216748768473, 'recall': 1.0, 'f1-score': 0.9925558312655086, 'support': 200.0}, 'Spoofing': {'precision': 0.42333333333333334, 'recall': 0.635, 'f1-score': 0.508, 'support': 200.0}, 'Web': {'precision': 0.5092592592592593, 'recall': 0.275, 'f1-score': 0.35714285714285715, 'support': 200.0}, 'accuracy': 0.8325, 'macro avg': {'precision': 0.7255066100593539, 'recall': 0.7241666666666667, 'f1-score': 0.7153037525326157, 'support': 2000.0}, 'weighted avg': {'precision': 0.8353039660356123, 'recall': 0.8325, 'f1-score': 0.828179745253905, 'support': 2000.0}}","[[ 89   0   2   1  80  28]
 [  0 995   3   1   1   0]
 [  0   0 199   1   0   0]
 [  0   0   0 200   0   0]
 [ 45   0   3   0 127  25]
 [ 52   0   1   0  92  55]]",0.02286672592163086,0.0005171298980712891
CIC_IoT2023,*,sigmoid,Normalizer,LDA,0.37443518893273653,-1,-1,86.75,33.75,7.95,61.444827123297806,35.21791863425368,-1,"{'0Normal': {'precision': 0.6440677966101694, 'recall': 0.38, 'f1-score': 0.47798742138364775, 'support': 200.0}, 'DDoS/DoS': {'precision': 0.5865102639296188, 'recall': 1.0, 'f1-score': 0.7393715341959335, 'support': 1000.0}, 'Mirai': {'precision': 0.0, 'recall': 0.0, 'f1-score': 0.0, 'support': 200.0}, 'Scan': {'precision': 1.0, 'recall': 0.01, 'f1-score': 0.019801980198019802, 'support': 200.0}, 'Spoofing': {'precision': 0.7391304347826086, 'recall': 0.255, 'f1-score': 0.379182156133829, 'support': 200.0}, 'Web': {'precision': 0.7169811320754716, 'recall': 0.38, 'f1-score': 0.4967320261437908, 'support': 200.0}, 'accuracy': 0.6025, 'macro avg': {'precision': 0.6144482712329781, 'recall': 0.33749999999999997, 'f1-score': 0.3521791863425368, 'support': 2000.0}, 'weighted avg': {'precision': 0.6032730683116343, 'recall': 0.6025, 'f1-score': 0.5070561254838954, 'support': 2000.0}}","[[  76  100    0    0    9   15]
 [   0 1000    0    0    0    0]
 [   0  200    0    0    0    0]
 [   0  198    0    2    0    0]
 [  29  105    0    0   51   15]
 [  13  102    0    0    9   76]]",0.008443355560302734,0.0002498626708984375
CIC_IoT2023,*,sigmoid,Normalizer,MLP,0.49688437781593947,-1,-1,88.96666666666667,44.83333333333333,6.619999999999999,55.02249946054736,45.24420354803575,-1,"{'0Normal': {'precision': 0.47058823529411764, 'recall': 0.16, 'f1-score': 0.23880597014925375, 'support': 200.0}, 'DDoS/DoS': {'precision': 0.7199424046076314, 'recall': 1.0, 'f1-score': 0.8371703641691084, 'support': 1000.0}, 'Mirai': {'precision': 0.5666666666666667, 'recall': 0.765, 'f1-score': 0.6510638297872341, 'support': 200.0}, 'Scan': {'precision': 0.3125, 'recall': 0.05, 'f1-score': 0.08620689655172414, 'support': 200.0}, 'Spoofing': {'precision': 0.4411764705882353, 'recall': 0.3, 'f1-score': 0.35714285714285715, 'support': 200.0}, 'Web': {'precision': 0.7904761904761904, 'recall': 0.415, 'f1-score': 0.5442622950819672, 'support': 200.0}, 'accuracy': 0.669, 'macro avg': {'precision': 0.5502249946054736, 'recall': 0.4483333333333333, 'f1-score': 0.4524420354803575, 'support': 2000.0}, 'weighted avg': {'precision': 0.6181119586063366, 'recall': 0.669, 'f1-score': 0.6063333669558577, 'support': 2000.0}}","[[  32   50   34    9   66    9]
 [   0 1000    0    0    0    0]
 [   0   43  153    4    0    0]
 [   0  160   27   10    3    0]
 [  26   37   56    8   60   13]
 [  10   99    0    1    7   83]]",2.5221970081329346,0.0008018016815185547
CIC_IoT2023,*,sigmoid,Normalizer,LGBM,0.966440959636354,-1,-1,99.21666666666667,96.15,0.47000000000000003,96.08337473700314,96.11521917581048,-1,"{'0Normal': {'precision': 0.92, 'recall': 0.92, 'f1-score': 0.92, 'support': 200.0}, 'DDoS/DoS': {'precision': 1.0, 'recall': 0.999, 'f1-score': 0.9994997498749374, 'support': 1000.0}, 'Mirai': {'precision': 1.0, 'recall': 0.995, 'f1-score': 0.9974937343358395, 'support': 200.0}, 'Scan': {'precision': 0.9950248756218906, 'recall': 1.0, 'f1-score': 0.9975062344139651, 'support': 200.0}, 'Spoofing': {'precision': 0.9090909090909091, 'recall': 0.9, 'f1-score': 0.9045226130653266, 'support': 200.0}, 'Web': {'precision': 0.9408866995073891, 'recall': 0.955, 'f1-score': 0.9478908188585607, 'support': 200.0}, 'accuracy': 0.9765, 'macro avg': {'precision': 0.9608337473700314, 'recall': 0.9615, 'f1-score': 0.9611521917581048, 'support': 2000.0}, 'weighted avg': {'precision': 0.9765002484220189, 'recall': 0.9765, 'f1-score': 0.9764912150048379, 'support': 2000.0}}","[[184   0   0   0  10   6]
 [  0 999   0   0   1   0]
 [  0   0 199   1   0   0]
 [  0   0   0 200   0   0]
 [ 14   0   0   0 180   6]
 [  2   0   0   0   7 191]]",1.2455403804779053,0.0075719356536865234
CIC_IoT2023,*,sigmoid,Normalizer,NuSVC,0.448373058424302,-1,-1,88.05,40.38333333333333,7.17,55.71835412820016,40.686477566044175,-1,"{'0Normal': {'precision': 0.36538461538461536, 'recall': 0.475, 'f1-score': 0.4130434782608696, 'support': 200.0}, 'DDoS/DoS': {'precision': 0.6954703832752613, 'recall': 0.998, 'f1-score': 0.8197125256673511, 'support': 1000.0}, 'Mirai': {'precision': 0.8918918918918919, 'recall': 0.66, 'f1-score': 0.7586206896551725, 'support': 200.0}, 'Scan': {'precision': 0.2459016393442623, 'recall': 0.075, 'f1-score': 0.11494252873563218, 'support': 200.0}, 'Spoofing': {'precision': 0.379746835443038, 'recall': 0.15, 'f1-score': 0.2150537634408602, 'support': 200.0}, 'Web': {'precision': 0.7647058823529411, 'recall': 0.065, 'f1-score': 0.11981566820276499, 'support': 200.0}, 'accuracy': 0.6415, 'macro avg': {'precision': 0.5571835412820016, 'recall': 0.4038333333333333, 'f1-score': 0.40686477566044177, 'support': 2000.0}, 'weighted avg': {'precision': 0.6124982780793056, 'recall': 0.6415, 'f1-score': 0.5720038756632054, 'support': 2000.0}}","[[ 95  62   7  17  17   2]
 [  1 998   0   1   0   0]
 [  0  67 132   1   0   0]
 [  0 163   0  15  22   0]
 [ 90  49   9  20  30   2]
 [ 74  96   0   7  10  13]]",0.7854361534118652,0.2536137104034424
CIC_IoT2023,*,sigmoid,Normalizer,SGD,0.33878381265433605,-1,-1,86.2,31.066666666666663,8.28,41.9896162205582,29.52125898038022,-1,"{'0Normal': {'precision': 0.0, 'recall': 0.0, 'f1-score': 0.0, 'support': 200.0}, 'DDoS/DoS': {'precision': 0.5886859163229228, 'recall': 0.999, 'f1-score': 0.7408231368186874, 'support': 1000.0}, 'Mirai': {'precision': 0.625, 'recall': 0.025, 'f1-score': 0.04807692307692307, 'support': 200.0}, 'Scan': {'precision': 0.0, 'recall': 0.0, 'f1-score': 0.0, 'support': 200.0}, 'Spoofing': {'precision': 0.43902439024390244, 'recall': 0.45, 'f1-score': 0.4444444444444445, 'support': 200.0}, 'Web': {'precision': 0.8666666666666667, 'recall': 0.39, 'f1-score': 0.5379310344827586, 'support': 200.0}, 'accuracy': 0.586, 'macro avg': {'precision': 0.41989616220558196, 'recall': 0.31066666666666665, 'f1-score': 0.2952125898038022, 'support': 2000.0}, 'weighted avg': {'precision': 0.48741206385251834, 'recall': 0.586, 'f1-score': 0.47345680860975636, 'support': 2000.0}}","[[  0 100   0   0  93   7]
 [  0 999   0   0   0   1]
 [  0 195   5   0   0   0]
 [  0 197   3   0   0   0]
 [  0 106   0   0  90   4]
 [  0 100   0   0  22  78]]",0.06089639663696289,0.00043010711669921875
CIC_IoT2023,['*'],None,Normalizer,LDA_FTSP,0.3781689283361434,-1,-1,86.8,34.0,7.920000000000001,45.3585698534351,35.530181198430036,-1,"{'0Normal': {'precision': 0.7075471698113207, 'recall': 0.375, 'f1-score': 0.4901960784313726, 'support': 200.0}, 'DDoS/DoS': {'precision': 0.585480093676815, 'recall': 1.0, 'f1-score': 0.7385524372230429, 'support': 1000.0}, 'Mirai': {'precision': 0.0, 'recall': 0.0, 'f1-score': 0.0, 'support': 200.0}, 'Scan': {'precision': 0.0, 'recall': 0.0, 'f1-score': 0.0, 'support': 200.0}, 'Spoofing': {'precision': 0.7088607594936709, 'recall': 0.28, 'f1-score': 0.4014336917562724, 'support': 200.0}, 'Web': {'precision': 0.719626168224299, 'recall': 0.385, 'f1-score': 0.501628664495114, 'support': 200.0}, 'accuracy': 0.604, 'macro avg': {'precision': 0.453585698534351, 'recall': 0.34, 'f1-score': 0.35530181198430033, 'support': 2000.0}, 'weighted avg': {'precision': 0.5063434565913366, 'recall': 0.604, 'f1-score': 0.5086020620797973, 'support': 2000.0}}","[[  75  100    0    0   11   14]
 [   0 1000    0    0    0    0]
 [   0  200    0    0    0    0]
 [   0  200    0    0    0    0]
 [  22  106    0    0   56   16]
 [   9  102    0    0   12   77]]",0.0027098655700683594,0.0001773834228515625
CIC_IoT2023,['*'],None,Normalizer,MLP_FTSP,0.49635082166227046,-1,-1,88.96666666666667,44.9,6.619999999999999,56.170744812362386,46.73487035123302,-1,"{'0Normal': {'precision': 0.7027027027027027, 'recall': 0.39, 'f1-score': 0.5016077170418006, 'support': 200.0}, 'DDoS/DoS': {'precision': 0.6782077393075356, 'recall': 0.999, 'f1-score': 0.8079255964415689, 'support': 1000.0}, 'Mirai': {'precision': 0.5536480686695279, 'recall': 0.645, 'f1-score': 0.5958429561200924, 'support': 200.0}, 'Scan': {'precision': 0.0, 'recall': 0.0, 'f1-score': 0.0, 'support': 200.0}, 'Spoofing': {'precision': 0.6973684210526315, 'recall': 0.265, 'f1-score': 0.38405797101449274, 'support': 200.0}, 'Web': {'precision': 0.7383177570093458, 'recall': 0.395, 'f1-score': 0.5146579804560261, 'support': 200.0}, 'accuracy': 0.669, 'macro avg': {'precision': 0.5617074481236238, 'recall': 0.449, 'f1-score': 0.4673487035123302, 'support': 2000.0}, 'weighted avg': {'precision': 0.6083075645971886, 'recall': 0.669, 'f1-score': 0.6035794606840256, 'support': 2000.0}}","[[ 78  73  27   0  11  11]
 [  0 999   1   0   0   0]
 [  0  71 129   0   0   0]
 [  0 177  23   0   0   0]
 [ 24  54  52   0  53  17]
 [  9  99   1   0  12  79]]",1.9815728664398193,0.0006260871887207031
CIC_IoT2023,['*'],None,Normalizer,LGBM_FTSP,0.8459374050461529,-1,-1,96.41666666666666,82.28333333333332,2.15,82.89839146199901,82.56354453412486,-1,"{'0Normal': {'precision': 0.7093596059113301, 'recall': 0.72, 'f1-score': 0.7146401985111662, 'support': 200.0}, 'DDoS/DoS': {'precision': 0.9842053307008884, 'recall': 0.997, 'f1-score': 0.9905613512170889, 'support': 1000.0}, 'Mirai': {'precision': 0.98989898989899, 'recall': 0.98, 'f1-score': 0.9849246231155778, 'support': 200.0}, 'Scan': {'precision': 0.8028846153846154, 'recall': 0.835, 'f1-score': 0.8186274509803922, 'support': 200.0}, 'Spoofing': {'precision': 0.7068062827225131, 'recall': 0.675, 'f1-score': 0.690537084398977, 'support': 200.0}, 'Web': {'precision': 0.7807486631016043, 'recall': 0.73, 'f1-score': 0.7545219638242894, 'support': 200.0}, 'accuracy': 0.8925, 'macro avg': {'precision': 0.8289839146199901, 'recall': 0.8228333333333332, 'f1-score': 0.8256354453412486, 'support': 2000.0}, 'weighted avg': {'precision': 0.8910724810523495, 'recall': 0.8925, 'f1-score': 0.8916058076915847, 'support': 2000.0}}","[[144   0   0  11  29  16]
 [  1 997   0   1   0   1]
 [  1   1 196   1   1   0]
 [  9  11   0 167  10   3]
 [ 30   0   2  12 135  21]
 [ 18   4   0  16  16 146]]",0.856013298034668,0.00971364974975586
CIC_IoT2023,['*'],None,Normalizer,NuSVC_FTSP,0.33358316987246,-1,-1,79.81666666666666,45.81666666666667,12.11,62.36108805413455,43.67464426755377,-1,"{'0Normal': {'precision': 0.5228758169934641, 'recall': 0.4, 'f1-score': 0.453257790368272, 'support': 200.0}, 'DDoS/DoS': {'precision': 0.7766233766233767, 'recall': 0.299, 'f1-score': 0.43176895306859203, 'support': 1000.0}, 'Mirai': {'precision': 0.9103448275862069, 'recall': 0.66, 'f1-score': 0.7652173913043477, 'support': 200.0}, 'Scan': {'precision': 0.15568862275449102, 'recall': 0.91, 'f1-score': 0.2658875091307524, 'support': 200.0}, 'Spoofing': {'precision': 0.5164835164835165, 'recall': 0.235, 'f1-score': 0.3230240549828179, 'support': 200.0}, 'Web': {'precision': 0.8596491228070176, 'recall': 0.245, 'f1-score': 0.38132295719844356, 'support': 200.0}, 'accuracy': 0.3945, 'macro avg': {'precision': 0.6236108805413455, 'recall': 0.45816666666666667, 'f1-score': 0.43674644267553764, 'support': 2000.0}, 'weighted avg': {'precision': 0.6848158789741579, 'recall': 0.3945, 'f1-score': 0.4347554468327594, 'support': 2000.0}}","[[ 80   3   0  96  17   4]
 [  1 299   0 700   0   0]
 [  0  46 132  22   0   0]
 [  3  12   3 182   0   0]
 [ 45  24  10  70  47   4]
 [ 24   1   0  99  27  49]]",0.763681173324585,0.2178025245666504
CIC_IoT2023,['*'],None,Normalizer,SGD_FTSP,0.3667091246875936,-1,-1,86.63333333333333,33.233333333333334,8.02,44.96736984640211,34.264438407546365,-1,"{'0Normal': {'precision': 0.5777777777777777, 'recall': 0.39, 'f1-score': 0.4656716417910448, 'support': 200.0}, 'DDoS/DoS': {'precision': 0.5859237536656892, 'recall': 0.999, 'f1-score': 0.7386321626617375, 'support': 1000.0}, 'Mirai': {'precision': 0.0, 'recall': 0.0, 'f1-score': 0.0, 'support': 200.0}, 'Scan': {'precision': 0.0, 'recall': 0.0, 'f1-score': 0.0, 'support': 200.0}, 'Spoofing': {'precision': 0.8035714285714286, 'recall': 0.225, 'f1-score': 0.3515625, 'support': 200.0}, 'Web': {'precision': 0.7307692307692307, 'recall': 0.38, 'f1-score': 0.5, 'support': 200.0}, 'accuracy': 0.599, 'macro avg': {'precision': 0.44967369846402105, 'recall': 0.33233333333333337, 'f1-score': 0.34264438407546366, 'support': 2000.0}, 'weighted avg': {'precision': 0.5041737205446883, 'recall': 0.599, 'f1-score': 0.5010394955099732, 'support': 2000.0}}","[[ 78 100   0   0   8  14]
 [  1 999   0   0   0   0]
 [  0 200   0   0   0   0]
 [  0 200   0   0   0   0]
 [ 35 106   0   0  45  14]
 [ 21 100   0   0   3  76]]",0.02235722541809082,0.0003838539123535156
CIC_IoT2023,['*'],rbf,Normalizer,LDA_FTSP,0.48468755692726817,-1,-1,88.78333333333333,43.98333333333333,6.7299999999999995,59.822191177138706,46.871071087361486,-1,"{'0Normal': {'precision': 0.525, 'recall': 0.315, 'f1-score': 0.39375, 'support': 200.0}, 'DDoS/DoS': {'precision': 0.6727272727272727, 'recall': 0.999, 'f1-score': 0.8040241448692153, 'support': 1000.0}, 'Mirai': {'precision': 0.632183908045977, 'recall': 0.55, 'f1-score': 0.5882352941176471, 'support': 200.0}, 'Scan': {'precision': 0.3, 'recall': 0.015, 'f1-score': 0.02857142857142857, 'support': 200.0}, 'Spoofing': {'precision': 0.6260869565217392, 'recall': 0.36, 'f1-score': 0.45714285714285713, 'support': 200.0}, 'Web': {'precision': 0.8333333333333334, 'recall': 0.4, 'f1-score': 0.5405405405405406, 'support': 200.0}, 'accuracy': 0.6635, 'macro avg': {'precision': 0.5982219117713871, 'recall': 0.4398333333333333, 'f1-score': 0.4687107108736148, 'support': 2000.0}, 'weighted avg': {'precision': 0.6280240561537414, 'recall': 0.6635, 'f1-score': 0.6028360844718549, 'support': 2000.0}}","[[ 63  71  17   4  35  10]
 [  1 999   0   0   0   0]
 [  0  90 110   0   0   0]
 [  3 174  19   3   1   0]
 [ 38  53  28   3  72   6]
 [ 15  98   0   0   7  80]]",0.003361225128173828,0.00019788742065429688
CIC_IoT2023,['*'],rbf,Normalizer,MLP_FTSP,0.6146058782746665,-1,-1,91.36666666666666,56.96666666666667,5.18,64.72297218880784,59.04860265424436,-1,"{'0Normal': {'precision': 0.5055555555555555, 'recall': 0.455, 'f1-score': 0.4789473684210526, 'support': 200.0}, 'DDoS/DoS': {'precision': 0.8080971659919028, 'recall': 0.998, 'f1-score': 0.8930648769574945, 'support': 1000.0}, 'Mirai': {'precision': 0.8416289592760181, 'recall': 0.93, 'f1-score': 0.8836104513064132, 'support': 200.0}, 'Scan': {'precision': 0.39823008849557523, 'recall': 0.225, 'f1-score': 0.2875399361022364, 'support': 200.0}, 'Spoofing': {'precision': 0.5510204081632653, 'recall': 0.405, 'f1-score': 0.4668587896253602, 'support': 200.0}, 'Web': {'precision': 0.7788461538461539, 'recall': 0.405, 'f1-score': 0.5328947368421052, 'support': 200.0}, 'accuracy': 0.741, 'macro avg': {'precision': 0.6472297218880785, 'recall': 0.5696666666666667, 'f1-score': 0.5904860265424436, 'support': 2000.0}, 'weighted avg': {'precision': 0.7115766995296081, 'recall': 0.741, 'f1-score': 0.711517566708464, 'support': 2000.0}}","[[ 91  20  13  24  39  13]
 [  0 998   0   2   0   0]
 [  0  11 186   3   0   0]
 [ 18 114   3  45  20   0]
 [ 59  15  15  20  81  10]
 [ 12  77   4  19   7  81]]",2.0355827808380127,0.0007522106170654297
CIC_IoT2023,['*'],rbf,Normalizer,LGBM_FTSP,0.7447608089919049,-1,-1,94.06666666666666,71.06666666666666,3.56,71.39988270696934,71.14906243721308,-1,"{'0Normal': {'precision': 0.545, 'recall': 0.545, 'f1-score': 0.545, 'support': 200.0}, 'DDoS/DoS': {'precision': 0.9734251968503937, 'recall': 0.989, 'f1-score': 0.9811507936507936, 'support': 1000.0}, 'Mirai': {'precision': 0.8846153846153846, 'recall': 0.92, 'f1-score': 0.9019607843137256, 'support': 200.0}, 'Scan': {'precision': 0.6111111111111112, 'recall': 0.66, 'f1-score': 0.6346153846153846, 'support': 200.0}, 'Spoofing': {'precision': 0.5555555555555556, 'recall': 0.475, 'f1-score': 0.5121293800539084, 'support': 200.0}, 'Web': {'precision': 0.7142857142857143, 'recall': 0.675, 'f1-score': 0.6940874035989718, 'support': 200.0}, 'accuracy': 0.822, 'macro avg': {'precision': 0.7139988270696933, 'recall': 0.7106666666666667, 'f1-score': 0.7114906243721307, 'support': 2000.0}, 'weighted avg': {'precision': 0.8177693749819734, 'recall': 0.822, 'f1-score': 0.8193546920835959, 'support': 2000.0}}","[[109   2   7  24  40  18]
 [  3 989   0   2   2   4]
 [  4   6 184   0   6   0]
 [ 19  13   2 132  16  18]
 [ 53   1   9  28  95  14]
 [ 12   5   6  30  12 135]]",0.8606748580932617,0.009654998779296875
CIC_IoT2023,['*'],rbf,Normalizer,NuSVC_FTSP,0.5239368319955838,-1,-1,89.5,47.96666666666667,6.3,57.972736112108116,49.883035223366726,-1,"{'0Normal': {'precision': 0.31100478468899523, 'recall': 0.325, 'f1-score': 0.31784841075794623, 'support': 200.0}, 'DDoS/DoS': {'precision': 0.7551330798479088, 'recall': 0.993, 'f1-score': 0.8578833693304535, 'support': 1000.0}, 'Mirai': {'precision': 0.8604651162790697, 'recall': 0.74, 'f1-score': 0.7956989247311828, 'support': 200.0}, 'Scan': {'precision': 0.3488372093023256, 'recall': 0.075, 'f1-score': 0.1234567901234568, 'support': 200.0}, 'Spoofing': {'precision': 0.5029239766081871, 'recall': 0.43, 'f1-score': 0.4636118598382749, 'support': 200.0}, 'Web': {'precision': 0.7, 'recall': 0.315, 'f1-score': 0.43448275862068964, 'support': 200.0}, 'accuracy': 0.685, 'macro avg': {'precision': 0.5797273611210811, 'recall': 0.4796666666666667, 'f1-score': 0.4988303522336673, 'support': 2000.0}, 'weighted avg': {'precision': 0.6498896486118122, 'recall': 0.685, 'f1-score': 0.6424515590723818, 'support': 2000.0}}","[[ 65  39   8  15  53  20]
 [  3 993   0   1   2   1]
 [  0  52 148   0   0   0]
 [ 48 120   3  15  11   3]
 [ 57  32  13   9  86   3]
 [ 36  79   0   3  19  63]]",0.7818188667297363,0.21546053886413574
CIC_IoT2023,['*'],rbf,Normalizer,SGD_FTSP,0.5432893366593967,-1,-1,89.88333333333334,49.48333333333334,6.069999999999999,50.91235902379629,49.5419069878902,-1,"{'0Normal': {'precision': 0.4479166666666667, 'recall': 0.43, 'f1-score': 0.4387755102040816, 'support': 200.0}, 'DDoS/DoS': {'precision': 0.7556732223903178, 'recall': 0.999, 'f1-score': 0.8604651162790699, 'support': 1000.0}, 'Mirai': {'precision': 0.7772020725388601, 'recall': 0.75, 'f1-score': 0.7633587786259541, 'support': 200.0}, 'Scan': {'precision': 0.0, 'recall': 0.0, 'f1-score': 0.0, 'support': 200.0}, 'Spoofing': {'precision': 0.4857142857142857, 'recall': 0.34, 'f1-score': 0.4, 'support': 200.0}, 'Web': {'precision': 0.5882352941176471, 'recall': 0.45, 'f1-score': 0.509915014164306, 'support': 200.0}, 'accuracy': 0.6965, 'macro avg': {'precision': 0.5091235902379629, 'recall': 0.4948333333333334, 'f1-score': 0.495419069878902, 'support': 2000.0}, 'weighted avg': {'precision': 0.6077434430989049, 'recall': 0.6965, 'f1-score': 0.6414374884389692, 'support': 2000.0}}","[[ 86  33  14   0  36  31]
 [  0 999   0   0   0   1]
 [  0  26 150   0  23   1]
 [ 22 148  11   0   9  10]
 [ 71  23  18   0  68  20]
 [ 13  93   0   0   4  90]]",0.019338607788085938,0.00036025047302246094
CIC_IoT2023,['*'],poly,Normalizer,LDA_FTSP,0.48562221439889236,-1,-1,88.8,44.06666666666667,6.72,60.12429783461924,46.987670154524565,-1,"{'0Normal': {'precision': 0.532258064516129, 'recall': 0.33, 'f1-score': 0.40740740740740733, 'support': 200.0}, 'DDoS/DoS': {'precision': 0.6727272727272727, 'recall': 0.999, 'f1-score': 0.8040241448692153, 'support': 1000.0}, 'Mirai': {'precision': 0.632183908045977, 'recall': 0.55, 'f1-score': 0.5882352941176471, 'support': 200.0}, 'Scan': {'precision': 0.3, 'recall': 0.015, 'f1-score': 0.02857142857142857, 'support': 200.0}, 'Spoofing': {'precision': 0.631578947368421, 'recall': 0.36, 'f1-score': 0.45859872611464964, 'support': 200.0}, 'Web': {'precision': 0.8387096774193549, 'recall': 0.39, 'f1-score': 0.5324232081911263, 'support': 200.0}, 'accuracy': 0.664, 'macro avg': {'precision': 0.6012429783461924, 'recall': 0.4406666666666667, 'f1-score': 0.46987670154524563, 'support': 2000.0}, 'weighted avg': {'precision': 0.6298366960986246, 'recall': 0.664, 'f1-score': 0.6035356788748335, 'support': 2000.0}}","[[ 66  71  17   4  33   9]
 [  1 999   0   0   0   0]
 [  0  90 110   0   0   0]
 [  3 174  19   3   1   0]
 [ 38  53  28   3  72   6]
 [ 16  98   0   0   8  78]]",0.0034999847412109375,0.00019240379333496094
CIC_IoT2023,['*'],poly,Normalizer,MLP_FTSP,0.6170061818554099,-1,-1,91.41666666666667,57.21666666666667,5.1499999999999995,65.14427909750657,59.31603735072281,-1,"{'0Normal': {'precision': 0.5108695652173914, 'recall': 0.47, 'f1-score': 0.4895833333333333, 'support': 200.0}, 'DDoS/DoS': {'precision': 0.8080971659919028, 'recall': 0.998, 'f1-score': 0.8930648769574945, 'support': 1000.0}, 'Mirai': {'precision': 0.8416289592760181, 'recall': 0.93, 'f1-score': 0.8836104513064132, 'support': 200.0}, 'Scan': {'precision': 0.39823008849557523, 'recall': 0.225, 'f1-score': 0.2875399361022364, 'support': 200.0}, 'Spoofing': {'precision': 0.5655172413793104, 'recall': 0.41, 'f1-score': 0.4753623188405797, 'support': 200.0}, 'Web': {'precision': 0.7843137254901961, 'recall': 0.4, 'f1-score': 0.5298013245033113, 'support': 200.0}, 'accuracy': 0.7425, 'macro avg': {'precision': 0.6514427909750656, 'recall': 0.5721666666666667, 'f1-score': 0.5931603735072281, 'support': 2000.0}, 'weighted avg': {'precision': 0.7141045409818004, 'recall': 0.7425, 'f1-score': 0.7131221748873346, 'support': 2000.0}}","[[ 94  20  13  25  36  12]
 [  0 998   0   2   0   0]
 [  0  11 186   3   0   0]
 [ 18 114   3  45  20   0]
 [ 59  15  15  19  82  10]
 [ 13  77   4  19   7  80]]",2.025761842727661,0.0006482601165771484
CIC_IoT2023,['*'],poly,Normalizer,LGBM_FTSP,0.7443035462343972,-1,-1,94.06666666666666,70.86666666666666,3.56,72.04395463946999,71.26309820801353,-1,"{'0Normal': {'precision': 0.5291479820627802, 'recall': 0.59, 'f1-score': 0.5579196217494089, 'support': 200.0}, 'DDoS/DoS': {'precision': 0.9668615984405458, 'recall': 0.992, 'f1-score': 0.979269496544916, 'support': 1000.0}, 'Mirai': {'precision': 0.905940594059406, 'recall': 0.915, 'f1-score': 0.9104477611940299, 'support': 200.0}, 'Scan': {'precision': 0.5924170616113744, 'recall': 0.625, 'f1-score': 0.6082725060827251, 'support': 200.0}, 'Spoofing': {'precision': 0.5949367088607594, 'recall': 0.47, 'f1-score': 0.5251396648044693, 'support': 200.0}, 'Web': {'precision': 0.7333333333333333, 'recall': 0.66, 'f1-score': 0.6947368421052631, 'support': 200.0}, 'accuracy': 0.822, 'macro avg': {'precision': 0.7204395463946999, 'recall': 0.7086666666666667, 'f1-score': 0.7126309820801353, 'support': 2000.0}, 'weighted avg': {'precision': 0.8190083672130384, 'recall': 0.822, 'f1-score': 0.8192863878660477, 'support': 2000.0}}","[[118   3   4  26  31  18]
 [  3 992   0   3   2   0]
 [  3   5 183   0   9   0]
 [ 24  20   2 125  15  14]
 [ 57   1   8  24  94  16]
 [ 18   5   5  33   7 132]]",0.8661935329437256,0.017272472381591797
CIC_IoT2023,['*'],poly,Normalizer,NuSVC_FTSP,0.5323229488376076,-1,-1,89.7,48.96666666666666,6.18,63.64285059041491,51.8830852503358,-1,"{'0Normal': {'precision': 0.4461538461538462, 'recall': 0.29, 'f1-score': 0.3515151515151515, 'support': 200.0}, 'DDoS/DoS': {'precision': 0.7280058651026393, 'recall': 0.993, 'f1-score': 0.8401015228426396, 'support': 1000.0}, 'Mirai': {'precision': 0.8757396449704142, 'recall': 0.74, 'f1-score': 0.8021680216802167, 'support': 200.0}, 'Scan': {'precision': 0.42105263157894735, 'recall': 0.12, 'f1-score': 0.18677042801556418, 'support': 200.0}, 'Spoofing': {'precision': 0.46190476190476193, 'recall': 0.485, 'f1-score': 0.4731707317073171, 'support': 200.0}, 'Web': {'precision': 0.8857142857142857, 'recall': 0.31, 'f1-score': 0.45925925925925926, 'support': 200.0}, 'accuracy': 0.691, 'macro avg': {'precision': 0.6364285059041491, 'recall': 0.48966666666666664, 'f1-score': 0.518830852503358, 'support': 2000.0}, 'weighted avg': {'precision': 0.673059449583545, 'recall': 0.691, 'f1-score': 0.6473391206390706, 'support': 2000.0}}","[[ 58  46   8  13  72   3]
 [  2 993   0   4   0   1]
 [  0  52 148   0   0   0]
 [ 19 143   1  24  12   1]
 [ 40  38  12  10  97   3]
 [ 11  92   0   6  29  62]]",0.7752325534820557,0.21741676330566406
CIC_IoT2023,['*'],poly,Normalizer,SGD_FTSP,0.5428346519764874,-1,-1,89.85,49.31666666666668,6.09,55.06889988085568,49.662810988597144,-1,"{'0Normal': {'precision': 0.42641509433962266, 'recall': 0.565, 'f1-score': 0.4860215053763441, 'support': 200.0}, 'DDoS/DoS': {'precision': 0.7551020408163265, 'recall': 0.999, 'f1-score': 0.8600947051226863, 'support': 1000.0}, 'Mirai': {'precision': 0.774869109947644, 'recall': 0.74, 'f1-score': 0.7570332480818416, 'support': 200.0}, 'Scan': {'precision': 0.0, 'recall': 0.0, 'f1-score': 0.0, 'support': 200.0}, 'Spoofing': {'precision': 0.6, 'recall': 0.24, 'f1-score': 0.34285714285714286, 'support': 200.0}, 'Web': {'precision': 0.7477477477477478, 'recall': 0.415, 'f1-score': 0.5337620578778135, 'support': 200.0}, 'accuracy': 0.6955, 'macro avg': {'precision': 0.5506889988085568, 'recall': 0.49316666666666675, 'f1-score': 0.49662810988597145, 'support': 2000.0}, 'weighted avg': {'precision': 0.6324542156116646, 'recall': 0.6955, 'f1-score': 0.6420147479806575, 'support': 2000.0}}","[[113  35  14   1  22  15]
 [  1 999   0   0   0   0]
 [  1  27 148  19   5   0]
 [ 38 148  11   0   3   0]
 [ 90  23  18   8  48  13]
 [ 22  91   0   2   2  83]]",0.01865220069885254,0.000385284423828125
CIC_IoT2023,['*'],linear,Normalizer,LDA_FTSP,0.3781689283361434,-1,-1,86.8,34.0,7.920000000000001,45.3585698534351,35.530181198430036,-1,"{'0Normal': {'precision': 0.7075471698113207, 'recall': 0.375, 'f1-score': 0.4901960784313726, 'support': 200.0}, 'DDoS/DoS': {'precision': 0.585480093676815, 'recall': 1.0, 'f1-score': 0.7385524372230429, 'support': 1000.0}, 'Mirai': {'precision': 0.0, 'recall': 0.0, 'f1-score': 0.0, 'support': 200.0}, 'Scan': {'precision': 0.0, 'recall': 0.0, 'f1-score': 0.0, 'support': 200.0}, 'Spoofing': {'precision': 0.7088607594936709, 'recall': 0.28, 'f1-score': 0.4014336917562724, 'support': 200.0}, 'Web': {'precision': 0.719626168224299, 'recall': 0.385, 'f1-score': 0.501628664495114, 'support': 200.0}, 'accuracy': 0.604, 'macro avg': {'precision': 0.453585698534351, 'recall': 0.34, 'f1-score': 0.35530181198430033, 'support': 2000.0}, 'weighted avg': {'precision': 0.5063434565913366, 'recall': 0.604, 'f1-score': 0.5086020620797973, 'support': 2000.0}}","[[  75  100    0    0   11   14]
 [   0 1000    0    0    0    0]
 [   0  200    0    0    0    0]
 [   0  200    0    0    0    0]
 [  22  106    0    0   56   16]
 [   9  102    0    0   12   77]]",0.003336668014526367,0.0001990795135498047
CIC_IoT2023,['*'],linear,Normalizer,MLP_FTSP,0.49635082166227046,-1,-1,88.96666666666667,44.9,6.619999999999999,56.170744812362386,46.73487035123302,-1,"{'0Normal': {'precision': 0.7027027027027027, 'recall': 0.39, 'f1-score': 0.5016077170418006, 'support': 200.0}, 'DDoS/DoS': {'precision': 0.6782077393075356, 'recall': 0.999, 'f1-score': 0.8079255964415689, 'support': 1000.0}, 'Mirai': {'precision': 0.5536480686695279, 'recall': 0.645, 'f1-score': 0.5958429561200924, 'support': 200.0}, 'Scan': {'precision': 0.0, 'recall': 0.0, 'f1-score': 0.0, 'support': 200.0}, 'Spoofing': {'precision': 0.6973684210526315, 'recall': 0.265, 'f1-score': 0.38405797101449274, 'support': 200.0}, 'Web': {'precision': 0.7383177570093458, 'recall': 0.395, 'f1-score': 0.5146579804560261, 'support': 200.0}, 'accuracy': 0.669, 'macro avg': {'precision': 0.5617074481236238, 'recall': 0.449, 'f1-score': 0.4673487035123302, 'support': 2000.0}, 'weighted avg': {'precision': 0.6083075645971886, 'recall': 0.669, 'f1-score': 0.6035794606840256, 'support': 2000.0}}","[[ 78  73  27   0  11  11]
 [  0 999   1   0   0   0]
 [  0  71 129   0   0   0]
 [  0 177  23   0   0   0]
 [ 24  54  52   0  53  17]
 [  9  99   1   0  12  79]]",1.9791202545166016,0.0007457733154296875
CIC_IoT2023,['*'],linear,Normalizer,LGBM_FTSP,0.8452042003878052,-1,-1,96.39999999999999,82.13333333333335,2.16,82.76424886300543,82.38854165347257,-1,"{'0Normal': {'precision': 0.7058823529411765, 'recall': 0.72, 'f1-score': 0.712871287128713, 'support': 200.0}, 'DDoS/DoS': {'precision': 0.9832512315270936, 'recall': 0.998, 'f1-score': 0.9905707196029777, 'support': 1000.0}, 'Mirai': {'precision': 0.9751243781094527, 'recall': 0.98, 'f1-score': 0.9775561097256857, 'support': 200.0}, 'Scan': {'precision': 0.7981220657276995, 'recall': 0.85, 'f1-score': 0.8232445520581112, 'support': 200.0}, 'Spoofing': {'precision': 0.7142857142857143, 'recall': 0.65, 'f1-score': 0.680628272251309, 'support': 200.0}, 'Web': {'precision': 0.7891891891891892, 'recall': 0.73, 'f1-score': 0.7584415584415585, 'support': 200.0}, 'accuracy': 0.892, 'macro avg': {'precision': 0.8276424886300543, 'recall': 0.8213333333333335, 'f1-score': 0.8238854165347257, 'support': 2000.0}, 'weighted avg': {'precision': 0.88988598578887, 'recall': 0.892, 'f1-score': 0.8905595377620265, 'support': 2000.0}}","[[144   2   0  10  27  17]
 [  1 998   0   1   0   0]
 [  1   1 196   1   1   0]
 [  8  11   0 170  10   1]
 [ 32   0   5  12 130  21]
 [ 18   3   0  19  14 146]]",0.8373672962188721,0.010464668273925781
CIC_IoT2023,['*'],linear,Normalizer,NuSVC_FTSP,0.3545525187333741,-1,-1,80.21666666666667,47.81666666666668,11.87,64.21644358965634,45.84886509335659,-1,"{'0Normal': {'precision': 0.5301204819277109, 'recall': 0.44, 'f1-score': 0.4808743169398907, 'support': 200.0}, 'DDoS/DoS': {'precision': 0.8147138964577657, 'recall': 0.299, 'f1-score': 0.43745427944403803, 'support': 1000.0}, 'Mirai': {'precision': 0.9103448275862069, 'recall': 0.66, 'f1-score': 0.7652173913043477, 'support': 200.0}, 'Scan': {'precision': 0.15684575389948008, 'recall': 0.905, 'f1-score': 0.2673559822747415, 'support': 200.0}, 'Spoofing': {'precision': 0.5377358490566038, 'recall': 0.285, 'f1-score': 0.3725490196078431, 'support': 200.0}, 'Web': {'precision': 0.9032258064516129, 'recall': 0.28, 'f1-score': 0.42748091603053445, 'support': 200.0}, 'accuracy': 0.4065, 'macro avg': {'precision': 0.6421644358965634, 'recall': 0.4781666666666668, 'f1-score': 0.45848865093356594, 'support': 2000.0}, 'weighted avg': {'precision': 0.7111842201210443, 'recall': 0.4065, 'f1-score': 0.45007490233775477, 'support': 2000.0}}","[[ 88   0   0  79  29   4]
 [  1 299   0 700   0   0]
 [  0  46 132  22   0   0]
 [  4  12   3 181   0   0]
 [ 48   9  10  74  57   2]
 [ 25   1   0  98  20  56]]",0.7637972831726074,0.21731781959533691
CIC_IoT2023,['*'],linear,Normalizer,SGD_FTSP,0.3667091246875936,-1,-1,86.63333333333333,33.233333333333334,8.02,44.96736984640211,34.264438407546365,-1,"{'0Normal': {'precision': 0.5777777777777777, 'recall': 0.39, 'f1-score': 0.4656716417910448, 'support': 200.0}, 'DDoS/DoS': {'precision': 0.5859237536656892, 'recall': 0.999, 'f1-score': 0.7386321626617375, 'support': 1000.0}, 'Mirai': {'precision': 0.0, 'recall': 0.0, 'f1-score': 0.0, 'support': 200.0}, 'Scan': {'precision': 0.0, 'recall': 0.0, 'f1-score': 0.0, 'support': 200.0}, 'Spoofing': {'precision': 0.8035714285714286, 'recall': 0.225, 'f1-score': 0.3515625, 'support': 200.0}, 'Web': {'precision': 0.7307692307692307, 'recall': 0.38, 'f1-score': 0.5, 'support': 200.0}, 'accuracy': 0.599, 'macro avg': {'precision': 0.44967369846402105, 'recall': 0.33233333333333337, 'f1-score': 0.34264438407546366, 'support': 2000.0}, 'weighted avg': {'precision': 0.5041737205446883, 'recall': 0.599, 'f1-score': 0.5010394955099732, 'support': 2000.0}}","[[ 78 100   0   0   8  14]
 [  1 999   0   0   0   0]
 [  0 200   0   0   0   0]
 [  0 200   0   0   0   0]
 [ 35 106   0   0  45  14]
 [ 21 100   0   0   3  76]]",0.022251129150390625,0.0003657341003417969
CIC_IoT2023,['*'],sigmoid,Normalizer,LDA_FTSP,0.42622566669429945,-1,-1,87.7,38.7,7.380000000000001,46.109443230385864,38.92314496851339,-1,"{'0Normal': {'precision': 0.42857142857142855, 'recall': 0.06, 'f1-score': 0.10526315789473684, 'support': 200.0}, 'DDoS/DoS': {'precision': 0.6554898093359632, 'recall': 0.997, 'f1-score': 0.7909559698532328, 'support': 1000.0}, 'Mirai': {'precision': 0.630057803468208, 'recall': 0.545, 'f1-score': 0.5844504021447721, 'support': 200.0}, 'Scan': {'precision': 0.0, 'recall': 0.0, 'f1-score': 0.0, 'support': 200.0}, 'Spoofing': {'precision': 0.46153846153846156, 'recall': 0.33, 'f1-score': 0.3848396501457726, 'support': 200.0}, 'Web': {'precision': 0.5909090909090909, 'recall': 0.39, 'f1-score': 0.46987951807228917, 'support': 200.0}, 'accuracy': 0.631, 'macro avg': {'precision': 0.46109443230385866, 'recall': 0.387, 'f1-score': 0.3892314496851339, 'support': 2000.0}, 'weighted avg': {'precision': 0.5388525831167006, 'recall': 0.631, 'f1-score': 0.5499212577523735, 'support': 2000.0}}","[[ 12  80  16   0  62  30]
 [  0 997   0   3   0   0]
 [  0  91 109   0   0   0]
 [  0 183  17   0   0   0]
 [ 10  70  30   0  66  24]
 [  6 100   1   0  15  78]]",0.003343820571899414,0.0001933574676513672
CIC_IoT2023,['*'],sigmoid,Normalizer,MLP_FTSP,0.5944250975408527,-1,-1,90.95,54.88333333333334,5.43,62.01793996510424,56.724683743252754,-1,"{'0Normal': {'precision': 0.4966442953020134, 'recall': 0.37, 'f1-score': 0.4240687679083094, 'support': 200.0}, 'DDoS/DoS': {'precision': 0.7952191235059761, 'recall': 0.998, 'f1-score': 0.8851441241685143, 'support': 1000.0}, 'Mirai': {'precision': 0.8230088495575221, 'recall': 0.93, 'f1-score': 0.8732394366197184, 'support': 200.0}, 'Scan': {'precision': 0.39603960396039606, 'recall': 0.2, 'f1-score': 0.26578073089701, 'support': 200.0}, 'Spoofing': {'precision': 0.5032679738562091, 'recall': 0.385, 'f1-score': 0.43626062322946174, 'support': 200.0}, 'Web': {'precision': 0.7068965517241379, 'recall': 0.41, 'f1-score': 0.5189873417721519, 'support': 200.0}, 'accuracy': 0.7285, 'macro avg': {'precision': 0.6201793996510424, 'recall': 0.5488333333333334, 'f1-score': 0.5672468374325276, 'support': 2000.0}, 'weighted avg': {'precision': 0.6901952891930159, 'recall': 0.7285, 'f1-score': 0.6944057521269222, 'support': 2000.0}}","[[ 74  26  13  24  44  19]
 [  0 998   0   1   0   1]
 [  0  13 186   1   0   0]
 [ 10 125   3  40  22   0]
 [ 55  17  19  18  77  14]
 [ 10  76   5  17  10  82]]",2.1024281978607178,0.0007693767547607422
CIC_IoT2023,['*'],sigmoid,Normalizer,LGBM_FTSP,0.7535131932389392,-1,-1,94.25,71.91666666666667,3.45,71.67375839600858,71.62363251732054,-1,"{'0Normal': {'precision': 0.5209302325581395, 'recall': 0.56, 'f1-score': 0.5397590361445783, 'support': 200.0}, 'DDoS/DoS': {'precision': 0.9840954274353877, 'recall': 0.99, 'f1-score': 0.9870388833499502, 'support': 1000.0}, 'Mirai': {'precision': 0.919431279620853, 'recall': 0.97, 'f1-score': 0.9440389294403893, 'support': 200.0}, 'Scan': {'precision': 0.6355140186915887, 'recall': 0.68, 'f1-score': 0.6570048309178744, 'support': 200.0}, 'Spoofing': {'precision': 0.5454545454545454, 'recall': 0.42, 'f1-score': 0.4745762711864407, 'support': 200.0}, 'Web': {'precision': 0.695, 'recall': 0.695, 'f1-score': 0.695, 'support': 200.0}, 'accuracy': 0.8275, 'macro avg': {'precision': 0.7167375839600858, 'recall': 0.7191666666666667, 'f1-score': 0.7162363251732055, 'support': 2000.0}, 'weighted avg': {'precision': 0.8236807213502065, 'recall': 0.8275, 'f1-score': 0.8245573484439034, 'support': 2000.0}}","[[112   0   2  21  48  17]
 [  1 990   1   6   1   1]
 [  1   4 194   0   1   0]
 [ 18  11   2 136  12  21]
 [ 62   1   9  22  84  22]
 [ 21   0   3  29   8 139]]",0.8299751281738281,0.015335798263549805
CIC_IoT2023,['*'],sigmoid,Normalizer,NuSVC_FTSP,0.5335659188659243,-1,-1,89.63333333333333,48.766666666666666,6.22,59.29291655956831,50.09432375593893,-1,"{'0Normal': {'precision': 0.3273381294964029, 'recall': 0.455, 'f1-score': 0.3807531380753138, 'support': 200.0}, 'DDoS/DoS': {'precision': 0.7694099378881988, 'recall': 0.991, 'f1-score': 0.8662587412587412, 'support': 1000.0}, 'Mirai': {'precision': 0.8439306358381503, 'recall': 0.73, 'f1-score': 0.7828418230563002, 'support': 200.0}, 'Scan': {'precision': 0.35714285714285715, 'recall': 0.05, 'f1-score': 0.08771929824561404, 'support': 200.0}, 'Spoofing': {'precision': 0.5069444444444444, 'recall': 0.365, 'f1-score': 0.42441860465116277, 'support': 200.0}, 'Web': {'precision': 0.7528089887640449, 'recall': 0.335, 'f1-score': 0.46366782006920415, 'support': 200.0}, 'accuracy': 0.689, 'macro avg': {'precision': 0.5929291655956831, 'recall': 0.4876666666666667, 'f1-score': 0.5009432375593893, 'support': 2000.0}, 'weighted avg': {'precision': 0.6635214745126895, 'recall': 0.689, 'f1-score': 0.6470694390391301, 'support': 2000.0}}","[[ 91  34   8   8  50   9]
 [  7 991   0   0   0   2]
 [  2  52 146   0   0   0]
 [ 77 106   4  10   2   1]
 [ 63  29  15  10  73  10]
 [ 38  76   0   0  19  67]]",0.8402833938598633,0.24015426635742188
CIC_IoT2023,['*'],sigmoid,Normalizer,SGD_FTSP,0.49035076780456993,-1,-1,88.8,44.333333333333336,6.72,40.040916160959995,41.42751200809911,-1,"{'0Normal': {'precision': 0.0, 'recall': 0.0, 'f1-score': 0.0, 'support': 200.0}, 'DDoS/DoS': {'precision': 0.7071783937455579, 'recall': 0.995, 'f1-score': 0.82675529705027, 'support': 1000.0}, 'Mirai': {'precision': 0.7058823529411765, 'recall': 0.78, 'f1-score': 0.7410926365795726, 'support': 200.0}, 'Scan': {'precision': 0.0, 'recall': 0.0, 'f1-score': 0.0, 'support': 200.0}, 'Spoofing': {'precision': 0.42735042735042733, 'recall': 0.5, 'f1-score': 0.46082949308755755, 'support': 200.0}, 'Web': {'precision': 0.5620437956204379, 'recall': 0.385, 'f1-score': 0.456973293768546, 'support': 200.0}, 'accuracy': 0.664, 'macro avg': {'precision': 0.40040916160959994, 'recall': 0.44333333333333336, 'f1-score': 0.41427512008099104, 'support': 2000.0}, 'weighted avg': {'precision': 0.523116854463983, 'recall': 0.664, 'f1-score': 0.5792671908687026, 'support': 2000.0}}","[[  0  58  17   0  92  33]
 [  0 995   1   0   4   0]
 [  0  44 156   0   0   0]
 [  0 166  18   0  16   0]
 [  0  46  27   0 100  27]
 [  0  98   2   1  22  77]]",0.02454400062561035,0.000408172607421875
