Data Type,Drop Cls,Kernel,SCALER,Model,MCC,NDR,AUC_N,ACC,TPR Macro,FPR,PPV Macro,F1 Macro,AUC,CLS Report,CFS Matrix,Training time,Test time
ToN_IoT,*,rbf,QuantileTransformer,KNN,0.9602396050519175,-1,-1,99.0531561461794,96.45238095238096,0.5523255813953488,96.57231385495238,96.50345712623427,-1,"{'BruteForce': {'precision': 0.943089430894309, 'recall': 0.9666666666666667, 'f1-score': 0.9547325102880659, 'support': 120.0}, 'DDoS': {'precision': 0.9696969696969697, 'recall': 0.96, 'f1-score': 0.964824120603015, 'support': 200.0}, 'DoS': {'precision': 0.9747474747474747, 'recall': 0.965, 'f1-score': 0.9698492462311558, 'support': 200.0}, 'MITM': {'precision': 0.9595959595959596, 'recall': 0.95, 'f1-score': 0.9547738693467336, 'support': 200.0}, 'Malware': {'precision': 0.9612590799031477, 'recall': 0.9925, 'f1-score': 0.976629766297663, 'support': 400.0}, 'Scan': {'precision': 0.9795918367346939, 'recall': 0.96, 'f1-score': 0.9696969696969697, 'support': 200.0}, 'WebAttack': {'precision': 0.9720812182741116, 'recall': 0.9575, 'f1-score': 0.964735516372796, 'support': 400.0}, 'accuracy': 0.9668604651162791, 'macro avg': {'precision': 0.9657231385495239, 'recall': 0.9645238095238096, 'f1-score': 0.9650345712623427, 'support': 1720.0}, 'weighted avg': {'precision': 0.9669961041472327, 'recall': 0.9668604651162791, 'f1-score': 0.9668272415571664, 'support': 1720.0}}","[[116   1   0   0   2   0   1]
 [  0 192   0   1   2   2   3]
 [  0   0 193   2   5   0   0]
 [  0   1   3 190   0   0   6]
 [  0   1   0   1 397   1   0]
 [  1   2   1   0   3 192   1]
 [  6   1   1   4   4   1 383]]",0.0005252361297607422,0.009615659713745117
ToN_IoT,*,rbf,QuantileTransformer,LDA,0.7659828581404325,-1,-1,94.43521594684385,76.76190476190477,3.246124031007752,78.46701142686946,77.26384091510965,-1,"{'BruteForce': {'precision': 0.6597938144329897, 'recall': 0.5333333333333333, 'f1-score': 0.5898617511520737, 'support': 120.0}, 'DDoS': {'precision': 0.8151658767772512, 'recall': 0.86, 'f1-score': 0.8369829683698298, 'support': 200.0}, 'DoS': {'precision': 0.8687782805429864, 'recall': 0.96, 'f1-score': 0.9121140142517815, 'support': 200.0}, 'MITM': {'precision': 0.7115384615384616, 'recall': 0.555, 'f1-score': 0.6235955056179776, 'support': 200.0}, 'Malware': {'precision': 0.9095477386934674, 'recall': 0.905, 'f1-score': 0.9072681704260652, 'support': 400.0}, 'Scan': {'precision': 0.7734806629834254, 'recall': 0.7, 'f1-score': 0.7349081364829396, 'support': 200.0}, 'WebAttack': {'precision': 0.7543859649122807, 'recall': 0.86, 'f1-score': 0.8037383177570094, 'support': 400.0}, 'accuracy': 0.8052325581395349, 'macro avg': {'precision': 0.7846701142686946, 'recall': 0.7676190476190478, 'f1-score': 0.7726384091510966, 'support': 1720.0}, 'weighted avg': {'precision': 0.8014775555480714, 'recall': 0.8052325581395349, 'f1-score': 0.8004105409046421, 'support': 1720.0}}","[[ 64  19   0   0   2   2  33]
 [  6 172   1   1   4   5  11]
 [  0   1 192   4   0   2   1]
 [ 21   1   0 111   1   1  65]
 [  1   9   1   0 362  27   0]
 [  0   2  27   0  29 140   2]
 [  5   7   0  40   0   4 344]]",0.004793882369995117,0.00018072128295898438
ToN_IoT,*,rbf,QuantileTransformer,MLP,0.9560726928937763,-1,-1,98.95348837209302,96.26190476190476,0.6104651162790697,96.12538721826684,96.18153913097007,-1,"{'BruteForce': {'precision': 0.9672131147540983, 'recall': 0.9833333333333333, 'f1-score': 0.9752066115702478, 'support': 120.0}, 'DDoS': {'precision': 0.945273631840796, 'recall': 0.95, 'f1-score': 0.9476309226932668, 'support': 200.0}, 'DoS': {'precision': 0.9947916666666666, 'recall': 0.955, 'f1-score': 0.9744897959183673, 'support': 200.0}, 'MITM': {'precision': 0.9253731343283582, 'recall': 0.93, 'f1-score': 0.9276807980049875, 'support': 200.0}, 'Malware': {'precision': 0.9778325123152709, 'recall': 0.9925, 'f1-score': 0.9851116625310173, 'support': 400.0}, 'Scan': {'precision': 0.9514563106796117, 'recall': 0.98, 'f1-score': 0.9655172413793104, 'support': 200.0}, 'WebAttack': {'precision': 0.9668367346938775, 'recall': 0.9475, 'f1-score': 0.9570707070707071, 'support': 400.0}, 'accuracy': 0.9633720930232558, 'macro avg': {'precision': 0.9612538721826684, 'recall': 0.9626190476190476, 'f1-score': 0.9618153913097006, 'support': 1720.0}, 'weighted avg': {'precision': 0.9635536170216499, 'recall': 0.9633720930232558, 'f1-score': 0.9633497051327361, 'support': 1720.0}}","[[118   0   0   0   2   0   0]
 [  0 190   0   1   4   2   3]
 [  0   0 191   7   0   2   0]
 [  0   4   1 186   0   0   9]
 [  0   1   0   1 397   1   0]
 [  0   1   0   0   2 196   1]
 [  4   5   0   6   1   5 379]]",2.1002917289733887,0.003453969955444336
ToN_IoT,*,rbf,QuantileTransformer,LGBM,0.9756450796057815,-1,-1,99.4186046511628,98.10714285714285,0.3391472868217054,97.9009864361358,97.98415768944538,-1,"{'BruteForce': {'precision': 0.9917355371900827, 'recall': 1.0, 'f1-score': 0.995850622406639, 'support': 120.0}, 'DDoS': {'precision': 0.9748743718592965, 'recall': 0.97, 'f1-score': 0.9724310776942355, 'support': 200.0}, 'DoS': {'precision': 0.9948453608247423, 'recall': 0.965, 'f1-score': 0.9796954314720813, 'support': 200.0}, 'MITM': {'precision': 0.9342723004694836, 'recall': 0.995, 'f1-score': 0.963680387409201, 'support': 200.0}, 'Malware': {'precision': 0.9826732673267327, 'recall': 0.9925, 'f1-score': 0.9875621890547265, 'support': 400.0}, 'Scan': {'precision': 0.9849246231155779, 'recall': 0.98, 'f1-score': 0.9824561403508771, 'support': 200.0}, 'WebAttack': {'precision': 0.9897435897435898, 'recall': 0.965, 'f1-score': 0.9772151898734178, 'support': 400.0}, 'accuracy': 0.9796511627906976, 'macro avg': {'precision': 0.979009864361358, 'recall': 0.9810714285714285, 'f1-score': 0.9798415768944538, 'support': 1720.0}, 'weighted avg': {'precision': 0.9800920572934644, 'recall': 0.9796511627906976, 'f1-score': 0.9796893218868217, 'support': 1720.0}}","[[120   0   0   0   0   0   0]
 [  0 194   0   0   4   0   2]
 [  0   0 193   7   0   0   0]
 [  0   0   0 199   0   0   1]
 [  0   1   0   1 397   1   0]
 [  0   1   1   0   1 196   1]
 [  1   3   0   6   2   2 386]]",1.0725979804992676,0.009877920150756836
ToN_IoT,*,rbf,QuantileTransformer,NuSVC,0.8773227035117916,-1,-1,97.07641196013289,87.60714285714285,1.7054263565891472,88.68138163412506,87.97844406206534,-1,"{'BruteForce': {'precision': 0.8571428571428571, 'recall': 0.8, 'f1-score': 0.8275862068965518, 'support': 120.0}, 'DDoS': {'precision': 0.855072463768116, 'recall': 0.885, 'f1-score': 0.8697788697788698, 'support': 200.0}, 'DoS': {'precision': 0.8715596330275229, 'recall': 0.95, 'f1-score': 0.9090909090909091, 'support': 200.0}, 'MITM': {'precision': 0.9119170984455959, 'recall': 0.88, 'f1-score': 0.8956743002544529, 'support': 200.0}, 'Malware': {'precision': 0.9044289044289044, 'recall': 0.97, 'f1-score': 0.9360675512665863, 'support': 400.0}, 'Scan': {'precision': 0.8606060606060606, 'recall': 0.71, 'f1-score': 0.7780821917808219, 'support': 200.0}, 'WebAttack': {'precision': 0.946969696969697, 'recall': 0.9375, 'f1-score': 0.9422110552763819, 'support': 400.0}, 'accuracy': 0.8976744186046511, 'macro avg': {'precision': 0.8868138163412506, 'recall': 0.8760714285714285, 'f1-score': 0.8797844406206534, 'support': 1720.0}, 'weighted avg': {'precision': 0.8972369968523503, 'recall': 0.8976744186046511, 'f1-score': 0.896015721875456, 'support': 1720.0}}","[[ 96  14   0   0   7   3   0]
 [  7 177   0   7   4   1   4]
 [  0   0 190   4   0   5   1]
 [  0   8   1 176   0   0  15]
 [  0   1   1   0 388  10   0]
 [  1   1  26   0  29 142   1]
 [  8   6   0   6   1   4 375]]",0.49002528190612793,0.16962099075317383
ToN_IoT,*,rbf,QuantileTransformer,SGD,0.7554663889493508,-1,-1,94.13621262458472,71.05952380952381,3.4205426356589146,75.97103987446306,70.69505805170266,-1,"{'BruteForce': {'precision': 0.3333333333333333, 'recall': 0.016666666666666666, 'f1-score': 0.031746031746031744, 'support': 120.0}, 'DDoS': {'precision': 0.8627450980392157, 'recall': 0.88, 'f1-score': 0.8712871287128714, 'support': 200.0}, 'DoS': {'precision': 0.9313725490196079, 'recall': 0.95, 'f1-score': 0.9405940594059405, 'support': 200.0}, 'MITM': {'precision': 0.7098765432098766, 'recall': 0.575, 'f1-score': 0.6353591160220994, 'support': 200.0}, 'Malware': {'precision': 0.8668122270742358, 'recall': 0.9925, 'f1-score': 0.9254079254079254, 'support': 400.0}, 'Scan': {'precision': 0.9716312056737588, 'recall': 0.685, 'f1-score': 0.8035190615835777, 'support': 200.0}, 'WebAttack': {'precision': 0.6422018348623854, 'recall': 0.875, 'f1-score': 0.7407407407407407, 'support': 400.0}, 'accuracy': 0.7947674418604651, 'macro avg': {'precision': 0.7597103987446305, 'recall': 0.7105952380952382, 'f1-score': 0.7069505805170266, 'support': 1720.0}, 'weighted avg': {'precision': 0.7783318046297328, 'recall': 0.7947674418604651, 'f1-score': 0.7676865484964466, 'support': 1720.0}}","[[  2  14   0   0   9   0  95]
 [  0 176   0   1   6   0  17]
 [  0   0 190   9   0   0   1]
 [  1   2   1 115   1   0  80]
 [  1   1   0   0 397   1   0]
 [  2   3  12   0  44 137   2]
 [  0   8   1  37   1   3 350]]",0.0840458869934082,0.0004825592041015625
ToN_IoT,['*'],rbf,QuantileTransformer,KNN_FTSP,0.4466971937674715,-1,-1,86.76079734219269,46.666666666666664,7.722868217054264,46.75196625872176,46.26667579033365,-1,"{'BruteForce': {'precision': 0.2328042328042328, 'recall': 0.36666666666666664, 'f1-score': 0.28478964401294493, 'support': 120.0}, 'DDoS': {'precision': 0.30392156862745096, 'recall': 0.31, 'f1-score': 0.3069306930693069, 'support': 200.0}, 'DoS': {'precision': 0.4189189189189189, 'recall': 0.465, 'f1-score': 0.44075829383886256, 'support': 200.0}, 'MITM': {'precision': 0.3507853403141361, 'recall': 0.335, 'f1-score': 0.34271099744245526, 'support': 200.0}, 'Malware': {'precision': 0.556135770234987, 'recall': 0.5325, 'f1-score': 0.5440613026819924, 'support': 400.0}, 'Scan': {'precision': 0.44029850746268656, 'recall': 0.295, 'f1-score': 0.3532934131736527, 'support': 200.0}, 'WebAttack': {'precision': 0.9697732997481109, 'recall': 0.9625, 'f1-score': 0.9661229611041406, 'support': 400.0}, 'accuracy': 0.5366279069767442, 'macro avg': {'precision': 0.4675196625872176, 'recall': 0.4666666666666666, 'f1-score': 0.4626667579033365, 'support': 1720.0}, 'weighted avg': {'precision': 0.547142443601387, 'recall': 0.5366279069767442, 'f1-score': 0.5389460129656175, 'support': 1720.0}}","[[ 44  31   3  34   4   3   1]
 [ 43  62  12  45  21  14   3]
 [  5  21  93  11  60  10   0]
 [ 62  37  10  67  13   4   7]
 [ 16  28  83  16 213  44   0]
 [ 13  25  19  11  72  59   1]
 [  6   0   2   7   0   0 385]]",0.0565030574798584,0.03308677673339844
ToN_IoT,['*'],rbf,QuantileTransformer,LDA_FTSP,0.40620894081576825,-1,-1,84.63455149501661,29.309523809523814,8.963178294573645,21.17090335574483,22.448551341495953,-1,"{'BruteForce': {'precision': 0.1896551724137931, 'recall': 0.09166666666666666, 'f1-score': 0.12359550561797752, 'support': 120.0}, 'DDoS': {'precision': 0.0, 'recall': 0.0, 'f1-score': 0.0, 'support': 200.0}, 'DoS': {'precision': 0.0, 'recall': 0.0, 'f1-score': 0.0, 'support': 200.0}, 'MITM': {'precision': 0.0, 'recall': 0.0, 'f1-score': 0.0, 'support': 200.0}, 'Malware': {'precision': 0.31520882584712373, 'recall': 1.0, 'f1-score': 0.4793289394847214, 'support': 400.0}, 'Scan': {'precision': 0.0, 'recall': 0.0, 'f1-score': 0.0, 'support': 200.0}, 'WebAttack': {'precision': 0.9770992366412213, 'recall': 0.96, 'f1-score': 0.9684741488020178, 'support': 400.0}, 'accuracy': 0.4622093023255814, 'macro avg': {'precision': 0.2117090335574483, 'recall': 0.29309523809523813, 'f1-score': 0.22448551341495954, 'support': 1720.0}, 'weighted avg': {'precision': 0.31376851493313557, 'recall': 0.4622093023255814, 'f1-score': 0.34532133487724015, 'support': 1720.0}}","[[ 11   0   0   0 109   0   0]
 [  9   0   0   0 188   0   3]
 [  2   0   0   0 198   0   0]
 [ 29   0   0   0 166   0   5]
 [  0   0   0   0 400   0   0]
 [  2   0   0   0 197   0   1]
 [  5   0   0   0  11   0 384]]",0.001256704330444336,0.0001327991485595703
ToN_IoT,['*'],rbf,QuantileTransformer,MLP_FTSP,0.4718363845097001,-1,-1,87.17607973421927,41.11904761904762,7.48062015503876,36.09954152686419,36.926451295961336,-1,"{'BruteForce': {'precision': 0.296875, 'recall': 0.15833333333333333, 'f1-score': 0.20652173913043478, 'support': 120.0}, 'DDoS': {'precision': 0.3924731182795699, 'recall': 0.365, 'f1-score': 0.37823834196891193, 'support': 200.0}, 'DoS': {'precision': 0.0, 'recall': 0.0, 'f1-score': 0.0, 'support': 200.0}, 'MITM': {'precision': 0.4365482233502538, 'recall': 0.43, 'f1-score': 0.4332493702770781, 'support': 200.0}, 'Malware': {'precision': 0.44087256027554533, 'recall': 0.96, 'f1-score': 0.6042486231313926, 'support': 400.0}, 'Scan': {'precision': 0.0, 'recall': 0.0, 'f1-score': 0.0, 'support': 200.0}, 'WebAttack': {'precision': 0.9601990049751243, 'recall': 0.965, 'f1-score': 0.9625935162094762, 'support': 400.0}, 'accuracy': 0.5511627906976744, 'macro avg': {'precision': 0.36099541526864193, 'recall': 0.4111904761904762, 'f1-score': 0.3692645129596134, 'support': 1720.0}, 'weighted avg': {'precision': 0.4429406362943213, 'recall': 0.5511627906976744, 'f1-score': 0.4731494226053475, 'support': 1720.0}}","[[ 19  37   0  47  16   0   1]
 [ 13  73   0  41  69   0   4]
 [  4   4   0   5 187   0   0]
 [ 26  42   0  86  38   0   8]
 [  0  13   0   3 384   0   0]
 [  0  14   0   9 174   0   3]
 [  2   3   0   6   3   0 386]]",1.716273546218872,0.0006883144378662109
ToN_IoT,['*'],rbf,QuantileTransformer,LGBM_FTSP,0.5040521792683345,-1,-1,88.23920265780731,51.58333333333333,6.86046511627907,52.48814839243118,51.814592180429706,-1,"{'BruteForce': {'precision': 0.3656716417910448, 'recall': 0.4083333333333333, 'f1-score': 0.38582677165354334, 'support': 120.0}, 'DDoS': {'precision': 0.3602150537634409, 'recall': 0.335, 'f1-score': 0.34715025906735747, 'support': 200.0}, 'DoS': {'precision': 0.5111111111111111, 'recall': 0.46, 'f1-score': 0.4842105263157895, 'support': 200.0}, 'MITM': {'precision': 0.41, 'recall': 0.41, 'f1-score': 0.41, 'support': 200.0}, 'Malware': {'precision': 0.5522388059701493, 'recall': 0.6475, 'f1-score': 0.5960874568469505, 'support': 400.0}, 'Scan': {'precision': 0.5099337748344371, 'recall': 0.385, 'f1-score': 0.43874643874643876, 'support': 200.0}, 'WebAttack': {'precision': 0.965, 'recall': 0.965, 'f1-score': 0.965, 'support': 400.0}, 'accuracy': 0.5883720930232558, 'macro avg': {'precision': 0.5248814839243118, 'recall': 0.5158333333333333, 'f1-score': 0.5181459218042971, 'support': 1720.0}, 'weighted avg': {'precision': 0.5866442484562692, 'recall': 0.5883720930232558, 'f1-score': 0.5853230466064666, 'support': 1720.0}}","[[ 49  21   2  40   5   2   1]
 [ 30  67   8  48  29  14   4]
 [  3   8  92   8  79  10   0]
 [ 39  41  11  82  17   2   8]
 [  4  30  56   5 259  46   0]
 [  2  19   9  12  80  77   1]
 [  7   0   2   5   0   0 386]]",0.879396915435791,0.013722419738769531
ToN_IoT,['*'],rbf,QuantileTransformer,NuSVC_FTSP,0.24679428701679715,-1,-1,81.56146179401993,27.88095238095238,10.755813953488373,35.8346808307322,28.122154329029904,-1,"{'BruteForce': {'precision': 0.28888888888888886, 'recall': 0.21666666666666667, 'f1-score': 0.2476190476190476, 'support': 120.0}, 'DDoS': {'precision': 0.09618320610687023, 'recall': 0.315, 'f1-score': 0.1473684210526316, 'support': 200.0}, 'DoS': {'precision': 0.5625, 'recall': 0.135, 'f1-score': 0.21774193548387097, 'support': 200.0}, 'MITM': {'precision': 0.22916666666666666, 'recall': 0.055, 'f1-score': 0.08870967741935483, 'support': 200.0}, 'Malware': {'precision': 0.34375, 'recall': 0.22, 'f1-score': 0.2682926829268293, 'support': 400.0}, 'Scan': {'precision': 0.04186046511627907, 'recall': 0.045, 'f1-score': 0.043373493975903614, 'support': 200.0}, 'WebAttack': {'precision': 0.946078431372549, 'recall': 0.965, 'f1-score': 0.9554455445544553, 'support': 400.0}, 'accuracy': 0.3546511627906977, 'macro avg': {'precision': 0.35834680830732196, 'recall': 0.2788095238095238, 'f1-score': 0.281221543290299, 'support': 1720.0}, 'weighted avg': {'precision': 0.42822099232188926, 'recall': 0.3546511627906977, 'f1-score': 0.3596792338913673, 'support': 1720.0}}","[[ 26  13   1   7  13  59   1]
 [ 20  63   0  19  45  46   7]
 [  0 107  27   4  55   5   2]
 [ 31  28   5  11  27  87  11]
 [  4 289  13   2  88   4   0]
 [  4 154   1   4  27   9   1]
 [  5   1   1   1   1   5 386]]",0.445497989654541,0.17109298706054688
ToN_IoT,['*'],rbf,QuantileTransformer,SGD_FTSP,0.33348752190262065,-1,-1,80.84717607973421,26.64285714285714,11.172480620155039,15.195808964305385,16.945194488051634,-1,"{'BruteForce': {'precision': 0.0, 'recall': 0.0, 'f1-score': 0.0, 'support': 120.0}, 'DDoS': {'precision': 0.0, 'recall': 0.0, 'f1-score': 0.0, 'support': 200.0}, 'DoS': {'precision': 0.0, 'recall': 0.0, 'f1-score': 0.0, 'support': 200.0}, 'MITM': {'precision': 0.1376923076923077, 'recall': 0.895, 'f1-score': 0.23866666666666664, 'support': 200.0}, 'Malware': {'precision': 0.0, 'recall': 0.0, 'f1-score': 0.0, 'support': 400.0}, 'Scan': {'precision': 0.0, 'recall': 0.0, 'f1-score': 0.0, 'support': 200.0}, 'WebAttack': {'precision': 0.9260143198090692, 'recall': 0.97, 'f1-score': 0.9474969474969476, 'support': 400.0}, 'accuracy': 0.32965116279069767, 'macro avg': {'precision': 0.15195808964305385, 'recall': 0.2664285714285714, 'f1-score': 0.16945194488051632, 'support': 1720.0}, 'weighted avg': {'precision': 0.23136290085005187, 'recall': 0.32965116279069767, 'f1-score': 0.24810006530936765, 'support': 1720.0}}","[[  0   0   0 119   0   0   1]
 [  0   0   0 193   1   0   6]
 [  0   0   0 200   0   0   0]
 [  0   0   0 179   0   0  21]
 [  0   0   0 400   0   0   0]
 [  0   0   0 197   0   0   3]
 [  0   0   0  12   0   0 388]]",0.014473676681518555,0.0001347064971923828
ToN_IoT,['*'],poly,QuantileTransformer,KNN_FTSP,0.4919178322516734,-1,-1,87.90697674418605,54.58333333333334,7.054263565891474,54.86820178041325,54.56480149937332,-1,"{'BruteForce': {'precision': 0.39361702127659576, 'recall': 0.30833333333333335, 'f1-score': 0.3457943925233645, 'support': 120.0}, 'DDoS': {'precision': 0.4690721649484536, 'recall': 0.455, 'f1-score': 0.4619289340101523, 'support': 200.0}, 'DoS': {'precision': 0.547085201793722, 'recall': 0.61, 'f1-score': 0.5768321513002364, 'support': 200.0}, 'MITM': {'precision': 0.5064935064935064, 'recall': 0.585, 'f1-score': 0.5429234338747099, 'support': 200.0}, 'Malware': {'precision': 0.6317073170731707, 'recall': 0.6475, 'f1-score': 0.6395061728395062, 'support': 400.0}, 'Scan': {'precision': 0.6521739130434783, 'recall': 0.6, 'f1-score': 0.6250000000000001, 'support': 200.0}, 'WebAttack': {'precision': 0.640625, 'recall': 0.615, 'f1-score': 0.6275510204081632, 'support': 400.0}, 'accuracy': 0.5767441860465117, 'macro avg': {'precision': 0.5486820178041325, 'recall': 0.5458333333333334, 'f1-score': 0.5456480149937332, 'support': 1720.0}, 'weighted avg': {'precision': 0.576239492231565, 'recall': 0.5767441860465117, 'f1-score': 0.5753808768830763, 'support': 1720.0}}","[[ 37   4   6   2   7   1  63]
 [ 10  91  21  18  39   4  17]
 [  1  15 122   9  52   0   1]
 [  4  22   0 117   0   0  57]
 [  4  26  52   1 259  58   0]
 [  3   7  20   2  48 120   0]
 [ 35  29   2  82   5   1 246]]",0.0011518001556396484,0.022535085678100586
ToN_IoT,['*'],poly,QuantileTransformer,LDA_FTSP,0.3626181344688069,-1,-1,84.8671096345515,31.89285714285714,8.827519379844961,29.872501723155526,26.103355278544164,-1,"{'BruteForce': {'precision': 0.0, 'recall': 0.0, 'f1-score': 0.0, 'support': 120.0}, 'DDoS': {'precision': 0.5897435897435898, 'recall': 0.115, 'f1-score': 0.19246861924686193, 'support': 200.0}, 'DoS': {'precision': 0.0, 'recall': 0.0, 'f1-score': 0.0, 'support': 200.0}, 'MITM': {'precision': 0.46511627906976744, 'recall': 0.3, 'f1-score': 0.364741641337386, 'support': 200.0}, 'Malware': {'precision': 0.41047120418848165, 'recall': 0.98, 'f1-score': 0.5785977859778597, 'support': 400.0}, 'Scan': {'precision': 0.047619047619047616, 'recall': 0.005, 'f1-score': 0.00904977375565611, 'support': 200.0}, 'WebAttack': {'precision': 0.578125, 'recall': 0.8325, 'f1-score': 0.6823770491803279, 'support': 400.0}, 'accuracy': 0.4703488372093023, 'macro avg': {'precision': 0.29872501723155526, 'recall': 0.3189285714285714, 'f1-score': 0.26103355278544166, 'support': 1720.0}, 'weighted avg': {'precision': 0.3581013168382986, 'recall': 0.4703488372093023, 'f1-score': 0.35909415170421854, 'support': 1720.0}}","[[  0   1   0   0  22   2  95]
 [  0  23   0  19 134   1  23]
 [  0   2   0   2 188   5   3]
 [  0   6   0  60  10   3 121]
 [  0   1   0   0 392   7   0]
 [  0   0   0   0 198   1   1]
 [  0   6   0  48  11   2 333]]",0.0007696151733398438,0.00014448165893554688
ToN_IoT,['*'],poly,QuantileTransformer,MLP_FTSP,0.3643827746310485,-1,-1,84.8172757475083,32.50000000000001,8.85658914728682,29.012334214112776,25.8325989970365,-1,"{'BruteForce': {'precision': 0.0, 'recall': 0.0, 'f1-score': 0.0, 'support': 120.0}, 'DDoS': {'precision': 0.5555555555555556, 'recall': 0.05, 'f1-score': 0.09174311926605504, 'support': 200.0}, 'DoS': {'precision': 0.0, 'recall': 0.0, 'f1-score': 0.0, 'support': 200.0}, 'MITM': {'precision': 0.46766169154228854, 'recall': 0.47, 'f1-score': 0.4688279301745636, 'support': 200.0}, 'Malware': {'precision': 0.40447154471544716, 'recall': 0.995, 'f1-score': 0.5751445086705202, 'support': 400.0}, 'Scan': {'precision': 0.0, 'recall': 0.0, 'f1-score': 0.0, 'support': 200.0}, 'WebAttack': {'precision': 0.6031746031746031, 'recall': 0.76, 'f1-score': 0.672566371681416, 'support': 400.0}, 'accuracy': 0.4686046511627907, 'macro avg': {'precision': 0.2901233421411278, 'recall': 0.32500000000000007, 'f1-score': 0.258325989970365, 'support': 1720.0}, 'weighted avg': {'precision': 0.35331506312534244, 'recall': 0.4686046511627907, 'f1-score': 0.355348001179592, 'support': 1720.0}}","[[  0   1   0   0  24   0  95]
 [  0  10   0  24 148   1  17]
 [  0   0   0   5 190   5   0]
 [  0   3   0  94  13   3  87]
 [  0   1   0   0 398   1   0]
 [  0   0   0   0 199   0   1]
 [  0   3   0  78  12   3 304]]",0.638202428817749,0.0006642341613769531
ToN_IoT,['*'],poly,QuantileTransformer,LGBM_FTSP,0.5441802457130742,-1,-1,89.20265780730897,56.773809523809526,6.2984496124031,59.92646279725135,56.87582446805801,-1,"{'BruteForce': {'precision': 0.52, 'recall': 0.21666666666666667, 'f1-score': 0.3058823529411765, 'support': 120.0}, 'DDoS': {'precision': 0.592, 'recall': 0.37, 'f1-score': 0.4553846153846154, 'support': 200.0}, 'DoS': {'precision': 0.5947368421052631, 'recall': 0.565, 'f1-score': 0.5794871794871794, 'support': 200.0}, 'MITM': {'precision': 0.5546875, 'recall': 0.71, 'f1-score': 0.6228070175438596, 'support': 200.0}, 'Malware': {'precision': 0.6388888888888888, 'recall': 0.7475, 'f1-score': 0.6889400921658986, 'support': 400.0}, 'Scan': {'precision': 0.6103286384976526, 'recall': 0.65, 'f1-score': 0.6295399515738499, 'support': 200.0}, 'WebAttack': {'precision': 0.6842105263157895, 'recall': 0.715, 'f1-score': 0.6992665036674817, 'support': 400.0}, 'accuracy': 0.622093023255814, 'macro avg': {'precision': 0.5992646279725135, 'recall': 0.5677380952380953, 'f1-score': 0.5687582446805801, 'support': 1720.0}, 'weighted avg': {'precision': 0.6174362570944503, 'recall': 0.622093023255814, 'f1-score': 0.6101350427233687, 'support': 1720.0}}","[[ 26   2   5   0   7   1  79]
 [  7  74  23  23  52   4  17]
 [  1  12 113   4  64   5   1]
 [  5  13   0 142   2   3  35]
 [  0   6  28   0 299  67   0]
 [  2   8  19   1  40 130   0]
 [  9  10   2  86   4   3 286]]",0.8871886730194092,0.008835315704345703
ToN_IoT,['*'],poly,QuantileTransformer,NuSVC_FTSP,0.3594042401360628,-1,-1,83.70431893687707,48.976190476190474,9.505813953488373,46.30333486726684,41.84704589052424,-1,"{'BruteForce': {'precision': 0.23393316195372751, 'recall': 0.7583333333333333, 'f1-score': 0.3575638506876228, 'support': 120.0}, 'DDoS': {'precision': 0.42592592592592593, 'recall': 0.345, 'f1-score': 0.38121546961325964, 'support': 200.0}, 'DoS': {'precision': 0.37585421412300685, 'recall': 0.825, 'f1-score': 0.5164319248826291, 'support': 200.0}, 'MITM': {'precision': 0.5639810426540285, 'recall': 0.595, 'f1-score': 0.5790754257907542, 'support': 200.0}, 'Malware': {'precision': 0.5730659025787965, 'recall': 0.5, 'f1-score': 0.5340453938584779, 'support': 400.0}, 'Scan': {'precision': 0.6442307692307693, 'recall': 0.335, 'f1-score': 0.44078947368421056, 'support': 200.0}, 'WebAttack': {'precision': 0.42424242424242425, 'recall': 0.07, 'f1-score': 0.1201716738197425, 'support': 400.0}, 'accuracy': 0.42965116279069765, 'macro avg': {'precision': 0.46303334867266843, 'recall': 0.48976190476190473, 'f1-score': 0.4184704589052424, 'support': 1720.0}, 'weighted avg': {'precision': 0.48197308171493125, 'recall': 0.42965116279069765, 'f1-score': 0.40005636508603115, 'support': 1720.0}}","[[ 91   2  17   4   6   0   0]
 [ 13  69  53  11  44   2   8]
 [  0  18 165   4  12   0   1]
 [ 19  29   3 119   2   0  28]
 [  0  19 147   0 200  34   0]
 [  0   3  48   0  81  67   1]
 [266  22   6  73   4   1  28]]",0.5962283611297607,0.1885695457458496
ToN_IoT,['*'],poly,QuantileTransformer,SGD_FTSP,0.23850861800186343,-1,-1,81.56146179401993,24.583333333333332,10.755813953488373,22.190422600390377,21.170632552047294,-1,"{'BruteForce': {'precision': 0.029250457038391225, 'recall': 0.13333333333333333, 'f1-score': 0.047976011994003, 'support': 120.0}, 'DDoS': {'precision': 0.0, 'recall': 0.0, 'f1-score': 0.0, 'support': 200.0}, 'DoS': {'precision': 0.0, 'recall': 0.0, 'f1-score': 0.0, 'support': 200.0}, 'MITM': {'precision': 0.5189873417721519, 'recall': 0.205, 'f1-score': 0.2939068100358423, 'support': 200.0}, 'Malware': {'precision': 0.49230769230769234, 'recall': 0.48, 'f1-score': 0.4860759493670886, 'support': 400.0}, 'Scan': {'precision': 0.0, 'recall': 0.0, 'f1-score': 0.0, 'support': 200.0}, 'WebAttack': {'precision': 0.5127840909090909, 'recall': 0.9025, 'f1-score': 0.6539855072463768, 'support': 400.0}, 'accuracy': 0.3546511627906977, 'macro avg': {'precision': 0.22190422600390378, 'recall': 0.24583333333333332, 'f1-score': 0.21170632552047294, 'support': 1720.0}, 'weighted avg': {'precision': 0.29613037004985504, 'recall': 0.3546511627906977, 'f1-score': 0.30265294540222965, 'support': 1720.0}}","[[ 16   0   0   0   8   0  96]
 [ 90   0   0   9  19   0  82]
 [184   0   0   2   5   0   9]
 [  2   0   0  41   3   0 154]
 [207   0   0   0 192   0   1]
 [ 42   0   0   0 157   0   1]
 [  6   0   0  27   6   0 361]]",0.1043541431427002,0.0001552104949951172
ToN_IoT,['*'],linear,QuantileTransformer,KNN_FTSP,0.627926060440029,-1,-1,91.14617940199335,64.78571428571429,5.1647286821705425,64.81973704952155,64.46575595777763,-1,"{'BruteForce': {'precision': 0.5342465753424658, 'recall': 0.65, 'f1-score': 0.5864661654135339, 'support': 120.0}, 'DDoS': {'precision': 0.5989304812834224, 'recall': 0.56, 'f1-score': 0.5788113695090439, 'support': 200.0}, 'DoS': {'precision': 0.6912442396313364, 'recall': 0.75, 'f1-score': 0.7194244604316548, 'support': 200.0}, 'MITM': {'precision': 0.5031847133757962, 'recall': 0.395, 'f1-score': 0.4425770308123249, 'support': 200.0}, 'Malware': {'precision': 0.7112068965517241, 'recall': 0.825, 'f1-score': 0.763888888888889, 'support': 400.0}, 'Scan': {'precision': 0.6265060240963856, 'recall': 0.52, 'f1-score': 0.5683060109289617, 'support': 200.0}, 'WebAttack': {'precision': 0.8720626631853786, 'recall': 0.835, 'f1-score': 0.8531289910600255, 'support': 400.0}, 'accuracy': 0.6901162790697675, 'macro avg': {'precision': 0.6481973704952155, 'recall': 0.6478571428571429, 'f1-score': 0.6446575595777764, 'support': 1720.0}, 'weighted avg': {'precision': 0.6868549445426309, 'recall': 0.6901162790697675, 'f1-score': 0.6854691082358064, 'support': 1720.0}}","[[ 78   4   0  16  11   1  10]
 [  9 112  12  14  39   9   5]
 [  0   5 150   3  11  30   1]
 [ 26  26   5  79  26   7  31]
 [  6  22  11  17 330  14   0]
 [  3  12  38   3  38 104   2]
 [ 24   6   1  25   9   1 334]]",0.0011737346649169922,0.022552013397216797
ToN_IoT,['*'],linear,QuantileTransformer,LDA_FTSP,0.35566278809131907,-1,-1,84.46843853820599,29.53571428571428,9.060077519379844,20.44473893453485,22.21347716197418,-1,"{'BruteForce': {'precision': 0.0, 'recall': 0.0, 'f1-score': 0.0, 'support': 120.0}, 'DDoS': {'precision': 0.0, 'recall': 0.0, 'f1-score': 0.0, 'support': 200.0}, 'DoS': {'precision': 0.0, 'recall': 0.0, 'f1-score': 0.0, 'support': 200.0}, 'MITM': {'precision': 0.42, 'recall': 0.21, 'f1-score': 0.27999999999999997, 'support': 200.0}, 'Malware': {'precision': 0.3673469387755102, 'recall': 0.99, 'f1-score': 0.5358592692828147, 'support': 400.0}, 'Scan': {'precision': 0.0, 'recall': 0.0, 'f1-score': 0.0, 'support': 200.0}, 'WebAttack': {'precision': 0.6437847866419295, 'recall': 0.8675, 'f1-score': 0.7390841320553779, 'support': 400.0}, 'accuracy': 0.4563953488372093, 'macro avg': {'precision': 0.2044473893453485, 'recall': 0.2953571428571428, 'f1-score': 0.2221347716197418, 'support': 1720.0}, 'weighted avg': {'precision': 0.2839841221901023, 'recall': 0.4563953488372093, 'f1-score': 0.3290566049623704, 'support': 1720.0}}","[[  0   0   0   0  25   0  95]
 [  0   0   0  12 171   0  17]
 [  0   0   0   0 199   0   1]
 [  0   0   3  42  78   0  77]
 [  0   0   0   4 396   0   0]
 [  0   0   0   0 198   0   2]
 [  0   0   0  42  11   0 347]]",0.0007777214050292969,0.00012874603271484375
ToN_IoT,['*'],linear,QuantileTransformer,MLP_FTSP,0.5953927584351542,-1,-1,90.24916943521595,59.91666666666667,5.687984496124031,66.53115819900248,59.025506924346836,-1,"{'BruteForce': {'precision': 0.5202702702702703, 'recall': 0.6416666666666667, 'f1-score': 0.5746268656716418, 'support': 120.0}, 'DDoS': {'precision': 0.847457627118644, 'recall': 0.25, 'f1-score': 0.3861003861003861, 'support': 200.0}, 'DoS': {'precision': 0.678030303030303, 'recall': 0.895, 'f1-score': 0.771551724137931, 'support': 200.0}, 'MITM': {'precision': 0.47058823529411764, 'recall': 0.28, 'f1-score': 0.3510971786833856, 'support': 200.0}, 'Malware': {'precision': 0.5824175824175825, 'recall': 0.9275, 'f1-score': 0.7155255544840888, 'support': 400.0}, 'Scan': {'precision': 0.7207207207207207, 'recall': 0.4, 'f1-score': 0.5144694533762058, 'support': 200.0}, 'WebAttack': {'precision': 0.837696335078534, 'recall': 0.8, 'f1-score': 0.8184143222506394, 'support': 400.0}, 'accuracy': 0.6587209302325582, 'macro avg': {'precision': 0.6653115819900247, 'recall': 0.5991666666666667, 'f1-score': 0.5902550692434684, 'support': 1720.0}, 'weighted avg': {'precision': 0.6824635910835093, 'recall': 0.6587209302325582, 'f1-score': 0.6320784436244594, 'support': 1720.0}}","[[ 77   1   0   0  24   0  18]
 [ 12  50  14  14 102   3   5]
 [  0   0 179   1   5  14   1]
 [ 35   4   7  56  54   8  36]
 [  0   3  16   4 371   6   0]
 [  0   0  47   0  71  80   2]
 [ 24   1   1  44  10   0 320]]",1.663752794265747,0.0006766319274902344
ToN_IoT,['*'],linear,QuantileTransformer,LGBM_FTSP,0.6585260317260982,-1,-1,91.87707641196013,67.07142857142857,4.738372093023256,67.63412439700052,66.78001753593149,-1,"{'BruteForce': {'precision': 0.6290322580645161, 'recall': 0.65, 'f1-score': 0.639344262295082, 'support': 120.0}, 'DDoS': {'precision': 0.6666666666666666, 'recall': 0.54, 'f1-score': 0.5966850828729282, 'support': 200.0}, 'DoS': {'precision': 0.7016129032258065, 'recall': 0.87, 'f1-score': 0.7767857142857143, 'support': 200.0}, 'MITM': {'precision': 0.5037593984962406, 'recall': 0.335, 'f1-score': 0.4024024024024024, 'support': 200.0}, 'Malware': {'precision': 0.7245762711864406, 'recall': 0.855, 'f1-score': 0.7844036697247705, 'support': 400.0}, 'Scan': {'precision': 0.6480446927374302, 'recall': 0.58, 'f1-score': 0.6121372031662268, 'support': 200.0}, 'WebAttack': {'precision': 0.8606965174129353, 'recall': 0.865, 'f1-score': 0.8628428927680798, 'support': 400.0}, 'accuracy': 0.7156976744186047, 'macro avg': {'precision': 0.6763412439700052, 'recall': 0.6707142857142857, 'f1-score': 0.6678001753593149, 'support': 1720.0}, 'weighted avg': {'precision': 0.7055870457166983, 'recall': 0.7156976744186047, 'f1-score': 0.7053616378011653, 'support': 1720.0}}","[[ 78   3   0  11  16   3   9]
 [  7 108  13  14  45   9   4]
 [  0   0 174   2   4  19   1]
 [ 22  32   6  67  23  11  39]
 [  0   8  15  14 342  20   1]
 [  0   9  40   0  33 116   2]
 [ 17   2   0  25   9   1 346]]",0.9302113056182861,0.009435415267944336
ToN_IoT,['*'],linear,QuantileTransformer,NuSVC_FTSP,0.44741178465342657,-1,-1,86.51162790697674,48.72619047619047,7.868217054263566,47.7214359644644,43.240913372662845,-1,"{'BruteForce': {'precision': 0.47096774193548385, 'recall': 0.6083333333333333, 'f1-score': 0.5309090909090909, 'support': 120.0}, 'DDoS': {'precision': 0.2119047619047619, 'recall': 0.445, 'f1-score': 0.2870967741935484, 'support': 200.0}, 'DoS': {'precision': 0.558282208588957, 'recall': 0.91, 'f1-score': 0.6920152091254752, 'support': 200.0}, 'MITM': {'precision': 0.5555555555555556, 'recall': 0.05, 'f1-score': 0.09174311926605504, 'support': 200.0}, 'Malware': {'precision': 0.5873493975903614, 'recall': 0.4875, 'f1-score': 0.5327868852459016, 'support': 400.0}, 'Scan': {'precision': 0.1388888888888889, 'recall': 0.025, 'f1-score': 0.04237288135593221, 'support': 200.0}, 'WebAttack': {'precision': 0.8175519630484989, 'recall': 0.885, 'f1-score': 0.8499399759903963, 'support': 400.0}, 'accuracy': 0.5279069767441861, 'macro avg': {'precision': 0.477214359644644, 'recall': 0.4872619047619047, 'f1-score': 0.4324091337266284, 'support': 1720.0}, 'weighted avg': {'precision': 0.5298854396950203, 'recall': 0.5279069767441861, 'f1-score': 0.4880496698789606, 'support': 1720.0}}","[[ 73  23   0   3   7   0  14]
 [ 22  89  15   0  62   1  11]
 [  0  11 182   1   5   0   1]
 [ 35  54  10  10  41   1  49]
 [  8 148  19   0 195  28   2]
 [  0  78 100   0  15   5   2]
 [ 17  17   0   4   7   1 354]]",0.6554388999938965,0.1765906810760498
ToN_IoT,['*'],linear,QuantileTransformer,SGD_FTSP,0.33975800154248165,-1,-1,83.9202657807309,26.857142857142858,9.37984496124031,14.06149449734411,17.893502814532702,-1,"{'BruteForce': {'precision': 0.0, 'recall': 0.0, 'f1-score': 0.0, 'support': 120.0}, 'DDoS': {'precision': 0.0, 'recall': 0.0, 'f1-score': 0.0, 'support': 200.0}, 'DoS': {'precision': 0.0, 'recall': 0.0, 'f1-score': 0.0, 'support': 200.0}, 'MITM': {'precision': 0.0, 'recall': 0.0, 'f1-score': 0.0, 'support': 200.0}, 'Malware': {'precision': 0.3413173652694611, 'recall': 0.9975, 'f1-score': 0.5086042065009561, 'support': 400.0}, 'Scan': {'precision': 0.0, 'recall': 0.0, 'f1-score': 0.0, 'support': 200.0}, 'WebAttack': {'precision': 0.6429872495446266, 'recall': 0.8825, 'f1-score': 0.743940990516333, 'support': 400.0}, 'accuracy': 0.4372093023255814, 'macro avg': {'precision': 0.1406149449734411, 'recall': 0.26857142857142857, 'f1-score': 0.17893502814532702, 'support': 1720.0}, 'weighted avg': {'precision': 0.2289080499567646, 'recall': 0.4372093023255814, 'f1-score': 0.29128958070169514, 'support': 1720.0}}","[[  0   0   0   0  25   0  95]
 [  0   0   0   0 183   0  17]
 [  0   0   0   0 199   0   1]
 [  0   0   2   0 118   0  80]
 [  0   0   0   0 399   0   1]
 [  0   0   0   0 198   0   2]
 [  0   0   0   0  47   0 353]]",0.0171811580657959,0.00016617774963378906
ToN_IoT,['*'],sigmoid,QuantileTransformer,KNN_FTSP,0.5688183328169959,-1,-1,89.75083056478405,62.73809523809525,5.978682170542635,63.033858044576206,62.67161080992302,-1,"{'BruteForce': {'precision': 0.47058823529411764, 'recall': 0.4666666666666667, 'f1-score': 0.4686192468619247, 'support': 120.0}, 'DDoS': {'precision': 0.5359116022099447, 'recall': 0.485, 'f1-score': 0.5091863517060368, 'support': 200.0}, 'DoS': {'precision': 0.7791666666666667, 'recall': 0.935, 'f1-score': 0.85, 'support': 200.0}, 'MITM': {'precision': 0.532608695652174, 'recall': 0.49, 'f1-score': 0.5104166666666666, 'support': 200.0}, 'Malware': {'precision': 0.6971830985915493, 'recall': 0.7425, 'f1-score': 0.7191283292978209, 'support': 400.0}, 'Scan': {'precision': 0.8294117647058824, 'recall': 0.705, 'f1-score': 0.7621621621621621, 'support': 200.0}, 'WebAttack': {'precision': 0.5675, 'recall': 0.5675, 'f1-score': 0.5675, 'support': 400.0}, 'accuracy': 0.6412790697674419, 'macro avg': {'precision': 0.6303385804457621, 'recall': 0.6273809523809525, 'f1-score': 0.6267161080992302, 'support': 1720.0}, 'weighted avg': {'precision': 0.6382346357667718, 'recall': 0.6412790697674419, 'f1-score': 0.637929463633449, 'support': 1720.0}}","[[ 56   6   2   2   4   1  49]
 [  9  97   5   3  72   3  11]
 [  1   0 187   2   0   7   3]
 [  4   3   4  98  10   1  80]
 [  2  50   4   9 297  11  27]
 [  1   6  27   1  21 141   3]
 [ 46  19  11  69  22   6 227]]",0.0011608600616455078,0.022861719131469727
ToN_IoT,['*'],sigmoid,QuantileTransformer,LDA_FTSP,0.30637054652747464,-1,-1,83.85382059800665,30.142857142857142,9.41860465116279,19.136491727138498,22.919979803758626,-1,"{'BruteForce': {'precision': 0.0, 'recall': 0.0, 'f1-score': 0.0, 'support': 120.0}, 'DDoS': {'precision': 0.0, 'recall': 0.0, 'f1-score': 0.0, 'support': 200.0}, 'DoS': {'precision': 0.0, 'recall': 0.0, 'f1-score': 0.0, 'support': 200.0}, 'MITM': {'precision': 0.4824120603015075, 'recall': 0.48, 'f1-score': 0.48120300751879697, 'support': 200.0}, 'Malware': {'precision': 0.45605095541401275, 'recall': 0.895, 'f1-score': 0.6042194092827005, 'support': 400.0}, 'Scan': {'precision': 0.0, 'recall': 0.0, 'f1-score': 0.0, 'support': 200.0}, 'WebAttack': {'precision': 0.40109140518417463, 'recall': 0.735, 'f1-score': 0.5189761694616064, 'support': 400.0}, 'accuracy': 0.43488372093023253, 'macro avg': {'precision': 0.19136491727138497, 'recall': 0.30142857142857143, 'f1-score': 0.22919979803758625, 'support': 1720.0}, 'weighted avg': {'precision': 0.25542985831370724, 'recall': 0.43488372093023253, 'f1-score': 0.317162112210164, 'support': 1720.0}}","[[  0   0   0   0  23   0  97]
 [  0   0   0  24 150   0  26]
 [  0   0   0   5  34   0 161]
 [  0   0   0  96  13   2  89]
 [  0   0   0   0 358   0  42]
 [  0   0   0   0 176   0  24]
 [  0   0   0  74  31   1 294]]",0.0007679462432861328,0.00012731552124023438
ToN_IoT,['*'],sigmoid,QuantileTransformer,MLP_FTSP,0.16419413259544363,-1,-1,80.4485049833887,19.392857142857142,11.405038759689923,10.72797839811558,12.232448218458526,-1,"{'BruteForce': {'precision': 0.0, 'recall': 0.0, 'f1-score': 0.0, 'support': 120.0}, 'DDoS': {'precision': 0.0, 'recall': 0.0, 'f1-score': 0.0, 'support': 200.0}, 'DoS': {'precision': 0.0, 'recall': 0.0, 'f1-score': 0.0, 'support': 200.0}, 'MITM': {'precision': 0.0, 'recall': 0.0, 'f1-score': 0.0, 'support': 200.0}, 'Malware': {'precision': 0.468944099378882, 'recall': 0.3775, 'f1-score': 0.4182825484764543, 'support': 400.0}, 'Scan': {'precision': 0.0, 'recall': 0.0, 'f1-score': 0.0, 'support': 200.0}, 'WebAttack': {'precision': 0.2820143884892086, 'recall': 0.98, 'f1-score': 0.43798882681564244, 'support': 400.0}, 'accuracy': 0.31569767441860463, 'macro avg': {'precision': 0.1072797839811558, 'recall': 0.19392857142857142, 'f1-score': 0.12232448218458525, 'support': 1720.0}, 'weighted avg': {'precision': 0.1746415088065327, 'recall': 0.31569767441860463, 'f1-score': 0.19913287797490622, 'support': 1720.0}}","[[  0   0   0   0   4   0 116]
 [  0   0   0   0   4   0 196]
 [  0   0   0   0   5   0 195]
 [  0   5   0   0  10   2 183]
 [  0   0   0   0 151   0 249]
 [  0   0   0   0 141   0  59]
 [  0   0   0   0   7   1 392]]",0.44480180740356445,0.0006971359252929688
ToN_IoT,['*'],sigmoid,QuantileTransformer,LGBM_FTSP,0.5794220245201736,-1,-1,90.04983388704318,61.74999999999999,5.804263565891473,65.49772015877278,62.44085300844803,-1,"{'BruteForce': {'precision': 0.5487804878048781, 'recall': 0.375, 'f1-score': 0.44554455445544555, 'support': 120.0}, 'DDoS': {'precision': 0.6074766355140186, 'recall': 0.325, 'f1-score': 0.4234527687296417, 'support': 200.0}, 'DoS': {'precision': 0.7860082304526749, 'recall': 0.955, 'f1-score': 0.8623024830699774, 'support': 200.0}, 'MITM': {'precision': 0.5815217391304348, 'recall': 0.535, 'f1-score': 0.5572916666666667, 'support': 200.0}, 'Malware': {'precision': 0.6617021276595745, 'recall': 0.7775, 'f1-score': 0.7149425287356322, 'support': 400.0}, 'Scan': {'precision': 0.8383233532934131, 'recall': 0.7, 'f1-score': 0.7629427792915532, 'support': 200.0}, 'WebAttack': {'precision': 0.5610278372591007, 'recall': 0.655, 'f1-score': 0.6043829296424452, 'support': 400.0}, 'accuracy': 0.6517441860465116, 'macro avg': {'precision': 0.6549772015877278, 'recall': 0.6174999999999999, 'f1-score': 0.6244085300844803, 'support': 1720.0}, 'weighted avg': {'precision': 0.6497742070826533, 'recall': 0.6517441860465116, 'f1-score': 0.640926435719449, 'support': 1720.0}}","[[ 45   5   2   0   4   2  62]
 [  2  65   6   6 102   3  16]
 [  0   0 191   3   2   4   0]
 [  2   3   4 107   5   1  78]
 [  1  25   3   2 311  14  44]
 [  0   3  25   2  25 140   5]
 [ 32   6  12  64  21   3 262]]",0.8641009330749512,0.009114265441894531
ToN_IoT,['*'],sigmoid,QuantileTransformer,NuSVC_FTSP,0.4774575817599989,-1,-1,86.9767441860465,60.25,7.596899224806202,55.70805841398615,54.88137149802935,-1,"{'BruteForce': {'precision': 0.34657039711191334, 'recall': 0.8, 'f1-score': 0.4836272040302267, 'support': 120.0}, 'DDoS': {'precision': 0.4103448275862069, 'recall': 0.595, 'f1-score': 0.48571428571428565, 'support': 200.0}, 'DoS': {'precision': 0.5932721712538226, 'recall': 0.97, 'f1-score': 0.7362428842504743, 'support': 200.0}, 'MITM': {'precision': 0.4840764331210191, 'recall': 0.38, 'f1-score': 0.4257703081232493, 'support': 200.0}, 'Malware': {'precision': 0.6961538461538461, 'recall': 0.4525, 'f1-score': 0.5484848484848485, 'support': 400.0}, 'Scan': {'precision': 0.8214285714285714, 'recall': 0.69, 'f1-score': 0.75, 'support': 200.0}, 'WebAttack': {'precision': 0.5477178423236515, 'recall': 0.33, 'f1-score': 0.4118564742589703, 'support': 400.0}, 'accuracy': 0.5441860465116279, 'macro avg': {'precision': 0.5570805841398615, 'recall': 0.6025, 'f1-score': 0.5488137149802935, 'support': 1720.0}, 'weighted avg': {'precision': 0.5819543742571818, 'recall': 0.5441860465116279, 'f1-score': 0.5358821448829979, 'support': 1720.0}}","[[ 96   2   6   0   6   0  10]
 [ 16 119  14   1  46   1   3]
 [  0   0 194   0   2   3   1]
 [ 20  21  12  76   3   0  68]
 [  3 122  28  14 181  25  27]
 [  2   8  37   1  14 138   0]
 [140  18  36  65   8   1 132]]",0.6943719387054443,0.1680004596710205
ToN_IoT,['*'],sigmoid,QuantileTransformer,SGD_FTSP,0.0037746863306977194,-1,-1,74.66777408637874,13.928571428571429,14.777131782945737,1.8472906403940887,3.2619605219136836,-1,"{'BruteForce': {'precision': 0.0, 'recall': 0.0, 'f1-score': 0.0, 'support': 120.0}, 'DDoS': {'precision': 0.0, 'recall': 0.0, 'f1-score': 0.0, 'support': 200.0}, 'DoS': {'precision': 0.12931034482758622, 'recall': 0.975, 'f1-score': 0.22833723653395785, 'support': 200.0}, 'MITM': {'precision': 0.0, 'recall': 0.0, 'f1-score': 0.0, 'support': 200.0}, 'Malware': {'precision': 0.0, 'recall': 0.0, 'f1-score': 0.0, 'support': 400.0}, 'Scan': {'precision': 0.0, 'recall': 0.0, 'f1-score': 0.0, 'support': 200.0}, 'WebAttack': {'precision': 0.0, 'recall': 0.0, 'f1-score': 0.0, 'support': 400.0}, 'accuracy': 0.11337209302325581, 'macro avg': {'precision': 0.01847290640394089, 'recall': 0.1392857142857143, 'f1-score': 0.03261960521913684, 'support': 1720.0}, 'weighted avg': {'precision': 0.015036086607858861, 'recall': 0.11337209302325581, 'f1-score': 0.026550841457436962, 'support': 1720.0}}","[[  0   0 120   0   0   0   0]
 [ 24   0 176   0   0   0   0]
 [  5   0 195   0   0   0   0]
 [ 94   0  92   0   0   2  12]
 [  0   0 400   0   0   0   0]
 [  0   0 200   0   0   0   0]
 [ 74   0 325   0   0   1   0]]",0.06503868103027344,0.0001430511474609375
ToN_IoT,['*'],None,QuantileTransformer,KNN_FTSP,0.6292707546245829,-1,-1,91.17940199335548,64.84523809523809,5.145348837209302,65.03147627171391,64.58779499595799,-1,"{'BruteForce': {'precision': 0.5347222222222222, 'recall': 0.6416666666666667, 'f1-score': 0.5833333333333333, 'support': 120.0}, 'DDoS': {'precision': 0.5989304812834224, 'recall': 0.56, 'f1-score': 0.5788113695090439, 'support': 200.0}, 'DoS': {'precision': 0.6972477064220184, 'recall': 0.76, 'f1-score': 0.7272727272727273, 'support': 200.0}, 'MITM': {'precision': 0.5, 'recall': 0.395, 'f1-score': 0.44134078212290506, 'support': 200.0}, 'Malware': {'precision': 0.7072649572649573, 'recall': 0.8275, 'f1-score': 0.7626728110599078, 'support': 400.0}, 'Scan': {'precision': 0.6419753086419753, 'recall': 0.52, 'f1-score': 0.574585635359116, 'support': 200.0}, 'WebAttack': {'precision': 0.8720626631853786, 'recall': 0.835, 'f1-score': 0.8531289910600255, 'support': 400.0}, 'accuracy': 0.6912790697674419, 'macro avg': {'precision': 0.6503147627171392, 'recall': 0.6484523809523809, 'f1-score': 0.6458779499595799, 'support': 1720.0}, 'weighted avg': {'precision': 0.6880979151838862, 'recall': 0.6912790697674419, 'f1-score': 0.6864667579655417, 'support': 1720.0}}","[[ 77   4   0  16  12   1  10]
 [  9 112  11  14  40   9   5]
 [  0   5 152   3  12  27   1]
 [ 26  26   5  79  26   7  31]
 [  6  22  11  17 331  13   0]
 [  3  12  38   3  38 104   2]
 [ 23   6   1  26   9   1 334]]",0.0010769367218017578,0.022535324096679688
ToN_IoT,['*'],None,QuantileTransformer,LDA_FTSP,0.35566278809131907,-1,-1,84.46843853820599,29.53571428571428,9.060077519379844,20.44473893453485,22.21347716197418,-1,"{'BruteForce': {'precision': 0.0, 'recall': 0.0, 'f1-score': 0.0, 'support': 120.0}, 'DDoS': {'precision': 0.0, 'recall': 0.0, 'f1-score': 0.0, 'support': 200.0}, 'DoS': {'precision': 0.0, 'recall': 0.0, 'f1-score': 0.0, 'support': 200.0}, 'MITM': {'precision': 0.42, 'recall': 0.21, 'f1-score': 0.27999999999999997, 'support': 200.0}, 'Malware': {'precision': 0.3673469387755102, 'recall': 0.99, 'f1-score': 0.5358592692828147, 'support': 400.0}, 'Scan': {'precision': 0.0, 'recall': 0.0, 'f1-score': 0.0, 'support': 200.0}, 'WebAttack': {'precision': 0.6437847866419295, 'recall': 0.8675, 'f1-score': 0.7390841320553779, 'support': 400.0}, 'accuracy': 0.4563953488372093, 'macro avg': {'precision': 0.2044473893453485, 'recall': 0.2953571428571428, 'f1-score': 0.2221347716197418, 'support': 1720.0}, 'weighted avg': {'precision': 0.2839841221901023, 'recall': 0.4563953488372093, 'f1-score': 0.3290566049623704, 'support': 1720.0}}","[[  0   0   0   0  25   0  95]
 [  0   0   0  12 171   0  17]
 [  0   0   0   0 199   0   1]
 [  0   0   3  42  78   0  77]
 [  0   0   0   4 396   0   0]
 [  0   0   0   0 198   0   2]
 [  0   0   0  42  11   0 347]]",0.0007529258728027344,0.00012755393981933594
ToN_IoT,['*'],None,QuantileTransformer,MLP_FTSP,0.5953927584351542,-1,-1,90.24916943521595,59.91666666666667,5.687984496124031,66.53115819900248,59.025506924346836,-1,"{'BruteForce': {'precision': 0.5202702702702703, 'recall': 0.6416666666666667, 'f1-score': 0.5746268656716418, 'support': 120.0}, 'DDoS': {'precision': 0.847457627118644, 'recall': 0.25, 'f1-score': 0.3861003861003861, 'support': 200.0}, 'DoS': {'precision': 0.678030303030303, 'recall': 0.895, 'f1-score': 0.771551724137931, 'support': 200.0}, 'MITM': {'precision': 0.47058823529411764, 'recall': 0.28, 'f1-score': 0.3510971786833856, 'support': 200.0}, 'Malware': {'precision': 0.5824175824175825, 'recall': 0.9275, 'f1-score': 0.7155255544840888, 'support': 400.0}, 'Scan': {'precision': 0.7207207207207207, 'recall': 0.4, 'f1-score': 0.5144694533762058, 'support': 200.0}, 'WebAttack': {'precision': 0.837696335078534, 'recall': 0.8, 'f1-score': 0.8184143222506394, 'support': 400.0}, 'accuracy': 0.6587209302325582, 'macro avg': {'precision': 0.6653115819900247, 'recall': 0.5991666666666667, 'f1-score': 0.5902550692434684, 'support': 1720.0}, 'weighted avg': {'precision': 0.6824635910835093, 'recall': 0.6587209302325582, 'f1-score': 0.6320784436244594, 'support': 1720.0}}","[[ 77   1   0   0  24   0  18]
 [ 12  50  14  14 102   3   5]
 [  0   0 179   1   5  14   1]
 [ 35   4   7  56  54   8  36]
 [  0   3  16   4 371   6   0]
 [  0   0  47   0  71  80   2]
 [ 24   1   1  44  10   0 320]]",1.7038578987121582,0.0007157325744628906
ToN_IoT,['*'],None,QuantileTransformer,LGBM_FTSP,0.6571274206056743,-1,-1,91.84385382059801,67.07142857142857,4.757751937984496,67.57797698037396,66.79454368076101,-1,"{'BruteForce': {'precision': 0.6290322580645161, 'recall': 0.65, 'f1-score': 0.639344262295082, 'support': 120.0}, 'DDoS': {'precision': 0.6549707602339181, 'recall': 0.56, 'f1-score': 0.6037735849056604, 'support': 200.0}, 'DoS': {'precision': 0.7016129032258065, 'recall': 0.87, 'f1-score': 0.7767857142857143, 'support': 200.0}, 'MITM': {'precision': 0.5, 'recall': 0.34, 'f1-score': 0.40476190476190477, 'support': 200.0}, 'Malware': {'precision': 0.721868365180467, 'recall': 0.85, 'f1-score': 0.7807118254879449, 'support': 400.0}, 'Scan': {'precision': 0.6608187134502924, 'recall': 0.565, 'f1-score': 0.6091644204851752, 'support': 200.0}, 'WebAttack': {'precision': 0.8621553884711779, 'recall': 0.86, 'f1-score': 0.8610763454317898, 'support': 400.0}, 'accuracy': 0.7145348837209302, 'macro avg': {'precision': 0.6757797698037397, 'recall': 0.6707142857142857, 'f1-score': 0.6679454368076101, 'support': 1720.0}, 'weighted avg': {'precision': 0.7049847952386066, 'recall': 0.7145348837209302, 'f1-score': 0.7048451771691829, 'support': 1720.0}}","[[ 78   3   0  11  16   3   9]
 [  7 112  13  14  42   8   4]
 [  0   0 174   2   4  19   1]
 [ 22  32   6  68  24  10  38]
 [  0  13  15  14 340  17   1]
 [  0   9  40   0  36 113   2]
 [ 17   2   0  27   9   1 344]]",0.9189791679382324,0.009293794631958008
ToN_IoT,['*'],None,QuantileTransformer,NuSVC_FTSP,0.38207360878566127,-1,-1,85.01661129568106,39.92857142857143,8.74031007751938,48.52852261289193,36.30702818798988,-1,"{'BruteForce': {'precision': 0.0, 'recall': 0.0, 'f1-score': 0.0, 'support': 120.0}, 'DDoS': {'precision': 0.1246376811594203, 'recall': 0.215, 'f1-score': 0.1577981651376147, 'support': 200.0}, 'DoS': {'precision': 0.5548780487804879, 'recall': 0.91, 'f1-score': 0.6893939393939394, 'support': 200.0}, 'MITM': {'precision': 0.2408026755852843, 'recall': 0.36, 'f1-score': 0.28857715430861725, 'support': 200.0}, 'Malware': {'precision': 0.6516129032258065, 'recall': 0.505, 'f1-score': 0.5690140845070422, 'support': 400.0}, 'Scan': {'precision': 1.0, 'recall': 0.015, 'f1-score': 0.02955665024630542, 'support': 200.0}, 'WebAttack': {'precision': 0.825065274151436, 'recall': 0.79, 'f1-score': 0.8071519795657727, 'support': 400.0}, 'accuracy': 0.4755813953488372, 'macro avg': {'precision': 0.48528522612891933, 'recall': 0.3992857142857143, 'f1-score': 0.3630702818798988, 'support': 1720.0}, 'weighted avg': {'precision': 0.5667063674743811, 'recall': 0.4755813953488372, 'f1-score': 0.45554163223629146, 'support': 1720.0}}","[[  0  20   0  85   2   0  13]
 [  1  43  15  66  69   0   6]
 [  0  12 182   2   3   0   1]
 [  9  50  10  72  14   0  45]
 [  0 127  19  51 202   0   1]
 [  1  78 102   0  15   3   1]
 [ 41  15   0  23   5   0 316]]",0.6548426151275635,0.17184090614318848
ToN_IoT,['*'],None,QuantileTransformer,SGD_FTSP,0.3371593523466118,-1,-1,83.87043189368771,26.75,9.40891472868217,14.025143657936143,17.82734903099654,-1,"{'BruteForce': {'precision': 0.0, 'recall': 0.0, 'f1-score': 0.0, 'support': 120.0}, 'DDoS': {'precision': 0.0, 'recall': 0.0, 'f1-score': 0.0, 'support': 200.0}, 'DoS': {'precision': 0.0, 'recall': 0.0, 'f1-score': 0.0, 'support': 200.0}, 'MITM': {'precision': 0.0, 'recall': 0.0, 'f1-score': 0.0, 'support': 200.0}, 'Malware': {'precision': 0.340734415029889, 'recall': 0.9975, 'f1-score': 0.5079567154678549, 'support': 400.0}, 'Scan': {'precision': 0.0, 'recall': 0.0, 'f1-score': 0.0, 'support': 200.0}, 'WebAttack': {'precision': 0.6410256410256411, 'recall': 0.875, 'f1-score': 0.7399577167019028, 'support': 400.0}, 'accuracy': 0.43546511627906975, 'macro avg': {'precision': 0.14025143657936143, 'recall': 0.2675, 'f1-score': 0.1782734903099654, 'support': 1720.0}, 'weighted avg': {'precision': 0.2283162921059372, 'recall': 0.43546511627906975, 'f1-score': 0.2902126586441297, 'support': 1720.0}}","[[  0   0   0   0  25   0  95]
 [  0   0   0   0 183   0  17]
 [  0   0   0   0 199   0   1]
 [  0   0   3   0 117   0  80]
 [  0   0   0   0 399   0   1]
 [  0   0   0   0 198   0   2]
 [  0   0   0   0  50   0 350]]",0.017249107360839844,0.0001575946807861328
ToN_IoT,*,None,StandardScaler,KNN,0.8644687752743404,-1,-1,96.77740863787375,85.95238095238093,1.8798449612403103,86.31634685122194,86.10463208406605,-1,"{'BruteForce': {'precision': 0.5462962962962963, 'recall': 0.49166666666666664, 'f1-score': 0.5175438596491228, 'support': 120.0}, 'DDoS': {'precision': 0.9158415841584159, 'recall': 0.925, 'f1-score': 0.9203980099502487, 'support': 200.0}, 'DoS': {'precision': 0.9795918367346939, 'recall': 0.96, 'f1-score': 0.9696969696969697, 'support': 200.0}, 'MITM': {'precision': 0.9081632653061225, 'recall': 0.89, 'f1-score': 0.8989898989898989, 'support': 200.0}, 'Malware': {'precision': 0.9702233250620348, 'recall': 0.9775, 'f1-score': 0.9738480697384807, 'support': 400.0}, 'Scan': {'precision': 0.9038461538461539, 'recall': 0.94, 'f1-score': 0.9215686274509804, 'support': 200.0}, 'WebAttack': {'precision': 0.8181818181818182, 'recall': 0.8325, 'f1-score': 0.8252788104089218, 'support': 400.0}, 'accuracy': 0.8872093023255814, 'macro avg': {'precision': 0.8631634685122194, 'recall': 0.8595238095238094, 'f1-score': 0.8610463208406606, 'support': 1720.0}, 'weighted avg': {'precision': 0.8851198725942871, 'recall': 0.8872093023255814, 'f1-score': 0.8859806490898111, 'support': 1720.0}}","[[ 59   0   0   0   3   4  54]
 [  2 185   0   2   1   4   6]
 [  0   0 192   2   0   5   1]
 [  0   9   2 178   0   0  11]
 [  0   1   0   2 391   6   0]
 [  2   0   2   0   6 188   2]
 [ 45   7   0  12   2   1 333]]",0.000400543212890625,0.009503841400146484
ToN_IoT,*,None,StandardScaler,LDA,0.7425753976952352,-1,-1,93.83720930232559,69.85714285714286,3.5949612403100772,69.34054572811628,68.7952437087288,-1,"{'BruteForce': {'precision': 0.0, 'recall': 0.0, 'f1-score': 0.0, 'support': 120.0}, 'DDoS': {'precision': 0.7117117117117117, 'recall': 0.79, 'f1-score': 0.7488151658767773, 'support': 200.0}, 'DoS': {'precision': 0.9405940594059405, 'recall': 0.95, 'f1-score': 0.9452736318407959, 'support': 200.0}, 'MITM': {'precision': 0.9312977099236641, 'recall': 0.61, 'f1-score': 0.7371601208459215, 'support': 200.0}, 'Malware': {'precision': 0.8340807174887892, 'recall': 0.93, 'f1-score': 0.8794326241134753, 'support': 400.0}, 'Scan': {'precision': 0.7445652173913043, 'recall': 0.685, 'f1-score': 0.7135416666666667, 'support': 200.0}, 'WebAttack': {'precision': 0.6915887850467289, 'recall': 0.925, 'f1-score': 0.7914438502673796, 'support': 400.0}, 'accuracy': 0.7843023255813953, 'macro avg': {'precision': 0.6934054572811628, 'recall': 0.6985714285714286, 'f1-score': 0.687952437087288, 'support': 1720.0}, 'weighted avg': {'precision': 0.7418032213376345, 'recall': 0.7843023255813953, 'f1-score': 0.7542492481385897, 'support': 1720.0}}","[[  0  14   0   0   8   3  95]
 [  0 158   2   3   3  21  13]
 [  0   5 190   4   0   0   1]
 [  0  13   2 122   7   1  55]
 [  0   6   1   1 372  20   0]
 [  0   1   7   0  54 137   1]
 [  0  25   0   1   2   2 370]]",0.0040302276611328125,0.00017786026000976562
ToN_IoT,*,None,StandardScaler,MLP,0.8389374724568472,-1,-1,96.12956810631229,80.05952380952381,2.257751937984496,87.66108839505826,79.90997842091441,-1,"{'BruteForce': {'precision': 0.8235294117647058, 'recall': 0.11666666666666667, 'f1-score': 0.2043795620437956, 'support': 120.0}, 'DDoS': {'precision': 0.9438775510204082, 'recall': 0.925, 'f1-score': 0.9343434343434343, 'support': 200.0}, 'DoS': {'precision': 0.9895833333333334, 'recall': 0.95, 'f1-score': 0.9693877551020408, 'support': 200.0}, 'MITM': {'precision': 0.8823529411764706, 'recall': 0.9, 'f1-score': 0.8910891089108911, 'support': 200.0}, 'Malware': {'precision': 0.9033816425120773, 'recall': 0.935, 'f1-score': 0.9189189189189189, 'support': 400.0}, 'Scan': {'precision': 0.835, 'recall': 0.835, 'f1-score': 0.835, 'support': 200.0}, 'WebAttack': {'precision': 0.7585513078470825, 'recall': 0.9425, 'f1-score': 0.8405797101449275, 'support': 400.0}, 'accuracy': 0.8645348837209302, 'macro avg': {'precision': 0.8766108839505825, 'recall': 0.8005952380952381, 'f1-score': 0.7990997842091441, 'support': 1720.0}, 'weighted avg': {'precision': 0.8684648108496925, 'recall': 0.8645348837209302, 'f1-score': 0.8455168946174809, 'support': 1720.0}}","[[ 14   0   0   0   6   4  96]
 [  0 185   0   3   3   1   8]
 [  0   0 190   9   0   0   1]
 [  0   2   0 180   2   3  13]
 [  0   2   0   2 374  22   0]
 [  0   0   2   0  29 167   2]
 [  3   7   0  10   0   3 377]]",2.0065133571624756,0.0007207393646240234
ToN_IoT,*,None,StandardScaler,LGBM,0.9777300166164605,-1,-1,99.46843853820599,98.21428571428571,0.31007751937984496,98.07600218309435,98.12360474586112,-1,"{'BruteForce': {'precision': 1.0, 'recall': 1.0, 'f1-score': 1.0, 'support': 120.0}, 'DDoS': {'precision': 0.9798994974874372, 'recall': 0.975, 'f1-score': 0.9774436090225564, 'support': 200.0}, 'DoS': {'precision': 0.9897435897435898, 'recall': 0.965, 'f1-score': 0.9772151898734178, 'support': 200.0}, 'MITM': {'precision': 0.9209302325581395, 'recall': 0.99, 'f1-score': 0.9542168674698797, 'support': 200.0}, 'Malware': {'precision': 0.9924812030075187, 'recall': 0.99, 'f1-score': 0.9912390488110137, 'support': 400.0}, 'Scan': {'precision': 0.9949238578680203, 'recall': 0.98, 'f1-score': 0.9874055415617129, 'support': 200.0}, 'WebAttack': {'precision': 0.9873417721518988, 'recall': 0.975, 'f1-score': 0.9811320754716981, 'support': 400.0}, 'accuracy': 0.9813953488372092, 'macro avg': {'precision': 0.9807600218309435, 'recall': 0.9821428571428571, 'f1-score': 0.9812360474586111, 'support': 1720.0}, 'weighted avg': {'precision': 0.9819933869739562, 'recall': 0.9813953488372092, 'f1-score': 0.9815143554061616, 'support': 1720.0}}","[[120   0   0   0   0   0   0]
 [  0 195   0   0   3   0   2]
 [  0   0 193   7   0   0   0]
 [  0   1   0 198   0   0   1]
 [  0   1   0   2 396   1   0]
 [  0   0   2   0   0 196   2]
 [  0   2   0   8   0   0 390]]",1.018496036529541,0.01085352897644043
ToN_IoT,*,None,StandardScaler,NuSVC,0.7842680109392088,-1,-1,94.8671096345515,78.50000000000001,2.994186046511628,79.22861098590595,78.64858482900691,-1,"{'BruteForce': {'precision': 0.47368421052631576, 'recall': 0.375, 'f1-score': 0.4186046511627907, 'support': 120.0}, 'DDoS': {'precision': 0.7672413793103449, 'recall': 0.89, 'f1-score': 0.8240740740740741, 'support': 200.0}, 'DoS': {'precision': 0.975, 'recall': 0.975, 'f1-score': 0.975, 'support': 200.0}, 'MITM': {'precision': 0.859375, 'recall': 0.825, 'f1-score': 0.8418367346938775, 'support': 200.0}, 'Malware': {'precision': 0.8571428571428571, 'recall': 0.93, 'f1-score': 0.8920863309352518, 'support': 400.0}, 'Scan': {'precision': 0.8135593220338984, 'recall': 0.72, 'f1-score': 0.7639257294429708, 'support': 200.0}, 'WebAttack': {'precision': 0.8, 'recall': 0.78, 'f1-score': 0.7898734177215191, 'support': 400.0}, 'accuracy': 0.8203488372093023, 'macro avg': {'precision': 0.7922861098590595, 'recall': 0.7850000000000001, 'f1-score': 0.7864858482900691, 'support': 1720.0}, 'weighted avg': {'precision': 0.815543249063459, 'recall': 0.8203488372093023, 'f1-score': 0.8162696309560626, 'support': 1720.0}}","[[ 45  14   0   0   7   4  50]
 [  1 178   0  10   3   1   7]
 [  0   0 195   4   0   0   1]
 [  0  11   0 165   3   3  18]
 [  0   4   0   2 372  22   0]
 [  0   0   5   0  49 144   2]
 [ 49  25   0  11   0   3 312]]",0.5089595317840576,0.16954636573791504
ToN_IoT,*,None,StandardScaler,SGD,0.7415339631332548,-1,-1,93.83720930232559,69.53571428571428,3.5949612403100772,69.13072670571235,68.87281322920998,-1,"{'BruteForce': {'precision': 0.0, 'recall': 0.0, 'f1-score': 0.0, 'support': 120.0}, 'DDoS': {'precision': 0.7741935483870968, 'recall': 0.72, 'f1-score': 0.7461139896373057, 'support': 200.0}, 'DoS': {'precision': 0.9895833333333334, 'recall': 0.95, 'f1-score': 0.9693877551020408, 'support': 200.0}, 'MITM': {'precision': 0.8679245283018868, 'recall': 0.69, 'f1-score': 0.7688022284122562, 'support': 200.0}, 'Malware': {'precision': 0.8122270742358079, 'recall': 0.93, 'f1-score': 0.8671328671328672, 'support': 400.0}, 'Scan': {'precision': 0.6774193548387096, 'recall': 0.63, 'f1-score': 0.6528497409326425, 'support': 200.0}, 'WebAttack': {'precision': 0.7178030303030303, 'recall': 0.9475, 'f1-score': 0.8168103448275862, 'support': 400.0}, 'accuracy': 0.7843023255813953, 'macro avg': {'precision': 0.6913072670571235, 'recall': 0.6953571428571428, 'f1-score': 0.6887281322920998, 'support': 1720.0}, 'weighted avg': {'precision': 0.7406024388300818, 'recall': 0.7843023255813953, 'f1-score': 0.7564000160471107, 'support': 1720.0}}","[[  0  12   0   1   7   5  95]
 [  0 144   0   8   3  35  10]
 [  0   0 190   9   0   0   1]
 [  0  16   0 138   5   0  41]
 [  6   4   0   1 372  17   0]
 [  1   0   2   0  69 126   2]
 [  4  10   0   2   2   3 379]]",0.04920029640197754,0.0004782676696777344
ToN_IoT,['*'],rbf,StandardScaler,KNN_FTSP,0.5692034752670199,-1,-1,89.76744186046511,60.05952380952381,5.9689922480620154,59.819569637067595,59.67111497060623,-1,"{'BruteForce': {'precision': 0.6581196581196581, 'recall': 0.6416666666666667, 'f1-score': 0.649789029535865, 'support': 120.0}, 'DDoS': {'precision': 0.4608294930875576, 'recall': 0.5, 'f1-score': 0.47961630695443647, 'support': 200.0}, 'DoS': {'precision': 0.726457399103139, 'recall': 0.81, 'f1-score': 0.7659574468085106, 'support': 200.0}, 'MITM': {'precision': 0.45161290322580644, 'recall': 0.42, 'f1-score': 0.43523316062176165, 'support': 200.0}, 'Malware': {'precision': 0.6284403669724771, 'recall': 0.685, 'f1-score': 0.6555023923444976, 'support': 400.0}, 'Scan': {'precision': 0.3939393939393939, 'recall': 0.26, 'f1-score': 0.3132530120481928, 'support': 200.0}, 'WebAttack': {'precision': 0.8679706601466992, 'recall': 0.8875, 'f1-score': 0.8776266996291717, 'support': 400.0}, 'accuracy': 0.641860465116279, 'macro avg': {'precision': 0.5981956963706759, 'recall': 0.6005952380952381, 'f1-score': 0.5967111497060623, 'support': 1720.0}, 'weighted avg': {'precision': 0.6302945393565168, 'recall': 0.641860465116279, 'f1-score': 0.633743200942065, 'support': 1720.0}}","[[ 77   2   2   3   5   3  28]
 [  3 100  10  34  36  13   4]
 [  0  11 162   1  18   2   6]
 [  5  33   2  84  38  25  13]
 [  1  29  32  27 274  36   1]
 [  1  38  15  29  63  52   2]
 [ 30   4   0   8   2   1 355]]",0.0011897087097167969,0.022505760192871094
ToN_IoT,['*'],rbf,StandardScaler,LDA_FTSP,0.4230692107034842,-1,-1,85.21594684385381,35.97619047619048,8.624031007751938,25.867554714193368,28.56958670260557,-1,"{'BruteForce': {'precision': 0.5846153846153846, 'recall': 0.6333333333333333, 'f1-score': 0.608, 'support': 120.0}, 'DDoS': {'precision': 0.0, 'recall': 0.0, 'f1-score': 0.0, 'support': 200.0}, 'DoS': {'precision': 0.0, 'recall': 0.0, 'f1-score': 0.0, 'support': 200.0}, 'MITM': {'precision': 0.0, 'recall': 0.0, 'f1-score': 0.0, 'support': 200.0}, 'Malware': {'precision': 0.33361344537815124, 'recall': 0.9925, 'f1-score': 0.4993710691823899, 'support': 400.0}, 'Scan': {'precision': 0.0, 'recall': 0.0, 'f1-score': 0.0, 'support': 200.0}, 'WebAttack': {'precision': 0.8925, 'recall': 0.8925, 'f1-score': 0.8925, 'support': 400.0}, 'accuracy': 0.48255813953488375, 'macro avg': {'precision': 0.2586755471419337, 'recall': 0.3597619047619048, 'f1-score': 0.2856958670260557, 'support': 1720.0}, 'weighted avg': {'precision': 0.32592978157273644, 'recall': 0.48255813953488375, 'f1-score': 0.3661095509726488, 'support': 1720.0}}","[[ 76   0   0   0  20   0  24]
 [  8   0   0   0 190   0   2]
 [  1   0   0   0 194   0   5]
 [  9   0   0   0 181   0  10]
 [  3   0   0   0 397   0   0]
 [  0   0   0   0 198   0   2]
 [ 33   0   0   0  10   0 357]]",0.0007731914520263672,0.0001327991485595703
ToN_IoT,['*'],rbf,StandardScaler,MLP_FTSP,0.4624793045708593,-1,-1,86.67774086378738,42.52380952380953,7.771317829457364,42.40588362545799,39.13932121283722,-1,"{'BruteForce': {'precision': 0.6271186440677966, 'recall': 0.6166666666666667, 'f1-score': 0.6218487394957983, 'support': 120.0}, 'DDoS': {'precision': 0.5238095238095238, 'recall': 0.22, 'f1-score': 0.3098591549295775, 'support': 200.0}, 'DoS': {'precision': 0.0, 'recall': 0.0, 'f1-score': 0.0, 'support': 200.0}, 'MITM': {'precision': 0.5656565656565656, 'recall': 0.28, 'f1-score': 0.37458193979933113, 'support': 200.0}, 'Malware': {'precision': 0.3786213786213786, 'recall': 0.9475, 'f1-score': 0.5410421127765882, 'support': 400.0}, 'Scan': {'precision': 0.0, 'recall': 0.0, 'f1-score': 0.0, 'support': 200.0}, 'WebAttack': {'precision': 0.8732057416267942, 'recall': 0.9125, 'f1-score': 0.8924205378973104, 'support': 400.0}, 'accuracy': 0.5337209302325582, 'macro avg': {'precision': 0.42405883625457985, 'recall': 0.4252380952380953, 'f1-score': 0.3913932121283722, 'support': 1720.0}, 'weighted avg': {'precision': 0.4615571530701295, 'recall': 0.5337209302325582, 'f1-score': 0.4563343767179284, 'support': 1720.0}}","[[ 74   4   0   2   9   0  31]
 [  5  44   0  13 133   0   5]
 [  1   2   0   0 192   0   5]
 [ 10  21   0  56 103   0  10]
 [  3   0   0  18 379   0   0]
 [  0  10   0   8 180   0   2]
 [ 25   3   0   2   5   0 365]]",1.7103548049926758,0.0007236003875732422
ToN_IoT,['*'],rbf,StandardScaler,LGBM_FTSP,0.5752658354722752,-1,-1,89.96677740863788,59.04761904761904,5.852713178294574,62.09920079926633,59.95017191344109,-1,"{'BruteForce': {'precision': 0.7529411764705882, 'recall': 0.5333333333333333, 'f1-score': 0.624390243902439, 'support': 120.0}, 'DDoS': {'precision': 0.5612903225806452, 'recall': 0.435, 'f1-score': 0.4901408450704225, 'support': 200.0}, 'DoS': {'precision': 0.7323943661971831, 'recall': 0.78, 'f1-score': 0.7554479418886199, 'support': 200.0}, 'MITM': {'precision': 0.4605263157894737, 'recall': 0.35, 'f1-score': 0.39772727272727265, 'support': 200.0}, 'Malware': {'precision': 0.6041666666666666, 'recall': 0.725, 'f1-score': 0.6590909090909091, 'support': 400.0}, 'Scan': {'precision': 0.39893617021276595, 'recall': 0.375, 'f1-score': 0.38659793814432986, 'support': 200.0}, 'WebAttack': {'precision': 0.8366890380313199, 'recall': 0.935, 'f1-score': 0.8831168831168831, 'support': 400.0}, 'accuracy': 0.6488372093023256, 'macro avg': {'precision': 0.6209920079926633, 'recall': 0.5904761904761904, 'f1-score': 0.5995017191344109, 'support': 1720.0}, 'weighted avg': {'precision': 0.6379794523323714, 'recall': 0.6488372093023256, 'f1-score': 0.6382515963474061, 'support': 1720.0}}","[[ 64   1   2   5   4   3  41]
 [  2  87   8  24  42  31   6]
 [  0  13 156   4  21   0   6]
 [  4  28   2  70  50  29  17]
 [  0   9  28  24 290  48   1]
 [  0  14  17  21  71  75   2]
 [ 15   3   0   4   2   2 374]]",0.9130303859710693,0.009765625
ToN_IoT,['*'],rbf,StandardScaler,NuSVC_FTSP,0.2747690979292038,-1,-1,82.84053156146179,31.428571428571434,10.00968992248062,31.80673915675608,28.24715487430907,-1,"{'BruteForce': {'precision': 0.24324324324324326, 'recall': 0.3, 'f1-score': 0.26865671641791045, 'support': 120.0}, 'DDoS': {'precision': 0.3183279742765273, 'recall': 0.495, 'f1-score': 0.38747553816046965, 'support': 200.0}, 'DoS': {'precision': 0.0, 'recall': 0.0, 'f1-score': 0.0, 'support': 200.0}, 'MITM': {'precision': 0.34615384615384615, 'recall': 0.045, 'f1-score': 0.07964601769911504, 'support': 200.0}, 'Malware': {'precision': 0.40460526315789475, 'recall': 0.615, 'f1-score': 0.48809523809523814, 'support': 400.0}, 'Scan': {'precision': 0.16666666666666666, 'recall': 0.005, 'f1-score': 0.009708737864077669, 'support': 200.0}, 'WebAttack': {'precision': 0.7474747474747475, 'recall': 0.74, 'f1-score': 0.743718592964824, 'support': 400.0}, 'accuracy': 0.3994186046511628, 'macro avg': {'precision': 0.3180673915675608, 'recall': 0.31428571428571433, 'f1-score': 0.2824715487430907, 'support': 1720.0}, 'weighted avg': {'precision': 0.38154121561724075, 'recall': 0.3994186046511628, 'f1-score': 0.3606572076388992, 'support': 1720.0}}","[[ 36   6   0   8   3   1  66]
 [  8  99  32   2  55   1   3]
 [  0   3   0   0 191   0   6]
 [  7  97  28   9  34   3  22]
 [  2  40 105   6 246   0   1]
 [  0  60  59   0  78   1   2]
 [ 95   6   1   1   1   0 296]]",0.5722765922546387,0.18479275703430176
ToN_IoT,['*'],rbf,StandardScaler,SGD_FTSP,0.38209330600494357,-1,-1,84.66777408637873,29.88095238095238,8.943798449612403,19.908863856205183,22.120984496157124,-1,"{'BruteForce': {'precision': 0.288135593220339, 'recall': 0.14166666666666666, 'f1-score': 0.18994413407821228, 'support': 120.0}, 'DDoS': {'precision': 0.0, 'recall': 0.0, 'f1-score': 0.0, 'support': 200.0}, 'DoS': {'precision': 0.0, 'recall': 0.0, 'f1-score': 0.0, 'support': 200.0}, 'MITM': {'precision': 0.0, 'recall': 0.0, 'f1-score': 0.0, 'support': 200.0}, 'Malware': {'precision': 0.3425366695427092, 'recall': 0.9925, 'f1-score': 0.509300833867864, 'support': 400.0}, 'Scan': {'precision': 0.0, 'recall': 0.0, 'f1-score': 0.0, 'support': 200.0}, 'WebAttack': {'precision': 0.7629482071713147, 'recall': 0.9575, 'f1-score': 0.8492239467849224, 'support': 400.0}, 'accuracy': 0.4633720930232558, 'macro avg': {'precision': 0.19908863856205183, 'recall': 0.2988095238095238, 'f1-score': 0.22120984496157123, 'support': 1720.0}, 'weighted avg': {'precision': 0.27719198946049434, 'recall': 0.4633720930232558, 'f1-score': 0.3291879118316861, 'support': 1720.0}}","[[ 17   0   0   0  10   0  93]
 [  4   0   0   0 188   0   8]
 [  1   0   0   0 194   0   5]
 [ 19   0   0   0 170   0  11]
 [  3   0   0   0 397   0   0]
 [  7   0   0   0 191   0   2]
 [  8   0   0   0   9   0 383]]",0.01717376708984375,0.00015020370483398438
ToN_IoT,['*'],poly,StandardScaler,KNN_FTSP,0.5663593853091098,-1,-1,89.6843853820598,60.58333333333332,6.017441860465116,60.29334764719282,60.04700011730293,-1,"{'BruteForce': {'precision': 0.6129032258064516, 'recall': 0.6333333333333333, 'f1-score': 0.6229508196721313, 'support': 120.0}, 'DDoS': {'precision': 0.47959183673469385, 'recall': 0.47, 'f1-score': 0.47474747474747475, 'support': 200.0}, 'DoS': {'precision': 0.6612244897959184, 'recall': 0.81, 'f1-score': 0.7280898876404495, 'support': 200.0}, 'MITM': {'precision': 0.4896907216494845, 'recall': 0.475, 'f1-score': 0.48223350253807107, 'support': 200.0}, 'Malware': {'precision': 0.6170731707317073, 'recall': 0.6325, 'f1-score': 0.6246913580246913, 'support': 400.0}, 'Scan': {'precision': 0.5267175572519084, 'recall': 0.345, 'f1-score': 0.4169184290030211, 'support': 200.0}, 'WebAttack': {'precision': 0.8333333333333334, 'recall': 0.875, 'f1-score': 0.8536585365853658, 'support': 400.0}, 'accuracy': 0.638953488372093, 'macro avg': {'precision': 0.6029334764719282, 'recall': 0.6058333333333332, 'f1-score': 0.6004700011730293, 'support': 1720.0}, 'weighted avg': {'precision': 0.6309045987262741, 'recall': 0.638953488372093, 'f1-score': 0.6316813459246988, 'support': 1720.0}}","[[ 76   1   1   9   2   2  29]
 [  4  94   2  34  50  11   5]
 [  0   4 162   0  24   5   5]
 [  8  36   1  95  25   6  29]
 [  0  43  52  15 253  37   0]
 [  1  15  27  31  55  69   2]
 [ 35   3   0  10   1   1 350]]",0.0012056827545166016,0.023056745529174805
ToN_IoT,['*'],poly,StandardScaler,LDA_FTSP,0.4191293245802954,-1,-1,85.16611295681064,35.202380952380956,8.6531007751938,26.25191858919857,28.316936375955464,-1,"{'BruteForce': {'precision': 0.6538461538461539, 'recall': 0.5666666666666667, 'f1-score': 0.6071428571428571, 'support': 120.0}, 'DDoS': {'precision': 0.0, 'recall': 0.0, 'f1-score': 0.0, 'support': 200.0}, 'DoS': {'precision': 0.0, 'recall': 0.0, 'f1-score': 0.0, 'support': 200.0}, 'MITM': {'precision': 0.0, 'recall': 0.0, 'f1-score': 0.0, 'support': 200.0}, 'Malware': {'precision': 0.3347315436241611, 'recall': 0.9975, 'f1-score': 0.5012562814070352, 'support': 400.0}, 'Scan': {'precision': 0.0, 'recall': 0.0, 'f1-score': 0.0, 'support': 200.0}, 'WebAttack': {'precision': 0.8490566037735849, 'recall': 0.9, 'f1-score': 0.8737864077669903, 'support': 400.0}, 'accuracy': 0.4808139534883721, 'macro avg': {'precision': 0.2625191858919857, 'recall': 0.35202380952380957, 'f1-score': 0.28316936375955465, 'support': 1720.0}, 'weighted avg': {'precision': 0.32091674268641673, 'recall': 0.4808139534883721, 'f1-score': 0.3621361735620657, 'support': 1720.0}}","[[ 68   0   0   0  25   0  27]
 [  4   0   0   0 189   0   7]
 [  0   0   0   0 195   0   5]
 [  9   0   0   0 168   0  23]
 [  1   0   0   0 399   0   0]
 [  0   0   0   0 198   0   2]
 [ 22   0   0   0  18   0 360]]",0.0007605552673339844,0.0001277923583984375
ToN_IoT,['*'],poly,StandardScaler,MLP_FTSP,0.5153682131655812,-1,-1,88.42192691029899,52.39285714285714,6.753875968992248,50.56046952774659,50.30721316258724,-1,"{'BruteForce': {'precision': 0.6448598130841121, 'recall': 0.575, 'f1-score': 0.6079295154185022, 'support': 120.0}, 'DDoS': {'precision': 0.4507042253521127, 'recall': 0.32, 'f1-score': 0.37426900584795325, 'support': 200.0}, 'DoS': {'precision': 0.5992063492063492, 'recall': 0.755, 'f1-score': 0.668141592920354, 'support': 200.0}, 'MITM': {'precision': 0.5271317829457365, 'recall': 0.34, 'f1-score': 0.4133738601823709, 'support': 200.0}, 'Malware': {'precision': 0.4662668665667166, 'recall': 0.7775, 'f1-score': 0.5829428303655108, 'support': 400.0}, 'Scan': {'precision': 0.0, 'recall': 0.0, 'f1-score': 0.0, 'support': 200.0}, 'WebAttack': {'precision': 0.851063829787234, 'recall': 0.9, 'f1-score': 0.8748481166464155, 'support': 400.0}, 'accuracy': 0.5947674418604652, 'macro avg': {'precision': 0.5056046952774659, 'recall': 0.5239285714285714, 'f1-score': 0.5030721316258724, 'support': 1720.0}, 'weighted avg': {'precision': 0.5347232137282054, 'recall': 0.5947674418604652, 'f1-score': 0.5507121002587945, 'support': 1720.0}}","[[ 69  14   2   1   8   0  26]
 [  4  64   4  32  89   0   7]
 [  0   2 151   0  42   0   5]
 [  9  35   2  68  63   0  23]
 [  1  16  57  15 311   0   0]
 [  0   0  36  10 152   0   2]
 [ 24  11   0   3   2   0 360]]",1.6880226135253906,0.0006749629974365234
ToN_IoT,['*'],poly,StandardScaler,LGBM_FTSP,0.6087979133994889,-1,-1,90.69767441860465,63.80952380952382,5.426356589147287,64.53414017573769,63.4490375771212,-1,"{'BruteForce': {'precision': 0.7079646017699115, 'recall': 0.6666666666666666, 'f1-score': 0.6866952789699571, 'support': 120.0}, 'DDoS': {'precision': 0.6241610738255033, 'recall': 0.465, 'f1-score': 0.5329512893982808, 'support': 200.0}, 'DoS': {'precision': 0.65, 'recall': 0.91, 'f1-score': 0.7583333333333333, 'support': 200.0}, 'MITM': {'precision': 0.5660377358490566, 'recall': 0.45, 'f1-score': 0.5013927576601671, 'support': 200.0}, 'Malware': {'precision': 0.6344827586206897, 'recall': 0.69, 'f1-score': 0.6610778443113773, 'support': 400.0}, 'Scan': {'precision': 0.49019607843137253, 'recall': 0.375, 'f1-score': 0.4249291784702549, 'support': 200.0}, 'WebAttack': {'precision': 0.8445475638051044, 'recall': 0.91, 'f1-score': 0.8760529482551144, 'support': 400.0}, 'accuracy': 0.6744186046511628, 'macro avg': {'precision': 0.6453414017573769, 'recall': 0.6380952380952382, 'f1-score': 0.634490375771212, 'support': 1720.0}, 'weighted avg': {'precision': 0.6643295690720311, 'recall': 0.6744186046511628, 'f1-score': 0.6632424780670922, 'support': 1720.0}}","[[ 80   0   2   6   3   3  26]
 [  4  93   3  16  59  18   7]
 [  0   1 182   2   9   1   5]
 [  8  32   1  90  31  12  26]
 [  0   9  58  12 276  44   1]
 [  0  11  34  25  53  75   2]
 [ 21   3   0   8   4   0 364]]",0.8743710517883301,0.008715152740478516
ToN_IoT,['*'],poly,StandardScaler,NuSVC_FTSP,0.3212752298060294,-1,-1,82.6079734219269,38.726190476190474,10.145348837209301,37.437595680681824,32.91071654071222,-1,"{'BruteForce': {'precision': 0.46357615894039733, 'recall': 0.5833333333333334, 'f1-score': 0.5166051660516605, 'support': 120.0}, 'DDoS': {'precision': 0.3782608695652174, 'recall': 0.435, 'f1-score': 0.4046511627906977, 'support': 200.0}, 'DoS': {'precision': 0.0, 'recall': 0.0, 'f1-score': 0.0, 'support': 200.0}, 'MITM': {'precision': 0.30434782608695654, 'recall': 0.07, 'f1-score': 0.11382113821138212, 'support': 200.0}, 'Malware': {'precision': 0.4659090909090909, 'recall': 0.1025, 'f1-score': 0.1680327868852459, 'support': 400.0}, 'Scan': {'precision': 0.1865482233502538, 'recall': 0.735, 'f1-score': 0.2975708502024292, 'support': 200.0}, 'WebAttack': {'precision': 0.8219895287958116, 'recall': 0.785, 'f1-score': 0.80306905370844, 'support': 400.0}, 'accuracy': 0.39127906976744187, 'macro avg': {'precision': 0.37437595680681823, 'recall': 0.38726190476190475, 'f1-score': 0.3291071654071222, 'support': 1720.0}, 'weighted avg': {'precision': 0.43291858764842683, 'recall': 0.39127906976744187, 'f1-score': 0.35676859674684613, 'support': 1720.0}}","[[ 70   1   0  14   3   7  25]
 [  3  87  13   7  10  71   9]
 [  0   4   0   0   0 191   5]
 [  9  78   6  14   7  59  27]
 [  1  42   3   1  41 312   0]
 [  0  12  13   0  26 147   2]
 [ 68   6   0  10   1   1 314]]",0.6024274826049805,0.17476797103881836
ToN_IoT,['*'],poly,StandardScaler,SGD_FTSP,0.29088609213199135,-1,-1,80.99667774086379,27.42857142857143,11.085271317829458,29.822045729971574,16.562528426782617,-1,"{'BruteForce': {'precision': 0.0, 'recall': 0.0, 'f1-score': 0.0, 'support': 120.0}, 'DDoS': {'precision': 0.16301489921121823, 'recall': 0.93, 'f1-score': 0.27740492170022374, 'support': 200.0}, 'DoS': {'precision': 0.0, 'recall': 0.0, 'f1-score': 0.0, 'support': 200.0}, 'MITM': {'precision': 1.0, 'recall': 0.01, 'f1-score': 0.019801980198019802, 'support': 200.0}, 'Malware': {'precision': 0.0, 'recall': 0.0, 'f1-score': 0.0, 'support': 400.0}, 'Scan': {'precision': 0.2, 'recall': 0.02, 'f1-score': 0.03636363636363636, 'support': 200.0}, 'WebAttack': {'precision': 0.7245283018867924, 'recall': 0.96, 'f1-score': 0.8258064516129032, 'support': 400.0}, 'accuracy': 0.33488372093023255, 'macro avg': {'precision': 0.29822045729971575, 'recall': 0.2742857142857143, 'f1-score': 0.16562528426782616, 'support': 1720.0}, 'weighted avg': {'precision': 0.32698505848660503, 'recall': 0.33488372093023255, 'f1-score': 0.230835283893917, 'support': 1720.0}}","[[  0  24   0   0   1   0  95]
 [  0 186   0   0   3   0  11]
 [  0 195   0   0   0   0   5]
 [  0 130   0   2  21  15  32]
 [  0 399   0   0   0   0   1]
 [  0 194   0   0   0   4   2]
 [  0  13   0   0   2   1 384]]",0.01573038101196289,0.00014352798461914062
ToN_IoT,['*'],linear,StandardScaler,KNN_FTSP,0.7589009946518063,-1,-1,94.26910299003323,76.64285714285714,3.343023255813953,77.08708579716142,76.82059612112857,-1,"{'BruteForce': {'precision': 0.6532258064516129, 'recall': 0.675, 'f1-score': 0.6639344262295083, 'support': 120.0}, 'DDoS': {'precision': 0.7427184466019418, 'recall': 0.765, 'f1-score': 0.7536945812807883, 'support': 200.0}, 'DoS': {'precision': 0.8835978835978836, 'recall': 0.835, 'f1-score': 0.858611825192802, 'support': 200.0}, 'MITM': {'precision': 0.7015706806282722, 'recall': 0.67, 'f1-score': 0.6854219948849105, 'support': 200.0}, 'Malware': {'precision': 0.8847058823529412, 'recall': 0.94, 'f1-score': 0.9115151515151516, 'support': 400.0}, 'Scan': {'precision': 0.6881720430107527, 'recall': 0.64, 'f1-score': 0.6632124352331608, 'support': 200.0}, 'WebAttack': {'precision': 0.8421052631578947, 'recall': 0.84, 'f1-score': 0.8410513141426784, 'support': 400.0}, 'accuracy': 0.7994186046511628, 'macro avg': {'precision': 0.7708708579716141, 'recall': 0.7664285714285713, 'f1-score': 0.7682059612112857, 'support': 1720.0}, 'weighted avg': {'precision': 0.797862421945522, 'recall': 0.7994186046511628, 'f1-score': 0.7981900492610497, 'support': 1720.0}}","[[ 81   0   0   1   6   2  30]
 [  4 153   0  12   6  20   5]
 [  0   1 167   1  24   6   1]
 [  1  16   0 134   4  18  27]
 [  0   5   4   3 376  12   0]
 [  2  29  18  15   8 128   0]
 [ 36   2   0  25   1   0 336]]",0.0011801719665527344,0.023455381393432617
ToN_IoT,['*'],linear,StandardScaler,LDA_FTSP,0.35418318161063467,-1,-1,84.3687707641196,28.214285714285715,9.118217054263567,17.28827219972533,19.863017839314594,-1,"{'BruteForce': {'precision': 0.0, 'recall': 0.0, 'f1-score': 0.0, 'support': 120.0}, 'DDoS': {'precision': 0.0, 'recall': 0.0, 'f1-score': 0.0, 'support': 200.0}, 'DoS': {'precision': 0.0, 'recall': 0.0, 'f1-score': 0.0, 'support': 200.0}, 'MITM': {'precision': 0.18032786885245902, 'recall': 0.055, 'f1-score': 0.0842911877394636, 'support': 200.0}, 'Malware': {'precision': 0.3583710407239819, 'recall': 0.99, 'f1-score': 0.5262458471760797, 'support': 400.0}, 'Scan': {'precision': 0.0, 'recall': 0.0, 'f1-score': 0.0, 'support': 200.0}, 'WebAttack': {'precision': 0.6714801444043321, 'recall': 0.93, 'f1-score': 0.779874213836478, 'support': 400.0}, 'accuracy': 0.45290697674418606, 'macro avg': {'precision': 0.1728827219972533, 'recall': 0.28214285714285714, 'f1-score': 0.19863017839314592, 'support': 1720.0}, 'weighted avg': {'precision': 0.26046863245454505, 'recall': 0.45290697674418606, 'f1-score': 0.3135501522982068, 'support': 1720.0}}","[[  0   0   0  15  10   0  95]
 [  0   0   0   9 174   0  17]
 [  0   0   0   0 199   0   1]
 [  0   0   0  11 122   0  67]
 [  0   0   0   4 396   0   0]
 [  0   0   0   0 198   0   2]
 [  0   0   0  22   6   0 372]]",0.0007748603820800781,0.00013065338134765625
ToN_IoT,['*'],linear,StandardScaler,MLP_FTSP,0.4510081207862012,-1,-1,86.91029900332225,40.214285714285715,7.635658914728682,38.637858277864005,35.33107497718545,-1,"{'BruteForce': {'precision': 0.0, 'recall': 0.0, 'f1-score': 0.0, 'support': 120.0}, 'DDoS': {'precision': 0.5294117647058824, 'recall': 0.27, 'f1-score': 0.3576158940397351, 'support': 200.0}, 'DoS': {'precision': 0.0, 'recall': 0.0, 'f1-score': 0.0, 'support': 200.0}, 'MITM': {'precision': 0.5135135135135135, 'recall': 0.095, 'f1-score': 0.16033755274261605, 'support': 200.0}, 'Malware': {'precision': 0.46625, 'recall': 0.9325, 'f1-score': 0.6216666666666667, 'support': 400.0}, 'Scan': {'precision': 0.5401785714285714, 'recall': 0.605, 'f1-score': 0.570754716981132, 'support': 200.0}, 'WebAttack': {'precision': 0.6552962298025135, 'recall': 0.9125, 'f1-score': 0.7628004179728317, 'support': 400.0}, 'accuracy': 0.541860465116279, 'macro avg': {'precision': 0.38637858277864007, 'recall': 0.40214285714285714, 'f1-score': 0.3533107497718545, 'support': 1720.0}, 'weighted avg': {'precision': 0.4449065475875575, 'recall': 0.541860465116279, 'f1-score': 0.4485630619816838, 'support': 1720.0}}","[[  0  15   0   0   7   3  95]
 [  0  54   0   4  84  34  24]
 [  0   0   0   3 191   5   1]
 [  0  10   0  19  67  35  69]
 [  0   3   0   0 373  23   1]
 [  0   0   0   0  77 121   2]
 [  0  20   0  11   1   3 365]]",1.7049586772918701,0.0007150173187255859
ToN_IoT,['*'],linear,StandardScaler,LGBM_FTSP,0.7462429995613123,-1,-1,93.9700996677741,75.38095238095238,3.5174418604651163,77.20111894315397,76.11035362315005,-1,"{'BruteForce': {'precision': 0.7345132743362832, 'recall': 0.6916666666666667, 'f1-score': 0.7124463519313304, 'support': 120.0}, 'DDoS': {'precision': 0.7712765957446809, 'recall': 0.725, 'f1-score': 0.7474226804123711, 'support': 200.0}, 'DoS': {'precision': 0.8839779005524862, 'recall': 0.8, 'f1-score': 0.8398950131233596, 'support': 200.0}, 'MITM': {'precision': 0.695906432748538, 'recall': 0.595, 'f1-score': 0.6415094339622642, 'support': 200.0}, 'Malware': {'precision': 0.8081896551724138, 'recall': 0.9375, 'f1-score': 0.8680555555555556, 'support': 400.0}, 'Scan': {'precision': 0.6476190476190476, 'recall': 0.68, 'f1-score': 0.6634146341463415, 'support': 200.0}, 'WebAttack': {'precision': 0.8625954198473282, 'recall': 0.8475, 'f1-score': 0.8549810844892811, 'support': 400.0}, 'accuracy': 0.788953488372093, 'macro avg': {'precision': 0.7720111894315398, 'recall': 0.7538095238095238, 'f1-score': 0.7611035362315004, 'support': 1720.0}, 'weighted avg': {'precision': 0.7884951268960473, 'recall': 0.788953488372093, 'f1-score': 0.7867189363828847, 'support': 1720.0}}","[[ 83   0   0   1   6   4  26]
 [  3 145   0   8  15  24   5]
 [  0   0 160   4  26   9   1]
 [  0  23   0 119  15  23  20]
 [  0   4   3   3 375  13   2]
 [  0  14  18   8  24 136   0]
 [ 27   2   0  28   3   1 339]]",0.9571182727813721,0.008764505386352539
ToN_IoT,['*'],linear,StandardScaler,NuSVC_FTSP,0.25137405097970134,-1,-1,81.61129568106313,34.39285714285714,10.726744186046512,31.3479005465012,29.67887757678772,-1,"{'BruteForce': {'precision': 0.0, 'recall': 0.0, 'f1-score': 0.0, 'support': 120.0}, 'DDoS': {'precision': 0.30456852791878175, 'recall': 0.3, 'f1-score': 0.3022670025188917, 'support': 200.0}, 'DoS': {'precision': 0.37401574803149606, 'recall': 0.95, 'f1-score': 0.5367231638418078, 'support': 200.0}, 'MITM': {'precision': 0.43103448275862066, 'recall': 0.125, 'f1-score': 0.19379844961240308, 'support': 200.0}, 'Malware': {'precision': 0.1111111111111111, 'recall': 0.0525, 'f1-score': 0.07130730050933785, 'support': 400.0}, 'Scan': {'precision': 0.3177966101694915, 'recall': 0.375, 'f1-score': 0.34403669724770636, 'support': 200.0}, 'WebAttack': {'precision': 0.6558265582655827, 'recall': 0.605, 'f1-score': 0.6293888166449935, 'support': 400.0}, 'accuracy': 0.3563953488372093, 'macro avg': {'precision': 0.313479005465012, 'recall': 0.3439285714285714, 'f1-score': 0.2967887757678772, 'support': 1720.0}, 'weighted avg': {'precision': 0.34433612879439274, 'recall': 0.3563953488372093, 'f1-score': 0.3230485520383107, 'support': 1720.0}}","[[  0  15   7   0   3   0  95]
 [  0  60  14  11  61  38  16]
 [  1   0 190   3   1   5   0]
 [ 40  30  18  25  32  40  15]
 [  1  60 240   0  21  77   1]
 [  0  15  39   2  69  75   0]
 [121  17   0  17   2   1 242]]",0.8298773765563965,0.1987607479095459
ToN_IoT,['*'],linear,StandardScaler,SGD_FTSP,0.33833567620621746,-1,-1,83.40531561461793,32.714285714285715,9.680232558139535,19.243596880295335,22.06970361486916,-1,"{'BruteForce': {'precision': 0.0, 'recall': 0.0, 'f1-score': 0.0, 'support': 120.0}, 'DDoS': {'precision': 0.0, 'recall': 0.0, 'f1-score': 0.0, 'support': 200.0}, 'DoS': {'precision': 0.2366504854368932, 'recall': 0.975, 'f1-score': 0.380859375, 'support': 200.0}, 'MITM': {'precision': 0.0, 'recall': 0.0, 'f1-score': 0.0, 'support': 200.0}, 'Malware': {'precision': 0.4697508896797153, 'recall': 0.33, 'f1-score': 0.3876651982378855, 'support': 400.0}, 'Scan': {'precision': 0.0, 'recall': 0.0, 'f1-score': 0.0, 'support': 200.0}, 'WebAttack': {'precision': 0.640650406504065, 'recall': 0.985, 'f1-score': 0.7763546798029557, 'support': 400.0}, 'accuracy': 0.4191860465116279, 'macro avg': {'precision': 0.19243596880295336, 'recall': 0.3271428571428571, 'f1-score': 0.22069703614869157, 'support': 1720.0}, 'weighted avg': {'precision': 0.2857503578842388, 'recall': 0.4191860465116279, 'f1-score': 0.31498827105600957, 'support': 1720.0}}","[[  0   0  10   0   0   0 110]
 [  0   0 137   0  37   0  26]
 [  0   0 195   0   4   0   1]
 [  0   0  45   0  77   0  78]
 [  0   0 264   0 132   0   4]
 [  0   0 169   0  29   0   2]
 [  0   0   4   0   2   0 394]]",0.017915725708007812,0.00015544891357421875
ToN_IoT,['*'],sigmoid,StandardScaler,KNN_FTSP,0.3633593628651887,-1,-1,84.85049833887042,43.70238095238094,8.837209302325581,42.61398677791583,42.70877216967294,-1,"{'BruteForce': {'precision': 0.15625, 'recall': 0.16666666666666666, 'f1-score': 0.16129032258064516, 'support': 120.0}, 'DDoS': {'precision': 0.18848167539267016, 'recall': 0.18, 'f1-score': 0.18414322250639384, 'support': 200.0}, 'DoS': {'precision': 0.9219512195121952, 'recall': 0.945, 'f1-score': 0.9333333333333333, 'support': 200.0}, 'MITM': {'precision': 0.4583333333333333, 'recall': 0.55, 'f1-score': 0.5, 'support': 200.0}, 'Malware': {'precision': 0.5584158415841585, 'recall': 0.705, 'f1-score': 0.6232044198895027, 'support': 400.0}, 'Scan': {'precision': 0.288135593220339, 'recall': 0.17, 'f1-score': 0.2138364779874214, 'support': 200.0}, 'WebAttack': {'precision': 0.4114114114114114, 'recall': 0.3425, 'f1-score': 0.37380627557980906, 'support': 400.0}, 'accuracy': 0.4697674418604651, 'macro avg': {'precision': 0.42613986777915824, 'recall': 0.4370238095238094, 'f1-score': 0.42708772169672937, 'support': 1720.0}, 'weighted avg': {'precision': 0.45236120086624154, 'recall': 0.4697674418604651, 'f1-score': 0.4560591416644371, 'support': 1720.0}}","[[ 20  15   1   8  35   2  39]
 [ 14  36   0  33  48  19  50]
 [  2   1 189   4   0   0   4]
 [ 10  29   2 110   9  16  24]
 [ 21  33   0   8 282  16  40]
 [ 15  29   3  23  57  34  39]
 [ 46  48  10  54  74  31 137]]",0.0011625289916992188,0.022129535675048828
ToN_IoT,['*'],sigmoid,StandardScaler,LDA_FTSP,-0.10524660170771943,-1,-1,75.41528239202658,9.285714285714285,14.34108527131783,7.2670791152895235,7.436078601172788,-1,"{'BruteForce': {'precision': 0.0, 'recall': 0.0, 'f1-score': 0.0, 'support': 120.0}, 'DDoS': {'precision': 0.2127659574468085, 'recall': 0.1, 'f1-score': 0.1360544217687075, 'support': 200.0}, 'DoS': {'precision': 0.0, 'recall': 0.0, 'f1-score': 0.0, 'support': 200.0}, 'MITM': {'precision': 0.0, 'recall': 0.0, 'f1-score': 0.0, 'support': 200.0}, 'Malware': {'precision': 0.1151603498542274, 'recall': 0.1975, 'f1-score': 0.14548802946593, 'support': 400.0}, 'Scan': {'precision': 0.0, 'recall': 0.0, 'f1-score': 0.0, 'support': 200.0}, 'WebAttack': {'precision': 0.18076923076923077, 'recall': 0.3525, 'f1-score': 0.23898305084745763, 'support': 400.0}, 'accuracy': 0.13953488372093023, 'macro avg': {'precision': 0.07267079115289524, 'recall': 0.09285714285714285, 'f1-score': 0.07436078601172788, 'support': 1720.0}, 'weighted avg': {'precision': 0.09356106031322382, 'recall': 0.13953488372093023, 'f1-score': 0.10523216074366079, 'support': 1720.0}}","[[  0   0   0   0  71   0  49]
 [  0  20   8   0  50   0 122]
 [  0   2   0   0 195   0   3]
 [  0  38  65   0  24   0  73]
 [  0   0  58   0  79   0 263]
 [  0   0  12   0  59   0 129]
 [  0  34  17   0 208   0 141]]",0.0007677078247070312,0.00013971328735351562
ToN_IoT,['*'],sigmoid,StandardScaler,MLP_FTSP,0.020860655006819037,-1,-1,78.08970099667773,14.357142857142854,12.781007751937985,17.609906091581486,5.535526037311588,-1,"{'BruteForce': {'precision': 0.0, 'recall': 0.0, 'f1-score': 0.0, 'support': 120.0}, 'DDoS': {'precision': 0.0, 'recall': 0.0, 'f1-score': 0.0, 'support': 200.0}, 'DoS': {'precision': 0.0, 'recall': 0.0, 'f1-score': 0.0, 'support': 200.0}, 'MITM': {'precision': 1.0, 'recall': 0.005, 'f1-score': 0.009950248756218907, 'support': 200.0}, 'Malware': {'precision': 0.0, 'recall': 0.0, 'f1-score': 0.0, 'support': 400.0}, 'Scan': {'precision': 0.0, 'recall': 0.0, 'f1-score': 0.0, 'support': 200.0}, 'WebAttack': {'precision': 0.2326934264107039, 'recall': 1.0, 'f1-score': 0.37753657385559225, 'support': 400.0}, 'accuracy': 0.23313953488372094, 'macro avg': {'precision': 0.17609906091581484, 'recall': 0.14357142857142854, 'f1-score': 0.05535526037311588, 'support': 1720.0}, 'weighted avg': {'precision': 0.17039382009551252, 'recall': 0.23313953488372094, 'f1-score': 0.08895620889155853, 'support': 1720.0}}","[[  0   0   0   0   0   0 120]
 [  0   0   0   0   0   0 200]
 [  0   0   0   0   0   0 200]
 [  0   0   0   1   0   0 199]
 [  0   0   0   0   0   0 400]
 [  0   0   0   0   0   0 200]
 [  0   0   0   0   0   0 400]]",0.13415861129760742,0.0006835460662841797
ToN_IoT,['*'],sigmoid,StandardScaler,LGBM_FTSP,0.4153580553638537,-1,-1,86.24584717607974,44.17857142857143,8.023255813953488,41.44902257845123,40.65505496605652,-1,"{'BruteForce': {'precision': 0.0, 'recall': 0.0, 'f1-score': 0.0, 'support': 120.0}, 'DDoS': {'precision': 0.2826086956521739, 'recall': 0.065, 'f1-score': 0.10569105691056911, 'support': 200.0}, 'DoS': {'precision': 0.8899521531100478, 'recall': 0.93, 'f1-score': 0.9095354523227384, 'support': 200.0}, 'MITM': {'precision': 0.46360153256704983, 'recall': 0.605, 'f1-score': 0.524945770065076, 'support': 200.0}, 'Malware': {'precision': 0.5362776025236593, 'recall': 0.85, 'f1-score': 0.6576402321083172, 'support': 400.0}, 'Scan': {'precision': 0.29411764705882354, 'recall': 0.125, 'f1-score': 0.17543859649122806, 'support': 200.0}, 'WebAttack': {'precision': 0.43487394957983194, 'recall': 0.5175, 'f1-score': 0.4726027397260274, 'support': 400.0}, 'accuracy': 0.5186046511627908, 'macro avg': {'precision': 0.4144902257845123, 'recall': 0.44178571428571434, 'f1-score': 0.4065505496605652, 'support': 1720.0}, 'weighted avg': {'precision': 0.45030036425524156, 'recall': 0.5186046511627908, 'f1-score': 0.4623368394718954, 'support': 1720.0}}","[[  0   3   2   6  38   3  68]
 [  2  13   0  32  71  17  65]
 [  0   0 186   3   0   1  10]
 [  0  11   5 121  10  20  33]
 [  0   5   0  11 340   5  39]
 [  2   6   3  25  85  25  54]
 [  5   8  13  63  90  14 207]]",0.9326028823852539,0.010690927505493164
ToN_IoT,['*'],sigmoid,StandardScaler,NuSVC_FTSP,0.19725382649254786,-1,-1,79.90033222591362,31.47619047619048,11.724806201550388,29.268514405288474,27.424429758739915,-1,"{'BruteForce': {'precision': 0.10632183908045977, 'recall': 0.30833333333333335, 'f1-score': 0.1581196581196581, 'support': 120.0}, 'DDoS': {'precision': 0.14937759336099585, 'recall': 0.18, 'f1-score': 0.163265306122449, 'support': 200.0}, 'DoS': {'precision': 0.6655290102389079, 'recall': 0.975, 'f1-score': 0.7910750507099392, 'support': 200.0}, 'MITM': {'precision': 0.17261904761904762, 'recall': 0.145, 'f1-score': 0.15760869565217392, 'support': 200.0}, 'Malware': {'precision': 0.531055900621118, 'recall': 0.4275, 'f1-score': 0.47368421052631576, 'support': 400.0}, 'Scan': {'precision': 0.08389261744966443, 'recall': 0.125, 'f1-score': 0.10040160642570282, 'support': 200.0}, 'WebAttack': {'precision': 0.34, 'recall': 0.0425, 'f1-score': 0.07555555555555557, 'support': 400.0}, 'accuracy': 0.29651162790697677, 'macro avg': {'precision': 0.29268514405288476, 'recall': 0.3147619047619048, 'f1-score': 0.27424429758739916, 'support': 1720.0}, 'weighted avg': {'precision': 0.33457246201850316, 'recall': 0.29651162790697677, 'f1-score': 0.2797327890634654, 'support': 1720.0}}","[[ 37  28   7   9  15  16   8]
 [ 49  36   0  23  35  52   5]
 [  1   1 195   0   0   3   0]
 [ 47  17  21  29  11  72   3]
 [ 75  71   0  36 171  35  12]
 [ 48  26  17  21  58  25   5]
 [ 91  62  53  50  32  95  17]]",0.8219172954559326,0.2223048210144043
ToN_IoT,['*'],sigmoid,StandardScaler,SGD_FTSP,-0.018687670110275386,-1,-1,74.73421926910298,14.214285714285715,14.738372093023255,1.6537854234189315,2.962852676245068,-1,"{'BruteForce': {'precision': 0.0, 'recall': 0.0, 'f1-score': 0.0, 'support': 120.0}, 'DDoS': {'precision': 0.0, 'recall': 0.0, 'f1-score': 0.0, 'support': 200.0}, 'DoS': {'precision': 0.0, 'recall': 0.0, 'f1-score': 0.0, 'support': 200.0}, 'MITM': {'precision': 0.1157649796393252, 'recall': 0.995, 'f1-score': 0.20739968733715478, 'support': 200.0}, 'Malware': {'precision': 0.0, 'recall': 0.0, 'f1-score': 0.0, 'support': 400.0}, 'Scan': {'precision': 0.0, 'recall': 0.0, 'f1-score': 0.0, 'support': 200.0}, 'WebAttack': {'precision': 0.0, 'recall': 0.0, 'f1-score': 0.0, 'support': 400.0}, 'accuracy': 0.11569767441860465, 'macro avg': {'precision': 0.016537854234189315, 'recall': 0.14214285714285715, 'f1-score': 0.02962852676245068, 'support': 1720.0}, 'weighted avg': {'precision': 0.01346104414410758, 'recall': 0.11569767441860465, 'f1-score': 0.02411624271362265, 'support': 1720.0}}","[[  0   0   0 120   0   0   0]
 [  0   0   0 200   0   0   0]
 [  0   0   0 200   0   0   0]
 [  0   1   0 199   0   0   0]
 [  0   0   0 400   0   0   0]
 [  0   0   0 200   0   0   0]
 [  0   0   0 400   0   0   0]]",0.12833595275878906,0.00014662742614746094
ToN_IoT,['*'],None,StandardScaler,KNN_FTSP,0.7589009946518063,-1,-1,94.26910299003323,76.64285714285714,3.343023255813953,77.08708579716142,76.82059612112857,-1,"{'BruteForce': {'precision': 0.6532258064516129, 'recall': 0.675, 'f1-score': 0.6639344262295083, 'support': 120.0}, 'DDoS': {'precision': 0.7427184466019418, 'recall': 0.765, 'f1-score': 0.7536945812807883, 'support': 200.0}, 'DoS': {'precision': 0.8835978835978836, 'recall': 0.835, 'f1-score': 0.858611825192802, 'support': 200.0}, 'MITM': {'precision': 0.7015706806282722, 'recall': 0.67, 'f1-score': 0.6854219948849105, 'support': 200.0}, 'Malware': {'precision': 0.8847058823529412, 'recall': 0.94, 'f1-score': 0.9115151515151516, 'support': 400.0}, 'Scan': {'precision': 0.6881720430107527, 'recall': 0.64, 'f1-score': 0.6632124352331608, 'support': 200.0}, 'WebAttack': {'precision': 0.8421052631578947, 'recall': 0.84, 'f1-score': 0.8410513141426784, 'support': 400.0}, 'accuracy': 0.7994186046511628, 'macro avg': {'precision': 0.7708708579716141, 'recall': 0.7664285714285713, 'f1-score': 0.7682059612112857, 'support': 1720.0}, 'weighted avg': {'precision': 0.797862421945522, 'recall': 0.7994186046511628, 'f1-score': 0.7981900492610497, 'support': 1720.0}}","[[ 81   0   0   1   6   2  30]
 [  4 153   0  12   6  20   5]
 [  0   1 167   1  24   6   1]
 [  1  16   0 134   4  18  27]
 [  0   5   4   3 376  12   0]
 [  2  29  18  15   8 128   0]
 [ 36   2   0  25   1   0 336]]",0.0010559558868408203,0.022355079650878906
ToN_IoT,['*'],None,StandardScaler,LDA_FTSP,0.35418318161063467,-1,-1,84.3687707641196,28.214285714285715,9.118217054263567,17.28827219972533,19.863017839314594,-1,"{'BruteForce': {'precision': 0.0, 'recall': 0.0, 'f1-score': 0.0, 'support': 120.0}, 'DDoS': {'precision': 0.0, 'recall': 0.0, 'f1-score': 0.0, 'support': 200.0}, 'DoS': {'precision': 0.0, 'recall': 0.0, 'f1-score': 0.0, 'support': 200.0}, 'MITM': {'precision': 0.18032786885245902, 'recall': 0.055, 'f1-score': 0.0842911877394636, 'support': 200.0}, 'Malware': {'precision': 0.3583710407239819, 'recall': 0.99, 'f1-score': 0.5262458471760797, 'support': 400.0}, 'Scan': {'precision': 0.0, 'recall': 0.0, 'f1-score': 0.0, 'support': 200.0}, 'WebAttack': {'precision': 0.6714801444043321, 'recall': 0.93, 'f1-score': 0.779874213836478, 'support': 400.0}, 'accuracy': 0.45290697674418606, 'macro avg': {'precision': 0.1728827219972533, 'recall': 0.28214285714285714, 'f1-score': 0.19863017839314592, 'support': 1720.0}, 'weighted avg': {'precision': 0.26046863245454505, 'recall': 0.45290697674418606, 'f1-score': 0.3135501522982068, 'support': 1720.0}}","[[  0   0   0  15  10   0  95]
 [  0   0   0   9 174   0  17]
 [  0   0   0   0 199   0   1]
 [  0   0   0  11 122   0  67]
 [  0   0   0   4 396   0   0]
 [  0   0   0   0 198   0   2]
 [  0   0   0  22   6   0 372]]",0.0007710456848144531,0.00012826919555664062
ToN_IoT,['*'],None,StandardScaler,MLP_FTSP,0.4510081207862012,-1,-1,86.91029900332225,40.214285714285715,7.635658914728682,38.637858277864005,35.33107497718545,-1,"{'BruteForce': {'precision': 0.0, 'recall': 0.0, 'f1-score': 0.0, 'support': 120.0}, 'DDoS': {'precision': 0.5294117647058824, 'recall': 0.27, 'f1-score': 0.3576158940397351, 'support': 200.0}, 'DoS': {'precision': 0.0, 'recall': 0.0, 'f1-score': 0.0, 'support': 200.0}, 'MITM': {'precision': 0.5135135135135135, 'recall': 0.095, 'f1-score': 0.16033755274261605, 'support': 200.0}, 'Malware': {'precision': 0.46625, 'recall': 0.9325, 'f1-score': 0.6216666666666667, 'support': 400.0}, 'Scan': {'precision': 0.5401785714285714, 'recall': 0.605, 'f1-score': 0.570754716981132, 'support': 200.0}, 'WebAttack': {'precision': 0.6552962298025135, 'recall': 0.9125, 'f1-score': 0.7628004179728317, 'support': 400.0}, 'accuracy': 0.541860465116279, 'macro avg': {'precision': 0.38637858277864007, 'recall': 0.40214285714285714, 'f1-score': 0.3533107497718545, 'support': 1720.0}, 'weighted avg': {'precision': 0.4449065475875575, 'recall': 0.541860465116279, 'f1-score': 0.4485630619816838, 'support': 1720.0}}","[[  0  15   0   0   7   3  95]
 [  0  54   0   4  84  34  24]
 [  0   0   0   3 191   5   1]
 [  0  10   0  19  67  35  69]
 [  0   3   0   0 373  23   1]
 [  0   0   0   0  77 121   2]
 [  0  20   0  11   1   3 365]]",1.7094366550445557,0.0008227825164794922
ToN_IoT,['*'],None,StandardScaler,LGBM_FTSP,0.7462429995613123,-1,-1,93.9700996677741,75.38095238095238,3.5174418604651163,77.20111894315397,76.11035362315005,-1,"{'BruteForce': {'precision': 0.7345132743362832, 'recall': 0.6916666666666667, 'f1-score': 0.7124463519313304, 'support': 120.0}, 'DDoS': {'precision': 0.7712765957446809, 'recall': 0.725, 'f1-score': 0.7474226804123711, 'support': 200.0}, 'DoS': {'precision': 0.8839779005524862, 'recall': 0.8, 'f1-score': 0.8398950131233596, 'support': 200.0}, 'MITM': {'precision': 0.695906432748538, 'recall': 0.595, 'f1-score': 0.6415094339622642, 'support': 200.0}, 'Malware': {'precision': 0.8081896551724138, 'recall': 0.9375, 'f1-score': 0.8680555555555556, 'support': 400.0}, 'Scan': {'precision': 0.6476190476190476, 'recall': 0.68, 'f1-score': 0.6634146341463415, 'support': 200.0}, 'WebAttack': {'precision': 0.8625954198473282, 'recall': 0.8475, 'f1-score': 0.8549810844892811, 'support': 400.0}, 'accuracy': 0.788953488372093, 'macro avg': {'precision': 0.7720111894315398, 'recall': 0.7538095238095238, 'f1-score': 0.7611035362315004, 'support': 1720.0}, 'weighted avg': {'precision': 0.7884951268960473, 'recall': 0.788953488372093, 'f1-score': 0.7867189363828847, 'support': 1720.0}}","[[ 83   0   0   1   6   4  26]
 [  3 145   0   8  15  24   5]
 [  0   0 160   4  26   9   1]
 [  0  23   0 119  15  23  20]
 [  0   4   3   3 375  13   2]
 [  0  14  18   8  24 136   0]
 [ 27   2   0  28   3   1 339]]",0.8736979961395264,0.009281158447265625
ToN_IoT,['*'],None,StandardScaler,NuSVC_FTSP,0.2416171868742622,-1,-1,80.51495016611295,40.773809523809526,11.366279069767442,36.76735175588479,30.90943117082861,-1,"{'BruteForce': {'precision': 0.1958762886597938, 'recall': 0.7916666666666666, 'f1-score': 0.3140495867768595, 'support': 120.0}, 'DDoS': {'precision': 0.31555555555555553, 'recall': 0.355, 'f1-score': 0.33411764705882346, 'support': 200.0}, 'DoS': {'precision': 0.42316258351893093, 'recall': 0.95, 'f1-score': 0.5855161787365176, 'support': 200.0}, 'MITM': {'precision': 0.25443786982248523, 'recall': 0.215, 'f1-score': 0.23306233062330622, 'support': 200.0}, 'Malware': {'precision': 0.2557077625570776, 'recall': 0.14, 'f1-score': 0.18093699515347336, 'support': 400.0}, 'Scan': {'precision': 0.5073529411764706, 'recall': 0.345, 'f1-score': 0.4107142857142857, 'support': 200.0}, 'WebAttack': {'precision': 0.6216216216216216, 'recall': 0.0575, 'f1-score': 0.10526315789473685, 'support': 400.0}, 'accuracy': 0.31802325581395346, 'macro avg': {'precision': 0.36767351755884786, 'recall': 0.4077380952380953, 'f1-score': 0.3090943117082861, 'support': 1720.0}, 'weighted avg': {'precision': 0.3921736618170601, 'recall': 0.31802325581395346, 'f1-score': 0.27026052329017086, 'support': 1720.0}}","[[ 95   0   7  15   3   0   0]
 [  6  71   1  30  65  26   1]
 [  1   3 190   1   0   5   0]
 [ 42  53   0  43  28  21  13]
 [  0  62 214  54  56  14   0]
 [  0  16  37  13  65  69   0]
 [341  20   0  13   2   1  23]]",0.8246328830718994,0.19211530685424805
ToN_IoT,['*'],None,StandardScaler,SGD_FTSP,0.33833567620621746,-1,-1,83.40531561461793,32.714285714285715,9.680232558139535,19.243596880295335,22.06970361486916,-1,"{'BruteForce': {'precision': 0.0, 'recall': 0.0, 'f1-score': 0.0, 'support': 120.0}, 'DDoS': {'precision': 0.0, 'recall': 0.0, 'f1-score': 0.0, 'support': 200.0}, 'DoS': {'precision': 0.2366504854368932, 'recall': 0.975, 'f1-score': 0.380859375, 'support': 200.0}, 'MITM': {'precision': 0.0, 'recall': 0.0, 'f1-score': 0.0, 'support': 200.0}, 'Malware': {'precision': 0.4697508896797153, 'recall': 0.33, 'f1-score': 0.3876651982378855, 'support': 400.0}, 'Scan': {'precision': 0.0, 'recall': 0.0, 'f1-score': 0.0, 'support': 200.0}, 'WebAttack': {'precision': 0.640650406504065, 'recall': 0.985, 'f1-score': 0.7763546798029557, 'support': 400.0}, 'accuracy': 0.4191860465116279, 'macro avg': {'precision': 0.19243596880295336, 'recall': 0.3271428571428571, 'f1-score': 0.22069703614869157, 'support': 1720.0}, 'weighted avg': {'precision': 0.2857503578842388, 'recall': 0.4191860465116279, 'f1-score': 0.31498827105600957, 'support': 1720.0}}","[[  0   0  10   0   0   0 110]
 [  0   0 137   0  37   0  26]
 [  0   0 195   0   4   0   1]
 [  0   0  45   0  77   0  78]
 [  0   0 264   0 132   0   4]
 [  0   0 169   0  29   0   2]
 [  0   0   4   0   2   0 394]]",0.017851591110229492,0.00015497207641601562
ToN_IoT,*,None,MinMaxScaler,KNN,0.8419267786718792,-1,-1,96.24584717607974,82.36904761904763,2.1899224806201554,83.1276572762259,82.65034986197583,-1,"{'BruteForce': {'precision': 0.33695652173913043, 'recall': 0.25833333333333336, 'f1-score': 0.29245283018867924, 'support': 120.0}, 'DDoS': {'precision': 0.9484536082474226, 'recall': 0.92, 'f1-score': 0.9340101522842639, 'support': 200.0}, 'DoS': {'precision': 0.9795918367346939, 'recall': 0.96, 'f1-score': 0.9696969696969697, 'support': 200.0}, 'MITM': {'precision': 0.9336734693877551, 'recall': 0.915, 'f1-score': 0.9242424242424242, 'support': 200.0}, 'Malware': {'precision': 0.9583333333333334, 'recall': 0.9775, 'f1-score': 0.9678217821782178, 'support': 400.0}, 'Scan': {'precision': 0.8916256157635468, 'recall': 0.905, 'f1-score': 0.8982630272952853, 'support': 200.0}, 'WebAttack': {'precision': 0.7703016241299304, 'recall': 0.83, 'f1-score': 0.7990373044524669, 'support': 400.0}, 'accuracy': 0.8686046511627907, 'macro avg': {'precision': 0.831276572762259, 'recall': 0.8236904761904763, 'f1-score': 0.8265034986197582, 'support': 1720.0}, 'weighted avg': {'precision': 0.8619521346631889, 'recall': 0.8686046511627907, 'f1-score': 0.8645816796387815, 'support': 1720.0}}","[[ 31   3   0   0   3   5  78]
 [  3 184   0   2   1   4   6]
 [  0   0 192   2   0   5   1]
 [  2   1   2 183   0   1  11]
 [  0   1   0   2 391   6   0]
 [  3   0   2   0  11 181   3]
 [ 53   5   0   7   2   1 332]]",0.0003845691680908203,0.010558843612670898
ToN_IoT,*,None,MinMaxScaler,LDA,0.7374815738269344,-1,-1,93.72093023255815,69.53571428571428,3.662790697674419,68.85648650240643,68.43591303431947,-1,"{'BruteForce': {'precision': 0.0, 'recall': 0.0, 'f1-score': 0.0, 'support': 120.0}, 'DDoS': {'precision': 0.7162790697674418, 'recall': 0.77, 'f1-score': 0.7421686746987952, 'support': 200.0}, 'DoS': {'precision': 0.945273631840796, 'recall': 0.95, 'f1-score': 0.9476309226932668, 'support': 200.0}, 'MITM': {'precision': 0.9312977099236641, 'recall': 0.61, 'f1-score': 0.7371601208459215, 'support': 200.0}, 'Malware': {'precision': 0.8321995464852607, 'recall': 0.9175, 'f1-score': 0.8727705112960761, 'support': 400.0}, 'Scan': {'precision': 0.702020202020202, 'recall': 0.695, 'f1-score': 0.6984924623115578, 'support': 200.0}, 'WebAttack': {'precision': 0.6928838951310862, 'recall': 0.925, 'f1-score': 0.7922912205567453, 'support': 400.0}, 'accuracy': 0.7802325581395348, 'macro avg': {'precision': 0.6885648650240643, 'recall': 0.6953571428571428, 'f1-score': 0.6843591303431946, 'support': 1720.0}, 'weighted avg': {'precision': 0.7377950577656741, 'recall': 0.7802325581395348, 'f1-score': 0.750648330727347, 'support': 1720.0}}","[[  0  14   0   0   8   3  95]
 [  0 154   2   3   3  25  13]
 [  0   5 190   4   0   0   1]
 [  0  14   2 122   7   1  54]
 [  0   4   1   1 367  27   0]
 [  0   0   6   0  54 139   1]
 [  0  24   0   1   2   3 370]]",0.004370689392089844,0.00017833709716796875
ToN_IoT,*,None,MinMaxScaler,MLP,0.803496001729323,-1,-1,95.28239202657808,75.82142857142857,2.751937984496124,73.47046634451317,74.36132418018985,-1,"{'BruteForce': {'precision': 0.0, 'recall': 0.0, 'f1-score': 0.0, 'support': 120.0}, 'DDoS': {'precision': 0.8108108108108109, 'recall': 0.9, 'f1-score': 0.8530805687203792, 'support': 200.0}, 'DoS': {'precision': 0.9895833333333334, 'recall': 0.95, 'f1-score': 0.9693877551020408, 'support': 200.0}, 'MITM': {'precision': 0.9340659340659341, 'recall': 0.85, 'f1-score': 0.8900523560209425, 'support': 200.0}, 'Malware': {'precision': 0.851258581235698, 'recall': 0.93, 'f1-score': 0.888888888888889, 'support': 400.0}, 'Scan': {'precision': 0.8121546961325967, 'recall': 0.735, 'f1-score': 0.7716535433070866, 'support': 200.0}, 'WebAttack': {'precision': 0.7450592885375494, 'recall': 0.9425, 'f1-score': 0.8322295805739515, 'support': 400.0}, 'accuracy': 0.8348837209302326, 'macro avg': {'precision': 0.7347046634451317, 'recall': 0.7582142857142857, 'f1-score': 0.7436132418018985, 'support': 1720.0}, 'weighted avg': {'precision': 0.7836337806847872, 'recall': 0.8348837209302326, 'f1-score': 0.8053966467530383, 'support': 1720.0}}","[[  0  14   0   0   7   3  96]
 [  0 180   0   2   3   2  13]
 [  0   0 190   4   0   5   1]
 [  0  11   0 170   5   0  14]
 [  0   1   0   2 372  22   3]
 [  0   0   2   0  49 147   2]
 [  0  16   0   4   1   2 377]]",1.9307835102081299,0.0007147789001464844
ToN_IoT,*,None,MinMaxScaler,LGBM,0.9777269015889772,-1,-1,99.46843853820599,98.17857142857143,0.31007751937984496,98.14177904381646,98.13685398798249,-1,"{'BruteForce': {'precision': 1.0, 'recall': 1.0, 'f1-score': 1.0, 'support': 120.0}, 'DDoS': {'precision': 0.9846938775510204, 'recall': 0.965, 'f1-score': 0.9747474747474748, 'support': 200.0}, 'DoS': {'precision': 0.9948453608247423, 'recall': 0.965, 'f1-score': 0.9796954314720813, 'support': 200.0}, 'MITM': {'precision': 0.9255813953488372, 'recall': 0.995, 'f1-score': 0.9590361445783133, 'support': 200.0}, 'Malware': {'precision': 0.9875311720698254, 'recall': 0.99, 'f1-score': 0.9887640449438203, 'support': 400.0}, 'Scan': {'precision': 0.98989898989899, 'recall': 0.98, 'f1-score': 0.9849246231155778, 'support': 200.0}, 'WebAttack': {'precision': 0.9873737373737373, 'recall': 0.9775, 'f1-score': 0.9824120603015074, 'support': 400.0}, 'accuracy': 0.9813953488372092, 'macro avg': {'precision': 0.9814177904381646, 'recall': 0.9817857142857143, 'f1-score': 0.981368539879825, 'support': 1720.0}, 'weighted avg': {'precision': 0.9819569119198505, 'recall': 0.9813953488372092, 'f1-score': 0.9814832423725701, 'support': 1720.0}}","[[120   0   0   0   0   0   0]
 [  0 193   0   0   4   0   3]
 [  0   0 193   7   0   0   0]
 [  0   0   0 199   0   1   0]
 [  0   1   0   2 396   1   0]
 [  0   0   1   0   1 196   2]
 [  0   2   0   7   0   0 391]]",1.059952974319458,0.008562803268432617
ToN_IoT,*,None,MinMaxScaler,NuSVC,0.718456148357873,-1,-1,93.17275747508306,74.75,3.9825581395348837,74.78022100194359,73.99891668800117,-1,"{'BruteForce': {'precision': 0.26288659793814434, 'recall': 0.425, 'f1-score': 0.32484076433121023, 'support': 120.0}, 'DDoS': {'precision': 0.7427385892116183, 'recall': 0.895, 'f1-score': 0.8117913832199546, 'support': 200.0}, 'DoS': {'precision': 0.9241706161137441, 'recall': 0.975, 'f1-score': 0.948905109489051, 'support': 200.0}, 'MITM': {'precision': 0.8975903614457831, 'recall': 0.745, 'f1-score': 0.814207650273224, 'support': 200.0}, 'Malware': {'precision': 0.851258581235698, 'recall': 0.93, 'f1-score': 0.888888888888889, 'support': 400.0}, 'Scan': {'precision': 0.8068181818181818, 'recall': 0.71, 'f1-score': 0.7553191489361702, 'support': 200.0}, 'WebAttack': {'precision': 0.7491525423728813, 'recall': 0.5525, 'f1-score': 0.6359712230215827, 'support': 400.0}, 'accuracy': 0.7610465116279069, 'macro avg': {'precision': 0.7478022100194358, 'recall': 0.7474999999999999, 'f1-score': 0.7399891668800117, 'support': 1720.0}, 'weighted avg': {'precision': 0.7825432505313223, 'recall': 0.7610465116279069, 'f1-score': 0.76451720631838, 'support': 1720.0}}","[[ 51  14   0   0   7   4  44]
 [  1 179   0   8   3   2   7]
 [  0   0 195   4   0   0   1]
 [  0  15  10 149   4   2  20]
 [  0   4   1   0 372  23   0]
 [  0   0   5   0  51 142   2]
 [142  29   0   5   0   3 221]]",0.5230240821838379,0.16671967506408691
ToN_IoT,*,None,MinMaxScaler,SGD,0.7393109444645487,-1,-1,93.70431893687707,69.39285714285714,3.6724806201550386,71.63617271225445,68.43028407226912,-1,"{'BruteForce': {'precision': 0.0, 'recall': 0.0, 'f1-score': 0.0, 'support': 120.0}, 'DDoS': {'precision': 0.6360424028268551, 'recall': 0.9, 'f1-score': 0.7453416149068323, 'support': 200.0}, 'DoS': {'precision': 0.9701492537313433, 'recall': 0.975, 'f1-score': 0.972568578553616, 'support': 200.0}, 'MITM': {'precision': 0.944, 'recall': 0.59, 'f1-score': 0.7261538461538461, 'support': 200.0}, 'Malware': {'precision': 0.8140043763676149, 'recall': 0.93, 'f1-score': 0.868144690781797, 'support': 400.0}, 'Scan': {'precision': 0.9732142857142857, 'recall': 0.545, 'f1-score': 0.6987179487179488, 'support': 200.0}, 'WebAttack': {'precision': 0.6771217712177122, 'recall': 0.9175, 'f1-score': 0.7791932059447984, 'support': 400.0}, 'accuracy': 0.7796511627906977, 'macro avg': {'precision': 0.7163617271225445, 'recall': 0.6939285714285715, 'f1-score': 0.6843028407226912, 'support': 1720.0}, 'weighted avg': {'precision': 0.7564718880747836, 'recall': 0.7796511627906977, 'f1-score': 0.7485416025331899, 'support': 1720.0}}","[[  0  16   0   0   7   1  96]
 [  0 180   0   1   3   1  15]
 [  0   0 195   4   0   0   1]
 [  0  15   0 118   6   0  61]
 [  0  26   1   1 372   0   0]
 [  0  17   5   0  67 109   2]
 [  0  29   0   1   2   1 367]]",0.030290603637695312,0.0005118846893310547
ToN_IoT,['*'],rbf,MinMaxScaler,KNN_FTSP,0.48243554809972333,-1,-1,87.70764119601328,50.86904761904763,7.170542635658915,51.75527474169781,50.81619377592447,-1,"{'BruteForce': {'precision': 0.4673913043478261, 'recall': 0.35833333333333334, 'f1-score': 0.40566037735849053, 'support': 120.0}, 'DDoS': {'precision': 0.5, 'recall': 0.525, 'f1-score': 0.5121951219512195, 'support': 200.0}, 'DoS': {'precision': 0.41263940520446096, 'recall': 0.555, 'f1-score': 0.4733475479744137, 'support': 200.0}, 'MITM': {'precision': 0.38372093023255816, 'recall': 0.33, 'f1-score': 0.3548387096774193, 'support': 200.0}, 'Malware': {'precision': 0.6231527093596059, 'recall': 0.6325, 'f1-score': 0.6277915632754343, 'support': 400.0}, 'Scan': {'precision': 0.45255474452554745, 'recall': 0.31, 'f1-score': 0.3679525222551929, 'support': 200.0}, 'WebAttack': {'precision': 0.783410138248848, 'recall': 0.85, 'f1-score': 0.815347721822542, 'support': 400.0}, 'accuracy': 0.5697674418604651, 'macro avg': {'precision': 0.5175527474169781, 'recall': 0.5086904761904762, 'f1-score': 0.5081619377592447, 'support': 1720.0}, 'weighted avg': {'precision': 0.5630785532311825, 'recall': 0.5697674418604651, 'f1-score': 0.5625591509848015, 'support': 1720.0}}","[[ 43   0   1   1   6   5  64]
 [  2 105  36  14  22  14   7]
 [  0  36 111  15  31   6   1]
 [  0  26  27  66  38  23  20]
 [  1  21  63  35 253  27   0]
 [  1  19  31  33  52  62   2]
 [ 45   3   0   8   4   0 340]]",0.0011963844299316406,0.022436141967773438
ToN_IoT,['*'],rbf,MinMaxScaler,LDA_FTSP,0.37248075979325385,-1,-1,84.5016611295681,28.535714285714285,9.040697674418604,20.090499336482416,20.690629229677818,-1,"{'BruteForce': {'precision': 0.0, 'recall': 0.0, 'f1-score': 0.0, 'support': 120.0}, 'DDoS': {'precision': 0.0, 'recall': 0.0, 'f1-score': 0.0, 'support': 200.0}, 'DoS': {'precision': 0.0, 'recall': 0.0, 'f1-score': 0.0, 'support': 200.0}, 'MITM': {'precision': 0.3076923076923077, 'recall': 0.06, 'f1-score': 0.10041841004184102, 'support': 200.0}, 'Malware': {'precision': 0.339606501283148, 'recall': 0.9925, 'f1-score': 0.5060548119821543, 'support': 400.0}, 'Scan': {'precision': 0.0, 'recall': 0.0, 'f1-score': 0.0, 'support': 200.0}, 'WebAttack': {'precision': 0.7590361445783133, 'recall': 0.945, 'f1-score': 0.841870824053452, 'support': 400.0}, 'accuracy': 0.4575581395348837, 'macro avg': {'precision': 0.20090499336482415, 'recall': 0.28535714285714286, 'f1-score': 0.20690629229677818, 'support': 1720.0}, 'weighted avg': {'precision': 0.2912764650482826, 'recall': 0.4575581395348837, 'f1-score': 0.32514763745500624, 'support': 1720.0}}","[[  0   0   0  14  10   0  96]
 [  2   0   0   0 190   0   8]
 [  0   0   0   0 199   0   1]
 [  9   0   0  12 166   0  13]
 [  0   0   0   3 397   0   0]
 [  0   0   0   0 198   0   2]
 [  3   0   0  10   9   0 378]]",0.0007746219635009766,0.0001251697540283203
ToN_IoT,['*'],rbf,MinMaxScaler,MLP_FTSP,0.4397966786903876,-1,-1,86.29568106312291,36.17857142857143,7.994186046511628,32.61718885423562,30.977095252692312,-1,"{'BruteForce': {'precision': 0.0, 'recall': 0.0, 'f1-score': 0.0, 'support': 120.0}, 'DDoS': {'precision': 0.628099173553719, 'recall': 0.38, 'f1-score': 0.4735202492211838, 'support': 200.0}, 'DoS': {'precision': 0.0, 'recall': 0.0, 'f1-score': 0.0, 'support': 200.0}, 'MITM': {'precision': 0.525, 'recall': 0.21, 'f1-score': 0.3, 'support': 200.0}, 'Malware': {'precision': 0.396, 'recall': 0.99, 'f1-score': 0.5657142857142856, 'support': 400.0}, 'Scan': {'precision': 0.0, 'recall': 0.0, 'f1-score': 0.0, 'support': 200.0}, 'WebAttack': {'precision': 0.7341040462427746, 'recall': 0.9525, 'f1-score': 0.8291621327529924, 'support': 400.0}, 'accuracy': 0.5203488372093024, 'macro avg': {'precision': 0.3261718885423562, 'recall': 0.3617857142857143, 'f1-score': 0.3097709525269231, 'support': 1720.0}, 'weighted avg': {'precision': 0.3968961937254963, 'recall': 0.5203488372093024, 'f1-score': 0.41433407978555115, 'support': 1720.0}}","[[  0  14   0   1   9   0  96]
 [  0  76   0  10 104   0  10]
 [  0   0   0   0 199   0   1]
 [  0  14   0  42 115   0  29]
 [  0   4   0   0 396   0   0]
 [  0   1   0  25 172   0   2]
 [  0  12   0   2   5   0 381]]",1.6780953407287598,0.0006945133209228516
ToN_IoT,['*'],rbf,MinMaxScaler,LGBM_FTSP,0.5171867901372589,-1,-1,88.53820598006644,51.357142857142854,6.686046511627906,56.64947398305716,51.07674779589125,-1,"{'BruteForce': {'precision': 0.5853658536585366, 'recall': 0.2, 'f1-score': 0.29813664596273287, 'support': 120.0}, 'DDoS': {'precision': 0.6, 'recall': 0.45, 'f1-score': 0.5142857142857143, 'support': 200.0}, 'DoS': {'precision': 0.4186046511627907, 'recall': 0.72, 'f1-score': 0.5294117647058824, 'support': 200.0}, 'MITM': {'precision': 0.5089285714285714, 'recall': 0.285, 'f1-score': 0.36538461538461536, 'support': 200.0}, 'Malware': {'precision': 0.6152173913043478, 'recall': 0.7075, 'f1-score': 0.6581395348837209, 'support': 400.0}, 'Scan': {'precision': 0.46923076923076923, 'recall': 0.305, 'f1-score': 0.3696969696969697, 'support': 200.0}, 'WebAttack': {'precision': 0.7681159420289855, 'recall': 0.9275, 'f1-score': 0.8403171007927519, 'support': 400.0}, 'accuracy': 0.5988372093023255, 'macro avg': {'precision': 0.5664947398305716, 'recall': 0.5135714285714286, 'f1-score': 0.5107674779589125, 'support': 1720.0}, 'weighted avg': {'precision': 0.5947267640330139, 'recall': 0.5988372093023255, 'f1-score': 0.576113293372531, 'support': 1720.0}}","[[ 24   0   2   5   3   3  83]
 [  0  90  50  12  28  10  10]
 [  0  18 144   7  29   1   1]
 [  0  15  35  57  47  29  17]
 [  1  14  73   3 283  26   0]
 [  1   8  39  23  67  61   1]
 [ 15   5   1   5   3   0 371]]",0.8959188461303711,0.008767366409301758
ToN_IoT,['*'],rbf,MinMaxScaler,NuSVC_FTSP,0.09110972062360656,-1,-1,76.64451827242524,24.500000000000004,13.624031007751938,20.272814367208742,12.148019975077975,-1,"{'BruteForce': {'precision': 0.1995841995841996, 'recall': 0.8, 'f1-score': 0.3194675540765391, 'support': 120.0}, 'DDoS': {'precision': 0.14893617021276595, 'recall': 0.735, 'f1-score': 0.24768323504633527, 'support': 200.0}, 'DoS': {'precision': 0.0, 'recall': 0.0, 'f1-score': 0.0, 'support': 200.0}, 'MITM': {'precision': 0.07692307692307693, 'recall': 0.005, 'f1-score': 0.009389671361502348, 'support': 200.0}, 'Malware': {'precision': 0.18877551020408162, 'recall': 0.0925, 'f1-score': 0.12416107382550336, 'support': 400.0}, 'Scan': {'precision': 0.0, 'recall': 0.0, 'f1-score': 0.0, 'support': 200.0}, 'WebAttack': {'precision': 0.8048780487804879, 'recall': 0.0825, 'f1-score': 0.14965986394557823, 'support': 400.0}, 'accuracy': 0.18255813953488373, 'macro avg': {'precision': 0.2027281436720874, 'recall': 0.24500000000000002, 'f1-score': 0.12148019975077975, 'support': 1720.0}, 'weighted avg': {'precision': 0.271269405215756, 'recall': 0.18255813953488373, 'f1-score': 0.11585992027859585, 'support': 1720.0}}","[[ 96   8   0   0  16   0   0]
 [ 10 147   0  11  32   0   0]
 [  1 133   0   0  66   0   0]
 [ 23 149   0   1  18   1   8]
 [  0 363   0   0  37   0   0]
 [  2 177   0   1  20   0   0]
 [349  10   0   0   7   1  33]]",0.6259298324584961,0.18809151649475098
ToN_IoT,['*'],rbf,MinMaxScaler,SGD_FTSP,0.22546574439706574,-1,-1,81.94352159468438,23.82142857142857,10.532945736434108,15.30735979604081,18.5331539489797,-1,"{'BruteForce': {'precision': 0.0, 'recall': 0.0, 'f1-score': 0.0, 'support': 120.0}, 'DDoS': {'precision': 0.0, 'recall': 0.0, 'f1-score': 0.0, 'support': 200.0}, 'DoS': {'precision': 0.07327586206896551, 'recall': 0.17, 'f1-score': 0.10240963855421686, 'support': 200.0}, 'MITM': {'precision': 0.0, 'recall': 0.0, 'f1-score': 0.0, 'support': 200.0}, 'Malware': {'precision': 0.296987087517934, 'recall': 0.5175, 'f1-score': 0.3773928896991796, 'support': 400.0}, 'Scan': {'precision': 0.0, 'recall': 0.0, 'f1-score': 0.0, 'support': 200.0}, 'WebAttack': {'precision': 0.7012522361359571, 'recall': 0.98, 'f1-score': 0.8175182481751825, 'support': 400.0}, 'accuracy': 0.3680232558139535, 'macro avg': {'precision': 0.1530735979604081, 'recall': 0.2382142857142857, 'f1-score': 0.185331539489797, 'support': 1720.0}, 'weighted avg': {'precision': 0.24066912899729623, 'recall': 0.3680232558139535, 'f1-score': 0.2897944086398769, 'support': 1720.0}}","[[  0   0   3   0   7   0 110]
 [  0   0  99   0  87   0  14]
 [  0   0  34   0 165   0   1]
 [  0   0  46   0 117   0  37]
 [  0   0 190   0 207   0   3]
 [  0   0  87   0 111   0   2]
 [  0   0   5   0   3   0 392]]",0.017027854919433594,0.00015687942504882812
ToN_IoT,['*'],poly,MinMaxScaler,KNN_FTSP,0.46086282469517914,-1,-1,87.19269102990033,49.142857142857146,7.47093023255814,49.975634606494154,49.12248994248793,-1,"{'BruteForce': {'precision': 0.47191011235955055, 'recall': 0.35, 'f1-score': 0.40191387559808617, 'support': 120.0}, 'DDoS': {'precision': 0.48, 'recall': 0.48, 'f1-score': 0.48, 'support': 200.0}, 'DoS': {'precision': 0.3978102189781022, 'recall': 0.545, 'f1-score': 0.45991561181434604, 'support': 200.0}, 'MITM': {'precision': 0.36, 'recall': 0.315, 'f1-score': 0.33599999999999997, 'support': 200.0}, 'Malware': {'precision': 0.5989974937343359, 'recall': 0.5975, 'f1-score': 0.5982478097622027, 'support': 400.0}, 'Scan': {'precision': 0.4066666666666667, 'recall': 0.305, 'f1-score': 0.34857142857142853, 'support': 200.0}, 'WebAttack': {'precision': 0.7829099307159353, 'recall': 0.8475, 'f1-score': 0.8139255702280912, 'support': 400.0}, 'accuracy': 0.5517441860465117, 'macro avg': {'precision': 0.49975634606494157, 'recall': 0.4914285714285715, 'f1-score': 0.4912248994248793, 'support': 1720.0}, 'weighted avg': {'precision': 0.5455160234838421, 'recall': 0.5517441860465117, 'f1-score': 0.5453467588052574, 'support': 1720.0}}","[[ 42   0   1   0   5   4  68]
 [  2  96  37  17  28  14   6]
 [  0  32 109  15  38   5   1]
 [  2  27  30  63  38  24  16]
 [  2  22  67  28 239  41   1]
 [  3  18  30  36  50  61   2]
 [ 38   5   0  16   1   1 339]]",0.0011920928955078125,0.02270960807800293
ToN_IoT,['*'],poly,MinMaxScaler,LDA_FTSP,0.3711205463292607,-1,-1,84.48504983388703,28.500000000000004,9.050387596899224,19.960237571660127,20.66206220770785,-1,"{'BruteForce': {'precision': 0.0, 'recall': 0.0, 'f1-score': 0.0, 'support': 120.0}, 'DDoS': {'precision': 0.0, 'recall': 0.0, 'f1-score': 0.0, 'support': 200.0}, 'DoS': {'precision': 0.0, 'recall': 0.0, 'f1-score': 0.0, 'support': 200.0}, 'MITM': {'precision': 0.3, 'recall': 0.06, 'f1-score': 0.09999999999999999, 'support': 200.0}, 'Malware': {'precision': 0.3401885175664096, 'recall': 0.9925, 'f1-score': 0.5067007019783025, 'support': 400.0}, 'Scan': {'precision': 0.0, 'recall': 0.0, 'f1-score': 0.0, 'support': 200.0}, 'WebAttack': {'precision': 0.7570281124497992, 'recall': 0.9425, 'f1-score': 0.8396436525612472, 'support': 400.0}, 'accuracy': 0.4569767441860465, 'macro avg': {'precision': 0.19960237571660125, 'recall': 0.28500000000000003, 'f1-score': 0.20662062207707851, 'support': 1720.0}, 'weighted avg': {'precision': 0.2900503790735369, 'recall': 0.4569767441860465, 'f1-score': 0.3247312452417558, 'support': 1720.0}}","[[  0   0   0  14  10   0  96]
 [  1   0   1   0 189   0   9]
 [  0   0   0   0 199   0   1]
 [ 10   0   0  12 165   0  13]
 [  0   0   0   3 397   0   0]
 [  0   0   0   0 198   0   2]
 [  3   0   0  11   9   0 377]]",0.0007824897766113281,0.00013589859008789062
ToN_IoT,['*'],poly,MinMaxScaler,MLP_FTSP,0.4417963670533246,-1,-1,86.37873754152824,36.57142857142857,7.945736434108527,32.32564260739273,31.3924644668825,-1,"{'BruteForce': {'precision': 0.0, 'recall': 0.0, 'f1-score': 0.0, 'support': 120.0}, 'DDoS': {'precision': 0.6333333333333333, 'recall': 0.38, 'f1-score': 0.4750000000000001, 'support': 200.0}, 'DoS': {'precision': 0.0, 'recall': 0.0, 'f1-score': 0.0, 'support': 200.0}, 'MITM': {'precision': 0.4948453608247423, 'recall': 0.24, 'f1-score': 0.3232323232323232, 'support': 200.0}, 'Malware': {'precision': 0.4024390243902439, 'recall': 0.99, 'f1-score': 0.5722543352601156, 'support': 400.0}, 'Scan': {'precision': 0.0, 'recall': 0.0, 'f1-score': 0.0, 'support': 200.0}, 'WebAttack': {'precision': 0.7321772639691715, 'recall': 0.95, 'f1-score': 0.8269858541893362, 'support': 400.0}, 'accuracy': 0.5232558139534884, 'macro avg': {'precision': 0.3232564260739273, 'recall': 0.36571428571428566, 'f1-score': 0.313924644668825, 'support': 1720.0}, 'weighted avg': {'precision': 0.39504782219498913, 'recall': 0.5232558139534884, 'f1-score': 0.4182224072245613, 'support': 1720.0}}","[[  0  14   0   1   9   0  96]
 [  0  76   0  12 102   0  10]
 [  0   0   0   3 196   0   1]
 [  0  12   0  48 110   0  30]
 [  0   4   0   0 396   0   0]
 [  0   1   0  31 166   0   2]
 [  0  13   0   2   5   0 380]]",1.6949784755706787,0.0007314682006835938
ToN_IoT,['*'],poly,MinMaxScaler,LGBM_FTSP,0.5031780038790472,-1,-1,88.17275747508305,51.01190476190476,6.899224806201551,55.02872673205926,50.45401975411716,-1,"{'BruteForce': {'precision': 0.5555555555555556, 'recall': 0.20833333333333334, 'f1-score': 0.30303030303030304, 'support': 120.0}, 'DDoS': {'precision': 0.6330935251798561, 'recall': 0.44, 'f1-score': 0.519174041297935, 'support': 200.0}, 'DoS': {'precision': 0.4258241758241758, 'recall': 0.775, 'f1-score': 0.549645390070922, 'support': 200.0}, 'MITM': {'precision': 0.4444444444444444, 'recall': 0.32, 'f1-score': 0.37209302325581395, 'support': 200.0}, 'Malware': {'precision': 0.6081730769230769, 'recall': 0.6325, 'f1-score': 0.6200980392156862, 'support': 400.0}, 'Scan': {'precision': 0.4198473282442748, 'recall': 0.275, 'f1-score': 0.33232628398791536, 'support': 200.0}, 'WebAttack': {'precision': 0.7650727650727651, 'recall': 0.92, 'f1-score': 0.8354143019296255, 'support': 400.0}, 'accuracy': 0.586046511627907, 'macro avg': {'precision': 0.5502872673205926, 'recall': 0.5101190476190476, 'f1-score': 0.5045401975411716, 'support': 1720.0}, 'weighted avg': {'precision': 0.5817481966299731, 'recall': 0.586046511627907, 'f1-score': 0.5658234421769059, 'support': 1720.0}}","[[ 25   0   2   3   4   1  85]
 [  2  88  49  12  33   9   7]
 [  0  12 155  14  18   0   1]
 [  0  15  36  64  43  24  18]
 [  1  13  80  12 253  41   0]
 [  0   8  42  31  62  55   2]
 [ 17   3   0   8   3   1 368]]",0.9290785789489746,0.009465456008911133
ToN_IoT,['*'],poly,MinMaxScaler,NuSVC_FTSP,0.22624214857535394,-1,-1,80.53156146179403,25.976190476190474,11.356589147286822,22.33088377009439,19.847182413642713,-1,"{'BruteForce': {'precision': 0.016129032258064516, 'recall': 0.008333333333333333, 'f1-score': 0.01098901098901099, 'support': 120.0}, 'DDoS': {'precision': 0.16648168701442842, 'recall': 0.75, 'f1-score': 0.2724795640326975, 'support': 200.0}, 'DoS': {'precision': 0.0, 'recall': 0.0, 'f1-score': 0.0, 'support': 200.0}, 'MITM': {'precision': 0.14393939393939395, 'recall': 0.095, 'f1-score': 0.11445783132530121, 'support': 200.0}, 'Malware': {'precision': 0.375, 'recall': 0.105, 'f1-score': 0.1640625, 'support': 400.0}, 'Scan': {'precision': 0.14545454545454545, 'recall': 0.04, 'f1-score': 0.06274509803921569, 'support': 200.0}, 'WebAttack': {'precision': 0.7161572052401747, 'recall': 0.82, 'f1-score': 0.7645687645687645, 'support': 400.0}, 'accuracy': 0.3186046511627907, 'macro avg': {'precision': 0.22330883770094387, 'recall': 0.25976190476190475, 'f1-score': 0.19847182413642714, 'support': 1720.0}, 'weighted avg': {'precision': 0.30789156467948325, 'recall': 0.3186046511627907, 'f1-score': 0.26901609641025004, 'support': 1720.0}}","[[  1   9   0   1  14   0  95]
 [  0 150   0  24   5  10  11]
 [  0 128   0  46  25   0   1]
 [  9 117   0  19  10  24  21]
 [  0 322   0  25  42  11   0]
 [  0 169   0  16   5   8   2]
 [ 52   6   0   1  11   2 328]]",0.6203129291534424,0.18372583389282227
ToN_IoT,['*'],poly,MinMaxScaler,SGD_FTSP,0.3117622717927539,-1,-1,81.04651162790698,27.785714285714285,11.056201550387597,12.850891094665668,15.891080441389486,-1,"{'BruteForce': {'precision': 0.0, 'recall': 0.0, 'f1-score': 0.0, 'support': 120.0}, 'DDoS': {'precision': 0.0, 'recall': 0.0, 'f1-score': 0.0, 'support': 200.0}, 'DoS': {'precision': 0.16597164303586323, 'recall': 0.995, 'f1-score': 0.2844889206576126, 'support': 200.0}, 'MITM': {'precision': 0.0, 'recall': 0.0, 'f1-score': 0.0, 'support': 200.0}, 'Malware': {'precision': 0.0, 'recall': 0.0, 'f1-score': 0.0, 'support': 400.0}, 'Scan': {'precision': 0.0, 'recall': 0.0, 'f1-score': 0.0, 'support': 200.0}, 'WebAttack': {'precision': 0.7335907335907336, 'recall': 0.95, 'f1-score': 0.8278867102396513, 'support': 400.0}, 'accuracy': 0.33662790697674416, 'macro avg': {'precision': 0.12850891094665667, 'recall': 0.27785714285714286, 'f1-score': 0.15891080441389485, 'support': 1720.0}, 'weighted avg': {'precision': 0.18990152444387562, 'recall': 0.33662790697674416, 'f1-score': 0.22561190013219948, 'support': 1720.0}}","[[  0   0  24   0   0   0  96]
 [  0   0 189   0   1   0  10]
 [  0   0 199   0   0   0   1]
 [  0   0 169   0   2   0  29]
 [  0   0 400   0   0   0   0]
 [  0   0 198   0   0   0   2]
 [  0   0  20   0   0   0 380]]",0.016248464584350586,0.00014925003051757812
ToN_IoT,['*'],linear,MinMaxScaler,KNN_FTSP,0.7283643957544474,-1,-1,93.53820598006645,73.75,3.7693798449612403,74.10149473631452,73.8903966935423,-1,"{'BruteForce': {'precision': 0.5546218487394958, 'recall': 0.55, 'f1-score': 0.5523012552301255, 'support': 120.0}, 'DDoS': {'precision': 0.7165775401069518, 'recall': 0.67, 'f1-score': 0.6925064599483204, 'support': 200.0}, 'DoS': {'precision': 0.8704663212435233, 'recall': 0.84, 'f1-score': 0.8549618320610687, 'support': 200.0}, 'MITM': {'precision': 0.6911764705882353, 'recall': 0.705, 'f1-score': 0.6980198019801981, 'support': 200.0}, 'Malware': {'precision': 0.8548009367681498, 'recall': 0.9125, 'f1-score': 0.8827085852478839, 'support': 400.0}, 'Scan': {'precision': 0.6682926829268293, 'recall': 0.685, 'f1-score': 0.6765432098765433, 'support': 200.0}, 'WebAttack': {'precision': 0.8311688311688312, 'recall': 0.8, 'f1-score': 0.8152866242038217, 'support': 400.0}, 'accuracy': 0.7738372093023256, 'macro avg': {'precision': 0.7410149473631452, 'recall': 0.7375, 'f1-score': 0.738903966935423, 'support': 1720.0}, 'weighted avg': {'precision': 0.773398332556186, 'recall': 0.7738372093023256, 'f1-score': 0.7731863344078624, 'support': 1720.0}}","[[ 66   1   0   2   6   3  42]
 [  5 134   0  16  16  28   1]
 [  0   0 168   1  25   5   1]
 [  0  16   3 141   1  18  21]
 [  0  11  10   1 365  13   0]
 [  3  19  12  16  13 137   0]
 [ 45   6   0  27   1   1 320]]",0.0011987686157226562,0.022933483123779297
ToN_IoT,['*'],linear,MinMaxScaler,LDA_FTSP,0.352531614423297,-1,-1,84.35215946843854,28.214285714285715,9.127906976744187,17.304029304029303,19.906216395478467,-1,"{'BruteForce': {'precision': 0.0, 'recall': 0.0, 'f1-score': 0.0, 'support': 120.0}, 'DDoS': {'precision': 0.0, 'recall': 0.0, 'f1-score': 0.0, 'support': 200.0}, 'DoS': {'precision': 0.0, 'recall': 0.0, 'f1-score': 0.0, 'support': 200.0}, 'MITM': {'precision': 0.18461538461538463, 'recall': 0.06, 'f1-score': 0.09056603773584906, 'support': 200.0}, 'Malware': {'precision': 0.36, 'recall': 0.99, 'f1-score': 0.5279999999999999, 'support': 400.0}, 'Scan': {'precision': 0.0, 'recall': 0.0, 'f1-score': 0.0, 'support': 200.0}, 'WebAttack': {'precision': 0.6666666666666666, 'recall': 0.925, 'f1-score': 0.7748691099476439, 'support': 400.0}, 'accuracy': 0.45232558139534884, 'macro avg': {'precision': 0.17304029304029303, 'recall': 0.28214285714285714, 'f1-score': 0.19906216395478468, 'support': 1720.0}, 'weighted avg': {'precision': 0.260226595110316, 'recall': 0.45232558139534884, 'f1-score': 0.3135237508873414, 'support': 1720.0}}","[[  0   0   0  15  10   0  95]
 [  0   0   0   9 174   0  17]
 [  0   0   0   0 199   0   1]
 [  0   0   0  12 118   0  70]
 [  0   0   0   4 396   0   0]
 [  0   0   0   0 198   0   2]
 [  0   0   0  25   5   0 370]]",0.0007987022399902344,0.00012612342834472656
ToN_IoT,['*'],linear,MinMaxScaler,MLP_FTSP,0.46483395634951147,-1,-1,87.22591362126246,41.57142857142858,7.451550387596899,53.0764317010017,38.094986716146565,-1,"{'BruteForce': {'precision': 0.0, 'recall': 0.0, 'f1-score': 0.0, 'support': 120.0}, 'DDoS': {'precision': 0.5142857142857142, 'recall': 0.27, 'f1-score': 0.3540983606557377, 'support': 200.0}, 'DoS': {'precision': 0.875, 'recall': 0.07, 'f1-score': 0.12962962962962962, 'support': 200.0}, 'MITM': {'precision': 0.6153846153846154, 'recall': 0.12, 'f1-score': 0.20083682008368203, 'support': 200.0}, 'Malware': {'precision': 0.46800501882057716, 'recall': 0.9325, 'f1-score': 0.6232247284878863, 'support': 400.0}, 'Scan': {'precision': 0.587378640776699, 'recall': 0.605, 'f1-score': 0.5960591133004925, 'support': 200.0}, 'WebAttack': {'precision': 0.6552962298025135, 'recall': 0.9125, 'f1-score': 0.7628004179728317, 'support': 400.0}, 'accuracy': 0.5529069767441861, 'macro avg': {'precision': 0.530764317010017, 'recall': 0.41571428571428576, 'f1-score': 0.38094986716146567, 'support': 1720.0}, 'weighted avg': {'precision': 0.5626338915922336, 'recall': 0.5529069767441861, 'f1-score': 0.47124118797569514, 'support': 1720.0}}","[[  0  15   0   0   7   3  95]
 [  0  54   0   3  86  33  24]
 [  0   0  14   3 177   5   1]
 [  0  11   0  24  78  18  69]
 [  0   3   0   0 373  23   1]
 [  0   0   2   0  75 121   2]
 [  0  22   0   9   1   3 365]]",1.7054708003997803,0.0007236003875732422
ToN_IoT,['*'],linear,MinMaxScaler,LGBM_FTSP,0.7193936477981996,-1,-1,93.33887043189368,72.41666666666667,3.885658914728682,74.29902459100009,73.1167156967172,-1,"{'BruteForce': {'precision': 0.6017699115044248, 'recall': 0.5666666666666667, 'f1-score': 0.5836909871244635, 'support': 120.0}, 'DDoS': {'precision': 0.7375, 'recall': 0.59, 'f1-score': 0.6555555555555554, 'support': 200.0}, 'DoS': {'precision': 0.9005524861878453, 'recall': 0.815, 'f1-score': 0.8556430446194226, 'support': 200.0}, 'MITM': {'precision': 0.6739130434782609, 'recall': 0.62, 'f1-score': 0.6458333333333334, 'support': 200.0}, 'Malware': {'precision': 0.8171806167400881, 'recall': 0.9275, 'f1-score': 0.8688524590163934, 'support': 400.0}, 'Scan': {'precision': 0.6651376146788991, 'recall': 0.725, 'f1-score': 0.69377990430622, 'support': 200.0}, 'WebAttack': {'precision': 0.8048780487804879, 'recall': 0.825, 'f1-score': 0.8148148148148149, 'support': 400.0}, 'accuracy': 0.766860465116279, 'macro avg': {'precision': 0.7429902459100008, 'recall': 0.7241666666666667, 'f1-score': 0.7311671569671719, 'support': 1720.0}, 'weighted avg': {'precision': 0.7653816770103271, 'recall': 0.766860465116279, 'f1-score': 0.763762904389724, 'support': 1720.0}}","[[ 68   0   0   1   6   4  41]
 [  4 118   0  19  23  31   5]
 [  0   0 163   4  27   5   1]
 [  0  16   2 124   8  19  31]
 [  0   5   2   7 371  13   2]
 [  0  14  14  12  15 145   0]
 [ 41   7   0  17   4   1 330]]",0.9398190975189209,0.012529134750366211
ToN_IoT,['*'],linear,MinMaxScaler,NuSVC_FTSP,0.23633024249836898,-1,-1,80.86378737541528,38.13095238095238,11.162790697674419,35.49288287479235,31.23820667878373,-1,"{'BruteForce': {'precision': 0.2224824355971897, 'recall': 0.7916666666666666, 'f1-score': 0.3473491773308958, 'support': 120.0}, 'DDoS': {'precision': 0.1506276150627615, 'recall': 0.18, 'f1-score': 0.16400911161731208, 'support': 200.0}, 'DoS': {'precision': 0.4299363057324841, 'recall': 0.675, 'f1-score': 0.5252918287937743, 'support': 200.0}, 'MITM': {'precision': 0.35374149659863946, 'recall': 0.26, 'f1-score': 0.2997118155619597, 'support': 200.0}, 'Malware': {'precision': 0.4172661870503597, 'recall': 0.435, 'f1-score': 0.4259485924112607, 'support': 400.0}, 'Scan': {'precision': 0.41044776119402987, 'recall': 0.275, 'f1-score': 0.32934131736526945, 'support': 200.0}, 'WebAttack': {'precision': 0.5, 'recall': 0.0525, 'f1-score': 0.09502262443438914, 'support': 400.0}, 'accuracy': 0.3302325581395349, 'macro avg': {'precision': 0.3549288287479235, 'recall': 0.3813095238095238, 'f1-score': 0.3123820667878373, 'support': 1720.0}, 'weighted avg': {'precision': 0.38520639698220327, 'recall': 0.3302325581395349, 'f1-score': 0.2986867457474596, 'support': 1720.0}}","[[ 95  17   7   1   0   0   0]
 [  6  36   0  49  79  29   1]
 [  1   3 135   0  56   5   0]
 [ 13  46   2  52  47  21  19]
 [  2  68 133   0 174  23   0]
 [  0  46  37   1  60  55   1]
 [310  23   0  44   1   1  21]]",0.8098447322845459,0.18988943099975586
ToN_IoT,['*'],linear,MinMaxScaler,SGD_FTSP,0.26123237787401726,-1,-1,82.80730897009967,24.642857142857146,10.029069767441861,15.005876452661084,18.628267374013802,-1,"{'BruteForce': {'precision': 0.0, 'recall': 0.0, 'f1-score': 0.0, 'support': 120.0}, 'DDoS': {'precision': 0.0, 'recall': 0.0, 'f1-score': 0.0, 'support': 200.0}, 'DoS': {'precision': 0.012953367875647668, 'recall': 0.025, 'f1-score': 0.017064846416382253, 'support': 200.0}, 'MITM': {'precision': 0.0, 'recall': 0.0, 'f1-score': 0.0, 'support': 200.0}, 'Malware': {'precision': 0.398884239888424, 'recall': 0.715, 'f1-score': 0.5120859444941808, 'support': 400.0}, 'Scan': {'precision': 0.0, 'recall': 0.0, 'f1-score': 0.0, 'support': 200.0}, 'WebAttack': {'precision': 0.6385737439222042, 'recall': 0.985, 'f1-score': 0.7748279252704031, 'support': 400.0}, 'accuracy': 0.39825581395348836, 'macro avg': {'precision': 0.15005876452661085, 'recall': 0.24642857142857144, 'f1-score': 0.18628267374013802, 'support': 1720.0}, 'weighted avg': {'precision': 0.24277550412754698, 'recall': 0.39825581395348836, 'f1-score': 0.3012665797611105, 'support': 1720.0}}","[[  0   0   9   0   1   0 110]
 [  0   0  88   0  86   0  26]
 [  0   0   5   0 194   0   1]
 [  0   0  38   0  82   0  80]
 [  0   0 110   0 286   0   4]
 [  0   0 131   0  67   0   2]
 [  0   0   5   0   1   0 394]]",0.01870894432067871,0.00015664100646972656
ToN_IoT,['*'],sigmoid,MinMaxScaler,KNN_FTSP,0.46210563669543786,-1,-1,87.24252491694352,48.40476190476191,7.441860465116279,49.307838016969804,48.17200634796909,-1,"{'BruteForce': {'precision': 0.3333333333333333, 'recall': 0.20833333333333334, 'f1-score': 0.25641025641025644, 'support': 120.0}, 'DDoS': {'precision': 0.5083798882681564, 'recall': 0.455, 'f1-score': 0.4802110817941953, 'support': 200.0}, 'DoS': {'precision': 0.4236111111111111, 'recall': 0.61, 'f1-score': 0.5, 'support': 200.0}, 'MITM': {'precision': 0.3785310734463277, 'recall': 0.335, 'f1-score': 0.3554376657824934, 'support': 200.0}, 'Malware': {'precision': 0.6155717761557178, 'recall': 0.6325, 'f1-score': 0.623921085080148, 'support': 400.0}, 'Scan': {'precision': 0.45774647887323944, 'recall': 0.325, 'f1-score': 0.38011695906432746, 'support': 200.0}, 'WebAttack': {'precision': 0.734375, 'recall': 0.8225, 'f1-score': 0.7759433962264151, 'support': 400.0}, 'accuracy': 0.5534883720930233, 'macro avg': {'precision': 0.493078380169698, 'recall': 0.4840476190476191, 'f1-score': 0.4817200634796909, 'support': 1720.0}, 'weighted avg': {'precision': 0.5428095469779384, 'recall': 0.5534883720930233, 'f1-score': 0.5429466073372438, 'support': 1720.0}}","[[ 25   6   4   4   2   3  76]
 [  3  91  10  32  18  36  10]
 [  1   5 122   9  59   3   1]
 [  2  34  23  67  24  20  30]
 [  1  11 105  15 253  15   0]
 [  1  25  21  33  53  65   2]
 [ 42   7   3  17   2   0 329]]",0.0012195110321044922,0.022864818572998047
ToN_IoT,['*'],sigmoid,MinMaxScaler,LDA_FTSP,0.37014954368655334,-1,-1,84.3687707641196,27.82142857142857,9.118217054263567,15.048192858595542,18.847470109166522,-1,"{'BruteForce': {'precision': 0.0, 'recall': 0.0, 'f1-score': 0.0, 'support': 120.0}, 'DDoS': {'precision': 0.0, 'recall': 0.0, 'f1-score': 0.0, 'support': 200.0}, 'DoS': {'precision': 0.0, 'recall': 0.0, 'f1-score': 0.0, 'support': 200.0}, 'MITM': {'precision': 0.0, 'recall': 0.0, 'f1-score': 0.0, 'support': 200.0}, 'Malware': {'precision': 0.33557046979865773, 'recall': 1.0, 'f1-score': 0.5025125628140704, 'support': 400.0}, 'Scan': {'precision': 0.0, 'recall': 0.0, 'f1-score': 0.0, 'support': 200.0}, 'WebAttack': {'precision': 0.7178030303030303, 'recall': 0.9475, 'f1-score': 0.8168103448275862, 'support': 400.0}, 'accuracy': 0.45290697674418606, 'macro avg': {'precision': 0.1504819285859554, 'recall': 0.2782142857142857, 'f1-score': 0.18847470109166523, 'support': 1720.0}, 'weighted avg': {'precision': 0.24497058141899722, 'recall': 0.45290697674418606, 'f1-score': 0.30681928084689686, 'support': 1720.0}}","[[  0   0   0   0  24   0  96]
 [  0   0   0   0 190   0  10]
 [  0   0   0   0 199   0   1]
 [  0   0   0   0 160   0  40]
 [  0   0   0   0 400   0   0]
 [  0   0   0   0 198   0   2]
 [  0   0   0   0  21   0 379]]",0.0007691383361816406,0.00012993812561035156
ToN_IoT,['*'],sigmoid,MinMaxScaler,MLP_FTSP,0.46990626585637996,-1,-1,87.35880398671097,40.96428571428571,7.374031007751938,37.23293171756101,36.57436072286281,-1,"{'BruteForce': {'precision': 0.0, 'recall': 0.0, 'f1-score': 0.0, 'support': 120.0}, 'DDoS': {'precision': 0.5277777777777778, 'recall': 0.475, 'f1-score': 0.5, 'support': 200.0}, 'DoS': {'precision': 0.0, 'recall': 0.0, 'f1-score': 0.0, 'support': 200.0}, 'MITM': {'precision': 0.41216216216216217, 'recall': 0.305, 'f1-score': 0.3505747126436782, 'support': 200.0}, 'Malware': {'precision': 0.49493670886075947, 'recall': 0.9775, 'f1-score': 0.6571428571428571, 'support': 400.0}, 'Scan': {'precision': 0.45714285714285713, 'recall': 0.16, 'f1-score': 0.23703703703703707, 'support': 200.0}, 'WebAttack': {'precision': 0.7142857142857143, 'recall': 0.95, 'f1-score': 0.8154506437768242, 'support': 400.0}, 'accuracy': 0.5575581395348838, 'macro avg': {'precision': 0.3723293171756101, 'recall': 0.4096428571428571, 'f1-score': 0.3657436072286281, 'support': 1720.0}, 'weighted avg': {'precision': 0.4436660050436912, 'recall': 0.5575581395348838, 'f1-score': 0.46893008738605557, 'support': 1720.0}}","[[  0  15   0   1   6   2  96]
 [  0  95   0  34  42  19  10]
 [  0   2   0   5 192   0   1]
 [  0  32   0  61  52  12  43]
 [  0   4   0   0 391   5   0]
 [  0  16   0  46 104  32   2]
 [  0  16   0   1   3   0 380]]",1.682826280593872,0.0007121562957763672
ToN_IoT,['*'],sigmoid,MinMaxScaler,LGBM_FTSP,0.5336573848136065,-1,-1,89.00332225913621,52.107142857142854,6.4147286821705425,56.69934436911224,52.008261498378474,-1,"{'BruteForce': {'precision': 0.5, 'recall': 0.125, 'f1-score': 0.2, 'support': 120.0}, 'DDoS': {'precision': 0.6011904761904762, 'recall': 0.505, 'f1-score': 0.5489130434782609, 'support': 200.0}, 'DoS': {'precision': 0.47244094488188976, 'recall': 0.6, 'f1-score': 0.5286343612334802, 'support': 200.0}, 'MITM': {'precision': 0.5, 'recall': 0.33, 'f1-score': 0.39759036144578314, 'support': 200.0}, 'Malware': {'precision': 0.6409185803757829, 'recall': 0.7675, 'f1-score': 0.6985210466439136, 'support': 400.0}, 'Scan': {'precision': 0.5231788079470199, 'recall': 0.395, 'f1-score': 0.4501424501424502, 'support': 200.0}, 'WebAttack': {'precision': 0.7312252964426877, 'recall': 0.925, 'f1-score': 0.8167770419426049, 'support': 400.0}, 'accuracy': 0.6151162790697674, 'macro avg': {'precision': 0.5669934436911224, 'recall': 0.5210714285714285, 'f1-score': 0.5200826149837847, 'support': 1720.0}, 'weighted avg': {'precision': 0.5978020910065496, 'recall': 0.6151162790697674, 'f1-score': 0.5902181852875594, 'support': 1720.0}}","[[ 15   6   6   0   0   3  90]
 [  1 101  12  28  15  31  12]
 [  0   2 120   4  72   1   1]
 [  3  31  24  66  22  23  31]
 [  2   4  68   5 307  14   0]
 [  0  15  21  21  62  79   2]
 [  9   9   3   8   1   0 370]]",0.9136643409729004,0.013645172119140625
ToN_IoT,['*'],sigmoid,MinMaxScaler,NuSVC_FTSP,0.18019471573348142,-1,-1,80.1328903654485,27.535714285714285,11.589147286821705,27.265219807437024,24.961802570331315,-1,"{'BruteForce': {'precision': 0.3068181818181818, 'recall': 0.675, 'f1-score': 0.421875, 'support': 120.0}, 'DDoS': {'precision': 0.19148936170212766, 'recall': 0.18, 'f1-score': 0.18556701030927833, 'support': 200.0}, 'DoS': {'precision': 0.013953488372093023, 'recall': 0.03, 'f1-score': 0.019047619047619046, 'support': 200.0}, 'MITM': {'precision': 0.1553398058252427, 'recall': 0.08, 'f1-score': 0.1056105610561056, 'support': 200.0}, 'Malware': {'precision': 0.4180478821362799, 'recall': 0.5675, 'f1-score': 0.48144220572640506, 'support': 400.0}, 'Scan': {'precision': 0.0, 'recall': 0.0, 'f1-score': 0.0, 'support': 200.0}, 'WebAttack': {'precision': 0.8229166666666666, 'recall': 0.395, 'f1-score': 0.5337837837837839, 'support': 400.0}, 'accuracy': 0.30465116279069765, 'macro avg': {'precision': 0.27265219807437024, 'recall': 0.27535714285714286, 'f1-score': 0.24961802570331315, 'support': 1720.0}, 'weighted avg': {'precision': 0.35195379797631, 'recall': 0.30465116279069765, 'f1-score': 0.30160490342248614, 'support': 1720.0}}","[[ 81  13   4  10   5   0   7]
 [  8  36 112  14  25   0   5]
 [  0   6   6   0 187   0   1]
 [ 14  66  47  16  38   0  19]
 [  0   4 169   0 227   0   0]
 [  0  52  88   0  58   0   2]
 [161  11   4  63   3   0 158]]",0.6122913360595703,0.19046783447265625
ToN_IoT,['*'],sigmoid,MinMaxScaler,SGD_FTSP,0.24942880729684686,-1,-1,81.07973421926911,27.857142857142858,11.036821705426357,16.51849371898811,16.807547277896063,-1,"{'BruteForce': {'precision': 0.2727272727272727, 'recall': 0.025, 'f1-score': 0.04580152671755725, 'support': 120.0}, 'DDoS': {'precision': 0.0, 'recall': 0.0, 'f1-score': 0.0, 'support': 200.0}, 'DoS': {'precision': 0.1991701244813278, 'recall': 0.96, 'f1-score': 0.32989690721649484, 'support': 200.0}, 'MITM': {'precision': 0.0, 'recall': 0.0, 'f1-score': 0.0, 'support': 200.0}, 'Malware': {'precision': 0.0, 'recall': 0.0, 'f1-score': 0.0, 'support': 400.0}, 'Scan': {'precision': 0.0, 'recall': 0.0, 'f1-score': 0.0, 'support': 200.0}, 'WebAttack': {'precision': 0.6843971631205674, 'recall': 0.965, 'f1-score': 0.8008298755186722, 'support': 400.0}, 'accuracy': 0.3377906976744186, 'macro avg': {'precision': 0.16518493718988111, 'recall': 0.2785714285714286, 'f1-score': 0.16807547277896062, 'support': 1720.0}, 'weighted avg': {'precision': 0.2013489319021891, 'recall': 0.3377906976744186, 'f1-score': 0.22779506677725275, 'support': 1720.0}}","[[  3   0  12   0   1   0 104]
 [  0   0 131   0  48   0  21]
 [  0   0 192   0   7   0   1]
 [  1   0  81   0  69   0  49]
 [  3   0 396   0   0   0   1]
 [  0   0 144   0  54   0   2]
 [  4   0   8   0   2   0 386]]",0.017771005630493164,0.00016546249389648438
ToN_IoT,['*'],None,MinMaxScaler,KNN_FTSP,0.7283643957544474,-1,-1,93.53820598006645,73.75,3.7693798449612403,74.10149473631452,73.8903966935423,-1,"{'BruteForce': {'precision': 0.5546218487394958, 'recall': 0.55, 'f1-score': 0.5523012552301255, 'support': 120.0}, 'DDoS': {'precision': 0.7165775401069518, 'recall': 0.67, 'f1-score': 0.6925064599483204, 'support': 200.0}, 'DoS': {'precision': 0.8704663212435233, 'recall': 0.84, 'f1-score': 0.8549618320610687, 'support': 200.0}, 'MITM': {'precision': 0.6911764705882353, 'recall': 0.705, 'f1-score': 0.6980198019801981, 'support': 200.0}, 'Malware': {'precision': 0.8548009367681498, 'recall': 0.9125, 'f1-score': 0.8827085852478839, 'support': 400.0}, 'Scan': {'precision': 0.6682926829268293, 'recall': 0.685, 'f1-score': 0.6765432098765433, 'support': 200.0}, 'WebAttack': {'precision': 0.8311688311688312, 'recall': 0.8, 'f1-score': 0.8152866242038217, 'support': 400.0}, 'accuracy': 0.7738372093023256, 'macro avg': {'precision': 0.7410149473631452, 'recall': 0.7375, 'f1-score': 0.738903966935423, 'support': 1720.0}, 'weighted avg': {'precision': 0.773398332556186, 'recall': 0.7738372093023256, 'f1-score': 0.7731863344078624, 'support': 1720.0}}","[[ 66   1   0   2   6   3  42]
 [  5 134   0  16  16  28   1]
 [  0   0 168   1  25   5   1]
 [  0  16   3 141   1  18  21]
 [  0  11  10   1 365  13   0]
 [  3  19  12  16  13 137   0]
 [ 45   6   0  27   1   1 320]]",0.0010826587677001953,0.023378372192382812
ToN_IoT,['*'],None,MinMaxScaler,LDA_FTSP,0.352531614423297,-1,-1,84.35215946843854,28.214285714285715,9.127906976744187,17.304029304029303,19.906216395478467,-1,"{'BruteForce': {'precision': 0.0, 'recall': 0.0, 'f1-score': 0.0, 'support': 120.0}, 'DDoS': {'precision': 0.0, 'recall': 0.0, 'f1-score': 0.0, 'support': 200.0}, 'DoS': {'precision': 0.0, 'recall': 0.0, 'f1-score': 0.0, 'support': 200.0}, 'MITM': {'precision': 0.18461538461538463, 'recall': 0.06, 'f1-score': 0.09056603773584906, 'support': 200.0}, 'Malware': {'precision': 0.36, 'recall': 0.99, 'f1-score': 0.5279999999999999, 'support': 400.0}, 'Scan': {'precision': 0.0, 'recall': 0.0, 'f1-score': 0.0, 'support': 200.0}, 'WebAttack': {'precision': 0.6666666666666666, 'recall': 0.925, 'f1-score': 0.7748691099476439, 'support': 400.0}, 'accuracy': 0.45232558139534884, 'macro avg': {'precision': 0.17304029304029303, 'recall': 0.28214285714285714, 'f1-score': 0.19906216395478468, 'support': 1720.0}, 'weighted avg': {'precision': 0.260226595110316, 'recall': 0.45232558139534884, 'f1-score': 0.3135237508873414, 'support': 1720.0}}","[[  0   0   0  15  10   0  95]
 [  0   0   0   9 174   0  17]
 [  0   0   0   0 199   0   1]
 [  0   0   0  12 118   0  70]
 [  0   0   0   4 396   0   0]
 [  0   0   0   0 198   0   2]
 [  0   0   0  25   5   0 370]]",0.0007603168487548828,0.00013017654418945312
ToN_IoT,['*'],None,MinMaxScaler,MLP_FTSP,0.4641452019644245,-1,-1,87.20930232558139,41.5,7.461240310077518,52.94900590403033,37.96327788690578,-1,"{'BruteForce': {'precision': 0.0, 'recall': 0.0, 'f1-score': 0.0, 'support': 120.0}, 'DDoS': {'precision': 0.5142857142857142, 'recall': 0.27, 'f1-score': 0.3540983606557377, 'support': 200.0}, 'DoS': {'precision': 0.8666666666666667, 'recall': 0.065, 'f1-score': 0.12093023255813955, 'support': 200.0}, 'MITM': {'precision': 0.6153846153846154, 'recall': 0.12, 'f1-score': 0.20083682008368203, 'support': 200.0}, 'Malware': {'precision': 0.4674185463659148, 'recall': 0.9325, 'f1-score': 0.6227045075125209, 'support': 400.0}, 'Scan': {'precision': 0.587378640776699, 'recall': 0.605, 'f1-score': 0.5960591133004925, 'support': 200.0}, 'WebAttack': {'precision': 0.6552962298025135, 'recall': 0.9125, 'f1-score': 0.7628004179728317, 'support': 400.0}, 'accuracy': 0.5523255813953488, 'macro avg': {'precision': 0.5294900590403033, 'recall': 0.415, 'f1-score': 0.3796327788690578, 'support': 1720.0}, 'weighted avg': {'precision': 0.561528510401227, 'recall': 0.5523255813953488, 'f1-score': 0.4701086485545067, 'support': 1720.0}}","[[  0  15   0   0   7   3  95]
 [  0  54   0   3  86  33  24]
 [  0   0  13   3 178   5   1]
 [  0  11   0  24  78  18  69]
 [  0   3   0   0 373  23   1]
 [  0   0   2   0  75 121   2]
 [  0  22   0   9   1   3 365]]",1.687136173248291,0.0007190704345703125
ToN_IoT,['*'],None,MinMaxScaler,LGBM_FTSP,0.7193936477981996,-1,-1,93.33887043189368,72.41666666666667,3.885658914728682,74.29902459100009,73.1167156967172,-1,"{'BruteForce': {'precision': 0.6017699115044248, 'recall': 0.5666666666666667, 'f1-score': 0.5836909871244635, 'support': 120.0}, 'DDoS': {'precision': 0.7375, 'recall': 0.59, 'f1-score': 0.6555555555555554, 'support': 200.0}, 'DoS': {'precision': 0.9005524861878453, 'recall': 0.815, 'f1-score': 0.8556430446194226, 'support': 200.0}, 'MITM': {'precision': 0.6739130434782609, 'recall': 0.62, 'f1-score': 0.6458333333333334, 'support': 200.0}, 'Malware': {'precision': 0.8171806167400881, 'recall': 0.9275, 'f1-score': 0.8688524590163934, 'support': 400.0}, 'Scan': {'precision': 0.6651376146788991, 'recall': 0.725, 'f1-score': 0.69377990430622, 'support': 200.0}, 'WebAttack': {'precision': 0.8048780487804879, 'recall': 0.825, 'f1-score': 0.8148148148148149, 'support': 400.0}, 'accuracy': 0.766860465116279, 'macro avg': {'precision': 0.7429902459100008, 'recall': 0.7241666666666667, 'f1-score': 0.7311671569671719, 'support': 1720.0}, 'weighted avg': {'precision': 0.7653816770103271, 'recall': 0.766860465116279, 'f1-score': 0.763762904389724, 'support': 1720.0}}","[[ 68   0   0   1   6   4  41]
 [  4 118   0  19  23  31   5]
 [  0   0 163   4  27   5   1]
 [  0  16   2 124   8  19  31]
 [  0   5   2   7 371  13   2]
 [  0  14  14  12  15 145   0]
 [ 41   7   0  17   4   1 330]]",0.9403307437896729,0.012441873550415039
ToN_IoT,['*'],None,MinMaxScaler,NuSVC_FTSP,0.25547908500911237,-1,-1,81.3455149501661,38.880952380952365,10.881782945736434,34.35635766842698,30.835139060835576,-1,"{'BruteForce': {'precision': 0.23114355231143552, 'recall': 0.7916666666666666, 'f1-score': 0.3578154425612053, 'support': 120.0}, 'DDoS': {'precision': 0.28135593220338984, 'recall': 0.415, 'f1-score': 0.3353535353535353, 'support': 200.0}, 'DoS': {'precision': 0.3917910447761194, 'recall': 0.525, 'f1-score': 0.4487179487179488, 'support': 200.0}, 'MITM': {'precision': 0.39285714285714285, 'recall': 0.385, 'f1-score': 0.3888888888888889, 'support': 200.0}, 'Malware': {'precision': 0.47651006711409394, 'recall': 0.5325, 'f1-score': 0.5029515938606848, 'support': 400.0}, 'Scan': {'precision': 0.07246376811594203, 'recall': 0.025, 'f1-score': 0.03717472118959108, 'support': 200.0}, 'WebAttack': {'precision': 0.5588235294117647, 'recall': 0.0475, 'f1-score': 0.08755760368663595, 'support': 400.0}, 'accuracy': 0.3470930232558139, 'macro avg': {'precision': 0.3435635766842698, 'recall': 0.38880952380952366, 'f1-score': 0.30835139060835576, 'support': 1720.0}, 'weighted avg': {'precision': 0.389281536324555, 'recall': 0.3470930232558139, 'f1-score': 0.303004971486201, 'support': 1720.0}}","[[ 95  18   7   0   0   0   0]
 [  6  83   0  30  75   5   1]
 [  1   5 105   3  86   0   0]
 [  8  25  29  77  46   1  14]
 [  0  38  87   4 213  58   0]
 [  0 110  40  19  26   5   0]
 [301  16   0  63   1   0  19]]",0.7967150211334229,0.18854379653930664
ToN_IoT,['*'],None,MinMaxScaler,SGD_FTSP,0.26123237787401726,-1,-1,82.80730897009967,24.642857142857146,10.029069767441861,15.005876452661084,18.628267374013802,-1,"{'BruteForce': {'precision': 0.0, 'recall': 0.0, 'f1-score': 0.0, 'support': 120.0}, 'DDoS': {'precision': 0.0, 'recall': 0.0, 'f1-score': 0.0, 'support': 200.0}, 'DoS': {'precision': 0.012953367875647668, 'recall': 0.025, 'f1-score': 0.017064846416382253, 'support': 200.0}, 'MITM': {'precision': 0.0, 'recall': 0.0, 'f1-score': 0.0, 'support': 200.0}, 'Malware': {'precision': 0.398884239888424, 'recall': 0.715, 'f1-score': 0.5120859444941808, 'support': 400.0}, 'Scan': {'precision': 0.0, 'recall': 0.0, 'f1-score': 0.0, 'support': 200.0}, 'WebAttack': {'precision': 0.6385737439222042, 'recall': 0.985, 'f1-score': 0.7748279252704031, 'support': 400.0}, 'accuracy': 0.39825581395348836, 'macro avg': {'precision': 0.15005876452661085, 'recall': 0.24642857142857144, 'f1-score': 0.18628267374013802, 'support': 1720.0}, 'weighted avg': {'precision': 0.24277550412754698, 'recall': 0.39825581395348836, 'f1-score': 0.3012665797611105, 'support': 1720.0}}","[[  0   0   9   0   1   0 110]
 [  0   0  88   0  86   0  26]
 [  0   0   5   0 194   0   1]
 [  0   0  38   0  82   0  80]
 [  0   0 110   0 286   0   4]
 [  0   0 131   0  67   0   2]
 [  0   0   5   0   1   0 394]]",0.018915176391601562,0.00017213821411132812
ToN_IoT,*,None,Normalizer,KNN,0.9212111447196498,-1,-1,98.12292358803987,92.66666666666666,1.0949612403100777,92.57871489969648,92.57113286052487,-1,"{'BruteForce': {'precision': 0.8106060606060606, 'recall': 0.8916666666666667, 'f1-score': 0.8492063492063493, 'support': 120.0}, 'DDoS': {'precision': 0.9353233830845771, 'recall': 0.94, 'f1-score': 0.9376558603491272, 'support': 200.0}, 'DoS': {'precision': 0.9849246231155779, 'recall': 0.98, 'f1-score': 0.9824561403508771, 'support': 200.0}, 'MITM': {'precision': 0.9067357512953368, 'recall': 0.875, 'f1-score': 0.8905852417302799, 'support': 200.0}, 'Malware': {'precision': 0.9516908212560387, 'recall': 0.985, 'f1-score': 0.968058968058968, 'support': 400.0}, 'Scan': {'precision': 0.9572192513368984, 'recall': 0.895, 'f1-score': 0.9250645994832042, 'support': 200.0}, 'WebAttack': {'precision': 0.934010152284264, 'recall': 0.92, 'f1-score': 0.9269521410579346, 'support': 400.0}, 'accuracy': 0.9343023255813954, 'macro avg': {'precision': 0.9257871489969648, 'recall': 0.9266666666666666, 'f1-score': 0.9257113286052486, 'support': 1720.0}, 'weighted avg': {'precision': 0.9351126270089106, 'recall': 0.9343023255813954, 'f1-score': 0.9343381243803608, 'support': 1720.0}}","[[107   2   0   0   2   0   9]
 [  1 188   1   3   2   3   2]
 [  0   0 196   4   0   0   0]
 [  6   5   1 175   0   0  13]
 [  0   2   1   0 394   3   0]
 [  2   3   0   0  14 179   2]
 [ 16   1   0  11   2   2 368]]",0.0003802776336669922,0.009610414505004883
ToN_IoT,*,None,Normalizer,LDA,0.7029270766126288,-1,-1,92.87375415282392,67.11904761904762,4.156976744186046,71.55357174151857,65.39788988132226,-1,"{'BruteForce': {'precision': 0.26666666666666666, 'recall': 0.03333333333333333, 'f1-score': 0.05925925925925926, 'support': 120.0}, 'DDoS': {'precision': 0.6538461538461539, 'recall': 0.935, 'f1-score': 0.7695473251028807, 'support': 200.0}, 'DoS': {'precision': 0.8441558441558441, 'recall': 0.975, 'f1-score': 0.9048723897911832, 'support': 200.0}, 'MITM': {'precision': 0.7531645569620253, 'recall': 0.595, 'f1-score': 0.664804469273743, 'support': 200.0}, 'Malware': {'precision': 0.8099352051835853, 'recall': 0.9375, 'f1-score': 0.869061413673233, 'support': 400.0}, 'Scan': {'precision': 1.0, 'recall': 0.39, 'f1-score': 0.5611510791366906, 'support': 200.0}, 'WebAttack': {'precision': 0.6809815950920245, 'recall': 0.8325, 'f1-score': 0.749156355455568, 'support': 400.0}, 'accuracy': 0.7505813953488372, 'macro avg': {'precision': 0.7155357174151857, 'recall': 0.6711904761904762, 'f1-score': 0.6539788988132226, 'support': 1720.0}, 'weighted avg': {'precision': 0.7433721111064235, 'recall': 0.7505813953488372, 'f1-score': 0.7177170182694949, 'support': 1720.0}}","[[  4  16   0   0   9   0  91]
 [  5 187   0   1   3   0   4]
 [  0   0 195   5   0   0   0]
 [  0  16   0 119   6   0  59]
 [  0  25   0   0 375   0   0]
 [  0  17  36   0  67  78   2]
 [  6  25   0  33   3   0 333]]",0.004112958908081055,0.00017452239990234375
ToN_IoT,*,None,Normalizer,MLP,0.6639765149846899,-1,-1,91.92691029900331,65.14285714285714,4.709302325581395,79.043965644243,66.52629389390422,-1,"{'BruteForce': {'precision': 0.825, 'recall': 0.275, 'f1-score': 0.4125, 'support': 120.0}, 'DDoS': {'precision': 0.4935483870967742, 'recall': 0.765, 'f1-score': 0.6, 'support': 200.0}, 'DoS': {'precision': 0.9601990049751243, 'recall': 0.965, 'f1-score': 0.9625935162094762, 'support': 200.0}, 'MITM': {'precision': 0.9029126213592233, 'recall': 0.465, 'f1-score': 0.6138613861386139, 'support': 200.0}, 'Malware': {'precision': 0.690744920993228, 'recall': 0.765, 'f1-score': 0.7259786476868328, 'support': 400.0}, 'Scan': {'precision': 0.961038961038961, 'recall': 0.37, 'f1-score': 0.5342960288808664, 'support': 200.0}, 'WebAttack': {'precision': 0.6996336996336996, 'recall': 0.955, 'f1-score': 0.8076109936575052, 'support': 400.0}, 'accuracy': 0.7174418604651163, 'macro avg': {'precision': 0.7904396564424301, 'recall': 0.6514285714285714, 'f1-score': 0.6652629389390422, 'support': 1720.0}, 'weighted avg': {'precision': 0.766680955316737, 'recall': 0.7174418604651163, 'f1-score': 0.7006314202229804, 'support': 1720.0}}","[[ 33  24   0   1   0   0  62]
 [  0 153   0   4  28   0  15]
 [  0   2 193   4   0   0   1]
 [  3  18   0  93   2   0  84]
 [  0  90   1   0 306   3   0]
 [  0  11   7   0 106  74   2]
 [  4  12   0   1   1   0 382]]",1.8867406845092773,0.0007135868072509766
ToN_IoT,*,None,Normalizer,LGBM,0.9755932209253079,-1,-1,99.4186046511628,98.03571428571428,0.3391472868217054,97.82665073498836,97.92603214338122,-1,"{'BruteForce': {'precision': 0.9917355371900827, 'recall': 1.0, 'f1-score': 0.995850622406639, 'support': 120.0}, 'DDoS': {'precision': 0.9646464646464646, 'recall': 0.955, 'f1-score': 0.9597989949748743, 'support': 200.0}, 'DoS': {'precision': 0.99, 'recall': 0.99, 'f1-score': 0.99, 'support': 200.0}, 'MITM': {'precision': 0.9516908212560387, 'recall': 0.985, 'f1-score': 0.968058968058968, 'support': 200.0}, 'Malware': {'precision': 0.9974747474747475, 'recall': 0.9875, 'f1-score': 0.992462311557789, 'support': 400.0}, 'Scan': {'precision': 0.9748743718592965, 'recall': 0.97, 'f1-score': 0.9724310776942355, 'support': 200.0}, 'WebAttack': {'precision': 0.9774436090225563, 'recall': 0.975, 'f1-score': 0.9762202753441802, 'support': 400.0}, 'accuracy': 0.9796511627906976, 'macro avg': {'precision': 0.9782665073498836, 'recall': 0.9803571428571428, 'f1-score': 0.9792603214338123, 'support': 1720.0}, 'weighted avg': {'precision': 0.9797778712872625, 'recall': 0.9796511627906976, 'f1-score': 0.9796703009274418, 'support': 1720.0}}","[[120   0   0   0   0   0   0]
 [  0 191   0   0   0   4   5]
 [  0   0 198   2   0   0   0]
 [  0   1   0 197   0   0   2]
 [  0   2   0   2 395   1   0]
 [  0   1   2   1   0 194   2]
 [  1   3   0   5   1   0 390]]",1.1980400085449219,0.008481025695800781
ToN_IoT,*,None,Normalizer,NuSVC,0.44966356641908484,-1,-1,86.36212624584716,54.8452380952381,7.955426356589148,51.04898940740682,51.01438620388259,-1,"{'BruteForce': {'precision': 0.11976047904191617, 'recall': 0.16666666666666666, 'f1-score': 0.13937282229965156, 'support': 120.0}, 'DDoS': {'precision': 0.49407114624505927, 'recall': 0.625, 'f1-score': 0.5518763796909492, 'support': 200.0}, 'DoS': {'precision': 0.8837209302325582, 'recall': 0.95, 'f1-score': 0.9156626506024096, 'support': 200.0}, 'MITM': {'precision': 0.44574780058651026, 'recall': 0.76, 'f1-score': 0.5619223659889093, 'support': 200.0}, 'Malware': {'precision': 0.6081871345029239, 'recall': 0.52, 'f1-score': 0.5606469002695418, 'support': 400.0}, 'Scan': {'precision': 0.4959677419354839, 'recall': 0.615, 'f1-score': 0.5491071428571429, 'support': 200.0}, 'WebAttack': {'precision': 0.525974025974026, 'recall': 0.2025, 'f1-score': 0.2924187725631769, 'support': 400.0}, 'accuracy': 0.5226744186046511, 'macro avg': {'precision': 0.5104898940740682, 'recall': 0.548452380952381, 'f1-score': 0.5101438620388259, 'support': 1720.0}, 'weighted avg': {'precision': 0.5418239799277513, 'recall': 0.5226744186046511, 'f1-score': 0.507944602114493, 'support': 1720.0}}","[[ 20  16   0  18   8   0  58]
 [  1 125   0  11  63   0   0]
 [  0   0 190   5   5   0   0]
 [ 15  15   0 152   3   0  15]
 [  0  67   0   0 208 125   0]
 [  1   4  25   0  47 123   0]
 [130  26   0 155   8   0  81]]",0.5994703769683838,0.1975703239440918
ToN_IoT,*,None,Normalizer,SGD,0.3495380880347933,-1,-1,83.65448504983388,37.32142857142857,9.534883720930234,42.148927075066034,29.842424053957973,-1,"{'BruteForce': {'precision': 0.0, 'recall': 0.0, 'f1-score': 0.0, 'support': 120.0}, 'DDoS': {'precision': 0.0, 'recall': 0.0, 'f1-score': 0.0, 'support': 200.0}, 'DoS': {'precision': 0.7090909090909091, 'recall': 0.975, 'f1-score': 0.8210526315789474, 'support': 200.0}, 'MITM': {'precision': 0.8, 'recall': 0.06, 'f1-score': 0.11162790697674417, 'support': 200.0}, 'Malware': {'precision': 0.7532467532467533, 'recall': 0.145, 'f1-score': 0.2431865828092243, 'support': 400.0}, 'Scan': {'precision': 0.1540785498489426, 'recall': 0.51, 'f1-score': 0.2366589327146172, 'support': 200.0}, 'WebAttack': {'precision': 0.5340086830680174, 'recall': 0.9225, 'f1-score': 0.6764436296975253, 'support': 400.0}, 'accuracy': 0.42790697674418604, 'macro avg': {'precision': 0.42148927075066034, 'recall': 0.37321428571428567, 'f1-score': 0.2984242405395797, 'support': 1720.0}, 'weighted avg': {'precision': 0.49275352692667357, 'recall': 0.42790697674418604, 'f1-score': 0.3498371972423032, 'support': 1720.0}}","[[  0   0   0   0   0  24  96]
 [  0   0   0   2   0 176  22]
 [  0   0 195   0   0   3   2]
 [  0   0   0  12   0  16 172]
 [  0   0   3   1  58 310  28]
 [  0   0  77   0  19 102   2]
 [  0   0   0   0   0  31 369]]",0.03943181037902832,0.0003962516784667969
ToN_IoT,['*'],rbf,Normalizer,KNN_FTSP,0.494989625674196,-1,-1,88.0232558139535,51.154761904761905,6.986434108527131,50.634639475546805,50.46809125060432,-1,"{'BruteForce': {'precision': 0.31092436974789917, 'recall': 0.30833333333333335, 'f1-score': 0.3096234309623431, 'support': 120.0}, 'DDoS': {'precision': 0.4564102564102564, 'recall': 0.445, 'f1-score': 0.4506329113924051, 'support': 200.0}, 'DoS': {'precision': 0.6888888888888889, 'recall': 0.775, 'f1-score': 0.7294117647058822, 'support': 200.0}, 'MITM': {'precision': 0.3163265306122449, 'recall': 0.31, 'f1-score': 0.31313131313131315, 'support': 200.0}, 'Malware': {'precision': 0.7268817204301076, 'recall': 0.845, 'f1-score': 0.7815028901734105, 'support': 400.0}, 'Scan': {'precision': 0.36607142857142855, 'recall': 0.205, 'f1-score': 0.26282051282051283, 'support': 200.0}, 'WebAttack': {'precision': 0.678921568627451, 'recall': 0.6925, 'f1-score': 0.6856435643564356, 'support': 400.0}, 'accuracy': 0.5808139534883721, 'macro avg': {'precision': 0.506346394755468, 'recall': 0.511547619047619, 'f1-score': 0.5046809125060432, 'support': 1720.0}, 'weighted avg': {'precision': 0.5611463144705436, 'recall': 0.5808139534883721, 'f1-score': 0.5669841243822339, 'support': 1720.0}}","[[ 37   9   0  28   1   4  41]
 [  8  89  19  24  24  27   9]
 [  0  14 155  12   8   8   3]
 [ 29  18   5  62   5   4  77]
 [  0  15  19   1 338  27   0]
 [  1  36  27   6  88  41   1]
 [ 44  14   0  63   1   1 277]]",0.001196146011352539,0.023176908493041992
ToN_IoT,['*'],rbf,Normalizer,LDA_FTSP,0.35332448424748153,-1,-1,84.41860465116278,30.321428571428573,9.089147286821705,31.227901003423614,23.426627193691658,-1,"{'BruteForce': {'precision': 0.0, 'recall': 0.0, 'f1-score': 0.0, 'support': 120.0}, 'DDoS': {'precision': 0.0, 'recall': 0.0, 'f1-score': 0.0, 'support': 200.0}, 'DoS': {'precision': 0.8, 'recall': 0.02, 'f1-score': 0.03902439024390244, 'support': 200.0}, 'MITM': {'precision': 0.3058252427184466, 'recall': 0.315, 'f1-score': 0.31034482758620685, 'support': 200.0}, 'Malware': {'precision': 0.3770028275212064, 'recall': 1.0, 'f1-score': 0.5475701574264203, 'support': 400.0}, 'Scan': {'precision': 0.0, 'recall': 0.0, 'f1-score': 0.0, 'support': 200.0}, 'WebAttack': {'precision': 0.703125, 'recall': 0.7875, 'f1-score': 0.7429245283018867, 'support': 400.0}, 'accuracy': 0.45465116279069767, 'macro avg': {'precision': 0.31227901003423614, 'recall': 0.3032142857142857, 'f1-score': 0.2342662719369166, 'support': 1720.0}, 'weighted avg': {'precision': 0.37977684857684413, 'recall': 0.45465116279069767, 'f1-score': 0.3407393708472934, 'support': 1720.0}}","[[  0   0   0  49  30   0  41]
 [  0   0   0  24 171   0   5]
 [  0   0   4   3 192   0   1]
 [  0   0   1  63  51   0  85]
 [  0   0   0   0 400   0   0]
 [  0   0   0   1 198   0   1]
 [  0   0   0  66  19   0 315]]",0.0007815361022949219,0.00014543533325195312
ToN_IoT,['*'],rbf,Normalizer,MLP_FTSP,0.43458238663477894,-1,-1,86.56146179401993,40.702380952380956,7.839147286821706,38.75850190066662,33.89434517489786,-1,"{'BruteForce': {'precision': 0.30434782608695654, 'recall': 0.11666666666666667, 'f1-score': 0.1686746987951807, 'support': 120.0}, 'DDoS': {'precision': 0.30303030303030304, 'recall': 0.05, 'f1-score': 0.08583690987124463, 'support': 200.0}, 'DoS': {'precision': 0.5789473684210527, 'recall': 0.88, 'f1-score': 0.6984126984126985, 'support': 200.0}, 'MITM': {'precision': 0.45454545454545453, 'recall': 0.05, 'f1-score': 0.0900900900900901, 'support': 200.0}, 'Malware': {'precision': 0.47832369942196534, 'recall': 0.8275, 'f1-score': 0.6062271062271062, 'support': 400.0}, 'Scan': {'precision': 0.0, 'recall': 0.0, 'f1-score': 0.0, 'support': 200.0}, 'WebAttack': {'precision': 0.593900481540931, 'recall': 0.925, 'f1-score': 0.7233626588465298, 'support': 400.0}, 'accuracy': 0.5296511627906977, 'macro avg': {'precision': 0.3875850190066662, 'recall': 0.40702380952380957, 'f1-score': 0.3389434517489786, 'support': 1720.0}, 'weighted avg': {'precision': 0.42599769576450897, 'recall': 0.5296511627906977, 'f1-score': 0.42264233113935046, 'support': 1720.0}}","[[ 14   2   0   0  25   0  79]
 [  1  10  24   2 135   0  28]
 [  2   3 176   9   6   0   4]
 [ 13   9   3  10  24   0 141]
 [  0   2  66   1 331   0   0]
 [  1   1  35   0 162   0   1]
 [ 15   6   0   0   9   0 370]]",1.6898949146270752,0.0007026195526123047
ToN_IoT,['*'],rbf,Normalizer,LGBM_FTSP,0.5437955436235258,-1,-1,89.2358803986711,53.99999999999999,6.279069767441861,55.43125561692752,53.74181960801791,-1,"{'BruteForce': {'precision': 0.39473684210526316, 'recall': 0.25, 'f1-score': 0.30612244897959184, 'support': 120.0}, 'DDoS': {'precision': 0.5960264900662252, 'recall': 0.45, 'f1-score': 0.5128205128205129, 'support': 200.0}, 'DoS': {'precision': 0.7094017094017094, 'recall': 0.83, 'f1-score': 0.7649769585253456, 'support': 200.0}, 'MITM': {'precision': 0.39263803680981596, 'recall': 0.32, 'f1-score': 0.3526170798898072, 'support': 200.0}, 'Malware': {'precision': 0.7128309572301426, 'recall': 0.875, 'f1-score': 0.7856341189674523, 'support': 400.0}, 'Scan': {'precision': 0.4065040650406504, 'recall': 0.25, 'f1-score': 0.30959752321981426, 'support': 200.0}, 'WebAttack': {'precision': 0.6680497925311203, 'recall': 0.805, 'f1-score': 0.7301587301587301, 'support': 400.0}, 'accuracy': 0.6232558139534884, 'macro avg': {'precision': 0.5543125561692752, 'recall': 0.5399999999999999, 'f1-score': 0.5374181960801792, 'support': 1720.0}, 'weighted avg': {'precision': 0.5933923146632656, 'recall': 0.6232558139534884, 'f1-score': 0.599450144429721, 'support': 1720.0}}","[[ 30   8   0  19   2   4  57]
 [  3  90  20  19  25  31  12]
 [  0   0 166  15  14   2   3]
 [ 18  14   3  64   9   6  86]
 [  0   6  12   3 350  29   0]
 [  1  24  33   0  90  50   2]
 [ 24   9   0  43   1   1 322]]",0.8751113414764404,0.009183645248413086
ToN_IoT,['*'],rbf,Normalizer,NuSVC_FTSP,0.1969115905606369,-1,-1,80.41528239202658,30.07142857142857,11.424418604651162,32.483276299274415,29.583849684761915,-1,"{'BruteForce': {'precision': 0.09850746268656717, 'recall': 0.275, 'f1-score': 0.14505494505494507, 'support': 120.0}, 'DDoS': {'precision': 0.21902017291066284, 'recall': 0.38, 'f1-score': 0.2778793418647167, 'support': 200.0}, 'DoS': {'precision': 0.4909090909090909, 'recall': 0.405, 'f1-score': 0.4438356164383562, 'support': 200.0}, 'MITM': {'precision': 0.28431372549019607, 'recall': 0.145, 'f1-score': 0.1920529801324503, 'support': 200.0}, 'Malware': {'precision': 0.4412532637075718, 'recall': 0.4225, 'f1-score': 0.43167305236270753, 'support': 400.0}, 'Scan': {'precision': 0.2992125984251969, 'recall': 0.19, 'f1-score': 0.2324159021406728, 'support': 200.0}, 'WebAttack': {'precision': 0.44061302681992337, 'recall': 0.2875, 'f1-score': 0.3479576399394856, 'support': 400.0}, 'accuracy': 0.31453488372093025, 'macro avg': {'precision': 0.32483276299274416, 'recall': 0.3007142857142857, 'f1-score': 0.29583849684761915, 'support': 1720.0}, 'weighted avg': {'precision': 0.36235961004675316, 'recall': 0.31453488372093025, 'f1-score': 0.3247067665364592, 'support': 1720.0}}","[[ 33  24   0  20   0   1  42]
 [  9  76  13   3  30  46  23]
 [ 11   1  81   0  82  20   5]
 [ 57  21   5  29   3   9  76]
 [  0 163  55   0 169  13   0]
 [  2  50  11   0  99  38   0]
 [223  12   0  50   0   0 115]]",0.5768847465515137,0.1929306983947754
ToN_IoT,['*'],rbf,Normalizer,SGD_FTSP,0.12811544908554887,-1,-1,78.421926910299,16.321428571428573,12.587209302325581,8.720532228738943,11.126227579260961,-1,"{'BruteForce': {'precision': 0.0, 'recall': 0.0, 'f1-score': 0.0, 'support': 120.0}, 'DDoS': {'precision': 0.0, 'recall': 0.0, 'f1-score': 0.0, 'support': 200.0}, 'DoS': {'precision': 0.0, 'recall': 0.0, 'f1-score': 0.0, 'support': 200.0}, 'MITM': {'precision': 0.03495145631067961, 'recall': 0.18, 'f1-score': 0.05853658536585366, 'support': 200.0}, 'Malware': {'precision': 0.0, 'recall': 0.0, 'f1-score': 0.0, 'support': 400.0}, 'Scan': {'precision': 0.0, 'recall': 0.0, 'f1-score': 0.0, 'support': 200.0}, 'WebAttack': {'precision': 0.5754857997010463, 'recall': 0.9625, 'f1-score': 0.7202993451824136, 'support': 400.0}, 'accuracy': 0.24476744186046512, 'macro avg': {'precision': 0.08720532228738942, 'recall': 0.16321428571428573, 'f1-score': 0.11126227579260961, 'support': 1720.0}, 'weighted avg': {'precision': 0.13789802973404328, 'recall': 0.24476744186046512, 'f1-score': 0.17431805531752104, 'support': 1720.0}}","[[  0   0   0  27   0   0  93]
 [  0   0   0 169   2   0  29]
 [  0   0   0 185   9   0   6]
 [  0   0   0  36  10   0 154]
 [  0   0   0 400   0   0   0]
 [  0   0   0 198   0   0   2]
 [  0   0   0  15   0   0 385]]",0.016818761825561523,0.00013780593872070312
ToN_IoT,['*'],poly,Normalizer,KNN_FTSP,0.4798012536739693,-1,-1,87.64119601328903,49.88095238095238,7.209302325581396,49.986514064891175,49.594047947877456,-1,"{'BruteForce': {'precision': 0.2248062015503876, 'recall': 0.24166666666666667, 'f1-score': 0.23293172690763053, 'support': 120.0}, 'DDoS': {'precision': 0.4375, 'recall': 0.42, 'f1-score': 0.4285714285714286, 'support': 200.0}, 'DoS': {'precision': 0.6380090497737556, 'recall': 0.705, 'f1-score': 0.6698337292161519, 'support': 200.0}, 'MITM': {'precision': 0.3333333333333333, 'recall': 0.34, 'f1-score': 0.33663366336633666, 'support': 200.0}, 'Malware': {'precision': 0.7336244541484717, 'recall': 0.84, 'f1-score': 0.7832167832167832, 'support': 400.0}, 'Scan': {'precision': 0.46511627906976744, 'recall': 0.3, 'f1-score': 0.364741641337386, 'support': 200.0}, 'WebAttack': {'precision': 0.6666666666666666, 'recall': 0.645, 'f1-score': 0.6556543837357053, 'support': 400.0}, 'accuracy': 0.5674418604651162, 'macro avg': {'precision': 0.49986514064891174, 'recall': 0.4988095238095238, 'f1-score': 0.49594047947877457, 'support': 1720.0}, 'weighted avg': {'precision': 0.5592354214810891, 'recall': 0.5674418604651162, 'f1-score': 0.5601490502954486, 'support': 1720.0}}","[[ 29  14   0  27   1   4  45]
 [ 18  84  25  15  23  24  11]
 [  5  17 141  10  14  11   2]
 [ 27  16   3  68   8   8  70]
 [  1   9  30   2 336  22   0]
 [  3  34  22   6  74  60   1]
 [ 46  18   0  76   2   0 258]]",0.0012824535369873047,0.024971485137939453
ToN_IoT,['*'],poly,Normalizer,LDA_FTSP,0.35540013673214754,-1,-1,84.46843853820599,30.464285714285715,9.060077519379844,28.777079214203905,23.630287646497592,-1,"{'BruteForce': {'precision': 0.0, 'recall': 0.0, 'f1-score': 0.0, 'support': 120.0}, 'DDoS': {'precision': 0.0, 'recall': 0.0, 'f1-score': 0.0, 'support': 200.0}, 'DoS': {'precision': 0.625, 'recall': 0.025, 'f1-score': 0.04807692307692307, 'support': 200.0}, 'MITM': {'precision': 0.3014354066985646, 'recall': 0.315, 'f1-score': 0.3080684596577017, 'support': 200.0}, 'Malware': {'precision': 0.3787878787878788, 'recall': 1.0, 'f1-score': 0.5494505494505494, 'support': 400.0}, 'Scan': {'precision': 0.0, 'recall': 0.0, 'f1-score': 0.0, 'support': 200.0}, 'WebAttack': {'precision': 0.70917225950783, 'recall': 0.7925, 'f1-score': 0.7485242030696576, 'support': 400.0}, 'accuracy': 0.4563953488372093, 'macro avg': {'precision': 0.28777079214203904, 'recall': 0.30464285714285716, 'f1-score': 0.23630287646497594, 'support': 1720.0}, 'weighted avg': {'precision': 0.3607390329406956, 'recall': 0.4563953488372093, 'f1-score': 0.34326684741570224, 'support': 1720.0}}","[[  0   0   0  49  30   0  41]
 [  0   0   1  24 171   0   4]
 [  0   0   5   5 189   0   1]
 [  0   0   2  63  52   0  83]
 [  0   0   0   0 400   0   0]
 [  0   0   0   1 198   0   1]
 [  0   0   0  67  16   0 317]]",0.0007565021514892578,0.0001361370086669922
ToN_IoT,['*'],poly,Normalizer,MLP_FTSP,0.40125106197801563,-1,-1,85.88039867109634,38.333333333333336,8.236434108527131,37.58158315578046,32.95753256400793,-1,"{'BruteForce': {'precision': 0.2826086956521739, 'recall': 0.10833333333333334, 'f1-score': 0.1566265060240964, 'support': 120.0}, 'DDoS': {'precision': 0.3125, 'recall': 0.1, 'f1-score': 0.15151515151515152, 'support': 200.0}, 'DoS': {'precision': 0.5375939849624061, 'recall': 0.715, 'f1-score': 0.6137339055793992, 'support': 200.0}, 'MITM': {'precision': 0.45454545454545453, 'recall': 0.05, 'f1-score': 0.0900900900900901, 'support': 200.0}, 'Malware': {'precision': 0.44635193133047213, 'recall': 0.78, 'f1-score': 0.5677888989990902, 'support': 400.0}, 'Scan': {'precision': 0.0, 'recall': 0.0, 'f1-score': 0.0, 'support': 200.0}, 'WebAttack': {'precision': 0.5971107544141252, 'recall': 0.93, 'f1-score': 0.7272727272727272, 'support': 400.0}, 'accuracy': 0.5058139534883721, 'macro avg': {'precision': 0.37581583155780457, 'recall': 0.38333333333333336, 'f1-score': 0.32957532564007924, 'support': 1720.0}, 'weighted avg': {'precision': 0.4140848870219023, 'recall': 0.5058139534883721, 'f1-score': 0.41156259341194573, 'support': 1720.0}}","[[ 13   9   0   0  18   0  80]
 [  2  20  23   3 125   0  27]
 [  2   2 143   9  39   0   5]
 [ 13  15   0  10  24   0 138]
 [  0  11  77   0 312   0   0]
 [  2   2  23   0 172   0   1]
 [ 14   5   0   0   9   0 372]]",1.69465970993042,0.0007135868072509766
ToN_IoT,['*'],poly,Normalizer,LGBM_FTSP,0.5124659069838216,-1,-1,88.48837209302326,51.30952380952382,6.715116279069767,52.112122524424784,50.58226305600703,-1,"{'BruteForce': {'precision': 0.325, 'recall': 0.21666666666666667, 'f1-score': 0.25999999999999995, 'support': 120.0}, 'DDoS': {'precision': 0.5, 'recall': 0.385, 'f1-score': 0.4350282485875706, 'support': 200.0}, 'DoS': {'precision': 0.6307692307692307, 'recall': 0.82, 'f1-score': 0.7130434782608696, 'support': 200.0}, 'MITM': {'precision': 0.36220472440944884, 'recall': 0.23, 'f1-score': 0.2813455657492355, 'support': 200.0}, 'Malware': {'precision': 0.6991341991341992, 'recall': 0.8075, 'f1-score': 0.7494199535962877, 'support': 400.0}, 'Scan': {'precision': 0.484375, 'recall': 0.31, 'f1-score': 0.3780487804878048, 'support': 200.0}, 'WebAttack': {'precision': 0.6463654223968566, 'recall': 0.8225, 'f1-score': 0.7238723872387238, 'support': 400.0}, 'accuracy': 0.5970930232558139, 'macro avg': {'precision': 0.5211212252442479, 'recall': 0.5130952380952382, 'f1-score': 0.5058226305600703, 'support': 1720.0}, 'weighted avg': {'precision': 0.5655056044466036, 'recall': 0.5970930232558139, 'f1-score': 0.5709361342738958, 'support': 1720.0}}","[[ 26  16   0  16   1   3  58]
 [ 14  77  22  15  29  26  17]
 [  3   4 164  10  15   2   2]
 [ 16  14   1  46   9  12 102]
 [  0   6  46   2 323  23   0]
 [  2  25  27   0  83  62   1]
 [ 19  12   0  38   2   0 329]]",0.8764266967773438,0.009172916412353516
ToN_IoT,['*'],poly,Normalizer,NuSVC_FTSP,0.24256529567943988,-1,-1,80.99667774086379,36.01190476190476,11.085271317829458,37.10519889685199,30.405206153324965,-1,"{'BruteForce': {'precision': 0.14084507042253522, 'recall': 0.5833333333333334, 'f1-score': 0.22690437601296595, 'support': 120.0}, 'DDoS': {'precision': 0.4883720930232558, 'recall': 0.105, 'f1-score': 0.1728395061728395, 'support': 200.0}, 'DoS': {'precision': 0.495114006514658, 'recall': 0.76, 'f1-score': 0.5996055226824457, 'support': 200.0}, 'MITM': {'precision': 0.25925925925925924, 'recall': 0.07, 'f1-score': 0.11023622047244096, 'support': 200.0}, 'Malware': {'precision': 0.45938375350140054, 'recall': 0.41, 'f1-score': 0.43328929986789955, 'support': 400.0}, 'Scan': {'precision': 0.2611464968152866, 'recall': 0.41, 'f1-score': 0.31906614785992216, 'support': 200.0}, 'WebAttack': {'precision': 0.49324324324324326, 'recall': 0.1825, 'f1-score': 0.2664233576642336, 'support': 400.0}, 'accuracy': 0.33488372093023255, 'macro avg': {'precision': 0.3710519889685199, 'recall': 0.3601190476190476, 'f1-score': 0.30405206153324965, 'support': 1720.0}, 'weighted avg': {'precision': 0.4062387082971242, 'recall': 0.33488372093023255, 'f1-score': 0.31829248114647607, 'support': 1720.0}}","[[ 70   0   0  10  25   0  15]
 [ 23  21  35   2  77  31  11]
 [ 14   0 152   0   0  32   2]
 [ 99   4  12  14  20   4  47]
 [  0   1  70   0 164 165   0]
 [  4  17  38   0  59  82   0]
 [287   0   0  28  12   0  73]]",0.5641744136810303,0.18923544883728027
ToN_IoT,['*'],poly,Normalizer,SGD_FTSP,0.13613416658430172,-1,-1,78.85382059800664,18.92857142857143,12.335271317829458,13.744104008673014,14.187465814558701,-1,"{'BruteForce': {'precision': 0.0, 'recall': 0.0, 'f1-score': 0.0, 'support': 120.0}, 'DDoS': {'precision': 0.08378378378378379, 'recall': 0.155, 'f1-score': 0.10877192982456141, 'support': 200.0}, 'DoS': {'precision': 0.0, 'recall': 0.0, 'f1-score': 0.0, 'support': 200.0}, 'MITM': {'precision': 0.0718232044198895, 'recall': 0.26, 'f1-score': 0.11255411255411256, 'support': 200.0}, 'Malware': {'precision': 0.18867924528301888, 'recall': 0.025, 'f1-score': 0.04415011037527594, 'support': 400.0}, 'Scan': {'precision': 0.0, 'recall': 0.0, 'f1-score': 0.0, 'support': 200.0}, 'WebAttack': {'precision': 0.6178010471204188, 'recall': 0.885, 'f1-score': 0.7276464542651592, 'support': 400.0}, 'accuracy': 0.25988372093023254, 'macro avg': {'precision': 0.13744104008673014, 'recall': 0.1892857142857143, 'f1-score': 0.141874658145587, 'support': 1720.0}, 'weighted avg': {'precision': 0.2056473922105289, 'recall': 0.25988372093023254, 'f1-score': 0.20522315949529585, 'support': 1720.0}}","[[  0   0   0  53   0   0  67]
 [  0  31   0 139  11   0  19]
 [  0  83   0 104  11   0   2]
 [  0   3   0  52  15   0 130]
 [  0 166   0 224  10   0   0]
 [  0  87   0 106   6   0   1]
 [  0   0   0  46   0   0 354]]",0.017143726348876953,0.0001418590545654297
ToN_IoT,['*'],linear,Normalizer,KNN_FTSP,0.5435947836583269,-1,-1,89.18604651162791,55.64285714285714,6.308139534883721,56.325666543806264,55.84488948560231,-1,"{'BruteForce': {'precision': 0.2079207920792079, 'recall': 0.175, 'f1-score': 0.19004524886877827, 'support': 120.0}, 'DDoS': {'precision': 0.4909090909090909, 'recall': 0.54, 'f1-score': 0.5142857142857142, 'support': 200.0}, 'DoS': {'precision': 0.8835978835978836, 'recall': 0.835, 'f1-score': 0.858611825192802, 'support': 200.0}, 'MITM': {'precision': 0.42424242424242425, 'recall': 0.35, 'f1-score': 0.3835616438356164, 'support': 200.0}, 'Malware': {'precision': 0.8208232445520581, 'recall': 0.8475, 'f1-score': 0.8339483394833949, 'support': 400.0}, 'Scan': {'precision': 0.5135135135135135, 'recall': 0.475, 'f1-score': 0.4935064935064935, 'support': 200.0}, 'WebAttack': {'precision': 0.6017897091722595, 'recall': 0.6725, 'f1-score': 0.6351829988193624, 'support': 400.0}, 'accuracy': 0.6215116279069768, 'macro avg': {'precision': 0.5632566654380626, 'recall': 0.5564285714285714, 'f1-score': 0.5584488948560231, 'support': 1720.0}, 'weighted avg': {'precision': 0.6142141040650084, 'recall': 0.6215116279069768, 'f1-score': 0.6165413375287683, 'support': 1720.0}}","[[ 21  13   0  13   0   3  70]
 [  9 108   3  11  19  33  17]
 [  1   1 167   3   6  18   4]
 [ 16  22   1  70   6   5  80]
 [  2  26   0   4 339  28   1]
 [  0  37  18   1  43  95   6]
 [ 52  13   0  63   0   3 269]]",0.0012159347534179688,0.023114681243896484
ToN_IoT,['*'],linear,Normalizer,LDA_FTSP,0.3481471602787854,-1,-1,84.5016611295681,28.67857142857143,9.040697674418604,26.233061840984295,20.157965421860595,-1,"{'BruteForce': {'precision': 0.0, 'recall': 0.0, 'f1-score': 0.0, 'support': 120.0}, 'DDoS': {'precision': 0.17647058823529413, 'recall': 0.06, 'f1-score': 0.08955223880597014, 'support': 200.0}, 'DoS': {'precision': 0.2857142857142857, 'recall': 0.01, 'f1-score': 0.01932367149758454, 'support': 200.0}, 'MITM': {'precision': 0.4, 'recall': 0.01, 'f1-score': 0.01951219512195122, 'support': 200.0}, 'Malware': {'precision': 0.40183112919633773, 'recall': 0.9875, 'f1-score': 0.5712219812002892, 'support': 400.0}, 'Scan': {'precision': 0.0, 'recall': 0.0, 'f1-score': 0.0, 'support': 200.0}, 'WebAttack': {'precision': 0.5722983257229832, 'recall': 0.94, 'f1-score': 0.7114474929044464, 'support': 400.0}, 'accuracy': 0.4575581395348837, 'macro avg': {'precision': 0.26233061840984295, 'recall': 0.2867857142857143, 'f1-score': 0.20157965421860594, 'support': 1720.0}, 'weighted avg': {'precision': 0.3267957888125839, 'recall': 0.4575581395348837, 'f1-score': 0.3132240760040671, 'support': 1720.0}}","[[  0   6   0   0  19   0  95]
 [  0  12   1   2 155   0  30]
 [  0   5   2   0 189   0   4]
 [  0  28   4   2  21   0 145]
 [  0   2   0   1 395   0   2]
 [  0   0   0   0 195   0   5]
 [  0  15   0   0   9   0 376]]",0.0007803440093994141,0.00012350082397460938
ToN_IoT,['*'],linear,Normalizer,MLP_FTSP,0.5115110158195769,-1,-1,88.23920265780731,48.035714285714285,6.86046511627907,40.56432286113421,40.851123135434655,-1,"{'BruteForce': {'precision': 0.0, 'recall': 0.0, 'f1-score': 0.0, 'support': 120.0}, 'DDoS': {'precision': 0.42178770949720673, 'recall': 0.755, 'f1-score': 0.5412186379928315, 'support': 200.0}, 'DoS': {'precision': 0.7041666666666667, 'recall': 0.845, 'f1-score': 0.7681818181818181, 'support': 200.0}, 'MITM': {'precision': 0.4482758620689655, 'recall': 0.065, 'f1-score': 0.11353711790393015, 'support': 200.0}, 'Malware': {'precision': 0.6923076923076923, 'recall': 0.765, 'f1-score': 0.7268408551068885, 'support': 400.0}, 'Scan': {'precision': 0.0, 'recall': 0.0, 'f1-score': 0.0, 'support': 200.0}, 'WebAttack': {'precision': 0.5729646697388633, 'recall': 0.9325, 'f1-score': 0.7098001902949571, 'support': 400.0}, 'accuracy': 0.5883720930232558, 'macro avg': {'precision': 0.4056432286113421, 'recall': 0.48035714285714287, 'f1-score': 0.4085112313543465, 'support': 1720.0}, 'weighted avg': {'precision': 0.4772994142239476, 'recall': 0.5883720930232558, 'f1-score': 0.4995604261491013, 'support': 1720.0}}","[[  0  18   0   0   7   0  95]
 [  0 151   3   7  12   0  27]
 [  0   7 169   2  18   0   4]
 [  0  29   1  13  12   0 145]
 [  0  49  40   3 306   0   2]
 [  0  82  27   0  86   0   5]
 [  0  22   0   4   1   0 373]]",1.6988356113433838,0.0007042884826660156
ToN_IoT,['*'],linear,Normalizer,LGBM_FTSP,0.5636139933011383,-1,-1,89.63455149501661,54.50000000000001,6.046511627906977,63.09261002492869,54.013508860683615,-1,"{'BruteForce': {'precision': 0.6666666666666666, 'recall': 0.05, 'f1-score': 0.09302325581395349, 'support': 120.0}, 'DDoS': {'precision': 0.4751131221719457, 'recall': 0.525, 'f1-score': 0.498812351543943, 'support': 200.0}, 'DoS': {'precision': 0.9230769230769231, 'recall': 0.78, 'f1-score': 0.8455284552845529, 'support': 200.0}, 'MITM': {'precision': 0.46788990825688076, 'recall': 0.255, 'f1-score': 0.3300970873786408, 'support': 200.0}, 'Malware': {'precision': 0.8329048843187661, 'recall': 0.81, 'f1-score': 0.8212927756653993, 'support': 400.0}, 'Scan': {'precision': 0.46846846846846846, 'recall': 0.52, 'f1-score': 0.49289099526066354, 'support': 200.0}, 'WebAttack': {'precision': 0.5823627287853578, 'recall': 0.875, 'f1-score': 0.6993006993006993, 'support': 400.0}, 'accuracy': 0.6372093023255814, 'macro avg': {'precision': 0.6309261002492869, 'recall': 0.545, 'f1-score': 0.5401350886068361, 'support': 1720.0}, 'weighted avg': {'precision': 0.6471027497886589, 'recall': 0.6372093023255814, 'f1-score': 0.6121313712660894, 'support': 1720.0}}","[[  6  15   0   6   0   2  91]
 [  0 105   1  12  14  41  27]
 [  0   3 156   5   7  25   4]
 [  0  16   0  51   3   7 123]
 [  2  30   0   4 324  39   1]
 [  1  37  12   0  41 104   5]
 [  0  15   0  31   0   4 350]]",0.903897762298584,0.00940251350402832
ToN_IoT,['*'],linear,Normalizer,NuSVC_FTSP,0.18895350272449218,-1,-1,80.08305647840531,31.023809523809526,11.618217054263566,32.92300910686951,30.203999382760067,-1,"{'BruteForce': {'precision': 0.12037037037037036, 'recall': 0.21666666666666667, 'f1-score': 0.15476190476190477, 'support': 120.0}, 'DDoS': {'precision': 0.11031175059952038, 'recall': 0.23, 'f1-score': 0.14910858995137763, 'support': 200.0}, 'DoS': {'precision': 0.8509615384615384, 'recall': 0.885, 'f1-score': 0.8676470588235293, 'support': 200.0}, 'MITM': {'precision': 0.1793103448275862, 'recall': 0.26, 'f1-score': 0.21224489795918366, 'support': 200.0}, 'Malware': {'precision': 0.2953846153846154, 'recall': 0.24, 'f1-score': 0.2648275862068966, 'support': 400.0}, 'Scan': {'precision': 0.17391304347826086, 'recall': 0.06, 'f1-score': 0.08921933085501858, 'support': 200.0}, 'WebAttack': {'precision': 0.5743589743589743, 'recall': 0.28, 'f1-score': 0.3764705882352941, 'support': 400.0}, 'accuracy': 0.30290697674418604, 'macro avg': {'precision': 0.3292300910686951, 'recall': 0.31023809523809526, 'f1-score': 0.30203999382760066, 'support': 1720.0}, 'weighted avg': {'precision': 0.36351233477631484, 'recall': 0.30290697674418604, 'f1-score': 0.31321783364309697, 'support': 1720.0}}","[[ 26  20   0  46   3   2  23]
 [ 18  46   3   8 114   0  11]
 [  5   4 177   1   5   6   2]
 [ 74  12   1  52  12   4  45]
 [  4 256   0   0  96  43   1]
 [  3  64  27   1  92  12   1]
 [ 86  15   0 182   3   2 112]]",0.7099571228027344,0.18466782569885254
ToN_IoT,['*'],linear,Normalizer,SGD_FTSP,0.34952212062399907,-1,-1,84.43521594684385,28.392857142857142,9.079457364341085,26.161164082012505,19.680766057043705,-1,"{'BruteForce': {'precision': 0.0, 'recall': 0.0, 'f1-score': 0.0, 'support': 120.0}, 'DDoS': {'precision': 0.0, 'recall': 0.0, 'f1-score': 0.0, 'support': 200.0}, 'DoS': {'precision': 0.2857142857142857, 'recall': 0.01, 'f1-score': 0.01932367149758454, 'support': 200.0}, 'MITM': {'precision': 0.5882352941176471, 'recall': 0.05, 'f1-score': 0.09216589861751152, 'support': 200.0}, 'Malware': {'precision': 0.38763493621197254, 'recall': 0.9875, 'f1-score': 0.5567300916138126, 'support': 400.0}, 'Scan': {'precision': 0.0, 'recall': 0.0, 'f1-score': 0.0, 'support': 200.0}, 'WebAttack': {'precision': 0.5696969696969697, 'recall': 0.94, 'f1-score': 0.7094339622641509, 'support': 400.0}, 'accuracy': 0.4552325581395349, 'macro avg': {'precision': 0.26161164082012506, 'recall': 0.2839285714285714, 'f1-score': 0.19680766057043705, 'support': 1720.0}, 'weighted avg': {'precision': 0.32425737112207176, 'recall': 0.4552325581395349, 'f1-score': 0.3074206602175608, 'support': 1720.0}}","[[  0   0   0   0  25   0  95]
 [  2   0   1   3 163   0  31]
 [  1   0   2   1 192   0   4]
 [ 11   0   4  10  29   0 146]
 [  0   0   0   2 395   0   3]
 [  0   0   0   0 195   0   5]
 [  3   0   0   1  20   0 376]]",0.01893925666809082,0.0001595020294189453
ToN_IoT,['*'],sigmoid,Normalizer,KNN_FTSP,0.4947785441682297,-1,-1,87.99003322259136,51.86904761904763,7.0058139534883725,51.273652165921156,51.09448970019274,-1,"{'BruteForce': {'precision': 0.4126984126984127, 'recall': 0.43333333333333335, 'f1-score': 0.4227642276422764, 'support': 120.0}, 'DDoS': {'precision': 0.33488372093023255, 'recall': 0.36, 'f1-score': 0.3469879518072289, 'support': 200.0}, 'DoS': {'precision': 0.6443514644351465, 'recall': 0.77, 'f1-score': 0.7015945330296128, 'support': 200.0}, 'MITM': {'precision': 0.32044198895027626, 'recall': 0.29, 'f1-score': 0.30446194225721784, 'support': 200.0}, 'Malware': {'precision': 0.7573033707865169, 'recall': 0.8425, 'f1-score': 0.7976331360946746, 'support': 400.0}, 'Scan': {'precision': 0.43103448275862066, 'recall': 0.25, 'f1-score': 0.3164556962025316, 'support': 200.0}, 'WebAttack': {'precision': 0.6884422110552764, 'recall': 0.685, 'f1-score': 0.6867167919799498, 'support': 400.0}, 'accuracy': 0.5796511627906977, 'macro avg': {'precision': 0.5127365216592116, 'recall': 0.5186904761904763, 'f1-score': 0.5109448970019274, 'support': 1720.0}, 'weighted avg': {'precision': 0.5662583567880128, 'recall': 0.5796511627906977, 'f1-score': 0.5688207576780472, 'support': 1720.0}}","[[ 52  26   0   5  22   4  11]
 [ 13  72  37  19  22  27  10]
 [  1  19 154   8   1  10   7]
 [ 14  25   4  58   8  11  80]
 [ 19  26   0   6 337   9   3]
 [  8  36  44   5  44  50  13]
 [ 19  11   0  80  11   5 274]]",0.0012204647064208984,0.02271437644958496
ToN_IoT,['*'],sigmoid,Normalizer,LDA_FTSP,0.3410926160947038,-1,-1,84.15282392026579,27.357142857142858,9.244186046511627,13.606150793650794,17.90763290763291,-1,"{'BruteForce': {'precision': 0.0, 'recall': 0.0, 'f1-score': 0.0, 'support': 120.0}, 'DDoS': {'precision': 0.0, 'recall': 0.0, 'f1-score': 0.0, 'support': 200.0}, 'DoS': {'precision': 0.0, 'recall': 0.0, 'f1-score': 0.0, 'support': 200.0}, 'MITM': {'precision': 0.0, 'recall': 0.0, 'f1-score': 0.0, 'support': 200.0}, 'Malware': {'precision': 0.35555555555555557, 'recall': 0.96, 'f1-score': 0.5189189189189188, 'support': 400.0}, 'Scan': {'precision': 0.0, 'recall': 0.0, 'f1-score': 0.0, 'support': 200.0}, 'WebAttack': {'precision': 0.596875, 'recall': 0.955, 'f1-score': 0.7346153846153847, 'support': 400.0}, 'accuracy': 0.44534883720930235, 'macro avg': {'precision': 0.13606150793650795, 'recall': 0.2735714285714286, 'f1-score': 0.1790763290763291, 'support': 1720.0}, 'weighted avg': {'precision': 0.22149547803617575, 'recall': 0.44534883720930235, 'f1-score': 0.29151960547309386, 'support': 1720.0}}","[[  0   0   0   0  93   0  27]
 [  0   0   0   0 171   0  29]
 [  0   0   0   0 183   0  17]
 [  0   0   0   0  50   0 150]
 [  0   0   0   0 384   0  16]
 [  0   0   0   0 181   0  19]
 [  0   0   0   0  18   0 382]]",0.0007767677307128906,0.00014138221740722656
ToN_IoT,['*'],sigmoid,Normalizer,MLP_FTSP,0.42197759782327193,-1,-1,86.24584717607974,43.21428571428571,8.023255813953488,42.62069408738841,37.83277452811623,-1,"{'BruteForce': {'precision': 0.24324324324324326, 'recall': 0.375, 'f1-score': 0.2950819672131148, 'support': 120.0}, 'DDoS': {'precision': 0.3090909090909091, 'recall': 0.17, 'f1-score': 0.21935483870967742, 'support': 200.0}, 'DoS': {'precision': 0.5379537953795379, 'recall': 0.815, 'f1-score': 0.6481113320079522, 'support': 200.0}, 'MITM': {'precision': 0.5238095238095238, 'recall': 0.055, 'f1-score': 0.09954751131221719, 'support': 200.0}, 'Malware': {'precision': 0.5439330543933054, 'recall': 0.65, 'f1-score': 0.5922551252847381, 'support': 400.0}, 'Scan': {'precision': 0.2, 'recall': 0.025, 'f1-score': 0.04444444444444445, 'support': 200.0}, 'WebAttack': {'precision': 0.6254180602006689, 'recall': 0.935, 'f1-score': 0.7494989979959921, 'support': 400.0}, 'accuracy': 0.5186046511627908, 'macro avg': {'precision': 0.4262069408738841, 'recall': 0.4321428571428571, 'f1-score': 0.3783277452811623, 'support': 1720.0}, 'weighted avg': {'precision': 0.471570046908589, 'recall': 0.5186046511627908, 'f1-score': 0.4502343666701884, 'support': 1720.0}}","[[ 45   6   0   0  51   1  17]
 [ 11  34  70   0  59   1  25]
 [  0   0 163   7   9  11  10]
 [  8  16  11  11  15   0 139]
 [ 95  22   0   0 260   7  16]
 [  9  31  58   2  78   5  17]
 [ 17   1   1   1   6   0 374]]",1.6971185207366943,0.0007185935974121094
ToN_IoT,['*'],sigmoid,Normalizer,LGBM_FTSP,0.5322525961338219,-1,-1,88.93687707641196,52.94047619047618,6.453488372093023,53.81707967633105,51.94494129628377,-1,"{'BruteForce': {'precision': 0.5111111111111111, 'recall': 0.38333333333333336, 'f1-score': 0.4380952380952381, 'support': 120.0}, 'DDoS': {'precision': 0.41420118343195267, 'recall': 0.35, 'f1-score': 0.3794037940379404, 'support': 200.0}, 'DoS': {'precision': 0.6269230769230769, 'recall': 0.815, 'f1-score': 0.708695652173913, 'support': 200.0}, 'MITM': {'precision': 0.375, 'recall': 0.18, 'f1-score': 0.24324324324324328, 'support': 200.0}, 'Malware': {'precision': 0.740343347639485, 'recall': 0.8625, 'f1-score': 0.7967667436489608, 'support': 400.0}, 'Scan': {'precision': 0.4444444444444444, 'recall': 0.26, 'f1-score': 0.3280757097791798, 'support': 200.0}, 'WebAttack': {'precision': 0.6551724137931034, 'recall': 0.855, 'f1-score': 0.7418655097613883, 'support': 400.0}, 'accuracy': 0.6127906976744186, 'macro avg': {'precision': 0.5381707967633105, 'recall': 0.5294047619047618, 'f1-score': 0.5194494129628378, 'support': 1720.0}, 'weighted avg': {'precision': 0.5765426621315486, 'recall': 0.6127906976744186, 'f1-score': 0.5813418661525718, 'support': 1720.0}}","[[ 46  22   0   4  30   5  13]
 [ 13  70  45  13  24  20  15]
 [  0   8 163   6   0  13  10]
 [  8  17   5  36   7  14 113]
 [  8  21   0   3 345  11  12]
 [  4  28  46   1  52  52  17]
 [ 11   3   1  33   8   2 342]]",0.9055371284484863,0.009592771530151367
ToN_IoT,['*'],sigmoid,Normalizer,NuSVC_FTSP,0.32784882567526885,-1,-1,84.03654485049834,37.08333333333333,9.312015503875969,40.01896311461648,37.788678511597176,-1,"{'BruteForce': {'precision': 0.4166666666666667, 'recall': 0.20833333333333334, 'f1-score': 0.2777777777777778, 'support': 120.0}, 'DDoS': {'precision': 0.24242424242424243, 'recall': 0.28, 'f1-score': 0.25986078886310904, 'support': 200.0}, 'DoS': {'precision': 0.4779874213836478, 'recall': 0.38, 'f1-score': 0.4233983286908078, 'support': 200.0}, 'MITM': {'precision': 0.2468354430379747, 'recall': 0.195, 'f1-score': 0.21787709497206703, 'support': 200.0}, 'Malware': {'precision': 0.6475972540045767, 'recall': 0.7075, 'f1-score': 0.6762246117084827, 'support': 400.0}, 'Scan': {'precision': 0.1724137931034483, 'recall': 0.25, 'f1-score': 0.20408163265306123, 'support': 200.0}, 'WebAttack': {'precision': 0.5974025974025974, 'recall': 0.575, 'f1-score': 0.5859872611464968, 'support': 400.0}, 'accuracy': 0.44127906976744186, 'macro avg': {'precision': 0.40018963114616485, 'recall': 0.3708333333333333, 'f1-score': 0.3778867851159718, 'support': 1720.0}, 'weighted avg': {'precision': 0.45112332590275134, 'recall': 0.44127906976744186, 'f1-score': 0.44143119273903153, 'support': 1720.0}}","[[ 25   0   1   0  27  38  29]
 [  9  56  19   9  38  55  14]
 [  0 109  76   4   3   2   6]
 [  7  16   7  39  13  31  87]
 [  4   3  18   1 283  80  11]
 [  6  35  37   5  59  50   8]
 [  9  12   1 100  14  34 230]]",0.7224066257476807,0.1833651065826416
ToN_IoT,['*'],sigmoid,Normalizer,SGD_FTSP,0.1775673988266735,-1,-1,81.24584717607974,21.178571428571427,10.939922480620154,11.215027175701854,13.295074311860303,-1,"{'BruteForce': {'precision': 0.0, 'recall': 0.0, 'f1-score': 0.0, 'support': 120.0}, 'DDoS': {'precision': 0.0, 'recall': 0.0, 'f1-score': 0.0, 'support': 200.0}, 'DoS': {'precision': 0.0, 'recall': 0.0, 'f1-score': 0.0, 'support': 200.0}, 'MITM': {'precision': 0.1111111111111111, 'recall': 0.01, 'f1-score': 0.01834862385321101, 'support': 200.0}, 'Malware': {'precision': 0.3004694835680751, 'recall': 0.48, 'f1-score': 0.36958614051973054, 'support': 400.0}, 'Scan': {'precision': 0.0, 'recall': 0.0, 'f1-score': 0.0, 'support': 200.0}, 'WebAttack': {'precision': 0.37347130761994357, 'recall': 0.9925, 'f1-score': 0.5427204374572796, 'support': 400.0}, 'accuracy': 0.3436046511627907, 'macro avg': {'precision': 0.11215027175701854, 'recall': 0.21178571428571427, 'f1-score': 0.13295074311860303, 'support': 1720.0}, 'weighted avg': {'precision': 0.16965031319618007, 'recall': 0.3436046511627907, 'f1-score': 0.2142978813729339, 'support': 1720.0}}","[[  0   0   0   0   1   0 119]
 [  0   0   0   9  90   0 101]
 [  0   0   0   0 183   0  17]
 [  0   0   0   2  29   0 169]
 [  0   0   0   1 192   0 207]
 [  0   0   0   6 141   0  53]
 [  0   0   0   0   3   0 397]]",0.023099422454833984,0.0001609325408935547
ToN_IoT,['*'],None,Normalizer,KNN_FTSP,0.5435947836583269,-1,-1,89.18604651162791,55.64285714285714,6.308139534883721,56.325666543806264,55.84488948560231,-1,"{'BruteForce': {'precision': 0.2079207920792079, 'recall': 0.175, 'f1-score': 0.19004524886877827, 'support': 120.0}, 'DDoS': {'precision': 0.4909090909090909, 'recall': 0.54, 'f1-score': 0.5142857142857142, 'support': 200.0}, 'DoS': {'precision': 0.8835978835978836, 'recall': 0.835, 'f1-score': 0.858611825192802, 'support': 200.0}, 'MITM': {'precision': 0.42424242424242425, 'recall': 0.35, 'f1-score': 0.3835616438356164, 'support': 200.0}, 'Malware': {'precision': 0.8208232445520581, 'recall': 0.8475, 'f1-score': 0.8339483394833949, 'support': 400.0}, 'Scan': {'precision': 0.5135135135135135, 'recall': 0.475, 'f1-score': 0.4935064935064935, 'support': 200.0}, 'WebAttack': {'precision': 0.6017897091722595, 'recall': 0.6725, 'f1-score': 0.6351829988193624, 'support': 400.0}, 'accuracy': 0.6215116279069768, 'macro avg': {'precision': 0.5632566654380626, 'recall': 0.5564285714285714, 'f1-score': 0.5584488948560231, 'support': 1720.0}, 'weighted avg': {'precision': 0.6142141040650084, 'recall': 0.6215116279069768, 'f1-score': 0.6165413375287683, 'support': 1720.0}}","[[ 21  13   0  13   0   3  70]
 [  9 108   3  11  19  33  17]
 [  1   1 167   3   6  18   4]
 [ 16  22   1  70   6   5  80]
 [  2  26   0   4 339  28   1]
 [  0  37  18   1  43  95   6]
 [ 52  13   0  63   0   3 269]]",0.0011126995086669922,0.02221059799194336
ToN_IoT,['*'],None,Normalizer,LDA_FTSP,0.3481471602787854,-1,-1,84.5016611295681,28.67857142857143,9.040697674418604,26.233061840984295,20.157965421860595,-1,"{'BruteForce': {'precision': 0.0, 'recall': 0.0, 'f1-score': 0.0, 'support': 120.0}, 'DDoS': {'precision': 0.17647058823529413, 'recall': 0.06, 'f1-score': 0.08955223880597014, 'support': 200.0}, 'DoS': {'precision': 0.2857142857142857, 'recall': 0.01, 'f1-score': 0.01932367149758454, 'support': 200.0}, 'MITM': {'precision': 0.4, 'recall': 0.01, 'f1-score': 0.01951219512195122, 'support': 200.0}, 'Malware': {'precision': 0.40183112919633773, 'recall': 0.9875, 'f1-score': 0.5712219812002892, 'support': 400.0}, 'Scan': {'precision': 0.0, 'recall': 0.0, 'f1-score': 0.0, 'support': 200.0}, 'WebAttack': {'precision': 0.5722983257229832, 'recall': 0.94, 'f1-score': 0.7114474929044464, 'support': 400.0}, 'accuracy': 0.4575581395348837, 'macro avg': {'precision': 0.26233061840984295, 'recall': 0.2867857142857143, 'f1-score': 0.20157965421860594, 'support': 1720.0}, 'weighted avg': {'precision': 0.3267957888125839, 'recall': 0.4575581395348837, 'f1-score': 0.3132240760040671, 'support': 1720.0}}","[[  0   6   0   0  19   0  95]
 [  0  12   1   2 155   0  30]
 [  0   5   2   0 189   0   4]
 [  0  28   4   2  21   0 145]
 [  0   2   0   1 395   0   2]
 [  0   0   0   0 195   0   5]
 [  0  15   0   0   9   0 376]]",0.0007607936859130859,0.00013327598571777344
ToN_IoT,['*'],None,Normalizer,MLP_FTSP,0.5115110158195769,-1,-1,88.23920265780731,48.035714285714285,6.86046511627907,40.56432286113421,40.851123135434655,-1,"{'BruteForce': {'precision': 0.0, 'recall': 0.0, 'f1-score': 0.0, 'support': 120.0}, 'DDoS': {'precision': 0.42178770949720673, 'recall': 0.755, 'f1-score': 0.5412186379928315, 'support': 200.0}, 'DoS': {'precision': 0.7041666666666667, 'recall': 0.845, 'f1-score': 0.7681818181818181, 'support': 200.0}, 'MITM': {'precision': 0.4482758620689655, 'recall': 0.065, 'f1-score': 0.11353711790393015, 'support': 200.0}, 'Malware': {'precision': 0.6923076923076923, 'recall': 0.765, 'f1-score': 0.7268408551068885, 'support': 400.0}, 'Scan': {'precision': 0.0, 'recall': 0.0, 'f1-score': 0.0, 'support': 200.0}, 'WebAttack': {'precision': 0.5729646697388633, 'recall': 0.9325, 'f1-score': 0.7098001902949571, 'support': 400.0}, 'accuracy': 0.5883720930232558, 'macro avg': {'precision': 0.4056432286113421, 'recall': 0.48035714285714287, 'f1-score': 0.4085112313543465, 'support': 1720.0}, 'weighted avg': {'precision': 0.4772994142239476, 'recall': 0.5883720930232558, 'f1-score': 0.4995604261491013, 'support': 1720.0}}","[[  0  18   0   0   7   0  95]
 [  0 151   3   7  12   0  27]
 [  0   7 169   2  18   0   4]
 [  0  29   1  13  12   0 145]
 [  0  49  40   3 306   0   2]
 [  0  82  27   0  86   0   5]
 [  0  22   0   4   1   0 373]]",1.6874451637268066,0.0008335113525390625
ToN_IoT,['*'],None,Normalizer,LGBM_FTSP,0.5636139933011383,-1,-1,89.63455149501661,54.50000000000001,6.046511627906977,63.09261002492869,54.013508860683615,-1,"{'BruteForce': {'precision': 0.6666666666666666, 'recall': 0.05, 'f1-score': 0.09302325581395349, 'support': 120.0}, 'DDoS': {'precision': 0.4751131221719457, 'recall': 0.525, 'f1-score': 0.498812351543943, 'support': 200.0}, 'DoS': {'precision': 0.9230769230769231, 'recall': 0.78, 'f1-score': 0.8455284552845529, 'support': 200.0}, 'MITM': {'precision': 0.46788990825688076, 'recall': 0.255, 'f1-score': 0.3300970873786408, 'support': 200.0}, 'Malware': {'precision': 0.8329048843187661, 'recall': 0.81, 'f1-score': 0.8212927756653993, 'support': 400.0}, 'Scan': {'precision': 0.46846846846846846, 'recall': 0.52, 'f1-score': 0.49289099526066354, 'support': 200.0}, 'WebAttack': {'precision': 0.5823627287853578, 'recall': 0.875, 'f1-score': 0.6993006993006993, 'support': 400.0}, 'accuracy': 0.6372093023255814, 'macro avg': {'precision': 0.6309261002492869, 'recall': 0.545, 'f1-score': 0.5401350886068361, 'support': 1720.0}, 'weighted avg': {'precision': 0.6471027497886589, 'recall': 0.6372093023255814, 'f1-score': 0.6121313712660894, 'support': 1720.0}}","[[  6  15   0   6   0   2  91]
 [  0 105   1  12  14  41  27]
 [  0   3 156   5   7  25   4]
 [  0  16   0  51   3   7 123]
 [  2  30   0   4 324  39   1]
 [  1  37  12   0  41 104   5]
 [  0  15   0  31   0   4 350]]",0.8995165824890137,0.0093536376953125
ToN_IoT,['*'],None,Normalizer,NuSVC_FTSP,0.18494999036484347,-1,-1,79.71760797342192,31.4047619047619,11.831395348837209,33.46100549490673,28.75834742858648,-1,"{'BruteForce': {'precision': 0.12154696132596685, 'recall': 0.18333333333333332, 'f1-score': 0.14617940199335547, 'support': 120.0}, 'DDoS': {'precision': 0.12845849802371542, 'recall': 0.325, 'f1-score': 0.18413597733711048, 'support': 200.0}, 'DoS': {'precision': 0.8622448979591837, 'recall': 0.845, 'f1-score': 0.8535353535353536, 'support': 200.0}, 'MITM': {'precision': 0.22058823529411764, 'recall': 0.45, 'f1-score': 0.29605263157894735, 'support': 200.0}, 'Malware': {'precision': 0.3148148148148148, 'recall': 0.2125, 'f1-score': 0.2537313432835821, 'support': 400.0}, 'Scan': {'precision': 0.23809523809523808, 'recall': 0.025, 'f1-score': 0.04524886877828054, 'support': 200.0}, 'WebAttack': {'precision': 0.45652173913043476, 'recall': 0.1575, 'f1-score': 0.23420074349442377, 'support': 400.0}, 'accuracy': 0.29011627906976745, 'macro avg': {'precision': 0.3346100549490673, 'recall': 0.314047619047619, 'f1-score': 0.2875834742858648, 'support': 1720.0}, 'weighted avg': {'precision': 0.35639397140213186, 'recall': 0.29011627906976745, 'f1-score': 0.2840168193001996, 'support': 1720.0}}","[[ 22  20   0  61   1   0  16]
 [ 12  65   3  15  90   0  15]
 [  2  15 169   5   6   0   3]
 [ 49  10   1  90  12   0  38]
 [  3 294   0   1  85  16   1]
 [  1  95  23   2  72   5   2]
 [ 92   7   0 234   4   0  63]]",0.717562198638916,0.18685460090637207
ToN_IoT,['*'],None,Normalizer,SGD_FTSP,0.34952212062399907,-1,-1,84.43521594684385,28.392857142857142,9.079457364341085,26.161164082012505,19.680766057043705,-1,"{'BruteForce': {'precision': 0.0, 'recall': 0.0, 'f1-score': 0.0, 'support': 120.0}, 'DDoS': {'precision': 0.0, 'recall': 0.0, 'f1-score': 0.0, 'support': 200.0}, 'DoS': {'precision': 0.2857142857142857, 'recall': 0.01, 'f1-score': 0.01932367149758454, 'support': 200.0}, 'MITM': {'precision': 0.5882352941176471, 'recall': 0.05, 'f1-score': 0.09216589861751152, 'support': 200.0}, 'Malware': {'precision': 0.38763493621197254, 'recall': 0.9875, 'f1-score': 0.5567300916138126, 'support': 400.0}, 'Scan': {'precision': 0.0, 'recall': 0.0, 'f1-score': 0.0, 'support': 200.0}, 'WebAttack': {'precision': 0.5696969696969697, 'recall': 0.94, 'f1-score': 0.7094339622641509, 'support': 400.0}, 'accuracy': 0.4552325581395349, 'macro avg': {'precision': 0.26161164082012506, 'recall': 0.2839285714285714, 'f1-score': 0.19680766057043705, 'support': 1720.0}, 'weighted avg': {'precision': 0.32425737112207176, 'recall': 0.4552325581395349, 'f1-score': 0.3074206602175608, 'support': 1720.0}}","[[  0   0   0   0  25   0  95]
 [  2   0   1   3 163   0  31]
 [  1   0   2   1 192   0   4]
 [ 11   0   4  10  29   0 146]
 [  0   0   0   2 395   0   3]
 [  0   0   0   0 195   0   5]
 [  3   0   0   1  20   0 376]]",0.01886582374572754,0.00016546249389648438
