,Data Type,Poly,Kernel,SCALER,Model,MCC,NDR,AUC_N,ACC,TPR Macro,FPR,PPV Macro,F1 Macro,AUC,CLS Report,CFS Matrix,Training time,Test time
0,ToN_IoT,0,rbf,QuantileTransformer,KNFST,0.8793502619834339,-1,-1,97.39583333333334,89.45833333333333,1.488095238095238,87.72964507810966,88.25965909923505,-1,"{'0Normal': {'precision': 0.8482142857142857, 'recall': 0.95, 'f1-score': 0.8962264150943396, 'support': 200.0}, 'BruteForce': {'precision': 0.7534246575342466, 'recall': 0.9166666666666666, 'f1-score': 0.8270676691729323, 'support': 120.0}, 'DDoS': {'precision': 0.8706467661691543, 'recall': 0.875, 'f1-score': 0.8728179551122195, 'support': 200.0}, 'DoS': {'precision': 0.8853211009174312, 'recall': 0.965, 'f1-score': 0.9234449760765551, 'support': 200.0}, 'MITM': {'precision': 0.8427672955974843, 'recall': 0.67, 'f1-score': 0.7465181058495822, 'support': 200.0}, 'Malware': {'precision': 0.9680589680589681, 'recall': 0.985, 'f1-score': 0.976456009913259, 'support': 400.0}, 'Scan': {'precision': 0.9150943396226415, 'recall': 0.97, 'f1-score': 0.941747572815534, 'support': 200.0}, 'WebAttack': {'precision': 0.9348441926345609, 'recall': 0.825, 'f1-score': 0.8764940239043825, 'support': 400.0}, 'accuracy': 0.8958333333333334, 'macro avg': {'precision': 0.8772964507810965, 'recall': 0.8945833333333333, 'f1-score': 0.8825965909923505, 'support': 1920.0}, 'weighted avg': {'precision': 0.897906760825896, 'recall': 0.8958333333333334, 'f1-score': 0.8940516348007576, 'support': 1920.0}}","[[190   1   0   0   4   2   3   0]
 [  6 110   0   0   3   0   0   1]
 [  4   3 175   0   3   5   1   9]
 [  5   0   0 193   0   0   1   1]
 [ 10   9  10  21 134   1   4  11]
 [  2   0   0   0   0 394   4   0]
 [  3   0   0   0   0   2 194   1]
 [  4  23  16   4  15   3   5 330]]",34.253821849823,0.5259244441986084
1,ToN_IoT,0,rbf,QuantileTransformer,KNN,0.9251752766492097,-1,-1,98.3984375,92.8125,0.9151785714285715,92.98914875012014,92.85509219239721,-1,"{'0Normal': {'precision': 0.8558558558558559, 'recall': 0.95, 'f1-score': 0.9004739336492891, 'support': 200.0}, 'BruteForce': {'precision': 0.875, 'recall': 0.875, 'f1-score': 0.875, 'support': 120.0}, 'DDoS': {'precision': 0.96875, 'recall': 0.93, 'f1-score': 0.9489795918367347, 'support': 200.0}, 'DoS': {'precision': 0.9847715736040609, 'recall': 0.97, 'f1-score': 0.9773299748110831, 'support': 200.0}, 'MITM': {'precision': 0.9210526315789473, 'recall': 0.875, 'f1-score': 0.8974358974358975, 'support': 200.0}, 'Malware': {'precision': 0.9680589680589681, 'recall': 0.985, 'f1-score': 0.976456009913259, 'support': 400.0}, 'Scan': {'precision': 0.9289340101522843, 'recall': 0.915, 'f1-score': 0.9219143576826196, 'support': 200.0}, 'WebAttack': {'precision': 0.9367088607594937, 'recall': 0.925, 'f1-score': 0.9308176100628931, 'support': 400.0}, 'accuracy': 0.9359375, 'macro avg': {'precision': 0.9298914875012013, 'recall': 0.928125, 'f1-score': 0.928550921923972, 'support': 1920.0}, 'weighted avg': {'precision': 0.9368645550862575, 'recall': 0.9359375, 'f1-score': 0.9360084370174925, 'support': 1920.0}}","[[190   0   2   2   3   0   2   1]
 [  1 105   0   0   0   2   6   6]
 [  2   1 186   0   0   4   1   6]
 [  6   0   0 194   0   0   0   0]
 [ 13   0   0   1 175   0   1  10]
 [  2   0   0   0   0 394   4   0]
 [  5   3   1   0   0   6 183   2]
 [  3  11   3   0  12   1   0 370]]",0.0002887248992919922,0.004414081573486328
2,ToN_IoT,0,rbf,QuantileTransformer,LDA,0.6156390137245894,-1,-1,91.51041666666667,63.39583333333334,4.851190476190476,71.48395306037354,61.40174244615345,-1,"{'0Normal': {'precision': 0.896551724137931, 'recall': 0.78, 'f1-score': 0.8342245989304813, 'support': 200.0}, 'BruteForce': {'precision': 0.6153846153846154, 'recall': 0.06666666666666667, 'f1-score': 0.12030075187969924, 'support': 120.0}, 'DDoS': {'precision': 0.5619047619047619, 'recall': 0.885, 'f1-score': 0.6873786407766991, 'support': 200.0}, 'DoS': {'precision': 1.0, 'recall': 0.53, 'f1-score': 0.6928104575163399, 'support': 200.0}, 'MITM': {'precision': 0.6578947368421053, 'recall': 0.625, 'f1-score': 0.6410256410256411, 'support': 200.0}, 'Malware': {'precision': 0.9009433962264151, 'recall': 0.4775, 'f1-score': 0.6241830065359477, 'support': 400.0}, 'Scan': {'precision': 0.44611528822055135, 'recall': 0.89, 'f1-score': 0.5943238731218697, 'support': 200.0}, 'WebAttack': {'precision': 0.639921722113503, 'recall': 0.8175, 'f1-score': 0.7178924259055982, 'support': 400.0}, 'accuracy': 0.6604166666666667, 'macro avg': {'precision': 0.7148395306037354, 'recall': 0.6339583333333334, 'f1-score': 0.6140174244615345, 'support': 1920.0}, 'weighted avg': {'precision': 0.7305653663558286, 'recall': 0.6604166666666667, 'f1-score': 0.646468179935619, 'support': 1920.0}}","[[156   0   7   0   5   4   5  23]
 [  1   8  21   0   0   0   0  90]
 [  2   1 177   0   2   5   1  12]
 [  6   0   1 106   3   0  84   0]
 [  8   2   6   0 125   0   2  57]
 [  1   0  79   0   0 191 129   0]
 [  0   2   7   0   0  11 178   2]
 [  0   0  17   0  55   1   0 327]]",0.001940011978149414,0.008222579956054688
3,ToN_IoT,0,rbf,QuantileTransformer,SGD,0.4967208878339084,-1,-1,88.15104166666666,47.17708333333333,6.770833333333333,64.8149609689997,43.73546041773545,-1,"{'0Normal': {'precision': 0.7483870967741936, 'recall': 0.58, 'f1-score': 0.6535211267605634, 'support': 200.0}, 'BruteForce': {'precision': 0.4, 'recall': 0.016666666666666666, 'f1-score': 0.032, 'support': 120.0}, 'DDoS': {'precision': 0.9361702127659575, 'recall': 0.22, 'f1-score': 0.3562753036437247, 'support': 200.0}, 'DoS': {'precision': 0.5, 'recall': 0.015, 'f1-score': 0.02912621359223301, 'support': 200.0}, 'MITM': {'precision': 0.703125, 'recall': 0.675, 'f1-score': 0.6887755102040817, 'support': 200.0}, 'Malware': {'precision': 0.9261363636363636, 'recall': 0.4075, 'f1-score': 0.5659722222222222, 'support': 400.0}, 'Scan': {'precision': 0.22669735327963175, 'recall': 0.985, 'f1-score': 0.3685687558465856, 'support': 200.0}, 'WebAttack': {'precision': 0.7446808510638298, 'recall': 0.875, 'f1-score': 0.8045977011494253, 'support': 400.0}, 'accuracy': 0.5260416666666666, 'macro avg': {'precision': 0.648149609689997, 'recall': 0.4717708333333333, 'f1-score': 0.4373546041773545, 'support': 1920.0}, 'weighted avg': {'precision': 0.6975014679396009, 'recall': 0.5260416666666666, 'f1-score': 0.5058965371656753, 'support': 1920.0}}","[[116   0   0   2   4   0  70   8]
 [  0   2   0   0   8   7  21  82]
 [  4   0  44   1  11   5 132   3]
 [  0   0   0   3   1   0 194   2]
 [ 32   3   1   0 135   0   7  22]
 [  1   0   0   0   0 163 236   0]
 [  0   0   0   0   0   0 197   3]
 [  2   0   2   0  33   1  12 350]]",0.057062625885009766,0.0002808570861816406
4,ToN_IoT,0,rbf,QuantileTransformer,GauNB,0.29888184660581285,-1,-1,84.20572916666667,34.958333333333336,9.025297619047619,59.860543647360096,25.766909291335615,-1,"{'0Normal': {'precision': 0.6810344827586207, 'recall': 0.395, 'f1-score': 0.5, 'support': 200.0}, 'BruteForce': {'precision': 0.1765834932821497, 'recall': 0.7666666666666667, 'f1-score': 0.2870514820592824, 'support': 120.0}, 'DDoS': {'precision': 1.0, 'recall': 0.02, 'f1-score': 0.0392156862745098, 'support': 200.0}, 'DoS': {'precision': 0.2, 'recall': 0.015, 'f1-score': 0.027906976744186046, 'support': 200.0}, 'MITM': {'precision': 0.5392156862745098, 'recall': 0.55, 'f1-score': 0.5445544554455446, 'support': 200.0}, 'Malware': {'precision': 0.38431752178121975, 'recall': 0.9925, 'f1-score': 0.5540823447313329, 'support': 400.0}, 'Scan': {'precision': 1.0, 'recall': 0.005, 'f1-score': 0.009950248756218905, 'support': 200.0}, 'WebAttack': {'precision': 0.8076923076923077, 'recall': 0.0525, 'f1-score': 0.09859154929577464, 'support': 400.0}, 'accuracy': 0.36822916666666666, 'macro avg': {'precision': 0.598605436473601, 'recall': 0.34958333333333336, 'f1-score': 0.25766909291335616, 'support': 1920.0}, 'weighted avg': {'precision': 0.6156479087447371, 'recall': 0.36822916666666666, 'f1-score': 0.2707506296364838, 'support': 1920.0}}","[[ 79  24   0  10  36  49   0   2]
 [  0  92   0   0   0  28   0   0]
 [ 31  15   4   0   0 150   0   0]
 [  0   0   0   3   0 197   0   0]
 [  2  80   0   2 110   3   0   3]
 [  3   0   0   0   0 397   0   0]
 [  0   2   0   0   0 197   1   0]
 [  1 308   0   0  58  12   0  21]]",0.0010876655578613281,0.0009641647338867188
5,ToN_IoT,0,rbf,QuantileTransformer,NC,0.3137427284273484,-1,-1,85.1953125,34.416666666666664,8.459821428571429,43.93825043458918,33.738996265426415,-1,"{'0Normal': {'precision': 0.9473684210526315, 'recall': 0.09, 'f1-score': 0.1643835616438356, 'support': 200.0}, 'BruteForce': {'precision': 0.36538461538461536, 'recall': 0.15833333333333333, 'f1-score': 0.22093023255813954, 'support': 120.0}, 'DDoS': {'precision': 0.5959595959595959, 'recall': 0.59, 'f1-score': 0.592964824120603, 'support': 200.0}, 'DoS': {'precision': 0.0, 'recall': 0.0, 'f1-score': 0.0, 'support': 200.0}, 'MITM': {'precision': 0.4166666666666667, 'recall': 0.475, 'f1-score': 0.4439252336448598, 'support': 200.0}, 'Malware': {'precision': 0.48586118251928023, 'recall': 0.4725, 'f1-score': 0.4790874524714829, 'support': 400.0}, 'Scan': {'precision': 0.0780399274047187, 'recall': 0.215, 'f1-score': 0.11451398135818908, 'support': 200.0}, 'WebAttack': {'precision': 0.6257796257796258, 'recall': 0.7525, 'f1-score': 0.6833144154370034, 'support': 400.0}, 'accuracy': 0.4078125, 'macro avg': {'precision': 0.43938250434589177, 'recall': 0.3441666666666667, 'f1-score': 0.33738996265426413, 'support': 1920.0}, 'weighted avg': {'precision': 0.4667236455116869, 'recall': 0.4078125, 'f1-score': 0.3930364037624317, 'support': 1920.0}}","[[ 18   0  37   2  40  24  56  23]
 [  0  19  13   0   0   6   9  73]
 [  0   3 118   0  31   4  32  12]
 [  0   0   0   0   3   0 197   0]
 [  1   6  14   0  95  12   2  70]
 [  0   0   0   0   0 189 211   0]
 [  0   1   1   0   0 153  43   2]
 [  0  23  15   0  59   1   1 301]]",0.0005223751068115234,0.05225872993469238
6,ToN_IoT,0,rbf,QuantileTransformer,RNC,0.8302786771235781,-1,-1,96.34114583333333,82.95833333333333,2.0907738095238093,86.81985386365112,83.23052750350568,-1,"{'0Normal': {'precision': 0.953125, 'recall': 0.915, 'f1-score': 0.9336734693877551, 'support': 200.0}, 'BruteForce': {'precision': 0.8541666666666666, 'recall': 0.3416666666666667, 'f1-score': 0.4880952380952381, 'support': 120.0}, 'DDoS': {'precision': 0.9637305699481865, 'recall': 0.93, 'f1-score': 0.9465648854961832, 'support': 200.0}, 'DoS': {'precision': 0.9896907216494846, 'recall': 0.96, 'f1-score': 0.9746192893401016, 'support': 200.0}, 'MITM': {'precision': 0.7307692307692307, 'recall': 0.855, 'f1-score': 0.7880184331797235, 'support': 200.0}, 'Malware': {'precision': 0.9633802816901409, 'recall': 0.855, 'f1-score': 0.9059602649006623, 'support': 400.0}, 'Scan': {'precision': 0.749003984063745, 'recall': 0.94, 'f1-score': 0.8337028824833703, 'support': 200.0}, 'WebAttack': {'precision': 0.7417218543046358, 'recall': 0.84, 'f1-score': 0.7878077373974208, 'support': 400.0}, 'accuracy': 0.8536458333333333, 'macro avg': {'precision': 0.8681985386365112, 'recall': 0.8295833333333333, 'f1-score': 0.8323052750350568, 'support': 1920.0}, 'weighted avg': {'precision': 0.8655233102521043, 'recall': 0.8536458333333333, 'f1-score': 0.8496845945146294, 'support': 1920.0}}","[[183   0   0   1   4   1   2   9]
 [  0  41   0   0   0   2   6  71]
 [  1   3 186   0   0   4   0   6]
 [  6   0   0 192   1   0   0   1]
 [  1   0   2   1 171   0   1  24]
 [  1   0   0   0   0 342  54   3]
 [  0   3   1   0   0   5 188   3]
 [  0   1   4   0  58   1   0 336]]",0.00024628639221191406,0.008007287979125977
7,ToN_IoT,0,poly,QuantileTransformer,KNN,0.8577521954791948,-1,-1,96.88802083333333,88.91666666666667,1.7782738095238095,86.82723434842491,86.96658569492767,-1,"{'0Normal': {'precision': 0.8727272727272727, 'recall': 0.96, 'f1-score': 0.9142857142857143, 'support': 200.0}, 'BruteForce': {'precision': 0.5477386934673367, 'recall': 0.9083333333333333, 'f1-score': 0.6833855799373041, 'support': 120.0}, 'DDoS': {'precision': 0.9317073170731708, 'recall': 0.955, 'f1-score': 0.9432098765432099, 'support': 200.0}, 'DoS': {'precision': 0.965, 'recall': 0.965, 'f1-score': 0.965, 'support': 200.0}, 'MITM': {'precision': 0.8318181818181818, 'recall': 0.915, 'f1-score': 0.8714285714285714, 'support': 200.0}, 'Malware': {'precision': 0.9012345679012346, 'recall': 0.9125, 'f1-score': 0.906832298136646, 'support': 400.0}, 'Scan': {'precision': 0.937888198757764, 'recall': 0.755, 'f1-score': 0.8365650969529086, 'support': 200.0}, 'WebAttack': {'precision': 0.9580645161290322, 'recall': 0.7425, 'f1-score': 0.8366197183098592, 'support': 400.0}, 'accuracy': 0.8755208333333333, 'macro avg': {'precision': 0.8682723434842491, 'recall': 0.8891666666666667, 'f1-score': 0.8696658569492767, 'support': 1920.0}, 'weighted avg': {'precision': 0.8944148285955547, 'recall': 0.8755208333333333, 'f1-score': 0.8778567333401871, 'support': 1920.0}}","[[192   0   2   0   2   1   1   2]
 [  1 109   2   0   0   0   6   2]
 [  2   0 191   0   0   5   0   2]
 [  7   0   0 193   0   0   0   0]
 [ 10   1   0   0 183   0   0   6]
 [  2  25   4   0   1 365   3   0]
 [  4   3   1   7   0  33 151   1]
 [  2  61   5   0  34   1   0 297]]",0.0003707408905029297,0.0030498504638671875
8,ToN_IoT,0,poly,QuantileTransformer,LDA,0.6838884936622518,-1,-1,93.02083333333333,73.46875,3.9880952380952377,74.56842607379609,71.97093624545565,-1,"{'0Normal': {'precision': 0.9075144508670521, 'recall': 0.785, 'f1-score': 0.8418230563002681, 'support': 200.0}, 'BruteForce': {'precision': 0.75, 'recall': 0.5, 'f1-score': 0.6, 'support': 120.0}, 'DDoS': {'precision': 0.5457413249211357, 'recall': 0.865, 'f1-score': 0.6692456479690522, 'support': 200.0}, 'DoS': {'precision': 0.9547738693467337, 'recall': 0.95, 'f1-score': 0.9523809523809523, 'support': 200.0}, 'MITM': {'precision': 0.582995951417004, 'recall': 0.72, 'f1-score': 0.6442953020134228, 'support': 200.0}, 'Malware': {'precision': 0.9009433962264151, 'recall': 0.4775, 'f1-score': 0.6241830065359477, 'support': 400.0}, 'Scan': {'precision': 0.5488215488215489, 'recall': 0.815, 'f1-score': 0.6559356136820925, 'support': 200.0}, 'WebAttack': {'precision': 0.7746835443037975, 'recall': 0.765, 'f1-score': 0.769811320754717, 'support': 400.0}, 'accuracy': 0.7208333333333333, 'macro avg': {'precision': 0.7456842607379609, 'recall': 0.7346874999999999, 'f1-score': 0.7197093624545565, 'support': 1920.0}, 'weighted avg': {'precision': 0.7646980235868646, 'recall': 0.7208333333333333, 'f1-score': 0.7199655444715748, 'support': 1920.0}}","[[157   0   7   0   5   5   3  23]
 [  1  60  21   0   9   0   0  29]
 [  2   2 173   0  10   4   2   7]
 [  6   0   1 190   3   0   0   0]
 [  6  16   6   0 144   0   0  28]
 [  1   0  79   0   0 191 129   0]
 [  0   2  13   9   0  11 163   2]
 [  0   0  17   0  76   1   0 306]]",0.0016100406646728516,0.008240938186645508
9,ToN_IoT,0,poly,QuantileTransformer,SGD,0.5479470807864576,-1,-1,89.296875,66.14583333333333,6.116071428571428,68.79337218876321,58.53732495200514,-1,"{'0Normal': {'precision': 0.928, 'recall': 0.58, 'f1-score': 0.7138461538461538, 'support': 200.0}, 'BruteForce': {'precision': 0.22365591397849463, 'recall': 0.8666666666666667, 'f1-score': 0.35555555555555557, 'support': 120.0}, 'DDoS': {'precision': 0.5396341463414634, 'recall': 0.885, 'f1-score': 0.6704545454545454, 'support': 200.0}, 'DoS': {'precision': 0.8883720930232558, 'recall': 0.955, 'f1-score': 0.9204819277108434, 'support': 200.0}, 'MITM': {'precision': 0.5224489795918368, 'recall': 0.64, 'f1-score': 0.5752808988764045, 'support': 200.0}, 'Malware': {'precision': 0.9651162790697675, 'recall': 0.415, 'f1-score': 0.5804195804195804, 'support': 400.0}, 'Scan': {'precision': 0.5239616613418531, 'recall': 0.82, 'f1-score': 0.6393762183235867, 'support': 200.0}, 'WebAttack': {'precision': 0.9122807017543859, 'recall': 0.13, 'f1-score': 0.2275711159737418, 'support': 400.0}, 'accuracy': 0.571875, 'macro avg': {'precision': 0.6879337218876321, 'recall': 0.6614583333333333, 'f1-score': 0.5853732495200514, 'support': 1920.0}, 'weighted avg': {'precision': 0.7595212906597723, 'recall': 0.571875, 'f1-score': 0.5571619239928658, 'support': 1920.0}}","[[116   9  17   1  52   0   3   2]
 [  0 104  15   0   1   0   0   0]
 [  0  10 177   1   8   4   0   0]
 [  0   0   0 191   9   0   0   0]
 [  8  53   8   0 128   0   0   3]
 [  1   0  81   6   0 166 146   0]
 [  0   6  11  16   2   1 164   0]
 [  0 283  19   0  45   1   0  52]]",0.03442215919494629,0.0002276897430419922
10,ToN_IoT,0,poly,QuantileTransformer,GauNB,0.28689645366341765,-1,-1,83.97135416666667,34.27083333333333,9.15922619047619,33.061508959502106,24.521473652316946,-1,"{'0Normal': {'precision': 0.6929824561403509, 'recall': 0.395, 'f1-score': 0.5031847133757962, 'support': 200.0}, 'BruteForce': {'precision': 0.17726396917148363, 'recall': 0.7666666666666667, 'f1-score': 0.28794992175273865, 'support': 120.0}, 'DDoS': {'precision': 0.0, 'recall': 0.0, 'f1-score': 0.0, 'support': 200.0}, 'DoS': {'precision': 0.16666666666666666, 'recall': 0.015, 'f1-score': 0.027522935779816515, 'support': 200.0}, 'MITM': {'precision': 0.541871921182266, 'recall': 0.55, 'f1-score': 0.5459057071960298, 'support': 200.0}, 'Malware': {'precision': 0.38431752178121975, 'recall': 0.9925, 'f1-score': 0.5540823447313329, 'support': 400.0}, 'Scan': {'precision': 0.045454545454545456, 'recall': 0.005, 'f1-score': 0.009009009009009009, 'support': 200.0}, 'WebAttack': {'precision': 0.6363636363636364, 'recall': 0.0175, 'f1-score': 0.0340632603406326, 'support': 400.0}, 'accuracy': 0.35885416666666664, 'macro avg': {'precision': 0.33061508959502106, 'recall': 0.3427083333333333, 'f1-score': 0.24521473652316947, 'support': 1920.0}, 'weighted avg': {'precision': 0.3744475299204616, 'recall': 0.35885416666666664, 'f1-score': 0.25361286755794016, 'support': 1920.0}}","[[ 79  24   0  12  34  49   1   1]
 [  0  92   0   0   0  28   0   0]
 [ 31  15   0   0   0 150   4   0]
 [  0   0   0   3   0 197   0   0]
 [  1  79   0   3 110   3   1   3]
 [  2   0   0   0   1 397   0   0]
 [  0   2   0   0   0 197   1   0]
 [  1 307   0   0  58  12  15   7]]",0.0008671283721923828,0.0009827613830566406
11,ToN_IoT,0,poly,QuantileTransformer,NC,0.24414759302651953,-1,-1,83.03385416666667,34.895833333333336,9.694940476190476,40.0495136702874,31.670944906105102,-1,"{'0Normal': {'precision': 0.3473053892215569, 'recall': 0.29, 'f1-score': 0.31607629427792916, 'support': 200.0}, 'BruteForce': {'precision': 0.20489977728285078, 'recall': 0.7666666666666667, 'f1-score': 0.3233743409490334, 'support': 120.0}, 'DDoS': {'precision': 0.5792349726775956, 'recall': 0.53, 'f1-score': 0.5535248041775457, 'support': 200.0}, 'DoS': {'precision': 0.0, 'recall': 0.0, 'f1-score': 0.0, 'support': 200.0}, 'MITM': {'precision': 0.9625, 'recall': 0.385, 'f1-score': 0.55, 'support': 200.0}, 'Malware': {'precision': 0.5076923076923077, 'recall': 0.495, 'f1-score': 0.5012658227848101, 'support': 400.0}, 'Scan': {'precision': 0.0773286467486819, 'recall': 0.22, 'f1-score': 0.11443433029908973, 'support': 200.0}, 'WebAttack': {'precision': 0.525, 'recall': 0.105, 'f1-score': 0.175, 'support': 400.0}, 'accuracy': 0.32135416666666666, 'macro avg': {'precision': 0.40049513670287407, 'recall': 0.34895833333333337, 'f1-score': 0.31670944906105103, 'support': 1920.0}, 'weighted avg': {'precision': 0.43278057191689173, 'recall': 0.32135416666666666, 'f1-score': 0.3208949665514172, 'support': 1920.0}}","[[ 58  19  37   2   0  24  56   4]
 [  0  92  12   0   0   6  10   0]
 [ 31  14 106   0   0   4  44   1]
 [  3   0   0   0   0   0 197   0]
 [ 19  40  18   0  77   4  10  32]
 [  0   0   0   0   0 198 202   0]
 [  0   2   0   0   0 153  44   1]
 [ 56 282  10   0   3   1   6  42]]",0.0004374980926513672,0.06349539756774902
12,ToN_IoT,0,poly,QuantileTransformer,RNC,0.799706983412986,-1,-1,95.546875,84.65625,2.544642857142857,82.85084411587815,81.97287330623023,-1,"{'0Normal': {'precision': 0.8679245283018868, 'recall': 0.92, 'f1-score': 0.8932038834951457, 'support': 200.0}, 'BruteForce': {'precision': 0.45739910313901344, 'recall': 0.85, 'f1-score': 0.5947521865889213, 'support': 120.0}, 'DDoS': {'precision': 0.9441624365482234, 'recall': 0.93, 'f1-score': 0.9370277078085643, 'support': 200.0}, 'DoS': {'precision': 0.9502487562189055, 'recall': 0.955, 'f1-score': 0.9526184538653366, 'support': 200.0}, 'MITM': {'precision': 0.6474576271186441, 'recall': 0.955, 'f1-score': 0.7717171717171717, 'support': 200.0}, 'Malware': {'precision': 0.8935064935064935, 'recall': 0.86, 'f1-score': 0.8764331210191083, 'support': 400.0}, 'Scan': {'precision': 0.9337748344370861, 'recall': 0.705, 'f1-score': 0.8034188034188035, 'support': 200.0}, 'WebAttack': {'precision': 0.93359375, 'recall': 0.5975, 'f1-score': 0.7286585365853658, 'support': 400.0}, 'accuracy': 0.821875, 'macro avg': {'precision': 0.8285084411587815, 'recall': 0.8465625, 'f1-score': 0.8197287330623022, 'support': 1920.0}, 'weighted avg': {'precision': 0.8616883470334521, 'recall': 0.821875, 'f1-score': 0.8255229841111794, 'support': 1920.0}}","[[184   0   0   0  14   0   1   1]
 [  0 102   2   0   1   0   6   9]
 [  1   2 186   0   5   4   0   2]
 [  7   0   0 191   2   0   0   0]
 [  1   2   2   1 191   0   0   3]
 [ 14  36   0   0   3 344   3   0]
 [  4   3   1   9   3  37 141   2]
 [  1  78   6   0  76   0   0 239]]",0.00023484230041503906,0.006762981414794922
13,ToN_IoT,0,linear,QuantileTransformer,KNN,0.4920288021168515,-1,-1,88.34635416666666,56.71874999999999,6.659226190476191,57.7379024384578,50.33661289325685,-1,"{'0Normal': {'precision': 0.6974789915966386, 'recall': 0.415, 'f1-score': 0.5203761755485894, 'support': 200.0}, 'BruteForce': {'precision': 0.2111801242236025, 'recall': 0.85, 'f1-score': 0.3383084577114428, 'support': 120.0}, 'DDoS': {'precision': 0.7304964539007093, 'recall': 0.515, 'f1-score': 0.6041055718475073, 'support': 200.0}, 'DoS': {'precision': 0.5065274151436031, 'recall': 0.97, 'f1-score': 0.6655231560891939, 'support': 200.0}, 'MITM': {'precision': 0.6101694915254238, 'recall': 0.18, 'f1-score': 0.277992277992278, 'support': 200.0}, 'Malware': {'precision': 0.8303341902313625, 'recall': 0.8075, 'f1-score': 0.8187579214195184, 'support': 400.0}, 'Scan': {'precision': 0.5528455284552846, 'recall': 0.68, 'f1-score': 0.6098654708520179, 'support': 200.0}, 'WebAttack': {'precision': 0.48, 'recall': 0.12, 'f1-score': 0.192, 'support': 400.0}, 'accuracy': 0.5338541666666666, 'macro avg': {'precision': 0.577379024384578, 'recall': 0.5671875, 'f1-score': 0.5033661289325685, 'support': 1920.0}, 'weighted avg': {'precision': 0.6088431599602652, 'recall': 0.5338541666666666, 'f1-score': 0.5106628718536969, 'support': 1920.0}}","[[ 83  16   1   9  11   5  64  11]
 [  0 102   9   0   0   4   2   3]
 [ 32  32 103   0   0  12  13   8]
 [  0   0   0 194   0   0   6   0]
 [  3  31   8  88  36   3   2  29]
 [  0  27   9  19   0 323  22   0]
 [  0   5   0  18   0  40 136   1]
 [  1 270  11  55  12   2   1  48]]",0.0004696846008300781,0.00576019287109375
14,ToN_IoT,0,linear,QuantileTransformer,LDA,0.3321939662488785,-1,-1,84.453125,42.23958333333333,8.883928571428571,51.05703853780441,35.80312046894042,-1,"{'0Normal': {'precision': 0.8921568627450981, 'recall': 0.455, 'f1-score': 0.6026490066225165, 'support': 200.0}, 'BruteForce': {'precision': 0.19491525423728814, 'recall': 0.7666666666666667, 'f1-score': 0.3108108108108108, 'support': 120.0}, 'DDoS': {'precision': 0.61875, 'recall': 0.495, 'f1-score': 0.55, 'support': 200.0}, 'DoS': {'precision': 0.01935483870967742, 'recall': 0.015, 'f1-score': 0.016901408450704224, 'support': 200.0}, 'MITM': {'precision': 0.5, 'recall': 0.145, 'f1-score': 0.2248062015503876, 'support': 200.0}, 'Malware': {'precision': 0.8571428571428571, 'recall': 0.495, 'f1-score': 0.6275752773375595, 'support': 400.0}, 'Scan': {'precision': 0.2669491525423729, 'recall': 0.945, 'f1-score': 0.41629955947136565, 'support': 200.0}, 'WebAttack': {'precision': 0.7352941176470589, 'recall': 0.0625, 'f1-score': 0.1152073732718894, 'support': 400.0}, 'accuracy': 0.378125, 'macro avg': {'precision': 0.5105703853780441, 'recall': 0.4223958333333333, 'f1-score': 0.3580312046894042, 'support': 1920.0}, 'weighted avg': {'precision': 0.5832327037624326, 'recall': 0.378125, 'f1-score': 0.36278207956253733, 'support': 1920.0}}","[[ 91  20  23   7   5  22  31   1]
 [  1  92   7   0  14   0   6   0]
 [  1  14  99   0   1   4  81   0]
 [  0   0   1   3   1   0 195   0]
 [  9  60   3  90  29   0   1   8]
 [  0   0   0   0   0 198 202   0]
 [  0   2   0   0   3   6 189   0]
 [  0 284  27  55   5   1   3  25]]",0.0005617141723632812,0.00025773048400878906
15,ToN_IoT,0,linear,QuantileTransformer,NuSVC,0.5771199449433704,-1,-1,90.5078125,65.375,5.424107142857143,63.36541421047206,59.87772011947068,-1,"{'0Normal': {'precision': 0.9081632653061225, 'recall': 0.445, 'f1-score': 0.5973154362416108, 'support': 200.0}, 'BruteForce': {'precision': 0.32781456953642385, 'recall': 0.825, 'f1-score': 0.46919431279620855, 'support': 120.0}, 'DDoS': {'precision': 0.7442922374429224, 'recall': 0.815, 'f1-score': 0.7780429594272077, 'support': 200.0}, 'DoS': {'precision': 0.5773809523809523, 'recall': 0.97, 'f1-score': 0.7238805970149254, 'support': 200.0}, 'MITM': {'precision': 0.36885245901639346, 'recall': 0.225, 'f1-score': 0.2795031055900621, 'support': 200.0}, 'Malware': {'precision': 0.8954248366013072, 'recall': 0.685, 'f1-score': 0.7762039660056658, 'support': 400.0}, 'Scan': {'precision': 0.5524691358024691, 'recall': 0.895, 'f1-score': 0.683206106870229, 'support': 200.0}, 'WebAttack': {'precision': 0.6948356807511737, 'recall': 0.37, 'f1-score': 0.4828711256117455, 'support': 400.0}, 'accuracy': 0.6203125, 'macro avg': {'precision': 0.6336541421047206, 'recall': 0.65375, 'f1-score': 0.5987772011947068, 'support': 1920.0}, 'weighted avg': {'precision': 0.6800383152474664, 'recall': 0.6203125, 'f1-score': 0.6105848933392274, 'support': 1920.0}}","[[ 89   2   5   4  63   1  18  18]
 [  0  99  12   0   1   7   1   0]
 [  0  15 163   0   1  13   1   7]
 [  0   0   0 194   6   0   0   0]
 [  7  17  11  79  45   0   2  39]
 [  1   1   0   0   4 274 120   0]
 [  1   3   1   6   0   9 179   1]
 [  0 165  27  53   2   2   3 148]]",0.0017688274383544922,0.006667613983154297
16,ToN_IoT,0,linear,QuantileTransformer,SGD,0.32336123809811007,-1,-1,84.296875,41.802083333333336,8.973214285714286,35.33846577886896,31.78938332581699,-1,"{'0Normal': {'precision': 0.791907514450867, 'recall': 0.685, 'f1-score': 0.7345844504021448, 'support': 200.0}, 'BruteForce': {'precision': 0.1940928270042194, 'recall': 0.7666666666666667, 'f1-score': 0.30976430976430974, 'support': 120.0}, 'DDoS': {'precision': 0.24316939890710382, 'recall': 0.89, 'f1-score': 0.38197424892703863, 'support': 200.0}, 'DoS': {'precision': 0.0, 'recall': 0.0, 'f1-score': 0.0, 'support': 200.0}, 'MITM': {'precision': 0.5251396648044693, 'recall': 0.47, 'f1-score': 0.49604221635883905, 'support': 200.0}, 'Malware': {'precision': 0.615625, 'recall': 0.4925, 'f1-score': 0.5472222222222223, 'support': 400.0}, 'Scan': {'precision': 0.0, 'recall': 0.0, 'f1-score': 0.0, 'support': 200.0}, 'WebAttack': {'precision': 0.45714285714285713, 'recall': 0.04, 'f1-score': 0.0735632183908046, 'support': 400.0}, 'accuracy': 0.371875, 'macro avg': {'precision': 0.35338465778868955, 'recall': 0.41802083333333334, 'f1-score': 0.3178938332581699, 'support': 1920.0}, 'weighted avg': {'precision': 0.3981466654844465, 'recall': 0.371875, 'f1-score': 0.316669831538819, 'support': 1920.0}}","[[137  21   9   5  27   0   1   0]
 [  1  92  27   0   0   0   0   0]
 [  3  14 178   0   0   4   0   1]
 [  6   0 191   0   3   0   0   0]
 [ 13  63  10   0  94   2   1  17]
 [  1   0 202   0   0 197   0   0]
 [  7   1  75   0   0 116   0   1]
 [  5 283  40   0  55   1   0  16]]",0.0024449825286865234,0.00016999244689941406
17,ToN_IoT,0,linear,QuantileTransformer,GauNB,0.17923561388829307,-1,-1,82.01822916666667,25.083333333333336,10.275297619047619,17.10888479610684,15.027805219660292,-1,"{'0Normal': {'precision': 0.43103448275862066, 'recall': 0.125, 'f1-score': 0.1937984496124031, 'support': 200.0}, 'BruteForce': {'precision': 0.17898832684824903, 'recall': 0.7666666666666667, 'f1-score': 0.2902208201892745, 'support': 120.0}, 'DDoS': {'precision': 0.0, 'recall': 0.0, 'f1-score': 0.0, 'support': 200.0}, 'DoS': {'precision': 0.017543859649122806, 'recall': 0.015, 'f1-score': 0.016172506738544475, 'support': 200.0}, 'MITM': {'precision': 0.20618556701030927, 'recall': 0.1, 'f1-score': 0.13468013468013468, 'support': 200.0}, 'Malware': {'precision': 0.38431752178121975, 'recall': 0.9925, 'f1-score': 0.5540823447313329, 'support': 400.0}, 'Scan': {'precision': 0.02564102564102564, 'recall': 0.005, 'f1-score': 0.008368200836820083, 'support': 200.0}, 'WebAttack': {'precision': 0.125, 'recall': 0.0025, 'f1-score': 0.004901960784313725, 'support': 400.0}, 'accuracy': 0.28072916666666664, 'macro avg': {'precision': 0.17108884796106838, 'recall': 0.25083333333333335, 'f1-score': 0.15027805219660292, 'support': 1920.0}, 'weighted avg': {'precision': 0.18817010153442368, 'recall': 0.28072916666666664, 'f1-score': 0.1713667078138292, 'support': 1920.0}}","[[ 25  24   0  25  75  49   2   0]
 [  0  92   0   0   0  28   0   0]
 [ 31  15   0   0   0 150   4   0]
 [  0   0   0   3   0 197   0   0]
 [  1  74   0  86  20   3   9   7]
 [  0   0   0   0   2 397   1   0]
 [  0   2   0   0   0 197   1   0]
 [  1 307   0  57   0  12  22   1]]",0.0005452632904052734,0.0009870529174804688
18,ToN_IoT,0,linear,QuantileTransformer,NC,0.0943921268547133,-1,-1,79.765625,19.989583333333332,11.5625,29.18323398520547,13.389869641716276,-1,"{'0Normal': {'precision': 0.0, 'recall': 0.0, 'f1-score': 0.0, 'support': 200.0}, 'BruteForce': {'precision': 0.1814595660749507, 'recall': 0.7666666666666667, 'f1-score': 0.2934609250398724, 'support': 120.0}, 'DDoS': {'precision': 0.09090909090909091, 'recall': 0.025, 'f1-score': 0.0392156862745098, 'support': 200.0}, 'DoS': {'precision': 0.012145748987854251, 'recall': 0.015, 'f1-score': 0.013422818791946308, 'support': 200.0}, 'MITM': {'precision': 0.7777777777777778, 'recall': 0.035, 'f1-score': 0.06698564593301436, 'support': 200.0}, 'Malware': {'precision': 0.5162907268170426, 'recall': 0.515, 'f1-score': 0.5156445556946183, 'support': 400.0}, 'Scan': {'precision': 0.06376811594202898, 'recall': 0.22, 'f1-score': 0.09887640449438202, 'support': 200.0}, 'WebAttack': {'precision': 0.6923076923076923, 'recall': 0.0225, 'f1-score': 0.043583535108958835, 'support': 400.0}, 'accuracy': 0.190625, 'macro avg': {'precision': 0.2918323398520547, 'recall': 0.19989583333333333, 'f1-score': 0.13389869641716276, 'support': 1920.0}, 'weighted avg': {'precision': 0.3615284699490825, 'recall': 0.190625, 'f1-score': 0.15760763459634688, 'support': 1920.0}}","[[  0  22  32  58   1  24  62   1]
 [  0  92   0   0   0   6  22   0]
 [  0  15   5  31   0   6 143   0]
 [  0   0   0   3   0   0 197   0]
 [  0  72   4  96   7   3  15   3]
 [  0   0   0   0   0 206 194   0]
 [  0   2   0   0   1 153  44   0]
 [  0 304  14  59   0   1  13   9]]",0.000347137451171875,0.053310394287109375
19,ToN_IoT,0,linear,QuantileTransformer,RNC,0.4566268650585638,-1,-1,87.04427083333334,53.07291666666666,7.403273809523809,58.21527032951212,46.65452578497473,-1,"{'0Normal': {'precision': 0.2387878787878788, 'recall': 0.985, 'f1-score': 0.38439024390243903, 'support': 200.0}, 'BruteForce': {'precision': 0.3418181818181818, 'recall': 0.7833333333333333, 'f1-score': 0.4759493670886076, 'support': 120.0}, 'DDoS': {'precision': 0.9814814814814815, 'recall': 0.53, 'f1-score': 0.6883116883116883, 'support': 200.0}, 'DoS': {'precision': 0.7958333333333333, 'recall': 0.955, 'f1-score': 0.8681818181818182, 'support': 200.0}, 'MITM': {'precision': 0.46846846846846846, 'recall': 0.26, 'f1-score': 0.33440514469453375, 'support': 200.0}, 'Malware': {'precision': 0.9385245901639344, 'recall': 0.5725, 'f1-score': 0.7111801242236024, 'support': 400.0}, 'Scan': {'precision': 0.15384615384615385, 'recall': 0.04, 'f1-score': 0.06349206349206349, 'support': 200.0}, 'WebAttack': {'precision': 0.7384615384615385, 'recall': 0.12, 'f1-score': 0.2064516129032258, 'support': 400.0}, 'accuracy': 0.4817708333333333, 'macro avg': {'precision': 0.5821527032951213, 'recall': 0.5307291666666666, 'f1-score': 0.4665452578497473, 'support': 1920.0}, 'weighted avg': {'precision': 0.6455708835686635, 'recall': 0.4817708333333333, 'f1-score': 0.46454313053014207, 'support': 1920.0}}","[[197   0   0   3   0   0   0   0]
 [ 22  94   1   0   1   1   1   0]
 [ 58   3 106   0  14   3   0  16]
 [  9   0   0 191   0   0   0   0]
 [115   1   0  31  52   0   0   1]
 [ 94  34   0   0   0 229  43   0]
 [172   2   1   7   0  10   8   0]
 [158 141   0   8  44   1   0  48]]",0.00031447410583496094,0.006777763366699219
20,ToN_IoT,0,sigmoid,QuantileTransformer,KNN,0.5198207603044877,-1,-1,88.64583333333333,55.69791666666666,6.488095238095239,49.04613300378472,44.75302561727828,-1,"{'0Normal': {'precision': 0.2793053545586107, 'recall': 0.965, 'f1-score': 0.4332210998877666, 'support': 200.0}, 'BruteForce': {'precision': 0.8, 'recall': 0.03333333333333333, 'f1-score': 0.064, 'support': 120.0}, 'DDoS': {'precision': 0.7684729064039408, 'recall': 0.78, 'f1-score': 0.7741935483870968, 'support': 200.0}, 'DoS': {'precision': 0.8109243697478992, 'recall': 0.965, 'f1-score': 0.8812785388127854, 'support': 200.0}, 'MITM': {'precision': 0.5, 'recall': 0.915, 'f1-score': 0.6466431095406361, 'support': 200.0}, 'Malware': {'precision': 0.0, 'recall': 0.0, 'f1-score': 0.0, 'support': 400.0}, 'Scan': {'precision': 0.0, 'recall': 0.0, 'f1-score': 0.0, 'support': 200.0}, 'WebAttack': {'precision': 0.7649880095923262, 'recall': 0.7975, 'f1-score': 0.780905752753978, 'support': 400.0}, 'accuracy': 0.5458333333333333, 'macro avg': {'precision': 0.49046133003784714, 'recall': 0.5569791666666666, 'f1-score': 0.44753025617278286, 'support': 1920.0}, 'weighted avg': {'precision': 0.4550706926974065, 'recall': 0.5458333333333333, 'f1-score': 0.4516195627225251, 'support': 1920.0}}","[[193   0   2   0   4   0   0   1]
 [  7   4  27   0  13   0   0  69]
 [ 10   0 156   0  13   0   0  21]
 [  6   0   0 193   1   0   0   0]
 [ 11   0   0   1 183   0   0   5]
 [316   0   9  21  54   0   0   0]
 [145   1   2  23  27   0   0   2]
 [  3   0   7   0  71   0   0 319]]",0.0003314018249511719,0.002645254135131836
21,ToN_IoT,0,sigmoid,QuantileTransformer,LDA,0.4048475496772113,-1,-1,86.09375,47.885416666666664,7.946428571428571,53.65880717514242,39.900315964561585,-1,"{'0Normal': {'precision': 0.49122807017543857, 'recall': 0.84, 'f1-score': 0.6199261992619927, 'support': 200.0}, 'BruteForce': {'precision': 0.15702479338842976, 'recall': 0.15833333333333333, 'f1-score': 0.15767634854771784, 'support': 120.0}, 'DDoS': {'precision': 0.8191489361702128, 'recall': 0.385, 'f1-score': 0.5238095238095238, 'support': 200.0}, 'DoS': {'precision': 0.43908045977011495, 'recall': 0.955, 'f1-score': 0.6015748031496063, 'support': 200.0}, 'MITM': {'precision': 0.2693452380952381, 'recall': 0.905, 'f1-score': 0.4151376146788991, 'support': 200.0}, 'Malware': {'precision': 0.9657142857142857, 'recall': 0.4225, 'f1-score': 0.5878260869565217, 'support': 400.0}, 'Scan': {'precision': 0.5, 'recall': 0.095, 'f1-score': 0.15966386554621848, 'support': 200.0}, 'WebAttack': {'precision': 0.6511627906976745, 'recall': 0.07, 'f1-score': 0.12641083521444696, 'support': 400.0}, 'accuracy': 0.44375, 'macro avg': {'precision': 0.5365880717514242, 'recall': 0.47885416666666664, 'f1-score': 0.39900315964561583, 'support': 1920.0}, 'weighted avg': {'precision': 0.6090387221945814, 'recall': 0.44375, 'f1-score': 0.40033246457466753, 'support': 1920.0}}","[[168   0   6   4  19   1   0   2]
 [  5  19   1   2  93   0   0   0]
 [  2  39  77  59  15   4   0   4]
 [  6   0   0 191   3   0   0   0]
 [  6   1   2   1 181   0   0   9]
 [ 20  54   0 138   0 169  19   0]
 [135   3   0  40   3   0  19   0]
 [  0   5   8   0 358   1   0  28]]",0.0012907981872558594,0.01515507698059082
22,ToN_IoT,0,sigmoid,QuantileTransformer,SGD,0.28169040522516076,-1,-1,83.33333333333334,38.0,9.523809523809524,26.906058019542815,25.36514931473231,-1,"{'0Normal': {'precision': 0.4547738693467337, 'recall': 0.905, 'f1-score': 0.6053511705685619, 'support': 200.0}, 'BruteForce': {'precision': 0.0, 'recall': 0.0, 'f1-score': 0.0, 'support': 120.0}, 'DDoS': {'precision': 0.24965325936199723, 'recall': 0.9, 'f1-score': 0.39087947882736157, 'support': 200.0}, 'DoS': {'precision': 0.05, 'recall': 0.01, 'f1-score': 0.016666666666666666, 'support': 200.0}, 'MITM': {'precision': 0.3438202247191011, 'recall': 0.765, 'f1-score': 0.4744186046511628, 'support': 200.0}, 'Malware': {'precision': 0.0, 'recall': 0.0, 'f1-score': 0.0, 'support': 400.0}, 'Scan': {'precision': 0.2542372881355932, 'recall': 0.3, 'f1-score': 0.27522935779816515, 'support': 200.0}, 'WebAttack': {'precision': 0.8, 'recall': 0.16, 'f1-score': 0.26666666666666666, 'support': 400.0}, 'accuracy': 0.3333333333333333, 'macro avg': {'precision': 0.26906058019542817, 'recall': 0.38, 'f1-score': 0.2536514931473231, 'support': 1920.0}, 'weighted avg': {'precision': 0.3075504834961901, 'recall': 0.3333333333333333, 'f1-score': 0.23915402206721367, 'support': 1920.0}}","[[181   0   8   3   5   0   1   2]
 [  6   0  35   0  73   0   2   4]
 [  3   0 180   0  13   0   4   0]
 [  6   0 191   2   0   0   0   1]
 [ 20   0  15   2 153   0   1   9]
 [ 30   0 175  29   0   0 166   0]
 [ 95   0  40   4   1   0  60   0]
 [ 57   0  77   0 200   0   2  64]]",0.021632909774780273,0.00023174285888671875
23,ToN_IoT,0,sigmoid,QuantileTransformer,GauNB,0.1987923986187798,-1,-1,80.5859375,31.520833333333332,11.09375,20.61044722619244,20.369861946555197,-1,"{'0Normal': {'precision': 0.19243986254295534, 'recall': 0.28, 'f1-score': 0.22810590631364563, 'support': 200.0}, 'BruteForce': {'precision': 0.10134529147982063, 'recall': 0.9416666666666667, 'f1-score': 0.18299595141700406, 'support': 120.0}, 'DDoS': {'precision': 0.1111111111111111, 'recall': 0.015, 'f1-score': 0.02643171806167401, 'support': 200.0}, 'DoS': {'precision': 0.15789473684210525, 'recall': 0.015, 'f1-score': 0.0273972602739726, 'support': 200.0}, 'MITM': {'precision': 0.545, 'recall': 0.545, 'f1-score': 0.545, 'support': 200.0}, 'Malware': {'precision': 0.0, 'recall': 0.0, 'f1-score': 0.0, 'support': 400.0}, 'Scan': {'precision': 0.5410447761194029, 'recall': 0.725, 'f1-score': 0.6196581196581197, 'support': 200.0}, 'WebAttack': {'precision': 0.0, 'recall': 0.0, 'f1-score': 0.0, 'support': 400.0}, 'accuracy': 0.2234375, 'macro avg': {'precision': 0.2061044722619244, 'recall': 0.3152083333333333, 'f1-score': 0.20369861946555198, 'support': 1920.0}, 'weighted avg': {'precision': 0.16753100640661114, 'recall': 0.2234375, 'f1-score': 0.16212401824558487, 'support': 1920.0}}","[[ 56  28  24  13  33   0  46   0]
 [  0 113   0   0   0   0   7   0]
 [ 35 150   3   0   0   0  12   0]
 [  0 191   0   3   0   0   6   0]
 [  2  75   0   3 109   0  11   0]
 [186 194   0   0   0   0  20   0]
 [ 10  45   0   0   0   0 145   0]
 [  2 319   0   0  58   0  21   0]]",0.0007803440093994141,0.0009868144989013672
24,ToN_IoT,0,sigmoid,QuantileTransformer,NC,0.18899016123677195,-1,-1,81.5625,29.57291666666667,10.535714285714286,31.508117631652745,22.37743292281451,-1,"{'0Normal': {'precision': 0.5842696629213483, 'recall': 0.26, 'f1-score': 0.35986159169550175, 'support': 200.0}, 'BruteForce': {'precision': 0.15181058495821728, 'recall': 0.9083333333333333, 'f1-score': 0.26014319809069214, 'support': 120.0}, 'DDoS': {'precision': 0.0, 'recall': 0.0, 'f1-score': 0.0, 'support': 200.0}, 'DoS': {'precision': 0.0, 'recall': 0.0, 'f1-score': 0.0, 'support': 200.0}, 'MITM': {'precision': 0.6025641025641025, 'recall': 0.47, 'f1-score': 0.5280898876404494, 'support': 200.0}, 'Malware': {'precision': 0.45161290322580644, 'recall': 0.49, 'f1-score': 0.47002398081534774, 'support': 400.0}, 'Scan': {'precision': 0.08333333333333333, 'recall': 0.21, 'f1-score': 0.11931818181818182, 'support': 200.0}, 'WebAttack': {'precision': 0.6470588235294118, 'recall': 0.0275, 'f1-score': 0.05275779376498801, 'support': 400.0}, 'accuracy': 0.2625, 'macro avg': {'precision': 0.31508117631652743, 'recall': 0.2957291666666667, 'f1-score': 0.2237743292281451, 'support': 1920.0}, 'weighted avg': {'precision': 0.37068717742751567, 'recall': 0.2625, 'f1-score': 0.23009574262179372, 'support': 1920.0}}","[[ 52  58   0   2   4  64  18   2]
 [  0 109   0   0   0   6   5   0]
 [ 31 135   0   0   0   4  30   0]
 [  0   0   0   0   3   6 191   0]
 [  2  86   0   0  94   4  10   4]
 [  0   0   0   0   0 196 204   0]
 [  0   5   0   0   0 153  42   0]
 [  4 325   0   0  55   1   4  11]]",0.0004177093505859375,0.0626058578491211
25,ToN_IoT,0,sigmoid,QuantileTransformer,RNC,0.5315649582723755,-1,-1,88.81510416666667,58.55208333333333,6.3913690476190474,70.01433728625766,53.41368784355029,-1,"{'0Normal': {'precision': 0.5889967637540453, 'recall': 0.91, 'f1-score': 0.7151277013752456, 'support': 200.0}, 'BruteForce': {'precision': 0.3181818181818182, 'recall': 0.11666666666666667, 'f1-score': 0.17073170731707318, 'support': 120.0}, 'DDoS': {'precision': 0.7883597883597884, 'recall': 0.745, 'f1-score': 0.7660668380462725, 'support': 200.0}, 'DoS': {'precision': 0.9359605911330049, 'recall': 0.95, 'f1-score': 0.9429280397022333, 'support': 200.0}, 'MITM': {'precision': 0.25691699604743085, 'recall': 0.975, 'f1-score': 0.40667361835245047, 'support': 200.0}, 'Malware': {'precision': 1.0, 'recall': 0.0675, 'f1-score': 0.12646370023419204, 'support': 400.0}, 'Scan': {'precision': 0.9696969696969697, 'recall': 0.32, 'f1-score': 0.48120300751879697, 'support': 200.0}, 'WebAttack': {'precision': 0.7430340557275542, 'recall': 0.6, 'f1-score': 0.6639004149377593, 'support': 400.0}, 'accuracy': 0.5526041666666667, 'macro avg': {'precision': 0.7001433728625766, 'recall': 0.5855208333333333, 'f1-score': 0.534136878435503, 'support': 1920.0}, 'weighted avg': {'precision': 0.7517612824328582, 'recall': 0.5526041666666667, 'f1-score': 0.5203298395551194, 'support': 1920.0}}","[[182   0   0   1  17   0   0   0]
 [  0  14  19   0  23   0   1  63]
 [  1   0 149   0  34   0   0  16]
 [  4   0   0 190   6   0   0   0]
 [  0   0   1   1 195   0   0   3]
 [ 91  28   9   0 245  27   0   0]
 [ 31   2   0  11  91   0  64   1]
 [  0   0  11   0 148   0   1 240]]",0.00022029876708984375,0.006154060363769531
26,ToN_IoT,0,None,QuantileTransformer,KNN,0.49415221874281934,-1,-1,88.42447916666667,56.96875,6.614583333333333,57.44469166215638,49.8264639736885,-1,"{'0Normal': {'precision': 0.6607142857142857, 'recall': 0.37, 'f1-score': 0.47435897435897434, 'support': 200.0}, 'BruteForce': {'precision': 0.2222222222222222, 'recall': 0.9, 'f1-score': 0.3564356435643564, 'support': 120.0}, 'DDoS': {'precision': 0.7236842105263158, 'recall': 0.55, 'f1-score': 0.625, 'support': 200.0}, 'DoS': {'precision': 0.49489795918367346, 'recall': 0.97, 'f1-score': 0.6554054054054054, 'support': 200.0}, 'MITM': {'precision': 0.5862068965517241, 'recall': 0.085, 'f1-score': 0.14847161572052403, 'support': 200.0}, 'Malware': {'precision': 0.8659517426273459, 'recall': 0.8075, 'f1-score': 0.8357050452781372, 'support': 400.0}, 'Scan': {'precision': 0.6223175965665236, 'recall': 0.725, 'f1-score': 0.6697459584295612, 'support': 200.0}, 'WebAttack': {'precision': 0.4195804195804196, 'recall': 0.15, 'f1-score': 0.22099447513812154, 'support': 400.0}, 'accuracy': 0.5369791666666667, 'macro avg': {'precision': 0.5744469166215638, 'recall': 0.5696875, 'f1-score': 0.498264639736885, 'support': 1920.0}, 'weighted avg': {'precision': 0.6033561048220195, 'recall': 0.5369791666666667, 'f1-score': 0.510441914675583, 'support': 1920.0}}","[[ 74  16  16  17  10   4  46  17]
 [  0 108   0   0   0   2   4   6]
 [ 31  32 110   0   0   8   6  13]
 [  0   0   0 194   0   0   6   0]
 [  5  33   4  89  17   2   4  46]
 [  1  27   9  21   0 323  19   0]
 [  0   5   1  16   0  32 145   1]
 [  1 265  12  55   2   2   3  60]]",0.0002999305725097656,0.0007772445678710938
27,ToN_IoT,0,None,QuantileTransformer,LDA,0.3531146969018936,-1,-1,84.83072916666666,44.59375,8.668154761904761,54.409679966385184,37.60094425030314,-1,"{'0Normal': {'precision': 0.8352941176470589, 'recall': 0.355, 'f1-score': 0.4982456140350877, 'support': 200.0}, 'BruteForce': {'precision': 0.19480519480519481, 'recall': 0.875, 'f1-score': 0.3186646433990895, 'support': 120.0}, 'DDoS': {'precision': 0.7989130434782609, 'recall': 0.735, 'f1-score': 0.765625, 'support': 200.0}, 'DoS': {'precision': 0.019736842105263157, 'recall': 0.015, 'f1-score': 0.017045454545454544, 'support': 200.0}, 'MITM': {'precision': 0.5510204081632653, 'recall': 0.135, 'f1-score': 0.21686746987951808, 'support': 200.0}, 'Malware': {'precision': 0.9086538461538461, 'recall': 0.4725, 'f1-score': 0.6217105263157895, 'support': 400.0}, 'Scan': {'precision': 0.2716236722306525, 'recall': 0.895, 'f1-score': 0.4167636786961583, 'support': 200.0}, 'WebAttack': {'precision': 0.7727272727272727, 'recall': 0.085, 'f1-score': 0.15315315315315314, 'support': 400.0}, 'accuracy': 0.3932291666666667, 'macro avg': {'precision': 0.5440967996638518, 'recall': 0.4459375, 'f1-score': 0.37600944250303137, 'support': 1920.0}, 'weighted avg': {'precision': 0.6204409831531098, 'recall': 0.3932291666666667, 'f1-score': 0.38077847522224556, 'support': 1920.0}}","[[ 71  41   8   5  15   0  57   3]
 [  0 105  12   0   1   0   2   0]
 [  0  14 147   0   2   4  33   0]
 [  0   0   0   3   1   0 196   0]
 [  8  64   4  89  27   0   1   7]
 [  6  16   0   0   0 189 189   0]
 [  0   7   0   0   0  14 179   0]
 [  0 292  13  55   3   1   2  34]]",0.0005478858947753906,0.008211612701416016
28,ToN_IoT,0,None,QuantileTransformer,NuSVC,0.6194324902468779,-1,-1,91.39322916666667,68.89583333333333,4.918154761904762,68.05764310576815,64.51361929627268,-1,"{'0Normal': {'precision': 0.9158878504672897, 'recall': 0.49, 'f1-score': 0.6384364820846905, 'support': 200.0}, 'BruteForce': {'precision': 0.26790450928381965, 'recall': 0.8416666666666667, 'f1-score': 0.40643863179074446, 'support': 120.0}, 'DDoS': {'precision': 0.8271028037383178, 'recall': 0.885, 'f1-score': 0.855072463768116, 'support': 200.0}, 'DoS': {'precision': 0.6360655737704918, 'recall': 0.97, 'f1-score': 0.7683168316831683, 'support': 200.0}, 'MITM': {'precision': 0.41916167664670656, 'recall': 0.35, 'f1-score': 0.3814713896457766, 'support': 200.0}, 'Malware': {'precision': 0.9426934097421203, 'recall': 0.8225, 'f1-score': 0.8785046728971962, 'support': 400.0}, 'Scan': {'precision': 0.8028169014084507, 'recall': 0.855, 'f1-score': 0.8280871670702179, 'support': 200.0}, 'WebAttack': {'precision': 0.6329787234042553, 'recall': 0.2975, 'f1-score': 0.40476190476190477, 'support': 400.0}, 'accuracy': 0.6557291666666667, 'macro avg': {'precision': 0.6805764310576815, 'recall': 0.6889583333333333, 'f1-score': 0.6451361929627268, 'support': 1920.0}, 'weighted avg': {'precision': 0.7201168518639895, 'recall': 0.6557291666666667, 'f1-score': 0.6543521529838144, 'support': 1920.0}}","[[ 98  10  12   4  61   2   1  12]
 [  0 101   0   0   1   2   6  10]
 [  0   3 177   0   3   5   0  12]
 [  0   0   0 194   6   0   0   0]
 [  4  24   8  55  70   1   3  35]
 [  4  42   0   0   6 329  19   0]
 [  1   3   2  14   0   9 171   0]
 [  0 194  15  38  20   1  13 119]]",0.0016472339630126953,0.006432056427001953
29,ToN_IoT,0,None,QuantileTransformer,SGD,0.16498461114881668,-1,-1,79.21875,24.125,11.875,50.34751538010522,16.629212227651657,-1,"{'0Normal': {'precision': 0.30985915492957744, 'recall': 0.44, 'f1-score': 0.36363636363636365, 'support': 200.0}, 'BruteForce': {'precision': 0.08108108108108109, 'recall': 1.0, 'f1-score': 0.15, 'support': 120.0}, 'DDoS': {'precision': 0.9411764705882353, 'recall': 0.16, 'f1-score': 0.27350427350427353, 'support': 200.0}, 'DoS': {'precision': 0.0, 'recall': 0.0, 'f1-score': 0.0, 'support': 200.0}, 'MITM': {'precision': 0.671875, 'recall': 0.215, 'f1-score': 0.32575757575757575, 'support': 200.0}, 'Malware': {'precision': 1.0, 'recall': 0.05, 'f1-score': 0.09523809523809523, 'support': 400.0}, 'Scan': {'precision': 0.35714285714285715, 'recall': 0.025, 'f1-score': 0.04672897196261682, 'support': 200.0}, 'WebAttack': {'precision': 0.6666666666666666, 'recall': 0.04, 'f1-score': 0.07547169811320754, 'support': 400.0}, 'accuracy': 0.16875, 'macro avg': {'precision': 0.5034751538010522, 'recall': 0.24125, 'f1-score': 0.16629212227651657, 'support': 1920.0}, 'weighted avg': {'precision': 0.5897953609002762, 'recall': 0.16875, 'f1-score': 0.15010903870452452, 'support': 1920.0}}","[[ 88  96   0   0  13   0   0   3]
 [  0 120   0   0   0   0   0   0]
 [  0 165  32   0   1   0   0   2]
 [  2 197   0   0   1   0   0   0]
 [ 65  88   1   0  43   0   0   3]
 [ 75 296   0   0   0  20   9   0]
 [  0 195   0   0   0   0   5   0]
 [ 54 323   1   0   6   0   0  16]]",0.0026264190673828125,0.00016546249389648438
30,ToN_IoT,0,None,QuantileTransformer,GauNB,0.1841967258904167,-1,-1,82.09635416666666,25.45833333333334,10.230654761904761,22.388131703717047,15.474677082343316,-1,"{'0Normal': {'precision': 0.43103448275862066, 'recall': 0.125, 'f1-score': 0.1937984496124031, 'support': 200.0}, 'BruteForce': {'precision': 0.17794970986460348, 'recall': 0.7666666666666667, 'f1-score': 0.28885400313971743, 'support': 120.0}, 'DDoS': {'precision': 0.0, 'recall': 0.0, 'f1-score': 0.0, 'support': 200.0}, 'DoS': {'precision': 0.017543859649122806, 'recall': 0.015, 'f1-score': 0.016172506738544475, 'support': 200.0}, 'MITM': {'precision': 0.2524271844660194, 'recall': 0.13, 'f1-score': 0.1716171617161716, 'support': 200.0}, 'Malware': {'precision': 0.38431752178121975, 'recall': 0.9925, 'f1-score': 0.5540823447313329, 'support': 400.0}, 'Scan': {'precision': 0.027777777777777776, 'recall': 0.005, 'f1-score': 0.00847457627118644, 'support': 200.0}, 'WebAttack': {'precision': 0.5, 'recall': 0.0025, 'f1-score': 0.004975124378109453, 'support': 400.0}, 'accuracy': 0.2838541666666667, 'macro avg': {'precision': 0.22388131703717046, 'recall': 0.2545833333333334, 'f1-score': 0.15474677082343316, 'support': 1920.0}, 'weighted avg': {'precision': 0.2712696014721606, 'recall': 0.2838541666666667, 'f1-score': 0.17515521192093966, 'support': 1920.0}}","[[ 25  24   0  25  75  49   2   0]
 [  0  92   0   0   0  28   0   0]
 [ 31  15   0   0   0 150   4   0]
 [  0   0   0   3   0 197   0   0]
 [  1  76   0  86  26   3   7   1]
 [  0   0   0   0   2 397   1   0]
 [  0   2   0   0   0 197   1   0]
 [  1 308   0  57   0  12  21   1]]",0.0005772113800048828,0.0009877681732177734
31,ToN_IoT,0,None,QuantileTransformer,NC,0.11273031360389042,-1,-1,80.15625,21.552083333333336,11.339285714285714,42.373582868383544,16.13214108376629,-1,"{'0Normal': {'precision': 1.0, 'recall': 0.03, 'f1-score': 0.05825242718446602, 'support': 200.0}, 'BruteForce': {'precision': 0.18110236220472442, 'recall': 0.7666666666666667, 'f1-score': 0.2929936305732484, 'support': 120.0}, 'DDoS': {'precision': 0.2727272727272727, 'recall': 0.075, 'f1-score': 0.11764705882352941, 'support': 200.0}, 'DoS': {'precision': 0.012448132780082987, 'recall': 0.015, 'f1-score': 0.013605442176870748, 'support': 200.0}, 'MITM': {'precision': 0.5789473684210527, 'recall': 0.055, 'f1-score': 0.1004566210045662, 'support': 200.0}, 'Malware': {'precision': 0.5188916876574308, 'recall': 0.515, 'f1-score': 0.5169385194479298, 'support': 400.0}, 'Scan': {'precision': 0.06576980568011959, 'recall': 0.22, 'f1-score': 0.10126582278481013, 'support': 200.0}, 'WebAttack': {'precision': 0.76, 'recall': 0.0475, 'f1-score': 0.08941176470588236, 'support': 400.0}, 'accuracy': 0.20625, 'macro avg': {'precision': 0.4237358286838354, 'recall': 0.21552083333333336, 'f1-score': 0.16132141083766288, 'support': 1920.0}, 'weighted avg': {'precision': 0.478785142942315, 'recall': 0.20625, 'f1-score': 0.1853879290235225, 'support': 1920.0}}","[[  6  21  32  52   5  24  58   2]
 [  0  92   0   0   0   6  22   0]
 [  0  14  15  31   0   6 133   1]
 [  0   0   0   3   0   0 197   0]
 [  0  74   5  96  11   1  10   3]
 [  0   0   0   0   0 206 194   0]
 [  0   2   0   0   1 153  44   0]
 [  0 305   3  59   2   1  11  19]]",0.000339508056640625,0.06290245056152344
32,ToN_IoT,0,None,QuantileTransformer,RNC,0.4339786871901123,-1,-1,86.39322916666666,49.802083333333336,7.7752976190476195,59.005555306797476,43.42469086133218,-1,"{'0Normal': {'precision': 0.2149122807017544, 'recall': 0.98, 'f1-score': 0.35251798561151076, 'support': 200.0}, 'BruteForce': {'precision': 0.3463035019455253, 'recall': 0.7416666666666667, 'f1-score': 0.47214854111405835, 'support': 120.0}, 'DDoS': {'precision': 0.8857142857142857, 'recall': 0.31, 'f1-score': 0.45925925925925926, 'support': 200.0}, 'DoS': {'precision': 0.8, 'recall': 0.96, 'f1-score': 0.8727272727272727, 'support': 200.0}, 'MITM': {'precision': 0.49473684210526314, 'recall': 0.235, 'f1-score': 0.31864406779661014, 'support': 200.0}, 'Malware': {'precision': 0.9346153846153846, 'recall': 0.6075, 'f1-score': 0.7363636363636363, 'support': 400.0}, 'Scan': {'precision': 0.4827586206896552, 'recall': 0.07, 'f1-score': 0.1222707423580786, 'support': 200.0}, 'WebAttack': {'precision': 0.5614035087719298, 'recall': 0.08, 'f1-score': 0.1400437636761488, 'support': 400.0}, 'accuracy': 0.4557291666666667, 'macro avg': {'precision': 0.5900555530679747, 'recall': 0.49802083333333336, 'f1-score': 0.4342469086133218, 'support': 1920.0}, 'weighted avg': {'precision': 0.6331189497034273, 'recall': 0.4557291666666667, 'f1-score': 0.4334920054688267, 'support': 1920.0}}","[[196   0   0   3   0   1   0   0]
 [ 19  89   5   0   0   2   3   2]
 [ 86   3  62   0  25   4   9  11]
 [  8   0   0 192   0   0   0   0]
 [110   1   0  30  47   0   0  12]
 [123  34   0   0   0 243   0   0]
 [166   4   0   7   0   9  14   0]
 [204 126   3   8  23   1   3  32]]",0.00018858909606933594,0.004535198211669922
33,ToN_IoT,-1,rbf,QuantileTransformer,KNFST,0.8955877983671681,-1,-1,97.74739583333333,90.76041666666667,1.287202380952381,89.72458532342384,89.87175130833194,-1,"{'0Normal': {'precision': 0.8461538461538461, 'recall': 0.935, 'f1-score': 0.8883610451306413, 'support': 200.0}, 'BruteForce': {'precision': 0.8175182481751825, 'recall': 0.9333333333333333, 'f1-score': 0.8715953307392996, 'support': 120.0}, 'DDoS': {'precision': 0.9219512195121952, 'recall': 0.945, 'f1-score': 0.9333333333333333, 'support': 200.0}, 'DoS': {'precision': 0.8761467889908257, 'recall': 0.955, 'f1-score': 0.9138755980861244, 'support': 200.0}, 'MITM': {'precision': 0.9115646258503401, 'recall': 0.67, 'f1-score': 0.7723342939481268, 'support': 200.0}, 'Malware': {'precision': 0.9632352941176471, 'recall': 0.9825, 'f1-score': 0.9727722772277227, 'support': 400.0}, 'Scan': {'precision': 0.8986175115207373, 'recall': 0.975, 'f1-score': 0.935251798561151, 'support': 200.0}, 'WebAttack': {'precision': 0.9427792915531336, 'recall': 0.865, 'f1-score': 0.9022164276401564, 'support': 400.0}, 'accuracy': 0.9098958333333333, 'macro avg': {'precision': 0.8972458532342384, 'recall': 0.9076041666666667, 'f1-score': 0.8987175130833194, 'support': 1920.0}, 'weighted avg': {'precision': 0.9121848033619391, 'recall': 0.9098958333333333, 'f1-score': 0.9079261122123661, 'support': 1920.0}}","[[187   0   0   2   3   4   3   1]
 [  6 112   0   0   0   0   0   2]
 [  1   2 189   0   1   4   2   1]
 [  5   0   1 191   1   2   0   0]
 [ 14   5   5  19 134   0   7  16]
 [  1   1   0   0   0 393   5   0]
 [  1   0   0   0   0   3 195   1]
 [  6  17  10   6   8   2   5 346]]",409.74956822395325,1.5283102989196777
34,ToN_IoT,-1,rbf,QuantileTransformer,KNN,0.9440427639072239,-1,-1,98.80208333333333,94.68749999999999,0.6845238095238095,94.82497747975536,94.72249496003869,-1,"{'0Normal': {'precision': 0.8847926267281107, 'recall': 0.96, 'f1-score': 0.920863309352518, 'support': 200.0}, 'BruteForce': {'precision': 0.925, 'recall': 0.925, 'f1-score': 0.925, 'support': 120.0}, 'DDoS': {'precision': 0.9696969696969697, 'recall': 0.96, 'f1-score': 0.964824120603015, 'support': 200.0}, 'DoS': {'precision': 0.9948717948717949, 'recall': 0.97, 'f1-score': 0.9822784810126582, 'support': 200.0}, 'MITM': {'precision': 0.9417989417989417, 'recall': 0.89, 'f1-score': 0.9151670951156813, 'support': 200.0}, 'Malware': {'precision': 0.9658536585365853, 'recall': 0.99, 'f1-score': 0.9777777777777777, 'support': 400.0}, 'Scan': {'precision': 0.9396984924623115, 'recall': 0.935, 'f1-score': 0.9373433583959899, 'support': 200.0}, 'WebAttack': {'precision': 0.9642857142857143, 'recall': 0.945, 'f1-score': 0.9545454545454546, 'support': 400.0}, 'accuracy': 0.9520833333333333, 'macro avg': {'precision': 0.9482497747975536, 'recall': 0.9468749999999999, 'f1-score': 0.9472249496003868, 'support': 1920.0}, 'weighted avg': {'precision': 0.9527226636669507, 'recall': 0.9520833333333333, 'f1-score': 0.9520961280339922, 'support': 1920.0}}","[[192   0   2   0   2   0   2   2]
 [  1 111   0   0   0   2   6   0]
 [  2   0 192   0   0   4   1   1]
 [  6   0   0 194   0   0   0   0]
 [ 11   0   0   1 178   0   1   9]
 [  2   0   0   0   0 396   2   0]
 [  1   3   1   0   0   6 187   2]
 [  2   6   3   0   9   2   0 378]]",0.0003733634948730469,0.006892681121826172
35,ToN_IoT,-1,rbf,QuantileTransformer,LDA,0.7087922987059769,-1,-1,93.75,69.91666666666667,3.571428571428571,70.22341460828156,68.97701699582707,-1,"{'0Normal': {'precision': 0.8977272727272727, 'recall': 0.79, 'f1-score': 0.8404255319148937, 'support': 200.0}, 'BruteForce': {'precision': 0.23333333333333334, 'recall': 0.058333333333333334, 'f1-score': 0.09333333333333334, 'support': 120.0}, 'DDoS': {'precision': 0.68359375, 'recall': 0.875, 'f1-score': 0.7675438596491229, 'support': 200.0}, 'DoS': {'precision': 0.8721461187214612, 'recall': 0.955, 'f1-score': 0.9116945107398569, 'support': 200.0}, 'MITM': {'precision': 0.625, 'recall': 0.525, 'f1-score': 0.5706521739130435, 'support': 200.0}, 'Malware': {'precision': 0.9189944134078212, 'recall': 0.8225, 'f1-score': 0.8680738786279684, 'support': 400.0}, 'Scan': {'precision': 0.7562189054726368, 'recall': 0.76, 'f1-score': 0.7581047381546134, 'support': 200.0}, 'WebAttack': {'precision': 0.630859375, 'recall': 0.8075, 'f1-score': 0.7083333333333334, 'support': 400.0}, 'accuracy': 0.75, 'macro avg': {'precision': 0.7022341460828156, 'recall': 0.6991666666666667, 'f1-score': 0.6897701699582707, 'support': 1920.0}, 'weighted avg': {'precision': 0.7369160024726055, 'recall': 0.75, 'f1-score': 0.7351286706556389, 'support': 1920.0}}","[[158   0   4   6   4   2   2  24]
 [  1   7  21   0   0   0   6  85]
 [  2   3 175   0   1   5   3  11]
 [  6   0   0 191   3   0   0   0]
 [  8  14   5   0 105   1   1  66]
 [  1   0  31   2   0 329  37   0]
 [  0   0   5  20   0  20 152   3]
 [  0   6  15   0  55   1   0 323]]",0.003827810287475586,0.017016172409057617
36,ToN_IoT,-1,rbf,QuantileTransformer,NuSVC,0.8641830744359676,-1,-1,97.09635416666667,86.17708333333334,1.6592261904761905,87.87065583069304,86.8298383828044,-1,"{'0Normal': {'precision': 0.893048128342246, 'recall': 0.835, 'f1-score': 0.8630490956072352, 'support': 200.0}, 'BruteForce': {'precision': 0.92, 'recall': 0.7666666666666667, 'f1-score': 0.8363636363636363, 'support': 120.0}, 'DDoS': {'precision': 0.815668202764977, 'recall': 0.885, 'f1-score': 0.8489208633093526, 'support': 200.0}, 'DoS': {'precision': 0.9009433962264151, 'recall': 0.955, 'f1-score': 0.9271844660194175, 'support': 200.0}, 'MITM': {'precision': 0.805, 'recall': 0.805, 'f1-score': 0.805, 'support': 200.0}, 'Malware': {'precision': 0.8951048951048951, 'recall': 0.96, 'f1-score': 0.9264173703256936, 'support': 400.0}, 'Scan': {'precision': 0.8670520231213873, 'recall': 0.75, 'f1-score': 0.8042895442359249, 'support': 200.0}, 'WebAttack': {'precision': 0.9328358208955224, 'recall': 0.9375, 'f1-score': 0.9351620947630923, 'support': 400.0}, 'accuracy': 0.8838541666666667, 'macro avg': {'precision': 0.8787065583069303, 'recall': 0.8617708333333334, 'f1-score': 0.868298383828044, 'support': 1920.0}, 'weighted avg': {'precision': 0.8843326231724854, 'recall': 0.8838541666666667, 'f1-score': 0.8826480292883006, 'support': 1920.0}}","[[167   2   2   0  21   2   2   4]
 [  1  92  13   0   0   8   6   0]
 [  2   3 177   0  10   6   0   2]
 [  6   0   0 191   0   0   0   3]
 [ 10   0  12   0 161   2   0  15]
 [  1   0   0   0   0 384  15   0]
 [  0   0   1  21   0  25 150   3]
 [  0   3  12   0   8   2   0 375]]",0.5608944892883301,0.21591567993164062
37,ToN_IoT,-1,rbf,QuantileTransformer,SGD,0.8365312920597173,-1,-1,96.49739583333333,83.22916666666667,2.001488095238095,85.00411044021956,83.78436890783007,-1,"{'0Normal': {'precision': 0.8762886597938144, 'recall': 0.85, 'f1-score': 0.8629441624365483, 'support': 200.0}, 'BruteForce': {'precision': 0.7454545454545455, 'recall': 0.6833333333333333, 'f1-score': 0.7130434782608696, 'support': 120.0}, 'DDoS': {'precision': 0.7876106194690266, 'recall': 0.89, 'f1-score': 0.8356807511737089, 'support': 200.0}, 'DoS': {'precision': 0.9009433962264151, 'recall': 0.955, 'f1-score': 0.9271844660194175, 'support': 200.0}, 'MITM': {'precision': 0.869281045751634, 'recall': 0.665, 'f1-score': 0.7535410764872521, 'support': 200.0}, 'Malware': {'precision': 0.9465648854961832, 'recall': 0.93, 'f1-score': 0.9382093316519546, 'support': 400.0}, 'Scan': {'precision': 0.8514285714285714, 'recall': 0.745, 'f1-score': 0.7946666666666666, 'support': 200.0}, 'WebAttack': {'precision': 0.8227571115973742, 'recall': 0.94, 'f1-score': 0.8774795799299884, 'support': 400.0}, 'accuracy': 0.8598958333333333, 'macro avg': {'precision': 0.8500411044021956, 'recall': 0.8322916666666667, 'f1-score': 0.8378436890783008, 'support': 1920.0}, 'weighted avg': {'precision': 0.8616113556384691, 'recall': 0.8598958333333333, 'f1-score': 0.8576271909275001, 'support': 1920.0}}","[[170   0   6   3   2   2   2  15]
 [  1  82  12   0   0   2   0  23]
 [  2   2 178   0  10   5   0   3]
 [  6   0   0 191   1   0   0   2]
 [  9  18   3   0 133   1   0  36]
 [  1   0   3   0   0 372  24   0]
 [  5   5  10  18   1  10 149   2]
 [  0   3  14   0   6   1   0 376]]",0.12142562866210938,0.00036072731018066406
38,ToN_IoT,-1,rbf,QuantileTransformer,GauNB,0.2970460360202706,-1,-1,84.16666666666667,34.833333333333336,9.047619047619047,39.95019316521068,25.12623909278617,-1,"{'0Normal': {'precision': 0.6666666666666666, 'recall': 0.42, 'f1-score': 0.5153374233128835, 'support': 200.0}, 'BruteForce': {'precision': 0.17726396917148363, 'recall': 0.7666666666666667, 'f1-score': 0.28794992175273865, 'support': 120.0}, 'DDoS': {'precision': 0.6666666666666666, 'recall': 0.02, 'f1-score': 0.038834951456310676, 'support': 200.0}, 'DoS': {'precision': 0.0, 'recall': 0.0, 'f1-score': 0.0, 'support': 200.0}, 'MITM': {'precision': 0.5094339622641509, 'recall': 0.54, 'f1-score': 0.5242718446601942, 'support': 200.0}, 'Malware': {'precision': 0.38431752178121975, 'recall': 0.9925, 'f1-score': 0.5540823447313329, 'support': 400.0}, 'Scan': {'precision': 0.0, 'recall': 0.0, 'f1-score': 0.0, 'support': 200.0}, 'WebAttack': {'precision': 0.7916666666666666, 'recall': 0.0475, 'f1-score': 0.08962264150943396, 'support': 400.0}, 'accuracy': 0.36666666666666664, 'macro avg': {'precision': 0.3995019316521068, 'recall': 0.3483333333333334, 'f1-score': 0.25126239092786173, 'support': 1920.0}, 'weighted avg': {'precision': 0.44803063062459864, 'recall': 0.36666666666666664, 'f1-score': 0.2644400151002672, 'support': 1920.0}}","[[ 84  24   0   0  41  49   0   2]
 [  0  92   0   0   0  28   0   0]
 [ 31  15   4   0   0 150   0   0]
 [  0   0   0   0   3 197   0   0]
 [  7  79   0   0 108   3   0   3]
 [  3   0   0   0   0 397   0   0]
 [  0   2   0   0   1 197   0   0]
 [  1 307   2   0  59  12   0  19]]",0.0018050670623779297,0.0009989738464355469
39,ToN_IoT,-1,rbf,QuantileTransformer,NC,0.28459718008063556,-1,-1,83.125,41.80208333333333,9.642857142857144,48.13238774079735,29.201432778881674,-1,"{'0Normal': {'precision': 1.0, 'recall': 0.105, 'f1-score': 0.19004524886877827, 'support': 200.0}, 'BruteForce': {'precision': 0.16636528028933092, 'recall': 0.7666666666666667, 'f1-score': 0.27340267459138184, 'support': 120.0}, 'DDoS': {'precision': 0.6666666666666666, 'recall': 0.19, 'f1-score': 0.29571984435797666, 'support': 200.0}, 'DoS': {'precision': 0.3310225303292894, 'recall': 0.955, 'f1-score': 0.49163449163449163, 'support': 200.0}, 'MITM': {'precision': 0.41201716738197425, 'recall': 0.48, 'f1-score': 0.44341801385681295, 'support': 200.0}, 'Malware': {'precision': 0.6976744186046512, 'recall': 0.075, 'f1-score': 0.13544018058690746, 'support': 400.0}, 'Scan': {'precision': 0.36255924170616116, 'recall': 0.765, 'f1-score': 0.4919614147909968, 'support': 200.0}, 'WebAttack': {'precision': 0.21428571428571427, 'recall': 0.0075, 'f1-score': 0.014492753623188406, 'support': 400.0}, 'accuracy': 0.325, 'macro avg': {'precision': 0.4813238774079735, 'recall': 0.4180208333333333, 'f1-score': 0.29201432778881675, 'support': 1920.0}, 'weighted avg': {'precision': 0.48916719167066885, 'recall': 0.325, 'f1-score': 0.24757150902959138, 'support': 1920.0}}","[[ 21  53   3   4  44   1  72   2]
 [  0  92   2  19   0   0   7   0]
 [  0  15  38 110  31   0   6   0]
 [  0   0   0 191   3   0   6   0]
 [  0  69   9   4  96  11   2   9]
 [  0   0   0 194   0  30 176   0]
 [  0   3   0  44   0   0 153   0]
 [  0 321   5  11  59   1   0   3]]",0.0008220672607421875,0.07335233688354492
40,ToN_IoT,-1,rbf,QuantileTransformer,RNC,0.8414665699394256,-1,-1,96.6015625,81.88541666666667,1.9419642857142858,87.5421925728619,82.65549813815838,-1,"{'0Normal': {'precision': 0.9528795811518325, 'recall': 0.91, 'f1-score': 0.9309462915601023, 'support': 200.0}, 'BruteForce': {'precision': 0.8, 'recall': 0.23333333333333334, 'f1-score': 0.36129032258064514, 'support': 120.0}, 'DDoS': {'precision': 0.9538461538461539, 'recall': 0.93, 'f1-score': 0.9417721518987342, 'support': 200.0}, 'DoS': {'precision': 0.9368932038834952, 'recall': 0.965, 'f1-score': 0.9507389162561576, 'support': 200.0}, 'MITM': {'precision': 0.8442211055276382, 'recall': 0.84, 'f1-score': 0.8421052631578947, 'support': 200.0}, 'Malware': {'precision': 0.8326180257510729, 'recall': 0.97, 'f1-score': 0.8960739030023095, 'support': 400.0}, 'Scan': {'precision': 0.8978494623655914, 'recall': 0.835, 'f1-score': 0.8652849740932642, 'support': 200.0}, 'WebAttack': {'precision': 0.7850678733031674, 'recall': 0.8675, 'f1-score': 0.8242280285035629, 'support': 400.0}, 'accuracy': 0.8640625, 'macro avg': {'precision': 0.8754219257286189, 'recall': 0.8188541666666667, 'f1-score': 0.8265549813815838, 'support': 1920.0}, 'weighted avg': {'precision': 0.8646938859253325, 'recall': 0.8640625, 'f1-score': 0.8529401722423214, 'support': 1920.0}}","[[182   0   0   3   3  10   1   1]
 [  0  28   0   0   0   3   6  83]
 [  1   3 186   0   0   9   0   1]
 [  6   0   0 193   0   1   0   0]
 [  1   0   2   1 168  18   1   9]
 [  1   0   0   0   0 388  11   0]
 [  0   3   1   9   0  19 167   1]
 [  0   1   6   0  28  18   0 347]]",0.0010809898376464844,0.03385591506958008
41,ToN_IoT,-1,poly,QuantileTransformer,KNN,0.9440427639072239,-1,-1,98.80208333333333,94.68749999999999,0.6845238095238095,94.82497747975536,94.72249496003869,-1,"{'0Normal': {'precision': 0.8847926267281107, 'recall': 0.96, 'f1-score': 0.920863309352518, 'support': 200.0}, 'BruteForce': {'precision': 0.925, 'recall': 0.925, 'f1-score': 0.925, 'support': 120.0}, 'DDoS': {'precision': 0.9696969696969697, 'recall': 0.96, 'f1-score': 0.964824120603015, 'support': 200.0}, 'DoS': {'precision': 0.9948717948717949, 'recall': 0.97, 'f1-score': 0.9822784810126582, 'support': 200.0}, 'MITM': {'precision': 0.9417989417989417, 'recall': 0.89, 'f1-score': 0.9151670951156813, 'support': 200.0}, 'Malware': {'precision': 0.9658536585365853, 'recall': 0.99, 'f1-score': 0.9777777777777777, 'support': 400.0}, 'Scan': {'precision': 0.9396984924623115, 'recall': 0.935, 'f1-score': 0.9373433583959899, 'support': 200.0}, 'WebAttack': {'precision': 0.9642857142857143, 'recall': 0.945, 'f1-score': 0.9545454545454546, 'support': 400.0}, 'accuracy': 0.9520833333333333, 'macro avg': {'precision': 0.9482497747975536, 'recall': 0.9468749999999999, 'f1-score': 0.9472249496003868, 'support': 1920.0}, 'weighted avg': {'precision': 0.9527226636669507, 'recall': 0.9520833333333333, 'f1-score': 0.9520961280339922, 'support': 1920.0}}","[[192   0   2   0   2   0   2   2]
 [  1 111   0   0   0   2   6   0]
 [  2   0 192   0   0   4   1   1]
 [  6   0   0 194   0   0   0   0]
 [ 11   0   0   1 178   0   1   9]
 [  2   0   0   0   0 396   2   0]
 [  1   3   1   0   0   6 187   2]
 [  2   6   3   0   9   2   0 378]]",0.0003859996795654297,0.09171319007873535
42,ToN_IoT,-1,poly,QuantileTransformer,LDA,0.7087922987059769,-1,-1,93.75,69.91666666666667,3.571428571428571,70.22341460828156,68.97701699582707,-1,"{'0Normal': {'precision': 0.8977272727272727, 'recall': 0.79, 'f1-score': 0.8404255319148937, 'support': 200.0}, 'BruteForce': {'precision': 0.23333333333333334, 'recall': 0.058333333333333334, 'f1-score': 0.09333333333333334, 'support': 120.0}, 'DDoS': {'precision': 0.68359375, 'recall': 0.875, 'f1-score': 0.7675438596491229, 'support': 200.0}, 'DoS': {'precision': 0.8721461187214612, 'recall': 0.955, 'f1-score': 0.9116945107398569, 'support': 200.0}, 'MITM': {'precision': 0.625, 'recall': 0.525, 'f1-score': 0.5706521739130435, 'support': 200.0}, 'Malware': {'precision': 0.9189944134078212, 'recall': 0.8225, 'f1-score': 0.8680738786279684, 'support': 400.0}, 'Scan': {'precision': 0.7562189054726368, 'recall': 0.76, 'f1-score': 0.7581047381546134, 'support': 200.0}, 'WebAttack': {'precision': 0.630859375, 'recall': 0.8075, 'f1-score': 0.7083333333333334, 'support': 400.0}, 'accuracy': 0.75, 'macro avg': {'precision': 0.7022341460828156, 'recall': 0.6991666666666667, 'f1-score': 0.6897701699582707, 'support': 1920.0}, 'weighted avg': {'precision': 0.7369160024726055, 'recall': 0.75, 'f1-score': 0.7351286706556389, 'support': 1920.0}}","[[158   0   4   6   4   2   2  24]
 [  1   7  21   0   0   0   6  85]
 [  2   3 175   0   1   5   3  11]
 [  6   0   0 191   3   0   0   0]
 [  8  14   5   0 105   1   1  66]
 [  1   0  31   2   0 329  37   0]
 [  0   0   5  20   0  20 152   3]
 [  0   6  15   0  55   1   0 323]]",0.004167795181274414,0.014967203140258789
43,ToN_IoT,-1,poly,QuantileTransformer,NuSVC,0.8641830744359676,-1,-1,97.09635416666667,86.17708333333334,1.6592261904761905,87.87065583069304,86.8298383828044,-1,"{'0Normal': {'precision': 0.893048128342246, 'recall': 0.835, 'f1-score': 0.8630490956072352, 'support': 200.0}, 'BruteForce': {'precision': 0.92, 'recall': 0.7666666666666667, 'f1-score': 0.8363636363636363, 'support': 120.0}, 'DDoS': {'precision': 0.815668202764977, 'recall': 0.885, 'f1-score': 0.8489208633093526, 'support': 200.0}, 'DoS': {'precision': 0.9009433962264151, 'recall': 0.955, 'f1-score': 0.9271844660194175, 'support': 200.0}, 'MITM': {'precision': 0.805, 'recall': 0.805, 'f1-score': 0.805, 'support': 200.0}, 'Malware': {'precision': 0.8951048951048951, 'recall': 0.96, 'f1-score': 0.9264173703256936, 'support': 400.0}, 'Scan': {'precision': 0.8670520231213873, 'recall': 0.75, 'f1-score': 0.8042895442359249, 'support': 200.0}, 'WebAttack': {'precision': 0.9328358208955224, 'recall': 0.9375, 'f1-score': 0.9351620947630923, 'support': 400.0}, 'accuracy': 0.8838541666666667, 'macro avg': {'precision': 0.8787065583069303, 'recall': 0.8617708333333334, 'f1-score': 0.868298383828044, 'support': 1920.0}, 'weighted avg': {'precision': 0.8843326231724854, 'recall': 0.8838541666666667, 'f1-score': 0.8826480292883006, 'support': 1920.0}}","[[167   2   2   0  21   2   2   4]
 [  1  92  13   0   0   8   6   0]
 [  2   3 177   0  10   6   0   2]
 [  6   0   0 191   0   0   0   3]
 [ 10   0  12   0 161   2   0  15]
 [  1   0   0   0   0 384  15   0]
 [  0   0   1  21   0  25 150   3]
 [  0   3  12   0   8   2   0 375]]",0.5545244216918945,0.2184138298034668
44,ToN_IoT,-1,poly,QuantileTransformer,SGD,0.8365312920597173,-1,-1,96.49739583333333,83.22916666666667,2.001488095238095,85.00411044021956,83.78436890783007,-1,"{'0Normal': {'precision': 0.8762886597938144, 'recall': 0.85, 'f1-score': 0.8629441624365483, 'support': 200.0}, 'BruteForce': {'precision': 0.7454545454545455, 'recall': 0.6833333333333333, 'f1-score': 0.7130434782608696, 'support': 120.0}, 'DDoS': {'precision': 0.7876106194690266, 'recall': 0.89, 'f1-score': 0.8356807511737089, 'support': 200.0}, 'DoS': {'precision': 0.9009433962264151, 'recall': 0.955, 'f1-score': 0.9271844660194175, 'support': 200.0}, 'MITM': {'precision': 0.869281045751634, 'recall': 0.665, 'f1-score': 0.7535410764872521, 'support': 200.0}, 'Malware': {'precision': 0.9465648854961832, 'recall': 0.93, 'f1-score': 0.9382093316519546, 'support': 400.0}, 'Scan': {'precision': 0.8514285714285714, 'recall': 0.745, 'f1-score': 0.7946666666666666, 'support': 200.0}, 'WebAttack': {'precision': 0.8227571115973742, 'recall': 0.94, 'f1-score': 0.8774795799299884, 'support': 400.0}, 'accuracy': 0.8598958333333333, 'macro avg': {'precision': 0.8500411044021956, 'recall': 0.8322916666666667, 'f1-score': 0.8378436890783008, 'support': 1920.0}, 'weighted avg': {'precision': 0.8616113556384691, 'recall': 0.8598958333333333, 'f1-score': 0.8576271909275001, 'support': 1920.0}}","[[170   0   6   3   2   2   2  15]
 [  1  82  12   0   0   2   0  23]
 [  2   2 178   0  10   5   0   3]
 [  6   0   0 191   1   0   0   2]
 [  9  18   3   0 133   1   0  36]
 [  1   0   3   0   0 372  24   0]
 [  5   5  10  18   1  10 149   2]
 [  0   3  14   0   6   1   0 376]]",0.11920309066772461,0.002507925033569336
45,ToN_IoT,-1,poly,QuantileTransformer,GauNB,0.2970460360202706,-1,-1,84.16666666666667,34.833333333333336,9.047619047619047,39.95019316521068,25.12623909278617,-1,"{'0Normal': {'precision': 0.6666666666666666, 'recall': 0.42, 'f1-score': 0.5153374233128835, 'support': 200.0}, 'BruteForce': {'precision': 0.17726396917148363, 'recall': 0.7666666666666667, 'f1-score': 0.28794992175273865, 'support': 120.0}, 'DDoS': {'precision': 0.6666666666666666, 'recall': 0.02, 'f1-score': 0.038834951456310676, 'support': 200.0}, 'DoS': {'precision': 0.0, 'recall': 0.0, 'f1-score': 0.0, 'support': 200.0}, 'MITM': {'precision': 0.5094339622641509, 'recall': 0.54, 'f1-score': 0.5242718446601942, 'support': 200.0}, 'Malware': {'precision': 0.38431752178121975, 'recall': 0.9925, 'f1-score': 0.5540823447313329, 'support': 400.0}, 'Scan': {'precision': 0.0, 'recall': 0.0, 'f1-score': 0.0, 'support': 200.0}, 'WebAttack': {'precision': 0.7916666666666666, 'recall': 0.0475, 'f1-score': 0.08962264150943396, 'support': 400.0}, 'accuracy': 0.36666666666666664, 'macro avg': {'precision': 0.3995019316521068, 'recall': 0.3483333333333334, 'f1-score': 0.25126239092786173, 'support': 1920.0}, 'weighted avg': {'precision': 0.44803063062459864, 'recall': 0.36666666666666664, 'f1-score': 0.2644400151002672, 'support': 1920.0}}","[[ 84  24   0   0  41  49   0   2]
 [  0  92   0   0   0  28   0   0]
 [ 31  15   4   0   0 150   0   0]
 [  0   0   0   0   3 197   0   0]
 [  7  79   0   0 108   3   0   3]
 [  3   0   0   0   0 397   0   0]
 [  0   2   0   0   1 197   0   0]
 [  1 307   2   0  59  12   0  19]]",0.003599882125854492,0.0014340877532958984
46,ToN_IoT,-1,poly,QuantileTransformer,NC,0.28459718008063556,-1,-1,83.125,41.80208333333333,9.642857142857144,48.13238774079735,29.201432778881674,-1,"{'0Normal': {'precision': 1.0, 'recall': 0.105, 'f1-score': 0.19004524886877827, 'support': 200.0}, 'BruteForce': {'precision': 0.16636528028933092, 'recall': 0.7666666666666667, 'f1-score': 0.27340267459138184, 'support': 120.0}, 'DDoS': {'precision': 0.6666666666666666, 'recall': 0.19, 'f1-score': 0.29571984435797666, 'support': 200.0}, 'DoS': {'precision': 0.3310225303292894, 'recall': 0.955, 'f1-score': 0.49163449163449163, 'support': 200.0}, 'MITM': {'precision': 0.41201716738197425, 'recall': 0.48, 'f1-score': 0.44341801385681295, 'support': 200.0}, 'Malware': {'precision': 0.6976744186046512, 'recall': 0.075, 'f1-score': 0.13544018058690746, 'support': 400.0}, 'Scan': {'precision': 0.36255924170616116, 'recall': 0.765, 'f1-score': 0.4919614147909968, 'support': 200.0}, 'WebAttack': {'precision': 0.21428571428571427, 'recall': 0.0075, 'f1-score': 0.014492753623188406, 'support': 400.0}, 'accuracy': 0.325, 'macro avg': {'precision': 0.4813238774079735, 'recall': 0.4180208333333333, 'f1-score': 0.29201432778881675, 'support': 1920.0}, 'weighted avg': {'precision': 0.48916719167066885, 'recall': 0.325, 'f1-score': 0.24757150902959138, 'support': 1920.0}}","[[ 21  53   3   4  44   1  72   2]
 [  0  92   2  19   0   0   7   0]
 [  0  15  38 110  31   0   6   0]
 [  0   0   0 191   3   0   6   0]
 [  0  69   9   4  96  11   2   9]
 [  0   0   0 194   0  30 176   0]
 [  0   3   0  44   0   0 153   0]
 [  0 321   5  11  59   1   0   3]]",0.00186920166015625,0.043717384338378906
47,ToN_IoT,-1,poly,QuantileTransformer,RNC,0.8414665699394256,-1,-1,96.6015625,81.88541666666667,1.9419642857142858,87.5421925728619,82.65549813815838,-1,"{'0Normal': {'precision': 0.9528795811518325, 'recall': 0.91, 'f1-score': 0.9309462915601023, 'support': 200.0}, 'BruteForce': {'precision': 0.8, 'recall': 0.23333333333333334, 'f1-score': 0.36129032258064514, 'support': 120.0}, 'DDoS': {'precision': 0.9538461538461539, 'recall': 0.93, 'f1-score': 0.9417721518987342, 'support': 200.0}, 'DoS': {'precision': 0.9368932038834952, 'recall': 0.965, 'f1-score': 0.9507389162561576, 'support': 200.0}, 'MITM': {'precision': 0.8442211055276382, 'recall': 0.84, 'f1-score': 0.8421052631578947, 'support': 200.0}, 'Malware': {'precision': 0.8326180257510729, 'recall': 0.97, 'f1-score': 0.8960739030023095, 'support': 400.0}, 'Scan': {'precision': 0.8978494623655914, 'recall': 0.835, 'f1-score': 0.8652849740932642, 'support': 200.0}, 'WebAttack': {'precision': 0.7850678733031674, 'recall': 0.8675, 'f1-score': 0.8242280285035629, 'support': 400.0}, 'accuracy': 0.8640625, 'macro avg': {'precision': 0.8754219257286189, 'recall': 0.8188541666666667, 'f1-score': 0.8265549813815838, 'support': 1920.0}, 'weighted avg': {'precision': 0.8646938859253325, 'recall': 0.8640625, 'f1-score': 0.8529401722423214, 'support': 1920.0}}","[[182   0   0   3   3  10   1   1]
 [  0  28   0   0   0   3   6  83]
 [  1   3 186   0   0   9   0   1]
 [  6   0   0 193   0   1   0   0]
 [  1   0   2   1 168  18   1   9]
 [  1   0   0   0   0 388  11   0]
 [  0   3   1   9   0  19 167   1]
 [  0   1   6   0  28  18   0 347]]",0.0006146430969238281,0.02526402473449707
48,ToN_IoT,-1,linear,QuantileTransformer,KNN,0.9440427639072239,-1,-1,98.80208333333333,94.68749999999999,0.6845238095238095,94.82497747975536,94.72249496003869,-1,"{'0Normal': {'precision': 0.8847926267281107, 'recall': 0.96, 'f1-score': 0.920863309352518, 'support': 200.0}, 'BruteForce': {'precision': 0.925, 'recall': 0.925, 'f1-score': 0.925, 'support': 120.0}, 'DDoS': {'precision': 0.9696969696969697, 'recall': 0.96, 'f1-score': 0.964824120603015, 'support': 200.0}, 'DoS': {'precision': 0.9948717948717949, 'recall': 0.97, 'f1-score': 0.9822784810126582, 'support': 200.0}, 'MITM': {'precision': 0.9417989417989417, 'recall': 0.89, 'f1-score': 0.9151670951156813, 'support': 200.0}, 'Malware': {'precision': 0.9658536585365853, 'recall': 0.99, 'f1-score': 0.9777777777777777, 'support': 400.0}, 'Scan': {'precision': 0.9396984924623115, 'recall': 0.935, 'f1-score': 0.9373433583959899, 'support': 200.0}, 'WebAttack': {'precision': 0.9642857142857143, 'recall': 0.945, 'f1-score': 0.9545454545454546, 'support': 400.0}, 'accuracy': 0.9520833333333333, 'macro avg': {'precision': 0.9482497747975536, 'recall': 0.9468749999999999, 'f1-score': 0.9472249496003868, 'support': 1920.0}, 'weighted avg': {'precision': 0.9527226636669507, 'recall': 0.9520833333333333, 'f1-score': 0.9520961280339922, 'support': 1920.0}}","[[192   0   2   0   2   0   2   2]
 [  1 111   0   0   0   2   6   0]
 [  2   0 192   0   0   4   1   1]
 [  6   0   0 194   0   0   0   0]
 [ 11   0   0   1 178   0   1   9]
 [  2   0   0   0   0 396   2   0]
 [  1   3   1   0   0   6 187   2]
 [  2   6   3   0   9   2   0 378]]",0.0003898143768310547,0.09814858436584473
49,ToN_IoT,-1,linear,QuantileTransformer,LDA,0.7087922987059769,-1,-1,93.75,69.91666666666667,3.571428571428571,70.22341460828156,68.97701699582707,-1,"{'0Normal': {'precision': 0.8977272727272727, 'recall': 0.79, 'f1-score': 0.8404255319148937, 'support': 200.0}, 'BruteForce': {'precision': 0.23333333333333334, 'recall': 0.058333333333333334, 'f1-score': 0.09333333333333334, 'support': 120.0}, 'DDoS': {'precision': 0.68359375, 'recall': 0.875, 'f1-score': 0.7675438596491229, 'support': 200.0}, 'DoS': {'precision': 0.8721461187214612, 'recall': 0.955, 'f1-score': 0.9116945107398569, 'support': 200.0}, 'MITM': {'precision': 0.625, 'recall': 0.525, 'f1-score': 0.5706521739130435, 'support': 200.0}, 'Malware': {'precision': 0.9189944134078212, 'recall': 0.8225, 'f1-score': 0.8680738786279684, 'support': 400.0}, 'Scan': {'precision': 0.7562189054726368, 'recall': 0.76, 'f1-score': 0.7581047381546134, 'support': 200.0}, 'WebAttack': {'precision': 0.630859375, 'recall': 0.8075, 'f1-score': 0.7083333333333334, 'support': 400.0}, 'accuracy': 0.75, 'macro avg': {'precision': 0.7022341460828156, 'recall': 0.6991666666666667, 'f1-score': 0.6897701699582707, 'support': 1920.0}, 'weighted avg': {'precision': 0.7369160024726055, 'recall': 0.75, 'f1-score': 0.7351286706556389, 'support': 1920.0}}","[[158   0   4   6   4   2   2  24]
 [  1   7  21   0   0   0   6  85]
 [  2   3 175   0   1   5   3  11]
 [  6   0   0 191   3   0   0   0]
 [  8  14   5   0 105   1   1  66]
 [  1   0  31   2   0 329  37   0]
 [  0   0   5  20   0  20 152   3]
 [  0   6  15   0  55   1   0 323]]",0.01402139663696289,0.008229732513427734
50,ToN_IoT,-1,linear,QuantileTransformer,NuSVC,0.8641830744359676,-1,-1,97.09635416666667,86.17708333333334,1.6592261904761905,87.87065583069304,86.8298383828044,-1,"{'0Normal': {'precision': 0.893048128342246, 'recall': 0.835, 'f1-score': 0.8630490956072352, 'support': 200.0}, 'BruteForce': {'precision': 0.92, 'recall': 0.7666666666666667, 'f1-score': 0.8363636363636363, 'support': 120.0}, 'DDoS': {'precision': 0.815668202764977, 'recall': 0.885, 'f1-score': 0.8489208633093526, 'support': 200.0}, 'DoS': {'precision': 0.9009433962264151, 'recall': 0.955, 'f1-score': 0.9271844660194175, 'support': 200.0}, 'MITM': {'precision': 0.805, 'recall': 0.805, 'f1-score': 0.805, 'support': 200.0}, 'Malware': {'precision': 0.8951048951048951, 'recall': 0.96, 'f1-score': 0.9264173703256936, 'support': 400.0}, 'Scan': {'precision': 0.8670520231213873, 'recall': 0.75, 'f1-score': 0.8042895442359249, 'support': 200.0}, 'WebAttack': {'precision': 0.9328358208955224, 'recall': 0.9375, 'f1-score': 0.9351620947630923, 'support': 400.0}, 'accuracy': 0.8838541666666667, 'macro avg': {'precision': 0.8787065583069303, 'recall': 0.8617708333333334, 'f1-score': 0.868298383828044, 'support': 1920.0}, 'weighted avg': {'precision': 0.8843326231724854, 'recall': 0.8838541666666667, 'f1-score': 0.8826480292883006, 'support': 1920.0}}","[[167   2   2   0  21   2   2   4]
 [  1  92  13   0   0   8   6   0]
 [  2   3 177   0  10   6   0   2]
 [  6   0   0 191   0   0   0   3]
 [ 10   0  12   0 161   2   0  15]
 [  1   0   0   0   0 384  15   0]
 [  0   0   1  21   0  25 150   3]
 [  0   3  12   0   8   2   0 375]]",0.5447125434875488,0.21512794494628906
51,ToN_IoT,-1,linear,QuantileTransformer,SGD,0.8365312920597173,-1,-1,96.49739583333333,83.22916666666667,2.001488095238095,85.00411044021956,83.78436890783007,-1,"{'0Normal': {'precision': 0.8762886597938144, 'recall': 0.85, 'f1-score': 0.8629441624365483, 'support': 200.0}, 'BruteForce': {'precision': 0.7454545454545455, 'recall': 0.6833333333333333, 'f1-score': 0.7130434782608696, 'support': 120.0}, 'DDoS': {'precision': 0.7876106194690266, 'recall': 0.89, 'f1-score': 0.8356807511737089, 'support': 200.0}, 'DoS': {'precision': 0.9009433962264151, 'recall': 0.955, 'f1-score': 0.9271844660194175, 'support': 200.0}, 'MITM': {'precision': 0.869281045751634, 'recall': 0.665, 'f1-score': 0.7535410764872521, 'support': 200.0}, 'Malware': {'precision': 0.9465648854961832, 'recall': 0.93, 'f1-score': 0.9382093316519546, 'support': 400.0}, 'Scan': {'precision': 0.8514285714285714, 'recall': 0.745, 'f1-score': 0.7946666666666666, 'support': 200.0}, 'WebAttack': {'precision': 0.8227571115973742, 'recall': 0.94, 'f1-score': 0.8774795799299884, 'support': 400.0}, 'accuracy': 0.8598958333333333, 'macro avg': {'precision': 0.8500411044021956, 'recall': 0.8322916666666667, 'f1-score': 0.8378436890783008, 'support': 1920.0}, 'weighted avg': {'precision': 0.8616113556384691, 'recall': 0.8598958333333333, 'f1-score': 0.8576271909275001, 'support': 1920.0}}","[[170   0   6   3   2   2   2  15]
 [  1  82  12   0   0   2   0  23]
 [  2   2 178   0  10   5   0   3]
 [  6   0   0 191   1   0   0   2]
 [  9  18   3   0 133   1   0  36]
 [  1   0   3   0   0 372  24   0]
 [  5   5  10  18   1  10 149   2]
 [  0   3  14   0   6   1   0 376]]",0.12486648559570312,0.00890350341796875
52,ToN_IoT,-1,linear,QuantileTransformer,GauNB,0.2970460360202706,-1,-1,84.16666666666667,34.833333333333336,9.047619047619047,39.95019316521068,25.12623909278617,-1,"{'0Normal': {'precision': 0.6666666666666666, 'recall': 0.42, 'f1-score': 0.5153374233128835, 'support': 200.0}, 'BruteForce': {'precision': 0.17726396917148363, 'recall': 0.7666666666666667, 'f1-score': 0.28794992175273865, 'support': 120.0}, 'DDoS': {'precision': 0.6666666666666666, 'recall': 0.02, 'f1-score': 0.038834951456310676, 'support': 200.0}, 'DoS': {'precision': 0.0, 'recall': 0.0, 'f1-score': 0.0, 'support': 200.0}, 'MITM': {'precision': 0.5094339622641509, 'recall': 0.54, 'f1-score': 0.5242718446601942, 'support': 200.0}, 'Malware': {'precision': 0.38431752178121975, 'recall': 0.9925, 'f1-score': 0.5540823447313329, 'support': 400.0}, 'Scan': {'precision': 0.0, 'recall': 0.0, 'f1-score': 0.0, 'support': 200.0}, 'WebAttack': {'precision': 0.7916666666666666, 'recall': 0.0475, 'f1-score': 0.08962264150943396, 'support': 400.0}, 'accuracy': 0.36666666666666664, 'macro avg': {'precision': 0.3995019316521068, 'recall': 0.3483333333333334, 'f1-score': 0.25126239092786173, 'support': 1920.0}, 'weighted avg': {'precision': 0.44803063062459864, 'recall': 0.36666666666666664, 'f1-score': 0.2644400151002672, 'support': 1920.0}}","[[ 84  24   0   0  41  49   0   2]
 [  0  92   0   0   0  28   0   0]
 [ 31  15   4   0   0 150   0   0]
 [  0   0   0   0   3 197   0   0]
 [  7  79   0   0 108   3   0   3]
 [  3   0   0   0   0 397   0   0]
 [  0   2   0   0   1 197   0   0]
 [  1 307   2   0  59  12   0  19]]",0.002243518829345703,0.0010445117950439453
53,ToN_IoT,-1,linear,QuantileTransformer,NC,0.28459718008063556,-1,-1,83.125,41.80208333333333,9.642857142857144,48.13238774079735,29.201432778881674,-1,"{'0Normal': {'precision': 1.0, 'recall': 0.105, 'f1-score': 0.19004524886877827, 'support': 200.0}, 'BruteForce': {'precision': 0.16636528028933092, 'recall': 0.7666666666666667, 'f1-score': 0.27340267459138184, 'support': 120.0}, 'DDoS': {'precision': 0.6666666666666666, 'recall': 0.19, 'f1-score': 0.29571984435797666, 'support': 200.0}, 'DoS': {'precision': 0.3310225303292894, 'recall': 0.955, 'f1-score': 0.49163449163449163, 'support': 200.0}, 'MITM': {'precision': 0.41201716738197425, 'recall': 0.48, 'f1-score': 0.44341801385681295, 'support': 200.0}, 'Malware': {'precision': 0.6976744186046512, 'recall': 0.075, 'f1-score': 0.13544018058690746, 'support': 400.0}, 'Scan': {'precision': 0.36255924170616116, 'recall': 0.765, 'f1-score': 0.4919614147909968, 'support': 200.0}, 'WebAttack': {'precision': 0.21428571428571427, 'recall': 0.0075, 'f1-score': 0.014492753623188406, 'support': 400.0}, 'accuracy': 0.325, 'macro avg': {'precision': 0.4813238774079735, 'recall': 0.4180208333333333, 'f1-score': 0.29201432778881675, 'support': 1920.0}, 'weighted avg': {'precision': 0.48916719167066885, 'recall': 0.325, 'f1-score': 0.24757150902959138, 'support': 1920.0}}","[[ 21  53   3   4  44   1  72   2]
 [  0  92   2  19   0   0   7   0]
 [  0  15  38 110  31   0   6   0]
 [  0   0   0 191   3   0   6   0]
 [  0  69   9   4  96  11   2   9]
 [  0   0   0 194   0  30 176   0]
 [  0   3   0  44   0   0 153   0]
 [  0 321   5  11  59   1   0   3]]",0.0008909702301025391,0.02115654945373535
54,ToN_IoT,-1,linear,QuantileTransformer,RNC,0.8414665699394256,-1,-1,96.6015625,81.88541666666667,1.9419642857142858,87.5421925728619,82.65549813815838,-1,"{'0Normal': {'precision': 0.9528795811518325, 'recall': 0.91, 'f1-score': 0.9309462915601023, 'support': 200.0}, 'BruteForce': {'precision': 0.8, 'recall': 0.23333333333333334, 'f1-score': 0.36129032258064514, 'support': 120.0}, 'DDoS': {'precision': 0.9538461538461539, 'recall': 0.93, 'f1-score': 0.9417721518987342, 'support': 200.0}, 'DoS': {'precision': 0.9368932038834952, 'recall': 0.965, 'f1-score': 0.9507389162561576, 'support': 200.0}, 'MITM': {'precision': 0.8442211055276382, 'recall': 0.84, 'f1-score': 0.8421052631578947, 'support': 200.0}, 'Malware': {'precision': 0.8326180257510729, 'recall': 0.97, 'f1-score': 0.8960739030023095, 'support': 400.0}, 'Scan': {'precision': 0.8978494623655914, 'recall': 0.835, 'f1-score': 0.8652849740932642, 'support': 200.0}, 'WebAttack': {'precision': 0.7850678733031674, 'recall': 0.8675, 'f1-score': 0.8242280285035629, 'support': 400.0}, 'accuracy': 0.8640625, 'macro avg': {'precision': 0.8754219257286189, 'recall': 0.8188541666666667, 'f1-score': 0.8265549813815838, 'support': 1920.0}, 'weighted avg': {'precision': 0.8646938859253325, 'recall': 0.8640625, 'f1-score': 0.8529401722423214, 'support': 1920.0}}","[[182   0   0   3   3  10   1   1]
 [  0  28   0   0   0   3   6  83]
 [  1   3 186   0   0   9   0   1]
 [  6   0   0 193   0   1   0   0]
 [  1   0   2   1 168  18   1   9]
 [  1   0   0   0   0 388  11   0]
 [  0   3   1   9   0  19 167   1]
 [  0   1   6   0  28  18   0 347]]",0.0005342960357666016,0.01827716827392578
55,ToN_IoT,-1,sigmoid,QuantileTransformer,KNN,0.9440427639072239,-1,-1,98.80208333333333,94.68749999999999,0.6845238095238095,94.82497747975536,94.72249496003869,-1,"{'0Normal': {'precision': 0.8847926267281107, 'recall': 0.96, 'f1-score': 0.920863309352518, 'support': 200.0}, 'BruteForce': {'precision': 0.925, 'recall': 0.925, 'f1-score': 0.925, 'support': 120.0}, 'DDoS': {'precision': 0.9696969696969697, 'recall': 0.96, 'f1-score': 0.964824120603015, 'support': 200.0}, 'DoS': {'precision': 0.9948717948717949, 'recall': 0.97, 'f1-score': 0.9822784810126582, 'support': 200.0}, 'MITM': {'precision': 0.9417989417989417, 'recall': 0.89, 'f1-score': 0.9151670951156813, 'support': 200.0}, 'Malware': {'precision': 0.9658536585365853, 'recall': 0.99, 'f1-score': 0.9777777777777777, 'support': 400.0}, 'Scan': {'precision': 0.9396984924623115, 'recall': 0.935, 'f1-score': 0.9373433583959899, 'support': 200.0}, 'WebAttack': {'precision': 0.9642857142857143, 'recall': 0.945, 'f1-score': 0.9545454545454546, 'support': 400.0}, 'accuracy': 0.9520833333333333, 'macro avg': {'precision': 0.9482497747975536, 'recall': 0.9468749999999999, 'f1-score': 0.9472249496003868, 'support': 1920.0}, 'weighted avg': {'precision': 0.9527226636669507, 'recall': 0.9520833333333333, 'f1-score': 0.9520961280339922, 'support': 1920.0}}","[[192   0   2   0   2   0   2   2]
 [  1 111   0   0   0   2   6   0]
 [  2   0 192   0   0   4   1   1]
 [  6   0   0 194   0   0   0   0]
 [ 11   0   0   1 178   0   1   9]
 [  2   0   0   0   0 396   2   0]
 [  1   3   1   0   0   6 187   2]
 [  2   6   3   0   9   2   0 378]]",0.00041556358337402344,0.006737232208251953
56,ToN_IoT,-1,sigmoid,QuantileTransformer,LDA,0.7087922987059769,-1,-1,93.75,69.91666666666667,3.571428571428571,70.22341460828156,68.97701699582707,-1,"{'0Normal': {'precision': 0.8977272727272727, 'recall': 0.79, 'f1-score': 0.8404255319148937, 'support': 200.0}, 'BruteForce': {'precision': 0.23333333333333334, 'recall': 0.058333333333333334, 'f1-score': 0.09333333333333334, 'support': 120.0}, 'DDoS': {'precision': 0.68359375, 'recall': 0.875, 'f1-score': 0.7675438596491229, 'support': 200.0}, 'DoS': {'precision': 0.8721461187214612, 'recall': 0.955, 'f1-score': 0.9116945107398569, 'support': 200.0}, 'MITM': {'precision': 0.625, 'recall': 0.525, 'f1-score': 0.5706521739130435, 'support': 200.0}, 'Malware': {'precision': 0.9189944134078212, 'recall': 0.8225, 'f1-score': 0.8680738786279684, 'support': 400.0}, 'Scan': {'precision': 0.7562189054726368, 'recall': 0.76, 'f1-score': 0.7581047381546134, 'support': 200.0}, 'WebAttack': {'precision': 0.630859375, 'recall': 0.8075, 'f1-score': 0.7083333333333334, 'support': 400.0}, 'accuracy': 0.75, 'macro avg': {'precision': 0.7022341460828156, 'recall': 0.6991666666666667, 'f1-score': 0.6897701699582707, 'support': 1920.0}, 'weighted avg': {'precision': 0.7369160024726055, 'recall': 0.75, 'f1-score': 0.7351286706556389, 'support': 1920.0}}","[[158   0   4   6   4   2   2  24]
 [  1   7  21   0   0   0   6  85]
 [  2   3 175   0   1   5   3  11]
 [  6   0   0 191   3   0   0   0]
 [  8  14   5   0 105   1   1  66]
 [  1   0  31   2   0 329  37   0]
 [  0   0   5  20   0  20 152   3]
 [  0   6  15   0  55   1   0 323]]",0.01316070556640625,0.014728307723999023
57,ToN_IoT,-1,sigmoid,QuantileTransformer,NuSVC,0.8641830744359676,-1,-1,97.09635416666667,86.17708333333334,1.6592261904761905,87.87065583069304,86.8298383828044,-1,"{'0Normal': {'precision': 0.893048128342246, 'recall': 0.835, 'f1-score': 0.8630490956072352, 'support': 200.0}, 'BruteForce': {'precision': 0.92, 'recall': 0.7666666666666667, 'f1-score': 0.8363636363636363, 'support': 120.0}, 'DDoS': {'precision': 0.815668202764977, 'recall': 0.885, 'f1-score': 0.8489208633093526, 'support': 200.0}, 'DoS': {'precision': 0.9009433962264151, 'recall': 0.955, 'f1-score': 0.9271844660194175, 'support': 200.0}, 'MITM': {'precision': 0.805, 'recall': 0.805, 'f1-score': 0.805, 'support': 200.0}, 'Malware': {'precision': 0.8951048951048951, 'recall': 0.96, 'f1-score': 0.9264173703256936, 'support': 400.0}, 'Scan': {'precision': 0.8670520231213873, 'recall': 0.75, 'f1-score': 0.8042895442359249, 'support': 200.0}, 'WebAttack': {'precision': 0.9328358208955224, 'recall': 0.9375, 'f1-score': 0.9351620947630923, 'support': 400.0}, 'accuracy': 0.8838541666666667, 'macro avg': {'precision': 0.8787065583069303, 'recall': 0.8617708333333334, 'f1-score': 0.868298383828044, 'support': 1920.0}, 'weighted avg': {'precision': 0.8843326231724854, 'recall': 0.8838541666666667, 'f1-score': 0.8826480292883006, 'support': 1920.0}}","[[167   2   2   0  21   2   2   4]
 [  1  92  13   0   0   8   6   0]
 [  2   3 177   0  10   6   0   2]
 [  6   0   0 191   0   0   0   3]
 [ 10   0  12   0 161   2   0  15]
 [  1   0   0   0   0 384  15   0]
 [  0   0   1  21   0  25 150   3]
 [  0   3  12   0   8   2   0 375]]",0.5452353954315186,0.21241068840026855
58,ToN_IoT,-1,sigmoid,QuantileTransformer,SGD,0.8365312920597173,-1,-1,96.49739583333333,83.22916666666667,2.001488095238095,85.00411044021956,83.78436890783007,-1,"{'0Normal': {'precision': 0.8762886597938144, 'recall': 0.85, 'f1-score': 0.8629441624365483, 'support': 200.0}, 'BruteForce': {'precision': 0.7454545454545455, 'recall': 0.6833333333333333, 'f1-score': 0.7130434782608696, 'support': 120.0}, 'DDoS': {'precision': 0.7876106194690266, 'recall': 0.89, 'f1-score': 0.8356807511737089, 'support': 200.0}, 'DoS': {'precision': 0.9009433962264151, 'recall': 0.955, 'f1-score': 0.9271844660194175, 'support': 200.0}, 'MITM': {'precision': 0.869281045751634, 'recall': 0.665, 'f1-score': 0.7535410764872521, 'support': 200.0}, 'Malware': {'precision': 0.9465648854961832, 'recall': 0.93, 'f1-score': 0.9382093316519546, 'support': 400.0}, 'Scan': {'precision': 0.8514285714285714, 'recall': 0.745, 'f1-score': 0.7946666666666666, 'support': 200.0}, 'WebAttack': {'precision': 0.8227571115973742, 'recall': 0.94, 'f1-score': 0.8774795799299884, 'support': 400.0}, 'accuracy': 0.8598958333333333, 'macro avg': {'precision': 0.8500411044021956, 'recall': 0.8322916666666667, 'f1-score': 0.8378436890783008, 'support': 1920.0}, 'weighted avg': {'precision': 0.8616113556384691, 'recall': 0.8598958333333333, 'f1-score': 0.8576271909275001, 'support': 1920.0}}","[[170   0   6   3   2   2   2  15]
 [  1  82  12   0   0   2   0  23]
 [  2   2 178   0  10   5   0   3]
 [  6   0   0 191   1   0   0   2]
 [  9  18   3   0 133   1   0  36]
 [  1   0   3   0   0 372  24   0]
 [  5   5  10  18   1  10 149   2]
 [  0   3  14   0   6   1   0 376]]",0.12913942337036133,0.0003859996795654297
59,ToN_IoT,-1,sigmoid,QuantileTransformer,GauNB,0.2970460360202706,-1,-1,84.16666666666667,34.833333333333336,9.047619047619047,39.95019316521068,25.12623909278617,-1,"{'0Normal': {'precision': 0.6666666666666666, 'recall': 0.42, 'f1-score': 0.5153374233128835, 'support': 200.0}, 'BruteForce': {'precision': 0.17726396917148363, 'recall': 0.7666666666666667, 'f1-score': 0.28794992175273865, 'support': 120.0}, 'DDoS': {'precision': 0.6666666666666666, 'recall': 0.02, 'f1-score': 0.038834951456310676, 'support': 200.0}, 'DoS': {'precision': 0.0, 'recall': 0.0, 'f1-score': 0.0, 'support': 200.0}, 'MITM': {'precision': 0.5094339622641509, 'recall': 0.54, 'f1-score': 0.5242718446601942, 'support': 200.0}, 'Malware': {'precision': 0.38431752178121975, 'recall': 0.9925, 'f1-score': 0.5540823447313329, 'support': 400.0}, 'Scan': {'precision': 0.0, 'recall': 0.0, 'f1-score': 0.0, 'support': 200.0}, 'WebAttack': {'precision': 0.7916666666666666, 'recall': 0.0475, 'f1-score': 0.08962264150943396, 'support': 400.0}, 'accuracy': 0.36666666666666664, 'macro avg': {'precision': 0.3995019316521068, 'recall': 0.3483333333333334, 'f1-score': 0.25126239092786173, 'support': 1920.0}, 'weighted avg': {'precision': 0.44803063062459864, 'recall': 0.36666666666666664, 'f1-score': 0.2644400151002672, 'support': 1920.0}}","[[ 84  24   0   0  41  49   0   2]
 [  0  92   0   0   0  28   0   0]
 [ 31  15   4   0   0 150   0   0]
 [  0   0   0   0   3 197   0   0]
 [  7  79   0   0 108   3   0   3]
 [  3   0   0   0   0 397   0   0]
 [  0   2   0   0   1 197   0   0]
 [  1 307   2   0  59  12   0  19]]",0.0018525123596191406,0.0010039806365966797
60,ToN_IoT,-1,sigmoid,QuantileTransformer,NC,0.28459718008063556,-1,-1,83.125,41.80208333333333,9.642857142857144,48.13238774079735,29.201432778881674,-1,"{'0Normal': {'precision': 1.0, 'recall': 0.105, 'f1-score': 0.19004524886877827, 'support': 200.0}, 'BruteForce': {'precision': 0.16636528028933092, 'recall': 0.7666666666666667, 'f1-score': 0.27340267459138184, 'support': 120.0}, 'DDoS': {'precision': 0.6666666666666666, 'recall': 0.19, 'f1-score': 0.29571984435797666, 'support': 200.0}, 'DoS': {'precision': 0.3310225303292894, 'recall': 0.955, 'f1-score': 0.49163449163449163, 'support': 200.0}, 'MITM': {'precision': 0.41201716738197425, 'recall': 0.48, 'f1-score': 0.44341801385681295, 'support': 200.0}, 'Malware': {'precision': 0.6976744186046512, 'recall': 0.075, 'f1-score': 0.13544018058690746, 'support': 400.0}, 'Scan': {'precision': 0.36255924170616116, 'recall': 0.765, 'f1-score': 0.4919614147909968, 'support': 200.0}, 'WebAttack': {'precision': 0.21428571428571427, 'recall': 0.0075, 'f1-score': 0.014492753623188406, 'support': 400.0}, 'accuracy': 0.325, 'macro avg': {'precision': 0.4813238774079735, 'recall': 0.4180208333333333, 'f1-score': 0.29201432778881675, 'support': 1920.0}, 'weighted avg': {'precision': 0.48916719167066885, 'recall': 0.325, 'f1-score': 0.24757150902959138, 'support': 1920.0}}","[[ 21  53   3   4  44   1  72   2]
 [  0  92   2  19   0   0   7   0]
 [  0  15  38 110  31   0   6   0]
 [  0   0   0 191   3   0   6   0]
 [  0  69   9   4  96  11   2   9]
 [  0   0   0 194   0  30 176   0]
 [  0   3   0  44   0   0 153   0]
 [  0 321   5  11  59   1   0   3]]",0.0008373260498046875,0.05059504508972168
61,ToN_IoT,-1,sigmoid,QuantileTransformer,RNC,0.8414665699394256,-1,-1,96.6015625,81.88541666666667,1.9419642857142858,87.5421925728619,82.65549813815838,-1,"{'0Normal': {'precision': 0.9528795811518325, 'recall': 0.91, 'f1-score': 0.9309462915601023, 'support': 200.0}, 'BruteForce': {'precision': 0.8, 'recall': 0.23333333333333334, 'f1-score': 0.36129032258064514, 'support': 120.0}, 'DDoS': {'precision': 0.9538461538461539, 'recall': 0.93, 'f1-score': 0.9417721518987342, 'support': 200.0}, 'DoS': {'precision': 0.9368932038834952, 'recall': 0.965, 'f1-score': 0.9507389162561576, 'support': 200.0}, 'MITM': {'precision': 0.8442211055276382, 'recall': 0.84, 'f1-score': 0.8421052631578947, 'support': 200.0}, 'Malware': {'precision': 0.8326180257510729, 'recall': 0.97, 'f1-score': 0.8960739030023095, 'support': 400.0}, 'Scan': {'precision': 0.8978494623655914, 'recall': 0.835, 'f1-score': 0.8652849740932642, 'support': 200.0}, 'WebAttack': {'precision': 0.7850678733031674, 'recall': 0.8675, 'f1-score': 0.8242280285035629, 'support': 400.0}, 'accuracy': 0.8640625, 'macro avg': {'precision': 0.8754219257286189, 'recall': 0.8188541666666667, 'f1-score': 0.8265549813815838, 'support': 1920.0}, 'weighted avg': {'precision': 0.8646938859253325, 'recall': 0.8640625, 'f1-score': 0.8529401722423214, 'support': 1920.0}}","[[182   0   0   3   3  10   1   1]
 [  0  28   0   0   0   3   6  83]
 [  1   3 186   0   0   9   0   1]
 [  6   0   0 193   0   1   0   0]
 [  1   0   2   1 168  18   1   9]
 [  1   0   0   0   0 388  11   0]
 [  0   3   1   9   0  19 167   1]
 [  0   1   6   0  28  18   0 347]]",0.00066375732421875,0.016735076904296875
62,ToN_IoT,-1,None,QuantileTransformer,KNN,0.9440427639072239,-1,-1,98.80208333333333,94.68749999999999,0.6845238095238095,94.82497747975536,94.72249496003869,-1,"{'0Normal': {'precision': 0.8847926267281107, 'recall': 0.96, 'f1-score': 0.920863309352518, 'support': 200.0}, 'BruteForce': {'precision': 0.925, 'recall': 0.925, 'f1-score': 0.925, 'support': 120.0}, 'DDoS': {'precision': 0.9696969696969697, 'recall': 0.96, 'f1-score': 0.964824120603015, 'support': 200.0}, 'DoS': {'precision': 0.9948717948717949, 'recall': 0.97, 'f1-score': 0.9822784810126582, 'support': 200.0}, 'MITM': {'precision': 0.9417989417989417, 'recall': 0.89, 'f1-score': 0.9151670951156813, 'support': 200.0}, 'Malware': {'precision': 0.9658536585365853, 'recall': 0.99, 'f1-score': 0.9777777777777777, 'support': 400.0}, 'Scan': {'precision': 0.9396984924623115, 'recall': 0.935, 'f1-score': 0.9373433583959899, 'support': 200.0}, 'WebAttack': {'precision': 0.9642857142857143, 'recall': 0.945, 'f1-score': 0.9545454545454546, 'support': 400.0}, 'accuracy': 0.9520833333333333, 'macro avg': {'precision': 0.9482497747975536, 'recall': 0.9468749999999999, 'f1-score': 0.9472249496003868, 'support': 1920.0}, 'weighted avg': {'precision': 0.9527226636669507, 'recall': 0.9520833333333333, 'f1-score': 0.9520961280339922, 'support': 1920.0}}","[[192   0   2   0   2   0   2   2]
 [  1 111   0   0   0   2   6   0]
 [  2   0 192   0   0   4   1   1]
 [  6   0   0 194   0   0   0   0]
 [ 11   0   0   1 178   0   1   9]
 [  2   0   0   0   0 396   2   0]
 [  1   3   1   0   0   6 187   2]
 [  2   6   3   0   9   2   0 378]]",0.0004112720489501953,0.006719350814819336
63,ToN_IoT,-1,None,QuantileTransformer,LDA,0.7087922987059769,-1,-1,93.75,69.91666666666667,3.571428571428571,70.22341460828156,68.97701699582707,-1,"{'0Normal': {'precision': 0.8977272727272727, 'recall': 0.79, 'f1-score': 0.8404255319148937, 'support': 200.0}, 'BruteForce': {'precision': 0.23333333333333334, 'recall': 0.058333333333333334, 'f1-score': 0.09333333333333334, 'support': 120.0}, 'DDoS': {'precision': 0.68359375, 'recall': 0.875, 'f1-score': 0.7675438596491229, 'support': 200.0}, 'DoS': {'precision': 0.8721461187214612, 'recall': 0.955, 'f1-score': 0.9116945107398569, 'support': 200.0}, 'MITM': {'precision': 0.625, 'recall': 0.525, 'f1-score': 0.5706521739130435, 'support': 200.0}, 'Malware': {'precision': 0.9189944134078212, 'recall': 0.8225, 'f1-score': 0.8680738786279684, 'support': 400.0}, 'Scan': {'precision': 0.7562189054726368, 'recall': 0.76, 'f1-score': 0.7581047381546134, 'support': 200.0}, 'WebAttack': {'precision': 0.630859375, 'recall': 0.8075, 'f1-score': 0.7083333333333334, 'support': 400.0}, 'accuracy': 0.75, 'macro avg': {'precision': 0.7022341460828156, 'recall': 0.6991666666666667, 'f1-score': 0.6897701699582707, 'support': 1920.0}, 'weighted avg': {'precision': 0.7369160024726055, 'recall': 0.75, 'f1-score': 0.7351286706556389, 'support': 1920.0}}","[[158   0   4   6   4   2   2  24]
 [  1   7  21   0   0   0   6  85]
 [  2   3 175   0   1   5   3  11]
 [  6   0   0 191   3   0   0   0]
 [  8  14   5   0 105   1   1  66]
 [  1   0  31   2   0 329  37   0]
 [  0   0   5  20   0  20 152   3]
 [  0   6  15   0  55   1   0 323]]",0.0035152435302734375,0.02525186538696289
64,ToN_IoT,-1,None,QuantileTransformer,NuSVC,0.8641830744359676,-1,-1,97.09635416666667,86.17708333333334,1.6592261904761905,87.87065583069304,86.8298383828044,-1,"{'0Normal': {'precision': 0.893048128342246, 'recall': 0.835, 'f1-score': 0.8630490956072352, 'support': 200.0}, 'BruteForce': {'precision': 0.92, 'recall': 0.7666666666666667, 'f1-score': 0.8363636363636363, 'support': 120.0}, 'DDoS': {'precision': 0.815668202764977, 'recall': 0.885, 'f1-score': 0.8489208633093526, 'support': 200.0}, 'DoS': {'precision': 0.9009433962264151, 'recall': 0.955, 'f1-score': 0.9271844660194175, 'support': 200.0}, 'MITM': {'precision': 0.805, 'recall': 0.805, 'f1-score': 0.805, 'support': 200.0}, 'Malware': {'precision': 0.8951048951048951, 'recall': 0.96, 'f1-score': 0.9264173703256936, 'support': 400.0}, 'Scan': {'precision': 0.8670520231213873, 'recall': 0.75, 'f1-score': 0.8042895442359249, 'support': 200.0}, 'WebAttack': {'precision': 0.9328358208955224, 'recall': 0.9375, 'f1-score': 0.9351620947630923, 'support': 400.0}, 'accuracy': 0.8838541666666667, 'macro avg': {'precision': 0.8787065583069303, 'recall': 0.8617708333333334, 'f1-score': 0.868298383828044, 'support': 1920.0}, 'weighted avg': {'precision': 0.8843326231724854, 'recall': 0.8838541666666667, 'f1-score': 0.8826480292883006, 'support': 1920.0}}","[[167   2   2   0  21   2   2   4]
 [  1  92  13   0   0   8   6   0]
 [  2   3 177   0  10   6   0   2]
 [  6   0   0 191   0   0   0   3]
 [ 10   0  12   0 161   2   0  15]
 [  1   0   0   0   0 384  15   0]
 [  0   0   1  21   0  25 150   3]
 [  0   3  12   0   8   2   0 375]]",0.5713605880737305,0.2145240306854248
65,ToN_IoT,-1,None,QuantileTransformer,SGD,0.8365312920597173,-1,-1,96.49739583333333,83.22916666666667,2.001488095238095,85.00411044021956,83.78436890783007,-1,"{'0Normal': {'precision': 0.8762886597938144, 'recall': 0.85, 'f1-score': 0.8629441624365483, 'support': 200.0}, 'BruteForce': {'precision': 0.7454545454545455, 'recall': 0.6833333333333333, 'f1-score': 0.7130434782608696, 'support': 120.0}, 'DDoS': {'precision': 0.7876106194690266, 'recall': 0.89, 'f1-score': 0.8356807511737089, 'support': 200.0}, 'DoS': {'precision': 0.9009433962264151, 'recall': 0.955, 'f1-score': 0.9271844660194175, 'support': 200.0}, 'MITM': {'precision': 0.869281045751634, 'recall': 0.665, 'f1-score': 0.7535410764872521, 'support': 200.0}, 'Malware': {'precision': 0.9465648854961832, 'recall': 0.93, 'f1-score': 0.9382093316519546, 'support': 400.0}, 'Scan': {'precision': 0.8514285714285714, 'recall': 0.745, 'f1-score': 0.7946666666666666, 'support': 200.0}, 'WebAttack': {'precision': 0.8227571115973742, 'recall': 0.94, 'f1-score': 0.8774795799299884, 'support': 400.0}, 'accuracy': 0.8598958333333333, 'macro avg': {'precision': 0.8500411044021956, 'recall': 0.8322916666666667, 'f1-score': 0.8378436890783008, 'support': 1920.0}, 'weighted avg': {'precision': 0.8616113556384691, 'recall': 0.8598958333333333, 'f1-score': 0.8576271909275001, 'support': 1920.0}}","[[170   0   6   3   2   2   2  15]
 [  1  82  12   0   0   2   0  23]
 [  2   2 178   0  10   5   0   3]
 [  6   0   0 191   1   0   0   2]
 [  9  18   3   0 133   1   0  36]
 [  1   0   3   0   0 372  24   0]
 [  5   5  10  18   1  10 149   2]
 [  0   3  14   0   6   1   0 376]]",0.11968326568603516,0.01731109619140625
66,ToN_IoT,-1,None,QuantileTransformer,GauNB,0.2970460360202706,-1,-1,84.16666666666667,34.833333333333336,9.047619047619047,39.95019316521068,25.12623909278617,-1,"{'0Normal': {'precision': 0.6666666666666666, 'recall': 0.42, 'f1-score': 0.5153374233128835, 'support': 200.0}, 'BruteForce': {'precision': 0.17726396917148363, 'recall': 0.7666666666666667, 'f1-score': 0.28794992175273865, 'support': 120.0}, 'DDoS': {'precision': 0.6666666666666666, 'recall': 0.02, 'f1-score': 0.038834951456310676, 'support': 200.0}, 'DoS': {'precision': 0.0, 'recall': 0.0, 'f1-score': 0.0, 'support': 200.0}, 'MITM': {'precision': 0.5094339622641509, 'recall': 0.54, 'f1-score': 0.5242718446601942, 'support': 200.0}, 'Malware': {'precision': 0.38431752178121975, 'recall': 0.9925, 'f1-score': 0.5540823447313329, 'support': 400.0}, 'Scan': {'precision': 0.0, 'recall': 0.0, 'f1-score': 0.0, 'support': 200.0}, 'WebAttack': {'precision': 0.7916666666666666, 'recall': 0.0475, 'f1-score': 0.08962264150943396, 'support': 400.0}, 'accuracy': 0.36666666666666664, 'macro avg': {'precision': 0.3995019316521068, 'recall': 0.3483333333333334, 'f1-score': 0.25126239092786173, 'support': 1920.0}, 'weighted avg': {'precision': 0.44803063062459864, 'recall': 0.36666666666666664, 'f1-score': 0.2644400151002672, 'support': 1920.0}}","[[ 84  24   0   0  41  49   0   2]
 [  0  92   0   0   0  28   0   0]
 [ 31  15   4   0   0 150   0   0]
 [  0   0   0   0   3 197   0   0]
 [  7  79   0   0 108   3   0   3]
 [  3   0   0   0   0 397   0   0]
 [  0   2   0   0   1 197   0   0]
 [  1 307   2   0  59  12   0  19]]",0.002014636993408203,0.0010247230529785156
67,ToN_IoT,-1,None,QuantileTransformer,NC,0.28459718008063556,-1,-1,83.125,41.80208333333333,9.642857142857144,48.13238774079735,29.201432778881674,-1,"{'0Normal': {'precision': 1.0, 'recall': 0.105, 'f1-score': 0.19004524886877827, 'support': 200.0}, 'BruteForce': {'precision': 0.16636528028933092, 'recall': 0.7666666666666667, 'f1-score': 0.27340267459138184, 'support': 120.0}, 'DDoS': {'precision': 0.6666666666666666, 'recall': 0.19, 'f1-score': 0.29571984435797666, 'support': 200.0}, 'DoS': {'precision': 0.3310225303292894, 'recall': 0.955, 'f1-score': 0.49163449163449163, 'support': 200.0}, 'MITM': {'precision': 0.41201716738197425, 'recall': 0.48, 'f1-score': 0.44341801385681295, 'support': 200.0}, 'Malware': {'precision': 0.6976744186046512, 'recall': 0.075, 'f1-score': 0.13544018058690746, 'support': 400.0}, 'Scan': {'precision': 0.36255924170616116, 'recall': 0.765, 'f1-score': 0.4919614147909968, 'support': 200.0}, 'WebAttack': {'precision': 0.21428571428571427, 'recall': 0.0075, 'f1-score': 0.014492753623188406, 'support': 400.0}, 'accuracy': 0.325, 'macro avg': {'precision': 0.4813238774079735, 'recall': 0.4180208333333333, 'f1-score': 0.29201432778881675, 'support': 1920.0}, 'weighted avg': {'precision': 0.48916719167066885, 'recall': 0.325, 'f1-score': 0.24757150902959138, 'support': 1920.0}}","[[ 21  53   3   4  44   1  72   2]
 [  0  92   2  19   0   0   7   0]
 [  0  15  38 110  31   0   6   0]
 [  0   0   0 191   3   0   6   0]
 [  0  69   9   4  96  11   2   9]
 [  0   0   0 194   0  30 176   0]
 [  0   3   0  44   0   0 153   0]
 [  0 321   5  11  59   1   0   3]]",0.0009281635284423828,0.02039813995361328
68,ToN_IoT,-1,None,QuantileTransformer,RNC,0.8414665699394256,-1,-1,96.6015625,81.88541666666667,1.9419642857142858,87.5421925728619,82.65549813815838,-1,"{'0Normal': {'precision': 0.9528795811518325, 'recall': 0.91, 'f1-score': 0.9309462915601023, 'support': 200.0}, 'BruteForce': {'precision': 0.8, 'recall': 0.23333333333333334, 'f1-score': 0.36129032258064514, 'support': 120.0}, 'DDoS': {'precision': 0.9538461538461539, 'recall': 0.93, 'f1-score': 0.9417721518987342, 'support': 200.0}, 'DoS': {'precision': 0.9368932038834952, 'recall': 0.965, 'f1-score': 0.9507389162561576, 'support': 200.0}, 'MITM': {'precision': 0.8442211055276382, 'recall': 0.84, 'f1-score': 0.8421052631578947, 'support': 200.0}, 'Malware': {'precision': 0.8326180257510729, 'recall': 0.97, 'f1-score': 0.8960739030023095, 'support': 400.0}, 'Scan': {'precision': 0.8978494623655914, 'recall': 0.835, 'f1-score': 0.8652849740932642, 'support': 200.0}, 'WebAttack': {'precision': 0.7850678733031674, 'recall': 0.8675, 'f1-score': 0.8242280285035629, 'support': 400.0}, 'accuracy': 0.8640625, 'macro avg': {'precision': 0.8754219257286189, 'recall': 0.8188541666666667, 'f1-score': 0.8265549813815838, 'support': 1920.0}, 'weighted avg': {'precision': 0.8646938859253325, 'recall': 0.8640625, 'f1-score': 0.8529401722423214, 'support': 1920.0}}","[[182   0   0   3   3  10   1   1]
 [  0  28   0   0   0   3   6  83]
 [  1   3 186   0   0   9   0   1]
 [  6   0   0 193   0   1   0   0]
 [  1   0   2   1 168  18   1   9]
 [  1   0   0   0   0 388  11   0]
 [  0   3   1   9   0  19 167   1]
 [  0   1   6   0  28  18   0 347]]",0.0005145072937011719,0.012853145599365234
69,ToN_IoT,2,rbf,QuantileTransformer,KNN,0.9433807844051317,-1,-1,98.7890625,94.35416666666667,0.6919642857142857,94.88759823890605,94.59100184580691,-1,"{'0Normal': {'precision': 0.883177570093458, 'recall': 0.945, 'f1-score': 0.9130434782608695, 'support': 200.0}, 'BruteForce': {'precision': 0.956140350877193, 'recall': 0.9083333333333333, 'f1-score': 0.9316239316239316, 'support': 120.0}, 'DDoS': {'precision': 0.9597989949748744, 'recall': 0.955, 'f1-score': 0.9573934837092731, 'support': 200.0}, 'DoS': {'precision': 0.9847715736040609, 'recall': 0.97, 'f1-score': 0.9773299748110831, 'support': 200.0}, 'MITM': {'precision': 0.9375, 'recall': 0.9, 'f1-score': 0.9183673469387755, 'support': 200.0}, 'Malware': {'precision': 0.9610705596107056, 'recall': 0.9875, 'f1-score': 0.9741060419235512, 'support': 400.0}, 'Scan': {'precision': 0.9387755102040817, 'recall': 0.92, 'f1-score': 0.9292929292929293, 'support': 200.0}, 'WebAttack': {'precision': 0.9697732997481109, 'recall': 0.9625, 'f1-score': 0.9661229611041405, 'support': 400.0}, 'accuracy': 0.9515625, 'macro avg': {'precision': 0.9488759823890605, 'recall': 0.9435416666666667, 'f1-score': 0.9459100184580692, 'support': 1920.0}, 'weighted avg': {'precision': 0.9520203727208775, 'recall': 0.9515625, 'f1-score': 0.9515478727127784, 'support': 1920.0}}","[[189   0   2   1   5   0   2   1]
 [  1 109   0   0   0   2   6   2]
 [  2   0 191   0   1   5   0   1]
 [  6   0   0 194   0   0   0   0]
 [ 12   0   2   0 180   0   1   5]
 [  2   0   0   0   0 395   3   0]
 [  0   3   1   2   0   7 184   3]
 [  2   2   3   0   6   2   0 385]]",0.0008487701416015625,0.02813863754272461
70,ToN_IoT,2,rbf,QuantileTransformer,LDA,0.9083864282709235,-1,-1,98.03385416666667,92.0625,1.1235119047619047,90.94421834598239,91.43036977909522,-1,"{'0Normal': {'precision': 0.9019607843137255, 'recall': 0.92, 'f1-score': 0.9108910891089109, 'support': 200.0}, 'BruteForce': {'precision': 0.8161764705882353, 'recall': 0.925, 'f1-score': 0.8671875, 'support': 120.0}, 'DDoS': {'precision': 0.9082125603864735, 'recall': 0.94, 'f1-score': 0.9238329238329238, 'support': 200.0}, 'DoS': {'precision': 0.9651741293532339, 'recall': 0.97, 'f1-score': 0.9675810473815462, 'support': 200.0}, 'MITM': {'precision': 0.8947368421052632, 'recall': 0.85, 'f1-score': 0.8717948717948718, 'support': 200.0}, 'Malware': {'precision': 0.9503722084367245, 'recall': 0.9575, 'f1-score': 0.9539227895392279, 'support': 400.0}, 'Scan': {'precision': 0.8792270531400966, 'recall': 0.91, 'f1-score': 0.8943488943488943, 'support': 200.0}, 'WebAttack': {'precision': 0.9596774193548387, 'recall': 0.8925, 'f1-score': 0.9248704663212435, 'support': 400.0}, 'accuracy': 0.9213541666666667, 'macro avg': {'precision': 0.909442183459824, 'recall': 0.920625, 'f1-score': 0.9143036977909522, 'support': 1920.0}, 'weighted avg': {'precision': 0.9228246361702979, 'recall': 0.9213541666666667, 'f1-score': 0.921494566477926, 'support': 1920.0}}","[[184   0   1   1  10   2   2   0]
 [  1 111   0   0   0   2   6   0]
 [  2   3 188   0   1   4   1   1]
 [  6   0   0 194   0   0   0   0]
 [  8   1   4   3 170   1   2  11]
 [  2   0   1   0   0 383  14   0]
 [  0   0   2   3   0  10 182   3]
 [  1  21  11   0   9   1   0 357]]",0.19684886932373047,0.0007078647613525391
71,ToN_IoT,2,rbf,QuantileTransformer,NuSVC,0.8747180473238721,-1,-1,97.31770833333333,87.33333333333333,1.5327380952380951,89.27112556788191,88.00051935577132,-1,"{'0Normal': {'precision': 0.8630952380952381, 'recall': 0.725, 'f1-score': 0.7880434782608695, 'support': 200.0}, 'BruteForce': {'precision': 0.9583333333333334, 'recall': 0.7666666666666667, 'f1-score': 0.8518518518518519, 'support': 120.0}, 'DDoS': {'precision': 0.8045454545454546, 'recall': 0.885, 'f1-score': 0.8428571428571429, 'support': 200.0}, 'DoS': {'precision': 0.9947916666666666, 'recall': 0.955, 'f1-score': 0.9744897959183674, 'support': 200.0}, 'MITM': {'precision': 0.8578947368421053, 'recall': 0.815, 'f1-score': 0.8358974358974359, 'support': 200.0}, 'Malware': {'precision': 0.9359605911330049, 'recall': 0.95, 'f1-score': 0.9429280397022333, 'support': 400.0}, 'Scan': {'precision': 0.8296943231441049, 'recall': 0.95, 'f1-score': 0.8857808857808858, 'support': 200.0}, 'WebAttack': {'precision': 0.8973747016706444, 'recall': 0.94, 'f1-score': 0.9181929181929182, 'support': 400.0}, 'accuracy': 0.8927083333333333, 'macro avg': {'precision': 0.892711255678819, 'recall': 0.8733333333333333, 'f1-score': 0.8800051935577131, 'support': 1920.0}, 'weighted avg': {'precision': 0.8949679171771737, 'recall': 0.8927083333333333, 'f1-score': 0.8917106005850121, 'support': 1920.0}}","[[145   0   2   0   9   4  19  21]
 [  1  92  13   0   0   8   6   0]
 [  2   3 177   1  11   5   0   1]
 [  6   0   0 191   0   0   0   3]
 [  6   0  12   0 163   3   1  15]
 [  7   0   0   0   0 380  13   0]
 [  0   0   2   0   0   5 190   3]
 [  1   1  14   0   7   1   0 376]]",0.7985439300537109,0.4342217445373535
72,ToN_IoT,2,rbf,QuantileTransformer,SGD,0.8286569338108694,-1,-1,96.30208333333333,83.57291666666666,2.113095238095238,85.50421337269073,83.63588171444248,-1,"{'0Normal': {'precision': 0.8230088495575221, 'recall': 0.93, 'f1-score': 0.8732394366197183, 'support': 200.0}, 'BruteForce': {'precision': 0.75177304964539, 'recall': 0.8833333333333333, 'f1-score': 0.8122605363984674, 'support': 120.0}, 'DDoS': {'precision': 0.8994413407821229, 'recall': 0.805, 'f1-score': 0.8496042216358839, 'support': 200.0}, 'DoS': {'precision': 0.9696969696969697, 'recall': 0.64, 'f1-score': 0.7710843373493976, 'support': 200.0}, 'MITM': {'precision': 0.9554140127388535, 'recall': 0.75, 'f1-score': 0.8403361344537815, 'support': 200.0}, 'Malware': {'precision': 0.8458149779735683, 'recall': 0.96, 'f1-score': 0.8992974238875878, 'support': 400.0}, 'Scan': {'precision': 0.6535433070866141, 'recall': 0.83, 'f1-score': 0.7312775330396476, 'support': 200.0}, 'WebAttack': {'precision': 0.9416445623342176, 'recall': 0.8875, 'f1-score': 0.9137709137709138, 'support': 400.0}, 'accuracy': 0.8520833333333333, 'macro avg': {'precision': 0.8550421337269073, 'recall': 0.8357291666666666, 'f1-score': 0.8363588171444247, 'support': 1920.0}, 'weighted avg': {'precision': 0.8674049364859258, 'recall': 0.8520833333333333, 'f1-score': 0.851982777109845, 'support': 1920.0}}","[[186   0   1   3   3   2   2   3]
 [  1 106   3   0   0   4   6   0]
 [  3   4 161   0   0  32   0   0]
 [  6   0   0 128   1   0  63   2]
 [ 23   7   2   1 150   0   2  15]
 [  1   0   0   0   0 384  15   0]
 [  1   3   0   0   0  28 166   2]
 [  5  21  12   0   3   4   0 355]]",0.36050987243652344,0.00865936279296875
73,ToN_IoT,2,rbf,QuantileTransformer,GauNB,0.27747009311541565,-1,-1,83.52864583333334,38.208333333333336,9.412202380952381,33.550043113179804,27.31584987466187,-1,"{'0Normal': {'precision': 0.5978260869565217, 'recall': 0.275, 'f1-score': 0.3767123287671233, 'support': 200.0}, 'BruteForce': {'precision': 0.17624521072796934, 'recall': 0.7666666666666667, 'f1-score': 0.2866043613707165, 'support': 120.0}, 'DDoS': {'precision': 0.0, 'recall': 0.0, 'f1-score': 0.0, 'support': 200.0}, 'DoS': {'precision': 0.0, 'recall': 0.0, 'f1-score': 0.0, 'support': 200.0}, 'MITM': {'precision': 0.4609053497942387, 'recall': 0.56, 'f1-score': 0.5056433408577878, 'support': 200.0}, 'Malware': {'precision': 0.441588785046729, 'recall': 0.4725, 'f1-score': 0.45652173913043476, 'support': 400.0}, 'Scan': {'precision': 0.3074380165289256, 'recall': 0.93, 'f1-score': 0.462111801242236, 'support': 200.0}, 'WebAttack': {'precision': 0.7, 'recall': 0.0525, 'f1-score': 0.09767441860465116, 'support': 400.0}, 'accuracy': 0.3411458333333333, 'macro avg': {'precision': 0.33550043113179806, 'recall': 0.38208333333333333, 'f1-score': 0.2731584987466187, 'support': 1920.0}, 'weighted avg': {'precision': 0.3911556406052005, 'recall': 0.3411458333333333, 'f1-score': 0.2734190003291405, 'support': 1920.0}}","[[ 55  24   0   0  70  44   5   2]
 [  0  92   0   0   0  15  13   0]
 [ 31  15   0   0   0 149   1   4]
 [  0   0   0   0   3   7 190   0]
 [  2  80   0   0 112   2   1   3]
 [  3   0   0   0   0 189 208   0]
 [  0   3   0   0   0  11 186   0]
 [  1 308   0   0  58  11   1  21]]",0.02203989028930664,0.005797624588012695
74,ToN_IoT,2,rbf,QuantileTransformer,NC,0.2593710116573863,-1,-1,82.65625,39.427083333333336,9.910714285714285,40.40529423116889,25.33256349910269,-1,"{'0Normal': {'precision': 1.0, 'recall': 0.075, 'f1-score': 0.13953488372093023, 'support': 200.0}, 'BruteForce': {'precision': 0.18110236220472442, 'recall': 0.7666666666666667, 'f1-score': 0.2929936305732484, 'support': 120.0}, 'DDoS': {'precision': 0.16666666666666666, 'recall': 0.02, 'f1-score': 0.03571428571428571, 'support': 200.0}, 'DoS': {'precision': 0.30173775671406006, 'recall': 0.955, 'f1-score': 0.45858343337334934, 'support': 200.0}, 'MITM': {'precision': 0.41379310344827586, 'recall': 0.48, 'f1-score': 0.4444444444444444, 'support': 200.0}, 'Malware': {'precision': 0.6326530612244898, 'recall': 0.0775, 'f1-score': 0.13808463251670378, 'support': 400.0}, 'Scan': {'precision': 0.36, 'recall': 0.765, 'f1-score': 0.4896, 'support': 200.0}, 'WebAttack': {'precision': 0.17647058823529413, 'recall': 0.015, 'f1-score': 0.027649769585253458, 'support': 400.0}, 'accuracy': 0.30625, 'macro avg': {'precision': 0.40405294231168887, 'recall': 0.39427083333333335, 'f1-score': 0.2533256349910269, 'support': 1920.0}, 'weighted avg': {'precision': 0.41344856698660476, 'recall': 0.30625, 'f1-score': 0.2161606281042576, 'support': 1920.0}}","[[ 15  28  12  19  43   3  77   3]
 [  0  92   0  21   0   0   7   0]
 [  0  15   4 142  31   2   6   0]
 [  0   0   0 191   3   0   6   0]
 [  0  52   3  11  96  12   1  25]
 [  0   0   0 194   0  31 175   0]
 [  0   3   0  44   0   0 153   0]
 [  0 318   5  11  59   1   0   6]]",0.007386922836303711,0.004007101058959961
75,ToN_IoT,2,rbf,QuantileTransformer,RNC,0.871150016445607,-1,-1,97.1484375,86.58333333333333,1.6294642857142858,93.78117619880138,88.90771590532464,-1,"{'0Normal': {'precision': 0.9875, 'recall': 0.79, 'f1-score': 0.8777777777777778, 'support': 200.0}, 'BruteForce': {'precision': 0.9322033898305084, 'recall': 0.9166666666666666, 'f1-score': 0.9243697478991597, 'support': 120.0}, 'DDoS': {'precision': 0.9945945945945946, 'recall': 0.92, 'f1-score': 0.9558441558441558, 'support': 200.0}, 'DoS': {'precision': 0.9948186528497409, 'recall': 0.96, 'f1-score': 0.9770992366412213, 'support': 200.0}, 'MITM': {'precision': 0.956140350877193, 'recall': 0.545, 'f1-score': 0.6942675159235668, 'support': 200.0}, 'Malware': {'precision': 0.9798994974874372, 'recall': 0.975, 'f1-score': 0.9774436090225563, 'support': 400.0}, 'Scan': {'precision': 0.9883720930232558, 'recall': 0.85, 'f1-score': 0.9139784946236559, 'support': 200.0}, 'WebAttack': {'precision': 0.6689655172413793, 'recall': 0.97, 'f1-score': 0.7918367346938775, 'support': 400.0}, 'accuracy': 0.8859375, 'macro avg': {'precision': 0.9378117619880137, 'recall': 0.8658333333333332, 'f1-score': 0.8890771590532464, 'support': 1920.0}, 'weighted avg': {'precision': 0.9144247661146586, 'recall': 0.8859375, 'f1-score': 0.8866822621857022, 'support': 1920.0}}","[[158   0   0   0   1   0   0  41]
 [  0 110   0   0   0   2   0   8]
 [  0   0 184   0   0   3   0  13]
 [  2   0   0 192   0   0   0   6]
 [  0   0   0   0 109   0   0  91]
 [  0   0   1   0   0 390   2   7]
 [  0   0   0   1   0   3 170  26]
 [  0   8   0   0   4   0   0 388]]",0.0019910335540771484,0.05520200729370117
76,ToN_IoT,2,poly,QuantileTransformer,KNN,0.9439700590682585,-1,-1,98.80208333333333,94.5,0.6845238095238095,94.92880066739961,94.69192313663245,-1,"{'0Normal': {'precision': 0.9004739336492891, 'recall': 0.95, 'f1-score': 0.9245742092457421, 'support': 200.0}, 'BruteForce': {'precision': 0.9557522123893806, 'recall': 0.9, 'f1-score': 0.927038626609442, 'support': 120.0}, 'DDoS': {'precision': 0.9601990049751243, 'recall': 0.965, 'f1-score': 0.9625935162094763, 'support': 200.0}, 'DoS': {'precision': 0.9847715736040609, 'recall': 0.97, 'f1-score': 0.9773299748110831, 'support': 200.0}, 'MITM': {'precision': 0.9278350515463918, 'recall': 0.9, 'f1-score': 0.9137055837563451, 'support': 200.0}, 'Malware': {'precision': 0.9727722772277227, 'recall': 0.9825, 'f1-score': 0.9776119402985075, 'support': 400.0}, 'Scan': {'precision': 0.935, 'recall': 0.935, 'f1-score': 0.935, 'support': 200.0}, 'WebAttack': {'precision': 0.9575, 'recall': 0.9575, 'f1-score': 0.9575, 'support': 400.0}, 'accuracy': 0.9520833333333333, 'macro avg': {'precision': 0.9492880066739962, 'recall': 0.9450000000000001, 'f1-score': 0.9469192313663245, 'support': 1920.0}, 'weighted avg': {'precision': 0.9523203589233271, 'recall': 0.9520833333333333, 'f1-score': 0.9520469104776382, 'support': 1920.0}}","[[190   0   2   1   3   0   3   1]
 [  1 108   0   0   0   2   6   3]
 [  2   0 193   0   0   3   0   2]
 [  6   0   0 194   0   0   0   0]
 [ 10   0   0   1 180   0   1   8]
 [  1   0   2   0   1 393   3   0]
 [  1   3   1   1   0   4 187   3]
 [  0   2   3   0  10   2   0 383]]",0.0009577274322509766,0.0682668685913086
77,ToN_IoT,2,poly,QuantileTransformer,LDA,0.9067790331484685,-1,-1,97.99479166666667,92.09375,1.1458333333333333,90.60364293600402,91.20419783328346,-1,"{'0Normal': {'precision': 0.9113300492610837, 'recall': 0.925, 'f1-score': 0.9181141439205955, 'support': 200.0}, 'BruteForce': {'precision': 0.7602739726027398, 'recall': 0.925, 'f1-score': 0.8345864661654135, 'support': 120.0}, 'DDoS': {'precision': 0.9130434782608695, 'recall': 0.945, 'f1-score': 0.9287469287469288, 'support': 200.0}, 'DoS': {'precision': 0.9509803921568627, 'recall': 0.97, 'f1-score': 0.9603960396039604, 'support': 200.0}, 'MITM': {'precision': 0.9148936170212766, 'recall': 0.86, 'f1-score': 0.8865979381443299, 'support': 200.0}, 'Malware': {'precision': 0.9527363184079602, 'recall': 0.9575, 'f1-score': 0.9551122194513716, 'support': 400.0}, 'Scan': {'precision': 0.883495145631068, 'recall': 0.91, 'f1-score': 0.896551724137931, 'support': 200.0}, 'WebAttack': {'precision': 0.9615384615384616, 'recall': 0.875, 'f1-score': 0.9162303664921466, 'support': 400.0}, 'accuracy': 0.9197916666666667, 'macro avg': {'precision': 0.9060364293600403, 'recall': 0.9209375, 'f1-score': 0.9120419783328346, 'support': 1920.0}, 'weighted avg': {'precision': 0.9227558985193383, 'recall': 0.9197916666666667, 'f1-score': 0.9201920652229199, 'support': 1920.0}}","[[185   0   1   3   6   2   2   1]
 [  1 111   0   0   0   2   6   0]
 [  2   3 189   0   1   4   1   0]
 [  6   0   0 194   0   0   0   0]
 [  7   2   3   4 172   1   1  10]
 [  2   0   1   0   0 383  14   0]
 [  0   1   2   3   0   9 182   3]
 [  0  29  11   0   9   1   0 350]]",0.4020817279815674,0.0077092647552490234
78,ToN_IoT,2,poly,QuantileTransformer,NuSVC,0.8843144689886442,-1,-1,97.52604166666666,87.89583333333333,1.4136904761904763,90.09977033610882,88.7567810889794,-1,"{'0Normal': {'precision': 0.8862275449101796, 'recall': 0.74, 'f1-score': 0.8065395095367848, 'support': 200.0}, 'BruteForce': {'precision': 0.9484536082474226, 'recall': 0.7666666666666667, 'f1-score': 0.847926267281106, 'support': 120.0}, 'DDoS': {'precision': 0.8388625592417062, 'recall': 0.885, 'f1-score': 0.8613138686131386, 'support': 200.0}, 'DoS': {'precision': 0.9744897959183674, 'recall': 0.955, 'f1-score': 0.9646464646464646, 'support': 200.0}, 'MITM': {'precision': 0.8564102564102564, 'recall': 0.835, 'f1-score': 0.8455696202531645, 'support': 200.0}, 'Malware': {'precision': 0.9143518518518519, 'recall': 0.9875, 'f1-score': 0.9495192307692307, 'support': 400.0}, 'Scan': {'precision': 0.8767772511848341, 'recall': 0.925, 'f1-score': 0.9002433090024331, 'support': 200.0}, 'WebAttack': {'precision': 0.9124087591240876, 'recall': 0.9375, 'f1-score': 0.9247842170160296, 'support': 400.0}, 'accuracy': 0.9010416666666666, 'macro avg': {'precision': 0.9009977033610882, 'recall': 0.8789583333333333, 'f1-score': 0.887567810889794, 'support': 1920.0}, 'weighted avg': {'precision': 0.901600082767258, 'recall': 0.9010416666666666, 'f1-score': 0.8995495237490801, 'support': 1920.0}}","[[148   0   2   0   9  16   8  17]
 [  1  92  13   0   0   8   6   0]
 [  2   3 177   1  11   5   0   1]
 [  6   0   0 191   0   0   0   3]
 [  8   0   5   0 167   1   7  12]
 [  0   0   0   0   0 395   5   0]
 [  0   0   2   4   0   6 185   3]
 [  2   2  12   0   8   1   0 375]]",0.925933837890625,0.4627110958099365
79,ToN_IoT,2,poly,QuantileTransformer,SGD,0.7072720482674258,-1,-1,93.33333333333333,76.80208333333334,3.8095238095238098,76.7739324332731,72.62389457144064,-1,"{'0Normal': {'precision': 0.8931297709923665, 'recall': 0.585, 'f1-score': 0.7069486404833837, 'support': 200.0}, 'BruteForce': {'precision': 0.7983193277310925, 'recall': 0.7916666666666666, 'f1-score': 0.7949790794979079, 'support': 120.0}, 'DDoS': {'precision': 0.5124653739612188, 'recall': 0.925, 'f1-score': 0.6595365418894831, 'support': 200.0}, 'DoS': {'precision': 0.8041666666666667, 'recall': 0.965, 'f1-score': 0.8772727272727273, 'support': 200.0}, 'MITM': {'precision': 0.5771812080536913, 'recall': 0.86, 'f1-score': 0.6907630522088354, 'support': 200.0}, 'Malware': {'precision': 0.9910714285714286, 'recall': 0.2775, 'f1-score': 0.43359375, 'support': 400.0}, 'Scan': {'precision': 0.679324894514768, 'recall': 0.805, 'f1-score': 0.7368421052631579, 'support': 200.0}, 'WebAttack': {'precision': 0.8862559241706162, 'recall': 0.935, 'f1-score': 0.9099756690997567, 'support': 400.0}, 'accuracy': 0.7333333333333333, 'macro avg': {'precision': 0.7677393243327311, 'recall': 0.7680208333333334, 'f1-score': 0.7262389457144065, 'support': 1920.0}, 'weighted avg': {'precision': 0.8020743975324434, 'recall': 0.7333333333333333, 'f1-score': 0.7120301409391506, 'support': 1920.0}}","[[117  15   7  16  13   0  20  12]
 [  1  95   4   0   0   0   6  14]
 [  2   2 185   0   7   0   2   2]
 [  6   0   0 193   0   0   0   1]
 [  4   2   3   2 172   0   0  17]
 [  1   0 142   7  91 111  48   0]
 [  0   3   5  22   7   0 161   2]
 [  0   2  15   0   8   1   0 374]]",0.3862583637237549,0.0006823539733886719
80,ToN_IoT,2,poly,QuantileTransformer,GauNB,0.25972163268836346,-1,-1,83.15104166666667,36.395833333333336,9.627976190476192,30.836855939736513,24.63032874190807,-1,"{'0Normal': {'precision': 0.43103448275862066, 'recall': 0.125, 'f1-score': 0.1937984496124031, 'support': 200.0}, 'BruteForce': {'precision': 0.17624521072796934, 'recall': 0.7666666666666667, 'f1-score': 0.2866043613707165, 'support': 120.0}, 'DDoS': {'precision': 0.0, 'recall': 0.0, 'f1-score': 0.0, 'support': 200.0}, 'DoS': {'precision': 0.0, 'recall': 0.0, 'f1-score': 0.0, 'support': 200.0}, 'MITM': {'precision': 0.40794223826714804, 'recall': 0.565, 'f1-score': 0.47379454926624737, 'support': 200.0}, 'Malware': {'precision': 0.44680851063829785, 'recall': 0.4725, 'f1-score': 0.45929526123936815, 'support': 400.0}, 'Scan': {'precision': 0.30491803278688523, 'recall': 0.93, 'f1-score': 0.45925925925925926, 'support': 200.0}, 'WebAttack': {'precision': 0.7, 'recall': 0.0525, 'f1-score': 0.09767441860465116, 'support': 400.0}, 'accuracy': 0.3260416666666667, 'macro avg': {'precision': 0.3083685593973651, 'recall': 0.36395833333333333, 'f1-score': 0.2463032874190807, 'support': 1920.0}, 'weighted avg': {'precision': 0.36908946890896155, 'recall': 0.3260416666666667, 'f1-score': 0.25132856610920606, 'support': 1920.0}}","[[ 25  24   0   0 100  43   6   2]
 [  0  92   0   0   0  14  14   0]
 [ 31  15   0   0   0 149   1   4]
 [  0   0   0   0   3   6 191   0]
 [  1  80   0   0 113   2   1   3]
 [  0   0   0   0   3 189 208   0]
 [  0   3   0   0   0  11 186   0]
 [  1 308   0   0  58   9   3  21]]",0.006766796112060547,0.005614280700683594
81,ToN_IoT,2,poly,QuantileTransformer,NC,0.35947663448607514,-1,-1,85.28645833333334,45.48958333333333,8.407738095238097,48.51288441510223,36.42725870640419,-1,"{'0Normal': {'precision': 0.9473684210526315, 'recall': 0.09, 'f1-score': 0.1643835616438356, 'support': 200.0}, 'BruteForce': {'precision': 0.22276029055690072, 'recall': 0.7666666666666667, 'f1-score': 0.3452157598499062, 'support': 120.0}, 'DDoS': {'precision': 0.1, 'recall': 0.02, 'f1-score': 0.03333333333333333, 'support': 200.0}, 'DoS': {'precision': 0.3095623987034036, 'recall': 0.955, 'f1-score': 0.4675642594859241, 'support': 200.0}, 'MITM': {'precision': 0.4166666666666667, 'recall': 0.475, 'f1-score': 0.4439252336448598, 'support': 200.0}, 'Malware': {'precision': 0.8532110091743119, 'recall': 0.465, 'f1-score': 0.6019417475728155, 'support': 400.0}, 'Scan': {'precision': 0.55859375, 'recall': 0.715, 'f1-score': 0.6271929824561403, 'support': 200.0}, 'WebAttack': {'precision': 0.4728682170542636, 'recall': 0.1525, 'f1-score': 0.23062381852551986, 'support': 400.0}, 'accuracy': 0.4114583333333333, 'macro avg': {'precision': 0.4851288441510223, 'recall': 0.4548958333333333, 'f1-score': 0.36427258706404186, 'support': 1920.0}, 'weighted avg': {'precision': 0.5331256107514576, 'recall': 0.4114583333333333, 'f1-score': 0.3759020790281987, 'support': 1920.0}}","[[ 18  17  27   4  40   3  77  14]
 [  0  92   0  21   0   0   7   0]
 [  0   5   4 142  31   6   2  10]
 [  0   0   0 191   3   0   6   0]
 [  1  33   4  10  95  12   1  44]
 [  0   0   0 194   0 186  20   0]
 [  0   3   0  44   0  10 143   0]
 [  0 263   5  11  59   1   0  61]]",0.006505489349365234,0.06496953964233398
82,ToN_IoT,2,poly,QuantileTransformer,RNC,0.8665505629438918,-1,-1,97.03125,85.88541666666667,1.6964285714285714,94.01915397818598,88.41390605617518,-1,"{'0Normal': {'precision': 0.9811320754716981, 'recall': 0.78, 'f1-score': 0.8690807799442897, 'support': 200.0}, 'BruteForce': {'precision': 0.956140350877193, 'recall': 0.9083333333333333, 'f1-score': 0.9316239316239316, 'support': 120.0}, 'DDoS': {'precision': 0.994535519125683, 'recall': 0.91, 'f1-score': 0.9503916449086162, 'support': 200.0}, 'DoS': {'precision': 0.9948186528497409, 'recall': 0.96, 'f1-score': 0.9770992366412213, 'support': 200.0}, 'MITM': {'precision': 0.9714285714285714, 'recall': 0.51, 'f1-score': 0.6688524590163935, 'support': 200.0}, 'Malware': {'precision': 0.9773869346733668, 'recall': 0.9725, 'f1-score': 0.974937343358396, 'support': 400.0}, 'Scan': {'precision': 0.9883720930232558, 'recall': 0.85, 'f1-score': 0.9139784946236559, 'support': 200.0}, 'WebAttack': {'precision': 0.6577181208053692, 'recall': 0.98, 'f1-score': 0.7871485943775101, 'support': 400.0}, 'accuracy': 0.88125, 'macro avg': {'precision': 0.9401915397818599, 'recall': 0.8588541666666667, 'f1-score': 0.8841390605617518, 'support': 1920.0}, 'weighted avg': {'precision': 0.9139772118107018, 'recall': 0.88125, 'f1-score': 0.8815155051646195, 'support': 1920.0}}","[[156   0   0   0   0   0   0  44]
 [  0 109   0   0   0   2   0   9]
 [  0   0 182   0   0   3   0  15]
 [  2   0   0 192   0   0   0   6]
 [  0   0   0   0 102   0   0  98]
 [  0   0   1   0   0 389   2   8]
 [  1   0   0   1   0   4 170  24]
 [  0   5   0   0   3   0   0 392]]",0.0013222694396972656,0.036952972412109375
83,ToN_IoT,2,linear,QuantileTransformer,KNN,0.7816681059458674,-1,-1,95.06510416666667,83.01041666666666,2.8199404761904763,81.80084397534128,79.27164475255844,-1,"{'0Normal': {'precision': 0.764, 'recall': 0.955, 'f1-score': 0.8488888888888889, 'support': 200.0}, 'BruteForce': {'precision': 0.41025641025641024, 'recall': 0.9333333333333333, 'f1-score': 0.5699745547073791, 'support': 120.0}, 'DDoS': {'precision': 0.8837209302325582, 'recall': 0.95, 'f1-score': 0.9156626506024096, 'support': 200.0}, 'DoS': {'precision': 0.9651741293532339, 'recall': 0.97, 'f1-score': 0.9675810473815462, 'support': 200.0}, 'MITM': {'precision': 0.7853881278538812, 'recall': 0.86, 'f1-score': 0.8210023866348448, 'support': 200.0}, 'Malware': {'precision': 0.8616071428571429, 'recall': 0.965, 'f1-score': 0.910377358490566, 'support': 400.0}, 'Scan': {'precision': 0.9145299145299145, 'recall': 0.535, 'f1-score': 0.6750788643533123, 'support': 200.0}, 'WebAttack': {'precision': 0.9593908629441624, 'recall': 0.4725, 'f1-score': 0.6331658291457286, 'support': 400.0}, 'accuracy': 0.8026041666666667, 'macro avg': {'precision': 0.8180084397534129, 'recall': 0.8301041666666666, 'f1-score': 0.7927164475255845, 'support': 1920.0}, 'weighted avg': {'precision': 0.854266974971463, 'recall': 0.8026041666666667, 'f1-score': 0.7976338485372936, 'support': 1920.0}}","[[191   0   2   1   3   1   1   1]
 [  1 112   0   0   0   1   6   0]
 [  4   0 190   0   1   5   0   0]
 [  6   0   0 194   0   0   0   0]
 [ 15   3   2   1 172   0   1   6]
 [  2   0   9   0   1 386   2   0]
 [ 29   3   1   5   1  53 107   1]
 [  2 155  11   0  41   2   0 189]]",0.00040078163146972656,0.006029367446899414
84,ToN_IoT,2,linear,QuantileTransformer,LDA,0.7908817534281667,-1,-1,95.32552083333333,84.88541666666666,2.671130952380952,81.4986981252739,81.57600091203835,-1,"{'0Normal': {'precision': 0.8851674641148325, 'recall': 0.925, 'f1-score': 0.9046454767726161, 'support': 200.0}, 'BruteForce': {'precision': 0.5235602094240838, 'recall': 0.8333333333333334, 'f1-score': 0.6430868167202572, 'support': 120.0}, 'DDoS': {'precision': 0.8430493273542601, 'recall': 0.94, 'f1-score': 0.8888888888888888, 'support': 200.0}, 'DoS': {'precision': 0.9651741293532339, 'recall': 0.97, 'f1-score': 0.9675810473815462, 'support': 200.0}, 'MITM': {'precision': 0.8333333333333334, 'recall': 0.825, 'f1-score': 0.8291457286432161, 'support': 200.0}, 'Malware': {'precision': 0.9311594202898551, 'recall': 0.6425, 'f1-score': 0.7603550295857988, 'support': 400.0}, 'Scan': {'precision': 0.5792682926829268, 'recall': 0.95, 'f1-score': 0.7196969696969697, 'support': 200.0}, 'WebAttack': {'precision': 0.9591836734693877, 'recall': 0.705, 'f1-score': 0.8126801152737753, 'support': 400.0}, 'accuracy': 0.8130208333333333, 'macro avg': {'precision': 0.814986981252739, 'recall': 0.8488541666666666, 'f1-score': 0.8157600091203836, 'support': 1920.0}, 'weighted avg': {'precision': 0.854251547917867, 'recall': 0.8130208333333333, 'f1-score': 0.8168625511598478, 'support': 1920.0}}","[[185   0   1   3   2   2   3   4]
 [  1 100  13   0   0   6   0   0]
 [  3   3 188   0   1   4   1   0]
 [  6   0   0 194   0   0   0   0]
 [ 12   4   6   3 165   2   3   5]
 [  2  10   0   0   0 257 131   0]
 [  0   3   1   1   0   2 190   3]
 [  0  71  14   0  30   3   0 282]]",1.049572467803955,0.008956670761108398
85,ToN_IoT,2,linear,QuantileTransformer,NuSVC,0.7057091467765897,-1,-1,93.2421875,76.52083333333334,3.8616071428571432,78.36495766470681,70.53746255021869,-1,"{'0Normal': {'precision': 0.5068119891008175, 'recall': 0.93, 'f1-score': 0.656084656084656, 'support': 200.0}, 'BruteForce': {'precision': 0.36217948717948717, 'recall': 0.9416666666666667, 'f1-score': 0.5231481481481481, 'support': 120.0}, 'DDoS': {'precision': 0.8240343347639485, 'recall': 0.96, 'f1-score': 0.8868360277136259, 'support': 200.0}, 'DoS': {'precision': 0.9651741293532339, 'recall': 0.97, 'f1-score': 0.9675810473815462, 'support': 200.0}, 'MITM': {'precision': 0.7310924369747899, 'recall': 0.87, 'f1-score': 0.7945205479452054, 'support': 200.0}, 'Malware': {'precision': 0.944954128440367, 'recall': 0.7725, 'f1-score': 0.8500687757909215, 'support': 400.0}, 'Scan': {'precision': 0.9743589743589743, 'recall': 0.19, 'f1-score': 0.3179916317991632, 'support': 200.0}, 'WebAttack': {'precision': 0.9605911330049262, 'recall': 0.4875, 'f1-score': 0.6467661691542289, 'support': 400.0}, 'accuracy': 0.7296875, 'macro avg': {'precision': 0.783649576647068, 'recall': 0.7652083333333334, 'f1-score': 0.7053746255021869, 'support': 1920.0}, 'weighted avg': {'precision': 0.8364447999739627, 'recall': 0.7296875, 'f1-score': 0.7219346551774362, 'support': 1920.0}}","[[186   0   2   3   6   2   0   1]
 [  1 113   0   0   0   6   0   0]
 [  3   0 192   0   0   5   0   0]
 [  6   0   0 194   0   0   0   0]
 [  7   0  12   1 174   0   1   5]
 [ 12  79   0   0   0 309   0   0]
 [151   3   2   0   0   4  38   2]
 [  1 117  25   3  58   1   0 195]]",0.047266244888305664,0.07959175109863281
86,ToN_IoT,2,linear,QuantileTransformer,SGD,0.6142294908776368,-1,-1,90.9765625,67.64583333333334,5.15625,75.32819555827076,58.477908072088205,-1,"{'0Normal': {'precision': 0.8786407766990292, 'recall': 0.905, 'f1-score': 0.8916256157635468, 'support': 200.0}, 'BruteForce': {'precision': 0.2518703241895262, 'recall': 0.8416666666666667, 'f1-score': 0.3877159309021113, 'support': 120.0}, 'DDoS': {'precision': 0.8142076502732241, 'recall': 0.745, 'f1-score': 0.7780678851174935, 'support': 200.0}, 'DoS': {'precision': 0.8981481481481481, 'recall': 0.97, 'f1-score': 0.9326923076923077, 'support': 200.0}, 'MITM': {'precision': 0.6591760299625468, 'recall': 0.88, 'f1-score': 0.7537473233404711, 'support': 200.0}, 'Malware': {'precision': 0.6454248366013072, 'recall': 0.9875, 'f1-score': 0.7806324110671937, 'support': 400.0}, 'Scan': {'precision': 1.0, 'recall': 0.01, 'f1-score': 0.019801980198019802, 'support': 200.0}, 'WebAttack': {'precision': 0.8787878787878788, 'recall': 0.0725, 'f1-score': 0.13394919168591224, 'support': 400.0}, 'accuracy': 0.6390625, 'macro avg': {'precision': 0.7532819555827076, 'recall': 0.6764583333333334, 'f1-score': 0.584779080720882, 'support': 1920.0}, 'weighted avg': {'precision': 0.7760125239973995, 'recall': 0.6390625, 'f1-score': 0.5664299870999289, 'support': 1920.0}}","[[181   1   1   5   6   6   0   0]
 [  1 101  13   0   0   5   0   0]
 [  2   4 149   1  12  32   0   0]
 [  6   0   0 194   0   0   0   0]
 [  6   7   5   1 176   1   0   4]
 [  4   0   0   0   1 395   0   0]
 [  5   6   0  15   1 171   2   0]
 [  1 282  15   0  71   2   0  29]]",0.06826543807983398,0.0084381103515625
87,ToN_IoT,2,linear,QuantileTransformer,GauNB,0.277567141181424,-1,-1,83.25520833333333,36.864583333333336,9.56845238095238,41.95717933392468,25.85405992967738,-1,"{'0Normal': {'precision': 0.5, 'recall': 0.005, 'f1-score': 0.009900990099009901, 'support': 200.0}, 'BruteForce': {'precision': 0.17624521072796934, 'recall': 0.7666666666666667, 'f1-score': 0.2866043613707165, 'support': 120.0}, 'DDoS': {'precision': 0.5740740740740741, 'recall': 0.155, 'f1-score': 0.2440944881889764, 'support': 200.0}, 'DoS': {'precision': 0.09090909090909091, 'recall': 0.005, 'f1-score': 0.009478672985781991, 'support': 200.0}, 'MITM': {'precision': 0.4141791044776119, 'recall': 0.555, 'f1-score': 0.47435897435897434, 'support': 200.0}, 'Malware': {'precision': 0.6484641638225256, 'recall': 0.475, 'f1-score': 0.5483405483405484, 'support': 400.0}, 'Scan': {'precision': 0.2527027027027027, 'recall': 0.935, 'f1-score': 0.39787234042553193, 'support': 200.0}, 'WebAttack': {'precision': 0.7, 'recall': 0.0525, 'f1-score': 0.09767441860465116, 'support': 400.0}, 'accuracy': 0.3302083333333333, 'macro avg': {'precision': 0.41957179333924677, 'recall': 0.36864583333333334, 'f1-score': 0.2585405992967738, 'support': 1920.0}, 'weighted avg': {'precision': 0.4827646277338867, 'recall': 0.3302083333333333, 'f1-score': 0.27080187674698997, 'support': 1920.0}}","[[  1  24  22   8  94  43   6   2]
 [  0  92   0   0   0  14  14   0]
 [  0  15  31   0   0  22 128   4]
 [  0   0   0   1   2   6 191   0]
 [  1  80   0   2 111   2   1   3]
 [  0   0   0   0   3 190 207   0]
 [  0   3   0   0   0  10 187   0]
 [  0 308   1   0  58   6   6  21]]",0.0015251636505126953,0.005621433258056641
88,ToN_IoT,2,linear,QuantileTransformer,NC,0.16655773041506153,-1,-1,81.19791666666667,26.552083333333332,10.74404761904762,40.66568846028868,20.05751727287656,-1,"{'0Normal': {'precision': 0.9411764705882353, 'recall': 0.08, 'f1-score': 0.14746543778801843, 'support': 200.0}, 'BruteForce': {'precision': 0.17005545286506468, 'recall': 0.7666666666666667, 'f1-score': 0.2783661119515885, 'support': 120.0}, 'DDoS': {'precision': 0.4, 'recall': 0.02, 'f1-score': 0.0380952380952381, 'support': 200.0}, 'DoS': {'precision': 0.0, 'recall': 0.0, 'f1-score': 0.0, 'support': 200.0}, 'MITM': {'precision': 0.4166666666666667, 'recall': 0.475, 'f1-score': 0.4439252336448598, 'support': 200.0}, 'Malware': {'precision': 0.5012165450121655, 'recall': 0.515, 'f1-score': 0.5080147965474723, 'support': 400.0}, 'Scan': {'precision': 0.0641399416909621, 'recall': 0.22, 'f1-score': 0.09932279909706546, 'support': 200.0}, 'WebAttack': {'precision': 0.76, 'recall': 0.0475, 'f1-score': 0.08941176470588236, 'support': 400.0}, 'accuracy': 0.24791666666666667, 'macro avg': {'precision': 0.4066568846028868, 'recall': 0.2655208333333333, 'f1-score': 0.2005751727287656, 'support': 1920.0}, 'weighted avg': {'precision': 0.46317181673846186, 'recall': 0.24791666666666667, 'f1-score': 0.2177793227398796, 'support': 1920.0}}","[[ 16  53   2   2  40  25  60   2]
 [  0  92   0   0   0   6  22   0]
 [  0  14   4   0  31   6 144   1]
 [  0   0   0   0   3   0 197   0]
 [  1  74   1   0  95  14  12   3]
 [  0   0   0   0   0 206 194   0]
 [  0   3   0   0   0 153  44   0]
 [  0 305   3   0  59   1  13  19]]",0.0006399154663085938,0.05155014991760254
89,ToN_IoT,2,linear,QuantileTransformer,RNC,0.5653484092202038,-1,-1,88.75,59.03125,6.428571428571428,85.74178536804965,57.380725021793275,-1,"{'0Normal': {'precision': 0.19723865877712032, 'recall': 1.0, 'f1-score': 0.32948929159802304, 'support': 200.0}, 'BruteForce': {'precision': 0.7445255474452555, 'recall': 0.85, 'f1-score': 0.7937743190661478, 'support': 120.0}, 'DDoS': {'precision': 0.9473684210526315, 'recall': 0.63, 'f1-score': 0.7567567567567568, 'support': 200.0}, 'DoS': {'precision': 0.9896907216494846, 'recall': 0.96, 'f1-score': 0.9746192893401016, 'support': 200.0}, 'MITM': {'precision': 1.0, 'recall': 0.12, 'f1-score': 0.21428571428571427, 'support': 200.0}, 'Malware': {'precision': 0.9805194805194806, 'recall': 0.755, 'f1-score': 0.8531073446327684, 'support': 400.0}, 'Scan': {'precision': 1.0, 'recall': 0.265, 'f1-score': 0.4189723320158103, 'support': 200.0}, 'WebAttack': {'precision': 1.0, 'recall': 0.1425, 'f1-score': 0.24945295404814005, 'support': 400.0}, 'accuracy': 0.55, 'macro avg': {'precision': 0.8574178536804965, 'recall': 0.5903125, 'f1-score': 0.5738072502179328, 'support': 1920.0}, 'weighted avg': {'precision': 0.8897970928109741, 'recall': 0.55, 'f1-score': 0.5599488096664492, 'support': 1920.0}}","[[200   0   0   0   0   0   0   0]
 [ 18 102   0   0   0   0   0   0]
 [ 71   0 126   0   0   3   0   0]
 [  8   0   0 192   0   0   0   0]
 [175   0   0   1  24   0   0   0]
 [ 70  21   7   0   0 302   0   0]
 [143   0   0   1   0   3  53   0]
 [329  14   0   0   0   0   0  57]]",0.0005025863647460938,0.011014461517333984
90,ToN_IoT,2,sigmoid,QuantileTransformer,KNN,0.542496428435515,-1,-1,89.3359375,57.375,6.09375,37.55469658086366,44.474064119533075,-1,"{'0Normal': {'precision': 0.3435251798561151, 'recall': 0.955, 'f1-score': 0.5052910052910053, 'support': 200.0}, 'BruteForce': {'precision': 0.0, 'recall': 0.0, 'f1-score': 0.0, 'support': 120.0}, 'DDoS': {'precision': 0.48450704225352115, 'recall': 0.86, 'f1-score': 0.6198198198198198, 'support': 200.0}, 'DoS': {'precision': 0.6531986531986532, 'recall': 0.97, 'f1-score': 0.7806841046277666, 'support': 200.0}, 'MITM': {'precision': 0.7542372881355932, 'recall': 0.89, 'f1-score': 0.8165137614678899, 'support': 200.0}, 'Malware': {'precision': 0.0, 'recall': 0.0, 'f1-score': 0.0, 'support': 400.0}, 'Scan': {'precision': 0.0, 'recall': 0.0, 'f1-score': 0.0, 'support': 200.0}, 'WebAttack': {'precision': 0.7689075630252101, 'recall': 0.915, 'f1-score': 0.8356164383561644, 'support': 400.0}, 'accuracy': 0.5734375, 'macro avg': {'precision': 0.3755469658086366, 'recall': 0.57375, 'f1-score': 0.44474064119533074, 'support': 1920.0}, 'weighted avg': {'precision': 0.3930503426556566, 'recall': 0.5734375, 'f1-score': 0.4576605799915427, 'support': 1920.0}}","[[191   0   3   0   4   0   0   2]
 [  7   0  37   0   0   0   0  76]
 [  6   0 172   0   3   0   0  19]
 [  6   0   0 194   0   0   0   0]
 [ 13   0   2   1 178   0   0   6]
 [177   0 113  71  38   0   0   1]
 [153   0   9  31   1   0   0   6]
 [  3   0  19   0  12   0   0 366]]",0.0018076896667480469,0.05496954917907715
91,ToN_IoT,2,sigmoid,QuantileTransformer,LDA,0.725192709312425,-1,-1,93.81510416666666,75.95833333333333,3.5342261904761902,79.21477332687634,73.59929078269506,-1,"{'0Normal': {'precision': 0.7833333333333333, 'recall': 0.94, 'f1-score': 0.8545454545454545, 'support': 200.0}, 'BruteForce': {'precision': 0.847457627118644, 'recall': 0.4166666666666667, 'f1-score': 0.5586592178770949, 'support': 120.0}, 'DDoS': {'precision': 0.6254180602006689, 'recall': 0.935, 'f1-score': 0.749498997995992, 'support': 200.0}, 'DoS': {'precision': 0.5286103542234333, 'recall': 0.97, 'f1-score': 0.6843033509700176, 'support': 200.0}, 'MITM': {'precision': 0.8712871287128713, 'recall': 0.88, 'f1-score': 0.8756218905472637, 'support': 200.0}, 'Malware': {'precision': 0.9064327485380117, 'recall': 0.3875, 'f1-score': 0.542907180385289, 'support': 400.0}, 'Scan': {'precision': 0.9538461538461539, 'recall': 0.62, 'f1-score': 0.7515151515151515, 'support': 200.0}, 'WebAttack': {'precision': 0.8207964601769911, 'recall': 0.9275, 'f1-score': 0.8708920187793427, 'support': 400.0}, 'accuracy': 0.7526041666666666, 'macro avg': {'precision': 0.7921477332687634, 'recall': 0.7595833333333333, 'f1-score': 0.7359929078269507, 'support': 1920.0}, 'weighted avg': {'precision': 0.8047320858351722, 'recall': 0.7526041666666666, 'f1-score': 0.7373207056905625, 'support': 1920.0}}","[[188   0   1   3   6   0   0   2]
 [  7  50  16   0   0   0   0  47]
 [  3   1 187   0   1   4   1   3]
 [  6   0   0 194   0   0   0   0]
 [  4   0   6   0 176   0   1  13]
 [ 13   1  75 135   5 155   3  13]
 [ 19   0   6  34   4  10 124   3]
 [  0   7   8   1  10   2   1 371]]",4.232712507247925,0.0005562305450439453
92,ToN_IoT,2,sigmoid,QuantileTransformer,SGD,0.3806855451274452,-1,-1,85.46875,45.5625,8.303571428571429,31.82440426906214,33.02961551563282,-1,"{'0Normal': {'precision': 0.3425414364640884, 'recall': 0.93, 'f1-score': 0.5006729475100942, 'support': 200.0}, 'BruteForce': {'precision': 0.0, 'recall': 0.0, 'f1-score': 0.0, 'support': 120.0}, 'DDoS': {'precision': 0.4089068825910931, 'recall': 0.505, 'f1-score': 0.4519015659955257, 'support': 200.0}, 'DoS': {'precision': 0.6114649681528662, 'recall': 0.96, 'f1-score': 0.7470817120622568, 'support': 200.0}, 'MITM': {'precision': 0.2684049079754601, 'recall': 0.875, 'f1-score': 0.4107981220657277, 'support': 200.0}, 'Malware': {'precision': 0.0, 'recall': 0.0, 'f1-score': 0.0, 'support': 400.0}, 'Scan': {'precision': 0.0, 'recall': 0.0, 'f1-score': 0.0, 'support': 200.0}, 'WebAttack': {'precision': 0.9146341463414634, 'recall': 0.375, 'f1-score': 0.5319148936170213, 'support': 400.0}, 'accuracy': 0.41875, 'macro avg': {'precision': 0.3182440426906214, 'recall': 0.455625, 'f1-score': 0.3302961551563282, 'support': 1920.0}, 'weighted avg': {'precision': 0.36047775915275365, 'recall': 0.41875, 'f1-score': 0.33065459738204656, 'support': 1920.0}}","[[186   0   3   1  10   0   0   0]
 [  7   0  22   0  91   0   0   0]
 [  7   0 101   0  92   0   0   0]
 [  6   0   0 192   0   0   0   2]
 [  8   0   6   0 175   0   0  11]
 [175   0  29  91 105   0   0   0]
 [154   0   2  30  13   0   0   1]
 [  0   0  84   0 166   0   0 150]]",0.10689330101013184,0.0005691051483154297
93,ToN_IoT,2,sigmoid,QuantileTransformer,GauNB,0.19241663586444138,-1,-1,80.65104166666667,26.468749999999996,11.056547619047619,22.129162113976342,14.096064046682772,-1,"{'0Normal': {'precision': 0.0, 'recall': 0.0, 'f1-score': 0.0, 'support': 200.0}, 'BruteForce': {'precision': 0.0, 'recall': 0.0, 'f1-score': 0.0, 'support': 120.0}, 'DDoS': {'precision': 0.5535714285714286, 'recall': 0.155, 'f1-score': 0.2421875, 'support': 200.0}, 'DoS': {'precision': 0.3737957610789981, 'recall': 0.97, 'f1-score': 0.5396383866481224, 'support': 200.0}, 'MITM': {'precision': 0.1429657794676806, 'recall': 0.94, 'f1-score': 0.24818481848184817, 'support': 200.0}, 'Malware': {'precision': 0.0, 'recall': 0.0, 'f1-score': 0.0, 'support': 400.0}, 'Scan': {'precision': 0.0, 'recall': 0.0, 'f1-score': 0.0, 'support': 200.0}, 'WebAttack': {'precision': 0.7, 'recall': 0.0525, 'f1-score': 0.09767441860465116, 'support': 400.0}, 'accuracy': 0.22604166666666667, 'macro avg': {'precision': 0.22129162113976342, 'recall': 0.26468749999999996, 'f1-score': 0.1409606404668277, 'support': 1920.0}, 'weighted avg': {'precision': 0.25732635094980283, 'recall': 0.22604166666666667, 'f1-score': 0.12764161899367427, 'support': 1920.0}}","[[  0   0  23  14 161   0   0   2]
 [  0   0   0   8 112   0   0   0]
 [  0   0  31  51 114   0   0   4]
 [  0   0   0 194   6   0   0   0]
 [  0   0   1   8 188   0   0   3]
 [  0   0   0 194 206   0   0   0]
 [  0   0   0  44 156   0   0   0]
 [  0   0   1   6 372   0   0  21]]",0.0024008750915527344,0.005471706390380859
94,ToN_IoT,2,sigmoid,QuantileTransformer,NC,0.2687459194552814,-1,-1,82.68229166666666,35.177083333333336,9.895833333333332,35.110799952777235,24.890829015965117,-1,"{'0Normal': {'precision': 0.5492957746478874, 'recall': 0.195, 'f1-score': 0.2878228782287823, 'support': 200.0}, 'BruteForce': {'precision': 0.1567291311754685, 'recall': 0.7666666666666667, 'f1-score': 0.26025459688826025, 'support': 120.0}, 'DDoS': {'precision': 0.5, 'recall': 0.005, 'f1-score': 0.009900990099009901, 'support': 200.0}, 'DoS': {'precision': 0.0, 'recall': 0.0, 'f1-score': 0.0, 'support': 200.0}, 'MITM': {'precision': 0.5465116279069767, 'recall': 0.47, 'f1-score': 0.5053763440860215, 'support': 200.0}, 'Malware': {'precision': 0.8428571428571429, 'recall': 0.4425, 'f1-score': 0.580327868852459, 'support': 400.0}, 'Scan': {'precision': 0.2134703196347032, 'recall': 0.935, 'f1-score': 0.3475836431226766, 'support': 200.0}, 'WebAttack': {'precision': 0.0, 'recall': 0.0, 'f1-score': 0.0, 'support': 400.0}, 'accuracy': 0.3072916666666667, 'macro avg': {'precision': 0.35110799952777233, 'recall': 0.35177083333333337, 'f1-score': 0.24890829015965119, 'support': 1920.0}, 'weighted avg': {'precision': 0.37385723818845146, 'recall': 0.3072916666666667, 'f1-score': 0.257030453268163, 'support': 1920.0}}","[[ 39  58   0   2  17   3  81   0]
 [  0  92   0   0   0   0  28   0]
 [ 30  19   1   0   0   5 145   0]
 [  0   0   0   0   3   0 197   0]
 [  2  86   0   0  94  14   4   0]
 [  0   0   0   0   0 177 223   0]
 [  0   3   0   0   0  10 187   0]
 [  0 329   1   0  58   1  11   0]]",0.0028717517852783203,0.07610344886779785
95,ToN_IoT,2,sigmoid,QuantileTransformer,RNC,0.45802189613312794,-1,-1,85.5859375,46.364583333333336,8.236607142857142,86.05730281189174,43.573608892776384,-1,"{'0Normal': {'precision': 0.9795918367346939, 'recall': 0.72, 'f1-score': 0.829971181556196, 'support': 200.0}, 'BruteForce': {'precision': 1.0, 'recall': 0.016666666666666666, 'f1-score': 0.03278688524590164, 'support': 120.0}, 'DDoS': {'precision': 0.8805970149253731, 'recall': 0.59, 'f1-score': 0.7065868263473054, 'support': 200.0}, 'DoS': {'precision': 1.0, 'recall': 0.955, 'f1-score': 0.9769820971867008, 'support': 200.0}, 'MITM': {'precision': 0.15772870662460567, 'recall': 1.0, 'f1-score': 0.2724795640326976, 'support': 200.0}, 'Malware': {'precision': 1.0, 'recall': 0.0375, 'f1-score': 0.07228915662650602, 'support': 400.0}, 'Scan': {'precision': 1.0, 'recall': 0.065, 'f1-score': 0.12206572769953052, 'support': 200.0}, 'WebAttack': {'precision': 0.8666666666666667, 'recall': 0.325, 'f1-score': 0.4727272727272727, 'support': 400.0}, 'accuracy': 0.4234375, 'macro avg': {'precision': 0.8605730281189174, 'recall': 0.46364583333333337, 'f1-score': 0.43573608892776383, 'support': 1920.0}, 'weighted avg': {'precision': 0.8699219678768757, 'recall': 0.4234375, 'f1-score': 0.4185198319455759, 'support': 1920.0}}","[[144   0   0   0  56   0   0   0]
 [  0   2   0   0 100   0   0  18]
 [  0   0 118   0  80   0   0   2]
 [  2   0   0 191   7   0   0   0]
 [  0   0   0   0 200   0   0   0]
 [  0   0  16   0 369  15   0   0]
 [  1   0   0   0 186   0  13   0]
 [  0   0   0   0 270   0   0 130]]",0.0005486011505126953,0.015490531921386719
96,ToN_IoT,2,None,QuantileTransformer,KNN,0.7595981929918414,-1,-1,94.5703125,81.08333333333333,3.1026785714285716,81.08179578503444,77.50676882857688,-1,"{'0Normal': {'precision': 0.7842323651452282, 'recall': 0.945, 'f1-score': 0.8571428571428571, 'support': 200.0}, 'BruteForce': {'precision': 0.3992932862190813, 'recall': 0.9416666666666667, 'f1-score': 0.5607940446650124, 'support': 120.0}, 'DDoS': {'precision': 0.8506787330316742, 'recall': 0.94, 'f1-score': 0.8931116389548693, 'support': 200.0}, 'DoS': {'precision': 0.9651741293532339, 'recall': 0.97, 'f1-score': 0.9675810473815462, 'support': 200.0}, 'MITM': {'precision': 0.7788944723618091, 'recall': 0.775, 'f1-score': 0.7769423558897243, 'support': 200.0}, 'Malware': {'precision': 0.8, 'recall': 0.96, 'f1-score': 0.8727272727272727, 'support': 400.0}, 'Scan': {'precision': 0.9714285714285714, 'recall': 0.51, 'f1-score': 0.6688524590163935, 'support': 200.0}, 'WebAttack': {'precision': 0.9368421052631579, 'recall': 0.445, 'f1-score': 0.6033898305084746, 'support': 400.0}, 'accuracy': 0.7828125, 'macro avg': {'precision': 0.8108179578503445, 'recall': 0.8108333333333333, 'f1-score': 0.7750676882857688, 'support': 1920.0}, 'weighted avg': {'precision': 0.8399654639144043, 'recall': 0.7828125, 'f1-score': 0.7762855199641554, 'support': 1920.0}}","[[189   0   2   1   3   4   0   1]
 [  3 113   0   0   0   4   0   0]
 [  2   1 188   0   1   5   1   2]
 [  6   0   0 194   0   0   0   0]
 [ 28   3   6   1 155   0   1   6]
 [  2   4   9   0   0 384   1   0]
 [  4   5   0   5   0  81 102   3]
 [  7 157  16   0  40   2   0 178]]",0.0004372596740722656,0.00511479377746582
97,ToN_IoT,2,None,QuantileTransformer,LDA,0.7647700022221449,-1,-1,94.6875,83.60416666666666,3.0357142857142856,79.90499239145285,79.44503627334714,-1,"{'0Normal': {'precision': 0.92, 'recall': 0.92, 'f1-score': 0.92, 'support': 200.0}, 'BruteForce': {'precision': 0.42016806722689076, 'recall': 0.8333333333333334, 'f1-score': 0.5586592178770949, 'support': 120.0}, 'DDoS': {'precision': 0.8289473684210527, 'recall': 0.945, 'f1-score': 0.883177570093458, 'support': 200.0}, 'DoS': {'precision': 0.9797979797979798, 'recall': 0.97, 'f1-score': 0.9748743718592965, 'support': 200.0}, 'MITM': {'precision': 0.7873303167420814, 'recall': 0.87, 'f1-score': 0.8266033254156769, 'support': 200.0}, 'Malware': {'precision': 0.9330543933054394, 'recall': 0.5575, 'f1-score': 0.6979655712050078, 'support': 400.0}, 'Scan': {'precision': 0.5981012658227848, 'recall': 0.945, 'f1-score': 0.7325581395348837, 'support': 200.0}, 'WebAttack': {'precision': 0.925, 'recall': 0.6475, 'f1-score': 0.7617647058823529, 'support': 400.0}, 'accuracy': 0.7875, 'macro avg': {'precision': 0.7990499239145286, 'recall': 0.8360416666666666, 'f1-score': 0.7944503627334714, 'support': 1920.0}, 'weighted avg': {'precision': 0.8419152664303033, 'recall': 0.7875, 'f1-score': 0.7908197387296139, 'support': 1920.0}}","[[184   0   1   4   2   1   3   5]
 [  1 100  13   0   0   6   0   0]
 [  2   1 189   0   1   4   1   2]
 [  6   0   0 194   0   0   0   0]
 [  5   0   9   0 174   0   1  11]
 [  2  53   0   0   0 223 122   0]
 [  0   3   1   0   0   4 189   3]
 [  0  81  15   0  44   1   0 259]]",2.414621114730835,0.008141756057739258
98,ToN_IoT,2,None,QuantileTransformer,NuSVC,0.7103604722532981,-1,-1,93.37239583333333,76.73958333333333,3.7872023809523805,78.17637822171774,70.95804254332097,-1,"{'0Normal': {'precision': 0.5, 'recall': 0.93, 'f1-score': 0.6503496503496503, 'support': 200.0}, 'BruteForce': {'precision': 0.38175675675675674, 'recall': 0.9416666666666667, 'f1-score': 0.5432692307692307, 'support': 120.0}, 'DDoS': {'precision': 0.8197424892703863, 'recall': 0.955, 'f1-score': 0.8822170900692841, 'support': 200.0}, 'DoS': {'precision': 0.9748743718592965, 'recall': 0.97, 'f1-score': 0.9724310776942355, 'support': 200.0}, 'MITM': {'precision': 0.7196652719665272, 'recall': 0.86, 'f1-score': 0.7835990888382688, 'support': 200.0}, 'Malware': {'precision': 0.9626168224299065, 'recall': 0.7725, 'f1-score': 0.8571428571428571, 'support': 400.0}, 'Scan': {'precision': 0.95, 'recall': 0.19, 'f1-score': 0.31666666666666665, 'support': 200.0}, 'WebAttack': {'precision': 0.9454545454545454, 'recall': 0.52, 'f1-score': 0.6709677419354839, 'support': 400.0}, 'accuracy': 0.7348958333333333, 'macro avg': {'precision': 0.7817637822171773, 'recall': 0.7673958333333333, 'f1-score': 0.7095804254332096, 'support': 1920.0}, 'weighted avg': {'precision': 0.8343207211374133, 'recall': 0.7348958333333333, 'f1-score': 0.7278589906496172, 'support': 1920.0}}","[[186   0   3   3   5   2   0   1]
 [  7 113   0   0   0   0   0   0]
 [  3   0 191   0   0   5   1   0]
 [  6   0   0 194   0   0   0   0]
 [  7   0  10   1 172   0   1   9]
 [ 12  78   1   0   0 309   0   0]
 [151   3   2   0   0   4  38   2]
 [  0 102  26   1  62   1   0 208]]",0.038402557373046875,0.07996559143066406
99,ToN_IoT,2,None,QuantileTransformer,SGD,0.3512000397295785,-1,-1,84.75260416666667,45.385416666666664,8.712797619047619,51.3137538292662,35.562151039983526,-1,"{'0Normal': {'precision': 0.23870967741935484, 'recall': 0.925, 'f1-score': 0.37948717948717947, 'support': 200.0}, 'BruteForce': {'precision': 0.2879177377892031, 'recall': 0.9333333333333333, 'f1-score': 0.4400785854616896, 'support': 120.0}, 'DDoS': {'precision': 0.8928571428571429, 'recall': 0.25, 'f1-score': 0.390625, 'support': 200.0}, 'DoS': {'precision': 0.043478260869565216, 'recall': 0.015, 'f1-score': 0.022304832713754646, 'support': 200.0}, 'MITM': {'precision': 0.6078431372549019, 'recall': 0.775, 'f1-score': 0.6813186813186813, 'support': 200.0}, 'Malware': {'precision': 0.9117647058823529, 'recall': 0.465, 'f1-score': 0.6158940397350994, 'support': 400.0}, 'Scan': {'precision': 0.30434782608695654, 'recall': 0.245, 'f1-score': 0.27146814404432135, 'support': 200.0}, 'WebAttack': {'precision': 0.8181818181818182, 'recall': 0.0225, 'f1-score': 0.043795620437956206, 'support': 400.0}, 'accuracy': 0.39010416666666664, 'macro avg': {'precision': 0.513137538292662, 'recall': 0.45385416666666667, 'f1-score': 0.35562151039983525, 'support': 1920.0}, 'weighted avg': {'precision': 0.5958208057593526, 'recall': 0.39010416666666664, 'f1-score': 0.34673232387365227, 'support': 1920.0}}","[[185   2   2   4   5   2   0   0]
 [  7 112   0   0   1   0   0   0]
 [ 84  49  50   0  12   5   0   0]
 [190   7   0   3   0   0   0   0]
 [ 29   2   0  12 155   0   0   2]
 [ 22  79   0   0   1 186 112   0]
 [138   3   0   0   0  10  49   0]
 [120 135   4  50  81   1   0   9]]",0.0462489128112793,0.009927988052368164
100,ToN_IoT,2,None,QuantileTransformer,GauNB,0.2744595993630599,-1,-1,83.2421875,36.395833333333336,9.575892857142858,34.520263879513216,25.418063316231944,-1,"{'0Normal': {'precision': 0.4107142857142857, 'recall': 0.115, 'f1-score': 0.1796875, 'support': 200.0}, 'BruteForce': {'precision': 0.17624521072796934, 'recall': 0.7666666666666667, 'f1-score': 0.2866043613707165, 'support': 120.0}, 'DDoS': {'precision': 0.0, 'recall': 0.0, 'f1-score': 0.0, 'support': 200.0}, 'DoS': {'precision': 0.15, 'recall': 0.015, 'f1-score': 0.02727272727272727, 'support': 200.0}, 'MITM': {'precision': 0.4247104247104247, 'recall': 0.55, 'f1-score': 0.4793028322440087, 'support': 200.0}, 'Malware': {'precision': 0.6485623003194888, 'recall': 0.5075, 'f1-score': 0.5694249649368864, 'support': 400.0}, 'Scan': {'precision': 0.2513888888888889, 'recall': 0.905, 'f1-score': 0.3934782608695652, 'support': 200.0}, 'WebAttack': {'precision': 0.7, 'recall': 0.0525, 'f1-score': 0.09767441860465116, 'support': 400.0}, 'accuracy': 0.3296875, 'macro avg': {'precision': 0.34520263879513213, 'recall': 0.3639583333333334, 'f1-score': 0.2541806331623194, 'support': 1920.0}, 'weighted avg': {'precision': 0.4208005548322248, 'recall': 0.3296875, 'f1-score': 0.26936486503039647, 'support': 1920.0}}","[[ 23  24   0  14  88  45   4   2]
 [  0  92   0   0   0  14  14   0]
 [ 31  15   0   0   0  22 128   4]
 [  0   0   0   3   0   6 191   0]
 [  1  80   0   3 110   2   1   3]
 [  0   0   0   0   3 203 194   0]
 [  0   3   0   0   0  16 181   0]
 [  1 308   0   0  58   5   7  21]]",0.0018606185913085938,0.010627508163452148
101,ToN_IoT,2,None,QuantileTransformer,NC,0.1666617723873366,-1,-1,81.19791666666667,26.552083333333332,10.74404761904762,40.677047509413526,20.06010084968817,-1,"{'0Normal': {'precision': 0.9411764705882353, 'recall': 0.08, 'f1-score': 0.14746543778801843, 'support': 200.0}, 'BruteForce': {'precision': 0.16974169741697417, 'recall': 0.7666666666666667, 'f1-score': 0.27794561933534745, 'support': 120.0}, 'DDoS': {'precision': 0.4, 'recall': 0.02, 'f1-score': 0.0380952380952381, 'support': 200.0}, 'DoS': {'precision': 0.0, 'recall': 0.0, 'f1-score': 0.0, 'support': 200.0}, 'MITM': {'precision': 0.4166666666666667, 'recall': 0.475, 'f1-score': 0.4439252336448598, 'support': 200.0}, 'Malware': {'precision': 0.5024390243902439, 'recall': 0.515, 'f1-score': 0.508641975308642, 'support': 400.0}, 'Scan': {'precision': 0.0641399416909621, 'recall': 0.22, 'f1-score': 0.09932279909706546, 'support': 200.0}, 'WebAttack': {'precision': 0.76, 'recall': 0.0475, 'f1-score': 0.08941176470588236, 'support': 400.0}, 'accuracy': 0.24791666666666667, 'macro avg': {'precision': 0.4067704750941353, 'recall': 0.2655208333333333, 'f1-score': 0.2006010084968817, 'support': 1920.0}, 'weighted avg': {'precision': 0.4634068902267225, 'recall': 0.24791666666666667, 'f1-score': 0.21788370419327485, 'support': 1920.0}}","[[ 16  53   2   2  40  26  59   2]
 [  0  92   0   0   0   6  22   0]
 [  0  14   4   0  31   6 144   1]
 [  0   0   0   0   3   0 197   0]
 [  1  75   1   0  95  12  13   3]
 [  0   0   0   0   0 206 194   0]
 [  0   3   0   0   0 153  44   0]
 [  0 305   3   0  59   1  13  19]]",0.0006830692291259766,0.0662391185760498
102,ToN_IoT,2,None,QuantileTransformer,RNC,0.5282973273388454,-1,-1,87.78645833333333,55.02083333333334,6.979166666666667,83.24695607828137,54.10257038510689,-1,"{'0Normal': {'precision': 0.18535681186283595, 'recall': 1.0, 'f1-score': 0.3127443315089914, 'support': 200.0}, 'BruteForce': {'precision': 0.7301587301587301, 'recall': 0.7666666666666667, 'f1-score': 0.7479674796747967, 'support': 120.0}, 'DDoS': {'precision': 0.8571428571428571, 'recall': 0.57, 'f1-score': 0.6846846846846847, 'support': 200.0}, 'DoS': {'precision': 0.9945054945054945, 'recall': 0.905, 'f1-score': 0.9476439790575916, 'support': 200.0}, 'MITM': {'precision': 0.9, 'recall': 0.135, 'f1-score': 0.23478260869565218, 'support': 200.0}, 'Malware': {'precision': 0.9925925925925926, 'recall': 0.67, 'f1-score': 0.8, 'support': 400.0}, 'Scan': {'precision': 1.0, 'recall': 0.21, 'f1-score': 0.34710743801652894, 'support': 200.0}, 'WebAttack': {'precision': 1.0, 'recall': 0.145, 'f1-score': 0.25327510917030566, 'support': 400.0}, 'accuracy': 0.5114583333333333, 'macro avg': {'precision': 0.8324695607828138, 'recall': 0.5502083333333334, 'f1-score': 0.5410257038510689, 'support': 1920.0}, 'weighted avg': {'precision': 0.8708630819574594, 'recall': 0.5114583333333333, 'f1-score': 0.5294055987613477, 'support': 1920.0}}","[[200   0   0   0   0   0   0   0]
 [ 28  92   0   0   0   0   0   0]
 [ 85   0 114   0   0   1   0   0]
 [ 19   0   0 181   0   0   0   0]
 [172   0   0   1  27   0   0   0]
 [ 89  24  19   0   0 268   0   0]
 [157   0   0   0   0   1  42   0]
 [329  10   0   0   3   0   0  58]]",0.0003139972686767578,0.008642911911010742
103,ToN_IoT,3,rbf,QuantileTransformer,KNN,0.9428711765028149,-1,-1,98.77604166666667,94.46875,0.699404761904762,94.69783786245489,94.5226618221141,-1,"{'0Normal': {'precision': 0.8767123287671232, 'recall': 0.96, 'f1-score': 0.9164677804295943, 'support': 200.0}, 'BruteForce': {'precision': 0.9557522123893806, 'recall': 0.9, 'f1-score': 0.927038626609442, 'support': 120.0}, 'DDoS': {'precision': 0.9154929577464789, 'recall': 0.975, 'f1-score': 0.9443099273607748, 'support': 200.0}, 'DoS': {'precision': 0.9847715736040609, 'recall': 0.97, 'f1-score': 0.9773299748110831, 'support': 200.0}, 'MITM': {'precision': 0.9518716577540107, 'recall': 0.89, 'f1-score': 0.9198966408268734, 'support': 200.0}, 'Malware': {'precision': 0.9774436090225563, 'recall': 0.975, 'f1-score': 0.9762202753441802, 'support': 400.0}, 'Scan': {'precision': 0.9441624365482234, 'recall': 0.93, 'f1-score': 0.9370277078085643, 'support': 200.0}, 'WebAttack': {'precision': 0.9696202531645569, 'recall': 0.9575, 'f1-score': 0.9635220125786164, 'support': 400.0}, 'accuracy': 0.9510416666666667, 'macro avg': {'precision': 0.9469783786245489, 'recall': 0.9446875, 'f1-score': 0.9452266182211411, 'support': 1920.0}, 'weighted avg': {'precision': 0.9521447923153908, 'recall': 0.9510416666666667, 'f1-score': 0.9511187274008487, 'support': 1920.0}}","[[192   0   3   0   2   0   1   2]
 [  1 108   0   0   0   2   6   3]
 [  2   0 195   0   1   1   0   1]
 [  6   0   0 194   0   0   0   0]
 [ 14   0   2   1 178   0   1   4]
 [  1   0   6   0   0 390   3   0]
 [  1   3   2   2   0   4 186   2]
 [  2   2   5   0   6   2   0 383]]",0.003606081008911133,0.20531177520751953
104,ToN_IoT,3,rbf,QuantileTransformer,LDA,0.9314401339278094,-1,-1,98.52864583333333,94.07291666666666,0.8407738095238095,93.07003346554326,93.5307046347967,-1,"{'0Normal': {'precision': 0.8934010152284264, 'recall': 0.88, 'f1-score': 0.8866498740554156, 'support': 200.0}, 'BruteForce': {'precision': 0.8818897637795275, 'recall': 0.9333333333333333, 'f1-score': 0.9068825910931174, 'support': 120.0}, 'DDoS': {'precision': 0.9502487562189055, 'recall': 0.955, 'f1-score': 0.9526184538653366, 'support': 200.0}, 'DoS': {'precision': 0.9282296650717703, 'recall': 0.97, 'f1-score': 0.9486552567237164, 'support': 200.0}, 'MITM': {'precision': 0.925, 'recall': 0.925, 'f1-score': 0.925, 'support': 200.0}, 'Malware': {'precision': 0.9722222222222222, 'recall': 0.9625, 'f1-score': 0.9673366834170855, 'support': 400.0}, 'Scan': {'precision': 0.9158878504672897, 'recall': 0.98, 'f1-score': 0.9468599033816425, 'support': 200.0}, 'WebAttack': {'precision': 0.9787234042553191, 'recall': 0.92, 'f1-score': 0.9484536082474226, 'support': 400.0}, 'accuracy': 0.9411458333333333, 'macro avg': {'precision': 0.9307003346554326, 'recall': 0.9407291666666666, 'f1-score': 0.9353070463479671, 'support': 1920.0}, 'weighted avg': {'precision': 0.9420617081467907, 'recall': 0.9411458333333333, 'f1-score': 0.941197252709479, 'support': 1920.0}}","[[176   1   4   7   4   3   3   2]
 [  1 112   0   0   0   1   6   0]
 [  2   1 191   1   1   4   0   0]
 [  6   0   0 194   0   0   0   0]
 [  3   1   0   5 185   1   0   5]
 [  6   0   0   0   0 385   9   0]
 [  0   1   2   0   0   0 196   1]
 [  3  11   4   2  10   2   0 368]]",8.264121294021606,0.002876758575439453
105,ToN_IoT,3,rbf,QuantileTransformer,NuSVC,0.8667204999244844,-1,-1,97.1484375,86.55208333333333,1.6294642857142858,88.21011105841178,87.13181175160231,-1,"{'0Normal': {'precision': 0.8268156424581006, 'recall': 0.74, 'f1-score': 0.7810026385224275, 'support': 200.0}, 'BruteForce': {'precision': 0.9484536082474226, 'recall': 0.7666666666666667, 'f1-score': 0.847926267281106, 'support': 120.0}, 'DDoS': {'precision': 0.8232558139534883, 'recall': 0.885, 'f1-score': 0.8530120481927711, 'support': 200.0}, 'DoS': {'precision': 0.9646464646464646, 'recall': 0.955, 'f1-score': 0.9597989949748744, 'support': 200.0}, 'MITM': {'precision': 0.85, 'recall': 0.765, 'f1-score': 0.8052631578947368, 'support': 200.0}, 'Malware': {'precision': 0.9290953545232273, 'recall': 0.95, 'f1-score': 0.9394313967861557, 'support': 400.0}, 'Scan': {'precision': 0.8043478260869565, 'recall': 0.925, 'f1-score': 0.8604651162790697, 'support': 200.0}, 'WebAttack': {'precision': 0.9101941747572816, 'recall': 0.9375, 'f1-score': 0.9236453201970444, 'support': 400.0}, 'accuracy': 0.8859375, 'macro avg': {'precision': 0.8821011105841178, 'recall': 0.8655208333333333, 'f1-score': 0.8713181175160232, 'support': 1920.0}, 'weighted avg': {'precision': 0.8871580177765085, 'recall': 0.8859375, 'f1-score': 0.8848386614790565, 'support': 1920.0}}","[[148   0   2   0  10   4  19  17]
 [  1  92  13   0   0   8   6   0]
 [  3   3 177   1  10   5   0   1]
 [  6   0   0 191   0   0   0   3]
 [ 12   0   7   0 153   8   6  14]
 [  6   0   0   0   0 380  14   0]
 [  1   0   3   6   0   3 185   2]
 [  2   2  13   0   7   1   0 375]]",9.63190770149231,5.077086687088013
106,ToN_IoT,3,rbf,QuantileTransformer,SGD,0.8547203157393244,-1,-1,96.875,86.78125000000001,1.7857142857142856,86.41415111019792,86.12894898374012,-1,"{'0Normal': {'precision': 0.8169642857142857, 'recall': 0.915, 'f1-score': 0.8632075471698113, 'support': 200.0}, 'BruteForce': {'precision': 0.6287425149700598, 'recall': 0.875, 'f1-score': 0.7317073170731707, 'support': 120.0}, 'DDoS': {'precision': 0.8983050847457628, 'recall': 0.795, 'f1-score': 0.843501326259947, 'support': 200.0}, 'DoS': {'precision': 1.0, 'recall': 0.95, 'f1-score': 0.9743589743589743, 'support': 200.0}, 'MITM': {'precision': 0.8599033816425121, 'recall': 0.89, 'f1-score': 0.8746928746928747, 'support': 200.0}, 'Malware': {'precision': 0.8857868020304569, 'recall': 0.8725, 'f1-score': 0.8790931989924433, 'support': 400.0}, 'Scan': {'precision': 0.8930817610062893, 'recall': 0.71, 'f1-score': 0.7910863509749304, 'support': 200.0}, 'WebAttack': {'precision': 0.9303482587064676, 'recall': 0.935, 'f1-score': 0.9326683291770573, 'support': 400.0}, 'accuracy': 0.875, 'macro avg': {'precision': 0.8641415111019792, 'recall': 0.8678125000000001, 'f1-score': 0.8612894898374012, 'support': 1920.0}, 'weighted avg': {'precision': 0.8831010566213264, 'recall': 0.875, 'f1-score': 0.8759785958374418, 'support': 1920.0}}","[[183   2   0   0   7   2   2   4]
 [  7 105   0   0   0   2   0   6]
 [  2  21 159   0  11   5   0   2]
 [  6   1   0 190   1   0   0   2]
 [  6   1   3   0 178   0   0  12]
 [  6  30   0   0   0 349  15   0]
 [ 14   3   4   0   0  35 142   2]
 [  0   4  11   0  10   1   0 374]]",3.018474817276001,0.0020754337310791016
107,ToN_IoT,3,rbf,QuantileTransformer,GauNB,0.34069638415427644,-1,-1,85.09114583333334,39.645833333333336,8.519345238095239,37.498604048590146,30.293064426350842,-1,"{'0Normal': {'precision': 0.4107142857142857, 'recall': 0.115, 'f1-score': 0.1796875, 'support': 200.0}, 'BruteForce': {'precision': 0.17624521072796934, 'recall': 0.7666666666666667, 'f1-score': 0.2866043613707165, 'support': 120.0}, 'DDoS': {'precision': 0.0, 'recall': 0.0, 'f1-score': 0.0, 'support': 200.0}, 'DoS': {'precision': 0.0, 'recall': 0.0, 'f1-score': 0.0, 'support': 200.0}, 'MITM': {'precision': 0.4050179211469534, 'recall': 0.565, 'f1-score': 0.4718162839248434, 'support': 200.0}, 'Malware': {'precision': 0.4412442396313364, 'recall': 0.9575, 'f1-score': 0.6041009463722398, 'support': 400.0}, 'Scan': {'precision': 0.8666666666666667, 'recall': 0.715, 'f1-score': 0.7835616438356164, 'support': 200.0}, 'WebAttack': {'precision': 0.7, 'recall': 0.0525, 'f1-score': 0.09767441860465116, 'support': 400.0}, 'accuracy': 0.4036458333333333, 'macro avg': {'precision': 0.37498604048590145, 'recall': 0.39645833333333336, 'f1-score': 0.3029306442635084, 'support': 1920.0}, 'weighted avg': {'precision': 0.42402442491951675, 'recall': 0.4036458333333333, 'f1-score': 0.3136019556809034, 'support': 1920.0}}","[[ 23  24   0   0 102  47   2   2]
 [  0  92   0   0   0  22   6   0]
 [ 31  15   0   0   0 150   0   4]
 [  0   0   0   0   3 197   0   0]
 [  1  80   0   0 113   3   0   3]
 [  0   0   0   0   3 383  14   0]
 [  0   3   0   0   0  54 143   0]
 [  1 308   0   0  58  12   0  21]]",0.10872888565063477,0.05234479904174805
108,ToN_IoT,3,rbf,QuantileTransformer,NC,0.25500467356037365,-1,-1,82.5,38.89583333333333,10.0,33.18980461380282,24.108569390076823,-1,"{'0Normal': {'precision': 0.9375, 'recall': 0.075, 'f1-score': 0.1388888888888889, 'support': 200.0}, 'BruteForce': {'precision': 0.17196261682242991, 'recall': 0.7666666666666667, 'f1-score': 0.28091603053435116, 'support': 120.0}, 'DDoS': {'precision': 0.0, 'recall': 0.0, 'f1-score': 0.0, 'support': 200.0}, 'DoS': {'precision': 0.3036565977742448, 'recall': 0.955, 'f1-score': 0.46079613992762364, 'support': 200.0}, 'MITM': {'precision': 0.41125541125541126, 'recall': 0.475, 'f1-score': 0.4408352668213457, 'support': 200.0}, 'Malware': {'precision': 0.4838709677419355, 'recall': 0.075, 'f1-score': 0.12987012987012986, 'support': 400.0}, 'Scan': {'precision': 0.3469387755102041, 'recall': 0.765, 'f1-score': 0.47737909516380655, 'support': 200.0}, 'WebAttack': {'precision': 0.0, 'recall': 0.0, 'f1-score': 0.0, 'support': 400.0}, 'accuracy': 0.3, 'macro avg': {'precision': 0.3318980461380282, 'recall': 0.3889583333333333, 'f1-score': 0.24108569390076823, 'support': 1920.0}, 'weighted avg': {'precision': 0.3198198218872072, 'recall': 0.3, 'f1-score': 0.2027280488398474, 'support': 1920.0}}","[[ 15  30   0   7  43  24  80   1]
 [  0  92   0  21   0   0   7   0]
 [  0  15   0 144  31   4   6   0]
 [  0   0   0 191   3   0   6   0]
 [  1  71   0  12  95   3  13   5]
 [  0   0   0 194   0  30 176   0]
 [  0   3   0  44   0   0 153   0]
 [  0 324   0  16  59   1   0   0]]",0.011610269546508789,0.003314495086669922
109,ToN_IoT,3,rbf,QuantileTransformer,RNC,0.804795451849627,-1,-1,95.5078125,78.23958333333334,2.5669642857142856,93.36378208745008,81.51618788222848,-1,"{'0Normal': {'precision': 0.9850746268656716, 'recall': 0.66, 'f1-score': 0.7904191616766467, 'support': 200.0}, 'BruteForce': {'precision': 1.0, 'recall': 0.8416666666666667, 'f1-score': 0.9140271493212669, 'support': 120.0}, 'DDoS': {'precision': 0.9942196531791907, 'recall': 0.86, 'f1-score': 0.9222520107238605, 'support': 200.0}, 'DoS': {'precision': 1.0, 'recall': 0.94, 'f1-score': 0.9690721649484536, 'support': 200.0}, 'MITM': {'precision': 0.96, 'recall': 0.24, 'f1-score': 0.384, 'support': 200.0}, 'Malware': {'precision': 0.9948051948051948, 'recall': 0.9575, 'f1-score': 0.975796178343949, 'support': 400.0}, 'Scan': {'precision': 0.9935064935064936, 'recall': 0.765, 'f1-score': 0.864406779661017, 'support': 200.0}, 'WebAttack': {'precision': 0.5414965986394558, 'recall': 0.995, 'f1-score': 0.7013215859030837, 'support': 400.0}, 'accuracy': 0.8203125, 'macro avg': {'precision': 0.9336378208745008, 'recall': 0.7823958333333334, 'f1-score': 0.8151618788222847, 'support': 1920.0}, 'weighted avg': {'precision': 0.8963962875459017, 'recall': 0.8203125, 'f1-score': 0.8159168682392505, 'support': 1920.0}}","[[132   0   0   0   0   0   0  68]
 [  0 101   0   0   0   0   0  19]
 [  0   0 172   0   0   1   0  27]
 [  2   0   0 188   0   0   0  10]
 [  0   0   0   0  48   0   0 152]
 [  0   0   1   0   0 383   1  15]
 [  0   0   0   0   0   1 153  46]
 [  0   0   0   0   2   0   0 398]]",0.003430604934692383,0.22545814514160156
110,ToN_IoT,3,poly,QuantileTransformer,KNN,0.9439799258502963,-1,-1,98.80208333333333,94.63541666666666,0.6845238095238095,94.90785864725669,94.75356623953789,-1,"{'0Normal': {'precision': 0.9090909090909091, 'recall': 0.95, 'f1-score': 0.9290953545232273, 'support': 200.0}, 'BruteForce': {'precision': 0.956140350877193, 'recall': 0.9083333333333333, 'f1-score': 0.9316239316239316, 'support': 120.0}, 'DDoS': {'precision': 0.9463414634146341, 'recall': 0.97, 'f1-score': 0.9580246913580247, 'support': 200.0}, 'DoS': {'precision': 0.9948717948717949, 'recall': 0.97, 'f1-score': 0.9822784810126582, 'support': 200.0}, 'MITM': {'precision': 0.9187817258883249, 'recall': 0.905, 'f1-score': 0.9118387909319899, 'support': 200.0}, 'Malware': {'precision': 0.9727047146401985, 'recall': 0.98, 'f1-score': 0.9763387297633873, 'support': 400.0}, 'Scan': {'precision': 0.935, 'recall': 0.935, 'f1-score': 0.935, 'support': 200.0}, 'WebAttack': {'precision': 0.9596977329974811, 'recall': 0.9525, 'f1-score': 0.9560853199498118, 'support': 400.0}, 'accuracy': 0.9520833333333333, 'macro avg': {'precision': 0.9490785864725669, 'recall': 0.9463541666666666, 'f1-score': 0.9475356623953789, 'support': 1920.0}, 'weighted avg': {'precision': 0.9523515624028477, 'recall': 0.9520833333333333, 'f1-score': 0.9520895600236102, 'support': 1920.0}}","[[190   0   2   0   3   0   3   2]
 [  1 109   0   0   0   2   6   2]
 [  2   0 194   0   1   2   0   1]
 [  6   0   0 194   0   0   0   0]
 [  9   0   0   0 181   0   1   9]
 [  0   0   4   0   1 392   3   0]
 [  1   3   1   1   0   5 187   2]
 [  0   2   4   0  11   2   0 381]]",0.017986297607421875,0.27480220794677734
111,ToN_IoT,3,poly,QuantileTransformer,LDA,0.9295584550655778,-1,-1,98.48958333333333,93.875,0.8630952380952381,93.00879287903813,93.40739547680693,-1,"{'0Normal': {'precision': 0.8994974874371859, 'recall': 0.895, 'f1-score': 0.8972431077694235, 'support': 200.0}, 'BruteForce': {'precision': 0.8671875, 'recall': 0.925, 'f1-score': 0.8951612903225806, 'support': 120.0}, 'DDoS': {'precision': 0.95, 'recall': 0.95, 'f1-score': 0.95, 'support': 200.0}, 'DoS': {'precision': 0.9463414634146341, 'recall': 0.97, 'f1-score': 0.9580246913580247, 'support': 200.0}, 'MITM': {'precision': 0.9289340101522843, 'recall': 0.915, 'f1-score': 0.9219143576826196, 'support': 200.0}, 'Malware': {'precision': 0.9649122807017544, 'recall': 0.9625, 'f1-score': 0.9637046307884856, 'support': 400.0}, 'Scan': {'precision': 0.9154929577464789, 'recall': 0.975, 'f1-score': 0.9443099273607748, 'support': 200.0}, 'WebAttack': {'precision': 0.9683377308707124, 'recall': 0.9175, 'f1-score': 0.9422336328626444, 'support': 400.0}, 'accuracy': 0.9395833333333333, 'macro avg': {'precision': 0.9300879287903813, 'recall': 0.93875, 'f1-score': 0.9340739547680692, 'support': 1920.0}, 'weighted avg': {'precision': 0.940320671030783, 'recall': 0.9395833333333333, 'f1-score': 0.9396318110069429, 'support': 1920.0}}","[[179   3   3   3   3   2   3   4]
 [  1 111   0   0   0   2   6   0]
 [  2   1 190   0   2   5   0   0]
 [  6   0   0 194   0   0   0   0]
 [  2   3   0   5 183   1   0   6]
 [  6   0   0   0   0 385   9   0]
 [  0   1   0   0   0   2 195   2]
 [  3   9   7   3   9   2   0 367]]",18.184611082077026,0.010012626647949219
112,ToN_IoT,3,poly,QuantileTransformer,NuSVC,0.8722404444597639,-1,-1,97.265625,86.92708333333333,1.5625,88.80043680816341,87.58297276798652,-1,"{'0Normal': {'precision': 0.864406779661017, 'recall': 0.765, 'f1-score': 0.8116710875331565, 'support': 200.0}, 'BruteForce': {'precision': 0.9484536082474226, 'recall': 0.7666666666666667, 'f1-score': 0.847926267281106, 'support': 120.0}, 'DDoS': {'precision': 0.8309859154929577, 'recall': 0.885, 'f1-score': 0.8571428571428571, 'support': 200.0}, 'DoS': {'precision': 0.9646464646464646, 'recall': 0.955, 'f1-score': 0.9597989949748744, 'support': 200.0}, 'MITM': {'precision': 0.8514285714285714, 'recall': 0.745, 'f1-score': 0.7946666666666666, 'support': 200.0}, 'Malware': {'precision': 0.9234449760765551, 'recall': 0.965, 'f1-score': 0.9437652811735942, 'support': 400.0}, 'Scan': {'precision': 0.8060344827586207, 'recall': 0.935, 'f1-score': 0.8657407407407407, 'support': 200.0}, 'WebAttack': {'precision': 0.9146341463414634, 'recall': 0.9375, 'f1-score': 0.9259259259259259, 'support': 400.0}, 'accuracy': 0.890625, 'macro avg': {'precision': 0.8880043680816341, 'recall': 0.8692708333333333, 'f1-score': 0.8758297276798652, 'support': 1920.0}, 'weighted avg': {'precision': 0.8919513149762627, 'recall': 0.890625, 'f1-score': 0.8892873460027082, 'support': 1920.0}}","[[153   0   2   0   8   7  19  11]
 [  1  92  13   0   0   8   6   0]
 [  2   3 177   1  11   4   1   1]
 [  6   0   0 191   0   0   0   3]
 [ 14   0   5   1 149   8   5  18]
 [  0   0   0   0   0 386  14   0]
 [  1   0   2   5   0   3 187   2]
 [  0   2  14   0   7   2   0 375]]",13.022058486938477,6.400936126708984
113,ToN_IoT,3,poly,QuantileTransformer,SGD,0.8345418136851815,-1,-1,96.43229166666667,81.77083333333333,2.0386904761904763,87.91838033307147,83.82562768089757,-1,"{'0Normal': {'precision': 0.9073170731707317, 'recall': 0.93, 'f1-score': 0.9185185185185185, 'support': 200.0}, 'BruteForce': {'precision': 0.6915887850467289, 'recall': 0.6166666666666667, 'f1-score': 0.6519823788546255, 'support': 120.0}, 'DDoS': {'precision': 0.9192546583850931, 'recall': 0.74, 'f1-score': 0.8199445983379502, 'support': 200.0}, 'DoS': {'precision': 0.9597989949748744, 'recall': 0.955, 'f1-score': 0.9573934837092731, 'support': 200.0}, 'MITM': {'precision': 0.986013986013986, 'recall': 0.705, 'f1-score': 0.8221574344023324, 'support': 200.0}, 'Malware': {'precision': 0.7813121272365805, 'recall': 0.9825, 'f1-score': 0.8704318936877077, 'support': 400.0}, 'Scan': {'precision': 0.9705882352941176, 'recall': 0.66, 'f1-score': 0.7857142857142857, 'support': 200.0}, 'WebAttack': {'precision': 0.8175965665236051, 'recall': 0.9525, 'f1-score': 0.8799076212471132, 'support': 400.0}, 'accuracy': 0.8572916666666667, 'macro avg': {'precision': 0.8791838033307147, 'recall': 0.8177083333333333, 'f1-score': 0.8382562768089757, 'support': 1920.0}, 'weighted avg': {'precision': 0.8703899589986679, 'recall': 0.8572916666666667, 'f1-score': 0.8537079976942475, 'support': 1920.0}}","[[186   0   1   1   1   2   1   8]
 [  1  74   0   0   0   8   0  37]
 [  2   5 148   0   0  38   0   7]
 [  6   0   0 191   0   0   0   3]
 [  7  20   2   1 141   1   0  28]
 [  1   0   2   1   0 393   3   0]
 [  2   3   0   5   0  56 132   2]
 [  0   5   8   0   1   5   0 381]]",3.613581895828247,0.0023009777069091797
114,ToN_IoT,3,poly,QuantileTransformer,GauNB,0.3426571883319375,-1,-1,85.13020833333333,39.83333333333333,8.49702380952381,37.547495038885195,30.434930270096512,-1,"{'0Normal': {'precision': 0.4107142857142857, 'recall': 0.115, 'f1-score': 0.1796875, 'support': 200.0}, 'BruteForce': {'precision': 0.17624521072796934, 'recall': 0.7666666666666667, 'f1-score': 0.2866043613707165, 'support': 120.0}, 'DDoS': {'precision': 0.0, 'recall': 0.0, 'f1-score': 0.0, 'support': 200.0}, 'DoS': {'precision': 0.0, 'recall': 0.0, 'f1-score': 0.0, 'support': 200.0}, 'MITM': {'precision': 0.4050179211469534, 'recall': 0.565, 'f1-score': 0.4718162839248434, 'support': 200.0}, 'Malware': {'precision': 0.44277456647398844, 'recall': 0.9575, 'f1-score': 0.6055335968379446, 'support': 400.0}, 'Scan': {'precision': 0.8690476190476191, 'recall': 0.73, 'f1-score': 0.7934782608695652, 'support': 200.0}, 'WebAttack': {'precision': 0.7, 'recall': 0.0525, 'f1-score': 0.09767441860465116, 'support': 400.0}, 'accuracy': 0.40520833333333334, 'macro avg': {'precision': 0.375474950388852, 'recall': 0.3983333333333333, 'f1-score': 0.3043493027009651, 'support': 1920.0}, 'weighted avg': {'precision': 0.42459125888475174, 'recall': 0.40520833333333334, 'f1-score': 0.3149334054689615, 'support': 1920.0}}","[[ 23  24   0   0 102  47   2   2]
 [  0  92   0   0   0  22   6   0]
 [ 31  15   0   0   0 150   0   4]
 [  0   0   0   0   3 197   0   0]
 [  1  80   0   0 113   3   0   3]
 [  0   0   0   0   3 383  14   0]
 [  0   3   0   0   0  51 146   0]
 [  1 308   0   0  58  12   0  21]]",0.15021395683288574,0.053436994552612305
115,ToN_IoT,3,poly,QuantileTransformer,NC,0.2592721569169581,-1,-1,82.70833333333333,39.61458333333333,9.880952380952381,42.2990503593286,25.735644141823833,-1,"{'0Normal': {'precision': 0.9473684210526315, 'recall': 0.09, 'f1-score': 0.1643835616438356, 'support': 200.0}, 'BruteForce': {'precision': 0.18585858585858586, 'recall': 0.7666666666666667, 'f1-score': 0.2991869918699187, 'support': 120.0}, 'DDoS': {'precision': 0.5, 'recall': 0.02, 'f1-score': 0.038461538461538464, 'support': 200.0}, 'DoS': {'precision': 0.3075684380032206, 'recall': 0.955, 'f1-score': 0.46528623629719856, 'support': 200.0}, 'MITM': {'precision': 0.4166666666666667, 'recall': 0.475, 'f1-score': 0.4439252336448598, 'support': 200.0}, 'Malware': {'precision': 0.4838709677419355, 'recall': 0.075, 'f1-score': 0.12987012987012986, 'support': 400.0}, 'Scan': {'precision': 0.3469387755102041, 'recall': 0.765, 'f1-score': 0.47737909516380655, 'support': 200.0}, 'WebAttack': {'precision': 0.1956521739130435, 'recall': 0.0225, 'f1-score': 0.04035874439461883, 'support': 400.0}, 'accuracy': 0.30833333333333335, 'macro avg': {'precision': 0.42299050359328594, 'recall': 0.3961458333333333, 'f1-score': 0.2573564414182383, 'support': 1920.0}, 'weighted avg': {'precision': 0.4155316391726908, 'recall': 0.30833333333333335, 'f1-score': 0.21972975092319663, 'support': 1920.0}}","[[ 18  25   2   5  40  24  80   6]
 [  0  92   0  21   0   0   7   0]
 [  0  15   4 140  31   4   6   0]
 [  0   0   0 191   3   0   6   0]
 [  1  45   1  11  95   3  13  31]
 [  0   0   0 194   0  30 176   0]
 [  0   3   0  44   0   0 153   0]
 [  0 315   1  15  59   1   0   9]]",0.012781381607055664,0.0035262107849121094
116,ToN_IoT,3,poly,QuantileTransformer,RNC,0.7973586486915154,-1,-1,95.32552083333333,77.32291666666666,2.671130952380952,93.26928837732991,80.62479554927378,-1,"{'0Normal': {'precision': 0.9925373134328358, 'recall': 0.665, 'f1-score': 0.7964071856287425, 'support': 200.0}, 'BruteForce': {'precision': 1.0, 'recall': 0.8333333333333334, 'f1-score': 0.9090909090909091, 'support': 120.0}, 'DDoS': {'precision': 1.0, 'recall': 0.83, 'f1-score': 0.907103825136612, 'support': 200.0}, 'DoS': {'precision': 1.0, 'recall': 0.94, 'f1-score': 0.9690721649484536, 'support': 200.0}, 'MITM': {'precision': 0.9545454545454546, 'recall': 0.21, 'f1-score': 0.3442622950819672, 'support': 200.0}, 'Malware': {'precision': 0.9896640826873385, 'recall': 0.9575, 'f1-score': 0.9733163913595934, 'support': 400.0}, 'Scan': {'precision': 0.993421052631579, 'recall': 0.755, 'f1-score': 0.8579545454545454, 'support': 200.0}, 'WebAttack': {'precision': 0.5313751668891856, 'recall': 0.995, 'f1-score': 0.6927763272410792, 'support': 400.0}, 'accuracy': 0.8130208333333333, 'macro avg': {'precision': 0.9326928837732992, 'recall': 0.7732291666666666, 'f1-score': 0.8062479554927379, 'support': 1920.0}, 'weighted avg': {'precision': 0.8940189916419706, 'recall': 0.8130208333333333, 'f1-score': 0.807545833219397, 'support': 1920.0}}","[[133   0   0   0   0   0   0  67]
 [  0 100   0   0   0   0   0  20]
 [  0   0 166   0   0   3   0  31]
 [  1   0   0 188   0   0   0  11]
 [  0   0   0   0  42   0   0 158]
 [  0   0   0   0   0 383   1  16]
 [  0   0   0   0   0   1 151  48]
 [  0   0   0   0   2   0   0 398]]",0.003790616989135742,0.23499560356140137
117,ToN_IoT,3,linear,QuantileTransformer,KNN,0.9337374468516106,-1,-1,98.58072916666667,93.86458333333333,0.8110119047619049,93.79347008774668,93.78418584485358,-1,"{'0Normal': {'precision': 0.8807339449541285, 'recall': 0.96, 'f1-score': 0.9186602870813397, 'support': 200.0}, 'BruteForce': {'precision': 0.9166666666666666, 'recall': 0.9166666666666666, 'f1-score': 0.9166666666666666, 'support': 120.0}, 'DDoS': {'precision': 0.9095238095238095, 'recall': 0.955, 'f1-score': 0.9317073170731708, 'support': 200.0}, 'DoS': {'precision': 0.9847715736040609, 'recall': 0.97, 'f1-score': 0.9773299748110831, 'support': 200.0}, 'MITM': {'precision': 0.9473684210526315, 'recall': 0.9, 'f1-score': 0.9230769230769231, 'support': 200.0}, 'Malware': {'precision': 0.9554455445544554, 'recall': 0.965, 'f1-score': 0.9601990049751243, 'support': 400.0}, 'Scan': {'precision': 0.93717277486911, 'recall': 0.895, 'f1-score': 0.9156010230179028, 'support': 200.0}, 'WebAttack': {'precision': 0.9717948717948718, 'recall': 0.9475, 'f1-score': 0.959493670886076, 'support': 400.0}, 'accuracy': 0.9432291666666667, 'macro avg': {'precision': 0.9379347008774668, 'recall': 0.9386458333333333, 'f1-score': 0.9378418584485358, 'support': 1920.0}, 'weighted avg': {'precision': 0.9441720163231663, 'recall': 0.9432291666666667, 'f1-score': 0.9433084246648771, 'support': 1920.0}}","[[192   0   2   0   3   0   2   1]
 [  1 110   0   0   0   2   6   1]
 [  2   0 191   0   1   5   0   1]
 [  6   0   0 194   0   0   0   0]
 [ 10   0   2   1 180   0   1   6]
 [  1   0   9   0   1 386   3   0]
 [  4   3   1   2   0   9 179   2]
 [  2   7   5   0   5   2   0 379]]",0.0021228790283203125,0.09170937538146973
118,ToN_IoT,3,linear,QuantileTransformer,LDA,0.9283911964179953,-1,-1,98.46354166666667,93.65625,0.8779761904761905,92.80737970940905,93.16842057037549,-1,"{'0Normal': {'precision': 0.9148936170212766, 'recall': 0.86, 'f1-score': 0.8865979381443299, 'support': 200.0}, 'BruteForce': {'precision': 0.8604651162790697, 'recall': 0.925, 'f1-score': 0.891566265060241, 'support': 120.0}, 'DDoS': {'precision': 0.9368932038834952, 'recall': 0.965, 'f1-score': 0.9507389162561576, 'support': 200.0}, 'DoS': {'precision': 0.9326923076923077, 'recall': 0.97, 'f1-score': 0.9509803921568627, 'support': 200.0}, 'MITM': {'precision': 0.9378238341968912, 'recall': 0.905, 'f1-score': 0.9211195928753181, 'support': 200.0}, 'Malware': {'precision': 0.9649122807017544, 'recall': 0.9625, 'f1-score': 0.9637046307884856, 'support': 400.0}, 'Scan': {'precision': 0.9032258064516129, 'recall': 0.98, 'f1-score': 0.9400479616306955, 'support': 200.0}, 'WebAttack': {'precision': 0.9736842105263158, 'recall': 0.925, 'f1-score': 0.9487179487179487, 'support': 400.0}, 'accuracy': 0.9385416666666667, 'macro avg': {'precision': 0.9280737970940904, 'recall': 0.9365625, 'f1-score': 0.9316842057037549, 'support': 1920.0}, 'weighted avg': {'precision': 0.9394792522363715, 'recall': 0.9385416666666667, 'f1-score': 0.9384655957408726, 'support': 1920.0}}","[[172   4   6   4   5   3   3   3]
 [  1 111   0   0   0   2   6   0]
 [  1   0 193   1   1   4   0   0]
 [  6   0   0 194   0   0   0   0]
 [  1   3   0   7 181   2   0   6]
 [  4   0   0   0   0 385  11   0]
 [  0   1   1   0   0   1 196   1]
 [  3  10   6   2   6   2   1 370]]",46.85870718955994,0.0025217533111572266
119,ToN_IoT,3,linear,QuantileTransformer,NuSVC,0.8868585102219222,-1,-1,97.578125,88.66666666666666,1.3839285714285714,89.91744391295458,89.09157931894292,-1,"{'0Normal': {'precision': 0.8715083798882681, 'recall': 0.78, 'f1-score': 0.8232189973614775, 'support': 200.0}, 'BruteForce': {'precision': 0.9285714285714286, 'recall': 0.7583333333333333, 'f1-score': 0.8348623853211009, 'support': 120.0}, 'DDoS': {'precision': 0.8349056603773585, 'recall': 0.885, 'f1-score': 0.8592233009708737, 'support': 200.0}, 'DoS': {'precision': 0.9947916666666666, 'recall': 0.955, 'f1-score': 0.9744897959183674, 'support': 200.0}, 'MITM': {'precision': 0.8585365853658536, 'recall': 0.88, 'f1-score': 0.8691358024691358, 'support': 200.0}, 'Malware': {'precision': 0.9334975369458128, 'recall': 0.9475, 'f1-score': 0.9404466501240695, 'support': 400.0}, 'Scan': {'precision': 0.8414096916299559, 'recall': 0.955, 'f1-score': 0.8946135831381733, 'support': 200.0}, 'WebAttack': {'precision': 0.9301745635910225, 'recall': 0.9325, 'f1-score': 0.9313358302122348, 'support': 400.0}, 'accuracy': 0.903125, 'macro avg': {'precision': 0.8991744391295459, 'recall': 0.8866666666666666, 'f1-score': 0.8909157931894292, 'support': 1920.0}, 'weighted avg': {'precision': 0.9047540668900657, 'recall': 0.903125, 'f1-score': 0.9026212366378434, 'support': 1920.0}}","[[156   0   2   0   9   4  19  10]
 [  1  91  13   0   0  13   1   1]
 [  2   3 177   1  11   5   0   1]
 [  6   0   0 191   1   0   0   2]
 [  6   0   5   0 176   0   1  12]
 [  6   0   0   0   0 379  15   0]
 [  1   0   2   0   0   4 191   2]
 [  1   4  13   0   8   1   0 373]]",3.046613931655884,2.8177943229675293
120,ToN_IoT,3,linear,QuantileTransformer,SGD,0.7509132617994223,-1,-1,94.59635416666666,70.8125,3.087797619047619,71.00031104100742,67.62900447095038,-1,"{'0Normal': {'precision': 0.8785046728971962, 'recall': 0.94, 'f1-score': 0.9082125603864735, 'support': 200.0}, 'BruteForce': {'precision': 0.0, 'recall': 0.0, 'f1-score': 0.0, 'support': 120.0}, 'DDoS': {'precision': 0.9333333333333333, 'recall': 0.21, 'f1-score': 0.34285714285714286, 'support': 200.0}, 'DoS': {'precision': 0.9317073170731708, 'recall': 0.955, 'f1-score': 0.9432098765432099, 'support': 200.0}, 'MITM': {'precision': 0.7629310344827587, 'recall': 0.885, 'f1-score': 0.8194444444444444, 'support': 200.0}, 'Malware': {'precision': 0.7882096069868996, 'recall': 0.9025, 'f1-score': 0.8414918414918415, 'support': 400.0}, 'Scan': {'precision': 0.6269230769230769, 'recall': 0.815, 'f1-score': 0.7086956521739131, 'support': 200.0}, 'WebAttack': {'precision': 0.7584158415841584, 'recall': 0.9575, 'f1-score': 0.8464088397790055, 'support': 400.0}, 'accuracy': 0.7838541666666666, 'macro avg': {'precision': 0.7100031104100742, 'recall': 0.708125, 'f1-score': 0.6762900447095038, 'support': 1920.0}, 'weighted avg': {'precision': 0.752776076234547, 'recall': 0.7838541666666666, 'f1-score': 0.7393980248902998, 'support': 1920.0}}","[[188   0   0   1   5   2   1   3]
 [  5   0   0   0  26  19   0  70]
 [  2   1  42   2  12  48  63  30]
 [  7   0   0 191   1   0   0   1]
 [  7   0   0   0 177   1   0  15]
 [  1   0   0   4   1 361  33   0]
 [  4   0   0   7   0  23 163   3]
 [  0   0   3   0  10   4   0 383]]",2.199794054031372,0.0021584033966064453
121,ToN_IoT,3,linear,QuantileTransformer,GauNB,0.25675147035501394,-1,-1,83.09895833333333,36.145833333333336,9.657738095238095,30.627822957890448,24.448646071694498,-1,"{'0Normal': {'precision': 0.4107142857142857, 'recall': 0.115, 'f1-score': 0.1796875, 'support': 200.0}, 'BruteForce': {'precision': 0.17624521072796934, 'recall': 0.7666666666666667, 'f1-score': 0.2866043613707165, 'support': 120.0}, 'DDoS': {'precision': 0.0, 'recall': 0.0, 'f1-score': 0.0, 'support': 200.0}, 'DoS': {'precision': 0.0, 'recall': 0.0, 'f1-score': 0.0, 'support': 200.0}, 'MITM': {'precision': 0.41263940520446096, 'recall': 0.555, 'f1-score': 0.47334754797441364, 'support': 200.0}, 'Malware': {'precision': 0.4447058823529412, 'recall': 0.4725, 'f1-score': 0.4581818181818182, 'support': 400.0}, 'Scan': {'precision': 0.3059210526315789, 'recall': 0.93, 'f1-score': 0.4603960396039604, 'support': 200.0}, 'WebAttack': {'precision': 0.7, 'recall': 0.0525, 'f1-score': 0.09767441860465116, 'support': 400.0}, 'accuracy': 0.32395833333333335, 'macro avg': {'precision': 0.3062782295789045, 'recall': 0.3614583333333334, 'f1-score': 0.244486460716945, 'support': 1920.0}, 'weighted avg': {'precision': 0.3671285036138531, 'recall': 0.32395833333333335, 'f1-score': 0.2496985602055982, 'support': 1920.0}}","[[ 23  24   0   8  94  43   6   2]
 [  0  92   0   0   0  17  11   0]
 [ 31  15   0   0   0 138  12   4]
 [  0   0   0   0   3  17 180   0]
 [  1  80   0   2 111   2   1   3]
 [  0   0   0   0   3 189 208   0]
 [  0   3   0   0   0  11 186   0]
 [  1 308   0   0  58   8   4  21]]",0.0846400260925293,0.09680485725402832
122,ToN_IoT,3,linear,QuantileTransformer,NC,0.17906184082924617,-1,-1,81.43229166666667,28.239583333333336,10.610119047619047,27.340130828735475,21.63605922873163,-1,"{'0Normal': {'precision': 0.5352112676056338, 'recall': 0.19, 'f1-score': 0.28044280442804426, 'support': 200.0}, 'BruteForce': {'precision': 0.17196261682242991, 'recall': 0.7666666666666667, 'f1-score': 0.28091603053435116, 'support': 120.0}, 'DDoS': {'precision': 0.0, 'recall': 0.0, 'f1-score': 0.0, 'support': 200.0}, 'DoS': {'precision': 0.0, 'recall': 0.0, 'f1-score': 0.0, 'support': 200.0}, 'MITM': {'precision': 0.5459770114942529, 'recall': 0.475, 'f1-score': 0.5080213903743316, 'support': 200.0}, 'Malware': {'precision': 0.5099502487562189, 'recall': 0.5125, 'f1-score': 0.5112219451371571, 'support': 400.0}, 'Scan': {'precision': 0.09077598828696926, 'recall': 0.31, 'f1-score': 0.1404303510758777, 'support': 200.0}, 'WebAttack': {'precision': 0.3333333333333333, 'recall': 0.005, 'f1-score': 0.009852216748768473, 'support': 400.0}, 'accuracy': 0.25729166666666664, 'macro avg': {'precision': 0.27340130828735476, 'recall': 0.28239583333333335, 'f1-score': 0.2163605922873163, 'support': 1920.0}, 'weighted avg': {'precision': 0.3085113543395227, 'recall': 0.25729166666666664, 'f1-score': 0.2228742174969495, 'support': 1920.0}}","[[ 38  30   0   5  18  32  76   1]
 [  0  92   0   0   0   6  22   0]
 [ 31  15   0  30   0   8 116   0]
 [  0   0   0   0   3   0 197   0]
 [  1  73   0   9  95  15   4   3]
 [  0   0   0   0   0 205 195   0]
 [  0   3   0   0   0 135  62   0]
 [  1 322   0   5  58   1  11   2]]",0.007167816162109375,0.003571033477783203
123,ToN_IoT,3,linear,QuantileTransformer,RNC,0.7650725633010717,-1,-1,94.54427083333333,73.72916666666667,3.1175595238095237,92.23393489059121,77.24128367657488,-1,"{'0Normal': {'precision': 0.9925925925925926, 'recall': 0.67, 'f1-score': 0.8, 'support': 200.0}, 'BruteForce': {'precision': 1.0, 'recall': 0.8083333333333333, 'f1-score': 0.8940092165898618, 'support': 120.0}, 'DDoS': {'precision': 0.9548022598870056, 'recall': 0.845, 'f1-score': 0.896551724137931, 'support': 200.0}, 'DoS': {'precision': 1.0, 'recall': 0.94, 'f1-score': 0.9690721649484536, 'support': 200.0}, 'MITM': {'precision': 0.95, 'recall': 0.19, 'f1-score': 0.31666666666666665, 'support': 200.0}, 'Malware': {'precision': 0.9946666666666667, 'recall': 0.9325, 'f1-score': 0.9625806451612903, 'support': 400.0}, 'Scan': {'precision': 0.9903846153846154, 'recall': 0.515, 'f1-score': 0.6776315789473685, 'support': 200.0}, 'WebAttack': {'precision': 0.4962686567164179, 'recall': 0.9975, 'f1-score': 0.6627906976744186, 'support': 400.0}, 'accuracy': 0.7817708333333333, 'macro avg': {'precision': 0.9223393489059122, 'recall': 0.7372916666666667, 'f1-score': 0.7724128367657488, 'support': 1920.0}, 'weighted avg': {'precision': 0.8822552202739983, 'recall': 0.7817708333333333, 'f1-score': 0.7757364948255995, 'support': 1920.0}}","[[134   0   0   0   0   0   0  66]
 [  0  97   0   0   0   0   0  23]
 [  0   0 169   0   1   1   0  29]
 [  1   0   0 188   0   0   0  11]
 [  0   0   0   0  38   0   0 162]
 [  0   0   8   0   0 373   1  18]
 [  0   0   0   0   0   1 103  96]
 [  0   0   0   0   1   0   0 399]]",0.0020132064819335938,0.20493435859680176
124,ToN_IoT,3,sigmoid,QuantileTransformer,KNN,0.5610164003387939,-1,-1,89.71354166666666,58.875,5.877976190476191,39.46777744623356,45.95802592914671,-1,"{'0Normal': {'precision': 0.47174447174447176, 'recall': 0.96, 'f1-score': 0.6326194398682042, 'support': 200.0}, 'BruteForce': {'precision': 0.0, 'recall': 0.0, 'f1-score': 0.0, 'support': 120.0}, 'DDoS': {'precision': 0.3517110266159696, 'recall': 0.925, 'f1-score': 0.509641873278237, 'support': 200.0}, 'DoS': {'precision': 0.6198083067092651, 'recall': 0.97, 'f1-score': 0.7563352826510721, 'support': 200.0}, 'MITM': {'precision': 0.9242424242424242, 'recall': 0.915, 'f1-score': 0.9195979899497487, 'support': 200.0}, 'Malware': {'precision': 0.0, 'recall': 0.0, 'f1-score': 0.0, 'support': 400.0}, 'Scan': {'precision': 0.0, 'recall': 0.0, 'f1-score': 0.0, 'support': 200.0}, 'WebAttack': {'precision': 0.7899159663865546, 'recall': 0.94, 'f1-score': 0.8584474885844748, 'support': 400.0}, 'accuracy': 0.5885416666666666, 'macro avg': {'precision': 0.39467777446233565, 'recall': 0.58875, 'f1-score': 0.45958025929146706, 'support': 1920.0}, 'weighted avg': {'precision': 0.4111810585505458, 'recall': 0.5885416666666666, 'f1-score': 0.4724051628037721, 'support': 1920.0}}","[[192   0   4   0   3   0   0   1]
 [  2   0  37   0   0   0   0  81]
 [  2   0 185   1   1   0   0  11]
 [  6   0   0 194   0   0   0   0]
 [ 12   0   0   1 183   0   0   4]
 [ 87   0 223  90   0   0   0   0]
 [102   0  68  27   0   0   0   3]
 [  4   0   9   0  11   0   0 376]]",0.0013952255249023438,0.07632946968078613
125,ToN_IoT,3,sigmoid,QuantileTransformer,LDA,0.6509571133332364,-1,-1,92.08333333333333,68.20833333333333,4.523809523809524,69.38146627655551,62.46766504213781,-1,"{'0Normal': {'precision': 0.49859943977591037, 'recall': 0.89, 'f1-score': 0.6391382405745063, 'support': 200.0}, 'BruteForce': {'precision': 0.4, 'recall': 0.06666666666666667, 'f1-score': 0.11428571428571428, 'support': 120.0}, 'DDoS': {'precision': 0.6, 'recall': 0.975, 'f1-score': 0.7428571428571429, 'support': 200.0}, 'DoS': {'precision': 0.8584070796460177, 'recall': 0.97, 'f1-score': 0.9107981220657277, 'support': 200.0}, 'MITM': {'precision': 0.8151658767772512, 'recall': 0.86, 'f1-score': 0.8369829683698297, 'support': 200.0}, 'Malware': {'precision': 0.9506172839506173, 'recall': 0.1925, 'f1-score': 0.3201663201663202, 'support': 400.0}, 'Scan': {'precision': 0.743421052631579, 'recall': 0.565, 'f1-score': 0.6420454545454546, 'support': 200.0}, 'WebAttack': {'precision': 0.6843065693430657, 'recall': 0.9375, 'f1-score': 0.7911392405063291, 'support': 400.0}, 'accuracy': 0.6833333333333333, 'macro avg': {'precision': 0.6938146627655551, 'recall': 0.6820833333333333, 'f1-score': 0.6246766504213781, 'support': 1920.0}, 'weighted avg': {'precision': 0.7318167870227213, 'recall': 0.6833333333333333, 'f1-score': 0.6315629664926447, 'support': 1920.0}}","[[178   4   7   5   3   1   1   1]
 [  2   8  16   0  13   0   0  81]
 [  2   3 195   0   0   0   0   0]
 [  6   0   0 194   0   0   0   0]
 [  5   2   4   5 172   3   3   6]
 [128   0  75   0   8  77  32  80]
 [ 33   1  24  21   3   0 113   5]
 [  3   2   4   1  12   0   3 375]]",63.13664531707764,0.004986286163330078
126,ToN_IoT,3,sigmoid,QuantileTransformer,SGD,0.36394381717986035,-1,-1,84.58333333333333,42.37499999999999,8.80952380952381,38.49648796445163,33.096517179629934,-1,"{'0Normal': {'precision': 0.1987513007284079, 'recall': 0.955, 'f1-score': 0.3290267011197244, 'support': 200.0}, 'BruteForce': {'precision': 0.0, 'recall': 0.0, 'f1-score': 0.0, 'support': 120.0}, 'DDoS': {'precision': 0.6178343949044586, 'recall': 0.485, 'f1-score': 0.5434173669467787, 'support': 200.0}, 'DoS': {'precision': 0.36142322097378277, 'recall': 0.965, 'f1-score': 0.5258855585831063, 'support': 200.0}, 'MITM': {'precision': 0.9586206896551724, 'recall': 0.695, 'f1-score': 0.8057971014492754, 'support': 200.0}, 'Malware': {'precision': 0.0, 'recall': 0.0, 'f1-score': 0.0, 'support': 400.0}, 'Scan': {'precision': 0.0, 'recall': 0.0, 'f1-score': 0.0, 'support': 200.0}, 'WebAttack': {'precision': 0.943089430894309, 'recall': 0.29, 'f1-score': 0.4435946462715105, 'support': 400.0}, 'accuracy': 0.38333333333333336, 'macro avg': {'precision': 0.3849648796445163, 'recall': 0.42374999999999996, 'f1-score': 0.33096517179629936, 'support': 1920.0}, 'weighted avg': {'precision': 0.41904254875525404, 'recall': 0.38333333333333336, 'f1-score': 0.3220120854835319, 'support': 1920.0}}","[[191   0   0   6   3   0   0   0]
 [ 99   0  12   9   0   0   0   0]
 [ 21   0  97  82   0   0   0   0]
 [  6   0   0 193   0   0   0   1]
 [ 49   0   5   2 139   0   0   5]
 [175   0  29 196   0   0   0   0]
 [155   0   1  43   0   0   0   1]
 [265   0  13   3   3   0   0 116]]",0.7909901142120361,0.002360105514526367
127,ToN_IoT,3,sigmoid,QuantileTransformer,GauNB,0.1985189377706515,-1,-1,80.6640625,26.531249999999996,11.049107142857142,22.537731906296273,14.470372569512268,-1,"{'0Normal': {'precision': 0.0, 'recall': 0.0, 'f1-score': 0.0, 'support': 200.0}, 'BruteForce': {'precision': 0.0, 'recall': 0.0, 'f1-score': 0.0, 'support': 120.0}, 'DDoS': {'precision': 0.5535714285714286, 'recall': 0.155, 'f1-score': 0.2421875, 'support': 200.0}, 'DoS': {'precision': 0.4089935760171306, 'recall': 0.955, 'f1-score': 0.5727136431784108, 'support': 200.0}, 'MITM': {'precision': 0.14045354791514264, 'recall': 0.96, 'f1-score': 0.2450542437779196, 'support': 200.0}, 'Malware': {'precision': 0.0, 'recall': 0.0, 'f1-score': 0.0, 'support': 400.0}, 'Scan': {'precision': 0.0, 'recall': 0.0, 'f1-score': 0.0, 'support': 200.0}, 'WebAttack': {'precision': 0.7, 'recall': 0.0525, 'f1-score': 0.09767441860465116, 'support': 400.0}, 'accuracy': 0.2265625, 'macro avg': {'precision': 0.2253773190629627, 'recall': 0.26531249999999995, 'f1-score': 0.1447037256951227, 'support': 1920.0}, 'weighted avg': {'precision': 0.2607310992191356, 'recall': 0.2265625, 'f1-score': 0.13076085668392007, 'support': 1920.0}}","[[  0   0  23  10 165   0   0   2]
 [  0   0   0   8 112   0   0   0]
 [  0   0  31  14 151   0   0   4]
 [  0   0   0 191   9   0   0   0]
 [  0   0   1   4 192   0   0   3]
 [  0   0   0 194 206   0   0   0]
 [  0   0   0  42 158   0   0   0]
 [  0   0   1   4 374   0   0  21]]",0.03158712387084961,0.10162854194641113
128,ToN_IoT,3,sigmoid,QuantileTransformer,NC,0.26591339500319117,-1,-1,82.63020833333333,34.927083333333336,9.925595238095237,28.463167097302822,24.62428391803353,-1,"{'0Normal': {'precision': 0.4931506849315068, 'recall': 0.18, 'f1-score': 0.26373626373626374, 'support': 200.0}, 'BruteForce': {'precision': 0.16546762589928057, 'recall': 0.7666666666666667, 'f1-score': 0.27218934911242604, 'support': 120.0}, 'DDoS': {'precision': 0.0, 'recall': 0.0, 'f1-score': 0.0, 'support': 200.0}, 'DoS': {'precision': 0.0, 'recall': 0.0, 'f1-score': 0.0, 'support': 200.0}, 'MITM': {'precision': 0.573170731707317, 'recall': 0.47, 'f1-score': 0.5164835164835165, 'support': 200.0}, 'Malware': {'precision': 0.8388625592417062, 'recall': 0.4425, 'f1-score': 0.5793780687397708, 'support': 400.0}, 'Scan': {'precision': 0.206401766004415, 'recall': 0.935, 'f1-score': 0.33815551537070526, 'support': 200.0}, 'WebAttack': {'precision': 0.0, 'recall': 0.0, 'f1-score': 0.0, 'support': 400.0}, 'accuracy': 0.30520833333333336, 'macro avg': {'precision': 0.2846316709730282, 'recall': 0.34927083333333336, 'f1-score': 0.2462428391803353, 'support': 1920.0}, 'weighted avg': {'precision': 0.31768009131939784, 'recall': 0.30520833333333336, 'f1-score': 0.2542130252643211, 'support': 1920.0}}","[[ 36  34   0  10  12   3 105   0]
 [  0  92   0   0   0   0  28   0]
 [ 31  19   0   0   0   5 145   0]
 [  0   0   0   0   3   0 197   0]
 [  2  79   0   0  94  15  10   0]
 [  0   0   0   0   0 177 223   0]
 [  0   3   0   0   0  10 187   0]
 [  4 329   0   0  55   1  11   0]]",0.0042934417724609375,0.004057168960571289
129,ToN_IoT,3,sigmoid,QuantileTransformer,RNC,0.3518889911321496,-1,-1,82.60416666666667,34.28125,9.94047619047619,86.60825556634971,32.49027377593832,-1,"{'0Normal': {'precision': 1.0, 'recall': 0.49, 'f1-score': 0.6577181208053692, 'support': 200.0}, 'BruteForce': {'precision': 1.0, 'recall': 0.025, 'f1-score': 0.04878048780487805, 'support': 120.0}, 'DDoS': {'precision': 0.8717948717948718, 'recall': 0.34, 'f1-score': 0.4892086330935252, 'support': 200.0}, 'DoS': {'precision': 1.0, 'recall': 0.685, 'f1-score': 0.8130563798219584, 'support': 200.0}, 'MITM': {'precision': 0.13149243918474687, 'recall': 1.0, 'f1-score': 0.23242300987797793, 'support': 200.0}, 'Malware': {'precision': 1.0, 'recall': 0.0325, 'f1-score': 0.06295399515738499, 'support': 400.0}, 'Scan': {'precision': 1.0, 'recall': 0.015, 'f1-score': 0.029556650246305417, 'support': 200.0}, 'WebAttack': {'precision': 0.9253731343283582, 'recall': 0.155, 'f1-score': 0.26552462526766596, 'support': 400.0}, 'accuracy': 0.30416666666666664, 'macro avg': {'precision': 0.8660825556634971, 'recall': 0.34281249999999996, 'f1-score': 0.32490273775938316, 'support': 1920.0}, 'weighted avg': {'precision': 0.8806284978787849, 'recall': 0.30416666666666664, 'f1-score': 0.30293628410189216, 'support': 1920.0}}","[[ 98   0   0   0 102   0   0   0]
 [  0   3   0   0 112   0   0   5]
 [  0   0  68   0 132   0   0   0]
 [  0   0   0 137  63   0   0   0]
 [  0   0   0   0 200   0   0   0]
 [  0   0  10   0 377  13   0   0]
 [  0   0   0   0 197   0   3   0]
 [  0   0   0   0 338   0   0  62]]",0.0012717247009277344,0.13335371017456055
130,ToN_IoT,3,None,QuantileTransformer,KNN,0.9112733331528662,-1,-1,98.0859375,92.30208333333333,1.09375,91.23912768593189,91.51489397671324,-1,"{'0Normal': {'precision': 0.8533333333333334, 'recall': 0.96, 'f1-score': 0.9035294117647059, 'support': 200.0}, 'BruteForce': {'precision': 0.7333333333333333, 'recall': 0.9166666666666666, 'f1-score': 0.8148148148148148, 'support': 120.0}, 'DDoS': {'precision': 0.9411764705882353, 'recall': 0.96, 'f1-score': 0.9504950495049505, 'support': 200.0}, 'DoS': {'precision': 0.9797979797979798, 'recall': 0.97, 'f1-score': 0.9748743718592965, 'support': 200.0}, 'MITM': {'precision': 0.9417989417989417, 'recall': 0.89, 'f1-score': 0.9151670951156813, 'support': 200.0}, 'Malware': {'precision': 0.9449760765550239, 'recall': 0.9875, 'f1-score': 0.9657701711491442, 'support': 400.0}, 'Scan': {'precision': 0.9438202247191011, 'recall': 0.84, 'f1-score': 0.8888888888888888, 'support': 200.0}, 'WebAttack': {'precision': 0.9608938547486033, 'recall': 0.86, 'f1-score': 0.9076517150395779, 'support': 400.0}, 'accuracy': 0.9234375, 'macro avg': {'precision': 0.912391276859319, 'recall': 0.9230208333333333, 'f1-score': 0.9151489397671324, 'support': 1920.0}, 'weighted avg': {'precision': 0.9282986263380049, 'recall': 0.9234375, 'f1-score': 0.9238216123333183, 'support': 1920.0}}","[[192   0   2   0   2   0   2   2]
 [  5 110   0   0   0   2   2   1]
 [  2   0 192   0   1   3   1   1]
 [  6   0   0 194   0   0   0   0]
 [ 13   0   0   0 178   0   1   8]
 [  1   0   0   0   0 395   4   0]
 [  4   3   3   4   0  16 168   2]
 [  2  37   7   0   8   2   0 344]]",0.002771615982055664,0.11242866516113281
131,ToN_IoT,3,None,QuantileTransformer,LDA,0.9236261923967394,-1,-1,98.359375,93.33333333333333,0.9375,92.12954888332709,92.63754655325447,-1,"{'0Normal': {'precision': 0.9037433155080213, 'recall': 0.845, 'f1-score': 0.8733850129198967, 'support': 200.0}, 'BruteForce': {'precision': 0.837037037037037, 'recall': 0.9416666666666667, 'f1-score': 0.8862745098039215, 'support': 120.0}, 'DDoS': {'precision': 0.927536231884058, 'recall': 0.96, 'f1-score': 0.9434889434889435, 'support': 200.0}, 'DoS': {'precision': 0.8981481481481481, 'recall': 0.97, 'f1-score': 0.9326923076923077, 'support': 200.0}, 'MITM': {'precision': 0.9222797927461139, 'recall': 0.89, 'f1-score': 0.905852417302799, 'support': 200.0}, 'Malware': {'precision': 0.9722222222222222, 'recall': 0.9625, 'f1-score': 0.9673366834170855, 'support': 400.0}, 'Scan': {'precision': 0.9333333333333333, 'recall': 0.98, 'f1-score': 0.9560975609756097, 'support': 200.0}, 'WebAttack': {'precision': 0.976063829787234, 'recall': 0.9175, 'f1-score': 0.9458762886597938, 'support': 400.0}, 'accuracy': 0.934375, 'macro avg': {'precision': 0.921295488833271, 'recall': 0.9333333333333333, 'f1-score': 0.9263754655325447, 'support': 1920.0}, 'weighted avg': {'precision': 0.9358161612355009, 'recall': 0.934375, 'f1-score': 0.9343444679599654, 'support': 1920.0}}","[[169   4   3  11   5   2   2   4]
 [  1 113   0   0   0   4   2   0]
 [  2   0 192   1   1   4   0   0]
 [  6   0   0 194   0   0   0   0]
 [  2   6   4   6 178   0   0   4]
 [  5   0   0   0   0 385  10   0]
 [  0   1   0   0   2   0 196   1]
 [  2  11   8   4   7   1   0 367]]",76.00419044494629,0.006177425384521484
132,ToN_IoT,3,None,QuantileTransformer,NuSVC,0.8968997495454669,-1,-1,97.78645833333334,91.02083333333333,1.2648809523809523,90.46123714481689,90.64707514729714,-1,"{'0Normal': {'precision': 0.7914691943127962, 'recall': 0.835, 'f1-score': 0.8126520681265207, 'support': 200.0}, 'BruteForce': {'precision': 0.9262295081967213, 'recall': 0.9416666666666667, 'f1-score': 0.9338842975206612, 'support': 120.0}, 'DDoS': {'precision': 0.8232758620689655, 'recall': 0.955, 'f1-score': 0.8842592592592593, 'support': 200.0}, 'DoS': {'precision': 0.9947916666666666, 'recall': 0.955, 'f1-score': 0.9744897959183674, 'support': 200.0}, 'MITM': {'precision': 0.9095744680851063, 'recall': 0.855, 'f1-score': 0.8814432989690721, 'support': 200.0}, 'Malware': {'precision': 0.979381443298969, 'recall': 0.95, 'f1-score': 0.9644670050761421, 'support': 400.0}, 'Scan': {'precision': 0.8774509803921569, 'recall': 0.895, 'f1-score': 0.8861386138613861, 'support': 200.0}, 'WebAttack': {'precision': 0.9347258485639687, 'recall': 0.895, 'f1-score': 0.9144316730523627, 'support': 400.0}, 'accuracy': 0.9114583333333334, 'macro avg': {'precision': 0.9046123714481689, 'recall': 0.9102083333333333, 'f1-score': 0.9064707514729714, 'support': 1920.0}, 'weighted avg': {'precision': 0.9146369229343333, 'recall': 0.9114583333333334, 'f1-score': 0.912199059469168, 'support': 1920.0}}","[[167   0   2   0   9   2  11   9]
 [  7 113   0   0   0   0   0   0]
 [  3   0 191   1   0   5   0   0]
 [  6   0   0 191   0   0   0   3]
 [  7   0  10   0 171   0   1  11]
 [  7   0   0   0   0 380  13   0]
 [ 14   3   2   0   0   0 179   2]
 [  0   6  27   0   8   1   0 358]]",0.9683825969696045,1.565077543258667
133,ToN_IoT,3,None,QuantileTransformer,SGD,0.7539083679423173,-1,-1,94.63541666666667,70.09375,3.0654761904761902,74.19833000256747,68.71084243259999,-1,"{'0Normal': {'precision': 0.820627802690583, 'recall': 0.915, 'f1-score': 0.8652482269503546, 'support': 200.0}, 'BruteForce': {'precision': 0.0, 'recall': 0.0, 'f1-score': 0.0, 'support': 120.0}, 'DDoS': {'precision': 0.8514285714285714, 'recall': 0.745, 'f1-score': 0.7946666666666666, 'support': 200.0}, 'DoS': {'precision': 0.9182692307692307, 'recall': 0.955, 'f1-score': 0.9362745098039216, 'support': 200.0}, 'MITM': {'precision': 0.9257142857142857, 'recall': 0.81, 'f1-score': 0.864, 'support': 200.0}, 'Malware': {'precision': 0.7066189624329159, 'recall': 0.9875, 'f1-score': 0.8237747653806048, 'support': 400.0}, 'Scan': {'precision': 1.0, 'recall': 0.25, 'f1-score': 0.4, 'support': 200.0}, 'WebAttack': {'precision': 0.7132075471698113, 'recall': 0.945, 'f1-score': 0.8129032258064516, 'support': 400.0}, 'accuracy': 0.7854166666666667, 'macro avg': {'precision': 0.7419833000256748, 'recall': 0.7009375, 'f1-score': 0.687108424326, 'support': 1920.0}, 'weighted avg': {'precision': 0.7662180114383463, 'recall': 0.7854166666666667, 'f1-score': 0.7430776443536515, 'support': 1920.0}}","[[183   0   1   1   4   4   0   7]
 [  1   0   7   0   0  10   0 102]
 [  2   0 149   1   0  37   0  11]
 [  6   0   0 191   1   0   0   2]
 [  2   0   7   1 162   1   0  27]
 [  4   0   0   1   0 395   0   0]
 [ 25   0   0  13   0 109  50   3]
 [  0   0  11   0   8   3   0 378]]",1.187511920928955,0.002301931381225586
134,ToN_IoT,3,None,QuantileTransformer,GauNB,0.2737039686578666,-1,-1,83.41145833333333,37.552083333333336,9.479166666666666,49.60195230699852,27.901738019205137,-1,"{'0Normal': {'precision': 0.9583333333333334, 'recall': 0.115, 'f1-score': 0.20535714285714285, 'support': 200.0}, 'BruteForce': {'precision': 0.17624521072796934, 'recall': 0.7666666666666667, 'f1-score': 0.2866043613707165, 'support': 120.0}, 'DDoS': {'precision': 0.96875, 'recall': 0.155, 'f1-score': 0.2672413793103448, 'support': 200.0}, 'DoS': {'precision': 0.0, 'recall': 0.0, 'f1-score': 0.0, 'support': 200.0}, 'MITM': {'precision': 0.41263940520446096, 'recall': 0.555, 'f1-score': 0.47334754797441364, 'support': 200.0}, 'Malware': {'precision': 0.47058823529411764, 'recall': 0.48, 'f1-score': 0.4752475247524752, 'support': 400.0}, 'Scan': {'precision': 0.2816, 'recall': 0.88, 'f1-score': 0.4266666666666667, 'support': 200.0}, 'WebAttack': {'precision': 0.7, 'recall': 0.0525, 'f1-score': 0.09767441860465116, 'support': 400.0}, 'accuracy': 0.33645833333333336, 'macro avg': {'precision': 0.4960195230699852, 'recall': 0.37552083333333336, 'f1-score': 0.27901738019205136, 'support': 1920.0}, 'weighted avg': {'precision': 0.5279423266211262, 'recall': 0.33645833333333336, 'f1-score': 0.2802520042026303, 'support': 1920.0}}","[[ 23  24   0   8  94  45   4   2]
 [  0  92   0   0   0  20   8   0]
 [  0  15  31   0   0 116  34   4]
 [  0   0   0   0   3   6 191   0]
 [  1  80   0   2 111   2   1   3]
 [  0   0   0   0   3 192 205   0]
 [  0   3   0   0   0  21 176   0]
 [  0 308   1   0  58   6   6  21]]",0.04099869728088379,0.10800623893737793
135,ToN_IoT,3,None,QuantileTransformer,NC,0.15172688465758954,-1,-1,80.8984375,25.708333333333332,10.915178571428571,25.697700530700295,18.21259426564173,-1,"{'0Normal': {'precision': 0.9411764705882353, 'recall': 0.08, 'f1-score': 0.14746543778801843, 'support': 200.0}, 'BruteForce': {'precision': 0.17005545286506468, 'recall': 0.7666666666666667, 'f1-score': 0.2783661119515885, 'support': 120.0}, 'DDoS': {'precision': 0.0, 'recall': 0.0, 'f1-score': 0.0, 'support': 200.0}, 'DoS': {'precision': 0.0, 'recall': 0.0, 'f1-score': 0.0, 'support': 200.0}, 'MITM': {'precision': 0.4166666666666667, 'recall': 0.475, 'f1-score': 0.4439252336448598, 'support': 200.0}, 'Malware': {'precision': 0.46396396396396394, 'recall': 0.515, 'f1-score': 0.4881516587677725, 'support': 400.0}, 'Scan': {'precision': 0.06395348837209303, 'recall': 0.22, 'f1-score': 0.0990990990990991, 'support': 200.0}, 'WebAttack': {'precision': 0.0, 'recall': 0.0, 'f1-score': 0.0, 'support': 400.0}, 'accuracy': 0.2359375, 'macro avg': {'precision': 0.25697700530700296, 'recall': 0.25708333333333333, 'f1-score': 0.1821259426564173, 'support': 1920.0}, 'weighted avg': {'precision': 0.2553914401327043, 'recall': 0.2359375, 'f1-score': 0.19102216200400784, 'support': 1920.0}}","[[ 16  31   0   2  40  52  59   0]
 [  0  92   0   0   0   7  21   0]
 [  0  15   0   0  31   9 145   0]
 [  0   0   0   0   3   0 197   0]
 [  1  76   0   0  95  16  12   0]
 [  0   0   0   0   0 206 194   0]
 [  0   3   0   0   0 153  44   0]
 [  0 324   0   0  59   1  16   0]]",0.005310535430908203,0.004457712173461914
136,ToN_IoT,3,None,QuantileTransformer,RNC,0.685864551102966,-1,-1,92.578125,64.55208333333333,4.241071428571429,90.2606793487459,68.56136361987663,-1,"{'0Normal': {'precision': 1.0, 'recall': 0.61, 'f1-score': 0.7577639751552795, 'support': 200.0}, 'BruteForce': {'precision': 1.0, 'recall': 0.7166666666666667, 'f1-score': 0.8349514563106796, 'support': 120.0}, 'DDoS': {'precision': 0.9185185185185185, 'recall': 0.62, 'f1-score': 0.7402985074626866, 'support': 200.0}, 'DoS': {'precision': 1.0, 'recall': 0.94, 'f1-score': 0.9690721649484536, 'support': 200.0}, 'MITM': {'precision': 0.9032258064516129, 'recall': 0.14, 'f1-score': 0.24242424242424243, 'support': 200.0}, 'Malware': {'precision': 1.0, 'recall': 0.8775, 'f1-score': 0.9347536617842876, 'support': 400.0}, 'Scan': {'precision': 0.9814814814814815, 'recall': 0.265, 'f1-score': 0.41732283464566927, 'support': 200.0}, 'WebAttack': {'precision': 0.4176285414480588, 'recall': 0.995, 'f1-score': 0.5883222468588323, 'support': 400.0}, 'accuracy': 0.703125, 'macro avg': {'precision': 0.902606793487459, 'recall': 0.6455208333333333, 'f1-score': 0.6856136361987664, 'support': 1920.0}, 'weighted avg': {'precision': 0.858175300973722, 'recall': 0.703125, 'f1-score': 0.6952087933030187, 'support': 1920.0}}","[[122   0   0   0   0   0   0  78]
 [  0  86   0   0   0   0   0  34]
 [  0   0 124   0   1   0   0  75]
 [  0   0   0 188   0   0   0  12]
 [  0   0   0   0  28   0   0 172]
 [  0   0  11   0   0 351   1  37]
 [  0   0   0   0   0   0  53 147]
 [  0   0   0   0   2   0   0 398]]",0.0014417171478271484,0.12508606910705566
