Column1,Data Type,Poly,Kernel,SCALER,Model,MCC,NDR,AUC_N,ACC,TPR Macro,FPR,PPV Macro,F1 Macro,AUC,CLS Report,CFS Matrix,Training time,Test time
58,ToN_IoT,2,None,QuantileTransformer,LGBM,0.970791541,-1,-1,99.375,97.44791667,0.357142857,97.37891938,97.40386626,-1,"{'0Normal': {'precision': 0.9238095238095239, 'recall': 0.97, 'f1-score': 0.9463414634146342, 'support': 200.0}, 'BruteForce': {'precision': 0.9915966386554622, 'recall': 0.9833333333333333, 'f1-score': 0.9874476987447698, 'support': 120.0}, 'DDoS': {'precision': 0.97, 'recall': 0.97, 'f1-score': 0.97, 'support': 200.0}, 'DoS': {'precision': 0.9948717948717949, 'recall': 0.97, 'f1-score': 0.9822784810126582, 'support': 200.0}, 'MITM': {'precision': 0.9601990049751243, 'recall': 0.965, 'f1-score': 0.9625935162094762, 'support': 200.0}, 'Malware': {'precision': 0.9949622166246851, 'recall': 0.9875, 'f1-score': 0.9912170639899623, 'support': 400.0}, 'Scan': {'precision': 0.98, 'recall': 0.98, 'f1-score': 0.98, 'support': 200.0}, 'WebAttack': {'precision': 0.9748743718592965, 'recall': 0.97, 'f1-score': 0.9724310776942355, 'support': 400.0}, 'accuracy': 0.975, 'macro avg': {'precision': 0.9737891938494858, 'recall': 0.9744791666666666, 'f1-score': 0.9740386626332171, 'support': 1920.0}, 'weighted avg': {'precision': 0.975365779564342, 'recall': 0.975, 'f1-score': 0.9751019128387528, 'support': 1920.0}}","[[194   0   1   1   2   0   2   0]
 [  1 118   0   0   0   0   0   1]
 [  2   0 194   0   2   0   0   2]
 [  6   0   0 194   0   0   0   0]
 [  2   0   0   0 193   0   0   5]
 [  3   0   0   0   0 395   2   0]
 [  0   0   0   0   1   1 196   2]
 [  2   1   5   0   3   1   0 388]]",2.624518394,0.012068748
118,ToN_IoT,-1,None,QuantileTransformer,LGBM,0.969607019,-1,-1,99.34895833,97.45833333,0.37202381,97.18431229,97.30670461,-1,"{'0Normal': {'precision': 0.919431279620853, 'recall': 0.97, 'f1-score': 0.9440389294403893, 'support': 200.0}, 'BruteForce': {'precision': 0.9916666666666667, 'recall': 0.9916666666666667, 'f1-score': 0.9916666666666667, 'support': 120.0}, 'DDoS': {'precision': 0.9601990049751243, 'recall': 0.965, 'f1-score': 0.9625935162094762, 'support': 200.0}, 'DoS': {'precision': 1.0, 'recall': 0.97, 'f1-score': 0.9847715736040609, 'support': 200.0}, 'MITM': {'precision': 0.946078431372549, 'recall': 0.965, 'f1-score': 0.9554455445544553, 'support': 200.0}, 'Malware': {'precision': 0.9849624060150376, 'recall': 0.9825, 'f1-score': 0.983729662077597, 'support': 400.0}, 'Scan': {'precision': 0.9800995024875622, 'recall': 0.985, 'f1-score': 0.9825436408977556, 'support': 200.0}, 'WebAttack': {'precision': 0.9923076923076923, 'recall': 0.9675, 'f1-score': 0.979746835443038, 'support': 400.0}, 'accuracy': 0.9739583333333334, 'macro avg': {'precision': 0.9718431229306856, 'recall': 0.9745833333333334, 'f1-score': 0.9730670461116799, 'support': 1920.0}, 'weighted avg': {'precision': 0.9745154599064113, 'recall': 0.9739583333333334, 'f1-score': 0.9740985624736883, 'support': 1920.0}}","[[194   0   2   0   3   0   1   0]
 [  1 119   0   0   0   0   0   0]
 [  2   0 193   0   0   4   0   1]
 [  6   0   0 194   0   0   0   0]
 [  5   0   1   0 193   0   0   1]
 [  3   0   0   0   2 393   2   0]
 [  0   0   0   0   1   1 197   1]
 [  0   1   5   0   5   1   1 387]]",1.77563715,0.012334585
126,ToN_IoT,-1,None,QuantileTransformer,LGBM,0.969607019,-1,-1,99.34895833,97.45833333,0.37202381,97.18431229,97.30670461,-1,"{'0Normal': {'precision': 0.919431279620853, 'recall': 0.97, 'f1-score': 0.9440389294403893, 'support': 200.0}, 'BruteForce': {'precision': 0.9916666666666667, 'recall': 0.9916666666666667, 'f1-score': 0.9916666666666667, 'support': 120.0}, 'DDoS': {'precision': 0.9601990049751243, 'recall': 0.965, 'f1-score': 0.9625935162094762, 'support': 200.0}, 'DoS': {'precision': 1.0, 'recall': 0.97, 'f1-score': 0.9847715736040609, 'support': 200.0}, 'MITM': {'precision': 0.946078431372549, 'recall': 0.965, 'f1-score': 0.9554455445544553, 'support': 200.0}, 'Malware': {'precision': 0.9849624060150376, 'recall': 0.9825, 'f1-score': 0.983729662077597, 'support': 400.0}, 'Scan': {'precision': 0.9800995024875622, 'recall': 0.985, 'f1-score': 0.9825436408977556, 'support': 200.0}, 'WebAttack': {'precision': 0.9923076923076923, 'recall': 0.9675, 'f1-score': 0.979746835443038, 'support': 400.0}, 'accuracy': 0.9739583333333334, 'macro avg': {'precision': 0.9718431229306856, 'recall': 0.9745833333333334, 'f1-score': 0.9730670461116799, 'support': 1920.0}, 'weighted avg': {'precision': 0.9745154599064113, 'recall': 0.9739583333333334, 'f1-score': 0.9740985624736883, 'support': 1920.0}}","[[194   0   2   0   3   0   1   0]
 [  1 119   0   0   0   0   0   0]
 [  2   0 193   0   0   4   0   1]
 [  6   0   0 194   0   0   0   0]
 [  5   0   1   0 193   0   0   1]
 [  3   0   0   0   2 393   2   0]
 [  0   0   0   0   1   1 197   1]
 [  0   1   5   0   5   1   1 387]]",1.735472679,0.011420727
134,ToN_IoT,-1,None,QuantileTransformer,LGBM,0.969607019,-1,-1,99.34895833,97.45833333,0.37202381,97.18431229,97.30670461,-1,"{'0Normal': {'precision': 0.919431279620853, 'recall': 0.97, 'f1-score': 0.9440389294403893, 'support': 200.0}, 'BruteForce': {'precision': 0.9916666666666667, 'recall': 0.9916666666666667, 'f1-score': 0.9916666666666667, 'support': 120.0}, 'DDoS': {'precision': 0.9601990049751243, 'recall': 0.965, 'f1-score': 0.9625935162094762, 'support': 200.0}, 'DoS': {'precision': 1.0, 'recall': 0.97, 'f1-score': 0.9847715736040609, 'support': 200.0}, 'MITM': {'precision': 0.946078431372549, 'recall': 0.965, 'f1-score': 0.9554455445544553, 'support': 200.0}, 'Malware': {'precision': 0.9849624060150376, 'recall': 0.9825, 'f1-score': 0.983729662077597, 'support': 400.0}, 'Scan': {'precision': 0.9800995024875622, 'recall': 0.985, 'f1-score': 0.9825436408977556, 'support': 200.0}, 'WebAttack': {'precision': 0.9923076923076923, 'recall': 0.9675, 'f1-score': 0.979746835443038, 'support': 400.0}, 'accuracy': 0.9739583333333334, 'macro avg': {'precision': 0.9718431229306856, 'recall': 0.9745833333333334, 'f1-score': 0.9730670461116799, 'support': 1920.0}, 'weighted avg': {'precision': 0.9745154599064113, 'recall': 0.9739583333333334, 'f1-score': 0.9740985624736883, 'support': 1920.0}}","[[194   0   2   0   3   0   1   0]
 [  1 119   0   0   0   0   0   0]
 [  2   0 193   0   0   4   0   1]
 [  6   0   0 194   0   0   0   0]
 [  5   0   1   0 193   0   0   1]
 [  3   0   0   0   2 393   2   0]
 [  0   0   0   0   1   1 197   1]
 [  0   1   5   0   5   1   1 387]]",1.786009073,0.013130426
142,ToN_IoT,-1,None,QuantileTransformer,LGBM,0.969607019,-1,-1,99.34895833,97.45833333,0.37202381,97.18431229,97.30670461,-1,"{'0Normal': {'precision': 0.919431279620853, 'recall': 0.97, 'f1-score': 0.9440389294403893, 'support': 200.0}, 'BruteForce': {'precision': 0.9916666666666667, 'recall': 0.9916666666666667, 'f1-score': 0.9916666666666667, 'support': 120.0}, 'DDoS': {'precision': 0.9601990049751243, 'recall': 0.965, 'f1-score': 0.9625935162094762, 'support': 200.0}, 'DoS': {'precision': 1.0, 'recall': 0.97, 'f1-score': 0.9847715736040609, 'support': 200.0}, 'MITM': {'precision': 0.946078431372549, 'recall': 0.965, 'f1-score': 0.9554455445544553, 'support': 200.0}, 'Malware': {'precision': 0.9849624060150376, 'recall': 0.9825, 'f1-score': 0.983729662077597, 'support': 400.0}, 'Scan': {'precision': 0.9800995024875622, 'recall': 0.985, 'f1-score': 0.9825436408977556, 'support': 200.0}, 'WebAttack': {'precision': 0.9923076923076923, 'recall': 0.9675, 'f1-score': 0.979746835443038, 'support': 400.0}, 'accuracy': 0.9739583333333334, 'macro avg': {'precision': 0.9718431229306856, 'recall': 0.9745833333333334, 'f1-score': 0.9730670461116799, 'support': 1920.0}, 'weighted avg': {'precision': 0.9745154599064113, 'recall': 0.9739583333333334, 'f1-score': 0.9740985624736883, 'support': 1920.0}}","[[194   0   2   0   3   0   1   0]
 [  1 119   0   0   0   0   0   0]
 [  2   0 193   0   0   4   0   1]
 [  6   0   0 194   0   0   0   0]
 [  5   0   1   0 193   0   0   1]
 [  3   0   0   0   2 393   2   0]
 [  0   0   0   0   1   1 197   1]
 [  0   1   5   0   5   1   1 387]]",1.742114782,0.011871099
150,ToN_IoT,-1,None,QuantileTransformer,LGBM,0.969607019,-1,-1,99.34895833,97.45833333,0.37202381,97.18431229,97.30670461,-1,"{'0Normal': {'precision': 0.919431279620853, 'recall': 0.97, 'f1-score': 0.9440389294403893, 'support': 200.0}, 'BruteForce': {'precision': 0.9916666666666667, 'recall': 0.9916666666666667, 'f1-score': 0.9916666666666667, 'support': 120.0}, 'DDoS': {'precision': 0.9601990049751243, 'recall': 0.965, 'f1-score': 0.9625935162094762, 'support': 200.0}, 'DoS': {'precision': 1.0, 'recall': 0.97, 'f1-score': 0.9847715736040609, 'support': 200.0}, 'MITM': {'precision': 0.946078431372549, 'recall': 0.965, 'f1-score': 0.9554455445544553, 'support': 200.0}, 'Malware': {'precision': 0.9849624060150376, 'recall': 0.9825, 'f1-score': 0.983729662077597, 'support': 400.0}, 'Scan': {'precision': 0.9800995024875622, 'recall': 0.985, 'f1-score': 0.9825436408977556, 'support': 200.0}, 'WebAttack': {'precision': 0.9923076923076923, 'recall': 0.9675, 'f1-score': 0.979746835443038, 'support': 400.0}, 'accuracy': 0.9739583333333334, 'macro avg': {'precision': 0.9718431229306856, 'recall': 0.9745833333333334, 'f1-score': 0.9730670461116799, 'support': 1920.0}, 'weighted avg': {'precision': 0.9745154599064113, 'recall': 0.9739583333333334, 'f1-score': 0.9740985624736883, 'support': 1920.0}}","[[194   0   2   0   3   0   1   0]
 [  1 119   0   0   0   0   0   0]
 [  2   0 193   0   0   4   0   1]
 [  6   0   0 194   0   0   0   0]
 [  5   0   1   0 193   0   0   1]
 [  3   0   0   0   2 393   2   0]
 [  0   0   0   0   1   1 197   1]
 [  0   1   5   0   5   1   1 387]]",1.552872658,0.01167345
119,ToN_IoT,-1,None,QuantileTransformer,RF,0.969567906,-1,-1,99.34895833,96.98958333,0.37202381,97.48454317,97.21470069,-1,"{'0Normal': {'precision': 0.9282296650717703, 'recall': 0.97, 'f1-score': 0.9486552567237163, 'support': 200.0}, 'BruteForce': {'precision': 1.0, 'recall': 0.9416666666666667, 'f1-score': 0.9699570815450643, 'support': 120.0}, 'DDoS': {'precision': 0.9695431472081218, 'recall': 0.955, 'f1-score': 0.9622166246851385, 'support': 200.0}, 'DoS': {'precision': 1.0, 'recall': 0.97, 'f1-score': 0.9847715736040609, 'support': 200.0}, 'MITM': {'precision': 0.9605911330049262, 'recall': 0.975, 'f1-score': 0.9677419354838709, 'support': 200.0}, 'Malware': {'precision': 0.9705882352941176, 'recall': 0.99, 'f1-score': 0.9801980198019802, 'support': 400.0}, 'Scan': {'precision': 0.9849246231155779, 'recall': 0.98, 'f1-score': 0.9824561403508771, 'support': 200.0}, 'WebAttack': {'precision': 0.9848866498740554, 'recall': 0.9775, 'f1-score': 0.9811794228356336, 'support': 400.0}, 'accuracy': 0.9739583333333334, 'macro avg': {'precision': 0.9748454316960712, 'recall': 0.9698958333333333, 'f1-score': 0.9721470068787927, 'support': 1920.0}, 'weighted avg': {'precision': 0.974399826951744, 'recall': 0.9739583333333334, 'f1-score': 0.9740177776093676, 'support': 1920.0}}","[[194   0   2   0   3   0   1   0]
 [  1 113   0   0   0   6   0   0]
 [  2   0 191   0   1   4   0   2]
 [  6   0   0 194   0   0   0   0]
 [  3   0   0   0 195   0   0   2]
 [  2   0   0   0   0 396   2   0]
 [  0   0   0   0   1   1 196   2]
 [  1   0   4   0   3   1   0 391]]",0.394942522,0.014745235
127,ToN_IoT,-1,None,QuantileTransformer,RF,0.969567906,-1,-1,99.34895833,96.98958333,0.37202381,97.48454317,97.21470069,-1,"{'0Normal': {'precision': 0.9282296650717703, 'recall': 0.97, 'f1-score': 0.9486552567237163, 'support': 200.0}, 'BruteForce': {'precision': 1.0, 'recall': 0.9416666666666667, 'f1-score': 0.9699570815450643, 'support': 120.0}, 'DDoS': {'precision': 0.9695431472081218, 'recall': 0.955, 'f1-score': 0.9622166246851385, 'support': 200.0}, 'DoS': {'precision': 1.0, 'recall': 0.97, 'f1-score': 0.9847715736040609, 'support': 200.0}, 'MITM': {'precision': 0.9605911330049262, 'recall': 0.975, 'f1-score': 0.9677419354838709, 'support': 200.0}, 'Malware': {'precision': 0.9705882352941176, 'recall': 0.99, 'f1-score': 0.9801980198019802, 'support': 400.0}, 'Scan': {'precision': 0.9849246231155779, 'recall': 0.98, 'f1-score': 0.9824561403508771, 'support': 200.0}, 'WebAttack': {'precision': 0.9848866498740554, 'recall': 0.9775, 'f1-score': 0.9811794228356336, 'support': 400.0}, 'accuracy': 0.9739583333333334, 'macro avg': {'precision': 0.9748454316960712, 'recall': 0.9698958333333333, 'f1-score': 0.9721470068787927, 'support': 1920.0}, 'weighted avg': {'precision': 0.974399826951744, 'recall': 0.9739583333333334, 'f1-score': 0.9740177776093676, 'support': 1920.0}}","[[194   0   2   0   3   0   1   0]
 [  1 113   0   0   0   6   0   0]
 [  2   0 191   0   1   4   0   2]
 [  6   0   0 194   0   0   0   0]
 [  3   0   0   0 195   0   0   2]
 [  2   0   0   0   0 396   2   0]
 [  0   0   0   0   1   1 196   2]
 [  1   0   4   0   3   1   0 391]]",0.357081175,0.013855696
135,ToN_IoT,-1,None,QuantileTransformer,RF,0.969567906,-1,-1,99.34895833,96.98958333,0.37202381,97.48454317,97.21470069,-1,"{'0Normal': {'precision': 0.9282296650717703, 'recall': 0.97, 'f1-score': 0.9486552567237163, 'support': 200.0}, 'BruteForce': {'precision': 1.0, 'recall': 0.9416666666666667, 'f1-score': 0.9699570815450643, 'support': 120.0}, 'DDoS': {'precision': 0.9695431472081218, 'recall': 0.955, 'f1-score': 0.9622166246851385, 'support': 200.0}, 'DoS': {'precision': 1.0, 'recall': 0.97, 'f1-score': 0.9847715736040609, 'support': 200.0}, 'MITM': {'precision': 0.9605911330049262, 'recall': 0.975, 'f1-score': 0.9677419354838709, 'support': 200.0}, 'Malware': {'precision': 0.9705882352941176, 'recall': 0.99, 'f1-score': 0.9801980198019802, 'support': 400.0}, 'Scan': {'precision': 0.9849246231155779, 'recall': 0.98, 'f1-score': 0.9824561403508771, 'support': 200.0}, 'WebAttack': {'precision': 0.9848866498740554, 'recall': 0.9775, 'f1-score': 0.9811794228356336, 'support': 400.0}, 'accuracy': 0.9739583333333334, 'macro avg': {'precision': 0.9748454316960712, 'recall': 0.9698958333333333, 'f1-score': 0.9721470068787927, 'support': 1920.0}, 'weighted avg': {'precision': 0.974399826951744, 'recall': 0.9739583333333334, 'f1-score': 0.9740177776093676, 'support': 1920.0}}","[[194   0   2   0   3   0   1   0]
 [  1 113   0   0   0   6   0   0]
 [  2   0 191   0   1   4   0   2]
 [  6   0   0 194   0   0   0   0]
 [  3   0   0   0 195   0   0   2]
 [  2   0   0   0   0 396   2   0]
 [  0   0   0   0   1   1 196   2]
 [  1   0   4   0   3   1   0 391]]",0.395204782,0.014283895
143,ToN_IoT,-1,None,QuantileTransformer,RF,0.969567906,-1,-1,99.34895833,96.98958333,0.37202381,97.48454317,97.21470069,-1,"{'0Normal': {'precision': 0.9282296650717703, 'recall': 0.97, 'f1-score': 0.9486552567237163, 'support': 200.0}, 'BruteForce': {'precision': 1.0, 'recall': 0.9416666666666667, 'f1-score': 0.9699570815450643, 'support': 120.0}, 'DDoS': {'precision': 0.9695431472081218, 'recall': 0.955, 'f1-score': 0.9622166246851385, 'support': 200.0}, 'DoS': {'precision': 1.0, 'recall': 0.97, 'f1-score': 0.9847715736040609, 'support': 200.0}, 'MITM': {'precision': 0.9605911330049262, 'recall': 0.975, 'f1-score': 0.9677419354838709, 'support': 200.0}, 'Malware': {'precision': 0.9705882352941176, 'recall': 0.99, 'f1-score': 0.9801980198019802, 'support': 400.0}, 'Scan': {'precision': 0.9849246231155779, 'recall': 0.98, 'f1-score': 0.9824561403508771, 'support': 200.0}, 'WebAttack': {'precision': 0.9848866498740554, 'recall': 0.9775, 'f1-score': 0.9811794228356336, 'support': 400.0}, 'accuracy': 0.9739583333333334, 'macro avg': {'precision': 0.9748454316960712, 'recall': 0.9698958333333333, 'f1-score': 0.9721470068787927, 'support': 1920.0}, 'weighted avg': {'precision': 0.974399826951744, 'recall': 0.9739583333333334, 'f1-score': 0.9740177776093676, 'support': 1920.0}}","[[194   0   2   0   3   0   1   0]
 [  1 113   0   0   0   6   0   0]
 [  2   0 191   0   1   4   0   2]
 [  6   0   0 194   0   0   0   0]
 [  3   0   0   0 195   0   0   2]
 [  2   0   0   0   0 396   2   0]
 [  0   0   0   0   1   1 196   2]
 [  1   0   4   0   3   1   0 391]]",0.406129122,0.016030312
151,ToN_IoT,-1,None,QuantileTransformer,RF,0.969567906,-1,-1,99.34895833,96.98958333,0.37202381,97.48454317,97.21470069,-1,"{'0Normal': {'precision': 0.9282296650717703, 'recall': 0.97, 'f1-score': 0.9486552567237163, 'support': 200.0}, 'BruteForce': {'precision': 1.0, 'recall': 0.9416666666666667, 'f1-score': 0.9699570815450643, 'support': 120.0}, 'DDoS': {'precision': 0.9695431472081218, 'recall': 0.955, 'f1-score': 0.9622166246851385, 'support': 200.0}, 'DoS': {'precision': 1.0, 'recall': 0.97, 'f1-score': 0.9847715736040609, 'support': 200.0}, 'MITM': {'precision': 0.9605911330049262, 'recall': 0.975, 'f1-score': 0.9677419354838709, 'support': 200.0}, 'Malware': {'precision': 0.9705882352941176, 'recall': 0.99, 'f1-score': 0.9801980198019802, 'support': 400.0}, 'Scan': {'precision': 0.9849246231155779, 'recall': 0.98, 'f1-score': 0.9824561403508771, 'support': 200.0}, 'WebAttack': {'precision': 0.9848866498740554, 'recall': 0.9775, 'f1-score': 0.9811794228356336, 'support': 400.0}, 'accuracy': 0.9739583333333334, 'macro avg': {'precision': 0.9748454316960712, 'recall': 0.9698958333333333, 'f1-score': 0.9721470068787927, 'support': 1920.0}, 'weighted avg': {'precision': 0.974399826951744, 'recall': 0.9739583333333334, 'f1-score': 0.9740177776093676, 'support': 1920.0}}","[[194   0   2   0   3   0   1   0]
 [  1 113   0   0   0   6   0   0]
 [  2   0 191   0   1   4   0   2]
 [  6   0   0 194   0   0   0   0]
 [  3   0   0   0 195   0   0   2]
 [  2   0   0   0   0 396   2   0]
 [  0   0   0   0   1   1 196   2]
 [  1   0   4   0   3   1   0 391]]",0.383424282,0.01395154
50,ToN_IoT,2,None,QuantileTransformer,LGBM,0.968383417,-1,-1,99.32291667,97.29166667,0.386904762,97.11398015,97.18850284,-1,"{'0Normal': {'precision': 0.9234449760765551, 'recall': 0.965, 'f1-score': 0.9437652811735943, 'support': 200.0}, 'BruteForce': {'precision': 0.9915966386554622, 'recall': 0.9833333333333333, 'f1-score': 0.9874476987447698, 'support': 120.0}, 'DDoS': {'precision': 0.955, 'recall': 0.955, 'f1-score': 0.955, 'support': 200.0}, 'DoS': {'precision': 1.0, 'recall': 0.97, 'f1-score': 0.9847715736040609, 'support': 200.0}, 'MITM': {'precision': 0.9468599033816425, 'recall': 0.98, 'f1-score': 0.9631449631449631, 'support': 200.0}, 'Malware': {'precision': 0.9850374064837906, 'recall': 0.9875, 'f1-score': 0.9862671660424469, 'support': 400.0}, 'Scan': {'precision': 0.98, 'recall': 0.98, 'f1-score': 0.98, 'support': 200.0}, 'WebAttack': {'precision': 0.9871794871794872, 'recall': 0.9625, 'f1-score': 0.9746835443037976, 'support': 400.0}, 'accuracy': 0.9729166666666667, 'macro avg': {'precision': 0.9711398014721172, 'recall': 0.9729166666666667, 'f1-score': 0.9718850283767041, 'support': 1920.0}, 'weighted avg': {'precision': 0.9734059010393782, 'recall': 0.9729166666666667, 'f1-score': 0.9730262351939551, 'support': 1920.0}}","[[193   0   2   0   3   0   2   0]
 [  1 118   0   0   0   0   0   1]
 [  2   0 191   0   2   4   0   1]
 [  6   0   0 194   0   0   0   0]
 [  2   0   1   0 196   0   0   1]
 [  3   0   0   0   0 395   2   0]
 [  0   0   0   0   1   1 196   2]
 [  2   1   6   0   5   1   0 385]]",2.613977432,0.01800561
90,ToN_IoT,0,None,QuantileTransformer,RF,0.967748776,-1,-1,99.30989583,96.89583333,0.394345238,97.3351315,97.09159159,-1,"{'0Normal': {'precision': 0.9238095238095239, 'recall': 0.97, 'f1-score': 0.9463414634146342, 'support': 200.0}, 'BruteForce': {'precision': 1.0, 'recall': 0.9416666666666667, 'f1-score': 0.9699570815450643, 'support': 120.0}, 'DDoS': {'precision': 0.9695431472081218, 'recall': 0.955, 'f1-score': 0.9622166246851385, 'support': 200.0}, 'DoS': {'precision': 1.0, 'recall': 0.97, 'f1-score': 0.9847715736040609, 'support': 200.0}, 'MITM': {'precision': 0.9605911330049262, 'recall': 0.975, 'f1-score': 0.9677419354838709, 'support': 200.0}, 'Malware': {'precision': 0.9705882352941176, 'recall': 0.99, 'f1-score': 0.9801980198019802, 'support': 400.0}, 'Scan': {'precision': 0.98, 'recall': 0.98, 'f1-score': 0.98, 'support': 200.0}, 'WebAttack': {'precision': 0.9822784810126582, 'recall': 0.97, 'f1-score': 0.9761006289308176, 'support': 400.0}, 'accuracy': 0.9723958333333333, 'macro avg': {'precision': 0.9733513150411686, 'recall': 0.9689583333333334, 'f1-score': 0.9709159159331959, 'support': 1920.0}, 'weighted avg': {'precision': 0.9728830454829295, 'recall': 0.9723958333333333, 'f1-score': 0.9724628274562852, 'support': 1920.0}}","[[194   0   2   0   3   0   1   0]
 [  1 113   0   0   0   6   0   0]
 [  2   0 191   0   1   4   0   2]
 [  6   0   0 194   0   0   0   0]
 [  3   0   0   0 195   0   0   2]
 [  2   0   0   0   0 396   2   0]
 [  0   0   0   0   0   1 196   3]
 [  2   0   4   0   4   1   1 388]]",0.21720171,0.014018297
97,ToN_IoT,0,None,QuantileTransformer,RF,0.967740718,-1,-1,99.30989583,96.83333333,0.394345238,97.39144581,97.08949909,-1,"{'0Normal': {'precision': 0.9282296650717703, 'recall': 0.97, 'f1-score': 0.9486552567237163, 'support': 200.0}, 'BruteForce': {'precision': 1.0, 'recall': 0.9416666666666667, 'f1-score': 0.9699570815450643, 'support': 120.0}, 'DDoS': {'precision': 0.9696969696969697, 'recall': 0.96, 'f1-score': 0.964824120603015, 'support': 200.0}, 'DoS': {'precision': 1.0, 'recall': 0.97, 'f1-score': 0.9847715736040609, 'support': 200.0}, 'MITM': {'precision': 0.9603960396039604, 'recall': 0.97, 'f1-score': 0.9651741293532338, 'support': 200.0}, 'Malware': {'precision': 0.9658536585365853, 'recall': 0.99, 'f1-score': 0.9777777777777777, 'support': 400.0}, 'Scan': {'precision': 0.9847715736040609, 'recall': 0.97, 'f1-score': 0.9773299748110831, 'support': 200.0}, 'WebAttack': {'precision': 0.982367758186398, 'recall': 0.975, 'f1-score': 0.9786700125470514, 'support': 400.0}, 'accuracy': 0.9723958333333333, 'macro avg': {'precision': 0.973914458087468, 'recall': 0.9683333333333333, 'f1-score': 0.9708949908706253, 'support': 1920.0}, 'weighted avg': {'precision': 0.9728684459815341, 'recall': 0.9723958333333333, 'f1-score': 0.9724609254866465, 'support': 1920.0}}","[[194   0   2   0   3   0   1   0]
 [  1 113   0   0   0   6   0   0]
 [  2   0 192   0   1   4   0   1]
 [  6   0   0 194   0   0   0   0]
 [  3   0   0   0 194   0   0   3]
 [  2   0   0   0   0 396   2   0]
 [  0   0   0   0   0   3 194   3]
 [  1   0   4   0   4   1   0 390]]",0.162382364,0.015203953
265,ToN_IoT,-1,None,StandardScaler,LGBM,0.967177632,-1,-1,99.296875,97.02083333,0.401785714,97.0086409,96.99094196,-1,"{'0Normal': {'precision': 0.9065420560747663, 'recall': 0.97, 'f1-score': 0.9371980676328503, 'support': 200.0}, 'BruteForce': {'precision': 1.0, 'recall': 0.9666666666666667, 'f1-score': 0.983050847457627, 'support': 120.0}, 'DDoS': {'precision': 0.9554455445544554, 'recall': 0.965, 'f1-score': 0.9601990049751244, 'support': 200.0}, 'DoS': {'precision': 1.0, 'recall': 0.97, 'f1-score': 0.9847715736040609, 'support': 200.0}, 'MITM': {'precision': 0.9365853658536586, 'recall': 0.96, 'f1-score': 0.9481481481481482, 'support': 200.0}, 'Malware': {'precision': 0.9875, 'recall': 0.9875, 'f1-score': 0.9875, 'support': 400.0}, 'Scan': {'precision': 0.9848484848484849, 'recall': 0.975, 'f1-score': 0.9798994974874371, 'support': 200.0}, 'WebAttack': {'precision': 0.989769820971867, 'recall': 0.9675, 'f1-score': 0.9785082174462706, 'support': 400.0}, 'accuracy': 0.971875, 'macro avg': {'precision': 0.9700864090379041, 'recall': 0.9702083333333333, 'f1-score': 0.9699094195939397, 'support': 1920.0}, 'weighted avg': {'precision': 0.9727042805494895, 'recall': 0.971875, 'f1-score': 0.9720899203348686, 'support': 1920.0}}","[[194   0   2   0   3   0   1   0]
 [  3 116   1   0   0   0   0   0]
 [  1   0 193   0   0   4   0   2]
 [  6   0   0 194   0   0   0   0]
 [  7   0   0   0 192   0   0   1]
 [  3   0   0   0   0 395   2   0]
 [  0   0   2   0   1   1 195   1]
 [  0   0   4   0   9   0   0 387]]",1.736264467,0.018192053
273,ToN_IoT,-1,None,StandardScaler,LGBM,0.967177632,-1,-1,99.296875,97.02083333,0.401785714,97.0086409,96.99094196,-1,"{'0Normal': {'precision': 0.9065420560747663, 'recall': 0.97, 'f1-score': 0.9371980676328503, 'support': 200.0}, 'BruteForce': {'precision': 1.0, 'recall': 0.9666666666666667, 'f1-score': 0.983050847457627, 'support': 120.0}, 'DDoS': {'precision': 0.9554455445544554, 'recall': 0.965, 'f1-score': 0.9601990049751244, 'support': 200.0}, 'DoS': {'precision': 1.0, 'recall': 0.97, 'f1-score': 0.9847715736040609, 'support': 200.0}, 'MITM': {'precision': 0.9365853658536586, 'recall': 0.96, 'f1-score': 0.9481481481481482, 'support': 200.0}, 'Malware': {'precision': 0.9875, 'recall': 0.9875, 'f1-score': 0.9875, 'support': 400.0}, 'Scan': {'precision': 0.9848484848484849, 'recall': 0.975, 'f1-score': 0.9798994974874371, 'support': 200.0}, 'WebAttack': {'precision': 0.989769820971867, 'recall': 0.9675, 'f1-score': 0.9785082174462706, 'support': 400.0}, 'accuracy': 0.971875, 'macro avg': {'precision': 0.9700864090379041, 'recall': 0.9702083333333333, 'f1-score': 0.9699094195939397, 'support': 1920.0}, 'weighted avg': {'precision': 0.9727042805494895, 'recall': 0.971875, 'f1-score': 0.9720899203348686, 'support': 1920.0}}","[[194   0   2   0   3   0   1   0]
 [  3 116   1   0   0   0   0   0]
 [  1   0 193   0   0   4   0   2]
 [  6   0   0 194   0   0   0   0]
 [  7   0   0   0 192   0   0   1]
 [  3   0   0   0   0 395   2   0]
 [  0   0   2   0   1   1 195   1]
 [  0   0   4   0   9   0   0 387]]",1.638437986,0.01243329
281,ToN_IoT,-1,None,StandardScaler,LGBM,0.967177632,-1,-1,99.296875,97.02083333,0.401785714,97.0086409,96.99094196,-1,"{'0Normal': {'precision': 0.9065420560747663, 'recall': 0.97, 'f1-score': 0.9371980676328503, 'support': 200.0}, 'BruteForce': {'precision': 1.0, 'recall': 0.9666666666666667, 'f1-score': 0.983050847457627, 'support': 120.0}, 'DDoS': {'precision': 0.9554455445544554, 'recall': 0.965, 'f1-score': 0.9601990049751244, 'support': 200.0}, 'DoS': {'precision': 1.0, 'recall': 0.97, 'f1-score': 0.9847715736040609, 'support': 200.0}, 'MITM': {'precision': 0.9365853658536586, 'recall': 0.96, 'f1-score': 0.9481481481481482, 'support': 200.0}, 'Malware': {'precision': 0.9875, 'recall': 0.9875, 'f1-score': 0.9875, 'support': 400.0}, 'Scan': {'precision': 0.9848484848484849, 'recall': 0.975, 'f1-score': 0.9798994974874371, 'support': 200.0}, 'WebAttack': {'precision': 0.989769820971867, 'recall': 0.9675, 'f1-score': 0.9785082174462706, 'support': 400.0}, 'accuracy': 0.971875, 'macro avg': {'precision': 0.9700864090379041, 'recall': 0.9702083333333333, 'f1-score': 0.9699094195939397, 'support': 1920.0}, 'weighted avg': {'precision': 0.9727042805494895, 'recall': 0.971875, 'f1-score': 0.9720899203348686, 'support': 1920.0}}","[[194   0   2   0   3   0   1   0]
 [  3 116   1   0   0   0   0   0]
 [  1   0 193   0   0   4   0   2]
 [  6   0   0 194   0   0   0   0]
 [  7   0   0   0 192   0   0   1]
 [  3   0   0   0   0 395   2   0]
 [  0   0   2   0   1   1 195   1]
 [  0   0   4   0   9   0   0 387]]",4.557037115,0.022867918
289,ToN_IoT,-1,None,StandardScaler,LGBM,0.967177632,-1,-1,99.296875,97.02083333,0.401785714,97.0086409,96.99094196,-1,"{'0Normal': {'precision': 0.9065420560747663, 'recall': 0.97, 'f1-score': 0.9371980676328503, 'support': 200.0}, 'BruteForce': {'precision': 1.0, 'recall': 0.9666666666666667, 'f1-score': 0.983050847457627, 'support': 120.0}, 'DDoS': {'precision': 0.9554455445544554, 'recall': 0.965, 'f1-score': 0.9601990049751244, 'support': 200.0}, 'DoS': {'precision': 1.0, 'recall': 0.97, 'f1-score': 0.9847715736040609, 'support': 200.0}, 'MITM': {'precision': 0.9365853658536586, 'recall': 0.96, 'f1-score': 0.9481481481481482, 'support': 200.0}, 'Malware': {'precision': 0.9875, 'recall': 0.9875, 'f1-score': 0.9875, 'support': 400.0}, 'Scan': {'precision': 0.9848484848484849, 'recall': 0.975, 'f1-score': 0.9798994974874371, 'support': 200.0}, 'WebAttack': {'precision': 0.989769820971867, 'recall': 0.9675, 'f1-score': 0.9785082174462706, 'support': 400.0}, 'accuracy': 0.971875, 'macro avg': {'precision': 0.9700864090379041, 'recall': 0.9702083333333333, 'f1-score': 0.9699094195939397, 'support': 1920.0}, 'weighted avg': {'precision': 0.9727042805494895, 'recall': 0.971875, 'f1-score': 0.9720899203348686, 'support': 1920.0}}","[[194   0   2   0   3   0   1   0]
 [  3 116   1   0   0   0   0   0]
 [  1   0 193   0   0   4   0   2]
 [  6   0   0 194   0   0   0   0]
 [  7   0   0   0 192   0   0   1]
 [  3   0   0   0   0 395   2   0]
 [  0   0   2   0   1   1 195   1]
 [  0   0   4   0   9   0   0 387]]",1.520650387,0.029182434
297,ToN_IoT,-1,None,StandardScaler,LGBM,0.967177632,-1,-1,99.296875,97.02083333,0.401785714,97.0086409,96.99094196,-1,"{'0Normal': {'precision': 0.9065420560747663, 'recall': 0.97, 'f1-score': 0.9371980676328503, 'support': 200.0}, 'BruteForce': {'precision': 1.0, 'recall': 0.9666666666666667, 'f1-score': 0.983050847457627, 'support': 120.0}, 'DDoS': {'precision': 0.9554455445544554, 'recall': 0.965, 'f1-score': 0.9601990049751244, 'support': 200.0}, 'DoS': {'precision': 1.0, 'recall': 0.97, 'f1-score': 0.9847715736040609, 'support': 200.0}, 'MITM': {'precision': 0.9365853658536586, 'recall': 0.96, 'f1-score': 0.9481481481481482, 'support': 200.0}, 'Malware': {'precision': 0.9875, 'recall': 0.9875, 'f1-score': 0.9875, 'support': 400.0}, 'Scan': {'precision': 0.9848484848484849, 'recall': 0.975, 'f1-score': 0.9798994974874371, 'support': 200.0}, 'WebAttack': {'precision': 0.989769820971867, 'recall': 0.9675, 'f1-score': 0.9785082174462706, 'support': 400.0}, 'accuracy': 0.971875, 'macro avg': {'precision': 0.9700864090379041, 'recall': 0.9702083333333333, 'f1-score': 0.9699094195939397, 'support': 1920.0}, 'weighted avg': {'precision': 0.9727042805494895, 'recall': 0.971875, 'f1-score': 0.9720899203348686, 'support': 1920.0}}","[[194   0   2   0   3   0   1   0]
 [  3 116   1   0   0   0   0   0]
 [  1   0 193   0   0   4   0   2]
 [  6   0   0 194   0   0   0   0]
 [  7   0   0   0 192   0   0   1]
 [  3   0   0   0   0 395   2   0]
 [  0   0   2   0   1   1 195   1]
 [  0   0   4   0   9   0   0 387]]",4.692724943,0.037986517
89,ToN_IoT,0,None,QuantileTransformer,LGBM,0.967155624,-1,-1,99.296875,97.03125,0.401785714,97.05106535,97.02212485,-1,"{'0Normal': {'precision': 0.9154929577464789, 'recall': 0.975, 'f1-score': 0.9443099273607748, 'support': 200.0}, 'BruteForce': {'precision': 0.9915254237288136, 'recall': 0.975, 'f1-score': 0.9831932773109243, 'support': 120.0}, 'DDoS': {'precision': 0.9641025641025641, 'recall': 0.94, 'f1-score': 0.9518987341772152, 'support': 200.0}, 'DoS': {'precision': 1.0, 'recall': 0.97, 'f1-score': 0.9847715736040609, 'support': 200.0}, 'MITM': {'precision': 0.96, 'recall': 0.96, 'f1-score': 0.96, 'support': 200.0}, 'Malware': {'precision': 0.9875311720698254, 'recall': 0.99, 'f1-score': 0.9887640449438203, 'support': 400.0}, 'Scan': {'precision': 0.9656862745098039, 'recall': 0.985, 'f1-score': 0.9752475247524752, 'support': 200.0}, 'WebAttack': {'precision': 0.979746835443038, 'recall': 0.9675, 'f1-score': 0.9735849056603773, 'support': 400.0}, 'accuracy': 0.971875, 'macro avg': {'precision': 0.9705106534500656, 'recall': 0.9703124999999999, 'f1-score': 0.970221248476206, 'support': 1920.0}, 'weighted avg': {'precision': 0.9723701110022773, 'recall': 0.971875, 'f1-score': 0.9719626695301538, 'support': 1920.0}}","[[195   0   2   0   2   0   1   0]
 [  3 117   0   0   0   0   0   0]
 [  2   0 188   0   2   4   0   4]
 [  6   0   0 194   0   0   0   0]
 [  5   0   0   0 192   0   0   3]
 [  2   0   0   0   0 396   2   0]
 [  0   0   0   0   1   1 197   1]
 [  0   1   5   0   3   0   4 387]]",1.56291461,0.012654543
51,ToN_IoT,2,None,QuantileTransformer,RF,0.96654235,-1,-1,99.28385417,96.86458333,0.40922619,97.12831342,96.97281914,-1,"{'0Normal': {'precision': 0.919047619047619, 'recall': 0.965, 'f1-score': 0.9414634146341463, 'support': 200.0}, 'BruteForce': {'precision': 1.0, 'recall': 0.9416666666666667, 'f1-score': 0.9699570815450643, 'support': 120.0}, 'DDoS': {'precision': 0.9601990049751243, 'recall': 0.965, 'f1-score': 0.9625935162094762, 'support': 200.0}, 'DoS': {'precision': 0.9948717948717949, 'recall': 0.97, 'f1-score': 0.9822784810126582, 'support': 200.0}, 'MITM': {'precision': 0.9512195121951219, 'recall': 0.975, 'f1-score': 0.9629629629629629, 'support': 200.0}, 'Malware': {'precision': 0.9753086419753086, 'recall': 0.9875, 'f1-score': 0.9813664596273292, 'support': 400.0}, 'Scan': {'precision': 0.9849246231155779, 'recall': 0.98, 'f1-score': 0.9824561403508771, 'support': 200.0}, 'WebAttack': {'precision': 0.9846938775510204, 'recall': 0.965, 'f1-score': 0.9747474747474748, 'support': 400.0}, 'accuracy': 0.9713541666666666, 'macro avg': {'precision': 0.9712831342164459, 'recall': 0.9686458333333333, 'f1-score': 0.9697281913862487, 'support': 1920.0}, 'weighted avg': {'precision': 0.9719028742976976, 'recall': 0.9713541666666666, 'f1-score': 0.9714538159215382, 'support': 1920.0}}","[[193   0   2   1   3   0   1   0]
 [  1 113   0   0   0   6   0   0]
 [  2   0 193   0   1   2   0   2]
 [  6   0   0 194   0   0   0   0]
 [  3   0   0   0 195   0   0   2]
 [  3   0   0   0   0 395   2   0]
 [  0   0   0   0   1   1 196   2]
 [  2   0   6   0   5   1   0 386]]",0.813136101,0.015699387
19,ToN_IoT,3,None,QuantileTransformer,LGBM,0.966003495,-1,-1,99.27083333,96.88541667,0.416666667,96.80886272,96.80657447,-1,"{'0Normal': {'precision': 0.9069767441860465, 'recall': 0.975, 'f1-score': 0.9397590361445783, 'support': 200.0}, 'BruteForce': {'precision': 0.9911504424778761, 'recall': 0.9333333333333333, 'f1-score': 0.9613733905579399, 'support': 120.0}, 'DDoS': {'precision': 0.9285714285714286, 'recall': 0.975, 'f1-score': 0.951219512195122, 'support': 200.0}, 'DoS': {'precision': 0.9948453608247423, 'recall': 0.965, 'f1-score': 0.9796954314720813, 'support': 200.0}, 'MITM': {'precision': 0.9560975609756097, 'recall': 0.98, 'f1-score': 0.9679012345679012, 'support': 200.0}, 'Malware': {'precision': 0.9974489795918368, 'recall': 0.9775, 'f1-score': 0.9873737373737373, 'support': 400.0}, 'Scan': {'precision': 0.9849246231155779, 'recall': 0.98, 'f1-score': 0.9824561403508771, 'support': 200.0}, 'WebAttack': {'precision': 0.9846938775510204, 'recall': 0.965, 'f1-score': 0.9747474747474748, 'support': 400.0}, 'accuracy': 0.9708333333333333, 'macro avg': {'precision': 0.9680886271617672, 'recall': 0.9688541666666666, 'f1-score': 0.968065744676214, 'support': 1920.0}, 'weighted avg': {'precision': 0.9719158018172755, 'recall': 0.9708333333333333, 'f1-score': 0.9710518555528904, 'support': 1920.0}}","[[195   0   1   1   2   0   1   0]
 [  1 112   6   0   0   0   0   1]
 [  3   0 195   0   1   0   0   1]
 [  7   0   0 193   0   0   0   0]
 [  2   0   0   0 196   0   0   2]
 [  5   0   2   0   0 391   2   0]
 [  0   0   0   0   1   1 196   2]
 [  2   1   6   0   5   0   0 386]]",8.976272106,0.013158798
266,ToN_IoT,-1,None,StandardScaler,RF,0.965894546,-1,-1,99.27083333,96.70833333,0.416666667,97.16417776,96.91917161,-1,"{'0Normal': {'precision': 0.9365853658536586, 'recall': 0.96, 'f1-score': 0.9481481481481482, 'support': 200.0}, 'BruteForce': {'precision': 1.0, 'recall': 0.9416666666666667, 'f1-score': 0.9699570815450643, 'support': 120.0}, 'DDoS': {'precision': 0.9601990049751243, 'recall': 0.965, 'f1-score': 0.9625935162094762, 'support': 200.0}, 'DoS': {'precision': 1.0, 'recall': 0.97, 'f1-score': 0.9847715736040609, 'support': 200.0}, 'MITM': {'precision': 0.9411764705882353, 'recall': 0.96, 'f1-score': 0.9504950495049505, 'support': 200.0}, 'Malware': {'precision': 0.9850746268656716, 'recall': 0.99, 'f1-score': 0.9875311720698254, 'support': 400.0}, 'Scan': {'precision': 0.9849246231155779, 'recall': 0.98, 'f1-score': 0.9824561403508771, 'support': 200.0}, 'WebAttack': {'precision': 0.9651741293532339, 'recall': 0.97, 'f1-score': 0.9675810473815462, 'support': 400.0}, 'accuracy': 0.9708333333333333, 'macro avg': {'precision': 0.9716417775939377, 'recall': 0.9670833333333333, 'f1-score': 0.9691917161017436, 'support': 1920.0}, 'weighted avg': {'precision': 0.9711857267677507, 'recall': 0.9708333333333333, 'f1-score': 0.9709024078799264, 'support': 1920.0}}","[[192   0   2   0   3   1   1   1]
 [  0 113   1   0   0   0   0   6]
 [  1   0 193   0   1   4   0   1]
 [  6   0   0 194   0   0   0   0]
 [  4   0   1   0 192   0   0   3]
 [  2   0   0   0   0 396   2   0]
 [  0   0   0   0   0   1 196   3]
 [  0   0   4   0   8   0   0 388]]",0.387348413,0.016277075
274,ToN_IoT,-1,None,StandardScaler,RF,0.965894546,-1,-1,99.27083333,96.70833333,0.416666667,97.16417776,96.91917161,-1,"{'0Normal': {'precision': 0.9365853658536586, 'recall': 0.96, 'f1-score': 0.9481481481481482, 'support': 200.0}, 'BruteForce': {'precision': 1.0, 'recall': 0.9416666666666667, 'f1-score': 0.9699570815450643, 'support': 120.0}, 'DDoS': {'precision': 0.9601990049751243, 'recall': 0.965, 'f1-score': 0.9625935162094762, 'support': 200.0}, 'DoS': {'precision': 1.0, 'recall': 0.97, 'f1-score': 0.9847715736040609, 'support': 200.0}, 'MITM': {'precision': 0.9411764705882353, 'recall': 0.96, 'f1-score': 0.9504950495049505, 'support': 200.0}, 'Malware': {'precision': 0.9850746268656716, 'recall': 0.99, 'f1-score': 0.9875311720698254, 'support': 400.0}, 'Scan': {'precision': 0.9849246231155779, 'recall': 0.98, 'f1-score': 0.9824561403508771, 'support': 200.0}, 'WebAttack': {'precision': 0.9651741293532339, 'recall': 0.97, 'f1-score': 0.9675810473815462, 'support': 400.0}, 'accuracy': 0.9708333333333333, 'macro avg': {'precision': 0.9716417775939377, 'recall': 0.9670833333333333, 'f1-score': 0.9691917161017436, 'support': 1920.0}, 'weighted avg': {'precision': 0.9711857267677507, 'recall': 0.9708333333333333, 'f1-score': 0.9709024078799264, 'support': 1920.0}}","[[192   0   2   0   3   1   1   1]
 [  0 113   1   0   0   0   0   6]
 [  1   0 193   0   1   4   0   1]
 [  6   0   0 194   0   0   0   0]
 [  4   0   1   0 192   0   0   3]
 [  2   0   0   0   0 396   2   0]
 [  0   0   0   0   0   1 196   3]
 [  0   0   4   0   8   0   0 388]]",0.384208441,0.014389992
282,ToN_IoT,-1,None,StandardScaler,RF,0.965894546,-1,-1,99.27083333,96.70833333,0.416666667,97.16417776,96.91917161,-1,"{'0Normal': {'precision': 0.9365853658536586, 'recall': 0.96, 'f1-score': 0.9481481481481482, 'support': 200.0}, 'BruteForce': {'precision': 1.0, 'recall': 0.9416666666666667, 'f1-score': 0.9699570815450643, 'support': 120.0}, 'DDoS': {'precision': 0.9601990049751243, 'recall': 0.965, 'f1-score': 0.9625935162094762, 'support': 200.0}, 'DoS': {'precision': 1.0, 'recall': 0.97, 'f1-score': 0.9847715736040609, 'support': 200.0}, 'MITM': {'precision': 0.9411764705882353, 'recall': 0.96, 'f1-score': 0.9504950495049505, 'support': 200.0}, 'Malware': {'precision': 0.9850746268656716, 'recall': 0.99, 'f1-score': 0.9875311720698254, 'support': 400.0}, 'Scan': {'precision': 0.9849246231155779, 'recall': 0.98, 'f1-score': 0.9824561403508771, 'support': 200.0}, 'WebAttack': {'precision': 0.9651741293532339, 'recall': 0.97, 'f1-score': 0.9675810473815462, 'support': 400.0}, 'accuracy': 0.9708333333333333, 'macro avg': {'precision': 0.9716417775939377, 'recall': 0.9670833333333333, 'f1-score': 0.9691917161017436, 'support': 1920.0}, 'weighted avg': {'precision': 0.9711857267677507, 'recall': 0.9708333333333333, 'f1-score': 0.9709024078799264, 'support': 1920.0}}","[[192   0   2   0   3   1   1   1]
 [  0 113   1   0   0   0   0   6]
 [  1   0 193   0   1   4   0   1]
 [  6   0   0 194   0   0   0   0]
 [  4   0   1   0 192   0   0   3]
 [  2   0   0   0   0 396   2   0]
 [  0   0   0   0   0   1 196   3]
 [  0   0   4   0   8   0   0 388]]",0.539943933,0.015936613
290,ToN_IoT,-1,None,StandardScaler,RF,0.965894546,-1,-1,99.27083333,96.70833333,0.416666667,97.16417776,96.91917161,-1,"{'0Normal': {'precision': 0.9365853658536586, 'recall': 0.96, 'f1-score': 0.9481481481481482, 'support': 200.0}, 'BruteForce': {'precision': 1.0, 'recall': 0.9416666666666667, 'f1-score': 0.9699570815450643, 'support': 120.0}, 'DDoS': {'precision': 0.9601990049751243, 'recall': 0.965, 'f1-score': 0.9625935162094762, 'support': 200.0}, 'DoS': {'precision': 1.0, 'recall': 0.97, 'f1-score': 0.9847715736040609, 'support': 200.0}, 'MITM': {'precision': 0.9411764705882353, 'recall': 0.96, 'f1-score': 0.9504950495049505, 'support': 200.0}, 'Malware': {'precision': 0.9850746268656716, 'recall': 0.99, 'f1-score': 0.9875311720698254, 'support': 400.0}, 'Scan': {'precision': 0.9849246231155779, 'recall': 0.98, 'f1-score': 0.9824561403508771, 'support': 200.0}, 'WebAttack': {'precision': 0.9651741293532339, 'recall': 0.97, 'f1-score': 0.9675810473815462, 'support': 400.0}, 'accuracy': 0.9708333333333333, 'macro avg': {'precision': 0.9716417775939377, 'recall': 0.9670833333333333, 'f1-score': 0.9691917161017436, 'support': 1920.0}, 'weighted avg': {'precision': 0.9711857267677507, 'recall': 0.9708333333333333, 'f1-score': 0.9709024078799264, 'support': 1920.0}}","[[192   0   2   0   3   1   1   1]
 [  0 113   1   0   0   0   0   6]
 [  1   0 193   0   1   4   0   1]
 [  6   0   0 194   0   0   0   0]
 [  4   0   1   0 192   0   0   3]
 [  2   0   0   0   0 396   2   0]
 [  0   0   0   0   0   1 196   3]
 [  0   0   4   0   8   0   0 388]]",0.346463203,0.013085604
298,ToN_IoT,-1,None,StandardScaler,RF,0.965894546,-1,-1,99.27083333,96.70833333,0.416666667,97.16417776,96.91917161,-1,"{'0Normal': {'precision': 0.9365853658536586, 'recall': 0.96, 'f1-score': 0.9481481481481482, 'support': 200.0}, 'BruteForce': {'precision': 1.0, 'recall': 0.9416666666666667, 'f1-score': 0.9699570815450643, 'support': 120.0}, 'DDoS': {'precision': 0.9601990049751243, 'recall': 0.965, 'f1-score': 0.9625935162094762, 'support': 200.0}, 'DoS': {'precision': 1.0, 'recall': 0.97, 'f1-score': 0.9847715736040609, 'support': 200.0}, 'MITM': {'precision': 0.9411764705882353, 'recall': 0.96, 'f1-score': 0.9504950495049505, 'support': 200.0}, 'Malware': {'precision': 0.9850746268656716, 'recall': 0.99, 'f1-score': 0.9875311720698254, 'support': 400.0}, 'Scan': {'precision': 0.9849246231155779, 'recall': 0.98, 'f1-score': 0.9824561403508771, 'support': 200.0}, 'WebAttack': {'precision': 0.9651741293532339, 'recall': 0.97, 'f1-score': 0.9675810473815462, 'support': 400.0}, 'accuracy': 0.9708333333333333, 'macro avg': {'precision': 0.9716417775939377, 'recall': 0.9670833333333333, 'f1-score': 0.9691917161017436, 'support': 1920.0}, 'weighted avg': {'precision': 0.9711857267677507, 'recall': 0.9708333333333333, 'f1-score': 0.9709024078799264, 'support': 1920.0}}","[[192   0   2   0   3   1   1   1]
 [  0 113   1   0   0   0   0   6]
 [  1   0 193   0   1   4   0   1]
 [  6   0   0 194   0   0   0   0]
 [  4   0   1   0 192   0   0   3]
 [  2   0   0   0   0 396   2   0]
 [  0   0   0   0   0   1 196   3]
 [  0   0   4   0   8   0   0 388]]",0.707413197,0.023246527
11,ToN_IoT,3,None,QuantileTransformer,LGBM,0.965386841,-1,-1,99.2578125,96.80208333,0.424107143,96.66627036,96.70080076,-1,"{'0Normal': {'precision': 0.9150943396226415, 'recall': 0.97, 'f1-score': 0.9417475728155339, 'support': 200.0}, 'BruteForce': {'precision': 0.9912280701754386, 'recall': 0.9416666666666667, 'f1-score': 0.9658119658119658, 'support': 120.0}, 'DDoS': {'precision': 0.9371980676328503, 'recall': 0.97, 'f1-score': 0.9533169533169534, 'support': 200.0}, 'DoS': {'precision': 0.9948186528497409, 'recall': 0.96, 'f1-score': 0.9770992366412213, 'support': 200.0}, 'MITM': {'precision': 0.9375, 'recall': 0.975, 'f1-score': 0.9558823529411764, 'support': 200.0}, 'Malware': {'precision': 0.9974747474747475, 'recall': 0.9875, 'f1-score': 0.992462311557789, 'support': 400.0}, 'Scan': {'precision': 0.9702970297029703, 'recall': 0.98, 'f1-score': 0.9751243781094527, 'support': 200.0}, 'WebAttack': {'precision': 0.9896907216494846, 'recall': 0.96, 'f1-score': 0.9746192893401014, 'support': 400.0}, 'accuracy': 0.9703125, 'macro avg': {'precision': 0.9666627036384843, 'recall': 0.9680208333333333, 'f1-score': 0.9670080075667742, 'support': 1920.0}, 'weighted avg': {'precision': 0.9712474864752011, 'recall': 0.9703125, 'f1-score': 0.9705021744903436, 'support': 1920.0}}","[[194   0   1   1   3   0   1   0]
 [  1 113   6   0   0   0   0   0]
 [  4   0 194   0   1   0   1   0]
 [  6   0   0 192   0   0   2   0]
 [  3   0   0   0 195   0   0   2]
 [  3   0   0   0   0 395   2   0]
 [  0   0   0   0   2   0 196   2]
 [  1   1   6   0   7   1   0 384]]",9.010390997,0.014831066
12,ToN_IoT,3,None,QuantileTransformer,RF,0.965373425,-1,-1,99.2578125,96.80208333,0.424107143,96.8139358,96.77249291,-1,"{'0Normal': {'precision': 0.9065420560747663, 'recall': 0.97, 'f1-score': 0.9371980676328503, 'support': 200.0}, 'BruteForce': {'precision': 1.0, 'recall': 0.9416666666666667, 'f1-score': 0.9699570815450643, 'support': 120.0}, 'DDoS': {'precision': 0.9282296650717703, 'recall': 0.97, 'f1-score': 0.9486552567237163, 'support': 200.0}, 'DoS': {'precision': 1.0, 'recall': 0.97, 'f1-score': 0.9847715736040609, 'support': 200.0}, 'MITM': {'precision': 0.9507389162561576, 'recall': 0.965, 'f1-score': 0.9578163771712158, 'support': 200.0}, 'Malware': {'precision': 0.9949494949494949, 'recall': 0.985, 'f1-score': 0.9899497487437187, 'support': 400.0}, 'Scan': {'precision': 0.98, 'recall': 0.98, 'f1-score': 0.98, 'support': 200.0}, 'WebAttack': {'precision': 0.9846547314578005, 'recall': 0.9625, 'f1-score': 0.9734513274336284, 'support': 400.0}, 'accuracy': 0.9703125, 'macro avg': {'precision': 0.9681393579762487, 'recall': 0.9680208333333333, 'f1-score': 0.9677249291067819, 'support': 1920.0}, 'weighted avg': {'precision': 0.9713249052309672, 'recall': 0.9703125, 'f1-score': 0.9705435079597475, 'support': 1920.0}}","[[194   0   2   0   3   0   1   0]
 [  1 113   6   0   0   0   0   0]
 [  3   0 194   0   1   0   1   1]
 [  6   0   0 194   0   0   0   0]
 [  4   0   1   0 193   0   0   2]
 [  3   0   1   0   0 394   2   0]
 [  0   0   0   0   0   1 196   3]
 [  3   0   5   0   6   1   0 385]]",1.616623163,0.018469572
20,ToN_IoT,3,None,QuantileTransformer,RF,0.965371196,-1,-1,99.2578125,96.77083333,0.424107143,96.81531625,96.75715266,-1,"{'0Normal': {'precision': 0.910377358490566, 'recall': 0.965, 'f1-score': 0.9368932038834951, 'support': 200.0}, 'BruteForce': {'precision': 1.0, 'recall': 0.9416666666666667, 'f1-score': 0.9699570815450643, 'support': 120.0}, 'DDoS': {'precision': 0.9198113207547169, 'recall': 0.975, 'f1-score': 0.9466019417475728, 'support': 200.0}, 'DoS': {'precision': 1.0, 'recall': 0.97, 'f1-score': 0.9847715736040609, 'support': 200.0}, 'MITM': {'precision': 0.9504950495049505, 'recall': 0.96, 'f1-score': 0.9552238805970149, 'support': 200.0}, 'Malware': {'precision': 0.9949622166246851, 'recall': 0.9875, 'f1-score': 0.9912170639899623, 'support': 400.0}, 'Scan': {'precision': 0.9849246231155779, 'recall': 0.98, 'f1-score': 0.9824561403508771, 'support': 200.0}, 'WebAttack': {'precision': 0.9846547314578005, 'recall': 0.9625, 'f1-score': 0.9734513274336284, 'support': 400.0}, 'accuracy': 0.9703125, 'macro avg': {'precision': 0.9681531624935371, 'recall': 0.9677083333333333, 'f1-score': 0.9675715266439595, 'support': 1920.0}, 'weighted avg': {'precision': 0.9713377341698732, 'recall': 0.9703125, 'f1-score': 0.9705476845788792, 'support': 1920.0}}","[[193   0   2   0   3   0   1   1]
 [  1 113   6   0   0   0   0   0]
 [  2   0 195   0   1   0   0   2]
 [  6   0   0 194   0   0   0   0]
 [  5   0   2   0 192   0   0   1]
 [  3   0   0   0   0 395   2   0]
 [  1   0   0   0   0   1 196   2]
 [  1   0   7   0   6   1   0 385]]",1.833566189,0.019567013
27,ToN_IoT,3,None,QuantileTransformer,LGBM,0.965358626,-1,-1,99.2578125,96.83333333,0.424107143,96.7961352,96.78661329,-1,"{'0Normal': {'precision': 0.919431279620853, 'recall': 0.97, 'f1-score': 0.9440389294403893, 'support': 200.0}, 'BruteForce': {'precision': 0.9912280701754386, 'recall': 0.9416666666666667, 'f1-score': 0.9658119658119658, 'support': 120.0}, 'DDoS': {'precision': 0.946078431372549, 'recall': 0.965, 'f1-score': 0.9554455445544553, 'support': 200.0}, 'DoS': {'precision': 0.9948186528497409, 'recall': 0.96, 'f1-score': 0.9770992366412213, 'support': 200.0}, 'MITM': {'precision': 0.9423076923076923, 'recall': 0.98, 'f1-score': 0.9607843137254902, 'support': 200.0}, 'Malware': {'precision': 0.9899244332493703, 'recall': 0.9825, 'f1-score': 0.986198243412798, 'support': 400.0}, 'Scan': {'precision': 0.9752475247524752, 'recall': 0.985, 'f1-score': 0.9800995024875623, 'support': 200.0}, 'WebAttack': {'precision': 0.9846547314578005, 'recall': 0.9625, 'f1-score': 0.9734513274336284, 'support': 400.0}, 'accuracy': 0.9703125, 'macro avg': {'precision': 0.96796135197324, 'recall': 0.9683333333333333, 'f1-score': 0.9678661329384388, 'support': 1920.0}, 'weighted avg': {'precision': 0.9710186200440537, 'recall': 0.9703125, 'f1-score': 0.9704431091697032, 'support': 1920.0}}","[[194   0   2   0   2   0   1   1]
 [  1 113   3   0   0   3   0   0]
 [  2   0 193   0   3   0   1   1]
 [  7   0   0 192   1   0   0   0]
 [  2   0   0   0 196   0   0   2]
 [  3   0   1   0   0 393   3   0]
 [  0   0   0   0   1   0 197   2]
 [  2   1   5   1   5   1   0 385]]",11.94129658,0.015215397
59,ToN_IoT,2,None,QuantileTransformer,RF,0.965316632,-1,-1,99.2578125,96.73958333,0.424107143,97.03497067,96.86427148,-1,"{'0Normal': {'precision': 0.9146919431279621, 'recall': 0.965, 'f1-score': 0.9391727493917275, 'support': 200.0}, 'BruteForce': {'precision': 1.0, 'recall': 0.9416666666666667, 'f1-score': 0.9699570815450643, 'support': 120.0}, 'DDoS': {'precision': 0.9603960396039604, 'recall': 0.97, 'f1-score': 0.9651741293532338, 'support': 200.0}, 'DoS': {'precision': 0.9948717948717949, 'recall': 0.97, 'f1-score': 0.9822784810126582, 'support': 200.0}, 'MITM': {'precision': 0.9504950495049505, 'recall': 0.96, 'f1-score': 0.9552238805970149, 'support': 200.0}, 'Malware': {'precision': 0.9777227722772277, 'recall': 0.9875, 'f1-score': 0.9825870646766169, 'support': 400.0}, 'Scan': {'precision': 0.9849246231155779, 'recall': 0.98, 'f1-score': 0.9824561403508771, 'support': 200.0}, 'WebAttack': {'precision': 0.9796954314720813, 'recall': 0.965, 'f1-score': 0.9722921914357683, 'support': 400.0}, 'accuracy': 0.9703125, 'macro avg': {'precision': 0.9703497067466943, 'recall': 0.9673958333333333, 'f1-score': 0.9686427147953701, 'support': 1920.0}, 'weighted avg': {'precision': 0.9708558185127983, 'recall': 0.9703125, 'f1-score': 0.9704206397768043, 'support': 1920.0}}","[[193   0   2   1   3   0   1   0]
 [  1 113   0   0   0   6   0   0]
 [  2   0 194   0   1   1   0   2]
 [  6   0   0 194   0   0   0   0]
 [  4   0   0   0 192   0   0   4]
 [  3   0   0   0   0 395   2   0]
 [  0   0   0   0   1   1 196   2]
 [  2   0   6   0   5   1   0 386]]",0.877650023,0.016890287
28,ToN_IoT,3,None,QuantileTransformer,RF,0.964775296,-1,-1,99.24479167,96.80208333,0.431547619,96.7545062,96.74165796,-1,"{'0Normal': {'precision': 0.919047619047619, 'recall': 0.965, 'f1-score': 0.9414634146341463, 'support': 200.0}, 'BruteForce': {'precision': 1.0, 'recall': 0.9416666666666667, 'f1-score': 0.9699570815450643, 'support': 120.0}, 'DDoS': {'precision': 0.9241706161137441, 'recall': 0.975, 'f1-score': 0.948905109489051, 'support': 200.0}, 'DoS': {'precision': 1.0, 'recall': 0.97, 'f1-score': 0.9847715736040609, 'support': 200.0}, 'MITM': {'precision': 0.9326923076923077, 'recall': 0.97, 'f1-score': 0.9509803921568627, 'support': 200.0}, 'Malware': {'precision': 0.9949494949494949, 'recall': 0.985, 'f1-score': 0.9899497487437187, 'support': 400.0}, 'Scan': {'precision': 0.9849246231155779, 'recall': 0.98, 'f1-score': 0.9824561403508771, 'support': 200.0}, 'WebAttack': {'precision': 0.9845758354755784, 'recall': 0.9575, 'f1-score': 0.97084917617237, 'support': 400.0}, 'accuracy': 0.9697916666666667, 'macro avg': {'precision': 0.9675450620492902, 'recall': 0.9680208333333333, 'f1-score': 0.9674165795870189, 'support': 1920.0}, 'weighted avg': {'precision': 0.970821440293687, 'recall': 0.9697916666666667, 'f1-score': 0.9700154926035639, 'support': 1920.0}}","[[193   0   2   0   3   0   1   1]
 [  1 113   6   0   0   0   0   0]
 [  2   0 195   0   1   0   0   2]
 [  6   0   0 194   0   0   0   0]
 [  5   0   0   0 194   0   0   1]
 [  2   0   1   0   1 394   2   0]
 [  0   0   0   0   1   1 196   2]
 [  1   0   7   0   8   1   0 383]]",1.557640314,0.02249074
4,ToN_IoT,3,None,QuantileTransformer,RF,0.964733951,-1,-1,99.24479167,96.67708333,0.431547619,96.856794,96.73565152,-1,"{'0Normal': {'precision': 0.9065420560747663, 'recall': 0.97, 'f1-score': 0.9371980676328503, 'support': 200.0}, 'BruteForce': {'precision': 1.0, 'recall': 0.9416666666666667, 'f1-score': 0.9699570815450643, 'support': 120.0}, 'DDoS': {'precision': 0.9323671497584541, 'recall': 0.965, 'f1-score': 0.9484029484029484, 'support': 200.0}, 'DoS': {'precision': 1.0, 'recall': 0.97, 'f1-score': 0.9847715736040609, 'support': 200.0}, 'MITM': {'precision': 0.955, 'recall': 0.955, 'f1-score': 0.955, 'support': 200.0}, 'Malware': {'precision': 0.9949622166246851, 'recall': 0.9875, 'f1-score': 0.9912170639899623, 'support': 400.0}, 'Scan': {'precision': 0.9849246231155779, 'recall': 0.98, 'f1-score': 0.9824561403508771, 'support': 200.0}, 'WebAttack': {'precision': 0.9747474747474747, 'recall': 0.965, 'f1-score': 0.9698492462311558, 'support': 400.0}, 'accuracy': 0.9697916666666667, 'macro avg': {'precision': 0.9685679400401198, 'recall': 0.9667708333333334, 'f1-score': 0.967356515219615, 'support': 1920.0}, 'weighted avg': {'precision': 0.9706513762180331, 'recall': 0.9697916666666667, 'f1-score': 0.9699932916000013, 'support': 1920.0}}","[[194   0   2   0   3   0   1   0]
 [  1 113   6   0   0   0   0   0]
 [  2   0 193   0   1   0   0   4]
 [  6   0   0 194   0   0   0   0]
 [  6   0   0   0 191   0   0   3]
 [  3   0   0   0   0 395   2   0]
 [  0   0   0   0   0   1 196   3]
 [  2   0   6   0   5   1   0 386]]",0.744649649,0.018556118
413,ToN_IoT,-1,None,MinMaxScaler,RF,0.964678409,-1,-1,99.24479167,96.61458333,0.431547619,97.10608877,96.84122988,-1,"{'0Normal': {'precision': 0.9323671497584541, 'recall': 0.965, 'f1-score': 0.9484029484029484, 'support': 200.0}, 'BruteForce': {'precision': 1.0, 'recall': 0.9416666666666667, 'f1-score': 0.9699570815450643, 'support': 120.0}, 'DDoS': {'precision': 0.9646464646464646, 'recall': 0.955, 'f1-score': 0.9597989949748743, 'support': 200.0}, 'DoS': {'precision': 1.0, 'recall': 0.97, 'f1-score': 0.9847715736040609, 'support': 200.0}, 'MITM': {'precision': 0.9411764705882353, 'recall': 0.96, 'f1-score': 0.9504950495049505, 'support': 200.0}, 'Malware': {'precision': 0.9850746268656716, 'recall': 0.99, 'f1-score': 0.9875311720698254, 'support': 400.0}, 'Scan': {'precision': 0.9849246231155779, 'recall': 0.98, 'f1-score': 0.9824561403508771, 'support': 200.0}, 'WebAttack': {'precision': 0.9602977667493796, 'recall': 0.9675, 'f1-score': 0.9638854296388544, 'support': 400.0}, 'accuracy': 0.9697916666666667, 'macro avg': {'precision': 0.9710608877154729, 'recall': 0.9661458333333333, 'f1-score': 0.9684122987614319, 'support': 1920.0}, 'weighted avg': {'precision': 0.9701936974311285, 'recall': 0.9697916666666667, 'f1-score': 0.9698679332481365, 'support': 1920.0}}","[[193   0   2   0   3   1   1   0]
 [  1 113   0   0   0   0   0   6]
 [  2   0 191   0   1   4   0   2]
 [  6   0   0 194   0   0   0   0]
 [  3   0   0   0 192   0   0   5]
 [  2   0   0   0   0 396   2   0]
 [  0   0   0   0   0   1 196   3]
 [  0   0   5   0   8   0   0 387]]",0.328444481,0.013283014
421,ToN_IoT,-1,None,MinMaxScaler,RF,0.964678409,-1,-1,99.24479167,96.61458333,0.431547619,97.10608877,96.84122988,-1,"{'0Normal': {'precision': 0.9323671497584541, 'recall': 0.965, 'f1-score': 0.9484029484029484, 'support': 200.0}, 'BruteForce': {'precision': 1.0, 'recall': 0.9416666666666667, 'f1-score': 0.9699570815450643, 'support': 120.0}, 'DDoS': {'precision': 0.9646464646464646, 'recall': 0.955, 'f1-score': 0.9597989949748743, 'support': 200.0}, 'DoS': {'precision': 1.0, 'recall': 0.97, 'f1-score': 0.9847715736040609, 'support': 200.0}, 'MITM': {'precision': 0.9411764705882353, 'recall': 0.96, 'f1-score': 0.9504950495049505, 'support': 200.0}, 'Malware': {'precision': 0.9850746268656716, 'recall': 0.99, 'f1-score': 0.9875311720698254, 'support': 400.0}, 'Scan': {'precision': 0.9849246231155779, 'recall': 0.98, 'f1-score': 0.9824561403508771, 'support': 200.0}, 'WebAttack': {'precision': 0.9602977667493796, 'recall': 0.9675, 'f1-score': 0.9638854296388544, 'support': 400.0}, 'accuracy': 0.9697916666666667, 'macro avg': {'precision': 0.9710608877154729, 'recall': 0.9661458333333333, 'f1-score': 0.9684122987614319, 'support': 1920.0}, 'weighted avg': {'precision': 0.9701936974311285, 'recall': 0.9697916666666667, 'f1-score': 0.9698679332481365, 'support': 1920.0}}","[[193   0   2   0   3   1   1   0]
 [  1 113   0   0   0   0   0   6]
 [  2   0 191   0   1   4   0   2]
 [  6   0   0 194   0   0   0   0]
 [  3   0   0   0 192   0   0   5]
 [  2   0   0   0   0 396   2   0]
 [  0   0   0   0   0   1 196   3]
 [  0   0   5   0   8   0   0 387]]",0.334841967,0.013388157
429,ToN_IoT,-1,None,MinMaxScaler,RF,0.964678409,-1,-1,99.24479167,96.61458333,0.431547619,97.10608877,96.84122988,-1,"{'0Normal': {'precision': 0.9323671497584541, 'recall': 0.965, 'f1-score': 0.9484029484029484, 'support': 200.0}, 'BruteForce': {'precision': 1.0, 'recall': 0.9416666666666667, 'f1-score': 0.9699570815450643, 'support': 120.0}, 'DDoS': {'precision': 0.9646464646464646, 'recall': 0.955, 'f1-score': 0.9597989949748743, 'support': 200.0}, 'DoS': {'precision': 1.0, 'recall': 0.97, 'f1-score': 0.9847715736040609, 'support': 200.0}, 'MITM': {'precision': 0.9411764705882353, 'recall': 0.96, 'f1-score': 0.9504950495049505, 'support': 200.0}, 'Malware': {'precision': 0.9850746268656716, 'recall': 0.99, 'f1-score': 0.9875311720698254, 'support': 400.0}, 'Scan': {'precision': 0.9849246231155779, 'recall': 0.98, 'f1-score': 0.9824561403508771, 'support': 200.0}, 'WebAttack': {'precision': 0.9602977667493796, 'recall': 0.9675, 'f1-score': 0.9638854296388544, 'support': 400.0}, 'accuracy': 0.9697916666666667, 'macro avg': {'precision': 0.9710608877154729, 'recall': 0.9661458333333333, 'f1-score': 0.9684122987614319, 'support': 1920.0}, 'weighted avg': {'precision': 0.9701936974311285, 'recall': 0.9697916666666667, 'f1-score': 0.9698679332481365, 'support': 1920.0}}","[[193   0   2   0   3   1   1   0]
 [  1 113   0   0   0   0   0   6]
 [  2   0 191   0   1   4   0   2]
 [  6   0   0 194   0   0   0   0]
 [  3   0   0   0 192   0   0   5]
 [  2   0   0   0   0 396   2   0]
 [  0   0   0   0   0   1 196   3]
 [  0   0   5   0   8   0   0 387]]",0.341564417,0.013388872
437,ToN_IoT,-1,None,MinMaxScaler,RF,0.964678409,-1,-1,99.24479167,96.61458333,0.431547619,97.10608877,96.84122988,-1,"{'0Normal': {'precision': 0.9323671497584541, 'recall': 0.965, 'f1-score': 0.9484029484029484, 'support': 200.0}, 'BruteForce': {'precision': 1.0, 'recall': 0.9416666666666667, 'f1-score': 0.9699570815450643, 'support': 120.0}, 'DDoS': {'precision': 0.9646464646464646, 'recall': 0.955, 'f1-score': 0.9597989949748743, 'support': 200.0}, 'DoS': {'precision': 1.0, 'recall': 0.97, 'f1-score': 0.9847715736040609, 'support': 200.0}, 'MITM': {'precision': 0.9411764705882353, 'recall': 0.96, 'f1-score': 0.9504950495049505, 'support': 200.0}, 'Malware': {'precision': 0.9850746268656716, 'recall': 0.99, 'f1-score': 0.9875311720698254, 'support': 400.0}, 'Scan': {'precision': 0.9849246231155779, 'recall': 0.98, 'f1-score': 0.9824561403508771, 'support': 200.0}, 'WebAttack': {'precision': 0.9602977667493796, 'recall': 0.9675, 'f1-score': 0.9638854296388544, 'support': 400.0}, 'accuracy': 0.9697916666666667, 'macro avg': {'precision': 0.9710608877154729, 'recall': 0.9661458333333333, 'f1-score': 0.9684122987614319, 'support': 1920.0}, 'weighted avg': {'precision': 0.9701936974311285, 'recall': 0.9697916666666667, 'f1-score': 0.9698679332481365, 'support': 1920.0}}","[[193   0   2   0   3   1   1   0]
 [  1 113   0   0   0   0   0   6]
 [  2   0 191   0   1   4   0   2]
 [  6   0   0 194   0   0   0   0]
 [  3   0   0   0 192   0   0   5]
 [  2   0   0   0   0 396   2   0]
 [  0   0   0   0   0   1 196   3]
 [  0   0   5   0   8   0   0 387]]",0.330014467,0.013196707
445,ToN_IoT,-1,None,MinMaxScaler,RF,0.964678409,-1,-1,99.24479167,96.61458333,0.431547619,97.10608877,96.84122988,-1,"{'0Normal': {'precision': 0.9323671497584541, 'recall': 0.965, 'f1-score': 0.9484029484029484, 'support': 200.0}, 'BruteForce': {'precision': 1.0, 'recall': 0.9416666666666667, 'f1-score': 0.9699570815450643, 'support': 120.0}, 'DDoS': {'precision': 0.9646464646464646, 'recall': 0.955, 'f1-score': 0.9597989949748743, 'support': 200.0}, 'DoS': {'precision': 1.0, 'recall': 0.97, 'f1-score': 0.9847715736040609, 'support': 200.0}, 'MITM': {'precision': 0.9411764705882353, 'recall': 0.96, 'f1-score': 0.9504950495049505, 'support': 200.0}, 'Malware': {'precision': 0.9850746268656716, 'recall': 0.99, 'f1-score': 0.9875311720698254, 'support': 400.0}, 'Scan': {'precision': 0.9849246231155779, 'recall': 0.98, 'f1-score': 0.9824561403508771, 'support': 200.0}, 'WebAttack': {'precision': 0.9602977667493796, 'recall': 0.9675, 'f1-score': 0.9638854296388544, 'support': 400.0}, 'accuracy': 0.9697916666666667, 'macro avg': {'precision': 0.9710608877154729, 'recall': 0.9661458333333333, 'f1-score': 0.9684122987614319, 'support': 1920.0}, 'weighted avg': {'precision': 0.9701936974311285, 'recall': 0.9697916666666667, 'f1-score': 0.9698679332481365, 'support': 1920.0}}","[[193   0   2   0   3   1   1   0]
 [  1 113   0   0   0   0   0   6]
 [  2   0 191   0   1   4   0   2]
 [  6   0   0 194   0   0   0   0]
 [  3   0   0   0 192   0   0   5]
 [  2   0   0   0   0 396   2   0]
 [  0   0   0   0   0   1 196   3]
 [  0   0   5   0   8   0   0 387]]",0.329344511,0.013025045
412,ToN_IoT,-1,None,MinMaxScaler,LGBM,0.963540684,-1,-1,99.21875,96.72916667,0.446428571,96.75876533,96.7116557,-1,"{'0Normal': {'precision': 0.8899082568807339, 'recall': 0.97, 'f1-score': 0.9282296650717704, 'support': 200.0}, 'BruteForce': {'precision': 1.0, 'recall': 0.9583333333333334, 'f1-score': 0.9787234042553191, 'support': 120.0}, 'DDoS': {'precision': 0.96, 'recall': 0.96, 'f1-score': 0.96, 'support': 200.0}, 'DoS': {'precision': 1.0, 'recall': 0.97, 'f1-score': 0.9847715736040609, 'support': 200.0}, 'MITM': {'precision': 0.9362745098039216, 'recall': 0.955, 'f1-score': 0.9455445544554456, 'support': 200.0}, 'Malware': {'precision': 0.9874055415617129, 'recall': 0.98, 'f1-score': 0.9836888331242158, 'support': 400.0}, 'Scan': {'precision': 0.9849246231155779, 'recall': 0.98, 'f1-score': 0.9824561403508771, 'support': 200.0}, 'WebAttack': {'precision': 0.9821882951653944, 'recall': 0.965, 'f1-score': 0.9735182849936947, 'support': 400.0}, 'accuracy': 0.96875, 'macro avg': {'precision': 0.9675876533159176, 'recall': 0.9672916666666667, 'f1-score': 0.9671165569819229, 'support': 1920.0}, 'weighted avg': {'precision': 0.9698224024223384, 'recall': 0.96875, 'f1-score': 0.9690260637782465, 'support': 1920.0}}","[[194   0   2   0   3   0   1   0]
 [  5 115   0   0   0   0   0   0]
 [  1   0 192   0   0   4   0   3]
 [  6   0   0 194   0   0   0   0]
 [  6   0   0   0 191   0   0   3]
 [  6   0   0   0   0 392   2   0]
 [  0   0   1   0   1   1 196   1]
 [  0   0   5   0   9   0   0 386]]",1.414380789,0.010951757
420,ToN_IoT,-1,None,MinMaxScaler,LGBM,0.963540684,-1,-1,99.21875,96.72916667,0.446428571,96.75876533,96.7116557,-1,"{'0Normal': {'precision': 0.8899082568807339, 'recall': 0.97, 'f1-score': 0.9282296650717704, 'support': 200.0}, 'BruteForce': {'precision': 1.0, 'recall': 0.9583333333333334, 'f1-score': 0.9787234042553191, 'support': 120.0}, 'DDoS': {'precision': 0.96, 'recall': 0.96, 'f1-score': 0.96, 'support': 200.0}, 'DoS': {'precision': 1.0, 'recall': 0.97, 'f1-score': 0.9847715736040609, 'support': 200.0}, 'MITM': {'precision': 0.9362745098039216, 'recall': 0.955, 'f1-score': 0.9455445544554456, 'support': 200.0}, 'Malware': {'precision': 0.9874055415617129, 'recall': 0.98, 'f1-score': 0.9836888331242158, 'support': 400.0}, 'Scan': {'precision': 0.9849246231155779, 'recall': 0.98, 'f1-score': 0.9824561403508771, 'support': 200.0}, 'WebAttack': {'precision': 0.9821882951653944, 'recall': 0.965, 'f1-score': 0.9735182849936947, 'support': 400.0}, 'accuracy': 0.96875, 'macro avg': {'precision': 0.9675876533159176, 'recall': 0.9672916666666667, 'f1-score': 0.9671165569819229, 'support': 1920.0}, 'weighted avg': {'precision': 0.9698224024223384, 'recall': 0.96875, 'f1-score': 0.9690260637782465, 'support': 1920.0}}","[[194   0   2   0   3   0   1   0]
 [  5 115   0   0   0   0   0   0]
 [  1   0 192   0   0   4   0   3]
 [  6   0   0 194   0   0   0   0]
 [  6   0   0   0 191   0   0   3]
 [  6   0   0   0   0 392   2   0]
 [  0   0   1   0   1   1 196   1]
 [  0   0   5   0   9   0   0 386]]",1.33976841,0.011533499
428,ToN_IoT,-1,None,MinMaxScaler,LGBM,0.963540684,-1,-1,99.21875,96.72916667,0.446428571,96.75876533,96.7116557,-1,"{'0Normal': {'precision': 0.8899082568807339, 'recall': 0.97, 'f1-score': 0.9282296650717704, 'support': 200.0}, 'BruteForce': {'precision': 1.0, 'recall': 0.9583333333333334, 'f1-score': 0.9787234042553191, 'support': 120.0}, 'DDoS': {'precision': 0.96, 'recall': 0.96, 'f1-score': 0.96, 'support': 200.0}, 'DoS': {'precision': 1.0, 'recall': 0.97, 'f1-score': 0.9847715736040609, 'support': 200.0}, 'MITM': {'precision': 0.9362745098039216, 'recall': 0.955, 'f1-score': 0.9455445544554456, 'support': 200.0}, 'Malware': {'precision': 0.9874055415617129, 'recall': 0.98, 'f1-score': 0.9836888331242158, 'support': 400.0}, 'Scan': {'precision': 0.9849246231155779, 'recall': 0.98, 'f1-score': 0.9824561403508771, 'support': 200.0}, 'WebAttack': {'precision': 0.9821882951653944, 'recall': 0.965, 'f1-score': 0.9735182849936947, 'support': 400.0}, 'accuracy': 0.96875, 'macro avg': {'precision': 0.9675876533159176, 'recall': 0.9672916666666667, 'f1-score': 0.9671165569819229, 'support': 1920.0}, 'weighted avg': {'precision': 0.9698224024223384, 'recall': 0.96875, 'f1-score': 0.9690260637782465, 'support': 1920.0}}","[[194   0   2   0   3   0   1   0]
 [  5 115   0   0   0   0   0   0]
 [  1   0 192   0   0   4   0   3]
 [  6   0   0 194   0   0   0   0]
 [  6   0   0   0 191   0   0   3]
 [  6   0   0   0   0 392   2   0]
 [  0   0   1   0   1   1 196   1]
 [  0   0   5   0   9   0   0 386]]",3.172591448,0.012331724
436,ToN_IoT,-1,None,MinMaxScaler,LGBM,0.963540684,-1,-1,99.21875,96.72916667,0.446428571,96.75876533,96.7116557,-1,"{'0Normal': {'precision': 0.8899082568807339, 'recall': 0.97, 'f1-score': 0.9282296650717704, 'support': 200.0}, 'BruteForce': {'precision': 1.0, 'recall': 0.9583333333333334, 'f1-score': 0.9787234042553191, 'support': 120.0}, 'DDoS': {'precision': 0.96, 'recall': 0.96, 'f1-score': 0.96, 'support': 200.0}, 'DoS': {'precision': 1.0, 'recall': 0.97, 'f1-score': 0.9847715736040609, 'support': 200.0}, 'MITM': {'precision': 0.9362745098039216, 'recall': 0.955, 'f1-score': 0.9455445544554456, 'support': 200.0}, 'Malware': {'precision': 0.9874055415617129, 'recall': 0.98, 'f1-score': 0.9836888331242158, 'support': 400.0}, 'Scan': {'precision': 0.9849246231155779, 'recall': 0.98, 'f1-score': 0.9824561403508771, 'support': 200.0}, 'WebAttack': {'precision': 0.9821882951653944, 'recall': 0.965, 'f1-score': 0.9735182849936947, 'support': 400.0}, 'accuracy': 0.96875, 'macro avg': {'precision': 0.9675876533159176, 'recall': 0.9672916666666667, 'f1-score': 0.9671165569819229, 'support': 1920.0}, 'weighted avg': {'precision': 0.9698224024223384, 'recall': 0.96875, 'f1-score': 0.9690260637782465, 'support': 1920.0}}","[[194   0   2   0   3   0   1   0]
 [  5 115   0   0   0   0   0   0]
 [  1   0 192   0   0   4   0   3]
 [  6   0   0 194   0   0   0   0]
 [  6   0   0   0 191   0   0   3]
 [  6   0   0   0   0 392   2   0]
 [  0   0   1   0   1   1 196   1]
 [  0   0   5   0   9   0   0 386]]",1.510471106,0.016850948
444,ToN_IoT,-1,None,MinMaxScaler,LGBM,0.963540684,-1,-1,99.21875,96.72916667,0.446428571,96.75876533,96.7116557,-1,"{'0Normal': {'precision': 0.8899082568807339, 'recall': 0.97, 'f1-score': 0.9282296650717704, 'support': 200.0}, 'BruteForce': {'precision': 1.0, 'recall': 0.9583333333333334, 'f1-score': 0.9787234042553191, 'support': 120.0}, 'DDoS': {'precision': 0.96, 'recall': 0.96, 'f1-score': 0.96, 'support': 200.0}, 'DoS': {'precision': 1.0, 'recall': 0.97, 'f1-score': 0.9847715736040609, 'support': 200.0}, 'MITM': {'precision': 0.9362745098039216, 'recall': 0.955, 'f1-score': 0.9455445544554456, 'support': 200.0}, 'Malware': {'precision': 0.9874055415617129, 'recall': 0.98, 'f1-score': 0.9836888331242158, 'support': 400.0}, 'Scan': {'precision': 0.9849246231155779, 'recall': 0.98, 'f1-score': 0.9824561403508771, 'support': 200.0}, 'WebAttack': {'precision': 0.9821882951653944, 'recall': 0.965, 'f1-score': 0.9735182849936947, 'support': 400.0}, 'accuracy': 0.96875, 'macro avg': {'precision': 0.9675876533159176, 'recall': 0.9672916666666667, 'f1-score': 0.9671165569819229, 'support': 1920.0}, 'weighted avg': {'precision': 0.9698224024223384, 'recall': 0.96875, 'f1-score': 0.9690260637782465, 'support': 1920.0}}","[[194   0   2   0   3   0   1   0]
 [  5 115   0   0   0   0   0   0]
 [  1   0 192   0   0   4   0   3]
 [  6   0   0 194   0   0   0   0]
 [  6   0   0   0 191   0   0   3]
 [  6   0   0   0   0 392   2   0]
 [  0   0   1   0   1   1 196   1]
 [  0   0   5   0   9   0   0 386]]",1.380931854,0.014535427
237,ToN_IoT,0,None,StandardScaler,RF,0.963493327,-1,-1,99.21875,96.48958333,0.446428571,96.66903152,96.55779253,-1,"{'0Normal': {'precision': 0.9112149532710281, 'recall': 0.975, 'f1-score': 0.9420289855072463, 'support': 200.0}, 'BruteForce': {'precision': 0.9658119658119658, 'recall': 0.9416666666666667, 'f1-score': 0.9535864978902954, 'support': 120.0}, 'DDoS': {'precision': 0.9698492462311558, 'recall': 0.965, 'f1-score': 0.9674185463659147, 'support': 200.0}, 'DoS': {'precision': 1.0, 'recall': 0.97, 'f1-score': 0.9847715736040609, 'support': 200.0}, 'MITM': {'precision': 0.9587628865979382, 'recall': 0.93, 'f1-score': 0.9441624365482233, 'support': 200.0}, 'Malware': {'precision': 0.9874371859296482, 'recall': 0.9825, 'f1-score': 0.9849624060150376, 'support': 400.0}, 'Scan': {'precision': 0.9702970297029703, 'recall': 0.98, 'f1-score': 0.9751243781094527, 'support': 200.0}, 'WebAttack': {'precision': 0.9701492537313433, 'recall': 0.975, 'f1-score': 0.972568578553616, 'support': 400.0}, 'accuracy': 0.96875, 'macro avg': {'precision': 0.9666903151595062, 'recall': 0.9648958333333333, 'f1-score': 0.9655779253242309, 'support': 1920.0}, 'weighted avg': {'precision': 0.9692483515221099, 'recall': 0.96875, 'f1-score': 0.9688249779173314, 'support': 1920.0}}","[[195   0   2   0   2   0   1   0]
 [  0 113   1   0   0   0   0   6]
 [  1   0 193   0   1   4   0   1]
 [  6   0   0 194   0   0   0   0]
 [ 10   1   0   0 186   0   0   3]
 [  2   0   0   0   0 393   5   0]
 [  0   0   0   0   1   1 196   2]
 [  0   3   3   0   4   0   0 390]]",0.130877256,0.01546669
3,ToN_IoT,3,None,QuantileTransformer,LGBM,0.962317374,-1,-1,99.19270833,96.58333333,0.461309524,96.59979618,96.55991115,-1,"{'0Normal': {'precision': 0.9107981220657277, 'recall': 0.97, 'f1-score': 0.9394673123486683, 'support': 200.0}, 'BruteForce': {'precision': 0.9912280701754386, 'recall': 0.9416666666666667, 'f1-score': 0.9658119658119658, 'support': 120.0}, 'DDoS': {'precision': 0.9230769230769231, 'recall': 0.96, 'f1-score': 0.9411764705882353, 'support': 200.0}, 'DoS': {'precision': 1.0, 'recall': 0.96, 'f1-score': 0.9795918367346939, 'support': 200.0}, 'MITM': {'precision': 0.9558823529411765, 'recall': 0.975, 'f1-score': 0.9653465346534653, 'support': 200.0}, 'Malware': {'precision': 0.98989898989899, 'recall': 0.98, 'f1-score': 0.9849246231155778, 'support': 400.0}, 'Scan': {'precision': 0.98, 'recall': 0.98, 'f1-score': 0.98, 'support': 200.0}, 'WebAttack': {'precision': 0.9770992366412213, 'recall': 0.96, 'f1-score': 0.9684741488020178, 'support': 400.0}, 'accuracy': 0.9677083333333333, 'macro avg': {'precision': 0.9659979618499347, 'recall': 0.9658333333333333, 'f1-score': 0.9655991115068281, 'support': 1920.0}, 'weighted avg': {'precision': 0.9685927805489076, 'recall': 0.9677083333333333, 'f1-score': 0.9679027997549411, 'support': 1920.0}}","[[194   0   1   0   2   0   1   2]
 [  1 113   3   0   0   3   0   0]
 [  3   0 192   0   2   0   0   3]
 [  7   0   0 192   0   0   1   0]
 [  3   0   0   0 195   0   0   2]
 [  3   0   3   0   0 392   2   0]
 [  0   0   0   0   1   1 196   2]
 [  2   1   9   0   4   0   0 384]]",6.436808825,0.016944885
96,ToN_IoT,0,None,QuantileTransformer,LGBM,0.962267149,-1,-1,99.19270833,96.21875,0.461309524,96.77830371,96.46547692,-1,"{'0Normal': {'precision': 0.9065420560747663, 'recall': 0.97, 'f1-score': 0.9371980676328503, 'support': 200.0}, 'BruteForce': {'precision': 0.9910714285714286, 'recall': 0.925, 'f1-score': 0.956896551724138, 'support': 120.0}, 'DDoS': {'precision': 0.9692307692307692, 'recall': 0.945, 'f1-score': 0.9569620253164557, 'support': 200.0}, 'DoS': {'precision': 1.0, 'recall': 0.97, 'f1-score': 0.9847715736040609, 'support': 200.0}, 'MITM': {'precision': 0.945273631840796, 'recall': 0.95, 'f1-score': 0.9476309226932668, 'support': 200.0}, 'Malware': {'precision': 0.980246913580247, 'recall': 0.9925, 'f1-score': 0.9863354037267081, 'support': 400.0}, 'Scan': {'precision': 0.9798994974874372, 'recall': 0.975, 'f1-score': 0.9774436090225564, 'support': 200.0}, 'WebAttack': {'precision': 0.97, 'recall': 0.97, 'f1-score': 0.97, 'support': 400.0}, 'accuracy': 0.9677083333333333, 'macro avg': {'precision': 0.9677830370981806, 'recall': 0.9621875, 'f1-score': 0.9646547692150045, 'support': 1920.0}, 'weighted avg': {'precision': 0.96834194155595, 'recall': 0.9677083333333333, 'f1-score': 0.9677932225788635, 'support': 1920.0}}","[[194   0   2   0   3   0   1   0]
 [  7 111   0   0   0   0   0   2]
 [  1   0 189   0   3   4   0   3]
 [  6   0   0 194   0   0   0   0]
 [  4   0   0   0 190   0   0   6]
 [  2   0   0   0   0 397   1   0]
 [  0   0   0   0   1   3 195   1]
 [  0   1   4   0   4   1   2 388]]",1.366340876,0.02273798
166,ToN_IoT,3,None,StandardScaler,RF,0.961043071,-1,-1,99.16666667,96.30208333,0.476190476,96.69369179,96.47330118,-1,"{'0Normal': {'precision': 0.9234449760765551, 'recall': 0.965, 'f1-score': 0.9437652811735943, 'support': 200.0}, 'BruteForce': {'precision': 1.0, 'recall': 0.9416666666666667, 'f1-score': 0.9699570815450643, 'support': 120.0}, 'DDoS': {'precision': 0.9504950495049505, 'recall': 0.96, 'f1-score': 0.9552238805970149, 'support': 200.0}, 'DoS': {'precision': 1.0, 'recall': 0.97, 'f1-score': 0.9847715736040609, 'support': 200.0}, 'MITM': {'precision': 0.9320388349514563, 'recall': 0.96, 'f1-score': 0.9458128078817734, 'support': 200.0}, 'Malware': {'precision': 0.9776674937965261, 'recall': 0.985, 'f1-score': 0.9813200498132004, 'support': 400.0}, 'Scan': {'precision': 0.9794871794871794, 'recall': 0.955, 'f1-score': 0.9670886075949366, 'support': 200.0}, 'WebAttack': {'precision': 0.9723618090452262, 'recall': 0.9675, 'f1-score': 0.9699248120300752, 'support': 400.0}, 'accuracy': 0.9666666666666667, 'macro avg': {'precision': 0.9669369178577367, 'recall': 0.9630208333333333, 'f1-score': 0.964733011779965, 'support': 1920.0}, 'weighted avg': {'precision': 0.9672421505941297, 'recall': 0.9666666666666667, 'f1-score': 0.9667839711942676, 'support': 1920.0}}","[[193   0   2   0   4   0   1   0]
 [  0 113   3   0   0   0   1   3]
 [  2   0 192   0   0   4   0   2]
 [  6   0   0 194   0   0   0   0]
 [  4   0   1   0 192   0   0   3]
 [  4   0   0   0   0 394   2   0]
 [  0   0   1   0   0   5 191   3]
 [  0   0   3   0  10   0   0 387]]",0.704646826,0.024222374
67,ToN_IoT,2,None,QuantileTransformer,RF,0.959856621,-1,-1,99.140625,96.36458333,0.491071429,96.26372254,96.30036682,-1,"{'0Normal': {'precision': 0.9146919431279621, 'recall': 0.965, 'f1-score': 0.9391727493917275, 'support': 200.0}, 'BruteForce': {'precision': 0.9416666666666667, 'recall': 0.9416666666666667, 'f1-score': 0.9416666666666667, 'support': 120.0}, 'DDoS': {'precision': 0.9502487562189055, 'recall': 0.955, 'f1-score': 0.9526184538653366, 'support': 200.0}, 'DoS': {'precision': 0.9948717948717949, 'recall': 0.97, 'f1-score': 0.9822784810126582, 'support': 200.0}, 'MITM': {'precision': 0.965, 'recall': 0.965, 'f1-score': 0.965, 'support': 200.0}, 'Malware': {'precision': 0.9729064039408867, 'recall': 0.9875, 'f1-score': 0.9801488833746899, 'support': 400.0}, 'Scan': {'precision': 0.9848484848484849, 'recall': 0.975, 'f1-score': 0.9798994974874371, 'support': 200.0}, 'WebAttack': {'precision': 0.9768637532133676, 'recall': 0.95, 'f1-score': 0.9632446134347274, 'support': 400.0}, 'accuracy': 0.965625, 'macro avg': {'precision': 0.9626372253610085, 'recall': 0.9636458333333333, 'f1-score': 0.9630036681541554, 'support': 1920.0}, 'weighted avg': {'precision': 0.9660626347266309, 'recall': 0.965625, 'f1-score': 0.9657037682683327, 'support': 1920.0}}","[[193   0   2   1   3   0   1   0]
 [  2 113   0   0   0   5   0   0]
 [  3   0 191   0   1   3   0   2]
 [  6   0   0 194   0   0   0   0]
 [  3   0   0   0 193   0   0   4]
 [  3   0   0   0   0 395   2   0]
 [  0   0   0   0   0   2 195   3]
 [  1   7   8   0   3   1   0 380]]",0.214328051,0.015381098
201,ToN_IoT,2,None,StandardScaler,RF,0.959817147,-1,-1,99.140625,96.17708333,0.491071429,96.54716227,96.34216191,-1,"{'0Normal': {'precision': 0.927536231884058, 'recall': 0.96, 'f1-score': 0.9434889434889435, 'support': 200.0}, 'BruteForce': {'precision': 0.9912280701754386, 'recall': 0.9416666666666667, 'f1-score': 0.9658119658119658, 'support': 120.0}, 'DDoS': {'precision': 0.9552238805970149, 'recall': 0.96, 'f1-score': 0.9576059850374063, 'support': 200.0}, 'DoS': {'precision': 1.0, 'recall': 0.97, 'f1-score': 0.9847715736040609, 'support': 200.0}, 'MITM': {'precision': 0.9227053140096618, 'recall': 0.955, 'f1-score': 0.9385749385749386, 'support': 200.0}, 'Malware': {'precision': 0.9776674937965261, 'recall': 0.985, 'f1-score': 0.9813200498132004, 'support': 400.0}, 'Scan': {'precision': 0.9794871794871794, 'recall': 0.955, 'f1-score': 0.9670886075949366, 'support': 200.0}, 'WebAttack': {'precision': 0.9699248120300752, 'recall': 0.9675, 'f1-score': 0.9687108886107635, 'support': 400.0}, 'accuracy': 0.965625, 'macro avg': {'precision': 0.9654716227474942, 'recall': 0.9617708333333332, 'f1-score': 0.9634216190670271, 'support': 1920.0}, 'weighted avg': {'precision': 0.9661327145558729, 'recall': 0.965625, 'f1-score': 0.9657374067328534, 'support': 1920.0}}","[[192   0   2   0   4   0   2   0]
 [  0 113   2   0   0   0   0   5]
 [  1   0 192   0   1   4   0   2]
 [  6   0   0 194   0   0   0   0]
 [  4   0   1   0 191   0   0   4]
 [  4   0   0   0   0 394   2   0]
 [  0   0   1   0   2   5 191   1]
 [  0   1   3   0   9   0   0 387]]",0.339571953,0.015345573
200,ToN_IoT,2,None,StandardScaler,LGBM,0.959242741,-1,-1,99.12760417,96.10416667,0.498511905,96.15706334,96.1106203,-1,"{'0Normal': {'precision': 0.9146919431279621, 'recall': 0.965, 'f1-score': 0.9391727493917275, 'support': 200.0}, 'BruteForce': {'precision': 0.9655172413793104, 'recall': 0.9333333333333333, 'f1-score': 0.9491525423728815, 'support': 120.0}, 'DDoS': {'precision': 0.9644670050761421, 'recall': 0.95, 'f1-score': 0.9571788413098236, 'support': 200.0}, 'DoS': {'precision': 0.9948717948717949, 'recall': 0.97, 'f1-score': 0.9822784810126582, 'support': 200.0}, 'MITM': {'precision': 0.9134615384615384, 'recall': 0.95, 'f1-score': 0.9313725490196078, 'support': 200.0}, 'Malware': {'precision': 0.9850374064837906, 'recall': 0.9875, 'f1-score': 0.9862671660424469, 'support': 400.0}, 'Scan': {'precision': 0.9748743718592965, 'recall': 0.97, 'f1-score': 0.9724310776942355, 'support': 200.0}, 'WebAttack': {'precision': 0.9796437659033079, 'recall': 0.9625, 'f1-score': 0.9709962168978562, 'support': 400.0}, 'accuracy': 0.9651041666666667, 'macro avg': {'precision': 0.9615706333953928, 'recall': 0.9610416666666667, 'f1-score': 0.9611062029676547, 'support': 1920.0}, 'weighted avg': {'precision': 0.9657332648956788, 'recall': 0.9651041666666667, 'f1-score': 0.9652554155971237, 'support': 1920.0}}","[[193   0   1   0   4   0   2   0]
 [  2 112   2   0   0   0   1   3]
 [  1   0 190   0   4   4   0   1]
 [  6   0   0 194   0   0   0   0]
 [  5   0   1   1 190   0   0   3]
 [  3   0   0   0   0 395   2   0]
 [  0   0   1   0   2   2 194   1]
 [  1   4   2   0   8   0   0 385]]",1.894605398,0.013417721
207,ToN_IoT,2,None,StandardScaler,LGBM,0.958622736,-1,-1,99.11458333,95.9375,0.505952381,96.58186851,96.21585258,-1,"{'0Normal': {'precision': 0.9154929577464789, 'recall': 0.975, 'f1-score': 0.9443099273607748, 'support': 200.0}, 'BruteForce': {'precision': 1.0, 'recall': 0.925, 'f1-score': 0.961038961038961, 'support': 120.0}, 'DDoS': {'precision': 0.9583333333333334, 'recall': 0.92, 'f1-score': 0.9387755102040817, 'support': 200.0}, 'DoS': {'precision': 0.9948717948717949, 'recall': 0.97, 'f1-score': 0.9822784810126582, 'support': 200.0}, 'MITM': {'precision': 0.9326923076923077, 'recall': 0.97, 'f1-score': 0.9509803921568627, 'support': 200.0}, 'Malware': {'precision': 0.9800498753117207, 'recall': 0.9825, 'f1-score': 0.9812734082397004, 'support': 400.0}, 'Scan': {'precision': 0.9846153846153847, 'recall': 0.96, 'f1-score': 0.9721518987341772, 'support': 200.0}, 'WebAttack': {'precision': 0.9604938271604938, 'recall': 0.9725, 'f1-score': 0.9664596273291925, 'support': 400.0}, 'accuracy': 0.9645833333333333, 'macro avg': {'precision': 0.9658186850914393, 'recall': 0.9593750000000001, 'f1-score': 0.9621585257595511, 'support': 1920.0}, 'weighted avg': {'precision': 0.9653222065837217, 'recall': 0.9645833333333333, 'f1-score': 0.9646443392947623, 'support': 1920.0}}","[[195   0   1   0   2   0   1   1]
 [  3 111   4   0   0   0   0   2]
 [  1   0 184   0   4   4   0   7]
 [  6   0   0 194   0   0   0   0]
 [  1   0   0   1 194   0   0   4]
 [  5   0   0   0   0 393   2   0]
 [  0   0   1   0   1   4 192   2]
 [  2   0   2   0   7   0   0 389]]",2.12355566,0.013756514
172,ToN_IoT,3,None,StandardScaler,LGBM,0.956827922,-1,-1,99.07552083,96.02083333,0.52827381,95.857725,95.919639,-1,"{'0Normal': {'precision': 0.8976744186046511, 'recall': 0.965, 'f1-score': 0.9301204819277108, 'support': 200.0}, 'BruteForce': {'precision': 0.9416666666666667, 'recall': 0.9416666666666667, 'f1-score': 0.9416666666666667, 'support': 120.0}, 'DDoS': {'precision': 0.964824120603015, 'recall': 0.96, 'f1-score': 0.9624060150375939, 'support': 200.0}, 'DoS': {'precision': 0.9948717948717949, 'recall': 0.97, 'f1-score': 0.9822784810126582, 'support': 200.0}, 'MITM': {'precision': 0.9353233830845771, 'recall': 0.94, 'f1-score': 0.9376558603491272, 'support': 200.0}, 'Malware': {'precision': 0.9825870646766169, 'recall': 0.9875, 'f1-score': 0.9850374064837906, 'support': 400.0}, 'Scan': {'precision': 0.9747474747474747, 'recall': 0.965, 'f1-score': 0.9698492462311558, 'support': 200.0}, 'WebAttack': {'precision': 0.9769230769230769, 'recall': 0.9525, 'f1-score': 0.9645569620253164, 'support': 400.0}, 'accuracy': 0.9630208333333333, 'macro avg': {'precision': 0.9585772500222342, 'recall': 0.9602083333333333, 'f1-score': 0.9591963899667524, 'support': 1920.0}, 'weighted avg': {'precision': 0.9636939036573856, 'recall': 0.9630208333333333, 'f1-score': 0.9631769605808811, 'support': 1920.0}}","[[193   0   1   0   3   0   1   2]
 [  6 113   1   0   0   0   0   0]
 [  2   0 192   0   1   4   0   1]
 [  6   0   0 194   0   0   0   0]
 [  4   0   1   1 188   0   2   4]
 [  3   0   0   0   0 395   2   0]
 [  0   0   1   0   1   3 193   2]
 [  1   7   3   0   8   0   0 381]]",7.822617054,0.015587091
54,ToN_IoT,2,rbf,QuantileTransformer,HHHv2,0.956313384,-1,-1,99.0625,95.96653983,0.535714286,95.92708333,95.8906462,-1,"{'0Normal': {'precision': 0.975, 'recall': 0.8590308370044053, 'f1-score': 0.9133489461358315, 'support': 227.0}, 'BruteForce': {'precision': 0.9416666666666667, 'recall': 0.9658119658119658, 'f1-score': 0.9535864978902954, 'support': 117.0}, 'DDoS': {'precision': 0.975, 'recall': 0.9848484848484849, 'f1-score': 0.9798994974874371, 'support': 198.0}, 'DoS': {'precision': 0.97, 'recall': 0.9847715736040609, 'f1-score': 0.9773299748110831, 'support': 197.0}, 'MITM': {'precision': 0.92, 'recall': 0.9435897435897436, 'f1-score': 0.9316455696202531, 'support': 195.0}, 'Malware': {'precision': 0.985, 'recall': 0.9752475247524752, 'f1-score': 0.9800995024875623, 'support': 404.0}, 'Scan': {'precision': 0.95, 'recall': 0.9743589743589743, 'f1-score': 0.9620253164556962, 'support': 195.0}, 'WebAttack': {'precision': 0.9575, 'recall': 0.9896640826873385, 'f1-score': 0.9733163913595934, 'support': 387.0}, 'accuracy': 0.9625, 'macro avg': {'precision': 0.9592708333333333, 'recall': 0.959665398332181, 'f1-score': 0.9589064620309691, 'support': 1920.0}, 'weighted avg': {'precision': 0.9629075520833332, 'recall': 0.9625, 'f1-score': 0.9621632301105427, 'support': 1920.0}}","[[195   1   3   6  10   3   5   4]
 [  0 113   0   0   0   0   1   3]
 [  0   0 195   0   0   0   0   3]
 [  0   0   1 194   2   0   0   0]
 [  4   0   0   0 184   0   1   6]
 [  0   6   1   0   0 394   2   1]
 [  1   0   0   0   1   3 190   0]
 [  0   0   0   0   3   0   1 383]]",166.9230988,0.116238356
244,ToN_IoT,0,None,StandardScaler,RF,0.95623623,-1,-1,99.0625,96.11458333,0.535714286,95.59492595,95.8148607,-1,"{'0Normal': {'precision': 0.9368932038834952, 'recall': 0.965, 'f1-score': 0.9507389162561576, 'support': 200.0}, 'BruteForce': {'precision': 0.849624060150376, 'recall': 0.9416666666666667, 'f1-score': 0.8932806324110673, 'support': 120.0}, 'DDoS': {'precision': 0.9698492462311558, 'recall': 0.965, 'f1-score': 0.9674185463659147, 'support': 200.0}, 'DoS': {'precision': 1.0, 'recall': 0.97, 'f1-score': 0.9847715736040609, 'support': 200.0}, 'MITM': {'precision': 0.964824120603015, 'recall': 0.96, 'f1-score': 0.9624060150375939, 'support': 200.0}, 'Malware': {'precision': 0.9777777777777777, 'recall': 0.99, 'f1-score': 0.9838509316770186, 'support': 400.0}, 'Scan': {'precision': 0.9846153846153847, 'recall': 0.96, 'f1-score': 0.9721518987341772, 'support': 200.0}, 'WebAttack': {'precision': 0.9640102827763496, 'recall': 0.9375, 'f1-score': 0.9505703422053232, 'support': 400.0}, 'accuracy': 0.9625, 'macro avg': {'precision': 0.9559492595046942, 'recall': 0.9611458333333334, 'f1-score': 0.9581486070364142, 'support': 1920.0}, 'weighted avg': {'precision': 0.9634929700553678, 'recall': 0.9625, 'f1-score': 0.9627393622092947, 'support': 1920.0}}","[[193   0   2   0   3   0   1   1]
 [  0 113   1   0   0   0   0   6]
 [  1   0 193   0   1   4   0   1]
 [  6   0   0 194   0   0   0   0]
 [  4   1   0   0 192   0   0   3]
 [  2   0   0   0   0 396   2   0]
 [  0   0   0   0   0   5 192   3]
 [  0  19   3   0   3   0   0 375]]",0.110598803,0.013991833
259,ToN_IoT,0,None,StandardScaler,RF,0.95623048,-1,-1,99.0625,96.08333333,0.535714286,95.57462892,95.80007748,-1,"{'0Normal': {'precision': 0.9441624365482234, 'recall': 0.93, 'f1-score': 0.9370277078085644, 'support': 200.0}, 'BruteForce': {'precision': 0.875968992248062, 'recall': 0.9416666666666667, 'f1-score': 0.9076305220883534, 'support': 120.0}, 'DDoS': {'precision': 0.9698492462311558, 'recall': 0.965, 'f1-score': 0.9674185463659147, 'support': 200.0}, 'DoS': {'precision': 1.0, 'recall': 0.97, 'f1-score': 0.9847715736040609, 'support': 200.0}, 'MITM': {'precision': 0.919431279620853, 'recall': 0.97, 'f1-score': 0.9440389294403893, 'support': 200.0}, 'Malware': {'precision': 0.9875311720698254, 'recall': 0.99, 'f1-score': 0.9887640449438203, 'support': 400.0}, 'Scan': {'precision': 0.9849246231155779, 'recall': 0.98, 'f1-score': 0.9824561403508771, 'support': 200.0}, 'WebAttack': {'precision': 0.9641025641025641, 'recall': 0.94, 'f1-score': 0.9518987341772152, 'support': 400.0}, 'accuracy': 0.9625, 'macro avg': {'precision': 0.9557462892420328, 'recall': 0.9608333333333333, 'f1-score': 0.9580007748473994, 'support': 1920.0}, 'weighted avg': {'precision': 0.9632517138759819, 'recall': 0.9625, 'f1-score': 0.9626684134442592, 'support': 1920.0}}","[[186   0   2   0  11   0   1   0]
 [  0 113   1   0   0   0   0   6]
 [  1   0 193   0   0   4   0   2]
 [  6   0   0 194   0   0   0   0]
 [  3   0   0   0 194   0   0   3]
 [  1   0   0   0   1 396   2   0]
 [  0   0   0   0   0   1 196   3]
 [  0  16   3   0   5   0   0 376]]",0.114334106,0.013588667
221,ToN_IoT,2,None,StandardScaler,LGBM,0.955614026,-1,-1,99.04947917,95.89583333,0.543154762,95.59542241,95.72865701,-1,"{'0Normal': {'precision': 0.9330143540669856, 'recall': 0.975, 'f1-score': 0.9535452322738386, 'support': 200.0}, 'BruteForce': {'precision': 0.9166666666666666, 'recall': 0.9166666666666666, 'f1-score': 0.9166666666666666, 'support': 120.0}, 'DDoS': {'precision': 0.9306930693069307, 'recall': 0.94, 'f1-score': 0.9353233830845772, 'support': 200.0}, 'DoS': {'precision': 1.0, 'recall': 0.97, 'f1-score': 0.9847715736040609, 'support': 200.0}, 'MITM': {'precision': 0.9282296650717703, 'recall': 0.97, 'f1-score': 0.9486552567237163, 'support': 200.0}, 'Malware': {'precision': 0.9874371859296482, 'recall': 0.9825, 'f1-score': 0.9849624060150376, 'support': 400.0}, 'Scan': {'precision': 0.9797979797979798, 'recall': 0.97, 'f1-score': 0.9748743718592964, 'support': 200.0}, 'WebAttack': {'precision': 0.9717948717948718, 'recall': 0.9475, 'f1-score': 0.959493670886076, 'support': 400.0}, 'accuracy': 0.9619791666666667, 'macro avg': {'precision': 0.9559542240793566, 'recall': 0.9589583333333334, 'f1-score': 0.9572865701391586, 'support': 1920.0}, 'weighted avg': {'precision': 0.9625207483013237, 'recall': 0.9619791666666667, 'f1-score': 0.9620918720153872, 'support': 1920.0}}","[[195   0   1   0   3   0   1   0]
 [  0 110   8   0   0   0   0   2]
 [  1   1 188   0   2   3   0   5]
 [  6   0   0 194   0   0   0   0]
 [  2   0   1   0 194   0   0   3]
 [  4   0   0   0   1 393   2   0]
 [  0   0   1   0   2   2 194   1]
 [  1   9   3   0   7   0   1 379]]",2.129355669,0.013281345
208,ToN_IoT,2,None,StandardScaler,RF,0.955553989,-1,-1,99.04947917,95.73958333,0.543154762,96.38336305,96.03059475,-1,"{'0Normal': {'precision': 0.9278846153846154, 'recall': 0.965, 'f1-score': 0.9460784313725491, 'support': 200.0}, 'BruteForce': {'precision': 1.0, 'recall': 0.9416666666666667, 'f1-score': 0.9699570815450643, 'support': 120.0}, 'DDoS': {'precision': 0.9543147208121827, 'recall': 0.94, 'f1-score': 0.947103274559194, 'support': 200.0}, 'DoS': {'precision': 1.0, 'recall': 0.97, 'f1-score': 0.9847715736040609, 'support': 200.0}, 'MITM': {'precision': 0.9134615384615384, 'recall': 0.95, 'f1-score': 0.9313725490196078, 'support': 200.0}, 'Malware': {'precision': 0.9705159705159705, 'recall': 0.9875, 'f1-score': 0.9789343246592317, 'support': 400.0}, 'Scan': {'precision': 0.9842931937172775, 'recall': 0.94, 'f1-score': 0.9616368286445013, 'support': 200.0}, 'WebAttack': {'precision': 0.9601990049751243, 'recall': 0.965, 'f1-score': 0.9625935162094762, 'support': 400.0}, 'accuracy': 0.9619791666666667, 'macro avg': {'precision': 0.9638336304833386, 'recall': 0.9573958333333332, 'f1-score': 0.9603059474517106, 'support': 1920.0}, 'weighted avg': {'precision': 0.9626441686831045, 'recall': 0.9619791666666667, 'f1-score': 0.9620825612358715, 'support': 1920.0}}","[[193   0   2   0   4   0   1   0]
 [  0 113   2   0   0   0   0   5]
 [  1   0 188   0   1   4   0   6]
 [  6   0   0 194   0   0   0   0]
 [  6   0   1   0 190   0   0   3]
 [  2   0   0   0   1 395   2   0]
 [  0   0   1   0   1   8 188   2]
 [  0   0   3   0  11   0   0 386]]",0.314208269,0.016702175
66,ToN_IoT,2,None,QuantileTransformer,LGBM,0.955112375,-1,-1,99.03645833,96.22916667,0.550595238,95.50694103,95.83396519,-1,"{'0Normal': {'precision': 0.9032258064516129, 'recall': 0.98, 'f1-score': 0.9400479616306954, 'support': 200.0}, 'BruteForce': {'precision': 0.9180327868852459, 'recall': 0.9333333333333333, 'f1-score': 0.9256198347107439, 'support': 120.0}, 'DDoS': {'precision': 0.965, 'recall': 0.965, 'f1-score': 0.965, 'support': 200.0}, 'DoS': {'precision': 0.9948717948717949, 'recall': 0.97, 'f1-score': 0.9822784810126582, 'support': 200.0}, 'MITM': {'precision': 0.9463414634146341, 'recall': 0.97, 'f1-score': 0.9580246913580247, 'support': 200.0}, 'Malware': {'precision': 0.9821882951653944, 'recall': 0.965, 'f1-score': 0.9735182849936947, 'support': 400.0}, 'Scan': {'precision': 0.9466019417475728, 'recall': 0.975, 'f1-score': 0.9605911330049262, 'support': 200.0}, 'WebAttack': {'precision': 0.9842931937172775, 'recall': 0.94, 'f1-score': 0.9616368286445013, 'support': 400.0}, 'accuracy': 0.9614583333333333, 'macro avg': {'precision': 0.9550694102816916, 'recall': 0.9622916666666668, 'f1-score': 0.9583396519194055, 'support': 1920.0}, 'weighted avg': {'precision': 0.9624816308731361, 'recall': 0.9614583333333333, 'f1-score': 0.9616275411572024, 'support': 1920.0}}","[[196   0   1   1   1   0   1   0]
 [  4 112   0   0   0   3   0   1]
 [  2   0 193   0   4   1   0   0]
 [  6   0   0 194   0   0   0   0]
 [  3   0   0   0 194   0   0   3]
 [  4   0   0   0   0 386  10   0]
 [  0   0   0   0   1   2 195   2]
 [  2  10   6   0   5   1   0 376]]",1.818437099,0.014069319
222,ToN_IoT,2,None,StandardScaler,RF,0.95495136,-1,-1,99.03645833,95.54166667,0.550595238,96.01370269,95.74649241,-1,"{'0Normal': {'precision': 0.9142857142857143, 'recall': 0.96, 'f1-score': 0.9365853658536586, 'support': 200.0}, 'BruteForce': {'precision': 0.9819819819819819, 'recall': 0.9083333333333333, 'f1-score': 0.9437229437229437, 'support': 120.0}, 'DDoS': {'precision': 0.9271844660194175, 'recall': 0.955, 'f1-score': 0.9408866995073892, 'support': 200.0}, 'DoS': {'precision': 1.0, 'recall': 0.97, 'f1-score': 0.9847715736040609, 'support': 200.0}, 'MITM': {'precision': 0.9253731343283582, 'recall': 0.93, 'f1-score': 0.9276807980049875, 'support': 200.0}, 'Malware': {'precision': 0.9825870646766169, 'recall': 0.9875, 'f1-score': 0.9850374064837906, 'support': 400.0}, 'Scan': {'precision': 0.9847715736040609, 'recall': 0.97, 'f1-score': 0.9773299748110831, 'support': 200.0}, 'WebAttack': {'precision': 0.9649122807017544, 'recall': 0.9625, 'f1-score': 0.9637046307884856, 'support': 400.0}, 'accuracy': 0.9614583333333333, 'macro avg': {'precision': 0.960137026949738, 'recall': 0.9554166666666666, 'f1-score': 0.9574649240970499, 'support': 1920.0}, 'weighted avg': {'precision': 0.9620627883524461, 'recall': 0.9614583333333333, 'f1-score': 0.9615596096416144, 'support': 1920.0}}","[[192   0   2   0   4   0   1   1]
 [  0 109   8   0   0   0   0   3]
 [  1   0 191   0   1   4   0   3]
 [  6   0   0 194   0   0   0   0]
 [  9   0   1   0 186   0   0   4]
 [  2   0   0   0   1 395   2   0]
 [  0   0   1   0   0   2 194   3]
 [  0   2   3   0   9   1   0 385]]",0.327122688,0.016046047
159,ToN_IoT,3,None,StandardScaler,RF,0.954344511,-1,-1,99.0234375,95.60416667,0.558035714,96.10490016,95.82342908,-1,"{'0Normal': {'precision': 0.9368932038834952, 'recall': 0.965, 'f1-score': 0.9507389162561576, 'support': 200.0}, 'BruteForce': {'precision': 0.9572649572649573, 'recall': 0.9333333333333333, 'f1-score': 0.9451476793248945, 'support': 120.0}, 'DDoS': {'precision': 0.949748743718593, 'recall': 0.945, 'f1-score': 0.9473684210526316, 'support': 200.0}, 'DoS': {'precision': 0.9897959183673469, 'recall': 0.97, 'f1-score': 0.9797979797979798, 'support': 200.0}, 'MITM': {'precision': 0.9420289855072463, 'recall': 0.975, 'f1-score': 0.9582309582309583, 'support': 200.0}, 'Malware': {'precision': 0.9704433497536946, 'recall': 0.985, 'f1-score': 0.977667493796526, 'support': 400.0}, 'Scan': {'precision': 0.9891304347826086, 'recall': 0.91, 'f1-score': 0.9479166666666667, 'support': 200.0}, 'WebAttack': {'precision': 0.9530864197530864, 'recall': 0.965, 'f1-score': 0.9590062111801242, 'support': 400.0}, 'accuracy': 0.9609375, 'macro avg': {'precision': 0.9610490016288785, 'recall': 0.9560416666666667, 'f1-score': 0.9582342907882424, 'support': 1920.0}, 'weighted avg': {'precision': 0.9613558124616487, 'recall': 0.9609375, 'f1-score': 0.9608842666200659, 'support': 1920.0}}","[[193   0   3   1   2   0   0   1]
 [  0 112   2   0   0   0   0   6]
 [  2   0 189   0   0   4   0   5]
 [  6   0   0 194   0   0   0   0]
 [  2   0   1   0 195   0   0   2]
 [  3   0   0   0   1 394   2   0]
 [  0   3   1   1   0   8 182   5]
 [  0   2   3   0   9   0   0 386]]",0.507888317,0.025033474
243,ToN_IoT,0,None,StandardScaler,LGBM,0.953820812,-1,-1,99.01041667,95.92708333,0.56547619,95.44626618,95.65713281,-1,"{'0Normal': {'precision': 0.9241706161137441, 'recall': 0.975, 'f1-score': 0.948905109489051, 'support': 200.0}, 'BruteForce': {'precision': 0.889763779527559, 'recall': 0.9416666666666667, 'f1-score': 0.9149797570850202, 'support': 120.0}, 'DDoS': {'precision': 0.9644670050761421, 'recall': 0.95, 'f1-score': 0.9571788413098236, 'support': 200.0}, 'DoS': {'precision': 0.9847715736040609, 'recall': 0.97, 'f1-score': 0.9773299748110831, 'support': 200.0}, 'MITM': {'precision': 0.9414634146341463, 'recall': 0.965, 'f1-score': 0.9530864197530864, 'support': 200.0}, 'Malware': {'precision': 0.9777777777777777, 'recall': 0.99, 'f1-score': 0.9838509316770186, 'support': 400.0}, 'Scan': {'precision': 0.9844559585492227, 'recall': 0.95, 'f1-score': 0.9669211195928753, 'support': 200.0}, 'WebAttack': {'precision': 0.9688311688311688, 'recall': 0.9325, 'f1-score': 0.9503184713375795, 'support': 400.0}, 'accuracy': 0.9604166666666667, 'macro avg': {'precision': 0.9544626617642278, 'recall': 0.9592708333333333, 'f1-score': 0.9565713281319421, 'support': 1920.0}, 'weighted avg': {'precision': 0.9610838259283068, 'recall': 0.9604166666666667, 'f1-score': 0.9604945963787633, 'support': 1920.0}}","[[195   0   2   0   2   0   1   0]
 [  2 113   1   0   0   0   0   4]
 [  1   0 190   0   2   4   0   3]
 [  6   0   0 194   0   0   0   0]
 [  2   0   0   2 193   0   0   3]
 [  2   0   0   0   0 396   2   0]
 [  0   0   1   1   1   5 190   2]
 [  3  14   3   0   7   0   0 373]]",1.386410713,0.015153408
258,ToN_IoT,0,None,StandardScaler,LGBM,0.953807498,-1,-1,99.01041667,95.89583333,0.56547619,95.40584973,95.62150419,-1,"{'0Normal': {'precision': 0.9257425742574258, 'recall': 0.935, 'f1-score': 0.9303482587064678, 'support': 200.0}, 'BruteForce': {'precision': 0.8828125, 'recall': 0.9416666666666667, 'f1-score': 0.9112903225806451, 'support': 120.0}, 'DDoS': {'precision': 0.9747474747474747, 'recall': 0.965, 'f1-score': 0.9698492462311558, 'support': 200.0}, 'DoS': {'precision': 1.0, 'recall': 0.97, 'f1-score': 0.9847715736040609, 'support': 200.0}, 'MITM': {'precision': 0.910377358490566, 'recall': 0.965, 'f1-score': 0.9368932038834951, 'support': 200.0}, 'Malware': {'precision': 0.9850746268656716, 'recall': 0.99, 'f1-score': 0.9875311720698254, 'support': 400.0}, 'Scan': {'precision': 0.9897959183673469, 'recall': 0.97, 'f1-score': 0.9797979797979798, 'support': 200.0}, 'WebAttack': {'precision': 0.9639175257731959, 'recall': 0.935, 'f1-score': 0.949238578680203, 'support': 400.0}, 'accuracy': 0.9604166666666667, 'macro avg': {'precision': 0.9540584973127101, 'recall': 0.9589583333333334, 'f1-score': 0.956215041944229, 'support': 1920.0}, 'weighted avg': {'precision': 0.9612849094938071, 'recall': 0.9604166666666667, 'f1-score': 0.960622287215792, 'support': 1920.0}}","[[187   0   2   0  10   0   1   0]
 [  0 113   1   0   0   0   0   6]
 [  1   0 193   0   0   4   0   2]
 [  6   0   0 194   0   0   0   0]
 [  3   0   0   0 193   0   0   4]
 [  3   0   0   0   0 396   1   0]
 [  0   0   1   0   1   2 194   2]
 [  2  15   1   0   8   0   0 374]]",1.333485126,0.014197826
92,ToN_IoT,0,rbf,QuantileTransformer,HHHv2,0.953182904,-1,-1,98.99739583,95.58138281,0.572916667,95.5,95.50519189,-1,"{'0Normal': {'precision': 0.975, 'recall': 0.8986175115207373, 'f1-score': 0.9352517985611511, 'support': 217.0}, 'BruteForce': {'precision': 0.925, 'recall': 0.9327731092436975, 'f1-score': 0.9288702928870293, 'support': 119.0}, 'DDoS': {'precision': 0.96, 'recall': 0.9746192893401016, 'f1-score': 0.9672544080604534, 'support': 197.0}, 'DoS': {'precision': 0.965, 'recall': 0.9846938775510204, 'f1-score': 0.9747474747474748, 'support': 196.0}, 'MITM': {'precision': 0.9, 'recall': 0.9574468085106383, 'f1-score': 0.9278350515463918, 'support': 188.0}, 'Malware': {'precision': 0.99, 'recall': 0.9753694581280788, 'f1-score': 0.9826302729528535, 'support': 406.0}, 'Scan': {'precision': 0.97, 'recall': 0.9509803921568627, 'f1-score': 0.9603960396039604, 'support': 204.0}, 'WebAttack': {'precision': 0.955, 'recall': 0.9720101781170484, 'f1-score': 0.9634300126103404, 'support': 393.0}, 'accuracy': 0.9598958333333333, 'macro avg': {'precision': 0.955, 'recall': 0.9558138280710231, 'f1-score': 0.9550519188712068, 'support': 1920.0}, 'weighted avg': {'precision': 0.9605442708333333, 'recall': 0.9598958333333333, 'f1-score': 0.959903383398121, 'support': 1920.0}}","[[195   1   3   7   6   1   0   4]
 [  0 111   0   0   2   0   1   5]
 [  0   0 192   0   1   0   2   2]
 [  1   0   1 193   0   0   0   1]
 [  3   0   0   0 180   1   0   4]
 [  0   3   4   0   0 396   2   1]
 [  1   5   0   0   1   2 194   1]
 [  0   0   0   0  10   0   1 382]]",30.8496604,0.07069087
173,ToN_IoT,3,None,StandardScaler,RF,0.95312208,-1,-1,98.99739583,95.52083333,0.572916667,96.00135766,95.73394487,-1,"{'0Normal': {'precision': 0.926829268292683, 'recall': 0.95, 'f1-score': 0.9382716049382716, 'support': 200.0}, 'BruteForce': {'precision': 0.9658119658119658, 'recall': 0.9416666666666667, 'f1-score': 0.9535864978902954, 'support': 120.0}, 'DDoS': {'precision': 0.9597989949748744, 'recall': 0.955, 'f1-score': 0.9573934837092732, 'support': 200.0}, 'DoS': {'precision': 0.9948717948717949, 'recall': 0.97, 'f1-score': 0.9822784810126582, 'support': 200.0}, 'MITM': {'precision': 0.9230769230769231, 'recall': 0.96, 'f1-score': 0.9411764705882353, 'support': 200.0}, 'Malware': {'precision': 0.9681372549019608, 'recall': 0.9875, 'f1-score': 0.9777227722772278, 'support': 400.0}, 'Scan': {'precision': 0.9838709677419355, 'recall': 0.915, 'f1-score': 0.9481865284974094, 'support': 200.0}, 'WebAttack': {'precision': 0.9577114427860697, 'recall': 0.9625, 'f1-score': 0.9600997506234414, 'support': 400.0}, 'accuracy': 0.9598958333333333, 'macro avg': {'precision': 0.9600135765572759, 'recall': 0.9552083333333333, 'f1-score': 0.9573394486921015, 'support': 1920.0}, 'weighted avg': {'precision': 0.9603783878980678, 'recall': 0.9598958333333333, 'f1-score': 0.9599066159668087, 'support': 1920.0}}","[[190   0   2   1   5   0   1   1]
 [  0 113   1   0   0   0   0   6]
 [  2   0 191   0   1   4   0   2]
 [  6   0   0 194   0   0   0   0]
 [  4   1   1   0 192   0   0   2]
 [  3   0   0   0   0 395   2   0]
 [  0   2   1   0   0   8 183   6]
 [  0   1   3   0  10   1   0 385]]",0.696721792,0.02874136
15,ToN_IoT,3,rbf,QuantileTransformer,HHHv2,0.952595858,-1,-1,98.984375,95.34110801,0.580357143,95.61458333,95.44940339,-1,"{'0Normal': {'precision': 0.97, 'recall': 0.8940092165898618, 'f1-score': 0.9304556354916066, 'support': 217.0}, 'BruteForce': {'precision': 0.9416666666666667, 'recall': 0.9416666666666667, 'f1-score': 0.9416666666666667, 'support': 120.0}, 'DDoS': {'precision': 0.975, 'recall': 0.9420289855072463, 'f1-score': 0.9582309582309583, 'support': 207.0}, 'DoS': {'precision': 0.97, 'recall': 0.9847715736040609, 'f1-score': 0.9773299748110831, 'support': 197.0}, 'MITM': {'precision': 0.905, 'recall': 0.923469387755102, 'f1-score': 0.9141414141414141, 'support': 196.0}, 'Malware': {'precision': 0.9775, 'recall': 0.9848866498740554, 'f1-score': 0.9811794228356336, 'support': 397.0}, 'Scan': {'precision': 0.95, 'recall': 0.9743589743589743, 'f1-score': 0.9620253164556962, 'support': 195.0}, 'WebAttack': {'precision': 0.96, 'recall': 0.9820971867007673, 'f1-score': 0.9709228824273073, 'support': 391.0}, 'accuracy': 0.959375, 'macro avg': {'precision': 0.9561458333333333, 'recall': 0.9534110801320919, 'f1-score': 0.9544940338825457, 'support': 1920.0}, 'weighted avg': {'precision': 0.9596158854166666, 'recall': 0.959375, 'f1-score': 0.9592304260774334, 'support': 1920.0}}","[[194   0   1   6   9   3   2   2]
 [  2 113   0   0   3   0   1   1]
 [  0   6 195   0   0   2   1   3]
 [  1   0   1 194   1   0   0   0]
 [  2   0   2   0 181   0   1  10]
 [  0   1   1   0   0 391   4   0]
 [  1   0   0   0   0   4 190   0]
 [  0   0   0   0   6   0   1 384]]",186.5507276,0.229109287
130,ToN_IoT,-1,rbf,QuantileTransformer,HHHv2,0.951965501,-1,-1,98.97135417,95.51723756,0.587797619,95.45833333,95.45618312,-1,"{'0Normal': {'precision': 0.965, 'recall': 0.8894009216589862, 'f1-score': 0.9256594724220625, 'support': 217.0}, 'BruteForce': {'precision': 0.9416666666666667, 'recall': 0.9495798319327731, 'f1-score': 0.9456066945606694, 'support': 119.0}, 'DDoS': {'precision': 0.955, 'recall': 0.9794871794871794, 'f1-score': 0.9670886075949366, 'support': 195.0}, 'DoS': {'precision': 0.965, 'recall': 0.965, 'f1-score': 0.965, 'support': 200.0}, 'MITM': {'precision': 0.905, 'recall': 0.9526315789473684, 'f1-score': 0.9282051282051282, 'support': 190.0}, 'Malware': {'precision': 0.9875, 'recall': 0.9705159705159705, 'f1-score': 0.9789343246592317, 'support': 407.0}, 'Scan': {'precision': 0.96, 'recall': 0.9552238805970149, 'f1-score': 0.9576059850374063, 'support': 201.0}, 'WebAttack': {'precision': 0.9575, 'recall': 0.979539641943734, 'f1-score': 0.9683944374209861, 'support': 391.0}, 'accuracy': 0.9588541666666667, 'macro avg': {'precision': 0.9545833333333333, 'recall': 0.9551723756353783, 'f1-score': 0.9545618312375526, 'support': 1920.0}, 'weighted avg': {'precision': 0.9593194444444445, 'recall': 0.9588541666666667, 'f1-score': 0.9587936735253779, 'support': 1920.0}}","[[193   1   3   7   7   2   0   4]
 [  0 113   0   0   3   0   0   3]
 [  0   0 191   0   1   0   0   3]
 [  1   0   2 193   0   0   4   0]
 [  3   0   0   0 181   1   0   5]
 [  2   3   4   0   0 395   2   1]
 [  1   3   0   0   2   2 192   1]
 [  0   0   0   0   6   0   2 383]]",461.6494312,0.144552469
180,ToN_IoT,3,None,StandardScaler,RF,0.950767947,-1,-1,98.9453125,95.17708333,0.602678571,96.15014871,95.58388729,-1,"{'0Normal': {'precision': 0.9371980676328503, 'recall': 0.97, 'f1-score': 0.9533169533169534, 'support': 200.0}, 'BruteForce': {'precision': 0.9576271186440678, 'recall': 0.9416666666666667, 'f1-score': 0.9495798319327732, 'support': 120.0}, 'DDoS': {'precision': 0.9646464646464646, 'recall': 0.955, 'f1-score': 0.9597989949748743, 'support': 200.0}, 'DoS': {'precision': 0.9948717948717949, 'recall': 0.97, 'f1-score': 0.9822784810126582, 'support': 200.0}, 'MITM': {'precision': 0.9556650246305419, 'recall': 0.97, 'f1-score': 0.9627791563275433, 'support': 200.0}, 'Malware': {'precision': 0.9449760765550239, 'recall': 0.9875, 'f1-score': 0.9657701711491442, 'support': 400.0}, 'Scan': {'precision': 0.9883720930232558, 'recall': 0.85, 'f1-score': 0.9139784946236558, 'support': 200.0}, 'WebAttack': {'precision': 0.9486552567237164, 'recall': 0.97, 'f1-score': 0.9592088998763907, 'support': 400.0}, 'accuracy': 0.9578125, 'macro avg': {'precision': 0.9615014870909645, 'recall': 0.9517708333333332, 'f1-score': 0.9558388729017491, 'support': 1920.0}, 'weighted avg': {'precision': 0.9586033731821697, 'recall': 0.9578125, 'f1-score': 0.9574852209860852, 'support': 1920.0}}","[[194   0   2   0   3   0   0   1]
 [  0 113   0   0   0   0   0   7]
 [  2   0 191   0   1   4   0   2]
 [  6   0   0 194   0   0   0   0]
 [  1   0   1   1 194   0   0   3]
 [  2   0   0   0   1 395   2   0]
 [  0   3   1   0   0  18 170   8]
 [  2   2   3   0   4   1   0 388]]",0.460433006,0.022618055
187,ToN_IoT,3,None,StandardScaler,RF,0.948289105,-1,-1,98.89322917,95.30208333,0.632440476,95.48851007,95.35589554,-1,"{'0Normal': {'precision': 0.9368932038834952, 'recall': 0.965, 'f1-score': 0.9507389162561576, 'support': 200.0}, 'BruteForce': {'precision': 0.9262295081967213, 'recall': 0.9416666666666667, 'f1-score': 0.9338842975206612, 'support': 120.0}, 'DDoS': {'precision': 0.9629629629629629, 'recall': 0.91, 'f1-score': 0.93573264781491, 'support': 200.0}, 'DoS': {'precision': 1.0, 'recall': 0.97, 'f1-score': 0.9847715736040609, 'support': 200.0}, 'MITM': {'precision': 0.9158878504672897, 'recall': 0.98, 'f1-score': 0.9468599033816426, 'support': 200.0}, 'Malware': {'precision': 0.9679802955665024, 'recall': 0.9825, 'f1-score': 0.9751861042183622, 'support': 400.0}, 'Scan': {'precision': 0.9841269841269841, 'recall': 0.93, 'f1-score': 0.9562982005141387, 'support': 200.0}, 'WebAttack': {'precision': 0.945, 'recall': 0.945, 'f1-score': 0.945, 'support': 400.0}, 'accuracy': 0.9557291666666666, 'macro avg': {'precision': 0.9548851006504945, 'recall': 0.9530208333333333, 'f1-score': 0.9535589554137416, 'support': 1920.0}, 'weighted avg': {'precision': 0.956413468488726, 'recall': 0.9557291666666666, 'f1-score': 0.9557400029708364, 'support': 1920.0}}","[[193   0   2   0   4   0   1   0]
 [  0 113   0   0   0   0   0   7]
 [  2   0 182   0   1   4   0  11]
 [  6   0   0 194   0   0   0   0]
 [  1   0   1   0 196   0   0   2]
 [  4   0   0   0   1 393   2   0]
 [  0   1   1   0   1   9 186   2]
 [  0   8   3   0  11   0   0 378]]",0.641438961,0.025324106
8,ToN_IoT,3,None,QuantileTransformer,KNN,0.945850041,-1,-1,98.84114583,94.71875,0.662202381,94.94381634,94.79801029,-1,"{'0Normal': {'precision': 0.8967136150234741, 'recall': 0.955, 'f1-score': 0.9249394673123487, 'support': 200.0}, 'BruteForce': {'precision': 0.9557522123893806, 'recall': 0.9, 'f1-score': 0.9270386266094421, 'support': 120.0}, 'DDoS': {'precision': 0.9285714285714286, 'recall': 0.975, 'f1-score': 0.951219512195122, 'support': 200.0}, 'DoS': {'precision': 0.9897959183673469, 'recall': 0.97, 'f1-score': 0.9797979797979798, 'support': 200.0}, 'MITM': {'precision': 0.9333333333333333, 'recall': 0.91, 'f1-score': 0.9215189873417723, 'support': 200.0}, 'Malware': {'precision': 0.9775561097256857, 'recall': 0.98, 'f1-score': 0.978776529338327, 'support': 400.0}, 'Scan': {'precision': 0.9441624365482234, 'recall': 0.93, 'f1-score': 0.9370277078085644, 'support': 200.0}, 'WebAttack': {'precision': 0.9696202531645569, 'recall': 0.9575, 'f1-score': 0.9635220125786164, 'support': 400.0}, 'accuracy': 0.9536458333333333, 'macro avg': {'precision': 0.9494381633904287, 'recall': 0.9471875000000001, 'f1-score': 0.9479801028727716, 'support': 1920.0}, 'weighted avg': {'precision': 0.9542063317768666, 'recall': 0.9536458333333333, 'f1-score': 0.9536795744015978, 'support': 1920.0}}","[[191   0   3   0   3   0   1   2]
 [  1 108   0   0   0   2   6   3]
 [  2   0 195   0   1   1   0   1]
 [  6   0   0 194   0   0   0   0]
 [ 11   0   2   0 182   0   1   4]
 [  1   0   4   0   0 392   3   0]
 [  1   3   2   2   0   4 186   2]
 [  0   2   4   0   9   2   0 383]]",0.004101038,0.178650618
47,ToN_IoT,2,None,QuantileTransformer,KNN,0.945216111,-1,-1,98.828125,94.54166667,0.669642857,95.03069215,94.7544427,-1,"{'0Normal': {'precision': 0.8790697674418605, 'recall': 0.945, 'f1-score': 0.9108433734939759, 'support': 200.0}, 'BruteForce': {'precision': 0.956140350877193, 'recall': 0.9083333333333333, 'f1-score': 0.9316239316239316, 'support': 120.0}, 'DDoS': {'precision': 0.9597989949748744, 'recall': 0.955, 'f1-score': 0.9573934837092732, 'support': 200.0}, 'DoS': {'precision': 0.9897959183673469, 'recall': 0.97, 'f1-score': 0.9797979797979798, 'support': 200.0}, 'MITM': {'precision': 0.9424083769633508, 'recall': 0.9, 'f1-score': 0.9207161125319693, 'support': 200.0}, 'Malware': {'precision': 0.9657701711491442, 'recall': 0.9875, 'f1-score': 0.9765142150803461, 'support': 400.0}, 'Scan': {'precision': 0.9396984924623115, 'recall': 0.935, 'f1-score': 0.93734335839599, 'support': 200.0}, 'WebAttack': {'precision': 0.9697732997481109, 'recall': 0.9625, 'f1-score': 0.9661229611041406, 'support': 400.0}, 'accuracy': 0.953125, 'macro avg': {'precision': 0.950306921498024, 'recall': 0.9454166666666667, 'f1-score': 0.9475444269672009, 'support': 1920.0}, 'weighted avg': {'precision': 0.9537023648469344, 'recall': 0.953125, 'f1-score': 0.9531607311742208, 'support': 1920.0}}","[[189   0   2   1   5   0   2   1]
 [  1 109   0   0   0   2   6   2]
 [  2   0 191   0   1   5   0   1]
 [  6   0   0 194   0   0   0   0]
 [ 12   0   2   0 180   0   1   5]
 [  2   0   0   0   0 395   3   0]
 [  0   3   1   1   0   5 187   3]
 [  3   2   3   0   5   2   0 385]]",0.001089096,0.033555746
115,ToN_IoT,-1,None,QuantileTransformer,KNN,0.944042764,-1,-1,98.80208333,94.6875,0.68452381,94.82497748,94.72249496,-1,"{'0Normal': {'precision': 0.8847926267281107, 'recall': 0.96, 'f1-score': 0.9208633093525179, 'support': 200.0}, 'BruteForce': {'precision': 0.925, 'recall': 0.925, 'f1-score': 0.925, 'support': 120.0}, 'DDoS': {'precision': 0.9696969696969697, 'recall': 0.96, 'f1-score': 0.964824120603015, 'support': 200.0}, 'DoS': {'precision': 0.9948717948717949, 'recall': 0.97, 'f1-score': 0.9822784810126582, 'support': 200.0}, 'MITM': {'precision': 0.9417989417989417, 'recall': 0.89, 'f1-score': 0.9151670951156812, 'support': 200.0}, 'Malware': {'precision': 0.9658536585365853, 'recall': 0.99, 'f1-score': 0.9777777777777777, 'support': 400.0}, 'Scan': {'precision': 0.9396984924623115, 'recall': 0.935, 'f1-score': 0.93734335839599, 'support': 200.0}, 'WebAttack': {'precision': 0.9642857142857143, 'recall': 0.945, 'f1-score': 0.9545454545454546, 'support': 400.0}, 'accuracy': 0.9520833333333333, 'macro avg': {'precision': 0.9482497747975536, 'recall': 0.9468749999999999, 'f1-score': 0.9472249496003868, 'support': 1920.0}, 'weighted avg': {'precision': 0.9527226636669507, 'recall': 0.9520833333333333, 'f1-score': 0.9520961280339922, 'support': 1920.0}}","[[192   0   2   0   2   0   2   2]
 [  1 111   0   0   0   2   6   0]
 [  2   0 192   0   0   4   1   1]
 [  6   0   0 194   0   0   0   0]
 [ 11   0   0   1 178   0   1   9]
 [  2   0   0   0   0 396   2   0]
 [  1   3   1   0   0   6 187   2]
 [  2   6   3   0   9   2   0 378]]",0.000552893,0.010356665
123,ToN_IoT,-1,None,QuantileTransformer,KNN,0.944042764,-1,-1,98.80208333,94.6875,0.68452381,94.82497748,94.72249496,-1,"{'0Normal': {'precision': 0.8847926267281107, 'recall': 0.96, 'f1-score': 0.9208633093525179, 'support': 200.0}, 'BruteForce': {'precision': 0.925, 'recall': 0.925, 'f1-score': 0.925, 'support': 120.0}, 'DDoS': {'precision': 0.9696969696969697, 'recall': 0.96, 'f1-score': 0.964824120603015, 'support': 200.0}, 'DoS': {'precision': 0.9948717948717949, 'recall': 0.97, 'f1-score': 0.9822784810126582, 'support': 200.0}, 'MITM': {'precision': 0.9417989417989417, 'recall': 0.89, 'f1-score': 0.9151670951156812, 'support': 200.0}, 'Malware': {'precision': 0.9658536585365853, 'recall': 0.99, 'f1-score': 0.9777777777777777, 'support': 400.0}, 'Scan': {'precision': 0.9396984924623115, 'recall': 0.935, 'f1-score': 0.93734335839599, 'support': 200.0}, 'WebAttack': {'precision': 0.9642857142857143, 'recall': 0.945, 'f1-score': 0.9545454545454546, 'support': 400.0}, 'accuracy': 0.9520833333333333, 'macro avg': {'precision': 0.9482497747975536, 'recall': 0.9468749999999999, 'f1-score': 0.9472249496003868, 'support': 1920.0}, 'weighted avg': {'precision': 0.9527226636669507, 'recall': 0.9520833333333333, 'f1-score': 0.9520961280339922, 'support': 1920.0}}","[[192   0   2   0   2   0   2   2]
 [  1 111   0   0   0   2   6   0]
 [  2   0 192   0   0   4   1   1]
 [  6   0   0 194   0   0   0   0]
 [ 11   0   0   1 178   0   1   9]
 [  2   0   0   0   0 396   2   0]
 [  1   3   1   0   0   6 187   2]
 [  2   6   3   0   9   2   0 378]]",0.000595331,0.011385441
131,ToN_IoT,-1,None,QuantileTransformer,KNN,0.944042764,-1,-1,98.80208333,94.6875,0.68452381,94.82497748,94.72249496,-1,"{'0Normal': {'precision': 0.8847926267281107, 'recall': 0.96, 'f1-score': 0.9208633093525179, 'support': 200.0}, 'BruteForce': {'precision': 0.925, 'recall': 0.925, 'f1-score': 0.925, 'support': 120.0}, 'DDoS': {'precision': 0.9696969696969697, 'recall': 0.96, 'f1-score': 0.964824120603015, 'support': 200.0}, 'DoS': {'precision': 0.9948717948717949, 'recall': 0.97, 'f1-score': 0.9822784810126582, 'support': 200.0}, 'MITM': {'precision': 0.9417989417989417, 'recall': 0.89, 'f1-score': 0.9151670951156812, 'support': 200.0}, 'Malware': {'precision': 0.9658536585365853, 'recall': 0.99, 'f1-score': 0.9777777777777777, 'support': 400.0}, 'Scan': {'precision': 0.9396984924623115, 'recall': 0.935, 'f1-score': 0.93734335839599, 'support': 200.0}, 'WebAttack': {'precision': 0.9642857142857143, 'recall': 0.945, 'f1-score': 0.9545454545454546, 'support': 400.0}, 'accuracy': 0.9520833333333333, 'macro avg': {'precision': 0.9482497747975536, 'recall': 0.9468749999999999, 'f1-score': 0.9472249496003868, 'support': 1920.0}, 'weighted avg': {'precision': 0.9527226636669507, 'recall': 0.9520833333333333, 'f1-score': 0.9520961280339922, 'support': 1920.0}}","[[192   0   2   0   2   0   2   2]
 [  1 111   0   0   0   2   6   0]
 [  2   0 192   0   0   4   1   1]
 [  6   0   0 194   0   0   0   0]
 [ 11   0   0   1 178   0   1   9]
 [  2   0   0   0   0 396   2   0]
 [  1   3   1   0   0   6 187   2]
 [  2   6   3   0   9   2   0 378]]",0.001015663,0.011236668
139,ToN_IoT,-1,None,QuantileTransformer,KNN,0.944042764,-1,-1,98.80208333,94.6875,0.68452381,94.82497748,94.72249496,-1,"{'0Normal': {'precision': 0.8847926267281107, 'recall': 0.96, 'f1-score': 0.9208633093525179, 'support': 200.0}, 'BruteForce': {'precision': 0.925, 'recall': 0.925, 'f1-score': 0.925, 'support': 120.0}, 'DDoS': {'precision': 0.9696969696969697, 'recall': 0.96, 'f1-score': 0.964824120603015, 'support': 200.0}, 'DoS': {'precision': 0.9948717948717949, 'recall': 0.97, 'f1-score': 0.9822784810126582, 'support': 200.0}, 'MITM': {'precision': 0.9417989417989417, 'recall': 0.89, 'f1-score': 0.9151670951156812, 'support': 200.0}, 'Malware': {'precision': 0.9658536585365853, 'recall': 0.99, 'f1-score': 0.9777777777777777, 'support': 400.0}, 'Scan': {'precision': 0.9396984924623115, 'recall': 0.935, 'f1-score': 0.93734335839599, 'support': 200.0}, 'WebAttack': {'precision': 0.9642857142857143, 'recall': 0.945, 'f1-score': 0.9545454545454546, 'support': 400.0}, 'accuracy': 0.9520833333333333, 'macro avg': {'precision': 0.9482497747975536, 'recall': 0.9468749999999999, 'f1-score': 0.9472249496003868, 'support': 1920.0}, 'weighted avg': {'precision': 0.9527226636669507, 'recall': 0.9520833333333333, 'f1-score': 0.9520961280339922, 'support': 1920.0}}","[[192   0   2   0   2   0   2   2]
 [  1 111   0   0   0   2   6   0]
 [  2   0 192   0   0   4   1   1]
 [  6   0   0 194   0   0   0   0]
 [ 11   0   0   1 178   0   1   9]
 [  2   0   0   0   0 396   2   0]
 [  1   3   1   0   0   6 187   2]
 [  2   6   3   0   9   2   0 378]]",0.001043081,0.010676146
147,ToN_IoT,-1,None,QuantileTransformer,KNN,0.944042764,-1,-1,98.80208333,94.6875,0.68452381,94.82497748,94.72249496,-1,"{'0Normal': {'precision': 0.8847926267281107, 'recall': 0.96, 'f1-score': 0.9208633093525179, 'support': 200.0}, 'BruteForce': {'precision': 0.925, 'recall': 0.925, 'f1-score': 0.925, 'support': 120.0}, 'DDoS': {'precision': 0.9696969696969697, 'recall': 0.96, 'f1-score': 0.964824120603015, 'support': 200.0}, 'DoS': {'precision': 0.9948717948717949, 'recall': 0.97, 'f1-score': 0.9822784810126582, 'support': 200.0}, 'MITM': {'precision': 0.9417989417989417, 'recall': 0.89, 'f1-score': 0.9151670951156812, 'support': 200.0}, 'Malware': {'precision': 0.9658536585365853, 'recall': 0.99, 'f1-score': 0.9777777777777777, 'support': 400.0}, 'Scan': {'precision': 0.9396984924623115, 'recall': 0.935, 'f1-score': 0.93734335839599, 'support': 200.0}, 'WebAttack': {'precision': 0.9642857142857143, 'recall': 0.945, 'f1-score': 0.9545454545454546, 'support': 400.0}, 'accuracy': 0.9520833333333333, 'macro avg': {'precision': 0.9482497747975536, 'recall': 0.9468749999999999, 'f1-score': 0.9472249496003868, 'support': 1920.0}, 'weighted avg': {'precision': 0.9527226636669507, 'recall': 0.9520833333333333, 'f1-score': 0.9520961280339922, 'support': 1920.0}}","[[192   0   2   0   2   0   2   2]
 [  1 111   0   0   0   2   6   0]
 [  2   0 192   0   0   4   1   1]
 [  6   0   0 194   0   0   0   0]
 [ 11   0   0   1 178   0   1   9]
 [  2   0   0   0   0 396   2   0]
 [  1   3   1   0   0   6 187   2]
 [  2   6   3   0   9   2   0 378]]",0.000705719,0.011603832
117,ToN_IoT,-1,None,QuantileTransformer,MLP,0.943433981,-1,-1,98.7890625,94.5625,0.691964286,95.06673209,94.76432523,-1,"{'0Normal': {'precision': 0.8727272727272727, 'recall': 0.96, 'f1-score': 0.9142857142857144, 'support': 200.0}, 'BruteForce': {'precision': 0.9568965517241379, 'recall': 0.925, 'f1-score': 0.9406779661016949, 'support': 120.0}, 'DDoS': {'precision': 0.9547738693467337, 'recall': 0.95, 'f1-score': 0.9523809523809523, 'support': 200.0}, 'DoS': {'precision': 0.9948453608247423, 'recall': 0.965, 'f1-score': 0.9796954314720813, 'support': 200.0}, 'MITM': {'precision': 0.9408602150537635, 'recall': 0.875, 'f1-score': 0.9067357512953368, 'support': 200.0}, 'Malware': {'precision': 0.9610705596107056, 'recall': 0.9875, 'f1-score': 0.9741060419235512, 'support': 400.0}, 'Scan': {'precision': 0.9644670050761421, 'recall': 0.95, 'f1-score': 0.9571788413098236, 'support': 200.0}, 'WebAttack': {'precision': 0.9596977329974811, 'recall': 0.9525, 'f1-score': 0.9560853199498117, 'support': 400.0}, 'accuracy': 0.9515625, 'macro avg': {'precision': 0.9506673209201224, 'recall': 0.9456249999999999, 'f1-score': 0.9476432523398708, 'support': 1920.0}, 'weighted avg': {'precision': 0.9524321082582823, 'recall': 0.9515625, 'f1-score': 0.9515693952241302, 'support': 1920.0}}","[[192   0   2   1   2   2   1   0]
 [  3 111   0   0   0   6   0   0]
 [  3   0 190   0   1   5   0   1]
 [  7   0   0 193   0   0   0   0]
 [ 10   0   1   0 175   0   1  13]
 [  3   0   0   0   0 395   2   0]
 [  1   3   2   0   0   2 190   2]
 [  1   2   4   0   8   1   3 381]]",2.518042088,0.000728607
125,ToN_IoT,-1,None,QuantileTransformer,MLP,0.943433981,-1,-1,98.7890625,94.5625,0.691964286,95.06673209,94.76432523,-1,"{'0Normal': {'precision': 0.8727272727272727, 'recall': 0.96, 'f1-score': 0.9142857142857144, 'support': 200.0}, 'BruteForce': {'precision': 0.9568965517241379, 'recall': 0.925, 'f1-score': 0.9406779661016949, 'support': 120.0}, 'DDoS': {'precision': 0.9547738693467337, 'recall': 0.95, 'f1-score': 0.9523809523809523, 'support': 200.0}, 'DoS': {'precision': 0.9948453608247423, 'recall': 0.965, 'f1-score': 0.9796954314720813, 'support': 200.0}, 'MITM': {'precision': 0.9408602150537635, 'recall': 0.875, 'f1-score': 0.9067357512953368, 'support': 200.0}, 'Malware': {'precision': 0.9610705596107056, 'recall': 0.9875, 'f1-score': 0.9741060419235512, 'support': 400.0}, 'Scan': {'precision': 0.9644670050761421, 'recall': 0.95, 'f1-score': 0.9571788413098236, 'support': 200.0}, 'WebAttack': {'precision': 0.9596977329974811, 'recall': 0.9525, 'f1-score': 0.9560853199498117, 'support': 400.0}, 'accuracy': 0.9515625, 'macro avg': {'precision': 0.9506673209201224, 'recall': 0.9456249999999999, 'f1-score': 0.9476432523398708, 'support': 1920.0}, 'weighted avg': {'precision': 0.9524321082582823, 'recall': 0.9515625, 'f1-score': 0.9515693952241302, 'support': 1920.0}}","[[192   0   2   1   2   2   1   0]
 [  3 111   0   0   0   6   0   0]
 [  3   0 190   0   1   5   0   1]
 [  7   0   0 193   0   0   0   0]
 [ 10   0   1   0 175   0   1  13]
 [  3   0   0   0   0 395   2   0]
 [  1   3   2   0   0   2 190   2]
 [  1   2   4   0   8   1   3 381]]",2.639237404,0.000946999
133,ToN_IoT,-1,None,QuantileTransformer,MLP,0.943433981,-1,-1,98.7890625,94.5625,0.691964286,95.06673209,94.76432523,-1,"{'0Normal': {'precision': 0.8727272727272727, 'recall': 0.96, 'f1-score': 0.9142857142857144, 'support': 200.0}, 'BruteForce': {'precision': 0.9568965517241379, 'recall': 0.925, 'f1-score': 0.9406779661016949, 'support': 120.0}, 'DDoS': {'precision': 0.9547738693467337, 'recall': 0.95, 'f1-score': 0.9523809523809523, 'support': 200.0}, 'DoS': {'precision': 0.9948453608247423, 'recall': 0.965, 'f1-score': 0.9796954314720813, 'support': 200.0}, 'MITM': {'precision': 0.9408602150537635, 'recall': 0.875, 'f1-score': 0.9067357512953368, 'support': 200.0}, 'Malware': {'precision': 0.9610705596107056, 'recall': 0.9875, 'f1-score': 0.9741060419235512, 'support': 400.0}, 'Scan': {'precision': 0.9644670050761421, 'recall': 0.95, 'f1-score': 0.9571788413098236, 'support': 200.0}, 'WebAttack': {'precision': 0.9596977329974811, 'recall': 0.9525, 'f1-score': 0.9560853199498117, 'support': 400.0}, 'accuracy': 0.9515625, 'macro avg': {'precision': 0.9506673209201224, 'recall': 0.9456249999999999, 'f1-score': 0.9476432523398708, 'support': 1920.0}, 'weighted avg': {'precision': 0.9524321082582823, 'recall': 0.9515625, 'f1-score': 0.9515693952241302, 'support': 1920.0}}","[[192   0   2   1   2   2   1   0]
 [  3 111   0   0   0   6   0   0]
 [  3   0 190   0   1   5   0   1]
 [  7   0   0 193   0   0   0   0]
 [ 10   0   1   0 175   0   1  13]
 [  3   0   0   0   0 395   2   0]
 [  1   3   2   0   0   2 190   2]
 [  1   2   4   0   8   1   3 381]]",2.709465504,0.001228333
141,ToN_IoT,-1,None,QuantileTransformer,MLP,0.943433981,-1,-1,98.7890625,94.5625,0.691964286,95.06673209,94.76432523,-1,"{'0Normal': {'precision': 0.8727272727272727, 'recall': 0.96, 'f1-score': 0.9142857142857144, 'support': 200.0}, 'BruteForce': {'precision': 0.9568965517241379, 'recall': 0.925, 'f1-score': 0.9406779661016949, 'support': 120.0}, 'DDoS': {'precision': 0.9547738693467337, 'recall': 0.95, 'f1-score': 0.9523809523809523, 'support': 200.0}, 'DoS': {'precision': 0.9948453608247423, 'recall': 0.965, 'f1-score': 0.9796954314720813, 'support': 200.0}, 'MITM': {'precision': 0.9408602150537635, 'recall': 0.875, 'f1-score': 0.9067357512953368, 'support': 200.0}, 'Malware': {'precision': 0.9610705596107056, 'recall': 0.9875, 'f1-score': 0.9741060419235512, 'support': 400.0}, 'Scan': {'precision': 0.9644670050761421, 'recall': 0.95, 'f1-score': 0.9571788413098236, 'support': 200.0}, 'WebAttack': {'precision': 0.9596977329974811, 'recall': 0.9525, 'f1-score': 0.9560853199498117, 'support': 400.0}, 'accuracy': 0.9515625, 'macro avg': {'precision': 0.9506673209201224, 'recall': 0.9456249999999999, 'f1-score': 0.9476432523398708, 'support': 1920.0}, 'weighted avg': {'precision': 0.9524321082582823, 'recall': 0.9515625, 'f1-score': 0.9515693952241302, 'support': 1920.0}}","[[192   0   2   1   2   2   1   0]
 [  3 111   0   0   0   6   0   0]
 [  3   0 190   0   1   5   0   1]
 [  7   0   0 193   0   0   0   0]
 [ 10   0   1   0 175   0   1  13]
 [  3   0   0   0   0 395   2   0]
 [  1   3   2   0   0   2 190   2]
 [  1   2   4   0   8   1   3 381]]",2.6324687,0.000730276
149,ToN_IoT,-1,None,QuantileTransformer,MLP,0.943433981,-1,-1,98.7890625,94.5625,0.691964286,95.06673209,94.76432523,-1,"{'0Normal': {'precision': 0.8727272727272727, 'recall': 0.96, 'f1-score': 0.9142857142857144, 'support': 200.0}, 'BruteForce': {'precision': 0.9568965517241379, 'recall': 0.925, 'f1-score': 0.9406779661016949, 'support': 120.0}, 'DDoS': {'precision': 0.9547738693467337, 'recall': 0.95, 'f1-score': 0.9523809523809523, 'support': 200.0}, 'DoS': {'precision': 0.9948453608247423, 'recall': 0.965, 'f1-score': 0.9796954314720813, 'support': 200.0}, 'MITM': {'precision': 0.9408602150537635, 'recall': 0.875, 'f1-score': 0.9067357512953368, 'support': 200.0}, 'Malware': {'precision': 0.9610705596107056, 'recall': 0.9875, 'f1-score': 0.9741060419235512, 'support': 400.0}, 'Scan': {'precision': 0.9644670050761421, 'recall': 0.95, 'f1-score': 0.9571788413098236, 'support': 200.0}, 'WebAttack': {'precision': 0.9596977329974811, 'recall': 0.9525, 'f1-score': 0.9560853199498117, 'support': 400.0}, 'accuracy': 0.9515625, 'macro avg': {'precision': 0.9506673209201224, 'recall': 0.9456249999999999, 'f1-score': 0.9476432523398708, 'support': 1920.0}, 'weighted avg': {'precision': 0.9524321082582823, 'recall': 0.9515625, 'f1-score': 0.9515693952241302, 'support': 1920.0}}","[[192   0   2   1   2   2   1   0]
 [  3 111   0   0   0   6   0   0]
 [  3   0 190   0   1   5   0   1]
 [  7   0   0 193   0   0   0   0]
 [ 10   0   1   0 175   0   1  13]
 [  3   0   0   0   0 395   2   0]
 [  1   3   2   0   0   2 190   2]
 [  1   2   4   0   8   1   3 381]]",2.658283949,0.000737906
16,ToN_IoT,3,None,QuantileTransformer,KNN,0.942824136,-1,-1,98.77604167,94.54166667,0.699404762,94.71112283,94.58966004,-1,"{'0Normal': {'precision': 0.8837209302325582, 'recall': 0.95, 'f1-score': 0.9156626506024096, 'support': 200.0}, 'BruteForce': {'precision': 0.956140350877193, 'recall': 0.9083333333333333, 'f1-score': 0.9316239316239316, 'support': 120.0}, 'DDoS': {'precision': 0.9330143540669856, 'recall': 0.975, 'f1-score': 0.9535452322738386, 'support': 200.0}, 'DoS': {'precision': 0.9897959183673469, 'recall': 0.97, 'f1-score': 0.9797979797979798, 'support': 200.0}, 'MITM': {'precision': 0.93717277486911, 'recall': 0.895, 'f1-score': 0.9156010230179028, 'support': 200.0}, 'Malware': {'precision': 0.9751243781094527, 'recall': 0.98, 'f1-score': 0.9775561097256857, 'support': 400.0}, 'Scan': {'precision': 0.935, 'recall': 0.935, 'f1-score': 0.935, 'support': 200.0}, 'WebAttack': {'precision': 0.9669211195928753, 'recall': 0.95, 'f1-score': 0.9583858764186632, 'support': 400.0}, 'accuracy': 0.9510416666666667, 'macro avg': {'precision': 0.9471112282644403, 'recall': 0.9454166666666666, 'f1-score': 0.9458966004325515, 'support': 1920.0}, 'weighted avg': {'precision': 0.9517165816111429, 'recall': 0.9510416666666667, 'f1-score': 0.9510901267661654, 'support': 1920.0}}","[[190   0   2   0   3   0   3   2]
 [  1 109   0   0   0   2   6   2]
 [  2   0 195   0   1   2   0   0]
 [  6   0   0 194   0   0   0   0]
 [ 13   0   0   0 179   0   1   7]
 [  0   0   4   0   1 392   3   0]
 [  1   3   1   2   0   4 187   2]
 [  2   2   7   0   7   2   0 380]]",0.004668951,0.20490551
55,ToN_IoT,2,None,QuantileTransformer,KNN,0.942748564,-1,-1,98.77604167,94.36458333,0.699404762,94.86700355,94.59000635,-1,"{'0Normal': {'precision': 0.9004739336492891, 'recall': 0.95, 'f1-score': 0.924574209245742, 'support': 200.0}, 'BruteForce': {'precision': 0.9553571428571429, 'recall': 0.8916666666666667, 'f1-score': 0.9224137931034484, 'support': 120.0}, 'DDoS': {'precision': 0.9554455445544554, 'recall': 0.965, 'f1-score': 0.9601990049751244, 'support': 200.0}, 'DoS': {'precision': 0.9897959183673469, 'recall': 0.97, 'f1-score': 0.9797979797979798, 'support': 200.0}, 'MITM': {'precision': 0.9282051282051282, 'recall': 0.905, 'f1-score': 0.9164556962025316, 'support': 200.0}, 'Malware': {'precision': 0.9702970297029703, 'recall': 0.98, 'f1-score': 0.9751243781094527, 'support': 400.0}, 'Scan': {'precision': 0.9346733668341709, 'recall': 0.93, 'f1-score': 0.9323308270676693, 'support': 200.0}, 'WebAttack': {'precision': 0.9551122194513716, 'recall': 0.9575, 'f1-score': 0.9563046192259677, 'support': 400.0}, 'accuracy': 0.9510416666666667, 'macro avg': {'precision': 0.9486700354527344, 'recall': 0.9436458333333333, 'f1-score': 0.9459000634659895, 'support': 1920.0}, 'weighted avg': {'precision': 0.9513152787118083, 'recall': 0.9510416666666667, 'f1-score': 0.9510066653981205, 'support': 1920.0}}","[[190   0   2   1   3   0   3   1]
 [  1 107   0   0   0   2   6   4]
 [  2   0 193   0   0   3   0   2]
 [  6   0   0 194   0   0   0   0]
 [ 10   0   0   0 181   0   1   8]
 [  1   0   3   0   1 392   3   0]
 [  1   3   1   1   0   5 186   3]
 [  0   2   3   0  10   2   0 383]]",0.00136137,0.044363022
42,ToN_IoT,2,None,QuantileTransformer,LGBM,0.942660517,-1,-1,98.76302083,95.32291667,0.706845238,93.8267678,94.43919381,-1,"{'0Normal': {'precision': 0.8940092165898618, 'recall': 0.97, 'f1-score': 0.9304556354916066, 'support': 200.0}, 'BruteForce': {'precision': 0.7832167832167832, 'recall': 0.9333333333333333, 'f1-score': 0.8517110266159696, 'support': 120.0}, 'DDoS': {'precision': 0.9556650246305419, 'recall': 0.97, 'f1-score': 0.9627791563275433, 'support': 200.0}, 'DoS': {'precision': 0.9948717948717949, 'recall': 0.97, 'f1-score': 0.9822784810126582, 'support': 200.0}, 'MITM': {'precision': 0.9306930693069307, 'recall': 0.94, 'f1-score': 0.9353233830845772, 'support': 200.0}, 'Malware': {'precision': 0.9850746268656716, 'recall': 0.99, 'f1-score': 0.9875311720698254, 'support': 400.0}, 'Scan': {'precision': 0.9847715736040609, 'recall': 0.97, 'f1-score': 0.9773299748110831, 'support': 200.0}, 'WebAttack': {'precision': 0.9778393351800554, 'recall': 0.8825, 'f1-score': 0.9277266754270695, 'support': 400.0}, 'accuracy': 0.9505208333333334, 'macro avg': {'precision': 0.9382676780332125, 'recall': 0.9532291666666666, 'f1-score': 0.9443919381050416, 'support': 1920.0}, 'weighted avg': {'precision': 0.9537259034400745, 'recall': 0.9505208333333334, 'f1-score': 0.9510113480927959, 'support': 1920.0}}","[[194   0   2   0   3   0   1   0]
 [  4 112   0   0   0   3   0   1]
 [  2   0 194   0   3   0   0   1]
 [  6   0   0 194   0   0   0   0]
 [  7   0   0   1 188   0   0   4]
 [  2   0   0   0   0 396   2   0]
 [  0   0   1   0   1   2 194   2]
 [  2  31   6   0   7   1   0 353]]",1.701111794,0.016368866
165,ToN_IoT,3,None,StandardScaler,LGBM,0.942508932,-1,-1,98.76302083,94.52083333,0.706845238,94.61257875,94.39232358,-1,"{'0Normal': {'precision': 0.8986175115207373, 'recall': 0.975, 'f1-score': 0.9352517985611511, 'support': 200.0}, 'BruteForce': {'precision': 0.9416666666666667, 'recall': 0.9416666666666667, 'f1-score': 0.9416666666666667, 'support': 120.0}, 'DDoS': {'precision': 0.9601990049751243, 'recall': 0.965, 'f1-score': 0.9625935162094762, 'support': 200.0}, 'DoS': {'precision': 1.0, 'recall': 0.82, 'f1-score': 0.9010989010989011, 'support': 200.0}, 'MITM': {'precision': 0.955, 'recall': 0.955, 'f1-score': 0.955, 'support': 200.0}, 'Malware': {'precision': 0.9825, 'recall': 0.9825, 'f1-score': 0.9825, 'support': 400.0}, 'Scan': {'precision': 0.8539823008849557, 'recall': 0.965, 'f1-score': 0.9061032863849765, 'support': 200.0}, 'WebAttack': {'precision': 0.9770408163265306, 'recall': 0.9575, 'f1-score': 0.9671717171717172, 'support': 400.0}, 'accuracy': 0.9505208333333334, 'macro avg': {'precision': 0.9461257875467519, 'recall': 0.9452083333333332, 'f1-score': 0.9439232357616112, 'support': 1920.0}, 'weighted avg': {'precision': 0.9533208802118623, 'recall': 0.9505208333333334, 'f1-score': 0.9504573892289521, 'support': 1920.0}}","[[195   0   1   0   2   0   1   1]
 [  0 113   4   0   0   0   3   0]
 [  1   0 193   0   0   4   0   2]
 [ 13   0   0 164   0   0  23   0]
 [  2   0   1   0 191   0   3   3]
 [  5   0   0   0   0 393   2   0]
 [  0   0   1   0   0   3 193   3]
 [  1   7   1   0   7   0   1 383]]",7.92292428,0.025216579
158,ToN_IoT,3,None,StandardScaler,LGBM,0.941604162,-1,-1,98.75,94.57291667,0.714285714,94.55239089,94.52378465,-1,"{'0Normal': {'precision': 0.9282296650717703, 'recall': 0.97, 'f1-score': 0.9486552567237163, 'support': 200.0}, 'BruteForce': {'precision': 0.8650793650793651, 'recall': 0.9083333333333333, 'f1-score': 0.8861788617886179, 'support': 120.0}, 'DDoS': {'precision': 0.9402985074626866, 'recall': 0.945, 'f1-score': 0.942643391521197, 'support': 200.0}, 'DoS': {'precision': 1.0, 'recall': 0.97, 'f1-score': 0.9847715736040609, 'support': 200.0}, 'MITM': {'precision': 0.9554455445544554, 'recall': 0.965, 'f1-score': 0.9601990049751244, 'support': 200.0}, 'Malware': {'precision': 0.9586374695863747, 'recall': 0.985, 'f1-score': 0.9716399506781751, 'support': 400.0}, 'Scan': {'precision': 0.967391304347826, 'recall': 0.89, 'f1-score': 0.9270833333333334, 'support': 200.0}, 'WebAttack': {'precision': 0.9491094147582697, 'recall': 0.9325, 'f1-score': 0.9407313997477933, 'support': 400.0}, 'accuracy': 0.95, 'macro avg': {'precision': 0.9455239088575935, 'recall': 0.9457291666666667, 'f1-score': 0.9452378465465023, 'support': 1920.0}, 'weighted avg': {'precision': 0.9506152509555882, 'recall': 0.95, 'f1-score': 0.9499794352169312, 'support': 1920.0}}","[[194   0   2   0   2   0   0   2]
 [  0 109   6   0   0   0   0   5]
 [  2   1 189   0   0   4   0   4]
 [  6   0   0 194   0   0   0   0]
 [  1   0   0   0 193   0   4   2]
 [  4   0   0   0   0 394   2   0]
 [  0   0   2   0   0  13 178   7]
 [  2  16   2   0   7   0   0 373]]",8.034814119,0.016291857
24,ToN_IoT,3,None,QuantileTransformer,KNN,0.940441657,-1,-1,98.72395833,94.33333333,0.729166667,94.45228699,94.34731062,-1,"{'0Normal': {'precision': 0.8648648648648649, 'recall': 0.96, 'f1-score': 0.9099526066350712, 'support': 200.0}, 'BruteForce': {'precision': 0.9401709401709402, 'recall': 0.9166666666666666, 'f1-score': 0.9282700421940928, 'support': 120.0}, 'DDoS': {'precision': 0.9504950495049505, 'recall': 0.96, 'f1-score': 0.9552238805970149, 'support': 200.0}, 'DoS': {'precision': 0.9897959183673469, 'recall': 0.97, 'f1-score': 0.9797979797979798, 'support': 200.0}, 'MITM': {'precision': 0.9381443298969072, 'recall': 0.91, 'f1-score': 0.9238578680203046, 'support': 200.0}, 'Malware': {'precision': 0.9633251833740831, 'recall': 0.985, 'f1-score': 0.9740420271940667, 'support': 400.0}, 'Scan': {'precision': 0.9326424870466321, 'recall': 0.9, 'f1-score': 0.916030534351145, 'support': 200.0}, 'WebAttack': {'precision': 0.9767441860465116, 'recall': 0.945, 'f1-score': 0.9606099110546379, 'support': 400.0}, 'accuracy': 0.9489583333333333, 'macro avg': {'precision': 0.9445228699090296, 'recall': 0.9433333333333334, 'f1-score': 0.9434731062305391, 'support': 1920.0}, 'weighted avg': {'precision': 0.9500191617317141, 'recall': 0.9489583333333333, 'f1-score': 0.9490759136682688, 'support': 1920.0}}","[[192   0   2   0   3   0   2   1]
 [  1 110   0   0   0   2   6   1]
 [  2   0 192   0   1   4   0   1]
 [  6   0   0 194   0   0   0   0]
 [ 13   0   0   0 182   0   1   4]
 [  1   0   1   0   0 394   4   0]
 [  5   3   1   2   0   7 180   2]
 [  2   4   6   0   8   2   0 378]]",0.003355742,0.141762018
186,ToN_IoT,3,None,StandardScaler,LGBM,0.936854216,-1,-1,98.64583333,94.44791667,0.773809524,93.75929852,94.02851979,-1,"{'0Normal': {'precision': 0.9154929577464789, 'recall': 0.975, 'f1-score': 0.9443099273607748, 'support': 200.0}, 'BruteForce': {'precision': 0.8074074074074075, 'recall': 0.9083333333333333, 'f1-score': 0.8549019607843137, 'support': 120.0}, 'DDoS': {'precision': 0.967741935483871, 'recall': 0.9, 'f1-score': 0.9326424870466321, 'support': 200.0}, 'DoS': {'precision': 1.0, 'recall': 0.96, 'f1-score': 0.9795918367346939, 'support': 200.0}, 'MITM': {'precision': 0.9368932038834952, 'recall': 0.965, 'f1-score': 0.9507389162561576, 'support': 200.0}, 'Malware': {'precision': 0.98, 'recall': 0.98, 'f1-score': 0.98, 'support': 400.0}, 'Scan': {'precision': 0.9552238805970149, 'recall': 0.96, 'f1-score': 0.9576059850374063, 'support': 200.0}, 'WebAttack': {'precision': 0.937984496124031, 'recall': 0.9075, 'f1-score': 0.9224904701397711, 'support': 400.0}, 'accuracy': 0.9458333333333333, 'macro avg': {'precision': 0.9375929851552873, 'recall': 0.9444791666666666, 'f1-score': 0.9402851979199687, 'support': 1920.0}, 'weighted avg': {'precision': 0.9474755640003507, 'recall': 0.9458333333333333, 'f1-score': 0.9461261738735203, 'support': 1920.0}}","[[195   0   1   0   2   0   1   1]
 [  1 109   2   0   0   0   3   5]
 [  1   1 180   0   2   4   0  12]
 [  8   0   0 192   0   0   0   0]
 [  1   0   1   0 193   0   2   3]
 [  5   0   0   0   1 392   2   0]
 [  0   0   1   0   0   4 192   3]
 [  2  25   1   0   8   0   1 363]]",7.824611425,0.015957117
305,ToN_IoT,3,None,MinMaxScaler,LGBM,0.936827992,-1,-1,98.64583333,94.48958333,0.773809524,93.86156221,94.11032001,-1,"{'0Normal': {'precision': 0.9285714285714286, 'recall': 0.975, 'f1-score': 0.951219512195122, 'support': 200.0}, 'BruteForce': {'precision': 0.837037037037037, 'recall': 0.9416666666666667, 'f1-score': 0.8862745098039215, 'support': 120.0}, 'DDoS': {'precision': 0.9447236180904522, 'recall': 0.94, 'f1-score': 0.9423558897243106, 'support': 200.0}, 'DoS': {'precision': 0.9797979797979798, 'recall': 0.97, 'f1-score': 0.9748743718592964, 'support': 200.0}, 'MITM': {'precision': 0.9346733668341709, 'recall': 0.93, 'f1-score': 0.9323308270676693, 'support': 200.0}, 'Malware': {'precision': 0.9656862745098039, 'recall': 0.985, 'f1-score': 0.9752475247524752, 'support': 400.0}, 'Scan': {'precision': 0.9679144385026738, 'recall': 0.905, 'f1-score': 0.9354005167958656, 'support': 200.0}, 'WebAttack': {'precision': 0.9505208333333334, 'recall': 0.9125, 'f1-score': 0.9311224489795918, 'support': 400.0}, 'accuracy': 0.9458333333333333, 'macro avg': {'precision': 0.9386156220846099, 'recall': 0.9448958333333333, 'f1-score': 0.9411032001472815, 'support': 1920.0}, 'weighted avg': {'precision': 0.9469080489276253, 'recall': 0.9458333333333333, 'f1-score': 0.9459047678113283, 'support': 1920.0}}","[[195   0   1   0   1   0   0   3]
 [  0 113   5   0   0   0   0   2]
 [  1   0 188   0   6   4   0   1]
 [  6   0   0 194   0   0   0   0]
 [  2   0   1   2 186   0   4   5]
 [  4   0   0   0   0 394   2   0]
 [  0   0   1   1   0   9 181   8]
 [  2  22   3   1   6   1   0 365]]",28.46988916,0.034531832
49,ToN_IoT,2,None,QuantileTransformer,MLP,0.936254994,-1,-1,98.6328125,94.26041667,0.78125,94.11944067,94.12908818,-1,"{'0Normal': {'precision': 0.8962264150943396, 'recall': 0.95, 'f1-score': 0.9223300970873787, 'support': 200.0}, 'BruteForce': {'precision': 0.9396551724137931, 'recall': 0.9083333333333333, 'f1-score': 0.9237288135593221, 'support': 120.0}, 'DDoS': {'precision': 0.949748743718593, 'recall': 0.945, 'f1-score': 0.9473684210526316, 'support': 200.0}, 'DoS': {'precision': 1.0, 'recall': 0.97, 'f1-score': 0.9847715736040609, 'support': 200.0}, 'MITM': {'precision': 0.9479166666666666, 'recall': 0.91, 'f1-score': 0.9285714285714285, 'support': 200.0}, 'Malware': {'precision': 0.9767441860465116, 'recall': 0.945, 'f1-score': 0.9606099110546379, 'support': 400.0}, 'Scan': {'precision': 0.8571428571428571, 'recall': 0.96, 'f1-score': 0.9056603773584904, 'support': 200.0}, 'WebAttack': {'precision': 0.9621212121212122, 'recall': 0.9525, 'f1-score': 0.9572864321608041, 'support': 400.0}, 'accuracy': 0.9453125, 'macro avg': {'precision': 0.9411944066504967, 'recall': 0.9426041666666667, 'f1-score': 0.9412908818060943, 'support': 1920.0}, 'weighted avg': {'precision': 0.9471415190006437, 'recall': 0.9453125, 'f1-score': 0.9457012366917154, 'support': 1920.0}}","[[190   0   0   0   3   2   4   1]
 [  1 109   0   0   0   2   6   2]
 [  4   1 189   0   0   4   1   1]
 [  6   0   0 194   0   0   0   0]
 [  7   0   1   0 182   0   1   9]
 [  3   0   0   0   0 378  19   0]
 [  1   3   2   0   0   0 192   2]
 [  0   3   7   0   7   1   1 381]]",2.519189835,0.001476288
43,ToN_IoT,2,None,QuantileTransformer,RF,0.935145651,-1,-1,98.60677083,94.55208333,0.796130952,93.44177558,93.89870072,-1,"{'0Normal': {'precision': 0.8985507246376812, 'recall': 0.93, 'f1-score': 0.9140049140049139, 'support': 200.0}, 'BruteForce': {'precision': 0.795774647887324, 'recall': 0.9416666666666667, 'f1-score': 0.8625954198473282, 'support': 120.0}, 'DDoS': {'precision': 0.9601990049751243, 'recall': 0.965, 'f1-score': 0.9625935162094762, 'support': 200.0}, 'DoS': {'precision': 1.0, 'recall': 0.97, 'f1-score': 0.9847715736040609, 'support': 200.0}, 'MITM': {'precision': 0.9137055837563451, 'recall': 0.9, 'f1-score': 0.9068010075566751, 'support': 200.0}, 'Malware': {'precision': 0.9753694581280788, 'recall': 0.99, 'f1-score': 0.9826302729528535, 'support': 400.0}, 'Scan': {'precision': 0.98, 'recall': 0.98, 'f1-score': 0.98, 'support': 200.0}, 'WebAttack': {'precision': 0.9517426273458445, 'recall': 0.8875, 'f1-score': 0.9184993531694695, 'support': 400.0}, 'accuracy': 0.9442708333333333, 'macro avg': {'precision': 0.9344177558412997, 'recall': 0.9455208333333334, 'f1-score': 0.9389870071680971, 'support': 1920.0}, 'weighted avg': {'precision': 0.9462650284426449, 'recall': 0.9442708333333333, 'f1-score': 0.9445820328675177, 'support': 1920.0}}","[[186   0   2   0  11   0   1   0]
 [  1 113   0   0   0   5   1   0]
 [  2   0 193   0   1   3   0   1]
 [  6   0   0 194   0   0   0   0]
 [  6   0   0   0 180   0   0  14]
 [  2   0   0   0   0 396   2   0]
 [  0   0   0   0   0   1 196   3]
 [  4  29   6   0   5   1   0 355]]",0.187405586,0.015675068
306,ToN_IoT,3,None,MinMaxScaler,RF,0.934350578,-1,-1,98.59375,94.08333333,0.803571429,93.98060099,93.94828093,-1,"{'0Normal': {'precision': 0.9414634146341463, 'recall': 0.965, 'f1-score': 0.9530864197530864, 'support': 200.0}, 'BruteForce': {'precision': 0.8432835820895522, 'recall': 0.9416666666666667, 'f1-score': 0.8897637795275589, 'support': 120.0}, 'DDoS': {'precision': 0.964824120603015, 'recall': 0.96, 'f1-score': 0.9624060150375939, 'support': 200.0}, 'DoS': {'precision': 0.9847715736040609, 'recall': 0.97, 'f1-score': 0.9773299748110831, 'support': 200.0}, 'MITM': {'precision': 0.9296482412060302, 'recall': 0.925, 'f1-score': 0.9273182957393483, 'support': 200.0}, 'Malware': {'precision': 0.9518072289156626, 'recall': 0.9875, 'f1-score': 0.9693251533742331, 'support': 400.0}, 'Scan': {'precision': 0.9661016949152542, 'recall': 0.855, 'f1-score': 0.9071618037135277, 'support': 200.0}, 'WebAttack': {'precision': 0.9365482233502538, 'recall': 0.9225, 'f1-score': 0.9294710327455918, 'support': 400.0}, 'accuracy': 0.94375, 'macro avg': {'precision': 0.9398060099147469, 'recall': 0.9408333333333334, 'f1-score': 0.939482809337753, 'support': 1920.0}, 'weighted avg': {'precision': 0.9447385519529239, 'recall': 0.94375, 'f1-score': 0.9436201196886276, 'support': 1920.0}}","[[193   0   2   0   3   0   0   2]
 [  0 113   0   0   0   0   0   7]
 [  1   0 192   0   1   4   0   2]
 [  6   0   0 194   0   0   0   0]
 [  3   0   1   1 185   0   4   6]
 [  2   0   0   0   1 395   2   0]
 [  0   3   1   1   0  16 171   8]
 [  0  18   3   1   9   0   0 369]]",1.050110579,0.132051945
236,ToN_IoT,0,None,StandardScaler,LGBM,0.932001676,-1,-1,98.52864583,93.42708333,0.84077381,93.55382314,93.08764869,-1,"{'0Normal': {'precision': 0.8986175115207373, 'recall': 0.975, 'f1-score': 0.9352517985611511, 'support': 200.0}, 'BruteForce': {'precision': 0.904, 'recall': 0.9416666666666667, 'f1-score': 0.9224489795918367, 'support': 120.0}, 'DDoS': {'precision': 0.9744897959183674, 'recall': 0.955, 'f1-score': 0.9646464646464646, 'support': 200.0}, 'DoS': {'precision': 0.993103448275862, 'recall': 0.72, 'f1-score': 0.8347826086956522, 'support': 200.0}, 'MITM': {'precision': 0.9463414634146341, 'recall': 0.97, 'f1-score': 0.9580246913580247, 'support': 200.0}, 'Malware': {'precision': 0.9825870646766169, 'recall': 0.9875, 'f1-score': 0.9850374064837906, 'support': 400.0}, 'Scan': {'precision': 0.8057851239669421, 'recall': 0.975, 'f1-score': 0.8823529411764706, 'support': 200.0}, 'WebAttack': {'precision': 0.979381443298969, 'recall': 0.95, 'f1-score': 0.9644670050761421, 'support': 400.0}, 'accuracy': 0.9411458333333333, 'macro avg': {'precision': 0.9355382313840162, 'recall': 0.9342708333333333, 'f1-score': 0.9308764869486916, 'support': 1920.0}, 'weighted avg': {'precision': 0.946320245734137, 'recall': 0.9411458333333333, 'f1-score': 0.940368407845076, 'support': 1920.0}}","[[195   0   2   0   2   0   1   0]
 [  6 113   1   0   0   0   0   0]
 [  1   0 191   0   1   4   0   3]
 [ 10   0   0 144   0   2  44   0]
 [  2   0   0   1 194   0   0   3]
 [  3   0   0   0   0 395   2   0]
 [  0   0   1   0   1   1 195   2]
 [  0  12   1   0   7   0   0 380]]",1.545474291,0.027671099
25,ToN_IoT,3,None,QuantileTransformer,LDA,0.931966784,-1,-1,98.54166667,93.91666667,0.833333333,93.21208644,93.5283716,-1,"{'0Normal': {'precision': 0.9119170984455959, 'recall': 0.88, 'f1-score': 0.8956743002544529, 'support': 200.0}, 'BruteForce': {'precision': 0.8888888888888888, 'recall': 0.9333333333333333, 'f1-score': 0.9105691056910569, 'support': 120.0}, 'DDoS': {'precision': 0.945273631840796, 'recall': 0.95, 'f1-score': 0.9476309226932668, 'support': 200.0}, 'DoS': {'precision': 0.9326923076923077, 'recall': 0.97, 'f1-score': 0.9509803921568627, 'support': 200.0}, 'MITM': {'precision': 0.9183673469387755, 'recall': 0.9, 'f1-score': 0.9090909090909091, 'support': 200.0}, 'Malware': {'precision': 0.9675, 'recall': 0.9675, 'f1-score': 0.9675, 'support': 400.0}, 'Scan': {'precision': 0.9158878504672897, 'recall': 0.98, 'f1-score': 0.9468599033816426, 'support': 200.0}, 'WebAttack': {'precision': 0.9764397905759162, 'recall': 0.9325, 'f1-score': 0.9539641943734015, 'support': 400.0}, 'accuracy': 0.9416666666666667, 'macro avg': {'precision': 0.9321208643561962, 'recall': 0.9391666666666667, 'f1-score': 0.935283715955199, 'support': 1920.0}, 'weighted avg': {'precision': 0.942224078111451, 'recall': 0.9416666666666667, 'f1-score': 0.9416152374727678, 'support': 1920.0}}","[[176   3   6   4   4   2   3   2]
 [  1 112   0   0   0   1   6   0]
 [  1   1 190   1   2   5   0   0]
 [  6   0   0 194   0   0   0   0]
 [  3   3   0   6 180   2   0   6]
 [  4   0   0   1   0 387   8   0]
 [  0   1   1   0   0   1 196   1]
 [  2   6   4   2  10   2   1 373]]",0.839541674,0.005690575
57,ToN_IoT,2,None,QuantileTransformer,MLP,0.930591749,-1,-1,98.515625,92.44791667,0.848214286,94.28873968,93.23673204,-1,"{'0Normal': {'precision': 0.8873239436619719, 'recall': 0.945, 'f1-score': 0.9152542372881356, 'support': 200.0}, 'BruteForce': {'precision': 0.94, 'recall': 0.7833333333333333, 'f1-score': 0.8545454545454546, 'support': 120.0}, 'DDoS': {'precision': 0.9545454545454546, 'recall': 0.945, 'f1-score': 0.949748743718593, 'support': 200.0}, 'DoS': {'precision': 0.9897435897435898, 'recall': 0.965, 'f1-score': 0.9772151898734178, 'support': 200.0}, 'MITM': {'precision': 0.9567567567567568, 'recall': 0.885, 'f1-score': 0.9194805194805195, 'support': 200.0}, 'Malware': {'precision': 0.9587378640776699, 'recall': 0.9875, 'f1-score': 0.9729064039408868, 'support': 400.0}, 'Scan': {'precision': 0.9438775510204082, 'recall': 0.925, 'f1-score': 0.9343434343434343, 'support': 200.0}, 'WebAttack': {'precision': 0.9121140142517815, 'recall': 0.96, 'f1-score': 0.9354445797807552, 'support': 400.0}, 'accuracy': 0.940625, 'macro avg': {'precision': 0.9428873967572041, 'recall': 0.9244791666666667, 'f1-score': 0.9323673203713996, 'support': 1920.0}, 'weighted avg': {'precision': 0.9414532346236545, 'recall': 0.940625, 'f1-score': 0.9401532671744434, 'support': 1920.0}}","[[189   0   0   2   3   2   1   3]
 [  1  94   0   0   0   2   6  17]
 [  4   0 189   0   0   5   0   2]
 [  6   1   0 193   0   0   0   0]
 [  9   0   0   0 177   0   1  13]
 [  3   0   0   0   0 395   2   0]
 [  1   3   2   0   0   7 185   2]
 [  0   2   7   0   5   1   1 384]]",2.642764091,0.001616955
86,ToN_IoT,0,None,QuantileTransformer,KNN,0.930136532,-1,-1,98.50260417,93.59375,0.855654762,93.24986391,93.36872378,-1,"{'0Normal': {'precision': 0.8552036199095022, 'recall': 0.945, 'f1-score': 0.8978622327790974, 'support': 200.0}, 'BruteForce': {'precision': 0.8740157480314961, 'recall': 0.925, 'f1-score': 0.8987854251012146, 'support': 120.0}, 'DDoS': {'precision': 0.9693877551020408, 'recall': 0.95, 'f1-score': 0.9595959595959594, 'support': 200.0}, 'DoS': {'precision': 0.9847715736040609, 'recall': 0.97, 'f1-score': 0.9773299748110831, 'support': 200.0}, 'MITM': {'precision': 0.9210526315789473, 'recall': 0.875, 'f1-score': 0.8974358974358975, 'support': 200.0}, 'Malware': {'precision': 0.9656862745098039, 'recall': 0.985, 'f1-score': 0.9752475247524752, 'support': 400.0}, 'Scan': {'precision': 0.9289340101522843, 'recall': 0.915, 'f1-score': 0.9219143576826196, 'support': 200.0}, 'WebAttack': {'precision': 0.9609375, 'recall': 0.9225, 'f1-score': 0.9413265306122449, 'support': 400.0}, 'accuracy': 0.9401041666666666, 'macro avg': {'precision': 0.9324986391110169, 'recall': 0.9359375, 'f1-score': 0.9336872378463239, 'support': 1920.0}, 'weighted avg': {'precision': 0.941354852935973, 'recall': 0.9401041666666666, 'f1-score': 0.9402664362598777, 'support': 1920.0}}","[[189   0   2   2   3   1   2   1]
 [  1 111   0   0   0   2   6   0]
 [  2   1 190   0   0   4   1   2]
 [  6   0   0 194   0   0   0   0]
 [ 13   0   0   1 175   0   1  10]
 [  2   0   0   0   0 394   4   0]
 [  5   3   1   0   0   6 183   2]
 [  3  12   3   0  12   1   0 369]]",0.00054574,0.008558273
17,ToN_IoT,3,None,QuantileTransformer,LDA,0.929015342,-1,-1,98.4765625,93.78125,0.870535714,92.75959027,93.21488825,-1,"{'0Normal': {'precision': 0.9081632653061225, 'recall': 0.89, 'f1-score': 0.8989898989898989, 'support': 200.0}, 'BruteForce': {'precision': 0.8473282442748091, 'recall': 0.925, 'f1-score': 0.8844621513944223, 'support': 120.0}, 'DDoS': {'precision': 0.9408866995073891, 'recall': 0.955, 'f1-score': 0.9478908188585607, 'support': 200.0}, 'DoS': {'precision': 0.9282296650717703, 'recall': 0.97, 'f1-score': 0.9486552567237163, 'support': 200.0}, 'MITM': {'precision': 0.9326424870466321, 'recall': 0.9, 'f1-score': 0.916030534351145, 'support': 200.0}, 'Malware': {'precision': 0.9699248120300752, 'recall': 0.9675, 'f1-score': 0.9687108886107635, 'support': 400.0}, 'Scan': {'precision': 0.92018779342723, 'recall': 0.98, 'f1-score': 0.9491525423728814, 'support': 200.0}, 'WebAttack': {'precision': 0.973404255319149, 'recall': 0.915, 'f1-score': 0.943298969072165, 'support': 400.0}, 'accuracy': 0.9390625, 'macro avg': {'precision': 0.9275959027478972, 'recall': 0.9378124999999999, 'f1-score': 0.9321488825466941, 'support': 1920.0}, 'weighted avg': {'precision': 0.9401213532940083, 'recall': 0.9390625, 'f1-score': 0.9391058393227827, 'support': 1920.0}}","[[178   4   3   4   4   2   2   3]
 [  1 111   0   0   0   2   6   0]
 [  2   0 191   0   2   5   0   0]
 [  6   0   0 194   0   0   0   0]
 [  2   6   0   6 180   0   1   5]
 [  5   0   0   0   0 387   8   0]
 [  0   1   0   0   0   1 196   2]
 [  2   9   9   5   7   2   0 366]]",1.007640362,0.003064632
9,ToN_IoT,3,None,QuantileTransformer,LDA,0.928986071,-1,-1,98.4765625,93.82291667,0.870535714,92.91019885,93.32623679,-1,"{'0Normal': {'precision': 0.8844221105527639, 'recall': 0.88, 'f1-score': 0.8822055137844611, 'support': 200.0}, 'BruteForce': {'precision': 0.8888888888888888, 'recall': 0.9333333333333333, 'f1-score': 0.9105691056910569, 'support': 120.0}, 'DDoS': {'precision': 0.9552238805970149, 'recall': 0.96, 'f1-score': 0.9576059850374063, 'support': 200.0}, 'DoS': {'precision': 0.9238095238095239, 'recall': 0.97, 'f1-score': 0.9463414634146342, 'support': 200.0}, 'MITM': {'precision': 0.9230769230769231, 'recall': 0.9, 'f1-score': 0.9113924050632911, 'support': 200.0}, 'Malware': {'precision': 0.9721518987341772, 'recall': 0.96, 'f1-score': 0.9660377358490566, 'support': 400.0}, 'Scan': {'precision': 0.9116279069767442, 'recall': 0.98, 'f1-score': 0.9445783132530121, 'support': 200.0}, 'WebAttack': {'precision': 0.9736147757255936, 'recall': 0.9225, 'f1-score': 0.9473684210526315, 'support': 400.0}, 'accuracy': 0.9390625, 'macro avg': {'precision': 0.9291019885452038, 'recall': 0.9382291666666667, 'f1-score': 0.9332623678931937, 'support': 1920.0}, 'weighted avg': {'precision': 0.9398986486735253, 'recall': 0.9390625, 'f1-score': 0.9390914018511266, 'support': 1920.0}}","[[176   2   4   6   5   2   3   2]
 [  1 112   0   0   0   1   6   0]
 [  2   0 192   1   1   4   0   0]
 [  6   0   0 194   0   0   0   0]
 [  5   1   0   6 180   1   0   7]
 [  6   0   0   0   0 384  10   0]
 [  0   1   1   0   0   1 196   1]
 [  3  10   4   3   9   2   0 369]]",0.84954524,0.002625942
138,ToN_IoT,-1,poly,QuantileTransformer,HHHv2,0.9276945,-1,-1,98.45052083,93.25809293,0.885416667,93.6875,93.39803162,-1,"{'0Normal': {'precision': 0.905, 'recall': 0.9476439790575916, 'f1-score': 0.9258312020460359, 'support': 191.0}, 'BruteForce': {'precision': 0.975, 'recall': 0.8731343283582089, 'f1-score': 0.921259842519685, 'support': 134.0}, 'DDoS': {'precision': 0.955, 'recall': 0.9646464646464646, 'f1-score': 0.9597989949748743, 'support': 198.0}, 'DoS': {'precision': 0.97, 'recall': 0.9371980676328503, 'f1-score': 0.9533169533169534, 'support': 207.0}, 'MITM': {'precision': 0.84, 'recall': 0.9130434782608695, 'f1-score': 0.8749999999999999, 'support': 184.0}, 'Malware': {'precision': 0.98, 'recall': 0.9423076923076923, 'f1-score': 0.9607843137254902, 'support': 416.0}, 'Scan': {'precision': 0.95, 'recall': 0.926829268292683, 'f1-score': 0.9382716049382716, 'support': 205.0}, 'WebAttack': {'precision': 0.92, 'recall': 0.9558441558441558, 'f1-score': 0.9375796178343949, 'support': 385.0}, 'accuracy': 0.9380208333333333, 'macro avg': {'precision': 0.9368749999999999, 'recall': 0.9325809293000645, 'f1-score': 0.9339803161694631, 'support': 1920.0}, 'weighted avg': {'precision': 0.9398828125, 'recall': 0.9380208333333333, 'f1-score': 0.9383643204262795, 'support': 1920.0}}","[[181   0   1   3   2   2   0   2]
 [  2 117   0   0   4   1   0  10]
 [  2   0 191   0   1   0   2   2]
 [  3   0   2 194   4   1   0   3]
 [  4   0   0   0 168   1   1  10]
 [  6   2   5   0   7 392   4   0]
 [  1   0   1   3   3   2 190   5]
 [  1   1   0   0  11   1   3 368]]",477.6709747,0.194365501
179,ToN_IoT,3,None,StandardScaler,LGBM,0.927689229,-1,-1,98.45052083,93.33333333,0.885416667,93.73674319,93.43282575,-1,"{'0Normal': {'precision': 0.9061032863849765, 'recall': 0.965, 'f1-score': 0.9346246973365617, 'support': 200.0}, 'BruteForce': {'precision': 0.904, 'recall': 0.9416666666666667, 'f1-score': 0.9224489795918367, 'support': 120.0}, 'DDoS': {'precision': 0.9685863874345549, 'recall': 0.925, 'f1-score': 0.9462915601023018, 'support': 200.0}, 'DoS': {'precision': 1.0, 'recall': 0.93, 'f1-score': 0.9637305699481865, 'support': 200.0}, 'MITM': {'precision': 0.9107981220657277, 'recall': 0.97, 'f1-score': 0.9394673123486683, 'support': 200.0}, 'Malware': {'precision': 0.9357142857142857, 'recall': 0.9825, 'f1-score': 0.9585365853658536, 'support': 400.0}, 'Scan': {'precision': 0.9318181818181818, 'recall': 0.82, 'f1-score': 0.8723404255319149, 'support': 200.0}, 'WebAttack': {'precision': 0.9419191919191919, 'recall': 0.9325, 'f1-score': 0.9371859296482412, 'support': 400.0}, 'accuracy': 0.9380208333333333, 'macro avg': {'precision': 0.9373674319171148, 'recall': 0.9333333333333333, 'f1-score': 0.9343282574841956, 'support': 1920.0}, 'weighted avg': {'precision': 0.9390596805177496, 'recall': 0.9380208333333333, 'f1-score': 0.937642602401138, 'support': 1920.0}}","[[193   0   1   0   3   0   0   3]
 [  1 113   0   0   0   0   1   5]
 [  2   0 185   0   8   4   0   1]
 [  7   0   0 186   0   0   7   0]
 [  1   0   0   0 194   0   3   2]
 [  6   0   0   0   0 393   1   0]
 [  0   0   1   0   0  23 164  12]
 [  3  12   4   0   8   0   0 373]]",7.913048267,0.016723156
23,ToN_IoT,3,poly,QuantileTransformer,HHHv2,0.927167579,-1,-1,98.4375,92.78690998,0.892857143,93.39583333,92.99532082,-1,"{'0Normal': {'precision': 0.9, 'recall': 0.9, 'f1-score': 0.9, 'support': 200.0}, 'BruteForce': {'precision': 0.9416666666666667, 'recall': 0.8828125, 'f1-score': 0.9112903225806451, 'support': 128.0}, 'DDoS': {'precision': 0.975, 'recall': 0.9198113207547169, 'f1-score': 0.9466019417475728, 'support': 212.0}, 'DoS': {'precision': 0.965, 'recall': 0.9146919431279621, 'f1-score': 0.9391727493917275, 'support': 211.0}, 'MITM': {'precision': 0.81, 'recall': 0.9364161849710982, 'f1-score': 0.8686327077747988, 'support': 173.0}, 'Malware': {'precision': 0.975, 'recall': 0.9774436090225563, 'f1-score': 0.9762202753441802, 'support': 399.0}, 'Scan': {'precision': 0.975, 'recall': 0.9330143540669856, 'f1-score': 0.9535452322738386, 'support': 209.0}, 'WebAttack': {'precision': 0.93, 'recall': 0.9587628865979382, 'f1-score': 0.9441624365482233, 'support': 388.0}, 'accuracy': 0.9375, 'macro avg': {'precision': 0.9339583333333334, 'recall': 0.9278690998176571, 'f1-score': 0.9299532082076233, 'support': 1920.0}, 'weighted avg': {'precision': 0.9399053819444444, 'recall': 0.9375, 'f1-score': 0.9379695574457154, 'support': 1920.0}}","[[180   0   0   5   7   3   0   5]
 [  4 113   1   0   4   0   0   6]
 [  2   6 195   0   3   2   1   3]
 [  7   0   2 193   5   1   1   2]
 [  3   0   1   0 162   0   1   6]
 [  1   1   1   1   5 390   0   0]
 [  2   0   0   1   3   2 195   6]
 [  1   0   0   0  11   2   2 372]]",352.2521324,0.386455297
391,ToN_IoT,0,None,MinMaxScaler,RF,0.927131409,-1,-1,98.4375,93.34375,0.892857143,92.93344415,93.05631297,-1,"{'0Normal': {'precision': 0.8967136150234741, 'recall': 0.955, 'f1-score': 0.9249394673123487, 'support': 200.0}, 'BruteForce': {'precision': 0.7720588235294118, 'recall': 0.875, 'f1-score': 0.8203125, 'support': 120.0}, 'DDoS': {'precision': 0.9504950495049505, 'recall': 0.96, 'f1-score': 0.9552238805970149, 'support': 200.0}, 'DoS': {'precision': 1.0, 'recall': 0.97, 'f1-score': 0.9847715736040609, 'support': 200.0}, 'MITM': {'precision': 0.9381443298969072, 'recall': 0.91, 'f1-score': 0.9238578680203046, 'support': 200.0}, 'Malware': {'precision': 0.9588377723970944, 'recall': 0.99, 'f1-score': 0.974169741697417, 'support': 400.0}, 'Scan': {'precision': 0.9838709677419355, 'recall': 0.915, 'f1-score': 0.9481865284974094, 'support': 200.0}, 'WebAttack': {'precision': 0.9345549738219895, 'recall': 0.8925, 'f1-score': 0.9130434782608695, 'support': 400.0}, 'accuracy': 0.9375, 'macro avg': {'precision': 0.9293344414894704, 'recall': 0.9334374999999999, 'f1-score': 0.930563129748678, 'support': 1920.0}, 'weighted avg': {'precision': 0.9395046613253211, 'recall': 0.9375, 'f1-score': 0.9378742977028867, 'support': 1920.0}}","[[191   0   2   0   6   0   1   0]
 [  0 105   0   0   1   0   0  14]
 [  2   0 192   0   1   4   0   1]
 [  6   0   0 194   0   0   0   0]
 [  9   0   2   0 182   0   0   7]
 [  2   0   0   0   0 396   2   0]
 [  1   0   0   0   0  13 183   3]
 [  2  31   6   0   4   0   0 357]]",0.070873737,0.012622595
347,ToN_IoT,2,None,MinMaxScaler,LGBM,0.925147782,-1,-1,98.38541667,94,0.922619048,92.31303833,92.98927491,-1,"{'0Normal': {'precision': 0.8909090909090909, 'recall': 0.98, 'f1-score': 0.9333333333333333, 'support': 200.0}, 'BruteForce': {'precision': 0.7602739726027398, 'recall': 0.925, 'f1-score': 0.8345864661654135, 'support': 120.0}, 'DDoS': {'precision': 0.958974358974359, 'recall': 0.935, 'f1-score': 0.9468354430379747, 'support': 200.0}, 'DoS': {'precision': 0.9948717948717949, 'recall': 0.97, 'f1-score': 0.9822784810126582, 'support': 200.0}, 'MITM': {'precision': 0.9219512195121952, 'recall': 0.945, 'f1-score': 0.9333333333333333, 'support': 200.0}, 'Malware': {'precision': 0.964735516372796, 'recall': 0.9575, 'f1-score': 0.9611041405269762, 'support': 400.0}, 'Scan': {'precision': 0.9211822660098522, 'recall': 0.935, 'f1-score': 0.9280397022332506, 'support': 200.0}, 'WebAttack': {'precision': 0.9721448467966574, 'recall': 0.8725, 'f1-score': 0.9196310935441371, 'support': 400.0}, 'accuracy': 0.9354166666666667, 'macro avg': {'precision': 0.9231303832561857, 'recall': 0.94, 'f1-score': 0.9298927491483846, 'support': 1920.0}, 'weighted avg': {'precision': 0.9393556083518586, 'recall': 0.9354166666666667, 'f1-score': 0.9360461084158359, 'support': 1920.0}}","[[196   0   1   0   2   0   1   0]
 [  7 111   1   0   0   0   0   1]
 [  1   0 187   0   4   4   0   4]
 [  6   0   0 194   0   0   0   0]
 [  4   0   0   1 189   0   2   4]
 [  5   0   0   0   0 383  12   0]
 [  0   1   0   0   1  10 187   1]
 [  1  34   6   0   9   0   1 349]]",1.417816162,0.014102221
1,ToN_IoT,3,None,QuantileTransformer,LDA,0.922349545,-1,-1,98.33333333,93.27083333,0.952380952,92.08456195,92.58869552,-1,"{'0Normal': {'precision': 0.9090909090909091, 'recall': 0.85, 'f1-score': 0.8785529715762274, 'support': 200.0}, 'BruteForce': {'precision': 0.8188405797101449, 'recall': 0.9416666666666667, 'f1-score': 0.875968992248062, 'support': 120.0}, 'DDoS': {'precision': 0.9317073170731708, 'recall': 0.955, 'f1-score': 0.9432098765432099, 'support': 200.0}, 'DoS': {'precision': 0.9371980676328503, 'recall': 0.97, 'f1-score': 0.9533169533169534, 'support': 200.0}, 'MITM': {'precision': 0.9081632653061225, 'recall': 0.89, 'f1-score': 0.8989898989898989, 'support': 200.0}, 'Malware': {'precision': 0.9696969696969697, 'recall': 0.96, 'f1-score': 0.964824120603015, 'support': 400.0}, 'Scan': {'precision': 0.9289099526066351, 'recall': 0.98, 'f1-score': 0.9537712895377128, 'support': 200.0}, 'WebAttack': {'precision': 0.9631578947368421, 'recall': 0.915, 'f1-score': 0.9384615384615383, 'support': 400.0}, 'accuracy': 0.9333333333333333, 'macro avg': {'precision': 0.9208456194817056, 'recall': 0.9327083333333333, 'f1-score': 0.9258869551595772, 'support': 1920.0}, 'weighted avg': {'precision': 0.9345920404586873, 'recall': 0.9333333333333333, 'f1-score': 0.9333326774418695, 'support': 1920.0}}","[[170   3   5   5  10   2   2   3]
 [  1 113   1   0   0   4   1   0]
 [  1   1 191   1   0   4   0   2]
 [  6   0   0 194   0   0   0   0]
 [  3   5   1   4 178   1   0   8]
 [  5   0   0   0   0 384  11   0]
 [  0   1   1   0   1   0 196   1]
 [  1  15   6   3   7   1   1 366]]",0.616849661,0.002622128
354,ToN_IoT,2,None,MinMaxScaler,LGBM,0.918262483,-1,-1,98.22916667,93.55208333,1.011904762,91.69425013,92.30628141,-1,"{'0Normal': {'precision': 0.9112149532710281, 'recall': 0.975, 'f1-score': 0.9420289855072463, 'support': 200.0}, 'BruteForce': {'precision': 0.6707317073170732, 'recall': 0.9166666666666666, 'f1-score': 0.7746478873239437, 'support': 120.0}, 'DDoS': {'precision': 0.9743589743589743, 'recall': 0.95, 'f1-score': 0.9620253164556962, 'support': 200.0}, 'DoS': {'precision': 1.0, 'recall': 0.97, 'f1-score': 0.9847715736040609, 'support': 200.0}, 'MITM': {'precision': 0.9313725490196079, 'recall': 0.95, 'f1-score': 0.9405940594059405, 'support': 200.0}, 'Malware': {'precision': 0.9579207920792079, 'recall': 0.9675, 'f1-score': 0.9626865671641791, 'support': 400.0}, 'Scan': {'precision': 0.9246231155778895, 'recall': 0.92, 'f1-score': 0.9223057644110277, 'support': 200.0}, 'WebAttack': {'precision': 0.9653179190751445, 'recall': 0.835, 'f1-score': 0.8954423592493297, 'support': 400.0}, 'accuracy': 0.9291666666666667, 'macro avg': {'precision': 0.9169425013373658, 'recall': 0.9355208333333334, 'f1-score': 0.923062814140178, 'support': 1920.0}, 'weighted avg': {'precision': 0.9365089623881718, 'recall': 0.9291666666666667, 'f1-score': 0.9304971129797245, 'support': 1920.0}}","[[195   0   1   0   2   0   1   1]
 [  3 110   0   0   1   0   4   2]
 [  2   0 190   0   2   4   0   2]
 [  6   0   0 194   0   0   0   0]
 [  3   2   0   0 190   0   0   5]
 [  3   0   0   0   1 387   9   0]
 [  0   1   0   0   0  13 184   2]
 [  2  51   4   0   8   0   1 334]]",3.617665529,0.024413347
31,ToN_IoT,3,linear,QuantileTransformer,HHHv2,0.918006278,-1,-1,98.2421875,92.05893992,1.004464286,92.53125,92.21708586,-1,"{'0Normal': {'precision': 0.855, 'recall': 0.9144385026737968, 'f1-score': 0.8837209302325582, 'support': 187.0}, 'BruteForce': {'precision': 0.925, 'recall': 0.8740157480314961, 'f1-score': 0.8987854251012146, 'support': 127.0}, 'DDoS': {'precision': 0.94, 'recall': 0.94, 'f1-score': 0.94, 'support': 200.0}, 'DoS': {'precision': 0.97, 'recall': 0.9107981220657277, 'f1-score': 0.9394673123486683, 'support': 213.0}, 'MITM': {'precision': 0.87, 'recall': 0.9405405405405406, 'f1-score': 0.903896103896104, 'support': 185.0}, 'Malware': {'precision': 0.9575, 'recall': 0.9623115577889447, 'f1-score': 0.9598997493734336, 'support': 398.0}, 'Scan': {'precision': 0.95, 'recall': 0.8636363636363636, 'f1-score': 0.9047619047619048, 'support': 220.0}, 'WebAttack': {'precision': 0.935, 'recall': 0.958974358974359, 'f1-score': 0.9468354430379747, 'support': 390.0}, 'accuracy': 0.9296875, 'macro avg': {'precision': 0.9253125, 'recall': 0.9205893992139035, 'f1-score': 0.9221708585939823, 'support': 1920.0}, 'weighted avg': {'precision': 0.9310703124999999, 'recall': 0.9296875, 'f1-score': 0.9297304280080437, 'support': 1920.0}}","[[171   1   1   6   2   3   0   3]
 [  4 111   1   0   3   0   2   6]
 [  6   0 188   0   2   0   0   4]
 [  4   0   3 194   8   2   0   2]
 [  2   0   1   0 174   0   2   6]
 [  0   2   4   0   3 383   4   2]
 [  6   6   0   0   3  12 190   3]
 [  7   0   2   0   5   0   2 374]]",52.16201854,0.11572504
7,ToN_IoT,3,None,QuantileTransformer,HHHv2,0.917502986,-1,-1,98.22916667,91.75315261,1.011904762,92.77083333,92.15488047,-1,"{'0Normal': {'precision': 0.84, 'recall': 0.8842105263157894, 'f1-score': 0.8615384615384616, 'support': 190.0}, 'BruteForce': {'precision': 0.9666666666666667, 'recall': 0.8529411764705882, 'f1-score': 0.90625, 'support': 136.0}, 'DDoS': {'precision': 0.955, 'recall': 0.9362745098039216, 'f1-score': 0.9455445544554456, 'support': 204.0}, 'DoS': {'precision': 0.97, 'recall': 0.9371980676328503, 'f1-score': 0.9533169533169534, 'support': 207.0}, 'MITM': {'precision': 0.86, 'recall': 0.9347826086956522, 'f1-score': 0.8958333333333334, 'support': 184.0}, 'Malware': {'precision': 0.96, 'recall': 0.9696969696969697, 'f1-score': 0.964824120603015, 'support': 396.0}, 'Scan': {'precision': 0.945, 'recall': 0.8590909090909091, 'f1-score': 0.9, 'support': 220.0}, 'WebAttack': {'precision': 0.925, 'recall': 0.9660574412532638, 'f1-score': 0.9450830140485313, 'support': 383.0}, 'accuracy': 0.9291666666666667, 'macro avg': {'precision': 0.9277083333333334, 'recall': 0.917531526119993, 'f1-score': 0.9215488046619675, 'support': 1920.0}, 'weighted avg': {'precision': 0.9308602430555555, 'recall': 0.9291666666666667, 'f1-score': 0.9291877529221577, 'support': 1920.0}}","[[168   1   2   6   3   4   0   6]
 [  3 116   0   0   6   0   4   7]
 [  6   0 191   0   2   0   0   5]
 [  8   0   1 194   4   0   0   0]
 [  3   0   0   0 172   0   2   7]
 [  1   1   4   0   1 384   4   1]
 [  7   2   2   0   4  12 189   4]
 [  4   0   0   0   8   0   1 370]]",10.03713369,0.086336613
0,ToN_IoT,3,None,QuantileTransformer,KNN,0.912385284,-1,-1,98.11197917,92.39583333,1.078869048,91.42960758,91.67687993,-1,"{'0Normal': {'precision': 0.8727272727272727, 'recall': 0.96, 'f1-score': 0.9142857142857144, 'support': 200.0}, 'BruteForce': {'precision': 0.7333333333333333, 'recall': 0.9166666666666666, 'f1-score': 0.8148148148148148, 'support': 120.0}, 'DDoS': {'precision': 0.95, 'recall': 0.95, 'f1-score': 0.9500000000000001, 'support': 200.0}, 'DoS': {'precision': 0.9797979797979798, 'recall': 0.97, 'f1-score': 0.9748743718592964, 'support': 200.0}, 'MITM': {'precision': 0.9282051282051282, 'recall': 0.905, 'f1-score': 0.9164556962025316, 'support': 200.0}, 'Malware': {'precision': 0.9427207637231504, 'recall': 0.9875, 'f1-score': 0.9645909645909647, 'support': 400.0}, 'Scan': {'precision': 0.9545454545454546, 'recall': 0.84, 'f1-score': 0.8936170212765958, 'support': 200.0}, 'WebAttack': {'precision': 0.9530386740331491, 'recall': 0.8625, 'f1-score': 0.9055118110236221, 'support': 400.0}, 'accuracy': 0.9244791666666666, 'macro avg': {'precision': 0.9142960757956835, 'recall': 0.9239583333333333, 'f1-score': 0.9167687992566925, 'support': 1920.0}, 'weighted avg': {'precision': 0.9288327823737952, 'recall': 0.9244791666666666, 'f1-score': 0.9248257545564792, 'support': 1920.0}}","[[192   0   2   0   2   0   2   2]
 [  5 110   0   0   0   2   2   1]
 [  2   0 190   0   1   4   0   3]
 [  6   0   0 194   0   0   0   0]
 [ 10   0   0   0 181   0   0   9]
 [  1   0   0   0   0 395   4   0]
 [  4   3   3   4   0  16 168   2]
 [  0  37   5   0  11   2   0 345]]",0.0017066,0.084100962
320,ToN_IoT,3,None,MinMaxScaler,RF,0.911621711,-1,-1,98.09895833,93.44791667,1.086309524,91.79425009,92.46036786,-1,"{'0Normal': {'precision': 0.9326923076923077, 'recall': 0.97, 'f1-score': 0.9509803921568627, 'support': 200.0}, 'BruteForce': {'precision': 0.7466666666666667, 'recall': 0.9333333333333333, 'f1-score': 0.8296296296296296, 'support': 120.0}, 'DDoS': {'precision': 0.9033816425120773, 'recall': 0.935, 'f1-score': 0.9189189189189189, 'support': 200.0}, 'DoS': {'precision': 0.9948717948717949, 'recall': 0.97, 'f1-score': 0.9822784810126582, 'support': 200.0}, 'MITM': {'precision': 0.9368932038834952, 'recall': 0.965, 'f1-score': 0.9507389162561576, 'support': 200.0}, 'Malware': {'precision': 0.9635416666666666, 'recall': 0.925, 'f1-score': 0.943877551020408, 'support': 400.0}, 'Scan': {'precision': 0.9739583333333334, 'recall': 0.935, 'f1-score': 0.9540816326530612, 'support': 200.0}, 'WebAttack': {'precision': 0.8915343915343915, 'recall': 0.8425, 'f1-score': 0.8663239074550129, 'support': 400.0}, 'accuracy': 0.9239583333333333, 'macro avg': {'precision': 0.9179425008950917, 'recall': 0.9344791666666667, 'f1-score': 0.9246036786378387, 'support': 1920.0}, 'weighted avg': {'precision': 0.9270780623640756, 'recall': 0.9239583333333333, 'f1-score': 0.9244978162214873, 'support': 1920.0}}","[[194   0   2   0   3   0   1   0]
 [  0 112   1   0   0   0   0   7]
 [  1   0 187   0   1   4   0   7]
 [  6   0   0 194   0   0   0   0]
 [  2   1   1   0 193   0   0   3]
 [  5   0   0   0   0 370   4  21]
 [  0   0   0   0   0  10 187   3]
 [  0  37  16   1   9   0   0 337]]",0.930099726,0.045197964
62,ToN_IoT,2,poly,QuantileTransformer,HHHv2,0.911442829,-1,-1,98.09895833,91.10240322,1.086309524,91.92708333,91.35821334,-1,"{'0Normal': {'precision': 0.85, 'recall': 0.9139784946236559, 'f1-score': 0.8808290155440415, 'support': 186.0}, 'BruteForce': {'precision': 0.9416666666666667, 'recall': 0.8188405797101449, 'f1-score': 0.875968992248062, 'support': 138.0}, 'DDoS': {'precision': 0.97, 'recall': 0.9371980676328503, 'f1-score': 0.9533169533169534, 'support': 207.0}, 'DoS': {'precision': 0.975, 'recall': 0.8944954128440367, 'f1-score': 0.9330143540669856, 'support': 218.0}, 'MITM': {'precision': 0.765, 'recall': 0.884393063583815, 'f1-score': 0.8203753351206433, 'support': 173.0}, 'Malware': {'precision': 0.975, 'recall': 0.9629629629629629, 'f1-score': 0.9689440993788819, 'support': 405.0}, 'Scan': {'precision': 0.96, 'recall': 0.9230769230769231, 'f1-score': 0.9411764705882353, 'support': 208.0}, 'WebAttack': {'precision': 0.9175, 'recall': 0.9532467532467532, 'f1-score': 0.935031847133758, 'support': 385.0}, 'accuracy': 0.9239583333333333, 'macro avg': {'precision': 0.9192708333333333, 'recall': 0.9110240322101427, 'f1-score': 0.9135821334246952, 'support': 1920.0}, 'weighted avg': {'precision': 0.9278789062499999, 'recall': 0.9239583333333333, 'f1-score': 0.9247661023946899, 'support': 1920.0}}","[[170   0   1   2   8   1   0   4]
 [  3 113   1   2  11   0   1   7]
 [  2   0 194   0   6   0   1   4]
 [  7   1   3 195   5   2   1   4]
 [  5   0   1   0 153   3   1  10]
 [  6   0   0   0   4 390   3   2]
 [  3   6   0   0   3   2 192   2]
 [  4   0   0   1  10   2   1 367]]",231.5942621,0.171153784
368,ToN_IoT,2,None,MinMaxScaler,LGBM,0.909717762,-1,-1,98.046875,92.47916667,1.116071429,91.70279711,91.75535259,-1,"{'0Normal': {'precision': 0.8834080717488789, 'recall': 0.985, 'f1-score': 0.9314420803782506, 'support': 200.0}, 'BruteForce': {'precision': 0.7887323943661971, 'recall': 0.9333333333333333, 'f1-score': 0.8549618320610686, 'support': 120.0}, 'DDoS': {'precision': 0.9685863874345549, 'recall': 0.925, 'f1-score': 0.9462915601023018, 'support': 200.0}, 'DoS': {'precision': 0.9897435897435898, 'recall': 0.965, 'f1-score': 0.9772151898734178, 'support': 200.0}, 'MITM': {'precision': 0.8464912280701754, 'recall': 0.965, 'f1-score': 0.9018691588785046, 'support': 200.0}, 'Malware': {'precision': 0.9178403755868545, 'recall': 0.9775, 'f1-score': 0.9467312348668281, 'support': 400.0}, 'Scan': {'precision': 0.975609756097561, 'recall': 0.8, 'f1-score': 0.8791208791208791, 'support': 200.0}, 'WebAttack': {'precision': 0.9658119658119658, 'recall': 0.8475, 'f1-score': 0.9027962716378163, 'support': 400.0}, 'accuracy': 0.921875, 'macro avg': {'precision': 0.9170279711074723, 'recall': 0.9247916666666667, 'f1-score': 0.9175535258648833, 'support': 1920.0}, 'weighted avg': {'precision': 0.9275399117200124, 'recall': 0.921875, 'f1-score': 0.9216636438124254, 'support': 1920.0}}","[[197   0   1   0   1   0   1   0]
 [  2 112   1   0   0   0   0   5]
 [  2   0 185   0   7   4   0   2]
 [  7   0   0 193   0   0   0   0]
 [  4   0   1   1 193   0   0   1]
 [  6   0   0   0   0 391   3   0]
 [  2   1   0   1   1  31 160   4]
 [  3  29   3   0  26   0   0 339]]",1.741707563,0.013000965
48,ToN_IoT,2,None,QuantileTransformer,LDA,0.908315593,-1,-1,98.03385417,91.96875,1.123511905,90.98811601,91.42066236,-1,"{'0Normal': {'precision': 0.9014778325123153, 'recall': 0.915, 'f1-score': 0.9081885856079405, 'support': 200.0}, 'BruteForce': {'precision': 0.8283582089552238, 'recall': 0.925, 'f1-score': 0.8740157480314962, 'support': 120.0}, 'DDoS': {'precision': 0.9082125603864735, 'recall': 0.94, 'f1-score': 0.9238329238329238, 'support': 200.0}, 'DoS': {'precision': 0.9603960396039604, 'recall': 0.97, 'f1-score': 0.9651741293532338, 'support': 200.0}, 'MITM': {'precision': 0.8947368421052632, 'recall': 0.85, 'f1-score': 0.8717948717948718, 'support': 200.0}, 'Malware': {'precision': 0.9503722084367245, 'recall': 0.9575, 'f1-score': 0.9539227895392279, 'support': 400.0}, 'Scan': {'precision': 0.8780487804878049, 'recall': 0.9, 'f1-score': 0.888888888888889, 'support': 200.0}, 'WebAttack': {'precision': 0.9574468085106383, 'recall': 0.9, 'f1-score': 0.9278350515463918, 'support': 400.0}, 'accuracy': 0.9213541666666667, 'macro avg': {'precision': 0.9098811601248005, 'recall': 0.9196875, 'f1-score': 0.9142066235743719, 'support': 1920.0}, 'weighted avg': {'precision': 0.9224505223295497, 'recall': 0.9213541666666667, 'f1-score': 0.9214379719237497, 'support': 1920.0}}","[[183   0   1   2  10   2   2   0]
 [  1 111   0   0   0   2   6   0]
 [  2   3 188   0   1   4   1   1]
 [  6   0   0 194   0   0   0   0]
 [  8   1   4   2 170   1   2  12]
 [  2   0   1   0   0 383  14   0]
 [  0   1   2   4   0  10 180   3]
 [  1  18  11   0   9   1   0 360]]",0.043497086,0.001077414
56,ToN_IoT,2,None,QuantileTransformer,LDA,0.906715554,-1,-1,97.99479167,92.03125,1.145833333,90.6283526,91.19914852,-1,"{'0Normal': {'precision': 0.9154228855721394, 'recall': 0.92, 'f1-score': 0.9177057356608479, 'support': 200.0}, 'BruteForce': {'precision': 0.7655172413793103, 'recall': 0.925, 'f1-score': 0.8377358490566038, 'support': 120.0}, 'DDoS': {'precision': 0.9082125603864735, 'recall': 0.94, 'f1-score': 0.9238329238329238, 'support': 200.0}, 'DoS': {'precision': 0.9509803921568627, 'recall': 0.97, 'f1-score': 0.9603960396039604, 'support': 200.0}, 'MITM': {'precision': 0.9153439153439153, 'recall': 0.865, 'f1-score': 0.8894601542416453, 'support': 200.0}, 'Malware': {'precision': 0.9527363184079602, 'recall': 0.9575, 'f1-score': 0.9551122194513716, 'support': 400.0}, 'Scan': {'precision': 0.8829268292682927, 'recall': 0.905, 'f1-score': 0.8938271604938272, 'support': 200.0}, 'WebAttack': {'precision': 0.9591280653950953, 'recall': 0.88, 'f1-score': 0.9178617992177314, 'support': 400.0}, 'accuracy': 0.9197916666666667, 'macro avg': {'precision': 0.9062835259887562, 'recall': 0.9203125, 'f1-score': 0.9119914851948638, 'support': 1920.0}, 'weighted avg': {'precision': 0.9224922599126439, 'recall': 0.9197916666666667, 'f1-score': 0.9201887042297263, 'support': 1920.0}}","[[184   0   1   3   6   2   2   2]
 [  1 111   0   0   0   2   6   0]
 [  2   4 188   0   1   4   1   0]
 [  6   0   0 194   0   0   0   0]
 [  6   2   4   3 173   1   1  10]
 [  2   0   1   0   0 383  14   0]
 [  0   1   2   4   0   9 181   3]
 [  0  27  11   0   9   1   0 352]]",0.058208227,0.00132823
369,ToN_IoT,2,None,MinMaxScaler,RF,0.905009826,-1,-1,97.94270833,92.51041667,1.175595238,90.83023044,91.29569502,-1,"{'0Normal': {'precision': 0.9198113207547169, 'recall': 0.975, 'f1-score': 0.9466019417475728, 'support': 200.0}, 'BruteForce': {'precision': 0.6449704142011834, 'recall': 0.9083333333333333, 'f1-score': 0.7543252595155711, 'support': 120.0}, 'DDoS': {'precision': 0.9121951219512195, 'recall': 0.935, 'f1-score': 0.9234567901234569, 'support': 200.0}, 'DoS': {'precision': 1.0, 'recall': 0.97, 'f1-score': 0.9847715736040609, 'support': 200.0}, 'MITM': {'precision': 0.9303482587064676, 'recall': 0.935, 'f1-score': 0.9326683291770573, 'support': 200.0}, 'Malware': {'precision': 0.9536585365853658, 'recall': 0.9775, 'f1-score': 0.9654320987654321, 'support': 400.0}, 'Scan': {'precision': 0.9836956521739131, 'recall': 0.905, 'f1-score': 0.9427083333333334, 'support': 200.0}, 'WebAttack': {'precision': 0.9217391304347826, 'recall': 0.795, 'f1-score': 0.8536912751677853, 'support': 400.0}, 'accuracy': 0.9177083333333333, 'macro avg': {'precision': 0.9083023043509562, 'recall': 0.9251041666666666, 'f1-score': 0.9129569501792837, 'support': 1920.0}, 'weighted avg': {'precision': 0.9253987433486797, 'recall': 0.9177083333333333, 'f1-score': 0.9188592574542978, 'support': 1920.0}}","[[195   0   1   0   3   0   1   0]
 [  0 109   0   0   0   0   0  11]
 [  1   0 187   0   1   4   0   7]
 [  6   0   0 194   0   0   0   0]
 [  6   1   3   0 187   0   0   3]
 [  2   0   0   0   2 391   2   3]
 [  1   0   0   0   0  15 181   3]
 [  1  59  14   0   8   0   0 318]]",0.13698411,0.014083624
215,ToN_IoT,2,None,StandardScaler,RF,0.903439714,-1,-1,97.91666667,91.23958333,1.19047619,91.40743544,90.94158719,-1,"{'0Normal': {'precision': 0.9065420560747663, 'recall': 0.97, 'f1-score': 0.9371980676328503, 'support': 200.0}, 'BruteForce': {'precision': 0.738255033557047, 'recall': 0.9166666666666666, 'f1-score': 0.8178438661710038, 'support': 120.0}, 'DDoS': {'precision': 0.9130434782608695, 'recall': 0.945, 'f1-score': 0.9287469287469287, 'support': 200.0}, 'DoS': {'precision': 0.9847715736040609, 'recall': 0.97, 'f1-score': 0.9773299748110831, 'support': 200.0}, 'MITM': {'precision': 0.9560439560439561, 'recall': 0.87, 'f1-score': 0.9109947643979057, 'support': 200.0}, 'Malware': {'precision': 0.8856502242152466, 'recall': 0.9875, 'f1-score': 0.933806146572104, 'support': 400.0}, 'Scan': {'precision': 0.9743589743589743, 'recall': 0.76, 'f1-score': 0.853932584269663, 'support': 200.0}, 'WebAttack': {'precision': 0.9539295392953929, 'recall': 0.88, 'f1-score': 0.9154746423927178, 'support': 400.0}, 'accuracy': 0.9166666666666666, 'macro avg': {'precision': 0.9140743544262893, 'recall': 0.9123958333333333, 'f1-score': 0.909415871874282, 'support': 1920.0}, 'weighted avg': {'precision': 0.9225908943227222, 'recall': 0.9166666666666666, 'f1-score': 0.9164031476552789, 'support': 1920.0}}","[[194   0   2   1   2   0   1   0]
 [  1 110   5   0   0   4   0   0]
 [  2   1 189   0   1   4   0   3]
 [  6   0   0 194   0   0   0   0]
 [  9   0   4   2 174   0   0  11]
 [  1   0   0   0   1 395   3   0]
 [  0   3   1   0   0  41 152   3]
 [  1  35   6   0   4   2   0 352]]",0.139536381,0.015155315
88,ToN_IoT,0,None,QuantileTransformer,MLP,0.901568183,-1,-1,97.86458333,92.4375,1.220238095,91.24831463,91.57649671,-1,"{'0Normal': {'precision': 0.912621359223301, 'recall': 0.94, 'f1-score': 0.9261083743842364, 'support': 200.0}, 'BruteForce': {'precision': 0.9327731092436975, 'recall': 0.925, 'f1-score': 0.9288702928870293, 'support': 120.0}, 'DDoS': {'precision': 0.9543147208121827, 'recall': 0.94, 'f1-score': 0.947103274559194, 'support': 200.0}, 'DoS': {'precision': 0.9948453608247423, 'recall': 0.965, 'f1-score': 0.9796954314720813, 'support': 200.0}, 'MITM': {'precision': 0.8272727272727273, 'recall': 0.91, 'f1-score': 0.8666666666666667, 'support': 200.0}, 'Malware': {'precision': 0.9716713881019831, 'recall': 0.8575, 'f1-score': 0.9110225763612217, 'support': 400.0}, 'Scan': {'precision': 0.7413127413127413, 'recall': 0.96, 'f1-score': 0.8366013071895425, 'support': 200.0}, 'WebAttack': {'precision': 0.9650537634408602, 'recall': 0.8975, 'f1-score': 0.9300518134715026, 'support': 400.0}, 'accuracy': 0.9145833333333333, 'macro avg': {'precision': 0.9124831462790295, 'recall': 0.924375, 'f1-score': 0.9157649671239343, 'support': 1920.0}, 'weighted avg': {'precision': 0.9232792789664167, 'recall': 0.9145833333333333, 'f1-score': 0.9162131260072279, 'support': 1920.0}}","[[188   0   0   1   5   2   3   1]
 [  1 111   0   0   0   2   6   0]
 [  2   3 188   0   2   4   1   0]
 [  6   1   0 193   0   0   0   0]
 [  5   0   2   0 182   0   1  10]
 [  3   0   0   0   0 343  54   0]
 [  1   3   1   0   0   1 192   2]
 [  0   1   6   0  31   1   2 359]]",1.116962433,0.000885248
327,ToN_IoT,3,None,MinMaxScaler,RF,0.897686118,-1,-1,97.76041667,92.08333333,1.279761905,90.16495157,90.38804346,-1,"{'0Normal': {'precision': 0.8894009216589862, 'recall': 0.965, 'f1-score': 0.9256594724220625, 'support': 200.0}, 'BruteForce': {'precision': 0.5794871794871795, 'recall': 0.9416666666666667, 'f1-score': 0.7174603174603175, 'support': 120.0}, 'DDoS': {'precision': 0.95, 'recall': 0.95, 'f1-score': 0.9500000000000001, 'support': 200.0}, 'DoS': {'precision': 0.9946236559139785, 'recall': 0.925, 'f1-score': 0.9585492227979274, 'support': 200.0}, 'MITM': {'precision': 0.9043062200956937, 'recall': 0.945, 'f1-score': 0.9242053789731052, 'support': 200.0}, 'Malware': {'precision': 0.9585365853658536, 'recall': 0.9825, 'f1-score': 0.9703703703703704, 'support': 400.0}, 'Scan': {'precision': 0.9834254143646409, 'recall': 0.89, 'f1-score': 0.9343832020997376, 'support': 200.0}, 'WebAttack': {'precision': 0.953416149068323, 'recall': 0.7675, 'f1-score': 0.8504155124653738, 'support': 400.0}, 'accuracy': 0.9104166666666667, 'macro avg': {'precision': 0.9016495157443319, 'recall': 0.9208333333333334, 'f1-score': 0.9038804345736118, 'support': 1920.0}, 'weighted avg': {'precision': 0.9263910404785375, 'recall': 0.9104166666666667, 'f1-score': 0.9130047117125533, 'support': 1920.0}}","[[193   0   1   0   4   0   1   1]
 [  3 113   1   0   0   0   0   3]
 [  3   0 190   0   1   4   0   2]
 [ 11   0   0 185   4   0   0   0]
 [  2   1   3   0 189   0   0   5]
 [  4   0   0   0   1 393   2   0]
 [  1   3   1   0   0  13 178   4]
 [  0  78   4   1  10   0   0 307]]",0.69523859,0.070285559
326,ToN_IoT,3,None,MinMaxScaler,LGBM,0.897389722,-1,-1,97.7734375,91.55208333,1.272321429,89.9985076,90.28879025,-1,"{'0Normal': {'precision': 0.8699551569506726, 'recall': 0.97, 'f1-score': 0.9172576832151299, 'support': 200.0}, 'BruteForce': {'precision': 0.6807228915662651, 'recall': 0.9416666666666667, 'f1-score': 0.7902097902097902, 'support': 120.0}, 'DDoS': {'precision': 0.9346733668341709, 'recall': 0.93, 'f1-score': 0.9323308270676693, 'support': 200.0}, 'DoS': {'precision': 0.9888888888888889, 'recall': 0.89, 'f1-score': 0.9368421052631579, 'support': 200.0}, 'MITM': {'precision': 0.8603603603603603, 'recall': 0.955, 'f1-score': 0.9052132701421801, 'support': 200.0}, 'Malware': {'precision': 0.9493975903614458, 'recall': 0.985, 'f1-score': 0.9668711656441717, 'support': 400.0}, 'Scan': {'precision': 0.96, 'recall': 0.84, 'f1-score': 0.896, 'support': 200.0}, 'WebAttack': {'precision': 0.9558823529411765, 'recall': 0.8125, 'f1-score': 0.8783783783783784, 'support': 400.0}, 'accuracy': 0.9109375, 'macro avg': {'precision': 0.8999850759878725, 'recall': 0.9155208333333333, 'f1-score': 0.9028879024900598, 'support': 1920.0}, 'weighted avg': {'precision': 0.9200907702686558, 'recall': 0.9109375, 'f1-score': 0.9116946716519908, 'support': 1920.0}}","[[194   0   1   0   3   0   0   2]
 [  0 113   7   0   0   0   0   0]
 [  1   0 186   0   8   4   0   1]
 [ 21   0   0 178   1   0   0   0]
 [  2   1   0   1 191   0   4   1]
 [  3   0   0   0   1 394   2   0]
 [  1   1   1   0   1  17 168  11]
 [  1  51   4   1  17   0   1 325]]",15.28834772,0.01715827
355,ToN_IoT,2,None,MinMaxScaler,RF,0.896087775,-1,-1,97.70833333,92.48958333,1.30952381,90.06416509,90.40067442,-1,"{'0Normal': {'precision': 0.919431279620853, 'recall': 0.97, 'f1-score': 0.9440389294403893, 'support': 200.0}, 'BruteForce': {'precision': 0.5458937198067633, 'recall': 0.9416666666666667, 'f1-score': 0.6911314984709479, 'support': 120.0}, 'DDoS': {'precision': 0.9227053140096618, 'recall': 0.955, 'f1-score': 0.9385749385749386, 'support': 200.0}, 'DoS': {'precision': 1.0, 'recall': 0.97, 'f1-score': 0.9847715736040609, 'support': 200.0}, 'MITM': {'precision': 0.925, 'recall': 0.925, 'f1-score': 0.925, 'support': 200.0}, 'Malware': {'precision': 0.9705159705159705, 'recall': 0.9875, 'f1-score': 0.9789343246592317, 'support': 400.0}, 'Scan': {'precision': 0.9842931937172775, 'recall': 0.94, 'f1-score': 0.9616368286445013, 'support': 200.0}, 'WebAttack': {'precision': 0.9372937293729373, 'recall': 0.71, 'f1-score': 0.8079658605974395, 'support': 400.0}, 'accuracy': 0.9083333333333333, 'macro avg': {'precision': 0.900641650880433, 'recall': 0.9248958333333333, 'f1-score': 0.9040067442489386, 'support': 1920.0}, 'weighted avg': {'precision': 0.9265193144801737, 'recall': 0.9083333333333333, 'f1-score': 0.9106772437353959, 'support': 1920.0}}","[[194   0   0   0   4   0   1   1]
 [  0 113   0   0   0   0   0   7]
 [  2   0 191   0   0   4   0   3]
 [  6   0   0 194   0   0   0   0]
 [  7   1   1   0 185   0   0   6]
 [  2   0   0   0   1 395   2   0]
 [  0   0   1   0   1   8 188   2]
 [  0  93  14   0   9   0   0 284]]",0.328172445,0.021960735
194,ToN_IoT,2,None,StandardScaler,RF,0.896003012,-1,-1,97.72135417,92.17708333,1.302083333,90.05161122,90.28324579,-1,"{'0Normal': {'precision': 0.8778280542986425, 'recall': 0.97, 'f1-score': 0.9216152019002375, 'support': 200.0}, 'BruteForce': {'precision': 0.58, 'recall': 0.9666666666666667, 'f1-score': 0.725, 'support': 120.0}, 'DDoS': {'precision': 0.8772727272727273, 'recall': 0.965, 'f1-score': 0.919047619047619, 'support': 200.0}, 'DoS': {'precision': 0.9797979797979798, 'recall': 0.97, 'f1-score': 0.9748743718592964, 'support': 200.0}, 'MITM': {'precision': 0.9771428571428571, 'recall': 0.855, 'f1-score': 0.9119999999999999, 'support': 200.0}, 'Malware': {'precision': 0.9616368286445013, 'recall': 0.94, 'f1-score': 0.9506953223767383, 'support': 400.0}, 'Scan': {'precision': 0.9837837837837838, 'recall': 0.91, 'f1-score': 0.9454545454545455, 'support': 200.0}, 'WebAttack': {'precision': 0.9666666666666667, 'recall': 0.7975, 'f1-score': 0.8739726027397261, 'support': 400.0}, 'accuracy': 0.9088541666666666, 'macro avg': {'precision': 0.9005161122008949, 'recall': 0.9217708333333333, 'f1-score': 0.9028324579222704, 'support': 1920.0}, 'weighted avg': {'precision': 0.9271283742623256, 'recall': 0.9088541666666666, 'f1-score': 0.9122216238015236, 'support': 1920.0}}","[[194   0   2   1   2   0   1   0]
 [  0 116   3   0   0   0   0   1]
 [  2   0 193   0   0   4   0   1]
 [  6   0   0 194   0   0   0   0]
 [ 14   1   5   3 171   0   0   6]
 [  3  19   0   0   0 376   2   0]
 [  0   3   1   0   0  11 182   3]
 [  2  61  16   0   2   0   0 319]]",0.151254892,0.017011166
18,ToN_IoT,3,None,QuantileTransformer,MLP,0.893288571,-1,-1,97.70833333,87.40625,1.30952381,92.17869222,88.94887356,-1,"{'0Normal': {'precision': 0.8862559241706162, 'recall': 0.935, 'f1-score': 0.9099756690997567, 'support': 200.0}, 'BruteForce': {'precision': 0.9130434782608695, 'recall': 0.525, 'f1-score': 0.6666666666666667, 'support': 120.0}, 'DDoS': {'precision': 0.9043062200956937, 'recall': 0.945, 'f1-score': 0.9242053789731052, 'support': 200.0}, 'DoS': {'precision': 1.0, 'recall': 0.97, 'f1-score': 0.9847715736040609, 'support': 200.0}, 'MITM': {'precision': 0.9585798816568047, 'recall': 0.81, 'f1-score': 0.8780487804878049, 'support': 200.0}, 'Malware': {'precision': 0.9228971962616822, 'recall': 0.9875, 'f1-score': 0.9541062801932368, 'support': 400.0}, 'Scan': {'precision': 0.9613259668508287, 'recall': 0.87, 'f1-score': 0.9133858267716535, 'support': 200.0}, 'WebAttack': {'precision': 0.8278867102396514, 'recall': 0.95, 'f1-score': 0.8847497089639116, 'support': 400.0}, 'accuracy': 0.9083333333333333, 'macro avg': {'precision': 0.9217869221920183, 'recall': 0.8740625, 'f1-score': 0.8894887355950245, 'support': 1920.0}, 'weighted avg': {'precision': 0.9124856138263681, 'recall': 0.9083333333333333, 'f1-score': 0.9050103340886123, 'support': 1920.0}}","[[187   1   1   0   2   2   3   4]
 [  1  63   0   0   0   8   0  48]
 [  3   0 189   0   2   5   0   1]
 [  6   0   0 194   0   0   0   0]
 [ 11   0   2   0 162   0   1  24]
 [  2   0   0   0   0 395   3   0]
 [  1   3   4   0   0  16 174   2]
 [  0   2  13   0   3   2   0 380]]",8.279603243,0.005038977
406,ToN_IoT,0,None,MinMaxScaler,RF,0.89249319,-1,-1,97.64322917,91.77083333,1.34672619,89.44925945,89.85435348,-1,"{'0Normal': {'precision': 0.8376068376068376, 'recall': 0.98, 'f1-score': 0.9032258064516129, 'support': 200.0}, 'BruteForce': {'precision': 0.5699481865284974, 'recall': 0.9166666666666666, 'f1-score': 0.7028753993610224, 'support': 120.0}, 'DDoS': {'precision': 0.9458128078817734, 'recall': 0.96, 'f1-score': 0.9528535980148883, 'support': 200.0}, 'DoS': {'precision': 1.0, 'recall': 0.97, 'f1-score': 0.9847715736040609, 'support': 200.0}, 'MITM': {'precision': 0.9382022471910112, 'recall': 0.835, 'f1-score': 0.8835978835978836, 'support': 200.0}, 'Malware': {'precision': 0.9797979797979798, 'recall': 0.97, 'f1-score': 0.9748743718592964, 'support': 400.0}, 'Scan': {'precision': 0.9411764705882353, 'recall': 0.96, 'f1-score': 0.9504950495049505, 'support': 200.0}, 'WebAttack': {'precision': 0.9433962264150944, 'recall': 0.75, 'f1-score': 0.8356545961002785, 'support': 400.0}, 'accuracy': 0.9057291666666667, 'macro avg': {'precision': 0.8944925945011786, 'recall': 0.9177083333333332, 'f1-score': 0.8985435348117491, 'support': 1920.0}, 'weighted avg': {'precision': 0.9219953841261568, 'recall': 0.9057291666666667, 'f1-score': 0.908096571532204, 'support': 1920.0}}","[[196   0   0   0   2   0   1   1]
 [  1 110   0   0   0   0   0   9]
 [  2   0 192   0   1   4   0   1]
 [  6   0   0 194   0   0   0   0]
 [ 24   0   3   0 167   0   1   5]
 [  2   0   0   0   0 388  10   0]
 [  1   0   0   0   1   4 192   2]
 [  2  83   8   0   7   0   0 300]]",0.068940163,0.011697054
99,ToN_IoT,0,poly,QuantileTransformer,HHHv2,0.891807503,-1,-1,97.65625,90.70036016,1.339285714,91.42708333,90.73858016,-1,"{'0Normal': {'precision': 0.88, 'recall': 0.9565217391304348, 'f1-score': 0.9166666666666666, 'support': 184.0}, 'BruteForce': {'precision': 0.9416666666666667, 'recall': 0.889763779527559, 'f1-score': 0.9149797570850202, 'support': 127.0}, 'DDoS': {'precision': 0.94, 'recall': 0.9494949494949495, 'f1-score': 0.9447236180904524, 'support': 198.0}, 'DoS': {'precision': 0.965, 'recall': 0.946078431372549, 'f1-score': 0.9554455445544553, 'support': 204.0}, 'MITM': {'precision': 0.86, 'recall': 0.9197860962566845, 'f1-score': 0.8888888888888888, 'support': 187.0}, 'Malware': {'precision': 0.85, 'recall': 0.9418282548476454, 'f1-score': 0.8935611038107754, 'support': 361.0}, 'Scan': {'precision': 0.965, 'recall': 0.706959706959707, 'f1-score': 0.8160676532769555, 'support': 273.0}, 'WebAttack': {'precision': 0.9125, 'recall': 0.9455958549222798, 'f1-score': 0.9287531806615776, 'support': 386.0}, 'accuracy': 0.90625, 'macro avg': {'precision': 0.9142708333333334, 'recall': 0.9070036015639762, 'f1-score': 0.907385801629349, 'support': 1920.0}, 'weighted avg': {'precision': 0.9103289930555555, 'recall': 0.90625, 'f1-score': 0.9046449172215482, 'support': 1920.0}}","[[176   0   0   3   2   0   0   3]
 [  1 113   0   0   4   0   0   9]
 [  4   0 188   0   4   0   1   1]
 [  1   0   2 193   1   1   1   5]
 [  4   0   0   0 172   1   0  10]
 [  5   0   7   0   2 340   4   3]
 [  6   1   0   4   7  58 193   4]
 [  3   6   3   0   8   0   1 365]]",7.198513746,0.055634499
313,ToN_IoT,3,None,MinMaxScaler,RF,0.891543137,-1,-1,97.64322917,91.44791667,1.34672619,89.82623474,90.11628251,-1,"{'0Normal': {'precision': 0.9282296650717703, 'recall': 0.97, 'f1-score': 0.9486552567237163, 'support': 200.0}, 'BruteForce': {'precision': 0.6337209302325582, 'recall': 0.9083333333333333, 'f1-score': 0.7465753424657534, 'support': 120.0}, 'DDoS': {'precision': 0.875, 'recall': 0.945, 'f1-score': 0.9086538461538461, 'support': 200.0}, 'DoS': {'precision': 0.9897959183673469, 'recall': 0.97, 'f1-score': 0.9797979797979798, 'support': 200.0}, 'MITM': {'precision': 0.9227053140096618, 'recall': 0.955, 'f1-score': 0.9385749385749386, 'support': 200.0}, 'Malware': {'precision': 0.9239904988123515, 'recall': 0.9725, 'f1-score': 0.9476248477466505, 'support': 400.0}, 'Scan': {'precision': 0.9821428571428571, 'recall': 0.825, 'f1-score': 0.8967391304347827, 'support': 200.0}, 'WebAttack': {'precision': 0.9305135951661632, 'recall': 0.77, 'f1-score': 0.8426812585499316, 'support': 400.0}, 'accuracy': 0.9057291666666667, 'macro avg': {'precision': 0.8982623473503386, 'recall': 0.9144791666666667, 'f1-score': 0.9011628250559498, 'support': 1920.0}, 'weighted avg': {'precision': 0.9153244271550209, 'recall': 0.9057291666666667, 'f1-score': 0.9063519343497791, 'support': 1920.0}}","[[194   0   2   0   3   0   0   1]
 [  0 109   5   0   0   0   0   6]
 [  2   0 189   0   1   4   0   4]
 [  6   0   0 194   0   0   0   0]
 [  3   0   2   0 191   0   0   4]
 [  3   0   0   0   1 389   3   4]
 [  0   1   0   1   1  28 165   4]
 [  1  62  18   1  10   0   0 308]]",0.286651611,0.019736052
340,ToN_IoT,2,None,MinMaxScaler,LGBM,0.891232195,-1,-1,97.6171875,91.86458333,1.361607143,89.18677319,89.84984311,-1,"{'0Normal': {'precision': 0.8863636363636364, 'recall': 0.975, 'f1-score': 0.9285714285714285, 'support': 200.0}, 'BruteForce': {'precision': 0.6042780748663101, 'recall': 0.9416666666666667, 'f1-score': 0.7361563517915309, 'support': 120.0}, 'DDoS': {'precision': 0.9090909090909091, 'recall': 0.95, 'f1-score': 0.9290953545232273, 'support': 200.0}, 'DoS': {'precision': 0.9646464646464646, 'recall': 0.955, 'f1-score': 0.9597989949748743, 'support': 200.0}, 'MITM': {'precision': 0.9141414141414141, 'recall': 0.905, 'f1-score': 0.9095477386934674, 'support': 200.0}, 'Malware': {'precision': 0.9555555555555556, 'recall': 0.9675, 'f1-score': 0.9614906832298138, 'support': 400.0}, 'Scan': {'precision': 0.9333333333333333, 'recall': 0.91, 'f1-score': 0.9215189873417723, 'support': 200.0}, 'WebAttack': {'precision': 0.9675324675324676, 'recall': 0.745, 'f1-score': 0.8418079096045197, 'support': 400.0}, 'accuracy': 0.9046875, 'macro avg': {'precision': 0.8918677319412613, 'recall': 0.9186458333333333, 'f1-score': 0.8984984310913293, 'support': 1920.0}, 'weighted avg': {'precision': 0.9183665259032907, 'recall': 0.9046875, 'f1-score': 0.9059191146717036, 'support': 1920.0}}","[[195   0   2   1   2   0   0   0]
 [  6 113   0   0   0   0   1   0]
 [  1   0 190   0   1   5   0   3]
 [  8   0   0 191   1   0   0   0]
 [  5   2   0   6 181   0   0   6]
 [  1   1   0   0   1 387  10   0]
 [  0   4   1   0   0  12 182   1]
 [  4  67  16   0  12   1   2 298]]",1.113301277,0.023114443
319,ToN_IoT,3,None,MinMaxScaler,LGBM,0.887980256,-1,-1,97.55208333,92.04166667,1.398809524,89.04503774,89.93461019,-1,"{'0Normal': {'precision': 0.9150943396226415, 'recall': 0.97, 'f1-score': 0.9417475728155339, 'support': 200.0}, 'BruteForce': {'precision': 0.6187845303867403, 'recall': 0.9333333333333333, 'f1-score': 0.7441860465116279, 'support': 120.0}, 'DDoS': {'precision': 0.953125, 'recall': 0.915, 'f1-score': 0.9336734693877552, 'support': 200.0}, 'DoS': {'precision': 0.9897959183673469, 'recall': 0.97, 'f1-score': 0.9797979797979798, 'support': 200.0}, 'MITM': {'precision': 0.9178743961352657, 'recall': 0.95, 'f1-score': 0.9336609336609336, 'support': 200.0}, 'Malware': {'precision': 0.9675675675675676, 'recall': 0.895, 'f1-score': 0.92987012987013, 'support': 400.0}, 'Scan': {'precision': 0.8162393162393162, 'recall': 0.955, 'f1-score': 0.8801843317972351, 'support': 200.0}, 'WebAttack': {'precision': 0.9451219512195121, 'recall': 0.775, 'f1-score': 0.8516483516483515, 'support': 400.0}, 'accuracy': 0.9020833333333333, 'macro avg': {'precision': 0.8904503774422988, 'recall': 0.9204166666666667, 'f1-score': 0.8993461019361934, 'support': 1920.0}, 'weighted avg': {'precision': 0.9154977839761222, 'recall': 0.9020833333333333, 'f1-score': 0.9040221748336852, 'support': 1920.0}}","[[194   0   1   0   4   0   1   0]
 [  2 112   0   0   0   3   0   3]
 [  2   0 183   0   2   3   1   9]
 [  6   0   0 194   0   0   0   0]
 [  3   0   0   1 190   0   3   3]
 [  3   0   0   0   0 358  38   1]
 [  0   1   0   0   0   6 191   2]
 [  2  68   8   1  11   0   0 310]]",14.46774411,0.02229619
29,ToN_IoT,3,None,QuantileTransformer,NuSVC,0.887562794,-1,-1,97.59114583,88.70833333,1.376488095,90.01361517,89.12240873,-1,"{'0Normal': {'precision': 0.8715083798882681, 'recall': 0.78, 'f1-score': 0.8232189973614776, 'support': 200.0}, 'BruteForce': {'precision': 0.9484536082474226, 'recall': 0.7666666666666667, 'f1-score': 0.8479262672811059, 'support': 120.0}, 'DDoS': {'precision': 0.8349056603773585, 'recall': 0.885, 'f1-score': 0.8592233009708737, 'support': 200.0}, 'DoS': {'precision': 0.9947916666666666, 'recall': 0.955, 'f1-score': 0.9744897959183673, 'support': 200.0}, 'MITM': {'precision': 0.8564356435643564, 'recall': 0.865, 'f1-score': 0.8606965174129352, 'support': 200.0}, 'Malware': {'precision': 0.9451371571072319, 'recall': 0.9475, 'f1-score': 0.9463171036204744, 'support': 400.0}, 'Scan': {'precision': 0.8170212765957446, 'recall': 0.96, 'f1-score': 0.8827586206896553, 'support': 200.0}, 'WebAttack': {'precision': 0.9328358208955224, 'recall': 0.9375, 'f1-score': 0.9351620947630922, 'support': 400.0}, 'accuracy': 0.9036458333333334, 'macro avg': {'precision': 0.9001361516678215, 'recall': 0.8870833333333333, 'f1-score': 0.8912240872522477, 'support': 1920.0}, 'weighted avg': {'precision': 0.906216744588162, 'recall': 0.9036458333333334, 'f1-score': 0.9033438947384484, 'support': 1920.0}}","[[156   0   2   0   9   4  19  10]
 [  1  92  13   0   0   8   6   0]
 [  2   3 177   1  11   5   0   1]
 [  6   0   0 191   1   0   0   2]
 [  7   0   5   0 173   1   2  12]
 [  5   0   0   0   0 379  16   0]
 [  1   0   2   0   0   3 192   2]
 [  1   2  13   0   8   1   0 375]]",3.115266085,4.426728249
5,ToN_IoT,3,None,QuantileTransformer,NuSVC,0.887128992,-1,-1,97.578125,89.98958333,1.383928571,89.0715073,89.41997505,-1,"{'0Normal': {'precision': 0.7871287128712872, 'recall': 0.795, 'f1-score': 0.7910447761194029, 'support': 200.0}, 'BruteForce': {'precision': 0.8432835820895522, 'recall': 0.9416666666666667, 'f1-score': 0.8897637795275589, 'support': 120.0}, 'DDoS': {'precision': 0.8721461187214612, 'recall': 0.955, 'f1-score': 0.9116945107398569, 'support': 200.0}, 'DoS': {'precision': 0.9947916666666666, 'recall': 0.955, 'f1-score': 0.9744897959183673, 'support': 200.0}, 'MITM': {'precision': 0.8950276243093923, 'recall': 0.81, 'f1-score': 0.8503937007874015, 'support': 200.0}, 'Malware': {'precision': 0.979381443298969, 'recall': 0.95, 'f1-score': 0.9644670050761421, 'support': 400.0}, 'Scan': {'precision': 0.8287037037037037, 'recall': 0.895, 'f1-score': 0.8605769230769231, 'support': 200.0}, 'WebAttack': {'precision': 0.9252577319587629, 'recall': 0.8975, 'f1-score': 0.9111675126903553, 'support': 400.0}, 'accuracy': 0.903125, 'macro avg': {'precision': 0.8907150729524744, 'recall': 0.8998958333333333, 'f1-score': 0.8941997504920011, 'support': 1920.0}, 'weighted avg': {'precision': 0.9055256589626778, 'recall': 0.903125, 'f1-score': 0.9034715635303627, 'support': 1920.0}}","[[159   0   2   0   9   2  19   9]
 [  7 113   0   0   0   0   0   0]
 [  2   0 191   1   1   5   0   0]
 [  6   0   0 191   0   0   0   3]
 [  8   4   7   0 162   0   4  15]
 [  6   0   0   0   0 380  14   0]
 [ 14   3   2   0   0   0 179   2]
 [  0  14  17   0   9   1   0 359]]",0.722046852,1.083765745
65,ToN_IoT,2,None,QuantileTransformer,MLP,0.886647137,-1,-1,97.52604167,91.01041667,1.413690476,88.52097473,89.21167412,-1,"{'0Normal': {'precision': 0.8482142857142857, 'recall': 0.95, 'f1-score': 0.8962264150943395, 'support': 200.0}, 'BruteForce': {'precision': 0.6264367816091954, 'recall': 0.9083333333333333, 'f1-score': 0.7414965986394557, 'support': 120.0}, 'DDoS': {'precision': 0.847926267281106, 'recall': 0.92, 'f1-score': 0.882494004796163, 'support': 200.0}, 'DoS': {'precision': 0.9556650246305419, 'recall': 0.97, 'f1-score': 0.9627791563275433, 'support': 200.0}, 'MITM': {'precision': 0.8861386138613861, 'recall': 0.895, 'f1-score': 0.8905472636815921, 'support': 200.0}, 'Malware': {'precision': 0.9675810473815462, 'recall': 0.97, 'f1-score': 0.9687890137328341, 'support': 400.0}, 'Scan': {'precision': 0.9783783783783784, 'recall': 0.905, 'f1-score': 0.9402597402597402, 'support': 200.0}, 'WebAttack': {'precision': 0.9713375796178344, 'recall': 0.7625, 'f1-score': 0.8543417366946777, 'support': 400.0}, 'accuracy': 0.9010416666666666, 'macro avg': {'precision': 0.8852097473092844, 'recall': 0.9101041666666667, 'f1-score': 0.8921167411532932, 'support': 1920.0}, 'weighted avg': {'precision': 0.9135439471697893, 'recall': 0.9010416666666666, 'f1-score': 0.9024443791872995, 'support': 1920.0}}","[[190   0   1   3   2   2   1   1]
 [  7 109   4   0   0   0   0   0]
 [  4   7 184   0   0   5   0   0]
 [  6   0   0 194   0   0   0   0]
 [  9   0   5   0 179   0   1   6]
 [  5   0   5   0   0 388   2   0]
 [  2   3   1   6   0   5 181   2]
 [  1  55  17   0  21   1   0 305]]",0.540684462,0.001470327
60,ToN_IoT,2,None,QuantileTransformer,NuSVC,0.886170155,-1,-1,97.56510417,88.08333333,1.391369048,90.13812776,88.87604552,-1,"{'0Normal': {'precision': 0.8994082840236687, 'recall': 0.76, 'f1-score': 0.8238482384823849, 'support': 200.0}, 'BruteForce': {'precision': 0.9484536082474226, 'recall': 0.7666666666666667, 'f1-score': 0.8479262672811059, 'support': 120.0}, 'DDoS': {'precision': 0.8309859154929577, 'recall': 0.885, 'f1-score': 0.8571428571428572, 'support': 200.0}, 'DoS': {'precision': 0.9695431472081218, 'recall': 0.955, 'f1-score': 0.9622166246851385, 'support': 200.0}, 'MITM': {'precision': 0.8564102564102564, 'recall': 0.835, 'f1-score': 0.8455696202531644, 'support': 200.0}, 'Malware': {'precision': 0.9164733178654292, 'recall': 0.9875, 'f1-score': 0.950661853188929, 'support': 400.0}, 'Scan': {'precision': 0.863849765258216, 'recall': 0.92, 'f1-score': 0.8910411622276031, 'support': 200.0}, 'WebAttack': {'precision': 0.9259259259259259, 'recall': 0.9375, 'f1-score': 0.9316770186335404, 'support': 400.0}, 'accuracy': 0.9026041666666667, 'macro avg': {'precision': 0.9013812775539998, 'recall': 0.8808333333333334, 'f1-score': 0.8887604552368404, 'support': 1920.0}, 'weighted avg': {'precision': 0.9035487521796234, 'recall': 0.9026041666666667, 'f1-score': 0.9013804173754949, 'support': 1920.0}}","[[152   0   2   0   9  10  16  11]
 [  1  92  13   0   0  13   1   0]
 [  2   3 177   1  11   5   0   1]
 [  6   0   0 191   0   0   0   3]
 [  6   0   7   0 167   1   7  12]
 [  0   0   0   0   0 395   5   0]
 [  0   0   2   5   0   6 184   3]
 [  2   2  12   0   8   1   0 375]]",1.018610001,0.573253393
348,ToN_IoT,2,None,MinMaxScaler,RF,0.885787559,-1,-1,97.4609375,91.88541667,1.450892857,89.26989846,89.4603151,-1,"{'0Normal': {'precision': 0.9150943396226415, 'recall': 0.97, 'f1-score': 0.9417475728155339, 'support': 200.0}, 'BruteForce': {'precision': 0.5067873303167421, 'recall': 0.9333333333333333, 'f1-score': 0.656891495601173, 'support': 120.0}, 'DDoS': {'precision': 0.9090909090909091, 'recall': 0.95, 'f1-score': 0.9290953545232273, 'support': 200.0}, 'DoS': {'precision': 1.0, 'recall': 0.97, 'f1-score': 0.9847715736040609, 'support': 200.0}, 'MITM': {'precision': 0.9219512195121952, 'recall': 0.945, 'f1-score': 0.9333333333333333, 'support': 200.0}, 'Malware': {'precision': 0.9679012345679012, 'recall': 0.98, 'f1-score': 0.9739130434782608, 'support': 400.0}, 'Scan': {'precision': 0.9739583333333334, 'recall': 0.935, 'f1-score': 0.9540816326530612, 'support': 200.0}, 'WebAttack': {'precision': 0.9468085106382979, 'recall': 0.6675, 'f1-score': 0.7829912023460411, 'support': 400.0}, 'accuracy': 0.8984375, 'macro avg': {'precision': 0.8926989846352525, 'recall': 0.9188541666666666, 'f1-score': 0.8946031510443364, 'support': 1920.0}, 'weighted avg': {'precision': 0.9222486135584921, 'recall': 0.8984375, 'f1-score': 0.9011430058269296, 'support': 1920.0}}","[[194   0   2   0   3   0   1   0]
 [  0 112   1   0   0   0   0   7]
 [  2   0 190   0   1   4   0   3]
 [  6   0   0 194   0   0   0   0]
 [  5   1   1   0 189   0   0   4]
 [  3   0   0   0   1 392   4   0]
 [  0   0   1   0   2   9 187   1]
 [  2 108  14   0   9   0   0 267]]",0.186985731,0.014901161
26,ToN_IoT,3,None,QuantileTransformer,MLP,0.884997555,-1,-1,97.5390625,88.16666667,1.40625,90.15312791,88.86763444,-1,"{'0Normal': {'precision': 0.9108910891089109, 'recall': 0.92, 'f1-score': 0.9154228855721394, 'support': 200.0}, 'BruteForce': {'precision': 0.9340659340659341, 'recall': 0.7083333333333334, 'f1-score': 0.8056872037914693, 'support': 120.0}, 'DDoS': {'precision': 0.8712871287128713, 'recall': 0.88, 'f1-score': 0.8756218905472637, 'support': 200.0}, 'DoS': {'precision': 0.9942528735632183, 'recall': 0.865, 'f1-score': 0.9251336898395721, 'support': 200.0}, 'MITM': {'precision': 0.8537735849056604, 'recall': 0.905, 'f1-score': 0.8786407766990291, 'support': 200.0}, 'Malware': {'precision': 0.9379652605459057, 'recall': 0.945, 'f1-score': 0.9414694894146948, 'support': 400.0}, 'Scan': {'precision': 0.8018018018018018, 'recall': 0.89, 'f1-score': 0.8436018957345972, 'support': 200.0}, 'WebAttack': {'precision': 0.9082125603864735, 'recall': 0.94, 'f1-score': 0.9238329238329238, 'support': 400.0}, 'accuracy': 0.9015625, 'macro avg': {'precision': 0.901531279136347, 'recall': 0.8816666666666667, 'f1-score': 0.8886763444289612, 'support': 1920.0}, 'weighted avg': {'precision': 0.904666841707998, 'recall': 0.9015625, 'f1-score': 0.9012956549127833, 'support': 1920.0}}","[[184   0   2   0  10   2   2   0]
 [  1  85   6   0   0   2   0  26]
 [  2   3 176   1  11   6   0   1]
 [  6   0   0 173   0   0  21   0]
 [  7   0   2   0 181   0   1   9]
 [  2   0   0   0   1 378  19   0]
 [  0   3   3   0   0  14 178   2]
 [  0   0  13   0   9   1   1 376]]",5.203012705,0.006233931
383,ToN_IoT,0,None,MinMaxScaler,LGBM,0.883117507,-1,-1,97.44791667,91.77083333,1.458333333,88.40027943,89.60628988,-1,"{'0Normal': {'precision': 0.8407079646017699, 'recall': 0.95, 'f1-score': 0.892018779342723, 'support': 200.0}, 'BruteForce': {'precision': 0.70625, 'recall': 0.9416666666666667, 'f1-score': 0.8071428571428572, 'support': 120.0}, 'DDoS': {'precision': 0.9223300970873787, 'recall': 0.95, 'f1-score': 0.9359605911330049, 'support': 200.0}, 'DoS': {'precision': 1.0, 'recall': 0.97, 'f1-score': 0.9847715736040609, 'support': 200.0}, 'MITM': {'precision': 0.8243243243243243, 'recall': 0.915, 'f1-score': 0.8672985781990522, 'support': 200.0}, 'Malware': {'precision': 0.9782016348773842, 'recall': 0.8975, 'f1-score': 0.9361147327249021, 'support': 400.0}, 'Scan': {'precision': 0.8533333333333334, 'recall': 0.96, 'f1-score': 0.9035294117647059, 'support': 200.0}, 'WebAttack': {'precision': 0.946875, 'recall': 0.7575, 'f1-score': 0.8416666666666667, 'support': 400.0}, 'accuracy': 0.8979166666666667, 'macro avg': {'precision': 0.8840027942780238, 'recall': 0.9177083333333333, 'f1-score': 0.8960628988222465, 'support': 1920.0}, 'weighted avg': {'precision': 0.9077707280314141, 'recall': 0.8979166666666667, 'f1-score': 0.8982736924075415, 'support': 1920.0}}","[[190   0   2   0   7   0   1   0]
 [  0 113   0   0   1   0   0   6]
 [  2   0 190   0   1   4   0   3]
 [  6   0   0 194   0   0   0   0]
 [ 10   1   0   0 183   0   0   6]
 [  9   0   0   0   0 359  32   0]
 [  0   0   0   0   2   4 192   2]
 [  9  46  14   0  28   0   0 303]]",2.222629547,0.015076399
334,ToN_IoT,3,None,MinMaxScaler,RF,0.880934564,-1,-1,97.40885417,91.04166667,1.480654762,89.04851113,89.41930629,-1,"{'0Normal': {'precision': 0.9112149532710281, 'recall': 0.975, 'f1-score': 0.9420289855072463, 'support': 200.0}, 'BruteForce': {'precision': 0.5677083333333334, 'recall': 0.9083333333333333, 'f1-score': 0.6987179487179488, 'support': 120.0}, 'DDoS': {'precision': 0.916256157635468, 'recall': 0.93, 'f1-score': 0.923076923076923, 'support': 200.0}, 'DoS': {'precision': 0.9948717948717949, 'recall': 0.97, 'f1-score': 0.9822784810126582, 'support': 200.0}, 'MITM': {'precision': 0.9458128078817734, 'recall': 0.96, 'f1-score': 0.9528535980148883, 'support': 200.0}, 'Malware': {'precision': 0.9375, 'recall': 0.9375, 'f1-score': 0.9375, 'support': 400.0}, 'Scan': {'precision': 0.9553072625698324, 'recall': 0.855, 'f1-score': 0.9023746701846965, 'support': 200.0}, 'WebAttack': {'precision': 0.8952095808383234, 'recall': 0.7475, 'f1-score': 0.8147138964577657, 'support': 400.0}, 'accuracy': 0.8963541666666667, 'macro avg': {'precision': 0.8904851113001941, 'recall': 0.9104166666666667, 'f1-score': 0.8941930628715159, 'support': 1920.0}, 'weighted avg': {'precision': 0.9093236601985983, 'recall': 0.8963541666666667, 'f1-score': 0.8985699187440326, 'support': 1920.0}}","[[195   0   1   0   3   0   1   0]
 [  0 109   3   0   0   0   5   3]
 [  1   0 186   0   0   4   0   9]
 [  6   0   0 194   0   0   0   0]
 [  4   0   1   0 192   0   0   3]
 [  5   0   0   0   0 375   2  18]
 [  1   3   0   1   1  21 171   2]
 [  2  80  12   0   7   0   0 299]]",0.256966114,0.019190788
214,ToN_IoT,2,None,StandardScaler,LGBM,0.880485186,-1,-1,97.40885417,89.5625,1.480654762,89.03558672,88.56865144,-1,"{'0Normal': {'precision': 0.8944954128440367, 'recall': 0.975, 'f1-score': 0.9330143540669856, 'support': 200.0}, 'BruteForce': {'precision': 0.7449664429530202, 'recall': 0.925, 'f1-score': 0.8252788104089219, 'support': 120.0}, 'DDoS': {'precision': 0.8253275109170306, 'recall': 0.945, 'f1-score': 0.8811188811188811, 'support': 200.0}, 'DoS': {'precision': 0.9797979797979798, 'recall': 0.97, 'f1-score': 0.9748743718592964, 'support': 200.0}, 'MITM': {'precision': 0.8679245283018868, 'recall': 0.92, 'f1-score': 0.8932038834951457, 'support': 200.0}, 'Malware': {'precision': 0.9032258064516129, 'recall': 0.98, 'f1-score': 0.9400479616306954, 'support': 400.0}, 'Scan': {'precision': 0.9612403100775194, 'recall': 0.62, 'f1-score': 0.7537993920972644, 'support': 200.0}, 'WebAttack': {'precision': 0.9458689458689459, 'recall': 0.83, 'f1-score': 0.8841544607190412, 'support': 400.0}, 'accuracy': 0.8963541666666667, 'macro avg': {'precision': 0.890355867151504, 'recall': 0.8956249999999999, 'f1-score': 0.885686514424529, 'support': 1920.0}, 'weighted avg': {'precision': 0.9035369908699357, 'recall': 0.8963541666666667, 'f1-score': 0.8937065639148334, 'support': 1920.0}}","[[195   0   2   0   2   0   0   1]
 [  1 111   7   0   0   0   0   1]
 [  1   0 189   0   4   3   1   2]
 [  6   0   0 194   0   0   0   0]
 [  5   0   4   1 184   0   0   6]
 [  6   0   0   0   0 392   2   0]
 [  2   3  19   3   2  38 124   9]
 [  2  35   8   0  20   1   2 332]]",1.25348568,0.012929916
193,ToN_IoT,2,None,StandardScaler,LGBM,0.880099599,-1,-1,97.39583333,90.80208333,1.488095238,88.29034983,89.06318412,-1,"{'0Normal': {'precision': 0.8904109589041096, 'recall': 0.975, 'f1-score': 0.9307875894988066, 'support': 200.0}, 'BruteForce': {'precision': 0.6470588235294118, 'recall': 0.9166666666666666, 'f1-score': 0.7586206896551724, 'support': 120.0}, 'DDoS': {'precision': 0.8847926267281107, 'recall': 0.96, 'f1-score': 0.9208633093525179, 'support': 200.0}, 'DoS': {'precision': 0.9651741293532339, 'recall': 0.97, 'f1-score': 0.9675810473815462, 'support': 200.0}, 'MITM': {'precision': 0.8341013824884793, 'recall': 0.905, 'f1-score': 0.86810551558753, 'support': 200.0}, 'Malware': {'precision': 0.9373368146214099, 'recall': 0.8975, 'f1-score': 0.9169859514687101, 'support': 400.0}, 'Scan': {'precision': 0.9488636363636364, 'recall': 0.835, 'f1-score': 0.8882978723404256, 'support': 200.0}, 'WebAttack': {'precision': 0.9554896142433235, 'recall': 0.805, 'f1-score': 0.8738127544097694, 'support': 400.0}, 'accuracy': 0.8958333333333334, 'macro avg': {'precision': 0.8829034982789643, 'recall': 0.9080208333333333, 'f1-score': 0.8906318412118097, 'support': 1920.0}, 'weighted avg': {'precision': 0.9059615505921547, 'recall': 0.8958333333333334, 'f1-score': 0.8971255374698842, 'support': 1920.0}}","[[195   0   1   1   2   0   1   0]
 [  4 110   3   0   0   0   0   3]
 [  1   0 192   0   1   4   0   2]
 [  6   0   0 194   0   0   0   0]
 [  4   0   1   6 181   0   4   4]
 [  6  29   0   0   0 359   2   4]
 [  1   0   8   0   2  20 167   2]
 [  2  31  12   0  31   0   2 322]]",1.547325373,0.014269114
405,ToN_IoT,0,None,MinMaxScaler,LGBM,0.878437106,-1,-1,97.36979167,90.38541667,1.50297619,88.50147905,89.14575654,-1,"{'0Normal': {'precision': 0.8083333333333333, 'recall': 0.97, 'f1-score': 0.8818181818181818, 'support': 200.0}, 'BruteForce': {'precision': 0.7571428571428571, 'recall': 0.8833333333333333, 'f1-score': 0.8153846153846154, 'support': 120.0}, 'DDoS': {'precision': 0.9009433962264151, 'recall': 0.955, 'f1-score': 0.9271844660194173, 'support': 200.0}, 'DoS': {'precision': 0.989247311827957, 'recall': 0.92, 'f1-score': 0.9533678756476685, 'support': 200.0}, 'MITM': {'precision': 0.9351351351351351, 'recall': 0.865, 'f1-score': 0.8987012987012988, 'support': 200.0}, 'Malware': {'precision': 0.9490616621983914, 'recall': 0.885, 'f1-score': 0.9159120310478654, 'support': 400.0}, 'Scan': {'precision': 0.8078602620087336, 'recall': 0.925, 'f1-score': 0.8624708624708626, 'support': 200.0}, 'WebAttack': {'precision': 0.9323943661971831, 'recall': 0.8275, 'f1-score': 0.8768211920529801, 'support': 400.0}, 'accuracy': 0.8947916666666667, 'macro avg': {'precision': 0.8850147905087508, 'recall': 0.9038541666666666, 'f1-score': 0.8914575653928611, 'support': 1920.0}, 'weighted avg': {'precision': 0.9019497093342123, 'recall': 0.8947916666666667, 'f1-score': 0.8956499895926967, 'support': 1920.0}}","[[194   0   2   0   0   1   2   1]
 [  2 106   0   0   0   0   0  12]
 [  2   0 191   0   1   4   0   2]
 [  6   0   0 184   0   3   7   0]
 [ 19   0   0   2 173   0   0   6]
 [ 11   0   0   0   0 354  35   0]
 [  0   0   0   0   1  11 185   3]
 [  6  34  19   0  10   0   0 331]]",0.722744703,0.012655497
52,ToN_IoT,2,None,QuantileTransformer,NuSVC,0.874071963,-1,-1,97.3046875,87.30208333,1.540178571,89.10782372,87.93290096,-1,"{'0Normal': {'precision': 0.8579881656804734, 'recall': 0.725, 'f1-score': 0.7859078590785907, 'support': 200.0}, 'BruteForce': {'precision': 0.9484536082474226, 'recall': 0.7666666666666667, 'f1-score': 0.8479262672811059, 'support': 120.0}, 'DDoS': {'precision': 0.8082191780821918, 'recall': 0.885, 'f1-score': 0.8448687350835322, 'support': 200.0}, 'DoS': {'precision': 0.9896373056994818, 'recall': 0.955, 'f1-score': 0.9720101781170483, 'support': 200.0}, 'MITM': {'precision': 0.8586387434554974, 'recall': 0.82, 'f1-score': 0.8388746803069053, 'support': 200.0}, 'Malware': {'precision': 0.9359605911330049, 'recall': 0.95, 'f1-score': 0.9429280397022333, 'support': 400.0}, 'Scan': {'precision': 0.8325991189427313, 'recall': 0.945, 'f1-score': 0.8852459016393444, 'support': 200.0}, 'WebAttack': {'precision': 0.8971291866028708, 'recall': 0.9375, 'f1-score': 0.9168704156479217, 'support': 400.0}, 'accuracy': 0.8921875, 'macro avg': {'precision': 0.8910782372304593, 'recall': 0.8730208333333334, 'f1-score': 0.8793290096070852, 'support': 1920.0}, 'weighted avg': {'precision': 0.893993149195894, 'recall': 0.8921875, 'f1-score': 0.8911729193014994, 'support': 1920.0}}","[[145   0   2   0   9   4  19  21]
 [  1  92  13   0   0   8   6   0]
 [  2   3 177   1  11   5   0   1]
 [  6   0   0 191   0   0   0   3]
 [  6   0  12   0 164   3   0  15]
 [  7   0   0   0   0 380  13   0]
 [  0   0   2   1   0   5 189   3]
 [  2   2  13   0   7   1   0 375]]",0.863254786,0.505969048
384,ToN_IoT,0,None,MinMaxScaler,RF,0.87315792,-1,-1,97.17447917,90.70833333,1.614583333,88.25963477,88.20154853,-1,"{'0Normal': {'precision': 0.8904761904761904, 'recall': 0.935, 'f1-score': 0.9121951219512194, 'support': 200.0}, 'BruteForce': {'precision': 0.48497854077253216, 'recall': 0.9416666666666667, 'f1-score': 0.6402266288951841, 'support': 120.0}, 'DDoS': {'precision': 0.9142857142857143, 'recall': 0.96, 'f1-score': 0.9365853658536586, 'support': 200.0}, 'DoS': {'precision': 0.9897959183673469, 'recall': 0.97, 'f1-score': 0.9797979797979798, 'support': 200.0}, 'MITM': {'precision': 0.8883248730964467, 'recall': 0.875, 'f1-score': 0.8816120906801008, 'support': 200.0}, 'Malware': {'precision': 0.9706601466992665, 'recall': 0.9925, 'f1-score': 0.9814585908529048, 'support': 400.0}, 'Scan': {'precision': 0.9842931937172775, 'recall': 0.94, 'f1-score': 0.9616368286445013, 'support': 200.0}, 'WebAttack': {'precision': 0.9379562043795621, 'recall': 0.6425, 'f1-score': 0.7626112759643917, 'support': 400.0}, 'accuracy': 0.8869791666666667, 'macro avg': {'precision': 0.8825963477242921, 'recall': 0.9070833333333334, 'f1-score': 0.8820154853299926, 'support': 1920.0}, 'weighted avg': {'precision': 0.9141037204754325, 'recall': 0.8869791666666667, 'f1-score': 0.8900107393644962, 'support': 1920.0}}","[[187   0   2   0  10   0   1   0]
 [  0 113   0   0   1   0   0   6]
 [  2   0 192   0   1   4   0   1]
 [  6   0   0 194   0   0   0   0]
 [ 13   1   1   2 175   0   1   7]
 [  1   0   0   0   1 397   1   0]
 [  1   0   0   0   0   8 188   3]
 [  0 119  15   0   9   0   0 257]]",0.115791321,0.026556969
333,ToN_IoT,3,None,MinMaxScaler,LGBM,0.87237822,-1,-1,97.21354167,90.86458333,1.592261905,87.83737175,88.68245809,-1,"{'0Normal': {'precision': 0.8333333333333334, 'recall': 0.975, 'f1-score': 0.8986175115207373, 'support': 200.0}, 'BruteForce': {'precision': 0.6042780748663101, 'recall': 0.9416666666666667, 'f1-score': 0.7361563517915309, 'support': 120.0}, 'DDoS': {'precision': 0.9578947368421052, 'recall': 0.91, 'f1-score': 0.9333333333333333, 'support': 200.0}, 'DoS': {'precision': 0.9847715736040609, 'recall': 0.97, 'f1-score': 0.9773299748110831, 'support': 200.0}, 'MITM': {'precision': 0.9408866995073891, 'recall': 0.955, 'f1-score': 0.9478908188585607, 'support': 200.0}, 'Malware': {'precision': 0.9497206703910615, 'recall': 0.85, 'f1-score': 0.8970976253298152, 'support': 400.0}, 'Scan': {'precision': 0.8186046511627907, 'recall': 0.88, 'f1-score': 0.8481927710843372, 'support': 200.0}, 'WebAttack': {'precision': 0.9375, 'recall': 0.7875, 'f1-score': 0.8559782608695652, 'support': 400.0}, 'accuracy': 0.8885416666666667, 'macro avg': {'precision': 0.8783737174633814, 'recall': 0.9086458333333334, 'f1-score': 0.8868245809498704, 'support': 1920.0}, 'weighted avg': {'precision': 0.9033853312657905, 'recall': 0.8885416666666667, 'f1-score': 0.890959374279347, 'support': 1920.0}}","[[195   0   1   0   2   0   1   1]
 [  1 113   0   0   0   0   5   1]
 [  1   4 182   0   1   3   1   8]
 [  6   0   0 194   0   0   0   0]
 [  2   0   0   1 191   0   3   3]
 [ 25   4   0   0   0 340  26   5]
 [  2   2   0   2   0  15 176   3]
 [  2  64   7   0   9   0   3 315]]",4.814924717,0.01433444
21,ToN_IoT,3,None,QuantileTransformer,NuSVC,0.871608383,-1,-1,97.25260417,86.86458333,1.569940476,88.83129721,87.56643141,-1,"{'0Normal': {'precision': 0.861271676300578, 'recall': 0.745, 'f1-score': 0.7989276139410187, 'support': 200.0}, 'BruteForce': {'precision': 0.9484536082474226, 'recall': 0.7666666666666667, 'f1-score': 0.8479262672811059, 'support': 120.0}, 'DDoS': {'precision': 0.8309859154929577, 'recall': 0.885, 'f1-score': 0.8571428571428572, 'support': 200.0}, 'DoS': {'precision': 0.9695431472081218, 'recall': 0.955, 'f1-score': 0.9622166246851385, 'support': 200.0}, 'MITM': {'precision': 0.8539325842696629, 'recall': 0.76, 'f1-score': 0.8042328042328041, 'support': 200.0}, 'Malware': {'precision': 0.9168646080760094, 'recall': 0.965, 'f1-score': 0.9403166869671133, 'support': 400.0}, 'Scan': {'precision': 0.8130434782608695, 'recall': 0.935, 'f1-score': 0.8697674418604651, 'support': 200.0}, 'WebAttack': {'precision': 0.9124087591240876, 'recall': 0.9375, 'f1-score': 0.9247842170160295, 'support': 400.0}, 'accuracy': 0.8901041666666667, 'macro avg': {'precision': 0.8883129721224636, 'recall': 0.8686458333333333, 'f1-score': 0.8756643141408165, 'support': 1920.0}, 'weighted avg': {'precision': 0.891291218841754, 'recall': 0.8901041666666667, 'f1-score': 0.8886713448122117, 'support': 1920.0}}","[[149   0   2   0   8   7  19  15]
 [  1  92  13   0   0   8   6   0]
 [  2   3 177   1  11   4   1   1]
 [  6   0   0 191   0   0   0   3]
 [ 14   0   5   1 152  10   3  15]
 [  0   0   0   0   0 386  14   0]
 [  1   0   2   4   0   4 187   2]
 [  0   2  14   0   7   2   0 375]]",9.855094194,5.409870863
361,ToN_IoT,2,None,MinMaxScaler,LGBM,0.869556851,-1,-1,97.1484375,90.07291667,1.629464286,87.8278335,88.10916356,-1,"{'0Normal': {'precision': 0.8940092165898618, 'recall': 0.97, 'f1-score': 0.9304556354916066, 'support': 200.0}, 'BruteForce': {'precision': 0.5258215962441315, 'recall': 0.9333333333333333, 'f1-score': 0.6726726726726727, 'support': 120.0}, 'DDoS': {'precision': 0.9513513513513514, 'recall': 0.88, 'f1-score': 0.9142857142857144, 'support': 200.0}, 'DoS': {'precision': 0.965, 'recall': 0.965, 'f1-score': 0.965, 'support': 200.0}, 'MITM': {'precision': 0.900523560209424, 'recall': 0.86, 'f1-score': 0.8797953964194374, 'support': 200.0}, 'Malware': {'precision': 0.964769647696477, 'recall': 0.89, 'f1-score': 0.9258777633289987, 'support': 400.0}, 'Scan': {'precision': 0.9068627450980392, 'recall': 0.925, 'f1-score': 0.9158415841584158, 'support': 200.0}, 'WebAttack': {'precision': 0.9178885630498533, 'recall': 0.7825, 'f1-score': 0.844804318488529, 'support': 400.0}, 'accuracy': 0.8859375, 'macro avg': {'precision': 0.8782783350298923, 'recall': 0.9007291666666666, 'f1-score': 0.8810916356056718, 'support': 1920.0}, 'weighted avg': {'precision': 0.9060996096341474, 'recall': 0.8859375, 'f1-score': 0.890661051832691, 'support': 1920.0}}","[[194   0   0   0   3   0   1   2]
 [  1 112   0   0   1   0   5   1]
 [  1   0 176   0   2   4   0  17]
 [  7   0   0 193   0   0   0   0]
 [  8   2   2   5 172   0   5   6]
 [  5  24   0   0  10 356   5   0]
 [  0   1   1   2   0   9 185   2]
 [  1  74   6   0   3   0   3 313]]",0.797493696,0.011900663
13,ToN_IoT,3,None,QuantileTransformer,NuSVC,0.86611084,-1,-1,97.13541667,86.48958333,1.636904762,88.02133624,87.02583264,-1,"{'0Normal': {'precision': 0.8268156424581006, 'recall': 0.74, 'f1-score': 0.7810026385224274, 'support': 200.0}, 'BruteForce': {'precision': 0.9292929292929293, 'recall': 0.7666666666666667, 'f1-score': 0.8401826484018264, 'support': 120.0}, 'DDoS': {'precision': 0.8232558139534883, 'recall': 0.885, 'f1-score': 0.853012048192771, 'support': 200.0}, 'DoS': {'precision': 0.9695431472081218, 'recall': 0.955, 'f1-score': 0.9622166246851385, 'support': 200.0}, 'MITM': {'precision': 0.8491620111731844, 'recall': 0.76, 'f1-score': 0.8021108179419525, 'support': 200.0}, 'Malware': {'precision': 0.9290953545232273, 'recall': 0.95, 'f1-score': 0.9394313967861557, 'support': 400.0}, 'Scan': {'precision': 0.8043478260869565, 'recall': 0.925, 'f1-score': 0.8604651162790697, 'support': 200.0}, 'WebAttack': {'precision': 0.9101941747572816, 'recall': 0.9375, 'f1-score': 0.9236453201970444, 'support': 400.0}, 'accuracy': 0.8854166666666666, 'macro avg': {'precision': 0.8802133624316613, 'recall': 0.8648958333333333, 'f1-score': 0.8702583263757981, 'support': 1920.0}, 'weighted avg': {'precision': 0.8863832559392321, 'recall': 0.8854166666666666, 'f1-score': 0.8842781529821725, 'support': 1920.0}}","[[148   2   2   0  10   4  19  15]
 [  1  92  13   0   0   8   6   0]
 [  3   3 177   1  10   5   0   1]
 [  6   0   0 191   0   0   0   3]
 [ 12   0   6   0 152   8   6  16]
 [  6   0   0   0   0 380  14   0]
 [  1   0   4   5   0   3 185   2]
 [  2   2  13   0   7   1   0 375]]",6.434351921,4.281827927
120,ToN_IoT,-1,None,QuantileTransformer,NuSVC,0.864183074,-1,-1,97.09635417,86.17708333,1.65922619,87.87065583,86.82983838,-1,"{'0Normal': {'precision': 0.893048128342246, 'recall': 0.835, 'f1-score': 0.8630490956072352, 'support': 200.0}, 'BruteForce': {'precision': 0.92, 'recall': 0.7666666666666667, 'f1-score': 0.8363636363636363, 'support': 120.0}, 'DDoS': {'precision': 0.815668202764977, 'recall': 0.885, 'f1-score': 0.8489208633093525, 'support': 200.0}, 'DoS': {'precision': 0.9009433962264151, 'recall': 0.955, 'f1-score': 0.9271844660194173, 'support': 200.0}, 'MITM': {'precision': 0.805, 'recall': 0.805, 'f1-score': 0.805, 'support': 200.0}, 'Malware': {'precision': 0.8951048951048951, 'recall': 0.96, 'f1-score': 0.9264173703256937, 'support': 400.0}, 'Scan': {'precision': 0.8670520231213873, 'recall': 0.75, 'f1-score': 0.804289544235925, 'support': 200.0}, 'WebAttack': {'precision': 0.9328358208955224, 'recall': 0.9375, 'f1-score': 0.9351620947630922, 'support': 400.0}, 'accuracy': 0.8838541666666667, 'macro avg': {'precision': 0.8787065583069303, 'recall': 0.8617708333333334, 'f1-score': 0.868298383828044, 'support': 1920.0}, 'weighted avg': {'precision': 0.8843326231724854, 'recall': 0.8838541666666667, 'f1-score': 0.8826480292883006, 'support': 1920.0}}","[[167   2   2   0  21   2   2   4]
 [  1  92  13   0   0   8   6   0]
 [  2   3 177   0  10   6   0   2]
 [  6   0   0 191   0   0   0   3]
 [ 10   0  12   0 161   2   0  15]
 [  1   0   0   0   0 384  15   0]
 [  0   0   1  21   0  25 150   3]
 [  0   3  12   0   8   2   0 375]]",0.719338894,0.25530839
128,ToN_IoT,-1,None,QuantileTransformer,NuSVC,0.864183074,-1,-1,97.09635417,86.17708333,1.65922619,87.87065583,86.82983838,-1,"{'0Normal': {'precision': 0.893048128342246, 'recall': 0.835, 'f1-score': 0.8630490956072352, 'support': 200.0}, 'BruteForce': {'precision': 0.92, 'recall': 0.7666666666666667, 'f1-score': 0.8363636363636363, 'support': 120.0}, 'DDoS': {'precision': 0.815668202764977, 'recall': 0.885, 'f1-score': 0.8489208633093525, 'support': 200.0}, 'DoS': {'precision': 0.9009433962264151, 'recall': 0.955, 'f1-score': 0.9271844660194173, 'support': 200.0}, 'MITM': {'precision': 0.805, 'recall': 0.805, 'f1-score': 0.805, 'support': 200.0}, 'Malware': {'precision': 0.8951048951048951, 'recall': 0.96, 'f1-score': 0.9264173703256937, 'support': 400.0}, 'Scan': {'precision': 0.8670520231213873, 'recall': 0.75, 'f1-score': 0.804289544235925, 'support': 200.0}, 'WebAttack': {'precision': 0.9328358208955224, 'recall': 0.9375, 'f1-score': 0.9351620947630922, 'support': 400.0}, 'accuracy': 0.8838541666666667, 'macro avg': {'precision': 0.8787065583069303, 'recall': 0.8617708333333334, 'f1-score': 0.868298383828044, 'support': 1920.0}, 'weighted avg': {'precision': 0.8843326231724854, 'recall': 0.8838541666666667, 'f1-score': 0.8826480292883006, 'support': 1920.0}}","[[167   2   2   0  21   2   2   4]
 [  1  92  13   0   0   8   6   0]
 [  2   3 177   0  10   6   0   2]
 [  6   0   0 191   0   0   0   3]
 [ 10   0  12   0 161   2   0  15]
 [  1   0   0   0   0 384  15   0]
 [  0   0   1  21   0  25 150   3]
 [  0   3  12   0   8   2   0 375]]",0.678083897,0.247163057
136,ToN_IoT,-1,None,QuantileTransformer,NuSVC,0.864183074,-1,-1,97.09635417,86.17708333,1.65922619,87.87065583,86.82983838,-1,"{'0Normal': {'precision': 0.893048128342246, 'recall': 0.835, 'f1-score': 0.8630490956072352, 'support': 200.0}, 'BruteForce': {'precision': 0.92, 'recall': 0.7666666666666667, 'f1-score': 0.8363636363636363, 'support': 120.0}, 'DDoS': {'precision': 0.815668202764977, 'recall': 0.885, 'f1-score': 0.8489208633093525, 'support': 200.0}, 'DoS': {'precision': 0.9009433962264151, 'recall': 0.955, 'f1-score': 0.9271844660194173, 'support': 200.0}, 'MITM': {'precision': 0.805, 'recall': 0.805, 'f1-score': 0.805, 'support': 200.0}, 'Malware': {'precision': 0.8951048951048951, 'recall': 0.96, 'f1-score': 0.9264173703256937, 'support': 400.0}, 'Scan': {'precision': 0.8670520231213873, 'recall': 0.75, 'f1-score': 0.804289544235925, 'support': 200.0}, 'WebAttack': {'precision': 0.9328358208955224, 'recall': 0.9375, 'f1-score': 0.9351620947630922, 'support': 400.0}, 'accuracy': 0.8838541666666667, 'macro avg': {'precision': 0.8787065583069303, 'recall': 0.8617708333333334, 'f1-score': 0.868298383828044, 'support': 1920.0}, 'weighted avg': {'precision': 0.8843326231724854, 'recall': 0.8838541666666667, 'f1-score': 0.8826480292883006, 'support': 1920.0}}","[[167   2   2   0  21   2   2   4]
 [  1  92  13   0   0   8   6   0]
 [  2   3 177   0  10   6   0   2]
 [  6   0   0 191   0   0   0   3]
 [ 10   0  12   0 161   2   0  15]
 [  1   0   0   0   0 384  15   0]
 [  0   0   1  21   0  25 150   3]
 [  0   3  12   0   8   2   0 375]]",0.706386328,0.257041931
144,ToN_IoT,-1,None,QuantileTransformer,NuSVC,0.864183074,-1,-1,97.09635417,86.17708333,1.65922619,87.87065583,86.82983838,-1,"{'0Normal': {'precision': 0.893048128342246, 'recall': 0.835, 'f1-score': 0.8630490956072352, 'support': 200.0}, 'BruteForce': {'precision': 0.92, 'recall': 0.7666666666666667, 'f1-score': 0.8363636363636363, 'support': 120.0}, 'DDoS': {'precision': 0.815668202764977, 'recall': 0.885, 'f1-score': 0.8489208633093525, 'support': 200.0}, 'DoS': {'precision': 0.9009433962264151, 'recall': 0.955, 'f1-score': 0.9271844660194173, 'support': 200.0}, 'MITM': {'precision': 0.805, 'recall': 0.805, 'f1-score': 0.805, 'support': 200.0}, 'Malware': {'precision': 0.8951048951048951, 'recall': 0.96, 'f1-score': 0.9264173703256937, 'support': 400.0}, 'Scan': {'precision': 0.8670520231213873, 'recall': 0.75, 'f1-score': 0.804289544235925, 'support': 200.0}, 'WebAttack': {'precision': 0.9328358208955224, 'recall': 0.9375, 'f1-score': 0.9351620947630922, 'support': 400.0}, 'accuracy': 0.8838541666666667, 'macro avg': {'precision': 0.8787065583069303, 'recall': 0.8617708333333334, 'f1-score': 0.868298383828044, 'support': 1920.0}, 'weighted avg': {'precision': 0.8843326231724854, 'recall': 0.8838541666666667, 'f1-score': 0.8826480292883006, 'support': 1920.0}}","[[167   2   2   0  21   2   2   4]
 [  1  92  13   0   0   8   6   0]
 [  2   3 177   0  10   6   0   2]
 [  6   0   0 191   0   0   0   3]
 [ 10   0  12   0 161   2   0  15]
 [  1   0   0   0   0 384  15   0]
 [  0   0   1  21   0  25 150   3]
 [  0   3  12   0   8   2   0 375]]",0.712805033,0.25204134
152,ToN_IoT,-1,None,QuantileTransformer,NuSVC,0.864183074,-1,-1,97.09635417,86.17708333,1.65922619,87.87065583,86.82983838,-1,"{'0Normal': {'precision': 0.893048128342246, 'recall': 0.835, 'f1-score': 0.8630490956072352, 'support': 200.0}, 'BruteForce': {'precision': 0.92, 'recall': 0.7666666666666667, 'f1-score': 0.8363636363636363, 'support': 120.0}, 'DDoS': {'precision': 0.815668202764977, 'recall': 0.885, 'f1-score': 0.8489208633093525, 'support': 200.0}, 'DoS': {'precision': 0.9009433962264151, 'recall': 0.955, 'f1-score': 0.9271844660194173, 'support': 200.0}, 'MITM': {'precision': 0.805, 'recall': 0.805, 'f1-score': 0.805, 'support': 200.0}, 'Malware': {'precision': 0.8951048951048951, 'recall': 0.96, 'f1-score': 0.9264173703256937, 'support': 400.0}, 'Scan': {'precision': 0.8670520231213873, 'recall': 0.75, 'f1-score': 0.804289544235925, 'support': 200.0}, 'WebAttack': {'precision': 0.9328358208955224, 'recall': 0.9375, 'f1-score': 0.9351620947630922, 'support': 400.0}, 'accuracy': 0.8838541666666667, 'macro avg': {'precision': 0.8787065583069303, 'recall': 0.8617708333333334, 'f1-score': 0.868298383828044, 'support': 1920.0}, 'weighted avg': {'precision': 0.8843326231724854, 'recall': 0.8838541666666667, 'f1-score': 0.8826480292883006, 'support': 1920.0}}","[[167   2   2   0  21   2   2   4]
 [  1  92  13   0   0   8   6   0]
 [  2   3 177   0  10   6   0   2]
 [  6   0   0 191   0   0   0   3]
 [ 10   0  12   0 161   2   0  15]
 [  1   0   0   0   0 384  15   0]
 [  0   0   1  21   0  25 150   3]
 [  0   3  12   0   8   2   0 375]]",0.707280397,0.250633955
312,ToN_IoT,3,None,MinMaxScaler,LGBM,0.860847501,-1,-1,96.94010417,90.33333333,1.748511905,87.05784706,87.81429602,-1,"{'0Normal': {'precision': 0.8584070796460177, 'recall': 0.97, 'f1-score': 0.9107981220657277, 'support': 200.0}, 'BruteForce': {'precision': 0.6042780748663101, 'recall': 0.9416666666666667, 'f1-score': 0.7361563517915309, 'support': 120.0}, 'DDoS': {'precision': 0.968421052631579, 'recall': 0.92, 'f1-score': 0.9435897435897437, 'support': 200.0}, 'DoS': {'precision': 0.9895833333333334, 'recall': 0.95, 'f1-score': 0.9693877551020408, 'support': 200.0}, 'MITM': {'precision': 0.9264705882352942, 'recall': 0.945, 'f1-score': 0.9356435643564356, 'support': 200.0}, 'Malware': {'precision': 0.9554896142433235, 'recall': 0.805, 'f1-score': 0.8738127544097694, 'support': 400.0}, 'Scan': {'precision': 0.7142857142857143, 'recall': 0.925, 'f1-score': 0.8061002178649239, 'support': 200.0}, 'WebAttack': {'precision': 0.9476923076923077, 'recall': 0.77, 'f1-score': 0.8496551724137932, 'support': 400.0}, 'accuracy': 0.8776041666666666, 'macro avg': {'precision': 0.870578470616735, 'recall': 0.9033333333333333, 'f1-score': 0.8781429601992456, 'support': 1920.0}, 'weighted avg': {'precision': 0.8985519225961446, 'recall': 0.8776041666666666, 'f1-score': 0.8806405278855121, 'support': 1920.0}}","[[194   0   1   0   3   0   1   1]
 [  6 113   1   0   0   0   0   0]
 [  1   0 184   0   2   3   1   9]
 [ 10   0   0 190   0   0   0   0]
 [  4   0   0   1 189   0   3   3]
 [  8   0   0   0   0 322  69   1]
 [  0   0   0   0   0  12 185   3]
 [  3  74   4   1  10   0   0 308]]",12.57430744,0.015048981
10,ToN_IoT,3,None,QuantileTransformer,MLP,0.860844115,-1,-1,96.953125,89.15625,1.741071429,86.60459424,87.13822466,-1,"{'0Normal': {'precision': 0.8985507246376812, 'recall': 0.93, 'f1-score': 0.9140049140049139, 'support': 200.0}, 'BruteForce': {'precision': 0.6491228070175439, 'recall': 0.925, 'f1-score': 0.7628865979381444, 'support': 120.0}, 'DDoS': {'precision': 0.8888888888888888, 'recall': 0.8, 'f1-score': 0.8421052631578948, 'support': 200.0}, 'DoS': {'precision': 0.9847715736040609, 'recall': 0.97, 'f1-score': 0.9773299748110831, 'support': 200.0}, 'MITM': {'precision': 0.8682926829268293, 'recall': 0.89, 'f1-score': 0.8790123456790123, 'support': 200.0}, 'Malware': {'precision': 0.9758308157099698, 'recall': 0.8075, 'f1-score': 0.8837209302325582, 'support': 400.0}, 'Scan': {'precision': 0.6884057971014492, 'recall': 0.95, 'f1-score': 0.7983193277310924, 'support': 200.0}, 'WebAttack': {'precision': 0.9745042492917847, 'recall': 0.86, 'f1-score': 0.9136786188579017, 'support': 400.0}, 'accuracy': 0.878125, 'macro avg': {'precision': 0.866045942397276, 'recall': 0.8915625, 'f1-score': 0.871382246551575, 'support': 1920.0}, 'weighted avg': {'precision': 0.8978180709763485, 'recall': 0.878125, 'f1-score': 0.8815940502424794, 'support': 1920.0}}","[[186   0   0   1   9   2   2   0]
 [  1 111   0   0   0   2   6   0]
 [  3  22 160   0  10   2   3   0]
 [  6   0   0 194   0   0   0   0]
 [  9   0   5   0 178   0   1   7]
 [  2   0   3   0   0 323  72   0]
 [  0   3   1   2   0   2 190   2]
 [  0  35  11   0   8   0   2 344]]",7.022860765,0.005102158
390,ToN_IoT,0,None,MinMaxScaler,LGBM,0.860242897,-1,-1,96.97916667,87.80208333,1.726190476,87.31864146,87.14278603,-1,"{'0Normal': {'precision': 0.8471615720524017, 'recall': 0.97, 'f1-score': 0.9044289044289044, 'support': 200.0}, 'BruteForce': {'precision': 0.8145161290322581, 'recall': 0.8416666666666667, 'f1-score': 0.8278688524590163, 'support': 120.0}, 'DDoS': {'precision': 0.9502487562189055, 'recall': 0.955, 'f1-score': 0.9526184538653366, 'support': 200.0}, 'DoS': {'precision': 0.9675324675324676, 'recall': 0.745, 'f1-score': 0.8418079096045197, 'support': 200.0}, 'MITM': {'precision': 0.8483412322274881, 'recall': 0.895, 'f1-score': 0.8710462287104622, 'support': 200.0}, 'Malware': {'precision': 0.9386666666666666, 'recall': 0.88, 'f1-score': 0.9083870967741936, 'support': 400.0}, 'Scan': {'precision': 0.67578125, 'recall': 0.865, 'f1-score': 0.7587719298245614, 'support': 200.0}, 'WebAttack': {'precision': 0.9432432432432433, 'recall': 0.8725, 'f1-score': 0.9064935064935066, 'support': 400.0}, 'accuracy': 0.8791666666666667, 'macro avg': {'precision': 0.8731864146216788, 'recall': 0.8780208333333334, 'f1-score': 0.8714278602700626, 'support': 1920.0}, 'weighted avg': {'precision': 0.8897494557573372, 'recall': 0.8791666666666667, 'f1-score': 0.8807454108796453, 'support': 1920.0}}","[[194   0   3   0   2   0   1   0]
 [  6 101   0   0   2   0   0  11]
 [  2   0 191   0   1   4   0   2]
 [ 10   0   0 149   0   0  41   0]
 [  9   0   0   5 179   0   0   7]
 [  7   0   0   0   0 352  41   0]
 [  0   1   1   0   5  19 173   1]
 [  1  22   6   0  22   0   0 349]]",0.731809378,0.026986837
362,ToN_IoT,2,None,MinMaxScaler,RF,0.855702921,-1,-1,96.80989583,88.95833333,1.822916667,87.07583496,86.75857103,-1,"{'0Normal': {'precision': 0.8883720930232558, 'recall': 0.955, 'f1-score': 0.9204819277108434, 'support': 200.0}, 'BruteForce': {'precision': 0.4870689655172414, 'recall': 0.9416666666666667, 'f1-score': 0.6420454545454546, 'support': 120.0}, 'DDoS': {'precision': 0.8942307692307693, 'recall': 0.93, 'f1-score': 0.911764705882353, 'support': 200.0}, 'DoS': {'precision': 0.9847715736040609, 'recall': 0.97, 'f1-score': 0.9773299748110831, 'support': 200.0}, 'MITM': {'precision': 0.9550561797752809, 'recall': 0.85, 'f1-score': 0.8994708994708994, 'support': 200.0}, 'Malware': {'precision': 0.9307875894988067, 'recall': 0.975, 'f1-score': 0.9523809523809522, 'support': 400.0}, 'Scan': {'precision': 0.9027027027027027, 'recall': 0.835, 'f1-score': 0.8675324675324674, 'support': 200.0}, 'WebAttack': {'precision': 0.9230769230769231, 'recall': 0.66, 'f1-score': 0.7696793002915452, 'support': 400.0}, 'accuracy': 0.8723958333333334, 'macro avg': {'precision': 0.8707583495536301, 'recall': 0.8895833333333334, 'f1-score': 0.8675857103281998, 'support': 1920.0}, 'weighted avg': {'precision': 0.8984483044581119, 'recall': 0.8723958333333334, 'f1-score': 0.8756174743208244, 'support': 1920.0}}","[[191   0   1   1   3   0   2   2]
 [  0 113   0   0   0   0   6   1]
 [  2   0 186   0   1   4   0   7]
 [  6   0   0 194   0   0   0   0]
 [ 12   1   4   1 170   0   3   9]
 [  2   0   0   0   1 390   7   0]
 [  0   3   1   1   0  25 167   3]
 [  2 115  16   0   3   0   0 264]]",0.110230923,0.016471624
93,ToN_IoT,0,None,QuantileTransformer,KNN,0.851343048,-1,-1,96.7578125,88.5625,1.852678571,85.88887989,86.57260795,-1,"{'0Normal': {'precision': 0.8558558558558559, 'recall': 0.95, 'f1-score': 0.9004739336492892, 'support': 200.0}, 'BruteForce': {'precision': 0.5934065934065934, 'recall': 0.9, 'f1-score': 0.7152317880794702, 'support': 120.0}, 'DDoS': {'precision': 0.9595959595959596, 'recall': 0.95, 'f1-score': 0.9547738693467336, 'support': 200.0}, 'DoS': {'precision': 0.9651741293532339, 'recall': 0.97, 'f1-score': 0.9675810473815462, 'support': 200.0}, 'MITM': {'precision': 0.7857142857142857, 'recall': 0.88, 'f1-score': 0.830188679245283, 'support': 200.0}, 'Malware': {'precision': 0.9072681704260651, 'recall': 0.905, 'f1-score': 0.9061326658322904, 'support': 400.0}, 'Scan': {'precision': 0.8563829787234043, 'recall': 0.805, 'f1-score': 0.8298969072164949, 'support': 200.0}, 'WebAttack': {'precision': 0.9477124183006536, 'recall': 0.725, 'f1-score': 0.821529745042493, 'support': 400.0}, 'accuracy': 0.8703125, 'macro avg': {'precision': 0.8588887989220064, 'recall': 0.8856250000000001, 'f1-score': 0.8657260794742001, 'support': 1920.0}, 'weighted avg': {'precision': 0.8842425357020971, 'recall': 0.8703125, 'f1-score': 0.8716019095246454, 'support': 1920.0}}","[[190   0   2   1   4   1   1   1]
 [  1 108   0   0   0   2   6   3]
 [  2   0 190   0   0   5   0   3]
 [  6   0   0 194   0   0   0   0]
 [ 15   1   0   1 176   0   0   7]
 [  6  12   0   0   0 362  20   0]
 [  0   4   1   5   0  27 161   2]
 [  2  57   5   0  44   2   0 290]]",0.000399113,0.004077911
14,ToN_IoT,3,None,QuantileTransformer,SGD,0.846787878,-1,-1,96.66666667,87.32291667,1.904761905,84.84333064,85.51057341,-1,"{'0Normal': {'precision': 0.8720379146919431, 'recall': 0.92, 'f1-score': 0.8953771289537714, 'support': 200.0}, 'BruteForce': {'precision': 0.5747126436781609, 'recall': 0.8333333333333334, 'f1-score': 0.6802721088435374, 'support': 120.0}, 'DDoS': {'precision': 0.8245614035087719, 'recall': 0.94, 'f1-score': 0.8785046728971964, 'support': 200.0}, 'DoS': {'precision': 0.9014084507042254, 'recall': 0.96, 'f1-score': 0.9297820823244551, 'support': 200.0}, 'MITM': {'precision': 0.9364161849710982, 'recall': 0.81, 'f1-score': 0.8686327077747988, 'support': 200.0}, 'Malware': {'precision': 0.956989247311828, 'recall': 0.89, 'f1-score': 0.922279792746114, 'support': 400.0}, 'Scan': {'precision': 0.7702702702702703, 'recall': 0.855, 'f1-score': 0.8104265402843602, 'support': 200.0}, 'WebAttack': {'precision': 0.9510703363914373, 'recall': 0.7775, 'f1-score': 0.8555708390646493, 'support': 400.0}, 'accuracy': 0.8666666666666667, 'macro avg': {'precision': 0.8484333064409669, 'recall': 0.8732291666666667, 'f1-score': 0.8551057341111103, 'support': 1920.0}, 'weighted avg': {'precision': 0.8818376018499726, 'recall': 0.8666666666666667, 'f1-score': 0.869436214704399, 'support': 1920.0}}","[[184   0   1   5   3   2   2   3]
 [  1 100  11   0   0   2   6   0]
 [  3   4 188   0   0   5   0   0]
 [  6   0   0 192   0   0   0   2]
 [ 12   5   9   2 162   0   1   9]
 [  1   0   1   0   0 356  42   0]
 [  1   3   3  14   0   6 171   2]
 [  3  62  15   0   8   1   0 311]]",2.864697695,0.002742767
341,ToN_IoT,2,None,MinMaxScaler,RF,0.846046062,-1,-1,96.53645833,89.08333333,1.979166667,87.11060515,86.29806647,-1,"{'0Normal': {'precision': 0.8858447488584474, 'recall': 0.97, 'f1-score': 0.9260143198090691, 'support': 200.0}, 'BruteForce': {'precision': 0.4124087591240876, 'recall': 0.9416666666666667, 'f1-score': 0.5736040609137056, 'support': 120.0}, 'DDoS': {'precision': 0.9014084507042254, 'recall': 0.96, 'f1-score': 0.9297820823244551, 'support': 200.0}, 'DoS': {'precision': 0.9797979797979798, 'recall': 0.97, 'f1-score': 0.9748743718592964, 'support': 200.0}, 'MITM': {'precision': 0.9206349206349206, 'recall': 0.87, 'f1-score': 0.8946015424164524, 'support': 200.0}, 'Malware': {'precision': 0.9427083333333334, 'recall': 0.905, 'f1-score': 0.9234693877551022, 'support': 400.0}, 'Scan': {'precision': 0.9835164835164835, 'recall': 0.895, 'f1-score': 0.9371727748691099, 'support': 200.0}, 'WebAttack': {'precision': 0.9425287356321839, 'recall': 0.615, 'f1-score': 0.7443267776096822, 'support': 400.0}, 'accuracy': 0.8614583333333333, 'macro avg': {'precision': 0.8711060514502077, 'recall': 0.8908333333333334, 'f1-score': 0.8629806646946091, 'support': 1920.0}, 'weighted avg': {'precision': 0.9051168725955774, 'recall': 0.8614583333333333, 'f1-score': 0.868979151932935, 'support': 1920.0}}","[[194   0   2   1   2   0   1   0]
 [  3 113   0   0   0   3   0   1]
 [  1   0 192   0   0   4   0   3]
 [  6   0   0 194   0   0   0   0]
 [ 11   1   3   3 174   0   0   8]
 [  2  33   0   0   1 362   2   0]
 [  1   3   0   0   0  14 179   3]
 [  1 124  16   0  12   1   0 246]]",0.125908375,0.013887167
95,ToN_IoT,0,None,QuantileTransformer,MLP,0.842396164,-1,-1,96.5234375,88.33333333,1.986607143,85.891939,86.32490971,-1,"{'0Normal': {'precision': 0.8995215311004785, 'recall': 0.94, 'f1-score': 0.9193154034229829, 'support': 200.0}, 'BruteForce': {'precision': 0.7481481481481481, 'recall': 0.8416666666666667, 'f1-score': 0.792156862745098, 'support': 120.0}, 'DDoS': {'precision': 0.8803827751196173, 'recall': 0.92, 'f1-score': 0.8997555012224938, 'support': 200.0}, 'DoS': {'precision': 0.9797979797979798, 'recall': 0.97, 'f1-score': 0.9748743718592964, 'support': 200.0}, 'MITM': {'precision': 0.8447488584474886, 'recall': 0.925, 'f1-score': 0.883054892601432, 'support': 200.0}, 'Malware': {'precision': 0.968421052631579, 'recall': 0.69, 'f1-score': 0.8058394160583943, 'support': 400.0}, 'Scan': {'precision': 0.6192052980132451, 'recall': 0.935, 'f1-score': 0.7450199203187251, 'support': 200.0}, 'WebAttack': {'precision': 0.931129476584022, 'recall': 0.845, 'f1-score': 0.8859764089121887, 'support': 400.0}, 'accuracy': 0.8609375, 'macro avg': {'precision': 0.8589193899803198, 'recall': 0.8833333333333333, 'f1-score': 0.8632490971425764, 'support': 1920.0}, 'weighted avg': {'precision': 0.8824631656040521, 'recall': 0.8609375, 'f1-score': 0.8625985267722036, 'support': 1920.0}}","[[188   0   3   1   3   1   2   2]
 [  1 101   1   0   0   0   6  11]
 [  2   4 184   0   1   4   1   4]
 [  6   0   0 194   0   0   0   0]
 [  6   0   2   0 185   0   1   6]
 [  2  18   0   0   0 276 104   0]
 [  1   3   1   3   0   3 187   2]
 [  3   9  18   0  30   1   1 338]]",0.627438068,0.001164436
262,ToN_IoT,-1,None,StandardScaler,KNN,0.840933908,-1,-1,96.6015625,83.5,1.941964286,83.88006054,83.66852339,-1,"{'0Normal': {'precision': 0.9038461538461539, 'recall': 0.94, 'f1-score': 0.9215686274509804, 'support': 200.0}, 'BruteForce': {'precision': 0.37815126050420167, 'recall': 0.375, 'f1-score': 0.37656903765690375, 'support': 120.0}, 'DDoS': {'precision': 0.949238578680203, 'recall': 0.935, 'f1-score': 0.942065491183879, 'support': 200.0}, 'DoS': {'precision': 0.9746192893401016, 'recall': 0.96, 'f1-score': 0.9672544080604534, 'support': 200.0}, 'MITM': {'precision': 0.8894736842105263, 'recall': 0.845, 'f1-score': 0.8666666666666666, 'support': 200.0}, 'Malware': {'precision': 0.9425837320574163, 'recall': 0.985, 'f1-score': 0.9633251833740831, 'support': 400.0}, 'Scan': {'precision': 0.8865979381443299, 'recall': 0.86, 'f1-score': 0.8730964467005077, 'support': 200.0}, 'WebAttack': {'precision': 0.7858942065491183, 'recall': 0.78, 'f1-score': 0.7829360100376411, 'support': 400.0}, 'accuracy': 0.8640625, 'macro avg': {'precision': 0.8388006054165064, 'recall': 0.835, 'f1-score': 0.8366852338913894, 'support': 1920.0}, 'weighted avg': {'precision': 0.8632939872642608, 'recall': 0.8640625, 'f1-score': 0.8634495259875081, 'support': 1920.0}}","[[188   0   1   0   4   1   4   2]
 [  0  45   1   0   0   0  10  64]
 [  1   1 187   0   2   3   3   3]
 [  6   0   0 192   0   0   0   2]
 [ 10   2   3   3 169   0   1  12]
 [  1   0   0   0   2 394   3   0]
 [  0   1   1   2   3  19 172   2]
 [  2  70   4   0  10   1   1 312]]",0.000575304,0.010483503
270,ToN_IoT,-1,None,StandardScaler,KNN,0.840933908,-1,-1,96.6015625,83.5,1.941964286,83.88006054,83.66852339,-1,"{'0Normal': {'precision': 0.9038461538461539, 'recall': 0.94, 'f1-score': 0.9215686274509804, 'support': 200.0}, 'BruteForce': {'precision': 0.37815126050420167, 'recall': 0.375, 'f1-score': 0.37656903765690375, 'support': 120.0}, 'DDoS': {'precision': 0.949238578680203, 'recall': 0.935, 'f1-score': 0.942065491183879, 'support': 200.0}, 'DoS': {'precision': 0.9746192893401016, 'recall': 0.96, 'f1-score': 0.9672544080604534, 'support': 200.0}, 'MITM': {'precision': 0.8894736842105263, 'recall': 0.845, 'f1-score': 0.8666666666666666, 'support': 200.0}, 'Malware': {'precision': 0.9425837320574163, 'recall': 0.985, 'f1-score': 0.9633251833740831, 'support': 400.0}, 'Scan': {'precision': 0.8865979381443299, 'recall': 0.86, 'f1-score': 0.8730964467005077, 'support': 200.0}, 'WebAttack': {'precision': 0.7858942065491183, 'recall': 0.78, 'f1-score': 0.7829360100376411, 'support': 400.0}, 'accuracy': 0.8640625, 'macro avg': {'precision': 0.8388006054165064, 'recall': 0.835, 'f1-score': 0.8366852338913894, 'support': 1920.0}, 'weighted avg': {'precision': 0.8632939872642608, 'recall': 0.8640625, 'f1-score': 0.8634495259875081, 'support': 1920.0}}","[[188   0   1   0   4   1   4   2]
 [  0  45   1   0   0   0  10  64]
 [  1   1 187   0   2   3   3   3]
 [  6   0   0 192   0   0   0   2]
 [ 10   2   3   3 169   0   1  12]
 [  1   0   0   0   2 394   3   0]
 [  0   1   1   2   3  19 172   2]
 [  2  70   4   0  10   1   1 312]]",0.001013517,0.011963129
278,ToN_IoT,-1,None,StandardScaler,KNN,0.840933908,-1,-1,96.6015625,83.5,1.941964286,83.88006054,83.66852339,-1,"{'0Normal': {'precision': 0.9038461538461539, 'recall': 0.94, 'f1-score': 0.9215686274509804, 'support': 200.0}, 'BruteForce': {'precision': 0.37815126050420167, 'recall': 0.375, 'f1-score': 0.37656903765690375, 'support': 120.0}, 'DDoS': {'precision': 0.949238578680203, 'recall': 0.935, 'f1-score': 0.942065491183879, 'support': 200.0}, 'DoS': {'precision': 0.9746192893401016, 'recall': 0.96, 'f1-score': 0.9672544080604534, 'support': 200.0}, 'MITM': {'precision': 0.8894736842105263, 'recall': 0.845, 'f1-score': 0.8666666666666666, 'support': 200.0}, 'Malware': {'precision': 0.9425837320574163, 'recall': 0.985, 'f1-score': 0.9633251833740831, 'support': 400.0}, 'Scan': {'precision': 0.8865979381443299, 'recall': 0.86, 'f1-score': 0.8730964467005077, 'support': 200.0}, 'WebAttack': {'precision': 0.7858942065491183, 'recall': 0.78, 'f1-score': 0.7829360100376411, 'support': 400.0}, 'accuracy': 0.8640625, 'macro avg': {'precision': 0.8388006054165064, 'recall': 0.835, 'f1-score': 0.8366852338913894, 'support': 1920.0}, 'weighted avg': {'precision': 0.8632939872642608, 'recall': 0.8640625, 'f1-score': 0.8634495259875081, 'support': 1920.0}}","[[188   0   1   0   4   1   4   2]
 [  0  45   1   0   0   0  10  64]
 [  1   1 187   0   2   3   3   3]
 [  6   0   0 192   0   0   0   2]
 [ 10   2   3   3 169   0   1  12]
 [  1   0   0   0   2 394   3   0]
 [  0   1   1   2   3  19 172   2]
 [  2  70   4   0  10   1   1 312]]",0.000819683,0.020423889
286,ToN_IoT,-1,None,StandardScaler,KNN,0.840933908,-1,-1,96.6015625,83.5,1.941964286,83.88006054,83.66852339,-1,"{'0Normal': {'precision': 0.9038461538461539, 'recall': 0.94, 'f1-score': 0.9215686274509804, 'support': 200.0}, 'BruteForce': {'precision': 0.37815126050420167, 'recall': 0.375, 'f1-score': 0.37656903765690375, 'support': 120.0}, 'DDoS': {'precision': 0.949238578680203, 'recall': 0.935, 'f1-score': 0.942065491183879, 'support': 200.0}, 'DoS': {'precision': 0.9746192893401016, 'recall': 0.96, 'f1-score': 0.9672544080604534, 'support': 200.0}, 'MITM': {'precision': 0.8894736842105263, 'recall': 0.845, 'f1-score': 0.8666666666666666, 'support': 200.0}, 'Malware': {'precision': 0.9425837320574163, 'recall': 0.985, 'f1-score': 0.9633251833740831, 'support': 400.0}, 'Scan': {'precision': 0.8865979381443299, 'recall': 0.86, 'f1-score': 0.8730964467005077, 'support': 200.0}, 'WebAttack': {'precision': 0.7858942065491183, 'recall': 0.78, 'f1-score': 0.7829360100376411, 'support': 400.0}, 'accuracy': 0.8640625, 'macro avg': {'precision': 0.8388006054165064, 'recall': 0.835, 'f1-score': 0.8366852338913894, 'support': 1920.0}, 'weighted avg': {'precision': 0.8632939872642608, 'recall': 0.8640625, 'f1-score': 0.8634495259875081, 'support': 1920.0}}","[[188   0   1   0   4   1   4   2]
 [  0  45   1   0   0   0  10  64]
 [  1   1 187   0   2   3   3   3]
 [  6   0   0 192   0   0   0   2]
 [ 10   2   3   3 169   0   1  12]
 [  1   0   0   0   2 394   3   0]
 [  0   1   1   2   3  19 172   2]
 [  2  70   4   0  10   1   1 312]]",0.000428677,0.012022495
294,ToN_IoT,-1,None,StandardScaler,KNN,0.840933908,-1,-1,96.6015625,83.5,1.941964286,83.88006054,83.66852339,-1,"{'0Normal': {'precision': 0.9038461538461539, 'recall': 0.94, 'f1-score': 0.9215686274509804, 'support': 200.0}, 'BruteForce': {'precision': 0.37815126050420167, 'recall': 0.375, 'f1-score': 0.37656903765690375, 'support': 120.0}, 'DDoS': {'precision': 0.949238578680203, 'recall': 0.935, 'f1-score': 0.942065491183879, 'support': 200.0}, 'DoS': {'precision': 0.9746192893401016, 'recall': 0.96, 'f1-score': 0.9672544080604534, 'support': 200.0}, 'MITM': {'precision': 0.8894736842105263, 'recall': 0.845, 'f1-score': 0.8666666666666666, 'support': 200.0}, 'Malware': {'precision': 0.9425837320574163, 'recall': 0.985, 'f1-score': 0.9633251833740831, 'support': 400.0}, 'Scan': {'precision': 0.8865979381443299, 'recall': 0.86, 'f1-score': 0.8730964467005077, 'support': 200.0}, 'WebAttack': {'precision': 0.7858942065491183, 'recall': 0.78, 'f1-score': 0.7829360100376411, 'support': 400.0}, 'accuracy': 0.8640625, 'macro avg': {'precision': 0.8388006054165064, 'recall': 0.835, 'f1-score': 0.8366852338913894, 'support': 1920.0}, 'weighted avg': {'precision': 0.8632939872642608, 'recall': 0.8640625, 'f1-score': 0.8634495259875081, 'support': 1920.0}}","[[188   0   1   0   4   1   4   2]
 [  0  45   1   0   0   0  10  64]
 [  1   1 187   0   2   3   3   3]
 [  6   0   0 192   0   0   0   2]
 [ 10   2   3   3 169   0   1  12]
 [  1   0   0   0   2 394   3   0]
 [  0   1   1   2   3  19 172   2]
 [  2  70   4   0  10   1   1 312]]",0.001398325,0.020079374
41,ToN_IoT,2,None,QuantileTransformer,MLP,0.839788619,-1,-1,96.47135417,87.30208333,2.016369048,84.43567595,84.91174047,-1,"{'0Normal': {'precision': 0.8245614035087719, 'recall': 0.94, 'f1-score': 0.8785046728971964, 'support': 200.0}, 'BruteForce': {'precision': 0.517948717948718, 'recall': 0.8416666666666667, 'f1-score': 0.6412698412698413, 'support': 120.0}, 'DDoS': {'precision': 0.801762114537445, 'recall': 0.91, 'f1-score': 0.8524590163934426, 'support': 200.0}, 'DoS': {'precision': 0.9847715736040609, 'recall': 0.97, 'f1-score': 0.9773299748110831, 'support': 200.0}, 'MITM': {'precision': 0.8088235294117647, 'recall': 0.825, 'f1-score': 0.8168316831683168, 'support': 200.0}, 'Malware': {'precision': 0.9478908188585607, 'recall': 0.955, 'f1-score': 0.9514321295143212, 'support': 400.0}, 'Scan': {'precision': 0.9137055837563451, 'recall': 0.9, 'f1-score': 0.9068010075566751, 'support': 200.0}, 'WebAttack': {'precision': 0.9553903345724907, 'recall': 0.6425, 'f1-score': 0.7683109118086696, 'support': 400.0}, 'accuracy': 0.8588541666666667, 'macro avg': {'precision': 0.8443567595247696, 'recall': 0.8730208333333334, 'f1-score': 0.8491174046774432, 'support': 1920.0}, 'weighted avg': {'precision': 0.8803078898385126, 'recall': 0.8588541666666667, 'f1-score': 0.8600181606494376, 'support': 1920.0}}","[[188   0   1   2   4   2   1   2]
 [  7 101  10   0   0   2   0   0]
 [  2   8 182   0   2   6   0   0]
 [  6   0   0 194   0   0   0   0]
 [ 17   0   9   0 165   0   1   8]
 [  3   0   0   0   0 382  15   0]
 [  3   3   1   1   0  10 180   2]
 [  2  83  24   0  33   1   0 257]]",0.477222443,0.001348019
277,ToN_IoT,-1,rbf,StandardScaler,HHHv2,0.83875544,-1,-1,96.53645833,85.88034498,1.979166667,80.65625,81.13856053,-1,"{'0Normal': {'precision': 0.91, 'recall': 0.9285714285714286, 'f1-score': 0.9191919191919193, 'support': 196.0}, 'BruteForce': {'precision': 0.175, 'recall': 0.7, 'f1-score': 0.27999999999999997, 'support': 30.0}, 'DDoS': {'precision': 0.935, 'recall': 0.9077669902912622, 'f1-score': 0.9211822660098523, 'support': 206.0}, 'DoS': {'precision': 0.955, 'recall': 0.9695431472081218, 'f1-score': 0.9622166246851385, 'support': 197.0}, 'MITM': {'precision': 0.8, 'recall': 0.8791208791208791, 'f1-score': 0.837696335078534, 'support': 182.0}, 'Malware': {'precision': 0.94, 'recall': 0.8683602771362586, 'f1-score': 0.9027611044417766, 'support': 433.0}, 'Scan': {'precision': 0.79, 'recall': 0.8404255319148937, 'f1-score': 0.8144329896907218, 'support': 188.0}, 'WebAttack': {'precision': 0.9475, 'recall': 0.7766393442622951, 'f1-score': 0.8536036036036037, 'support': 488.0}, 'accuracy': 0.8614583333333333, 'macro avg': {'precision': 0.8065625000000001, 'recall': 0.8588034498131423, 'f1-score': 0.8113856053376933, 'support': 1920.0}, 'weighted avg': {'precision': 0.8999348958333333, 'recall': 0.8614583333333333, 'f1-score': 0.8754740051305284, 'support': 1920.0}}","[[182   0   1   3  10   0   0   0]
 [  0  21   0   0   3   1   1   4]
 [  2   4 187   0   3   0   5   5]
 [  0   0   1 191   2   1   2   0]
 [  9   0   1   1 160   2   1   8]
 [  2   7   4   3   4 376  33   4]
 [  2   4   2   0   4  18 158   0]
 [  3  84   4   2  14   2   0 379]]",913.8573225,0.544928551
121,ToN_IoT,-1,None,QuantileTransformer,SGD,0.836531292,-1,-1,96.49739583,83.22916667,2.001488095,85.00411044,83.78436891,-1,"{'0Normal': {'precision': 0.8762886597938144, 'recall': 0.85, 'f1-score': 0.8629441624365483, 'support': 200.0}, 'BruteForce': {'precision': 0.7454545454545455, 'recall': 0.6833333333333333, 'f1-score': 0.7130434782608696, 'support': 120.0}, 'DDoS': {'precision': 0.7876106194690266, 'recall': 0.89, 'f1-score': 0.8356807511737089, 'support': 200.0}, 'DoS': {'precision': 0.9009433962264151, 'recall': 0.955, 'f1-score': 0.9271844660194173, 'support': 200.0}, 'MITM': {'precision': 0.869281045751634, 'recall': 0.665, 'f1-score': 0.7535410764872521, 'support': 200.0}, 'Malware': {'precision': 0.9465648854961832, 'recall': 0.93, 'f1-score': 0.9382093316519546, 'support': 400.0}, 'Scan': {'precision': 0.8514285714285714, 'recall': 0.745, 'f1-score': 0.7946666666666666, 'support': 200.0}, 'WebAttack': {'precision': 0.8227571115973742, 'recall': 0.94, 'f1-score': 0.8774795799299883, 'support': 400.0}, 'accuracy': 0.8598958333333333, 'macro avg': {'precision': 0.8500411044021956, 'recall': 0.8322916666666667, 'f1-score': 0.8378436890783008, 'support': 1920.0}, 'weighted avg': {'precision': 0.8616113556384691, 'recall': 0.8598958333333333, 'f1-score': 0.8576271909275001, 'support': 1920.0}}","[[170   0   6   3   2   2   2  15]
 [  1  82  12   0   0   2   0  23]
 [  2   2 178   0  10   5   0   3]
 [  6   0   0 191   1   0   0   2]
 [  9  18   3   0 133   1   0  36]
 [  1   0   3   0   0 372  24   0]
 [  5   5  10  18   1  10 149   2]
 [  0   3  14   0   6   1   0 376]]",0.145893097,0.000730515
129,ToN_IoT,-1,None,QuantileTransformer,SGD,0.836531292,-1,-1,96.49739583,83.22916667,2.001488095,85.00411044,83.78436891,-1,"{'0Normal': {'precision': 0.8762886597938144, 'recall': 0.85, 'f1-score': 0.8629441624365483, 'support': 200.0}, 'BruteForce': {'precision': 0.7454545454545455, 'recall': 0.6833333333333333, 'f1-score': 0.7130434782608696, 'support': 120.0}, 'DDoS': {'precision': 0.7876106194690266, 'recall': 0.89, 'f1-score': 0.8356807511737089, 'support': 200.0}, 'DoS': {'precision': 0.9009433962264151, 'recall': 0.955, 'f1-score': 0.9271844660194173, 'support': 200.0}, 'MITM': {'precision': 0.869281045751634, 'recall': 0.665, 'f1-score': 0.7535410764872521, 'support': 200.0}, 'Malware': {'precision': 0.9465648854961832, 'recall': 0.93, 'f1-score': 0.9382093316519546, 'support': 400.0}, 'Scan': {'precision': 0.8514285714285714, 'recall': 0.745, 'f1-score': 0.7946666666666666, 'support': 200.0}, 'WebAttack': {'precision': 0.8227571115973742, 'recall': 0.94, 'f1-score': 0.8774795799299883, 'support': 400.0}, 'accuracy': 0.8598958333333333, 'macro avg': {'precision': 0.8500411044021956, 'recall': 0.8322916666666667, 'f1-score': 0.8378436890783008, 'support': 1920.0}, 'weighted avg': {'precision': 0.8616113556384691, 'recall': 0.8598958333333333, 'f1-score': 0.8576271909275001, 'support': 1920.0}}","[[170   0   6   3   2   2   2  15]
 [  1  82  12   0   0   2   0  23]
 [  2   2 178   0  10   5   0   3]
 [  6   0   0 191   1   0   0   2]
 [  9  18   3   0 133   1   0  36]
 [  1   0   3   0   0 372  24   0]
 [  5   5  10  18   1  10 149   2]
 [  0   3  14   0   6   1   0 376]]",0.139583111,0.00065279
137,ToN_IoT,-1,None,QuantileTransformer,SGD,0.836531292,-1,-1,96.49739583,83.22916667,2.001488095,85.00411044,83.78436891,-1,"{'0Normal': {'precision': 0.8762886597938144, 'recall': 0.85, 'f1-score': 0.8629441624365483, 'support': 200.0}, 'BruteForce': {'precision': 0.7454545454545455, 'recall': 0.6833333333333333, 'f1-score': 0.7130434782608696, 'support': 120.0}, 'DDoS': {'precision': 0.7876106194690266, 'recall': 0.89, 'f1-score': 0.8356807511737089, 'support': 200.0}, 'DoS': {'precision': 0.9009433962264151, 'recall': 0.955, 'f1-score': 0.9271844660194173, 'support': 200.0}, 'MITM': {'precision': 0.869281045751634, 'recall': 0.665, 'f1-score': 0.7535410764872521, 'support': 200.0}, 'Malware': {'precision': 0.9465648854961832, 'recall': 0.93, 'f1-score': 0.9382093316519546, 'support': 400.0}, 'Scan': {'precision': 0.8514285714285714, 'recall': 0.745, 'f1-score': 0.7946666666666666, 'support': 200.0}, 'WebAttack': {'precision': 0.8227571115973742, 'recall': 0.94, 'f1-score': 0.8774795799299883, 'support': 400.0}, 'accuracy': 0.8598958333333333, 'macro avg': {'precision': 0.8500411044021956, 'recall': 0.8322916666666667, 'f1-score': 0.8378436890783008, 'support': 1920.0}, 'weighted avg': {'precision': 0.8616113556384691, 'recall': 0.8598958333333333, 'f1-score': 0.8576271909275001, 'support': 1920.0}}","[[170   0   6   3   2   2   2  15]
 [  1  82  12   0   0   2   0  23]
 [  2   2 178   0  10   5   0   3]
 [  6   0   0 191   1   0   0   2]
 [  9  18   3   0 133   1   0  36]
 [  1   0   3   0   0 372  24   0]
 [  5   5  10  18   1  10 149   2]
 [  0   3  14   0   6   1   0 376]]",0.144316196,0.000783205
145,ToN_IoT,-1,None,QuantileTransformer,SGD,0.836531292,-1,-1,96.49739583,83.22916667,2.001488095,85.00411044,83.78436891,-1,"{'0Normal': {'precision': 0.8762886597938144, 'recall': 0.85, 'f1-score': 0.8629441624365483, 'support': 200.0}, 'BruteForce': {'precision': 0.7454545454545455, 'recall': 0.6833333333333333, 'f1-score': 0.7130434782608696, 'support': 120.0}, 'DDoS': {'precision': 0.7876106194690266, 'recall': 0.89, 'f1-score': 0.8356807511737089, 'support': 200.0}, 'DoS': {'precision': 0.9009433962264151, 'recall': 0.955, 'f1-score': 0.9271844660194173, 'support': 200.0}, 'MITM': {'precision': 0.869281045751634, 'recall': 0.665, 'f1-score': 0.7535410764872521, 'support': 200.0}, 'Malware': {'precision': 0.9465648854961832, 'recall': 0.93, 'f1-score': 0.9382093316519546, 'support': 400.0}, 'Scan': {'precision': 0.8514285714285714, 'recall': 0.745, 'f1-score': 0.7946666666666666, 'support': 200.0}, 'WebAttack': {'precision': 0.8227571115973742, 'recall': 0.94, 'f1-score': 0.8774795799299883, 'support': 400.0}, 'accuracy': 0.8598958333333333, 'macro avg': {'precision': 0.8500411044021956, 'recall': 0.8322916666666667, 'f1-score': 0.8378436890783008, 'support': 1920.0}, 'weighted avg': {'precision': 0.8616113556384691, 'recall': 0.8598958333333333, 'f1-score': 0.8576271909275001, 'support': 1920.0}}","[[170   0   6   3   2   2   2  15]
 [  1  82  12   0   0   2   0  23]
 [  2   2 178   0  10   5   0   3]
 [  6   0   0 191   1   0   0   2]
 [  9  18   3   0 133   1   0  36]
 [  1   0   3   0   0 372  24   0]
 [  5   5  10  18   1  10 149   2]
 [  0   3  14   0   6   1   0 376]]",0.14497447,0.000596285
153,ToN_IoT,-1,None,QuantileTransformer,SGD,0.836531292,-1,-1,96.49739583,83.22916667,2.001488095,85.00411044,83.78436891,-1,"{'0Normal': {'precision': 0.8762886597938144, 'recall': 0.85, 'f1-score': 0.8629441624365483, 'support': 200.0}, 'BruteForce': {'precision': 0.7454545454545455, 'recall': 0.6833333333333333, 'f1-score': 0.7130434782608696, 'support': 120.0}, 'DDoS': {'precision': 0.7876106194690266, 'recall': 0.89, 'f1-score': 0.8356807511737089, 'support': 200.0}, 'DoS': {'precision': 0.9009433962264151, 'recall': 0.955, 'f1-score': 0.9271844660194173, 'support': 200.0}, 'MITM': {'precision': 0.869281045751634, 'recall': 0.665, 'f1-score': 0.7535410764872521, 'support': 200.0}, 'Malware': {'precision': 0.9465648854961832, 'recall': 0.93, 'f1-score': 0.9382093316519546, 'support': 400.0}, 'Scan': {'precision': 0.8514285714285714, 'recall': 0.745, 'f1-score': 0.7946666666666666, 'support': 200.0}, 'WebAttack': {'precision': 0.8227571115973742, 'recall': 0.94, 'f1-score': 0.8774795799299883, 'support': 400.0}, 'accuracy': 0.8598958333333333, 'macro avg': {'precision': 0.8500411044021956, 'recall': 0.8322916666666667, 'f1-score': 0.8378436890783008, 'support': 1920.0}, 'weighted avg': {'precision': 0.8616113556384691, 'recall': 0.8598958333333333, 'f1-score': 0.8576271909275001, 'support': 1920.0}}","[[170   0   6   3   2   2   2  15]
 [  1  82  12   0   0   2   0  23]
 [  2   2 178   0  10   5   0   3]
 [  6   0   0 191   1   0   0   2]
 [  9  18   3   0 133   1   0  36]
 [  1   0   3   0   0 372  24   0]
 [  5   5  10  18   1  10 149   2]
 [  0   3  14   0   6   1   0 376]]",0.146275997,0.000662804
264,ToN_IoT,-1,None,StandardScaler,MLP,0.830390743,-1,-1,96.34114583,78.80208333,2.09077381,79.91934455,78.0073814,-1,"{'0Normal': {'precision': 0.8840579710144928, 'recall': 0.915, 'f1-score': 0.8992628992628994, 'support': 200.0}, 'BruteForce': {'precision': 0.2222222222222222, 'recall': 0.016666666666666666, 'f1-score': 0.031007751937984496, 'support': 120.0}, 'DDoS': {'precision': 0.9306930693069307, 'recall': 0.94, 'f1-score': 0.9353233830845772, 'support': 200.0}, 'DoS': {'precision': 0.9896373056994818, 'recall': 0.955, 'f1-score': 0.9720101781170483, 'support': 200.0}, 'MITM': {'precision': 0.8932584269662921, 'recall': 0.795, 'f1-score': 0.8412698412698412, 'support': 200.0}, 'Malware': {'precision': 0.8616780045351474, 'recall': 0.95, 'f1-score': 0.9036860879904874, 'support': 400.0}, 'Scan': {'precision': 0.8674033149171271, 'recall': 0.785, 'f1-score': 0.8241469816272965, 'support': 200.0}, 'WebAttack': {'precision': 0.7445972495088409, 'recall': 0.9475, 'f1-score': 0.8338833883388339, 'support': 400.0}, 'accuracy': 0.8536458333333333, 'macro avg': {'precision': 0.7991934455213168, 'recall': 0.7880208333333334, 'f1-score': 0.7800738139536211, 'support': 1920.0}, 'weighted avg': {'precision': 0.824055617638087, 'recall': 0.8536458333333333, 'f1-score': 0.829766342414906, 'support': 1920.0}}","[[183   0   3   0   8   2   1   3]
 [  0   2   0   0   0   7   8 103]
 [  2   0 188   0   1   5   1   3]
 [  6   0   0 191   1   0   0   2]
 [ 13   3   2   0 159   3   3  17]
 [  2   0   5   0   1 380  11   1]
 [  0   0   1   2   1  38 157   1]
 [  1   4   3   0   7   6   0 379]]",2.572186947,0.000766039
272,ToN_IoT,-1,None,StandardScaler,MLP,0.830390743,-1,-1,96.34114583,78.80208333,2.09077381,79.91934455,78.0073814,-1,"{'0Normal': {'precision': 0.8840579710144928, 'recall': 0.915, 'f1-score': 0.8992628992628994, 'support': 200.0}, 'BruteForce': {'precision': 0.2222222222222222, 'recall': 0.016666666666666666, 'f1-score': 0.031007751937984496, 'support': 120.0}, 'DDoS': {'precision': 0.9306930693069307, 'recall': 0.94, 'f1-score': 0.9353233830845772, 'support': 200.0}, 'DoS': {'precision': 0.9896373056994818, 'recall': 0.955, 'f1-score': 0.9720101781170483, 'support': 200.0}, 'MITM': {'precision': 0.8932584269662921, 'recall': 0.795, 'f1-score': 0.8412698412698412, 'support': 200.0}, 'Malware': {'precision': 0.8616780045351474, 'recall': 0.95, 'f1-score': 0.9036860879904874, 'support': 400.0}, 'Scan': {'precision': 0.8674033149171271, 'recall': 0.785, 'f1-score': 0.8241469816272965, 'support': 200.0}, 'WebAttack': {'precision': 0.7445972495088409, 'recall': 0.9475, 'f1-score': 0.8338833883388339, 'support': 400.0}, 'accuracy': 0.8536458333333333, 'macro avg': {'precision': 0.7991934455213168, 'recall': 0.7880208333333334, 'f1-score': 0.7800738139536211, 'support': 1920.0}, 'weighted avg': {'precision': 0.824055617638087, 'recall': 0.8536458333333333, 'f1-score': 0.829766342414906, 'support': 1920.0}}","[[183   0   3   0   8   2   1   3]
 [  0   2   0   0   0   7   8 103]
 [  2   0 188   0   1   5   1   3]
 [  6   0   0 191   1   0   0   2]
 [ 13   3   2   0 159   3   3  17]
 [  2   0   5   0   1 380  11   1]
 [  0   0   1   2   1  38 157   1]
 [  1   4   3   0   7   6   0 379]]",2.710538864,0.004874229
280,ToN_IoT,-1,None,StandardScaler,MLP,0.830390743,-1,-1,96.34114583,78.80208333,2.09077381,79.91934455,78.0073814,-1,"{'0Normal': {'precision': 0.8840579710144928, 'recall': 0.915, 'f1-score': 0.8992628992628994, 'support': 200.0}, 'BruteForce': {'precision': 0.2222222222222222, 'recall': 0.016666666666666666, 'f1-score': 0.031007751937984496, 'support': 120.0}, 'DDoS': {'precision': 0.9306930693069307, 'recall': 0.94, 'f1-score': 0.9353233830845772, 'support': 200.0}, 'DoS': {'precision': 0.9896373056994818, 'recall': 0.955, 'f1-score': 0.9720101781170483, 'support': 200.0}, 'MITM': {'precision': 0.8932584269662921, 'recall': 0.795, 'f1-score': 0.8412698412698412, 'support': 200.0}, 'Malware': {'precision': 0.8616780045351474, 'recall': 0.95, 'f1-score': 0.9036860879904874, 'support': 400.0}, 'Scan': {'precision': 0.8674033149171271, 'recall': 0.785, 'f1-score': 0.8241469816272965, 'support': 200.0}, 'WebAttack': {'precision': 0.7445972495088409, 'recall': 0.9475, 'f1-score': 0.8338833883388339, 'support': 400.0}, 'accuracy': 0.8536458333333333, 'macro avg': {'precision': 0.7991934455213168, 'recall': 0.7880208333333334, 'f1-score': 0.7800738139536211, 'support': 1920.0}, 'weighted avg': {'precision': 0.824055617638087, 'recall': 0.8536458333333333, 'f1-score': 0.829766342414906, 'support': 1920.0}}","[[183   0   3   0   8   2   1   3]
 [  0   2   0   0   0   7   8 103]
 [  2   0 188   0   1   5   1   3]
 [  6   0   0 191   1   0   0   2]
 [ 13   3   2   0 159   3   3  17]
 [  2   0   5   0   1 380  11   1]
 [  0   0   1   2   1  38 157   1]
 [  1   4   3   0   7   6   0 379]]",2.956586838,0.009391069
288,ToN_IoT,-1,None,StandardScaler,MLP,0.830390743,-1,-1,96.34114583,78.80208333,2.09077381,79.91934455,78.0073814,-1,"{'0Normal': {'precision': 0.8840579710144928, 'recall': 0.915, 'f1-score': 0.8992628992628994, 'support': 200.0}, 'BruteForce': {'precision': 0.2222222222222222, 'recall': 0.016666666666666666, 'f1-score': 0.031007751937984496, 'support': 120.0}, 'DDoS': {'precision': 0.9306930693069307, 'recall': 0.94, 'f1-score': 0.9353233830845772, 'support': 200.0}, 'DoS': {'precision': 0.9896373056994818, 'recall': 0.955, 'f1-score': 0.9720101781170483, 'support': 200.0}, 'MITM': {'precision': 0.8932584269662921, 'recall': 0.795, 'f1-score': 0.8412698412698412, 'support': 200.0}, 'Malware': {'precision': 0.8616780045351474, 'recall': 0.95, 'f1-score': 0.9036860879904874, 'support': 400.0}, 'Scan': {'precision': 0.8674033149171271, 'recall': 0.785, 'f1-score': 0.8241469816272965, 'support': 200.0}, 'WebAttack': {'precision': 0.7445972495088409, 'recall': 0.9475, 'f1-score': 0.8338833883388339, 'support': 400.0}, 'accuracy': 0.8536458333333333, 'macro avg': {'precision': 0.7991934455213168, 'recall': 0.7880208333333334, 'f1-score': 0.7800738139536211, 'support': 1920.0}, 'weighted avg': {'precision': 0.824055617638087, 'recall': 0.8536458333333333, 'f1-score': 0.829766342414906, 'support': 1920.0}}","[[183   0   3   0   8   2   1   3]
 [  0   2   0   0   0   7   8 103]
 [  2   0 188   0   1   5   1   3]
 [  6   0   0 191   1   0   0   2]
 [ 13   3   2   0 159   3   3  17]
 [  2   0   5   0   1 380  11   1]
 [  0   0   1   2   1  38 157   1]
 [  1   4   3   0   7   6   0 379]]",2.303673744,0.090681076
296,ToN_IoT,-1,None,StandardScaler,MLP,0.830390743,-1,-1,96.34114583,78.80208333,2.09077381,79.91934455,78.0073814,-1,"{'0Normal': {'precision': 0.8840579710144928, 'recall': 0.915, 'f1-score': 0.8992628992628994, 'support': 200.0}, 'BruteForce': {'precision': 0.2222222222222222, 'recall': 0.016666666666666666, 'f1-score': 0.031007751937984496, 'support': 120.0}, 'DDoS': {'precision': 0.9306930693069307, 'recall': 0.94, 'f1-score': 0.9353233830845772, 'support': 200.0}, 'DoS': {'precision': 0.9896373056994818, 'recall': 0.955, 'f1-score': 0.9720101781170483, 'support': 200.0}, 'MITM': {'precision': 0.8932584269662921, 'recall': 0.795, 'f1-score': 0.8412698412698412, 'support': 200.0}, 'Malware': {'precision': 0.8616780045351474, 'recall': 0.95, 'f1-score': 0.9036860879904874, 'support': 400.0}, 'Scan': {'precision': 0.8674033149171271, 'recall': 0.785, 'f1-score': 0.8241469816272965, 'support': 200.0}, 'WebAttack': {'precision': 0.7445972495088409, 'recall': 0.9475, 'f1-score': 0.8338833883388339, 'support': 400.0}, 'accuracy': 0.8536458333333333, 'macro avg': {'precision': 0.7991934455213168, 'recall': 0.7880208333333334, 'f1-score': 0.7800738139536211, 'support': 1920.0}, 'weighted avg': {'precision': 0.824055617638087, 'recall': 0.8536458333333333, 'f1-score': 0.829766342414906, 'support': 1920.0}}","[[183   0   3   0   8   2   1   3]
 [  0   2   0   0   0   7   8 103]
 [  2   0 188   0   1   5   1   3]
 [  6   0   0 191   1   0   0   2]
 [ 13   3   2   0 159   3   3  17]
 [  2   0   5   0   1 380  11   1]
 [  0   0   1   2   1  38 157   1]
 [  1   4   3   0   7   6   0 379]]",7.884131432,0.002397776
61,ToN_IoT,2,None,QuantileTransformer,SGD,0.826244714,-1,-1,96.171875,84.88541667,2.1875,85.51506395,83.54036799,-1,"{'0Normal': {'precision': 0.9090909090909091, 'recall': 0.9, 'f1-score': 0.9045226130653266, 'support': 200.0}, 'BruteForce': {'precision': 0.4274193548387097, 'recall': 0.8833333333333333, 'f1-score': 0.5760869565217391, 'support': 120.0}, 'DDoS': {'precision': 0.9607843137254902, 'recall': 0.735, 'f1-score': 0.8328611898016998, 'support': 200.0}, 'DoS': {'precision': 0.9947643979057592, 'recall': 0.95, 'f1-score': 0.9718670076726342, 'support': 200.0}, 'MITM': {'precision': 0.94, 'recall': 0.705, 'f1-score': 0.8057142857142856, 'support': 200.0}, 'Malware': {'precision': 0.9552715654952076, 'recall': 0.7475, 'f1-score': 0.8387096774193548, 'support': 400.0}, 'Scan': {'precision': 0.7644628099173554, 'recall': 0.925, 'f1-score': 0.8371040723981901, 'support': 200.0}, 'WebAttack': {'precision': 0.8894117647058823, 'recall': 0.945, 'f1-score': 0.9163636363636363, 'support': 400.0}, 'accuracy': 0.846875, 'macro avg': {'precision': 0.8551506394599142, 'recall': 0.8488541666666667, 'f1-score': 0.8354036798696083, 'support': 1920.0}, 'weighted avg': {'precision': 0.8869709066609291, 'recall': 0.846875, 'f1-score': 0.8549862468886626, 'support': 1920.0}}","[[180   2   0   0   2   2   4  10]
 [  1 106   0   0   0   2   6   5]
 [  2  43 147   0   0   5   0   3]
 [  6   2   0 190   0   0   0   2]
 [  7  26   0   0 141   0   1  25]
 [  1  54   0   0   0 299  46   0]
 [  1   3   4   1   0   4 185   2]
 [  0  12   2   0   7   1   0 378]]",0.489431143,0.000969887
409,ToN_IoT,-1,None,MinMaxScaler,KNN,0.82555887,-1,-1,96.27604167,81.44791667,2.12797619,81.90858822,81.61008663,-1,"{'0Normal': {'precision': 0.8957345971563981, 'recall': 0.945, 'f1-score': 0.9197080291970804, 'support': 200.0}, 'BruteForce': {'precision': 0.2980769230769231, 'recall': 0.25833333333333336, 'f1-score': 0.2767857142857143, 'support': 120.0}, 'DDoS': {'precision': 0.9219512195121952, 'recall': 0.945, 'f1-score': 0.9333333333333333, 'support': 200.0}, 'DoS': {'precision': 0.9696969696969697, 'recall': 0.96, 'f1-score': 0.964824120603015, 'support': 200.0}, 'MITM': {'precision': 0.8950276243093923, 'recall': 0.81, 'f1-score': 0.8503937007874015, 'support': 200.0}, 'Malware': {'precision': 0.9401913875598086, 'recall': 0.9825, 'f1-score': 0.960880195599022, 'support': 400.0}, 'Scan': {'precision': 0.8795811518324608, 'recall': 0.84, 'f1-score': 0.8593350383631715, 'support': 200.0}, 'WebAttack': {'precision': 0.7524271844660194, 'recall': 0.775, 'f1-score': 0.7635467980295567, 'support': 400.0}, 'accuracy': 0.8510416666666667, 'macro avg': {'precision': 0.8190858822012709, 'recall': 0.8144791666666666, 'f1-score': 0.8161008662747868, 'support': 1920.0}, 'weighted avg': {'precision': 0.846466131292211, 'recall': 0.8510416666666667, 'f1-score': 0.8481791289700612, 'support': 1920.0}}","[[189   0   1   0   3   1   3   3]
 [  0  31   1   0   0   0  13  75]
 [  1   0 189   0   0   3   3   4]
 [  6   0   0 192   0   0   0   2]
 [  9   6   3   4 162   0   0  16]
 [  1   0   0   0   3 393   3   0]
 [  4   1   2   2   2  19 168   2]
 [  1  66   9   0  11   2   1 310]]",0.000418425,0.009778738
417,ToN_IoT,-1,None,MinMaxScaler,KNN,0.82555887,-1,-1,96.27604167,81.44791667,2.12797619,81.90858822,81.61008663,-1,"{'0Normal': {'precision': 0.8957345971563981, 'recall': 0.945, 'f1-score': 0.9197080291970804, 'support': 200.0}, 'BruteForce': {'precision': 0.2980769230769231, 'recall': 0.25833333333333336, 'f1-score': 0.2767857142857143, 'support': 120.0}, 'DDoS': {'precision': 0.9219512195121952, 'recall': 0.945, 'f1-score': 0.9333333333333333, 'support': 200.0}, 'DoS': {'precision': 0.9696969696969697, 'recall': 0.96, 'f1-score': 0.964824120603015, 'support': 200.0}, 'MITM': {'precision': 0.8950276243093923, 'recall': 0.81, 'f1-score': 0.8503937007874015, 'support': 200.0}, 'Malware': {'precision': 0.9401913875598086, 'recall': 0.9825, 'f1-score': 0.960880195599022, 'support': 400.0}, 'Scan': {'precision': 0.8795811518324608, 'recall': 0.84, 'f1-score': 0.8593350383631715, 'support': 200.0}, 'WebAttack': {'precision': 0.7524271844660194, 'recall': 0.775, 'f1-score': 0.7635467980295567, 'support': 400.0}, 'accuracy': 0.8510416666666667, 'macro avg': {'precision': 0.8190858822012709, 'recall': 0.8144791666666666, 'f1-score': 0.8161008662747868, 'support': 1920.0}, 'weighted avg': {'precision': 0.846466131292211, 'recall': 0.8510416666666667, 'f1-score': 0.8481791289700612, 'support': 1920.0}}","[[189   0   1   0   3   1   3   3]
 [  0  31   1   0   0   0  13  75]
 [  1   0 189   0   0   3   3   4]
 [  6   0   0 192   0   0   0   2]
 [  9   6   3   4 162   0   0  16]
 [  1   0   0   0   3 393   3   0]
 [  4   1   2   2   2  19 168   2]
 [  1  66   9   0  11   2   1 310]]",0.000463486,0.015855551
425,ToN_IoT,-1,None,MinMaxScaler,KNN,0.82555887,-1,-1,96.27604167,81.44791667,2.12797619,81.90858822,81.61008663,-1,"{'0Normal': {'precision': 0.8957345971563981, 'recall': 0.945, 'f1-score': 0.9197080291970804, 'support': 200.0}, 'BruteForce': {'precision': 0.2980769230769231, 'recall': 0.25833333333333336, 'f1-score': 0.2767857142857143, 'support': 120.0}, 'DDoS': {'precision': 0.9219512195121952, 'recall': 0.945, 'f1-score': 0.9333333333333333, 'support': 200.0}, 'DoS': {'precision': 0.9696969696969697, 'recall': 0.96, 'f1-score': 0.964824120603015, 'support': 200.0}, 'MITM': {'precision': 0.8950276243093923, 'recall': 0.81, 'f1-score': 0.8503937007874015, 'support': 200.0}, 'Malware': {'precision': 0.9401913875598086, 'recall': 0.9825, 'f1-score': 0.960880195599022, 'support': 400.0}, 'Scan': {'precision': 0.8795811518324608, 'recall': 0.84, 'f1-score': 0.8593350383631715, 'support': 200.0}, 'WebAttack': {'precision': 0.7524271844660194, 'recall': 0.775, 'f1-score': 0.7635467980295567, 'support': 400.0}, 'accuracy': 0.8510416666666667, 'macro avg': {'precision': 0.8190858822012709, 'recall': 0.8144791666666666, 'f1-score': 0.8161008662747868, 'support': 1920.0}, 'weighted avg': {'precision': 0.846466131292211, 'recall': 0.8510416666666667, 'f1-score': 0.8481791289700612, 'support': 1920.0}}","[[189   0   1   0   3   1   3   3]
 [  0  31   1   0   0   0  13  75]
 [  1   0 189   0   0   3   3   4]
 [  6   0   0 192   0   0   0   2]
 [  9   6   3   4 162   0   0  16]
 [  1   0   0   0   3 393   3   0]
 [  4   1   2   2   2  19 168   2]
 [  1  66   9   0  11   2   1 310]]",0.00213933,0.019083261
433,ToN_IoT,-1,None,MinMaxScaler,KNN,0.82555887,-1,-1,96.27604167,81.44791667,2.12797619,81.90858822,81.61008663,-1,"{'0Normal': {'precision': 0.8957345971563981, 'recall': 0.945, 'f1-score': 0.9197080291970804, 'support': 200.0}, 'BruteForce': {'precision': 0.2980769230769231, 'recall': 0.25833333333333336, 'f1-score': 0.2767857142857143, 'support': 120.0}, 'DDoS': {'precision': 0.9219512195121952, 'recall': 0.945, 'f1-score': 0.9333333333333333, 'support': 200.0}, 'DoS': {'precision': 0.9696969696969697, 'recall': 0.96, 'f1-score': 0.964824120603015, 'support': 200.0}, 'MITM': {'precision': 0.8950276243093923, 'recall': 0.81, 'f1-score': 0.8503937007874015, 'support': 200.0}, 'Malware': {'precision': 0.9401913875598086, 'recall': 0.9825, 'f1-score': 0.960880195599022, 'support': 400.0}, 'Scan': {'precision': 0.8795811518324608, 'recall': 0.84, 'f1-score': 0.8593350383631715, 'support': 200.0}, 'WebAttack': {'precision': 0.7524271844660194, 'recall': 0.775, 'f1-score': 0.7635467980295567, 'support': 400.0}, 'accuracy': 0.8510416666666667, 'macro avg': {'precision': 0.8190858822012709, 'recall': 0.8144791666666666, 'f1-score': 0.8161008662747868, 'support': 1920.0}, 'weighted avg': {'precision': 0.846466131292211, 'recall': 0.8510416666666667, 'f1-score': 0.8481791289700612, 'support': 1920.0}}","[[189   0   1   0   3   1   3   3]
 [  0  31   1   0   0   0  13  75]
 [  1   0 189   0   0   3   3   4]
 [  6   0   0 192   0   0   0   2]
 [  9   6   3   4 162   0   0  16]
 [  1   0   0   0   3 393   3   0]
 [  4   1   2   2   2  19 168   2]
 [  1  66   9   0  11   2   1 310]]",0.000422001,0.009322166
441,ToN_IoT,-1,None,MinMaxScaler,KNN,0.82555887,-1,-1,96.27604167,81.44791667,2.12797619,81.90858822,81.61008663,-1,"{'0Normal': {'precision': 0.8957345971563981, 'recall': 0.945, 'f1-score': 0.9197080291970804, 'support': 200.0}, 'BruteForce': {'precision': 0.2980769230769231, 'recall': 0.25833333333333336, 'f1-score': 0.2767857142857143, 'support': 120.0}, 'DDoS': {'precision': 0.9219512195121952, 'recall': 0.945, 'f1-score': 0.9333333333333333, 'support': 200.0}, 'DoS': {'precision': 0.9696969696969697, 'recall': 0.96, 'f1-score': 0.964824120603015, 'support': 200.0}, 'MITM': {'precision': 0.8950276243093923, 'recall': 0.81, 'f1-score': 0.8503937007874015, 'support': 200.0}, 'Malware': {'precision': 0.9401913875598086, 'recall': 0.9825, 'f1-score': 0.960880195599022, 'support': 400.0}, 'Scan': {'precision': 0.8795811518324608, 'recall': 0.84, 'f1-score': 0.8593350383631715, 'support': 200.0}, 'WebAttack': {'precision': 0.7524271844660194, 'recall': 0.775, 'f1-score': 0.7635467980295567, 'support': 400.0}, 'accuracy': 0.8510416666666667, 'macro avg': {'precision': 0.8190858822012709, 'recall': 0.8144791666666666, 'f1-score': 0.8161008662747868, 'support': 1920.0}, 'weighted avg': {'precision': 0.846466131292211, 'recall': 0.8510416666666667, 'f1-score': 0.8481791289700612, 'support': 1920.0}}","[[189   0   1   0   3   1   3   3]
 [  0  31   1   0   0   0  13  75]
 [  1   0 189   0   0   3   3   4]
 [  6   0   0 192   0   0   0   2]
 [  9   6   3   4 162   0   0  16]
 [  1   0   0   0   3 393   3   0]
 [  4   1   2   2   2  19 168   2]
 [  1  66   9   0  11   2   1 310]]",0.000416756,0.009370565
285,ToN_IoT,-1,poly,StandardScaler,HHHv2,0.819322043,-1,-1,96.11979167,82.81362937,2.217261905,78.3125,77.80340665,-1,"{'0Normal': {'precision': 0.91, 'recall': 0.9333333333333333, 'f1-score': 0.9215189873417723, 'support': 195.0}, 'BruteForce': {'precision': 0.075, 'recall': 0.6, 'f1-score': 0.13333333333333333, 'support': 15.0}, 'DDoS': {'precision': 0.92, 'recall': 0.8288288288288288, 'f1-score': 0.8720379146919431, 'support': 222.0}, 'DoS': {'precision': 0.965, 'recall': 0.9601990049751243, 'f1-score': 0.9625935162094762, 'support': 201.0}, 'MITM': {'precision': 0.77, 'recall': 0.8901734104046243, 'f1-score': 0.8257372654155496, 'support': 173.0}, 'Malware': {'precision': 0.9375, 'recall': 0.8426966292134831, 'f1-score': 0.8875739644970413, 'support': 445.0}, 'Scan': {'precision': 0.75, 'recall': 0.7853403141361257, 'f1-score': 0.7672634271099744, 'support': 191.0}, 'WebAttack': {'precision': 0.9375, 'recall': 0.7845188284518828, 'f1-score': 0.8542141230068336, 'support': 478.0}, 'accuracy': 0.8447916666666667, 'macro avg': {'precision': 0.7831250000000001, 'recall': 0.8281362936679253, 'f1-score': 0.7780340664507405, 'support': 1920.0}, 'weighted avg': {'precision': 0.8950794270833334, 'recall': 0.8447916666666667, 'f1-score': 0.865340907731618, 'support': 1920.0}}","[[182   0   0   3   9   1   0   0]
 [  1   9   1   0   4   0   0   0]
 [  3  10 184   0   9   2   1  13]
 [  1   0   2 193   3   0   2   0]
 [  8   0   0   1 154   1   1   8]
 [  2   8   5   3   5 375  45   2]
 [  2   7   4   0   6  20 150   2]
 [  1  86   4   0  10   1   1 375]]",414.1603777,0.191144943
171,ToN_IoT,3,None,StandardScaler,MLP,0.810014109,-1,-1,95.92447917,83.60416667,2.328869048,82.83438532,83.12974801,-1,"{'0Normal': {'precision': 0.9138755980861244, 'recall': 0.955, 'f1-score': 0.9339853300733496, 'support': 200.0}, 'BruteForce': {'precision': 0.6642335766423357, 'recall': 0.7583333333333333, 'f1-score': 0.708171206225681, 'support': 120.0}, 'DDoS': {'precision': 0.7761904761904762, 'recall': 0.815, 'f1-score': 0.7951219512195122, 'support': 200.0}, 'DoS': {'precision': 0.9948717948717949, 'recall': 0.97, 'f1-score': 0.9822784810126582, 'support': 200.0}, 'MITM': {'precision': 0.9354838709677419, 'recall': 0.87, 'f1-score': 0.9015544041450777, 'support': 200.0}, 'Malware': {'precision': 0.8613333333333333, 'recall': 0.8075, 'f1-score': 0.8335483870967743, 'support': 400.0}, 'Scan': {'precision': 0.6232558139534884, 'recall': 0.67, 'f1-score': 0.6457831325301205, 'support': 200.0}, 'WebAttack': {'precision': 0.8575063613231552, 'recall': 0.8425, 'f1-score': 0.8499369482976041, 'support': 400.0}, 'accuracy': 0.8369791666666667, 'macro avg': {'precision': 0.8283438531710563, 'recall': 0.8360416666666667, 'f1-score': 0.8312974800750972, 'support': 1920.0}, 'weighted avg': {'precision': 0.8416559468091672, 'recall': 0.8369791666666667, 'f1-score': 0.838603822240092, 'support': 1920.0}}","[[191   0   4   1   1   0   2   1]
 [  0  91   4   0   0   7   1  17]
 [  2   2 163   0   1   3   3  26]
 [  6   0   0 194   0   0   0   0]
 [  8   0   7   0 174   1   5   5]
 [  1   0   3   0   1 323  67   5]
 [  0   0  23   0   1  40 134   2]
 [  1  44   6   0   8   1   3 337]]",3.793344021,0.007299423
22,ToN_IoT,3,None,QuantileTransformer,SGD,0.808006513,-1,-1,95.859375,76.46875,2.366071429,73.13072783,74.32388068,-1,"{'0Normal': {'precision': 0.8679245283018868, 'recall': 0.92, 'f1-score': 0.8932038834951457, 'support': 200.0}, 'BruteForce': {'precision': 0.0, 'recall': 0.0, 'f1-score': 0.0, 'support': 120.0}, 'DDoS': {'precision': 0.8305084745762712, 'recall': 0.735, 'f1-score': 0.7798408488063661, 'support': 200.0}, 'DoS': {'precision': 0.8584070796460177, 'recall': 0.97, 'f1-score': 0.9107981220657277, 'support': 200.0}, 'MITM': {'precision': 0.6793893129770993, 'recall': 0.89, 'f1-score': 0.7705627705627707, 'support': 200.0}, 'Malware': {'precision': 0.8406113537117904, 'recall': 0.9625, 'f1-score': 0.8974358974358975, 'support': 400.0}, 'Scan': {'precision': 0.9044585987261147, 'recall': 0.71, 'f1-score': 0.7955182072829132, 'support': 200.0}, 'WebAttack': {'precision': 0.8691588785046729, 'recall': 0.93, 'f1-score': 0.8985507246376813, 'support': 400.0}, 'accuracy': 0.834375, 'macro avg': {'precision': 0.7313072783054817, 'recall': 0.7646875, 'f1-score': 0.7432388067858128, 'support': 1920.0}, 'weighted avg': {'precision': 0.7875237977771162, 'recall': 0.834375, 'f1-score': 0.8064476121208417, 'support': 1920.0}}","[[184   0   0   2   6   2   2   4]
 [  6   0  13   1  52   8   0  40]
 [  2   0 147   8  14  28   0   1]
 [  6   0   0 194   0   0   0   0]
 [  8   0   3   0 178   1   1   9]
 [  3   0   0   0   0 385  12   0]
 [  3   0   0  21   0  32 142   2]
 [  0   0  14   0  12   2   0 372]]",3.285838127,0.00263834
63,ToN_IoT,2,None,QuantileTransformer,KNN,0.807187629,-1,-1,95.69010417,84.84375,2.462797619,83.90492388,82.09682653,-1,"{'0Normal': {'precision': 0.8430493273542601, 'recall': 0.94, 'f1-score': 0.8888888888888888, 'support': 200.0}, 'BruteForce': {'precision': 0.4475806451612903, 'recall': 0.925, 'f1-score': 0.6032608695652174, 'support': 120.0}, 'DDoS': {'precision': 0.8648648648648649, 'recall': 0.96, 'f1-score': 0.9099526066350712, 'support': 200.0}, 'DoS': {'precision': 0.9651741293532339, 'recall': 0.97, 'f1-score': 0.9675810473815462, 'support': 200.0}, 'MITM': {'precision': 0.8514851485148515, 'recall': 0.86, 'f1-score': 0.8557213930348259, 'support': 200.0}, 'Malware': {'precision': 0.8376623376623377, 'recall': 0.9675, 'f1-score': 0.8979118329466357, 'support': 400.0}, 'Scan': {'precision': 0.9453125, 'recall': 0.605, 'f1-score': 0.7378048780487805, 'support': 200.0}, 'WebAttack': {'precision': 0.9572649572649573, 'recall': 0.56, 'f1-score': 0.7066246056782334, 'support': 400.0}, 'accuracy': 0.8276041666666667, 'macro avg': {'precision': 0.8390492387719745, 'recall': 0.8484375, 'f1-score': 0.8209682652723999, 'support': 1920.0}, 'weighted avg': {'precision': 0.8675300986498515, 'recall': 0.8276041666666667, 'f1-score': 0.8261435638518729, 'support': 1920.0}}","[[188   0   2   1   3   1   4   1]
 [  5 111   0   0   0   4   0   0]
 [  3   0 192   0   0   5   0   0]
 [  6   0   0 194   0   0   0   0]
 [ 13   3   3   1 172   0   1   7]
 [  1   0   9   0   1 387   2   0]
 [  2   5   2   5   0  63 121   2]
 [  5 129  14   0  26   2   0 224]]",0.000520945,0.007679462
2,ToN_IoT,3,None,QuantileTransformer,MLP,0.805897701,-1,-1,95.79427083,75.97916667,2.40327381,85.96273082,76.90598438,-1,"{'0Normal': {'precision': 0.912568306010929, 'recall': 0.835, 'f1-score': 0.8720626631853786, 'support': 200.0}, 'BruteForce': {'precision': 0.7142857142857143, 'recall': 0.08333333333333333, 'f1-score': 0.14925373134328357, 'support': 120.0}, 'DDoS': {'precision': 0.91875, 'recall': 0.735, 'f1-score': 0.8166666666666665, 'support': 200.0}, 'DoS': {'precision': 0.941747572815534, 'recall': 0.97, 'f1-score': 0.9556650246305418, 'support': 200.0}, 'MITM': {'precision': 0.9114583333333334, 'recall': 0.875, 'f1-score': 0.8928571428571429, 'support': 200.0}, 'Malware': {'precision': 0.7689320388349514, 'recall': 0.99, 'f1-score': 0.8655737704918032, 'support': 400.0}, 'Scan': {'precision': 0.9770992366412213, 'recall': 0.64, 'f1-score': 0.7734138972809668, 'support': 200.0}, 'WebAttack': {'precision': 0.7321772639691715, 'recall': 0.95, 'f1-score': 0.8269858541893362, 'support': 400.0}, 'accuracy': 0.8317708333333333, 'macro avg': {'precision': 0.8596273082363568, 'recall': 0.7597916666666666, 'f1-score': 0.76905984383064, 'support': 1920.0}, 'weighted avg': {'precision': 0.8429597378104887, 'recall': 0.8317708333333333, 'f1-score': 0.8109725919571817, 'support': 1920.0}}","[[167   0   1   1   4  24   0   3]
 [  1  10   0   0   0   8   0 101]
 [  2   1 147   1   4  28   0  17]
 [  6   0   0 194   0   0   0   0]
 [  6   0   2   0 175   1   0  16]
 [  0   0   0   1   0 396   3   0]
 [  1   3   1   9   0  56 128   2]
 [  0   0   9   0   9   2   0 380]]",2.662729502,0.005056143
64,ToN_IoT,2,None,QuantileTransformer,LDA,0.79802914,-1,-1,95.46875,85.35416667,2.589285714,82.2755203,82.11375141,-1,"{'0Normal': {'precision': 0.8703703703703703, 'recall': 0.94, 'f1-score': 0.9038461538461539, 'support': 200.0}, 'BruteForce': {'precision': 0.5617977528089888, 'recall': 0.8333333333333334, 'f1-score': 0.6711409395973154, 'support': 120.0}, 'DDoS': {'precision': 0.8362831858407079, 'recall': 0.945, 'f1-score': 0.8873239436619718, 'support': 200.0}, 'DoS': {'precision': 0.9651741293532339, 'recall': 0.97, 'f1-score': 0.9675810473815462, 'support': 200.0}, 'MITM': {'precision': 0.8913043478260869, 'recall': 0.82, 'f1-score': 0.8541666666666666, 'support': 200.0}, 'Malware': {'precision': 0.930327868852459, 'recall': 0.5675, 'f1-score': 0.704968944099379, 'support': 400.0}, 'Scan': {'precision': 0.5601173020527859, 'recall': 0.955, 'f1-score': 0.7060998151571163, 'support': 200.0}, 'WebAttack': {'precision': 0.9666666666666667, 'recall': 0.7975, 'f1-score': 0.8739726027397261, 'support': 400.0}, 'accuracy': 0.81875, 'macro avg': {'precision': 0.8227552029714125, 'recall': 0.8535416666666666, 'f1-score': 0.8211375141437344, 'support': 1920.0}, 'weighted avg': {'precision': 0.8598246935590448, 'recall': 0.81875, 'f1-score': 0.8207901337656306, 'support': 1920.0}}","[[188   0   1   3   2   2   3   1]
 [  1 100  13   0   0   6   0   0]
 [  3   2 189   0   1   4   1   0]
 [  6   0   0 194   0   0   0   0]
 [ 13   0   9   3 164   1   3   7]
 [  2  28   0   0   0 227 143   0]
 [  0   3   1   1   0   1 191   3]
 [  3  45  13   0  17   3   0 319]]",0.011058569,0.000612974
206,ToN_IoT,2,None,StandardScaler,MLP,0.793171363,-1,-1,95.57291667,81.83333333,2.529761905,81.18535243,81.45814608,-1,"{'0Normal': {'precision': 0.9090909090909091, 'recall': 0.95, 'f1-score': 0.9290953545232273, 'support': 200.0}, 'BruteForce': {'precision': 0.6515151515151515, 'recall': 0.7166666666666667, 'f1-score': 0.6825396825396826, 'support': 120.0}, 'DDoS': {'precision': 0.7990196078431373, 'recall': 0.815, 'f1-score': 0.806930693069307, 'support': 200.0}, 'DoS': {'precision': 0.9897959183673469, 'recall': 0.97, 'f1-score': 0.9797979797979798, 'support': 200.0}, 'MITM': {'precision': 0.8405797101449275, 'recall': 0.87, 'f1-score': 0.855036855036855, 'support': 200.0}, 'Malware': {'precision': 0.8379052369077307, 'recall': 0.84, 'f1-score': 0.8389513108614232, 'support': 400.0}, 'Scan': {'precision': 0.6464088397790055, 'recall': 0.585, 'f1-score': 0.6141732283464567, 'support': 200.0}, 'WebAttack': {'precision': 0.8205128205128205, 'recall': 0.8, 'f1-score': 0.810126582278481, 'support': 400.0}, 'accuracy': 0.8229166666666666, 'macro avg': {'precision': 0.8118535242701286, 'recall': 0.8183333333333332, 'f1-score': 0.8145814608066766, 'support': 1920.0}, 'weighted avg': {'precision': 0.8221500198932833, 'recall': 0.8229166666666666, 'f1-score': 0.8221576777684838, 'support': 1920.0}}","[[190   0   3   1   3   0   2   1]
 [  0  86   3   0   0   8   0  23]
 [  2   2 163   0   1   5   0  27]
 [  6   0   0 194   0   0   0   0]
 [  8   0   7   0 174   1   5   5]
 [  1   0   1   0   1 336  56   5]
 [  0   0  23   1   1  49 117   9]
 [  2  44   4   0  27   2   1 320]]",1.055860758,0.001744986
411,ToN_IoT,-1,None,MinMaxScaler,MLP,0.787829068,-1,-1,95.44270833,75.375,2.604166667,73.19468489,74.07280926,-1,"{'0Normal': {'precision': 0.8975609756097561, 'recall': 0.92, 'f1-score': 0.908641975308642, 'support': 200.0}, 'BruteForce': {'precision': 0.0, 'recall': 0.0, 'f1-score': 0.0, 'support': 120.0}, 'DDoS': {'precision': 0.7397260273972602, 'recall': 0.81, 'f1-score': 0.7732696897374702, 'support': 200.0}, 'DoS': {'precision': 0.9896373056994818, 'recall': 0.955, 'f1-score': 0.9720101781170483, 'support': 200.0}, 'MITM': {'precision': 0.8415300546448088, 'recall': 0.77, 'f1-score': 0.8041775456919059, 'support': 200.0}, 'Malware': {'precision': 0.8541666666666666, 'recall': 0.9225, 'f1-score': 0.8870192307692308, 'support': 400.0}, 'Scan': {'precision': 0.8206521739130435, 'recall': 0.755, 'f1-score': 0.7864583333333334, 'support': 200.0}, 'WebAttack': {'precision': 0.7123015873015873, 'recall': 0.8975, 'f1-score': 0.7942477876106194, 'support': 400.0}, 'accuracy': 0.8177083333333334, 'macro avg': {'precision': 0.7319468489040755, 'recall': 0.7537499999999999, 'f1-score': 0.7407280925710313, 'support': 1920.0}, 'weighted avg': {'precision': 0.7731294838750894, 'recall': 0.8177083333333334, 'f1-score': 0.7924053915570937, 'support': 1920.0}}","[[184   0   1   0   8   2   1   4]
 [  0   0  11   0   0   8   7  94]
 [  1   0 162   0  11   5   1  20]
 [  6   0   0 191   1   0   0   2]
 [ 10   0  14   0 154   3   3  16]
 [  2   0   0   0   1 369  20   8]
 [  2   0   1   2   1  42 151   1]
 [  0   0  30   0   7   3   1 359]]",2.21087718,0.000681162
419,ToN_IoT,-1,None,MinMaxScaler,MLP,0.787829068,-1,-1,95.44270833,75.375,2.604166667,73.19468489,74.07280926,-1,"{'0Normal': {'precision': 0.8975609756097561, 'recall': 0.92, 'f1-score': 0.908641975308642, 'support': 200.0}, 'BruteForce': {'precision': 0.0, 'recall': 0.0, 'f1-score': 0.0, 'support': 120.0}, 'DDoS': {'precision': 0.7397260273972602, 'recall': 0.81, 'f1-score': 0.7732696897374702, 'support': 200.0}, 'DoS': {'precision': 0.9896373056994818, 'recall': 0.955, 'f1-score': 0.9720101781170483, 'support': 200.0}, 'MITM': {'precision': 0.8415300546448088, 'recall': 0.77, 'f1-score': 0.8041775456919059, 'support': 200.0}, 'Malware': {'precision': 0.8541666666666666, 'recall': 0.9225, 'f1-score': 0.8870192307692308, 'support': 400.0}, 'Scan': {'precision': 0.8206521739130435, 'recall': 0.755, 'f1-score': 0.7864583333333334, 'support': 200.0}, 'WebAttack': {'precision': 0.7123015873015873, 'recall': 0.8975, 'f1-score': 0.7942477876106194, 'support': 400.0}, 'accuracy': 0.8177083333333334, 'macro avg': {'precision': 0.7319468489040755, 'recall': 0.7537499999999999, 'f1-score': 0.7407280925710313, 'support': 1920.0}, 'weighted avg': {'precision': 0.7731294838750894, 'recall': 0.8177083333333334, 'f1-score': 0.7924053915570937, 'support': 1920.0}}","[[184   0   1   0   8   2   1   4]
 [  0   0  11   0   0   8   7  94]
 [  1   0 162   0  11   5   1  20]
 [  6   0   0 191   1   0   0   2]
 [ 10   0  14   0 154   3   3  16]
 [  2   0   0   0   1 369  20   8]
 [  2   0   1   2   1  42 151   1]
 [  0   0  30   0   7   3   1 359]]",7.432347059,0.000871897
427,ToN_IoT,-1,None,MinMaxScaler,MLP,0.787829068,-1,-1,95.44270833,75.375,2.604166667,73.19468489,74.07280926,-1,"{'0Normal': {'precision': 0.8975609756097561, 'recall': 0.92, 'f1-score': 0.908641975308642, 'support': 200.0}, 'BruteForce': {'precision': 0.0, 'recall': 0.0, 'f1-score': 0.0, 'support': 120.0}, 'DDoS': {'precision': 0.7397260273972602, 'recall': 0.81, 'f1-score': 0.7732696897374702, 'support': 200.0}, 'DoS': {'precision': 0.9896373056994818, 'recall': 0.955, 'f1-score': 0.9720101781170483, 'support': 200.0}, 'MITM': {'precision': 0.8415300546448088, 'recall': 0.77, 'f1-score': 0.8041775456919059, 'support': 200.0}, 'Malware': {'precision': 0.8541666666666666, 'recall': 0.9225, 'f1-score': 0.8870192307692308, 'support': 400.0}, 'Scan': {'precision': 0.8206521739130435, 'recall': 0.755, 'f1-score': 0.7864583333333334, 'support': 200.0}, 'WebAttack': {'precision': 0.7123015873015873, 'recall': 0.8975, 'f1-score': 0.7942477876106194, 'support': 400.0}, 'accuracy': 0.8177083333333334, 'macro avg': {'precision': 0.7319468489040755, 'recall': 0.7537499999999999, 'f1-score': 0.7407280925710313, 'support': 1920.0}, 'weighted avg': {'precision': 0.7731294838750894, 'recall': 0.8177083333333334, 'f1-score': 0.7924053915570937, 'support': 1920.0}}","[[184   0   1   0   8   2   1   4]
 [  0   0  11   0   0   8   7  94]
 [  1   0 162   0  11   5   1  20]
 [  6   0   0 191   1   0   0   2]
 [ 10   0  14   0 154   3   3  16]
 [  2   0   0   0   1 369  20   8]
 [  2   0   1   2   1  42 151   1]
 [  0   0  30   0   7   3   1 359]]",7.618136406,0.003689289
435,ToN_IoT,-1,None,MinMaxScaler,MLP,0.787829068,-1,-1,95.44270833,75.375,2.604166667,73.19468489,74.07280926,-1,"{'0Normal': {'precision': 0.8975609756097561, 'recall': 0.92, 'f1-score': 0.908641975308642, 'support': 200.0}, 'BruteForce': {'precision': 0.0, 'recall': 0.0, 'f1-score': 0.0, 'support': 120.0}, 'DDoS': {'precision': 0.7397260273972602, 'recall': 0.81, 'f1-score': 0.7732696897374702, 'support': 200.0}, 'DoS': {'precision': 0.9896373056994818, 'recall': 0.955, 'f1-score': 0.9720101781170483, 'support': 200.0}, 'MITM': {'precision': 0.8415300546448088, 'recall': 0.77, 'f1-score': 0.8041775456919059, 'support': 200.0}, 'Malware': {'precision': 0.8541666666666666, 'recall': 0.9225, 'f1-score': 0.8870192307692308, 'support': 400.0}, 'Scan': {'precision': 0.8206521739130435, 'recall': 0.755, 'f1-score': 0.7864583333333334, 'support': 200.0}, 'WebAttack': {'precision': 0.7123015873015873, 'recall': 0.8975, 'f1-score': 0.7942477876106194, 'support': 400.0}, 'accuracy': 0.8177083333333334, 'macro avg': {'precision': 0.7319468489040755, 'recall': 0.7537499999999999, 'f1-score': 0.7407280925710313, 'support': 1920.0}, 'weighted avg': {'precision': 0.7731294838750894, 'recall': 0.8177083333333334, 'f1-score': 0.7924053915570937, 'support': 1920.0}}","[[184   0   1   0   8   2   1   4]
 [  0   0  11   0   0   8   7  94]
 [  1   0 162   0  11   5   1  20]
 [  6   0   0 191   1   0   0   2]
 [ 10   0  14   0 154   3   3  16]
 [  2   0   0   0   1 369  20   8]
 [  2   0   1   2   1  42 151   1]
 [  0   0  30   0   7   3   1 359]]",2.16384697,0.000763655
443,ToN_IoT,-1,None,MinMaxScaler,MLP,0.787829068,-1,-1,95.44270833,75.375,2.604166667,73.19468489,74.07280926,-1,"{'0Normal': {'precision': 0.8975609756097561, 'recall': 0.92, 'f1-score': 0.908641975308642, 'support': 200.0}, 'BruteForce': {'precision': 0.0, 'recall': 0.0, 'f1-score': 0.0, 'support': 120.0}, 'DDoS': {'precision': 0.7397260273972602, 'recall': 0.81, 'f1-score': 0.7732696897374702, 'support': 200.0}, 'DoS': {'precision': 0.9896373056994818, 'recall': 0.955, 'f1-score': 0.9720101781170483, 'support': 200.0}, 'MITM': {'precision': 0.8415300546448088, 'recall': 0.77, 'f1-score': 0.8041775456919059, 'support': 200.0}, 'Malware': {'precision': 0.8541666666666666, 'recall': 0.9225, 'f1-score': 0.8870192307692308, 'support': 400.0}, 'Scan': {'precision': 0.8206521739130435, 'recall': 0.755, 'f1-score': 0.7864583333333334, 'support': 200.0}, 'WebAttack': {'precision': 0.7123015873015873, 'recall': 0.8975, 'f1-score': 0.7942477876106194, 'support': 400.0}, 'accuracy': 0.8177083333333334, 'macro avg': {'precision': 0.7319468489040755, 'recall': 0.7537499999999999, 'f1-score': 0.7407280925710313, 'support': 1920.0}, 'weighted avg': {'precision': 0.7731294838750894, 'recall': 0.8177083333333334, 'f1-score': 0.7924053915570937, 'support': 1920.0}}","[[184   0   1   0   8   2   1   4]
 [  0   0  11   0   0   8   7  94]
 [  1   0 162   0  11   5   1  20]
 [  6   0   0 191   1   0   0   2]
 [ 10   0  14   0 154   3   3  16]
 [  2   0   0   0   1 369  20   8]
 [  2   0   1   2   1  42 151   1]
 [  0   0  30   0   7   3   1 359]]",2.217576742,0.000670433
70,ToN_IoT,2,linear,QuantileTransformer,HHHv2,0.78547873,-1,-1,95.1953125,80.6541814,2.745535714,84.57291667,80.83747655,-1,"{'0Normal': {'precision': 0.935, 'recall': 0.8862559241706162, 'f1-score': 0.9099756690997567, 'support': 211.0}, 'BruteForce': {'precision': 0.8333333333333334, 'recall': 0.46296296296296297, 'f1-score': 0.5952380952380952, 'support': 216.0}, 'DDoS': {'precision': 0.945, 'recall': 0.8181818181818182, 'f1-score': 0.877030162412993, 'support': 231.0}, 'DoS': {'precision': 0.97, 'recall': 0.9556650246305419, 'f1-score': 0.9627791563275433, 'support': 203.0}, 'MITM': {'precision': 0.86, 'recall': 0.8037383177570093, 'f1-score': 0.8309178743961353, 'support': 214.0}, 'Malware': {'precision': 0.585, 'recall': 0.9322709163346613, 'f1-score': 0.7188940092165899, 'support': 251.0}, 'Scan': {'precision': 0.9, 'recall': 0.6164383561643836, 'f1-score': 0.7317073170731706, 'support': 292.0}, 'WebAttack': {'precision': 0.7375, 'recall': 0.9768211920529801, 'f1-score': 0.8404558404558405, 'support': 302.0}, 'accuracy': 0.8078125, 'macro avg': {'precision': 0.8457291666666666, 'recall': 0.8065418140318716, 'f1-score': 0.8083747655275155, 'support': 1920.0}, 'weighted avg': {'precision': 0.8379635416666668, 'recall': 0.8078125, 'f1-score': 0.8043486733544462, 'support': 1920.0}}","[[187   1   3   6   9   2   2   1]
 [  2 100   2   0   2  59   3  48]
 [  3  13 189   0  10   0   2  14]
 [  1   0   0 194   0   0   8   0]
 [  2   0   1   0 172   0   0  39]
 [  2   6   4   0   2 234   2   1]
 [  2   0   1   0   2 105 180   2]
 [  1   0   0   0   3   0   3 295]]",0.912956476,0.01352787
157,ToN_IoT,3,None,StandardScaler,MLP,0.785351409,-1,-1,95.390625,81.54166667,2.633928571,80.76282259,80.83075235,-1,"{'0Normal': {'precision': 0.8962264150943396, 'recall': 0.95, 'f1-score': 0.9223300970873787, 'support': 200.0}, 'BruteForce': {'precision': 0.5833333333333334, 'recall': 0.7583333333333333, 'f1-score': 0.6594202898550725, 'support': 120.0}, 'DDoS': {'precision': 0.7391304347826086, 'recall': 0.85, 'f1-score': 0.7906976744186046, 'support': 200.0}, 'DoS': {'precision': 0.9748743718592965, 'recall': 0.97, 'f1-score': 0.9724310776942355, 'support': 200.0}, 'MITM': {'precision': 0.9367816091954023, 'recall': 0.815, 'f1-score': 0.8716577540106951, 'support': 200.0}, 'Malware': {'precision': 0.8515625, 'recall': 0.8175, 'f1-score': 0.8341836734693878, 'support': 400.0}, 'Scan': {'precision': 0.6826347305389222, 'recall': 0.57, 'f1-score': 0.6212534059945504, 'support': 200.0}, 'WebAttack': {'precision': 0.7964824120603015, 'recall': 0.7925, 'f1-score': 0.794486215538847, 'support': 400.0}, 'accuracy': 0.815625, 'macro avg': {'precision': 0.8076282258580255, 'recall': 0.8154166666666667, 'f1-score': 0.8083075235085965, 'support': 1920.0}, 'weighted avg': {'precision': 0.8203893109990804, 'recall': 0.815625, 'f1-score': 0.8157668709515602, 'support': 1920.0}}","[[190   0   5   2   0   0   2   1]
 [  0  91   7   0   0   8   0  14]
 [  2   2 170   0   1   4   2  19]
 [  6   0   0 194   0   0   0   0]
 [ 11   0   5   2 163   4   2  13]
 [  1   0   3   0   1 327  46  22]
 [  1   0  31   1   1  40 114  12]
 [  1  63   9   0   8   1   1 317]]",4.114580631,0.010598421
164,ToN_IoT,3,None,StandardScaler,MLP,0.784729799,-1,-1,95.33854167,80.83333333,2.663690476,84.78432272,82.16161741,-1,"{'0Normal': {'precision': 0.8967136150234741, 'recall': 0.955, 'f1-score': 0.9249394673123487, 'support': 200.0}, 'BruteForce': {'precision': 0.8514851485148515, 'recall': 0.7166666666666667, 'f1-score': 0.7782805429864253, 'support': 120.0}, 'DDoS': {'precision': 0.9012345679012346, 'recall': 0.73, 'f1-score': 0.8066298342541436, 'support': 200.0}, 'DoS': {'precision': 0.9897959183673469, 'recall': 0.97, 'f1-score': 0.9797979797979798, 'support': 200.0}, 'MITM': {'precision': 0.8465346534653465, 'recall': 0.855, 'f1-score': 0.8507462686567164, 'support': 200.0}, 'Malware': {'precision': 0.8912386706948641, 'recall': 0.7375, 'f1-score': 0.8071135430916553, 'support': 400.0}, 'Scan': {'precision': 0.7625, 'recall': 0.61, 'f1-score': 0.6777777777777777, 'support': 200.0}, 'WebAttack': {'precision': 0.6432432432432432, 'recall': 0.8925, 'f1-score': 0.7476439790575916, 'support': 400.0}, 'accuracy': 0.8135416666666667, 'macro avg': {'precision': 0.847843227151295, 'recall': 0.8083333333333333, 'f1-score': 0.8216161741168299, 'support': 1920.0}, 'weighted avg': {'precision': 0.8308993408065132, 'recall': 0.8135416666666667, 'f1-score': 0.8142056976968036, 'support': 1920.0}}","[[191   0   2   1   1   0   2   3]
 [  0  86   0   0   0   0   0  34]
 [  2   2 146   0   1   4   1  44]
 [  6   0   0 194   0   0   0   0]
 [ 11   0   3   0 171   1   1  13]
 [  1   0   1   0   1 295  33  69]
 [  1   0   9   1   1  31 122  35]
 [  1  13   1   0  27   0   1 357]]",4.936101913,0.00766921
432,ToN_IoT,-1,poly,MinMaxScaler,HHHv2,0.782768795,-1,-1,96.20634921,72.99966018,2.212962963,75,73.52990192,-1,"{'0Normal': {'precision': 0.91, 'recall': 0.9285714285714286, 'f1-score': 0.9191919191919193, 'support': 196.0}, 'BruteForce': {'precision': 0.0, 'recall': 0.0, 'f1-score': 0.0, 'support': 0.0}, 'DDoS': {'precision': 0.895, 'recall': 0.6556776556776557, 'f1-score': 0.7568710359408034, 'support': 273.0}, 'DoS': {'precision': 0.955, 'recall': 0.9896373056994818, 'f1-score': 0.9720101781170483, 'support': 193.0}, 'MITM': {'precision': 0.725, 'recall': 0.8579881656804734, 'f1-score': 0.7859078590785907, 'support': 169.0}, 'Malware': {'precision': 0.925, 'recall': 0.8428246013667426, 'f1-score': 0.8820023837902266, 'support': 439.0}, 'Scan': {'precision': 0.71, 'recall': 0.8304093567251462, 'f1-score': 0.765498652291105, 'support': 171.0}, 'WebAttack': {'precision': 0.88, 'recall': 0.7348643006263048, 'f1-score': 0.8009101251422069, 'support': 479.0}, 'accuracy': 0.8130208333333333, 'macro avg': {'precision': 0.75, 'recall': 0.7299966017934041, 'f1-score': 0.7352990191939875, 'support': 1920.0}, 'weighted avg': {'precision': 0.8742395833333333, 'recall': 0.8130208333333333, 'f1-score': 0.8379890976578819, 'support': 1920.0}}","[[182   0   6   6   2   0   0]
 [  4 179   0  18  11   9  37]
 [  0   0 191   0   0   2   0]
 [  8   8   1 145   1   0   6]
 [  2   6   0   3 370  46   4]
 [  1   3   0   3  16 142   1]
 [  3   4   2  25   0   1 352]]",517.3624833,0.155119896
53,ToN_IoT,2,None,QuantileTransformer,SGD,0.781059812,-1,-1,94.921875,83.4375,2.901785714,85.00946988,81.4895339,-1,"{'0Normal': {'precision': 0.8486238532110092, 'recall': 0.925, 'f1-score': 0.8851674641148326, 'support': 200.0}, 'BruteForce': {'precision': 0.8372093023255814, 'recall': 0.9, 'f1-score': 0.8674698795180723, 'support': 120.0}, 'DDoS': {'precision': 0.40471092077087795, 'recall': 0.945, 'f1-score': 0.5667166416791604, 'support': 200.0}, 'DoS': {'precision': 0.9744897959183674, 'recall': 0.955, 'f1-score': 0.9646464646464646, 'support': 200.0}, 'MITM': {'precision': 0.9239130434782609, 'recall': 0.85, 'f1-score': 0.8854166666666666, 'support': 200.0}, 'Malware': {'precision': 0.9722222222222222, 'recall': 0.4375, 'f1-score': 0.603448275862069, 'support': 400.0}, 'Scan': {'precision': 0.8693181818181818, 'recall': 0.765, 'f1-score': 0.8138297872340425, 'support': 200.0}, 'WebAttack': {'precision': 0.9702702702702702, 'recall': 0.8975, 'f1-score': 0.9324675324675323, 'support': 400.0}, 'accuracy': 0.796875, 'macro avg': {'precision': 0.8500946987518464, 'recall': 0.8343750000000001, 'f1-score': 0.814895339023605, 'support': 1920.0}, 'weighted avg': {'precision': 0.8758714959976074, 'recall': 0.796875, 'f1-score': 0.8029261009074181, 'support': 1920.0}}","[[185   0   3   3   3   0   2   4]
 [  1 108   5   0   0   0   6   0]
 [  3   3 189   0   1   4   0   0]
 [  8   1   0 191   0   0   0   0]
 [  6   2  14   2 170   0   1   5]
 [ 10   0 201   0   0 175  14   0]
 [  5   3  37   0   0   0 153   2]
 [  0  12  18   0  10   1   0 359]]",0.509173393,0.001190186
424,ToN_IoT,-1,rbf,MinMaxScaler,HHHv2,0.781006093,-1,-1,95.28645833,72.89805014,2.693452381,74.8125,73.34790663,-1,"{'0Normal': {'precision': 0.915, 'recall': 0.9289340101522843, 'f1-score': 0.9219143576826196, 'support': 197.0}, 'BruteForce': {'precision': 0.0, 'recall': 0.0, 'f1-score': 0.0, 'support': 1.0}, 'DDoS': {'precision': 0.89, 'recall': 0.6402877697841727, 'f1-score': 0.7447698744769874, 'support': 278.0}, 'DoS': {'precision': 0.955, 'recall': 0.9896373056994818, 'f1-score': 0.9720101781170483, 'support': 193.0}, 'MITM': {'precision': 0.725, 'recall': 0.8529411764705882, 'f1-score': 0.7837837837837837, 'support': 170.0}, 'Malware': {'precision': 0.925, 'recall': 0.8447488584474886, 'f1-score': 0.883054892601432, 'support': 438.0}, 'Scan': {'precision': 0.695, 'recall': 0.8373493975903614, 'f1-score': 0.7595628415300545, 'support': 166.0}, 'WebAttack': {'precision': 0.88, 'recall': 0.7379454926624738, 'f1-score': 0.8027366020524516, 'support': 477.0}, 'accuracy': 0.8114583333333333, 'macro avg': {'precision': 0.7481249999999999, 'recall': 0.7289805013508563, 'f1-score': 0.7334790662805472, 'support': 1920.0}, 'weighted avg': {'precision': 0.8726666666666668, 'recall': 0.8114583333333333, 'f1-score': 0.8360808307397645, 'support': 1920.0}}","[[183   0   0   6   6   2   0   0]
 [  0   0   1   0   0   0   0   0]
 [  3  16 178   0  20  12  12  37]
 [  0   0   0 191   0   0   2   0]
 [  8   0   9   1 145   1   0   6]
 [  2   8   5   0   3 370  46   4]
 [  1   4   3   0   3  15 139   1]
 [  3  92   4   2  23   0   1 352]]",887.3545527,0.264904022
169,ToN_IoT,3,None,StandardScaler,KNN,0.774862884,-1,-1,95.09114583,80.625,2.805059524,78.75019199,78.77911788,-1,"{'0Normal': {'precision': 0.8017241379310345, 'recall': 0.93, 'f1-score': 0.8611111111111112, 'support': 200.0}, 'BruteForce': {'precision': 0.5, 'recall': 0.7, 'f1-score': 0.5833333333333334, 'support': 120.0}, 'DDoS': {'precision': 0.7543103448275862, 'recall': 0.875, 'f1-score': 0.8101851851851851, 'support': 200.0}, 'DoS': {'precision': 0.9554455445544554, 'recall': 0.965, 'f1-score': 0.9601990049751244, 'support': 200.0}, 'MITM': {'precision': 0.7822222222222223, 'recall': 0.88, 'f1-score': 0.8282352941176471, 'support': 200.0}, 'Malware': {'precision': 0.8382687927107062, 'recall': 0.92, 'f1-score': 0.8772348033373064, 'support': 400.0}, 'Scan': {'precision': 0.7655172413793103, 'recall': 0.555, 'f1-score': 0.6434782608695652, 'support': 200.0}, 'WebAttack': {'precision': 0.9025270758122743, 'recall': 0.625, 'f1-score': 0.7385524372230429, 'support': 400.0}, 'accuracy': 0.8036458333333333, 'macro avg': {'precision': 0.7875019199296986, 'recall': 0.80625, 'f1-score': 0.7877911787690395, 'support': 1920.0}, 'weighted avg': {'precision': 0.8167511695792259, 'recall': 0.8036458333333333, 'f1-score': 0.800498264310347, 'support': 1920.0}}","[[186   0   2   1   7   3   0   1]
 [  6  84  11   0   0   6   2  11]
 [ 14   2 175   0   2   4   0   3]
 [  7   0   0 193   0   0   0   0]
 [  8   2   2   1 176   0   4   7]
 [  0   0   1   0   3 368  27   1]
 [  3   0  17   6   3  56 111   4]
 [  8  80  24   1  34   2   1 250]]",0.00176692,0.070337296
185,ToN_IoT,3,None,StandardScaler,MLP,0.774818974,-1,-1,95.05208333,82.20833333,2.827380952,81.79323692,80.98966706,-1,"{'0Normal': {'precision': 0.8883720930232558, 'recall': 0.955, 'f1-score': 0.9204819277108434, 'support': 200.0}, 'BruteForce': {'precision': 0.6715328467153284, 'recall': 0.7666666666666667, 'f1-score': 0.7159533073929961, 'support': 120.0}, 'DDoS': {'precision': 0.8715083798882681, 'recall': 0.78, 'f1-score': 0.8232189973614776, 'support': 200.0}, 'DoS': {'precision': 0.9897959183673469, 'recall': 0.97, 'f1-score': 0.9797979797979798, 'support': 200.0}, 'MITM': {'precision': 0.87, 'recall': 0.87, 'f1-score': 0.87, 'support': 200.0}, 'Malware': {'precision': 0.9761904761904762, 'recall': 0.615, 'f1-score': 0.754601226993865, 'support': 400.0}, 'Scan': {'precision': 0.5143769968051118, 'recall': 0.805, 'f1-score': 0.6276803118908382, 'support': 200.0}, 'WebAttack': {'precision': 0.7616822429906542, 'recall': 0.815, 'f1-score': 0.78743961352657, 'support': 400.0}, 'accuracy': 0.8020833333333334, 'macro avg': {'precision': 0.8179323692475551, 'recall': 0.8220833333333333, 'f1-score': 0.8098966705843212, 'support': 1920.0}, 'weighted avg': {'precision': 0.8346581806745251, 'recall': 0.8020833333333334, 'f1-score': 0.8057117585664382, 'support': 1920.0}}","[[191   0   2   1   1   0   2   3]
 [  0  92   1   0   0   0   8  19]
 [  2   2 156   0   1   0   5  34]
 [  6   0   0 194   0   0   0   0]
 [  9   0   4   0 174   0   6   7]
 [  4   0   2   0   1 246 128  19]
 [  1   0  10   1   1   6 161  20]
 [  2  43   4   0  22   0   3 326]]",4.40778017,0.006343842
301,ToN_IoT,-1,sigmoid,StandardScaler,HHHv2,0.772576487,-1,-1,95.13020833,77.97391111,2.782738095,73.98958333,74.85375475,-1,"{'0Normal': {'precision': 0.74, 'recall': 0.9548387096774194, 'f1-score': 0.8338028169014083, 'support': 155.0}, 'BruteForce': {'precision': 0.14166666666666666, 'recall': 0.3469387755102041, 'f1-score': 0.2011834319526627, 'support': 49.0}, 'DDoS': {'precision': 0.835, 'recall': 0.8106796116504854, 'f1-score': 0.8226600985221675, 'support': 206.0}, 'DoS': {'precision': 0.97, 'recall': 0.9282296650717703, 'f1-score': 0.9486552567237163, 'support': 209.0}, 'MITM': {'precision': 0.635, 'recall': 0.8410596026490066, 'f1-score': 0.7236467236467237, 'support': 151.0}, 'Malware': {'precision': 0.9425, 'recall': 0.8195652173913044, 'f1-score': 0.8767441860465117, 'support': 460.0}, 'Scan': {'precision': 0.73, 'recall': 0.8111111111111111, 'f1-score': 0.768421052631579, 'support': 180.0}, 'WebAttack': {'precision': 0.925, 'recall': 0.7254901960784313, 'f1-score': 0.8131868131868133, 'support': 510.0}, 'accuracy': 0.8052083333333333, 'macro avg': {'precision': 0.7398958333333333, 'recall': 0.7797391111424665, 'f1-score': 0.7485375474514477, 'support': 1920.0}, 'weighted avg': {'precision': 0.8484201388888889, 'recall': 0.8052083333333333, 'f1-score': 0.8189835410350166, 'support': 1920.0}}","[[148   0   0   2   4   0   0   1]
 [  6  17   4   0  12   0   4   6]
 [  4   5 167   0   7   8   7   8]
 [  4   0   1 194   7   1   1   1]
 [ 13   0   0   4 127   1   1   5]
 [  7   8  16   0   6 377  40   6]
 [  9   2   4   0   6  10 146   3]
 [  9  88   8   0  31   3   1 370]]",463.04057,0.296476364
178,ToN_IoT,3,None,StandardScaler,MLP,0.768175351,-1,-1,95.02604167,80.39583333,2.842261905,80.01512692,79.9246866,-1,"{'0Normal': {'precision': 0.9, 'recall': 0.945, 'f1-score': 0.921951219512195, 'support': 200.0}, 'BruteForce': {'precision': 0.5644171779141104, 'recall': 0.7666666666666667, 'f1-score': 0.6501766784452297, 'support': 120.0}, 'DDoS': {'precision': 0.798941798941799, 'recall': 0.755, 'f1-score': 0.7763496143958869, 'support': 200.0}, 'DoS': {'precision': 0.9897959183673469, 'recall': 0.97, 'f1-score': 0.9797979797979798, 'support': 200.0}, 'MITM': {'precision': 0.9344262295081968, 'recall': 0.855, 'f1-score': 0.8929503916449086, 'support': 200.0}, 'Malware': {'precision': 0.8474114441416893, 'recall': 0.7775, 'f1-score': 0.8109517601043025, 'support': 400.0}, 'Scan': {'precision': 0.6353591160220995, 'recall': 0.575, 'f1-score': 0.6036745406824147, 'support': 200.0}, 'WebAttack': {'precision': 0.7308584686774942, 'recall': 0.7875, 'f1-score': 0.7581227436823104, 'support': 400.0}, 'accuracy': 0.8010416666666667, 'macro avg': {'precision': 0.800151269196592, 'recall': 0.8039583333333333, 'f1-score': 0.7992468660331535, 'support': 1920.0}, 'weighted avg': {'precision': 0.8076784578360704, 'recall': 0.8010416666666667, 'f1-score': 0.8023936209035155, 'support': 1920.0}}","[[189   0   5   1   2   2   0   1]
 [  0  92   2   0   0   8   0  18]
 [  2   2 151   0   1   4   2  38]
 [  6   0   0 194   0   0   0   0]
 [  9   0   6   0 171   3   2   9]
 [  1   0   2   0   1 311  61  24]
 [  0   0  18   1   1  39 115  26]
 [  3  69   5   0   7   0   1 315]]",3.412906408,0.005574226
199,ToN_IoT,2,None,StandardScaler,MLP,0.761623844,-1,-1,94.83072917,81.11458333,2.953869048,78.71374328,79.52468871,-1,"{'0Normal': {'precision': 0.9095238095238095, 'recall': 0.955, 'f1-score': 0.9317073170731708, 'support': 200.0}, 'BruteForce': {'precision': 0.6052631578947368, 'recall': 0.7666666666666667, 'f1-score': 0.676470588235294, 'support': 120.0}, 'DDoS': {'precision': 0.7797356828193832, 'recall': 0.885, 'f1-score': 0.8290398126463701, 'support': 200.0}, 'DoS': {'precision': 0.9948717948717949, 'recall': 0.97, 'f1-score': 0.9822784810126582, 'support': 200.0}, 'MITM': {'precision': 0.8142857142857143, 'recall': 0.855, 'f1-score': 0.8341463414634146, 'support': 200.0}, 'Malware': {'precision': 0.8425925925925926, 'recall': 0.6825, 'f1-score': 0.7541436464088397, 'support': 400.0}, 'Scan': {'precision': 0.508130081300813, 'recall': 0.625, 'f1-score': 0.5605381165919282, 'support': 200.0}, 'WebAttack': {'precision': 0.8426966292134831, 'recall': 0.75, 'f1-score': 0.7936507936507935, 'support': 400.0}, 'accuracy': 0.7932291666666667, 'macro avg': {'precision': 0.7871374328127909, 'recall': 0.8111458333333333, 'f1-score': 0.7952468871353087, 'support': 1920.0}, 'weighted avg': {'precision': 0.8062795230365113, 'recall': 0.7932291666666667, 'f1-score': 0.7957480522758317, 'support': 1920.0}}","[[191   0   4   0   2   0   2   1]
 [  0  92   5   0   0   8   0  15]
 [  2   2 177   0   2   4   1  12]
 [  6   0   0 194   0   0   0   0]
 [  9   0   6   0 171   2   4   8]
 [  1   0   4   0   1 273 111  10]
 [  0   0  27   1   1  36 125  10]
 [  1  58   4   0  33   1   3 300]]",1.290895939,0.001578331
40,ToN_IoT,2,None,QuantileTransformer,LDA,0.761408567,-1,-1,94.609375,83.29166667,3.080357143,79.62403864,79.10487655,-1,"{'0Normal': {'precision': 0.9019607843137255, 'recall': 0.92, 'f1-score': 0.9108910891089109, 'support': 200.0}, 'BruteForce': {'precision': 0.4132231404958678, 'recall': 0.8333333333333334, 'f1-score': 0.5524861878453039, 'support': 120.0}, 'DDoS': {'precision': 0.8325991189427313, 'recall': 0.945, 'f1-score': 0.8852459016393444, 'support': 200.0}, 'DoS': {'precision': 0.9797979797979798, 'recall': 0.97, 'f1-score': 0.9748743718592964, 'support': 200.0}, 'MITM': {'precision': 0.783410138248848, 'recall': 0.85, 'f1-score': 0.815347721822542, 'support': 200.0}, 'Malware': {'precision': 0.9327731092436975, 'recall': 0.555, 'f1-score': 0.6959247648902822, 'support': 400.0}, 'Scan': {'precision': 0.5981012658227848, 'recall': 0.945, 'f1-score': 0.7325581395348837, 'support': 200.0}, 'WebAttack': {'precision': 0.9280575539568345, 'recall': 0.645, 'f1-score': 0.7610619469026549, 'support': 400.0}, 'accuracy': 0.784375, 'macro avg': {'precision': 0.7962403863528087, 'recall': 0.8329166666666667, 'f1-score': 0.7910487654504023, 'support': 1920.0}, 'weighted avg': {'precision': 0.8401525518567347, 'recall': 0.784375, 'f1-score': 0.7879564958602118, 'support': 1920.0}}","[[184   0   1   4   2   1   3   5]
 [  1 100  13   0   0   6   0   0]
 [  2   1 189   0   1   4   1   2]
 [  6   0   0 194   0   0   0   0]
 [  9   2   8   0 170   0   1  10]
 [  2  54   0   0   0 222 122   0]
 [  0   3   1   0   0   4 189   3]
 [  0  82  15   0  44   1   0 258]]",0.013076544,0.001012802
220,ToN_IoT,2,None,StandardScaler,MLP,0.760152631,-1,-1,94.81770833,80.26041667,2.961309524,79.06025676,79.37245484,-1,"{'0Normal': {'precision': 0.9095238095238095, 'recall': 0.955, 'f1-score': 0.9317073170731708, 'support': 200.0}, 'BruteForce': {'precision': 0.6159420289855072, 'recall': 0.7083333333333334, 'f1-score': 0.6589147286821705, 'support': 120.0}, 'DDoS': {'precision': 0.7894736842105263, 'recall': 0.825, 'f1-score': 0.8068459657701711, 'support': 200.0}, 'DoS': {'precision': 0.9847715736040609, 'recall': 0.97, 'f1-score': 0.9773299748110831, 'support': 200.0}, 'MITM': {'precision': 0.8571428571428571, 'recall': 0.84, 'f1-score': 0.8484848484848485, 'support': 200.0}, 'Malware': {'precision': 0.864951768488746, 'recall': 0.6725, 'f1-score': 0.7566807313642757, 'support': 400.0}, 'Scan': {'precision': 0.5263157894736842, 'recall': 0.65, 'f1-score': 0.5816554809843401, 'support': 200.0}, 'WebAttack': {'precision': 0.7766990291262136, 'recall': 0.8, 'f1-score': 0.788177339901478, 'support': 400.0}, 'accuracy': 0.7927083333333333, 'macro avg': {'precision': 0.7906025675694256, 'recall': 0.8026041666666667, 'f1-score': 0.7937245483839422, 'support': 1920.0}, 'weighted avg': {'precision': 0.8041765131850168, 'recall': 0.7927083333333333, 'f1-score': 0.7949050590483774, 'support': 1920.0}}","[[191   0   4   1   2   0   2   0]
 [  0  85   4   0   0   7   1  23]
 [  2   2 165   1   1   5   0  24]
 [  6   0   0 194   0   0   0   0]
 [ 10   0   6   0 168   0   6  10]
 [  1   0   2   0   1 269 107  20]
 [  0   0  24   1   1  29 130  15]
 [  0  51   4   0  23   1   1 320]]",1.093673468,0.002408028
39,ToN_IoT,2,None,QuantileTransformer,KNN,0.759598193,-1,-1,94.5703125,81.08333333,3.102678571,81.08179579,77.50676883,-1,"{'0Normal': {'precision': 0.7842323651452282, 'recall': 0.945, 'f1-score': 0.8571428571428571, 'support': 200.0}, 'BruteForce': {'precision': 0.3992932862190813, 'recall': 0.9416666666666667, 'f1-score': 0.5607940446650125, 'support': 120.0}, 'DDoS': {'precision': 0.8506787330316742, 'recall': 0.94, 'f1-score': 0.8931116389548692, 'support': 200.0}, 'DoS': {'precision': 0.9651741293532339, 'recall': 0.97, 'f1-score': 0.9675810473815462, 'support': 200.0}, 'MITM': {'precision': 0.7788944723618091, 'recall': 0.775, 'f1-score': 0.7769423558897244, 'support': 200.0}, 'Malware': {'precision': 0.8, 'recall': 0.96, 'f1-score': 0.8727272727272728, 'support': 400.0}, 'Scan': {'precision': 0.9714285714285714, 'recall': 0.51, 'f1-score': 0.6688524590163936, 'support': 200.0}, 'WebAttack': {'precision': 0.9368421052631579, 'recall': 0.445, 'f1-score': 0.6033898305084745, 'support': 400.0}, 'accuracy': 0.7828125, 'macro avg': {'precision': 0.8108179578503445, 'recall': 0.8108333333333333, 'f1-score': 0.7750676882857688, 'support': 1920.0}, 'weighted avg': {'precision': 0.8399654639144043, 'recall': 0.7828125, 'f1-score': 0.7762855199641555, 'support': 1920.0}}","[[189   0   2   1   3   4   0   1]
 [  3 113   0   0   0   4   0   0]
 [  2   1 188   0   1   5   1   2]
 [  6   0   0 194   0   0   0   0]
 [ 28   3   6   1 155   0   1   6]
 [  2   4   9   0   0 384   1   0]
 [  4   5   0   5   0  81 102   3]
 [  7 157  16   0  40   2   0 178]]",0.000572205,0.006765127
251,ToN_IoT,0,None,StandardScaler,RF,0.758070108,-1,-1,94.59635417,80.69791667,3.087797619,80.0533257,78.34551818,-1,"{'0Normal': {'precision': 0.9290322580645162, 'recall': 0.72, 'f1-score': 0.8112676056338028, 'support': 200.0}, 'BruteForce': {'precision': 0.32679738562091504, 'recall': 0.8333333333333334, 'f1-score': 0.4694835680751173, 'support': 120.0}, 'DDoS': {'precision': 0.8317307692307693, 'recall': 0.865, 'f1-score': 0.8480392156862744, 'support': 200.0}, 'DoS': {'precision': 0.9371980676328503, 'recall': 0.97, 'f1-score': 0.9533169533169534, 'support': 200.0}, 'MITM': {'precision': 0.8315789473684211, 'recall': 0.79, 'f1-score': 0.8102564102564104, 'support': 200.0}, 'Malware': {'precision': 0.9156327543424317, 'recall': 0.9225, 'f1-score': 0.9190535491905354, 'support': 400.0}, 'Scan': {'precision': 0.8454106280193237, 'recall': 0.875, 'f1-score': 0.85995085995086, 'support': 200.0}, 'WebAttack': {'precision': 0.7868852459016393, 'recall': 0.48, 'f1-score': 0.5962732919254659, 'support': 400.0}, 'accuracy': 0.7838541666666666, 'macro avg': {'precision': 0.8005332570226082, 'recall': 0.8069791666666666, 'f1-score': 0.7834551817544275, 'support': 1920.0}, 'weighted avg': {'precision': 0.8308401148100596, 'recall': 0.7838541666666666, 'f1-score': 0.7911640487418097, 'support': 1920.0}}","[[144   8  10   2  13   4   9  10]
 [  0 100   7   0   0   0   0  13]
 [  1   4 173   0   1   5   1  15]
 [  6   0   0 194   0   0   0   0]
 [  3   3   6  11 158   1   8  10]
 [  1   0   9   0   6 369  13   2]
 [  0   0   0   0   0  23 175   2]
 [  0 191   3   0  12   1   1 192]]",0.06126523,0.012256145
448,ToN_IoT,-1,sigmoid,MinMaxScaler,HHHv2,0.75734497,-1,-1,94.79166667,70.623136,2.976190476,72.4375,70.96126855,-1,"{'0Normal': {'precision': 0.905, 'recall': 0.8080357142857143, 'f1-score': 0.8537735849056605, 'support': 224.0}, 'BruteForce': {'precision': 0.0, 'recall': 0.0, 'f1-score': 0.0, 'support': 4.0}, 'DDoS': {'precision': 0.8, 'recall': 0.6201550387596899, 'f1-score': 0.6986899563318777, 'support': 258.0}, 'DoS': {'precision': 0.955, 'recall': 0.9794871794871794, 'f1-score': 0.9670886075949366, 'support': 195.0}, 'MITM': {'precision': 0.595, 'recall': 0.8263888888888888, 'f1-score': 0.691860465116279, 'support': 144.0}, 'Malware': {'precision': 0.925, 'recall': 0.8314606741573034, 'f1-score': 0.8757396449704142, 'support': 445.0}, 'Scan': {'precision': 0.735, 'recall': 0.8448275862068966, 'f1-score': 0.786096256684492, 'support': 174.0}, 'WebAttack': {'precision': 0.88, 'recall': 0.7394957983193278, 'f1-score': 0.8036529680365297, 'support': 476.0}, 'accuracy': 0.7916666666666666, 'macro avg': {'precision': 0.724375, 'recall': 0.706231360013125, 'f1-score': 0.7096126854550238, 'support': 1920.0}, 'weighted avg': {'precision': 0.8538645833333334, 'recall': 0.7916666666666666, 'f1-score': 0.8170526982659236, 'support': 1920.0}}","[[181   0  18   6  16   2   0   1]
 [  0   0   0   0   4   0   0   0]
 [  2  18 160   0  31   7   3  37]
 [  1   0   1 191   0   0   2   0]
 [  7   0  10   1 119   1   0   6]
 [  3   8   5   0   8 370  47   4]
 [  1   2   1   0   3  20 147   0]
 [  5  92   5   2  19   0   1 352]]",660.5966258,0.109237432
46,ToN_IoT,2,None,QuantileTransformer,HHHv2,0.755219423,-1,-1,94.46614583,78.95998195,3.162202381,82.82291667,78.49714889,-1,"{'0Normal': {'precision': 0.925, 'recall': 0.893719806763285, 'f1-score': 0.9090909090909091, 'support': 207.0}, 'BruteForce': {'precision': 0.8333333333333334, 'recall': 0.4149377593360996, 'f1-score': 0.554016620498615, 'support': 241.0}, 'DDoS': {'precision': 0.95, 'recall': 0.8444444444444444, 'f1-score': 0.8941176470588236, 'support': 225.0}, 'DoS': {'precision': 0.97, 'recall': 0.9463414634146341, 'f1-score': 0.9580246913580247, 'support': 205.0}, 'MITM': {'precision': 0.86, 'recall': 0.7747747747747747, 'f1-score': 0.8151658767772512, 'support': 222.0}, 'Malware': {'precision': 0.5275, 'recall': 0.9134199134199135, 'f1-score': 0.6687797147385103, 'support': 231.0}, 'Scan': {'precision': 0.905, 'recall': 0.5764331210191083, 'f1-score': 0.7042801556420233, 'support': 314.0}, 'WebAttack': {'precision': 0.655, 'recall': 0.9527272727272728, 'f1-score': 0.7762962962962964, 'support': 275.0}, 'accuracy': 0.7786458333333334, 'macro avg': {'precision': 0.8282291666666666, 'recall': 0.7895998194874416, 'f1-score': 0.7849714889325567, 'support': 1920.0}, 'weighted avg': {'precision': 0.8239457465277779, 'recall': 0.7786458333333334, 'f1-score': 0.7757040339275194, 'support': 1920.0}}","[[185   2   2   6   7   2   2   1]
 [  0 100   1   0   3  61   3  73]
 [  1  13 190   0   5   0   2  14]
 [  4   0   0 194   3   0   3   1]
 [  3   0   1   0 172   0   0  46]
 [  1   5   4   0   3 211   6   1]
 [  2   0   2   0   1 126 181   2]
 [  4   0   0   0   6   0   3 262]]",0.544563055,0.007184982
210,ToN_IoT,2,poly,StandardScaler,HHHv2,0.748859888,-1,-1,94.54427083,79.10892539,3.117559524,78.90625,78.3788,-1,"{'0Normal': {'precision': 0.895, 'recall': 0.9623655913978495, 'f1-score': 0.927461139896373, 'support': 186.0}, 'BruteForce': {'precision': 0.675, 'recall': 0.574468085106383, 'f1-score': 0.6206896551724138, 'support': 141.0}, 'DDoS': {'precision': 0.775, 'recall': 0.7948717948717948, 'f1-score': 0.7848101265822786, 'support': 195.0}, 'DoS': {'precision': 0.97, 'recall': 0.9556650246305419, 'f1-score': 0.9627791563275433, 'support': 203.0}, 'MITM': {'precision': 0.81, 'recall': 0.9050279329608939, 'f1-score': 0.8548812664907652, 'support': 179.0}, 'Malware': {'precision': 0.6375, 'recall': 0.8793103448275862, 'f1-score': 0.7391304347826088, 'support': 290.0}, 'Scan': {'precision': 0.725, 'recall': 0.4948805460750853, 'f1-score': 0.5882352941176471, 'support': 293.0}, 'WebAttack': {'precision': 0.825, 'recall': 0.7621247113163973, 'f1-score': 0.7923169267707083, 'support': 433.0}, 'accuracy': 0.7817708333333333, 'macro avg': {'precision': 0.7890625, 'recall': 0.7910892538983165, 'f1-score': 0.7837880000175423, 'support': 1920.0}, 'weighted avg': {'precision': 0.7860390625, 'recall': 0.7817708333333333, 'f1-score': 0.7767213021224282, 'support': 1920.0}}","[[179   0   0   4   2   0   0   1]
 [  0  81   2   0   4   0   0  54]
 [  4   5 155   0   5   1  22   3]
 [  2   0   2 194   4   0   1   0]
 [  5   0   1   0 162   2   1   8]
 [  2   8   4   0   2 255  17   2]
 [  4   0   1   2   8 131 145   2]
 [  4  26  35   0  13  11  14 330]]",3.558575392,0.04388833
204,ToN_IoT,2,None,StandardScaler,KNN,0.747495347,-1,-1,94.44010417,79.0625,3.177083333,78.55471195,76.82568588,-1,"{'0Normal': {'precision': 0.8526785714285714, 'recall': 0.955, 'f1-score': 0.9009433962264152, 'support': 200.0}, 'BruteForce': {'precision': 0.3559322033898305, 'recall': 0.7, 'f1-score': 0.4719101123595506, 'support': 120.0}, 'DDoS': {'precision': 0.7120622568093385, 'recall': 0.915, 'f1-score': 0.8008752735229759, 'support': 200.0}, 'DoS': {'precision': 0.9601990049751243, 'recall': 0.965, 'f1-score': 0.9625935162094762, 'support': 200.0}, 'MITM': {'precision': 0.7713004484304933, 'recall': 0.86, 'f1-score': 0.8132387706855791, 'support': 200.0}, 'Malware': {'precision': 0.845360824742268, 'recall': 0.82, 'f1-score': 0.83248730964467, 'support': 400.0}, 'Scan': {'precision': 0.9357798165137615, 'recall': 0.51, 'f1-score': 0.6601941747572816, 'support': 200.0}, 'WebAttack': {'precision': 0.851063829787234, 'recall': 0.6, 'f1-score': 0.7038123167155425, 'support': 400.0}, 'accuracy': 0.7776041666666667, 'macro avg': {'precision': 0.7855471195095778, 'recall': 0.7906249999999999, 'f1-score': 0.7682568587651863, 'support': 1920.0}, 'weighted avg': {'precision': 0.8165029926302282, 'recall': 0.7776041666666667, 'f1-score': 0.780582338701863, 'support': 1920.0}}","[[191   0   2   0   4   1   0   2]
 [  2  84  11   0   0   4   1  18]
 [  0   1 183   0   3   4   1   8]
 [  7   0   0 193   0   0   0   0]
 [ 10   0   4   4 172   0   3   7]
 [  1  62   3   0   1 328   2   3]
 [  8   8  25   2   3  48 102   4]
 [  5  81  29   2  40   3   0 240]]",0.000724792,0.011532545
197,ToN_IoT,2,None,StandardScaler,KNN,0.747255617,-1,-1,94.40104167,79.33333333,3.199404762,78.82347795,77.06577825,-1,"{'0Normal': {'precision': 0.8050847457627118, 'recall': 0.95, 'f1-score': 0.871559633027523, 'support': 200.0}, 'BruteForce': {'precision': 0.326007326007326, 'recall': 0.7416666666666667, 'f1-score': 0.4529262086513995, 'support': 120.0}, 'DDoS': {'precision': 0.7801724137931034, 'recall': 0.905, 'f1-score': 0.837962962962963, 'support': 200.0}, 'DoS': {'precision': 0.9504950495049505, 'recall': 0.96, 'f1-score': 0.9552238805970149, 'support': 200.0}, 'MITM': {'precision': 0.7867298578199052, 'recall': 0.83, 'f1-score': 0.8077858880778588, 'support': 200.0}, 'Malware': {'precision': 0.8688524590163934, 'recall': 0.795, 'f1-score': 0.8302872062663185, 'support': 400.0}, 'Scan': {'precision': 0.9180327868852459, 'recall': 0.56, 'f1-score': 0.6956521739130435, 'support': 200.0}, 'WebAttack': {'precision': 0.8705035971223022, 'recall': 0.605, 'f1-score': 0.7138643067846607, 'support': 400.0}, 'accuracy': 0.7760416666666666, 'macro avg': {'precision': 0.7882347794889923, 'recall': 0.7933333333333333, 'f1-score': 0.7706577825350978, 'support': 1920.0}, 'weighted avg': {'precision': 0.8244616001716358, 'recall': 0.7760416666666666, 'f1-score': 0.7841920093615834, 'support': 1920.0}}","[[190   2   3   0   2   0   1   2]
 [  1  89   9   0   0   3   1  17]
 [  8   1 181   0   3   4   1   2]
 [  7   0   0 192   1   0   0   0]
 [ 13   0   1   4 166   0   3  13]
 [  1  73   4   0   1 318   3   0]
 [ 13  11  19   2   3  38 112   2]
 [  3  97  15   4  35   3   1 242]]",0.000927687,0.012749195
250,ToN_IoT,0,None,StandardScaler,LGBM,0.739542445,-1,-1,94.21875,80.13541667,3.303571429,77.28298059,76.91093638,-1,"{'0Normal': {'precision': 0.926829268292683, 'recall': 0.76, 'f1-score': 0.8351648351648352, 'support': 200.0}, 'BruteForce': {'precision': 0.4098360655737705, 'recall': 0.8333333333333334, 'f1-score': 0.5494505494505496, 'support': 120.0}, 'DDoS': {'precision': 0.7725321888412017, 'recall': 0.9, 'f1-score': 0.8314087759815242, 'support': 200.0}, 'DoS': {'precision': 0.955, 'recall': 0.955, 'f1-score': 0.955, 'support': 200.0}, 'MITM': {'precision': 0.6875, 'recall': 0.825, 'f1-score': 0.75, 'support': 200.0}, 'Malware': {'precision': 0.9050445103857567, 'recall': 0.7625, 'f1-score': 0.8276797829036635, 'support': 400.0}, 'Scan': {'precision': 0.6653386454183267, 'recall': 0.835, 'f1-score': 0.7405764966740577, 'support': 200.0}, 'WebAttack': {'precision': 0.8605577689243028, 'recall': 0.54, 'f1-score': 0.663594470046083, 'support': 400.0}, 'accuracy': 0.76875, 'macro avg': {'precision': 0.7728298059295051, 'recall': 0.8013541666666666, 'f1-score': 0.7691093637775892, 'support': 1920.0}, 'weighted avg': {'precision': 0.8108652396371451, 'recall': 0.76875, 'f1-score': 0.7733717649364833, 'support': 1920.0}}","[[152   3  11   2  27   0   4   1]
 [  0 100   6   0   1   0   0  13]
 [  2   4 180   0   6   4   0   4]
 [  6   0   0 191   0   3   0   0]
 [  3   5   8   6 165   0   2  11]
 [  0   1  11   0   6 305  77   0]
 [  0   0   2   0   0  25 167   6]
 [  1 131  15   1  35   0   1 216]]",0.244038105,0.008022785
104,ToN_IoT,0,None,QuantileTransformer,RF,0.738244081,-1,-1,94.21875,77.92708333,3.303571429,79.25894891,75.81936454,-1,"{'0Normal': {'precision': 0.9216867469879518, 'recall': 0.765, 'f1-score': 0.8360655737704918, 'support': 200.0}, 'BruteForce': {'precision': 0.3754152823920266, 'recall': 0.9416666666666667, 'f1-score': 0.5368171021377672, 'support': 120.0}, 'DDoS': {'precision': 0.9010416666666666, 'recall': 0.865, 'f1-score': 0.8826530612244896, 'support': 200.0}, 'DoS': {'precision': 0.8362068965517241, 'recall': 0.97, 'f1-score': 0.8981481481481481, 'support': 200.0}, 'MITM': {'precision': 0.8476190476190476, 'recall': 0.445, 'f1-score': 0.5836065573770493, 'support': 200.0}, 'Malware': {'precision': 0.8605664488017429, 'recall': 0.9875, 'f1-score': 0.919674039580908, 'support': 400.0}, 'Scan': {'precision': 0.8895705521472392, 'recall': 0.725, 'f1-score': 0.7988980716253444, 'support': 200.0}, 'WebAttack': {'precision': 0.7086092715231788, 'recall': 0.535, 'f1-score': 0.6096866096866097, 'support': 400.0}, 'accuracy': 0.76875, 'macro avg': {'precision': 0.7925894890861973, 'recall': 0.7792708333333334, 'f1-score': 0.758193645443851, 'support': 1920.0}, 'weighted avg': {'precision': 0.808304741672676, 'recall': 0.76875, 'f1-score': 0.7687690595795018, 'support': 1920.0}}","[[153   7   8   3  12   1   2  14]
 [  1 113   0   0   0   3   3   0]
 [  1   2 173   0   1   4   1  18]
 [  6   0   0 194   0   0   0   0]
 [  4  11   3  32  89   1   5  55]
 [  1   0   0   0   1 395   3   0]
 [  0   0   1   0   0  53 145   1]
 [  0 168   7   3   2   2   4 214]]",0.055453777,0.010799646
162,ToN_IoT,3,None,StandardScaler,KNN,0.738111746,-1,-1,94.296875,78.90625,3.258928571,76.08294339,76.57364878,-1,"{'0Normal': {'precision': 0.8217391304347826, 'recall': 0.945, 'f1-score': 0.8790697674418605, 'support': 200.0}, 'BruteForce': {'precision': 0.4540540540540541, 'recall': 0.7, 'f1-score': 0.5508196721311475, 'support': 120.0}, 'DDoS': {'precision': 0.7489539748953975, 'recall': 0.895, 'f1-score': 0.815489749430524, 'support': 200.0}, 'DoS': {'precision': 0.965, 'recall': 0.965, 'f1-score': 0.965, 'support': 200.0}, 'MITM': {'precision': 0.7436974789915967, 'recall': 0.885, 'f1-score': 0.8082191780821918, 'support': 200.0}, 'Malware': {'precision': 0.8489583333333334, 'recall': 0.815, 'f1-score': 0.8316326530612245, 'support': 400.0}, 'Scan': {'precision': 0.7517241379310344, 'recall': 0.545, 'f1-score': 0.6318840579710145, 'support': 200.0}, 'WebAttack': {'precision': 0.7525083612040134, 'recall': 0.5625, 'f1-score': 0.6437768240343347, 'support': 400.0}, 'accuracy': 0.771875, 'macro avg': {'precision': 0.7608294338555266, 'recall': 0.7890625, 'f1-score': 0.7657364877690371, 'support': 1920.0}, 'weighted avg': {'precision': 0.7819250566416601, 'recall': 0.771875, 'f1-score': 0.7688514073328538, 'support': 1920.0}}","[[189   0   2   1   6   0   0   2]
 [  6  84  12   0   0   6   3   9]
 [  2   2 179   0   2   2   2  11]
 [  6   0   0 193   1   0   0   0]
 [  7   2   2   4 177   0   2   6]
 [  2   0   3   0   1 326  29  39]
 [ 16   0  15   2   3  48 109   7]
 [  2  97  26   0  48   2   0 225]]",0.001523018,0.068838835
122,ToN_IoT,-1,None,QuantileTransformer,HHHv2,0.732939325,-1,-1,94.2578125,69.4873852,3.28125,69.6875,69.01369356,-1,"{'0Normal': {'precision': 0.78, 'recall': 0.8715083798882681, 'f1-score': 0.8232189973614776, 'support': 179.0}, 'BruteForce': {'precision': 0.0, 'recall': 0.0, 'f1-score': 0.0, 'support': 1.0}, 'DDoS': {'precision': 0.77, 'recall': 0.7979274611398963, 'f1-score': 0.7837150127226463, 'support': 193.0}, 'DoS': {'precision': 0.955, 'recall': 0.8842592592592593, 'f1-score': 0.9182692307692308, 'support': 216.0}, 'MITM': {'precision': 0.535, 'recall': 0.722972972972973, 'f1-score': 0.6149425287356323, 'support': 148.0}, 'Malware': {'precision': 0.9225, 'recall': 0.8502304147465438, 'f1-score': 0.8848920863309352, 'support': 434.0}, 'Scan': {'precision': 0.715, 'recall': 0.8033707865168539, 'f1-score': 0.7566137566137566, 'support': 178.0}, 'WebAttack': {'precision': 0.8975, 'recall': 0.6287215411558669, 'f1-score': 0.7394438722966015, 'support': 571.0}, 'accuracy': 0.7703125, 'macro avg': {'precision': 0.6968749999999999, 'recall': 0.6948738519599578, 'f1-score': 0.690136935603785, 'support': 1920.0}, 'weighted avg': {'precision': 0.8405195312499999, 'recall': 0.7703125, 'f1-score': 0.7963092246398108, 'support': 1920.0}}","[[156   1   7   6   8   1   0   0]
 [  0   0   0   0   1   0   0   0]
 [  1  19 154   0   3   0   4  12]
 [  1   0   1 191   0   9  14   0]
 [  9   0   1   3 107   0   0  28]
 [  3   2  21   0   1 369  37   1]
 [  5   6   2   0   1  21 143   0]
 [ 25  92  14   0  79   0   2 359]]",546.3993917,0.005980015
146,ToN_IoT,-1,linear,QuantileTransformer,HHHv2,0.732939325,-1,-1,94.2578125,69.4873852,3.28125,69.6875,69.01369356,-1,"{'0Normal': {'precision': 0.78, 'recall': 0.8715083798882681, 'f1-score': 0.8232189973614776, 'support': 179.0}, 'BruteForce': {'precision': 0.0, 'recall': 0.0, 'f1-score': 0.0, 'support': 1.0}, 'DDoS': {'precision': 0.77, 'recall': 0.7979274611398963, 'f1-score': 0.7837150127226463, 'support': 193.0}, 'DoS': {'precision': 0.955, 'recall': 0.8842592592592593, 'f1-score': 0.9182692307692308, 'support': 216.0}, 'MITM': {'precision': 0.535, 'recall': 0.722972972972973, 'f1-score': 0.6149425287356323, 'support': 148.0}, 'Malware': {'precision': 0.9225, 'recall': 0.8502304147465438, 'f1-score': 0.8848920863309352, 'support': 434.0}, 'Scan': {'precision': 0.715, 'recall': 0.8033707865168539, 'f1-score': 0.7566137566137566, 'support': 178.0}, 'WebAttack': {'precision': 0.8975, 'recall': 0.6287215411558669, 'f1-score': 0.7394438722966015, 'support': 571.0}, 'accuracy': 0.7703125, 'macro avg': {'precision': 0.6968749999999999, 'recall': 0.6948738519599578, 'f1-score': 0.690136935603785, 'support': 1920.0}, 'weighted avg': {'precision': 0.8405195312499999, 'recall': 0.7703125, 'f1-score': 0.7963092246398108, 'support': 1920.0}}","[[156   1   7   6   8   1   0   0]
 [  0   0   0   0   1   0   0   0]
 [  1  19 154   0   3   0   4  12]
 [  1   0   1 191   0   9  14   0]
 [  9   0   1   3 107   0   0  28]
 [  3   2  21   0   1 369  37   1]
 [  5   6   2   0   1  21 143   0]
 [ 25  92  14   0  79   0   2 359]]",447.3227453,0.038789034
168,ToN_IoT,3,rbf,StandardScaler,HHHv2,0.732861941,-1,-1,94.04947917,79.91545366,3.400297619,78.45833333,77.40347819,-1,"{'0Normal': {'precision': 0.93, 'recall': 0.93, 'f1-score': 0.93, 'support': 200.0}, 'BruteForce': {'precision': 0.6666666666666666, 'recall': 0.6722689075630253, 'f1-score': 0.6694560669456067, 'support': 119.0}, 'DDoS': {'precision': 0.775, 'recall': 0.8378378378378378, 'f1-score': 0.8051948051948051, 'support': 185.0}, 'DoS': {'precision': 0.97, 'recall': 0.97, 'f1-score': 0.97, 'support': 200.0}, 'MITM': {'precision': 0.84, 'recall': 0.8888888888888888, 'f1-score': 0.8637532133676092, 'support': 189.0}, 'Malware': {'precision': 0.4525, 'recall': 0.9282051282051282, 'f1-score': 0.6084033613445379, 'support': 195.0}, 'Scan': {'precision': 0.79, 'recall': 0.42473118279569894, 'f1-score': 0.5524475524475525, 'support': 372.0}, 'WebAttack': {'precision': 0.8525, 'recall': 0.741304347826087, 'f1-score': 0.7930232558139536, 'support': 460.0}, 'accuracy': 0.7619791666666667, 'macro avg': {'precision': 0.7845833333333334, 'recall': 0.7991545366395834, 'f1-score': 0.7740347818892581, 'support': 1920.0}, 'weighted avg': {'precision': 0.7998624131944444, 'recall': 0.7619791666666667, 'f1-score': 0.7608414119276756, 'support': 1920.0}}","[[186   0   1   6   7   0   0   0]
 [  0  80   2   0   1   0   0  36]
 [  3   2 155   0   5   2  13   5]
 [  1   0   0 194   4   0   1   0]
 [  5   0   1   0 168   2   1  12]
 [  1   1   3   0   2 181   5   2]
 [  2   7   2   0   3 196 158   4]
 [  2  30  36   0  10  19  22 341]]",4.562769413,0.093939304
175,ToN_IoT,3,poly,StandardScaler,HHHv2,0.732047061,-1,-1,94.0625,79.94555991,3.392857143,77.51041667,77.1383054,-1,"{'0Normal': {'precision': 0.91, 'recall': 0.9430051813471503, 'f1-score': 0.9262086513994912, 'support': 193.0}, 'BruteForce': {'precision': 0.6083333333333333, 'recall': 0.7525773195876289, 'f1-score': 0.672811059907834, 'support': 97.0}, 'DDoS': {'precision': 0.82, 'recall': 0.7922705314009661, 'f1-score': 0.8058968058968059, 'support': 207.0}, 'DoS': {'precision': 0.97, 'recall': 0.9651741293532339, 'f1-score': 0.9675810473815462, 'support': 201.0}, 'MITM': {'precision': 0.815, 'recall': 0.9157303370786517, 'f1-score': 0.8624338624338624, 'support': 178.0}, 'Malware': {'precision': 0.45, 'recall': 0.861244019138756, 'f1-score': 0.5911330049261084, 'support': 209.0}, 'Scan': {'precision': 0.715, 'recall': 0.3972222222222222, 'f1-score': 0.5107142857142857, 'support': 360.0}, 'WebAttack': {'precision': 0.9125, 'recall': 0.7684210526315789, 'f1-score': 0.8342857142857143, 'support': 475.0}, 'accuracy': 0.7625, 'macro avg': {'precision': 0.7751041666666667, 'recall': 0.7994555990950235, 'f1-score': 0.7713830539932061, 'support': 1920.0}, 'weighted avg': {'precision': 0.7965134548611111, 'recall': 0.7625, 'f1-score': 0.7617334659172565, 'support': 1920.0}}","[[182   0   0   5   6   0   0   0]
 [  0  73   3   0   3   0   0  18]
 [  2   4 164   1   6   2  23   5]
 [  3   0   1 194   2   0   1   0]
 [  3   0   1   0 163   3   1   7]
 [  1   8   4   0   0 180  14   2]
 [  6   0   1   0  11 196 143   3]
 [  3  35  26   0   9  19  18 365]]",4.268009424,0.093891621
203,ToN_IoT,2,rbf,StandardScaler,HHHv2,0.730340834,-1,-1,94.01041667,78.66227498,3.422619048,78.39583333,77.05990537,-1,"{'0Normal': {'precision': 0.925, 'recall': 0.9343434343434344, 'f1-score': 0.9296482412060301, 'support': 198.0}, 'BruteForce': {'precision': 0.6916666666666667, 'recall': 0.7094017094017094, 'f1-score': 0.70042194092827, 'support': 117.0}, 'DDoS': {'precision': 0.82, 'recall': 0.7354260089686099, 'f1-score': 0.7754137115839244, 'support': 223.0}, 'DoS': {'precision': 0.97, 'recall': 0.97, 'f1-score': 0.97, 'support': 200.0}, 'MITM': {'precision': 0.82, 'recall': 0.841025641025641, 'f1-score': 0.830379746835443, 'support': 195.0}, 'Malware': {'precision': 0.4575, 'recall': 0.8755980861244019, 'f1-score': 0.6009852216748769, 'support': 209.0}, 'Scan': {'precision': 0.74, 'recall': 0.40437158469945356, 'f1-score': 0.5229681978798587, 'support': 366.0}, 'WebAttack': {'precision': 0.8475, 'recall': 0.8228155339805825, 'f1-score': 0.8349753694581281, 'support': 412.0}, 'accuracy': 0.7604166666666666, 'macro avg': {'precision': 0.7839583333333333, 'recall': 0.7866227498179791, 'f1-score': 0.7705990536958164, 'support': 1920.0}, 'weighted avg': {'precision': 0.78982421875, 'recall': 0.7604166666666666, 'f1-score': 0.7582724745491429, 'support': 1920.0}}","[[185   0   1   3   6   3   0   0]
 [  0  83   2   0   1   0   0  31]
 [  3   7 164   0   2  12  32   3]
 [  2   0   0 194   3   0   1   0]
 [  4   0   1   0 164   2   1  23]
 [  0   8   3   1   0 183  13   1]
 [  3   0   2   2   9 199 148   3]
 [  3  22  27   0  15   1   5 339]]",4.94198966,0.086284399
268,ToN_IoT,-1,None,StandardScaler,SGD,0.72653649,-1,-1,94.15364583,69.30208333,3.34077381,72.43728479,69.9238967,-1,"{'0Normal': {'precision': 0.8476190476190476, 'recall': 0.89, 'f1-score': 0.8682926829268293, 'support': 200.0}, 'BruteForce': {'precision': 0.07246376811594203, 'recall': 0.041666666666666664, 'f1-score': 0.05291005291005291, 'support': 120.0}, 'DDoS': {'precision': 0.6717948717948717, 'recall': 0.655, 'f1-score': 0.6632911392405063, 'support': 200.0}, 'DoS': {'precision': 0.9794871794871794, 'recall': 0.955, 'f1-score': 0.9670886075949366, 'support': 200.0}, 'MITM': {'precision': 0.873015873015873, 'recall': 0.55, 'f1-score': 0.6748466257668712, 'support': 200.0}, 'Malware': {'precision': 0.8189845474613686, 'recall': 0.9275, 'f1-score': 0.8698710433763188, 'support': 400.0}, 'Scan': {'precision': 0.8445945945945946, 'recall': 0.625, 'f1-score': 0.7183908045977011, 'support': 200.0}, 'WebAttack': {'precision': 0.6870229007633588, 'recall': 0.9, 'f1-score': 0.7792207792207793, 'support': 400.0}, 'accuracy': 0.7661458333333333, 'macro avg': {'precision': 0.7243728478565294, 'recall': 0.6930208333333333, 'f1-score': 0.6992389669542494, 'support': 1920.0}, 'weighted avg': {'precision': 0.7575004920656861, 'recall': 0.7661458333333333, 'f1-score': 0.7522749517778201, 'support': 1920.0}}","[[178   1   2   2   4   2   4   7]
 [  0   5  13   0   0   8   2  92]
 [  6  30 131   0   9   5  14   5]
 [  6   0   0 191   1   0   0   2]
 [ 19   1   9   0 110   6   0  55]
 [  1  16   7   0   1 371   3   1]
 [  0  14   0   2   0  57 125   2]
 [  0   2  33   0   1   4   0 360]]",0.059329987,0.0005548
276,ToN_IoT,-1,None,StandardScaler,SGD,0.72653649,-1,-1,94.15364583,69.30208333,3.34077381,72.43728479,69.9238967,-1,"{'0Normal': {'precision': 0.8476190476190476, 'recall': 0.89, 'f1-score': 0.8682926829268293, 'support': 200.0}, 'BruteForce': {'precision': 0.07246376811594203, 'recall': 0.041666666666666664, 'f1-score': 0.05291005291005291, 'support': 120.0}, 'DDoS': {'precision': 0.6717948717948717, 'recall': 0.655, 'f1-score': 0.6632911392405063, 'support': 200.0}, 'DoS': {'precision': 0.9794871794871794, 'recall': 0.955, 'f1-score': 0.9670886075949366, 'support': 200.0}, 'MITM': {'precision': 0.873015873015873, 'recall': 0.55, 'f1-score': 0.6748466257668712, 'support': 200.0}, 'Malware': {'precision': 0.8189845474613686, 'recall': 0.9275, 'f1-score': 0.8698710433763188, 'support': 400.0}, 'Scan': {'precision': 0.8445945945945946, 'recall': 0.625, 'f1-score': 0.7183908045977011, 'support': 200.0}, 'WebAttack': {'precision': 0.6870229007633588, 'recall': 0.9, 'f1-score': 0.7792207792207793, 'support': 400.0}, 'accuracy': 0.7661458333333333, 'macro avg': {'precision': 0.7243728478565294, 'recall': 0.6930208333333333, 'f1-score': 0.6992389669542494, 'support': 1920.0}, 'weighted avg': {'precision': 0.7575004920656861, 'recall': 0.7661458333333333, 'f1-score': 0.7522749517778201, 'support': 1920.0}}","[[178   1   2   2   4   2   4   7]
 [  0   5  13   0   0   8   2  92]
 [  6  30 131   0   9   5  14   5]
 [  6   0   0 191   1   0   0   2]
 [ 19   1   9   0 110   6   0  55]
 [  1  16   7   0   1 371   3   1]
 [  0  14   0   2   0  57 125   2]
 [  0   2  33   0   1   4   0 360]]",0.080470085,0.000781536
284,ToN_IoT,-1,None,StandardScaler,SGD,0.72653649,-1,-1,94.15364583,69.30208333,3.34077381,72.43728479,69.9238967,-1,"{'0Normal': {'precision': 0.8476190476190476, 'recall': 0.89, 'f1-score': 0.8682926829268293, 'support': 200.0}, 'BruteForce': {'precision': 0.07246376811594203, 'recall': 0.041666666666666664, 'f1-score': 0.05291005291005291, 'support': 120.0}, 'DDoS': {'precision': 0.6717948717948717, 'recall': 0.655, 'f1-score': 0.6632911392405063, 'support': 200.0}, 'DoS': {'precision': 0.9794871794871794, 'recall': 0.955, 'f1-score': 0.9670886075949366, 'support': 200.0}, 'MITM': {'precision': 0.873015873015873, 'recall': 0.55, 'f1-score': 0.6748466257668712, 'support': 200.0}, 'Malware': {'precision': 0.8189845474613686, 'recall': 0.9275, 'f1-score': 0.8698710433763188, 'support': 400.0}, 'Scan': {'precision': 0.8445945945945946, 'recall': 0.625, 'f1-score': 0.7183908045977011, 'support': 200.0}, 'WebAttack': {'precision': 0.6870229007633588, 'recall': 0.9, 'f1-score': 0.7792207792207793, 'support': 400.0}, 'accuracy': 0.7661458333333333, 'macro avg': {'precision': 0.7243728478565294, 'recall': 0.6930208333333333, 'f1-score': 0.6992389669542494, 'support': 1920.0}, 'weighted avg': {'precision': 0.7575004920656861, 'recall': 0.7661458333333333, 'f1-score': 0.7522749517778201, 'support': 1920.0}}","[[178   1   2   2   4   2   4   7]
 [  0   5  13   0   0   8   2  92]
 [  6  30 131   0   9   5  14   5]
 [  6   0   0 191   1   0   0   2]
 [ 19   1   9   0 110   6   0  55]
 [  1  16   7   0   1 371   3   1]
 [  0  14   0   2   0  57 125   2]
 [  0   2  33   0   1   4   0 360]]",0.105957508,0.007441044
292,ToN_IoT,-1,None,StandardScaler,SGD,0.72653649,-1,-1,94.15364583,69.30208333,3.34077381,72.43728479,69.9238967,-1,"{'0Normal': {'precision': 0.8476190476190476, 'recall': 0.89, 'f1-score': 0.8682926829268293, 'support': 200.0}, 'BruteForce': {'precision': 0.07246376811594203, 'recall': 0.041666666666666664, 'f1-score': 0.05291005291005291, 'support': 120.0}, 'DDoS': {'precision': 0.6717948717948717, 'recall': 0.655, 'f1-score': 0.6632911392405063, 'support': 200.0}, 'DoS': {'precision': 0.9794871794871794, 'recall': 0.955, 'f1-score': 0.9670886075949366, 'support': 200.0}, 'MITM': {'precision': 0.873015873015873, 'recall': 0.55, 'f1-score': 0.6748466257668712, 'support': 200.0}, 'Malware': {'precision': 0.8189845474613686, 'recall': 0.9275, 'f1-score': 0.8698710433763188, 'support': 400.0}, 'Scan': {'precision': 0.8445945945945946, 'recall': 0.625, 'f1-score': 0.7183908045977011, 'support': 200.0}, 'WebAttack': {'precision': 0.6870229007633588, 'recall': 0.9, 'f1-score': 0.7792207792207793, 'support': 400.0}, 'accuracy': 0.7661458333333333, 'macro avg': {'precision': 0.7243728478565294, 'recall': 0.6930208333333333, 'f1-score': 0.6992389669542494, 'support': 1920.0}, 'weighted avg': {'precision': 0.7575004920656861, 'recall': 0.7661458333333333, 'f1-score': 0.7522749517778201, 'support': 1920.0}}","[[178   1   2   2   4   2   4   7]
 [  0   5  13   0   0   8   2  92]
 [  6  30 131   0   9   5  14   5]
 [  6   0   0 191   1   0   0   2]
 [ 19   1   9   0 110   6   0  55]
 [  1  16   7   0   1 371   3   1]
 [  0  14   0   2   0  57 125   2]
 [  0   2  33   0   1   4   0 360]]",0.056535006,0.000412703
300,ToN_IoT,-1,None,StandardScaler,SGD,0.72653649,-1,-1,94.15364583,69.30208333,3.34077381,72.43728479,69.9238967,-1,"{'0Normal': {'precision': 0.8476190476190476, 'recall': 0.89, 'f1-score': 0.8682926829268293, 'support': 200.0}, 'BruteForce': {'precision': 0.07246376811594203, 'recall': 0.041666666666666664, 'f1-score': 0.05291005291005291, 'support': 120.0}, 'DDoS': {'precision': 0.6717948717948717, 'recall': 0.655, 'f1-score': 0.6632911392405063, 'support': 200.0}, 'DoS': {'precision': 0.9794871794871794, 'recall': 0.955, 'f1-score': 0.9670886075949366, 'support': 200.0}, 'MITM': {'precision': 0.873015873015873, 'recall': 0.55, 'f1-score': 0.6748466257668712, 'support': 200.0}, 'Malware': {'precision': 0.8189845474613686, 'recall': 0.9275, 'f1-score': 0.8698710433763188, 'support': 400.0}, 'Scan': {'precision': 0.8445945945945946, 'recall': 0.625, 'f1-score': 0.7183908045977011, 'support': 200.0}, 'WebAttack': {'precision': 0.6870229007633588, 'recall': 0.9, 'f1-score': 0.7792207792207793, 'support': 400.0}, 'accuracy': 0.7661458333333333, 'macro avg': {'precision': 0.7243728478565294, 'recall': 0.6930208333333333, 'f1-score': 0.6992389669542494, 'support': 1920.0}, 'weighted avg': {'precision': 0.7575004920656861, 'recall': 0.7661458333333333, 'f1-score': 0.7522749517778201, 'support': 1920.0}}","[[178   1   2   2   4   2   4   7]
 [  0   5  13   0   0   8   2  92]
 [  6  30 131   0   9   5  14   5]
 [  6   0   0 191   1   0   0   2]
 [ 19   1   9   0 110   6   0  55]
 [  1  16   7   0   1 371   3   1]
 [  0  14   0   2   0  57 125   2]
 [  0   2  33   0   1   4   0 360]]",0.112042427,0.00152421
154,ToN_IoT,-1,sigmoid,QuantileTransformer,HHHv2,0.726100333,-1,-1,94.08854167,74.12858884,3.37797619,75.55208333,73.78026401,-1,"{'0Normal': {'precision': 0.58, 'recall': 0.8226950354609929, 'f1-score': 0.6803519061583577, 'support': 141.0}, 'BruteForce': {'precision': 0.8416666666666667, 'recall': 0.6392405063291139, 'f1-score': 0.7266187050359711, 'support': 158.0}, 'DDoS': {'precision': 0.91, 'recall': 0.7583333333333333, 'f1-score': 0.8272727272727273, 'support': 240.0}, 'DoS': {'precision': 0.96, 'recall': 0.8458149779735683, 'f1-score': 0.8992974238875878, 'support': 227.0}, 'MITM': {'precision': 0.315, 'recall': 0.5294117647058824, 'f1-score': 0.3949843260188088, 'support': 119.0}, 'Malware': {'precision': 0.91, 'recall': 0.7794432548179872, 'f1-score': 0.839677047289504, 'support': 467.0}, 'Scan': {'precision': 0.815, 'recall': 0.7244444444444444, 'f1-score': 0.7670588235294118, 'support': 225.0}, 'WebAttack': {'precision': 0.7125, 'recall': 0.8309037900874635, 'f1-score': 0.7671601615074024, 'support': 343.0}, 'accuracy': 0.7635416666666667, 'macro avg': {'precision': 0.7555208333333334, 'recall': 0.7412858883940983, 'f1-score': 0.7378026400874713, 'support': 1920.0}, 'weighted avg': {'precision': 0.8027608506944445, 'recall': 0.7635416666666667, 'f1-score': 0.7751447033872616, 'support': 1920.0}}","[[116   1   0   0  10   3   3   8]
 [  9 101   6   1  16   0   1  24]
 [ 17   0 182   2  22   1   1  15]
 [ 11   0   0 192  16   1   2   5]
 [  9   2   3   1  63   8   4  29]
 [ 13   4   4   2  31 364  23  26]
 [ 13   4   1   1  17  18 163   8]
 [ 12   8   4   1  25   5   3 285]]",469.1197665,0.555594683
81,ToN_IoT,0,None,QuantileTransformer,LGBM,0.725256745,-1,-1,94.08854167,74.5625,3.37797619,74.4137507,73.30218414,-1,"{'0Normal': {'precision': 0.7474226804123711, 'recall': 0.725, 'f1-score': 0.7360406091370557, 'support': 200.0}, 'BruteForce': {'precision': 0.5510204081632653, 'recall': 0.9, 'f1-score': 0.6835443037974683, 'support': 120.0}, 'DDoS': {'precision': 0.9347826086956522, 'recall': 0.86, 'f1-score': 0.8958333333333334, 'support': 200.0}, 'DoS': {'precision': 0.7578947368421053, 'recall': 0.72, 'f1-score': 0.7384615384615385, 'support': 200.0}, 'MITM': {'precision': 0.6759259259259259, 'recall': 0.365, 'f1-score': 0.4740259740259741, 'support': 200.0}, 'Malware': {'precision': 0.8643326039387309, 'recall': 0.9875, 'f1-score': 0.9218203033838973, 'support': 400.0}, 'Scan': {'precision': 0.6633663366336634, 'recall': 0.67, 'f1-score': 0.6666666666666667, 'support': 200.0}, 'WebAttack': {'precision': 0.7583547557840618, 'recall': 0.7375, 'f1-score': 0.7477820025348544, 'support': 400.0}, 'accuracy': 0.7635416666666667, 'macro avg': {'precision': 0.744137507049472, 'recall': 0.745625, 'f1-score': 0.7330218414175986, 'support': 1920.0}, 'weighted avg': {'precision': 0.7661853388388816, 'recall': 0.7635416666666667, 'f1-score': 0.7562874287229742, 'support': 1920.0}}","[[145   9   4  13  16   2   1  10]
 [  6 108   0   0   1   0   0   5]
 [  3   3 172   0   5   4   0  13]
 [  6   0   0 144   0   0  50   0]
 [ 20   7   2  32  73   0   2  64]
 [  2   0   1   0   0 395   2   0]
 [  4   1   1   0   3  55 134   2]
 [  8  68   4   1  10   1  13 295]]",0.225956678,0.007332087
72,ToN_IoT,2,None,QuantileTransformer,LDA,0.725224631,-1,-1,93.81510417,75.95833333,3.53422619,79.14760855,73.57640937,-1,"{'0Normal': {'precision': 0.7824267782426778, 'recall': 0.935, 'f1-score': 0.8519362186788155, 'support': 200.0}, 'BruteForce': {'precision': 0.847457627118644, 'recall': 0.4166666666666667, 'f1-score': 0.5586592178770949, 'support': 120.0}, 'DDoS': {'precision': 0.6245847176079734, 'recall': 0.94, 'f1-score': 0.7504990019960079, 'support': 200.0}, 'DoS': {'precision': 0.5286103542234333, 'recall': 0.97, 'f1-score': 0.6843033509700176, 'support': 200.0}, 'MITM': {'precision': 0.8712871287128713, 'recall': 0.88, 'f1-score': 0.8756218905472637, 'support': 200.0}, 'Malware': {'precision': 0.9064327485380117, 'recall': 0.3875, 'f1-score': 0.542907180385289, 'support': 400.0}, 'Scan': {'precision': 0.9465648854961832, 'recall': 0.62, 'f1-score': 0.7492447129909366, 'support': 200.0}, 'WebAttack': {'precision': 0.8244444444444444, 'recall': 0.9275, 'f1-score': 0.8729411764705883, 'support': 400.0}, 'accuracy': 0.7526041666666666, 'macro avg': {'precision': 0.7914760855480298, 'recall': 0.7595833333333333, 'f1-score': 0.7357640937395017, 'support': 1920.0}, 'weighted avg': {'precision': 0.8045523777624207, 'recall': 0.7526041666666666, 'f1-score': 0.7373434812105264, 'support': 1920.0}}","[[187   0   1   3   6   0   1   2]
 [  7  50  16   0   0   0   0  47]
 [  3   1 188   0   1   4   1   2]
 [  6   0   0 194   0   0   0   0]
 [  4   0   6   0 176   0   1  13]
 [ 13   1  77 135   5 155   3  11]
 [ 19   0   5  34   4  10 124   4]
 [  0   7   8   1  10   2   1 371]]",0.021335125,0.000689268
229,ToN_IoT,0,None,StandardScaler,RF,0.724732122,-1,-1,93.7890625,78.30208333,3.549107143,78.80918377,76.02140709,-1,"{'0Normal': {'precision': 0.8614457831325302, 'recall': 0.715, 'f1-score': 0.7814207650273224, 'support': 200.0}, 'BruteForce': {'precision': 0.28337874659400547, 'recall': 0.8666666666666667, 'f1-score': 0.42710472279260786, 'support': 120.0}, 'DDoS': {'precision': 0.9318181818181818, 'recall': 0.82, 'f1-score': 0.8723404255319149, 'support': 200.0}, 'DoS': {'precision': 0.8940092165898618, 'recall': 0.97, 'f1-score': 0.9304556354916066, 'support': 200.0}, 'MITM': {'precision': 0.834319526627219, 'recall': 0.705, 'f1-score': 0.7642276422764227, 'support': 200.0}, 'Malware': {'precision': 0.9164345403899722, 'recall': 0.8225, 'f1-score': 0.8669301712779973, 'support': 400.0}, 'Scan': {'precision': 0.8202764976958525, 'recall': 0.89, 'f1-score': 0.8537170263788969, 'support': 200.0}, 'WebAttack': {'precision': 0.7630522088353414, 'recall': 0.475, 'f1-score': 0.5855161787365177, 'support': 400.0}, 'accuracy': 0.7515625, 'macro avg': {'precision': 0.7880918377103705, 'recall': 0.7830208333333333, 'f1-score': 0.7602140709391608, 'support': 1920.0}, 'weighted avg': {'precision': 0.819882286694862, 'recall': 0.7515625, 'f1-score': 0.767012190459454, 'support': 1920.0}}","[[143  11   2   4  12   5  18   5]
 [  0 104   0   0   0   5   1  10]
 [  1   4 164   0   0   5   2  24]
 [  6   0   0 194   0   0   0   0]
 [ 15   2   4  12 141   2   5  19]
 [  1  53   0   0   6 329  11   0]
 [  0   2   1   7   0  11 178   1]
 [  0 191   5   0  10   2   2 190]]",0.054854631,0.010722399
82,ToN_IoT,0,None,QuantileTransformer,RF,0.723699192,-1,-1,93.95833333,75.4375,3.452380952,76.57296375,73.01549079,-1,"{'0Normal': {'precision': 0.9375, 'recall': 0.45, 'f1-score': 0.6081081081081081, 'support': 200.0}, 'BruteForce': {'precision': 0.45121951219512196, 'recall': 0.925, 'f1-score': 0.6065573770491803, 'support': 120.0}, 'DDoS': {'precision': 0.9257425742574258, 'recall': 0.935, 'f1-score': 0.9303482587064678, 'support': 200.0}, 'DoS': {'precision': 0.7578125, 'recall': 0.97, 'f1-score': 0.8508771929824562, 'support': 200.0}, 'MITM': {'precision': 0.7894736842105263, 'recall': 0.45, 'f1-score': 0.5732484076433121, 'support': 200.0}, 'Malware': {'precision': 0.8501070663811563, 'recall': 0.9925, 'f1-score': 0.9158016147635525, 'support': 400.0}, 'Scan': {'precision': 0.6571428571428571, 'recall': 0.69, 'f1-score': 0.6731707317073171, 'support': 200.0}, 'WebAttack': {'precision': 0.756838905775076, 'recall': 0.6225, 'f1-score': 0.6831275720164609, 'support': 400.0}, 'accuracy': 0.7583333333333333, 'macro avg': {'precision': 0.7657296374952705, 'recall': 0.754375, 'f1-score': 0.7301549078721068, 'support': 1920.0}, 'weighted avg': {'precision': 0.7866974236708695, 'recall': 0.7583333333333333, 'f1-score': 0.7497443228059578, 'support': 1920.0}}","[[ 90   8   3  25  15   2  44  13]
 [  0 111   0   0   0   0   7   2]
 [  0   0 187   0   2   4   2   5]
 [  0   0   0 194   0   0   6   0]
 [  4   1   3  36  90   2   5  59]
 [  2   0   0   0   1 397   0   0]
 [  0   0   1   0   0  60 138   1]
 [  0 126   8   1   6   2   8 249]]",0.05987072,0.011917353
213,ToN_IoT,2,None,StandardScaler,MLP,0.720887559,-1,-1,93.90625,77.52083333,3.482142857,76.48695885,75.81692891,-1,"{'0Normal': {'precision': 0.9038461538461539, 'recall': 0.94, 'f1-score': 0.9215686274509804, 'support': 200.0}, 'BruteForce': {'precision': 0.3552123552123552, 'recall': 0.7666666666666667, 'f1-score': 0.48548812664907653, 'support': 120.0}, 'DDoS': {'precision': 0.785, 'recall': 0.785, 'f1-score': 0.785, 'support': 200.0}, 'DoS': {'precision': 0.9651741293532339, 'recall': 0.97, 'f1-score': 0.9675810473815462, 'support': 200.0}, 'MITM': {'precision': 0.8648648648648649, 'recall': 0.8, 'f1-score': 0.8311688311688312, 'support': 200.0}, 'Malware': {'precision': 0.8463476070528967, 'recall': 0.84, 'f1-score': 0.8431618569636135, 'support': 400.0}, 'Scan': {'precision': 0.7232704402515723, 'recall': 0.575, 'f1-score': 0.6406685236768802, 'support': 200.0}, 'WebAttack': {'precision': 0.6752411575562701, 'recall': 0.525, 'f1-score': 0.5907172995780591, 'support': 400.0}, 'accuracy': 0.75625, 'macro avg': {'precision': 0.7648695885171684, 'recall': 0.7752083333333333, 'f1-score': 0.7581692891086234, 'support': 1920.0}, 'weighted avg': {'precision': 0.7810896386105803, 'recall': 0.75625, 'f1-score': 0.7609414811198988, 'support': 1920.0}}","[[188   0   3   3   2   0   2   2]
 [  0  92   5   0   0   8   0  15]
 [  2   2 157   0   2   5   0  32]
 [  6   0   0 194   0   0   0   0]
 [ 10   1   9   2 160   3   3  12]
 [  2   0   0   0   1 336  37  24]
 [  0   0  23   2   1  43 115  16]
 [  0 164   3   0  19   2   2 210]]",0.43204689,0.00180316
68,ToN_IoT,2,None,QuantileTransformer,NuSVC,0.716537977,-1,-1,93.515625,77.08333333,3.705357143,78.9095353,71.40104721,-1,"{'0Normal': {'precision': 0.4806201550387597, 'recall': 0.93, 'f1-score': 0.6337308347529813, 'support': 200.0}, 'BruteForce': {'precision': 0.4050179211469534, 'recall': 0.9416666666666667, 'f1-score': 0.5664160401002507, 'support': 120.0}, 'DDoS': {'precision': 0.8311688311688312, 'recall': 0.96, 'f1-score': 0.8909512761020881, 'support': 200.0}, 'DoS': {'precision': 0.9651741293532339, 'recall': 0.97, 'f1-score': 0.9675810473815462, 'support': 200.0}, 'MITM': {'precision': 0.7208333333333333, 'recall': 0.865, 'f1-score': 0.7863636363636363, 'support': 200.0}, 'Malware': {'precision': 0.970873786407767, 'recall': 0.75, 'f1-score': 0.846262341325811, 'support': 400.0}, 'Scan': {'precision': 0.972972972972973, 'recall': 0.18, 'f1-score': 0.3037974683544304, 'support': 200.0}, 'WebAttack': {'precision': 0.9661016949152542, 'recall': 0.57, 'f1-score': 0.7169811320754716, 'support': 400.0}, 'accuracy': 0.740625, 'macro avg': {'precision': 0.7890953530421382, 'recall': 0.7708333333333334, 'f1-score': 0.714010472057027, 'support': 1920.0}, 'weighted avg': {'precision': 0.8424719934584733, 'recall': 0.740625, 'f1-score': 0.7342459201893123, 'support': 1920.0}}","[[186   0   2   3   6   2   0   1]
 [  7 113   0   0   0   0   0   0]
 [  3   0 192   0   0   5   0   0]
 [  6   0   0 194   0   0   0   0]
 [  9   0  11   1 173   0   1   5]
 [ 21  79   0   0   0 300   0   0]
 [154   3   1   3   0   1  36   2]
 [  1  84  25   0  61   1   0 228]]",0.032230854,0.097624779
44,ToN_IoT,2,None,QuantileTransformer,NuSVC,0.710360472,-1,-1,93.37239583,76.73958333,3.787202381,78.17637822,70.95804254,-1,"{'0Normal': {'precision': 0.5, 'recall': 0.93, 'f1-score': 0.6503496503496503, 'support': 200.0}, 'BruteForce': {'precision': 0.38175675675675674, 'recall': 0.9416666666666667, 'f1-score': 0.5432692307692307, 'support': 120.0}, 'DDoS': {'precision': 0.8197424892703863, 'recall': 0.955, 'f1-score': 0.8822170900692841, 'support': 200.0}, 'DoS': {'precision': 0.9748743718592965, 'recall': 0.97, 'f1-score': 0.9724310776942355, 'support': 200.0}, 'MITM': {'precision': 0.7196652719665272, 'recall': 0.86, 'f1-score': 0.7835990888382688, 'support': 200.0}, 'Malware': {'precision': 0.9626168224299065, 'recall': 0.7725, 'f1-score': 0.8571428571428571, 'support': 400.0}, 'Scan': {'precision': 0.95, 'recall': 0.19, 'f1-score': 0.3166666666666667, 'support': 200.0}, 'WebAttack': {'precision': 0.9454545454545454, 'recall': 0.52, 'f1-score': 0.6709677419354839, 'support': 400.0}, 'accuracy': 0.7348958333333333, 'macro avg': {'precision': 0.7817637822171773, 'recall': 0.7673958333333333, 'f1-score': 0.7095804254332096, 'support': 1920.0}, 'weighted avg': {'precision': 0.8343207211374133, 'recall': 0.7348958333333333, 'f1-score': 0.7278589906496172, 'support': 1920.0}}","[[186   0   3   3   5   2   0   1]
 [  7 113   0   0   0   0   0   0]
 [  3   0 191   0   0   5   1   0]
 [  6   0   0 194   0   0   0   0]
 [  7   0  10   1 172   0   1   9]
 [ 12  78   1   0   0 309   0   0]
 [151   3   2   0   0   4  38   2]
 [  0 102  26   1  62   1   0 208]]",0.021402359,0.084051847
116,ToN_IoT,-1,None,QuantileTransformer,LDA,0.708792299,-1,-1,93.75,69.91666667,3.571428571,70.22341461,68.977017,-1,"{'0Normal': {'precision': 0.8977272727272727, 'recall': 0.79, 'f1-score': 0.8404255319148937, 'support': 200.0}, 'BruteForce': {'precision': 0.23333333333333334, 'recall': 0.058333333333333334, 'f1-score': 0.09333333333333334, 'support': 120.0}, 'DDoS': {'precision': 0.68359375, 'recall': 0.875, 'f1-score': 0.7675438596491229, 'support': 200.0}, 'DoS': {'precision': 0.8721461187214612, 'recall': 0.955, 'f1-score': 0.9116945107398569, 'support': 200.0}, 'MITM': {'precision': 0.625, 'recall': 0.525, 'f1-score': 0.5706521739130436, 'support': 200.0}, 'Malware': {'precision': 0.9189944134078212, 'recall': 0.8225, 'f1-score': 0.8680738786279684, 'support': 400.0}, 'Scan': {'precision': 0.7562189054726368, 'recall': 0.76, 'f1-score': 0.7581047381546135, 'support': 200.0}, 'WebAttack': {'precision': 0.630859375, 'recall': 0.8075, 'f1-score': 0.7083333333333333, 'support': 400.0}, 'accuracy': 0.75, 'macro avg': {'precision': 0.7022341460828156, 'recall': 0.6991666666666667, 'f1-score': 0.6897701699582707, 'support': 1920.0}, 'weighted avg': {'precision': 0.7369160024726055, 'recall': 0.75, 'f1-score': 0.7351286706556389, 'support': 1920.0}}","[[158   0   4   6   4   2   2  24]
 [  1   7  21   0   0   0   6  85]
 [  2   3 175   0   1   5   3  11]
 [  6   0   0 191   3   0   0   0]
 [  8  14   5   0 105   1   1  66]
 [  1   0  31   2   0 329  37   0]
 [  0   0   5  20   0  20 152   3]
 [  0   6  15   0  55   1   0 323]]",0.0058918,0.000283003
124,ToN_IoT,-1,None,QuantileTransformer,LDA,0.708792299,-1,-1,93.75,69.91666667,3.571428571,70.22341461,68.977017,-1,"{'0Normal': {'precision': 0.8977272727272727, 'recall': 0.79, 'f1-score': 0.8404255319148937, 'support': 200.0}, 'BruteForce': {'precision': 0.23333333333333334, 'recall': 0.058333333333333334, 'f1-score': 0.09333333333333334, 'support': 120.0}, 'DDoS': {'precision': 0.68359375, 'recall': 0.875, 'f1-score': 0.7675438596491229, 'support': 200.0}, 'DoS': {'precision': 0.8721461187214612, 'recall': 0.955, 'f1-score': 0.9116945107398569, 'support': 200.0}, 'MITM': {'precision': 0.625, 'recall': 0.525, 'f1-score': 0.5706521739130436, 'support': 200.0}, 'Malware': {'precision': 0.9189944134078212, 'recall': 0.8225, 'f1-score': 0.8680738786279684, 'support': 400.0}, 'Scan': {'precision': 0.7562189054726368, 'recall': 0.76, 'f1-score': 0.7581047381546135, 'support': 200.0}, 'WebAttack': {'precision': 0.630859375, 'recall': 0.8075, 'f1-score': 0.7083333333333333, 'support': 400.0}, 'accuracy': 0.75, 'macro avg': {'precision': 0.7022341460828156, 'recall': 0.6991666666666667, 'f1-score': 0.6897701699582707, 'support': 1920.0}, 'weighted avg': {'precision': 0.7369160024726055, 'recall': 0.75, 'f1-score': 0.7351286706556389, 'support': 1920.0}}","[[158   0   4   6   4   2   2  24]
 [  1   7  21   0   0   0   6  85]
 [  2   3 175   0   1   5   3  11]
 [  6   0   0 191   3   0   0   0]
 [  8  14   5   0 105   1   1  66]
 [  1   0  31   2   0 329  37   0]
 [  0   0   5  20   0  20 152   3]
 [  0   6  15   0  55   1   0 323]]",0.005382061,0.000250578
132,ToN_IoT,-1,None,QuantileTransformer,LDA,0.708792299,-1,-1,93.75,69.91666667,3.571428571,70.22341461,68.977017,-1,"{'0Normal': {'precision': 0.8977272727272727, 'recall': 0.79, 'f1-score': 0.8404255319148937, 'support': 200.0}, 'BruteForce': {'precision': 0.23333333333333334, 'recall': 0.058333333333333334, 'f1-score': 0.09333333333333334, 'support': 120.0}, 'DDoS': {'precision': 0.68359375, 'recall': 0.875, 'f1-score': 0.7675438596491229, 'support': 200.0}, 'DoS': {'precision': 0.8721461187214612, 'recall': 0.955, 'f1-score': 0.9116945107398569, 'support': 200.0}, 'MITM': {'precision': 0.625, 'recall': 0.525, 'f1-score': 0.5706521739130436, 'support': 200.0}, 'Malware': {'precision': 0.9189944134078212, 'recall': 0.8225, 'f1-score': 0.8680738786279684, 'support': 400.0}, 'Scan': {'precision': 0.7562189054726368, 'recall': 0.76, 'f1-score': 0.7581047381546135, 'support': 200.0}, 'WebAttack': {'precision': 0.630859375, 'recall': 0.8075, 'f1-score': 0.7083333333333333, 'support': 400.0}, 'accuracy': 0.75, 'macro avg': {'precision': 0.7022341460828156, 'recall': 0.6991666666666667, 'f1-score': 0.6897701699582707, 'support': 1920.0}, 'weighted avg': {'precision': 0.7369160024726055, 'recall': 0.75, 'f1-score': 0.7351286706556389, 'support': 1920.0}}","[[158   0   4   6   4   2   2  24]
 [  1   7  21   0   0   0   6  85]
 [  2   3 175   0   1   5   3  11]
 [  6   0   0 191   3   0   0   0]
 [  8  14   5   0 105   1   1  66]
 [  1   0  31   2   0 329  37   0]
 [  0   0   5  20   0  20 152   3]
 [  0   6  15   0  55   1   0 323]]",0.006538153,0.000338078
140,ToN_IoT,-1,None,QuantileTransformer,LDA,0.708792299,-1,-1,93.75,69.91666667,3.571428571,70.22341461,68.977017,-1,"{'0Normal': {'precision': 0.8977272727272727, 'recall': 0.79, 'f1-score': 0.8404255319148937, 'support': 200.0}, 'BruteForce': {'precision': 0.23333333333333334, 'recall': 0.058333333333333334, 'f1-score': 0.09333333333333334, 'support': 120.0}, 'DDoS': {'precision': 0.68359375, 'recall': 0.875, 'f1-score': 0.7675438596491229, 'support': 200.0}, 'DoS': {'precision': 0.8721461187214612, 'recall': 0.955, 'f1-score': 0.9116945107398569, 'support': 200.0}, 'MITM': {'precision': 0.625, 'recall': 0.525, 'f1-score': 0.5706521739130436, 'support': 200.0}, 'Malware': {'precision': 0.9189944134078212, 'recall': 0.8225, 'f1-score': 0.8680738786279684, 'support': 400.0}, 'Scan': {'precision': 0.7562189054726368, 'recall': 0.76, 'f1-score': 0.7581047381546135, 'support': 200.0}, 'WebAttack': {'precision': 0.630859375, 'recall': 0.8075, 'f1-score': 0.7083333333333333, 'support': 400.0}, 'accuracy': 0.75, 'macro avg': {'precision': 0.7022341460828156, 'recall': 0.6991666666666667, 'f1-score': 0.6897701699582707, 'support': 1920.0}, 'weighted avg': {'precision': 0.7369160024726055, 'recall': 0.75, 'f1-score': 0.7351286706556389, 'support': 1920.0}}","[[158   0   4   6   4   2   2  24]
 [  1   7  21   0   0   0   6  85]
 [  2   3 175   0   1   5   3  11]
 [  6   0   0 191   3   0   0   0]
 [  8  14   5   0 105   1   1  66]
 [  1   0  31   2   0 329  37   0]
 [  0   0   5  20   0  20 152   3]
 [  0   6  15   0  55   1   0 323]]",0.006287336,0.000279903
148,ToN_IoT,-1,None,QuantileTransformer,LDA,0.708792299,-1,-1,93.75,69.91666667,3.571428571,70.22341461,68.977017,-1,"{'0Normal': {'precision': 0.8977272727272727, 'recall': 0.79, 'f1-score': 0.8404255319148937, 'support': 200.0}, 'BruteForce': {'precision': 0.23333333333333334, 'recall': 0.058333333333333334, 'f1-score': 0.09333333333333334, 'support': 120.0}, 'DDoS': {'precision': 0.68359375, 'recall': 0.875, 'f1-score': 0.7675438596491229, 'support': 200.0}, 'DoS': {'precision': 0.8721461187214612, 'recall': 0.955, 'f1-score': 0.9116945107398569, 'support': 200.0}, 'MITM': {'precision': 0.625, 'recall': 0.525, 'f1-score': 0.5706521739130436, 'support': 200.0}, 'Malware': {'precision': 0.9189944134078212, 'recall': 0.8225, 'f1-score': 0.8680738786279684, 'support': 400.0}, 'Scan': {'precision': 0.7562189054726368, 'recall': 0.76, 'f1-score': 0.7581047381546135, 'support': 200.0}, 'WebAttack': {'precision': 0.630859375, 'recall': 0.8075, 'f1-score': 0.7083333333333333, 'support': 400.0}, 'accuracy': 0.75, 'macro avg': {'precision': 0.7022341460828156, 'recall': 0.6991666666666667, 'f1-score': 0.6897701699582707, 'support': 1920.0}, 'weighted avg': {'precision': 0.7369160024726055, 'recall': 0.75, 'f1-score': 0.7351286706556389, 'support': 1920.0}}","[[158   0   4   6   4   2   2  24]
 [  1   7  21   0   0   0   6  85]
 [  2   3 175   0   1   5   3  11]
 [  6   0   0 191   3   0   0   0]
 [  8  14   5   0 105   1   1  66]
 [  1   0  31   2   0 329  37   0]
 [  0   0   5  20   0  20 152   3]
 [  0   6  15   0  55   1   0 323]]",0.006903648,0.000386
410,ToN_IoT,-1,None,MinMaxScaler,LDA,0.707437402,-1,-1,93.68489583,67.625,3.608630952,68.72695113,66.20478168,-1,"{'0Normal': {'precision': 0.8950276243093923, 'recall': 0.81, 'f1-score': 0.8503937007874015, 'support': 200.0}, 'BruteForce': {'precision': 0.0, 'recall': 0.0, 'f1-score': 0.0, 'support': 120.0}, 'DDoS': {'precision': 0.6402877697841727, 'recall': 0.89, 'f1-score': 0.7447698744769874, 'support': 200.0}, 'DoS': {'precision': 0.8721461187214612, 'recall': 0.955, 'f1-score': 0.9116945107398569, 'support': 200.0}, 'MITM': {'precision': 0.9186046511627907, 'recall': 0.395, 'f1-score': 0.5524475524475525, 'support': 200.0}, 'Malware': {'precision': 0.819672131147541, 'recall': 0.875, 'f1-score': 0.8464328899637242, 'support': 400.0}, 'Scan': {'precision': 0.7212121212121212, 'recall': 0.595, 'f1-score': 0.6520547945205479, 'support': 200.0}, 'WebAttack': {'precision': 0.6312056737588653, 'recall': 0.89, 'f1-score': 0.7385892116182573, 'support': 400.0}, 'accuracy': 0.7473958333333334, 'macro avg': {'precision': 0.687269511262043, 'recall': 0.67625, 'f1-score': 0.6620478168192909, 'support': 1920.0}, 'weighted avg': {'precision': 0.7238576973961199, 'recall': 0.7473958333333334, 'f1-score': 0.7168129829308655, 'support': 1920.0}}","[[162   0   2   2   5   2   4  23]
 [  0   0  13   0   0   8   7  92]
 [  1   0 178   1   0   5   1  14]
 [  6   0   0 191   1   0   0   2]
 [ 11   0  14  14  79   6   0  76]
 [  1   0  14   1   0 350  34   0]
 [  0   0  19  10   0  51 119   1]
 [  0   0  38   0   1   5   0 356]]",0.00475359,0.000207424
418,ToN_IoT,-1,None,MinMaxScaler,LDA,0.707437402,-1,-1,93.68489583,67.625,3.608630952,68.72695113,66.20478168,-1,"{'0Normal': {'precision': 0.8950276243093923, 'recall': 0.81, 'f1-score': 0.8503937007874015, 'support': 200.0}, 'BruteForce': {'precision': 0.0, 'recall': 0.0, 'f1-score': 0.0, 'support': 120.0}, 'DDoS': {'precision': 0.6402877697841727, 'recall': 0.89, 'f1-score': 0.7447698744769874, 'support': 200.0}, 'DoS': {'precision': 0.8721461187214612, 'recall': 0.955, 'f1-score': 0.9116945107398569, 'support': 200.0}, 'MITM': {'precision': 0.9186046511627907, 'recall': 0.395, 'f1-score': 0.5524475524475525, 'support': 200.0}, 'Malware': {'precision': 0.819672131147541, 'recall': 0.875, 'f1-score': 0.8464328899637242, 'support': 400.0}, 'Scan': {'precision': 0.7212121212121212, 'recall': 0.595, 'f1-score': 0.6520547945205479, 'support': 200.0}, 'WebAttack': {'precision': 0.6312056737588653, 'recall': 0.89, 'f1-score': 0.7385892116182573, 'support': 400.0}, 'accuracy': 0.7473958333333334, 'macro avg': {'precision': 0.687269511262043, 'recall': 0.67625, 'f1-score': 0.6620478168192909, 'support': 1920.0}, 'weighted avg': {'precision': 0.7238576973961199, 'recall': 0.7473958333333334, 'f1-score': 0.7168129829308655, 'support': 1920.0}}","[[162   0   2   2   5   2   4  23]
 [  0   0  13   0   0   8   7  92]
 [  1   0 178   1   0   5   1  14]
 [  6   0   0 191   1   0   0   2]
 [ 11   0  14  14  79   6   0  76]
 [  1   0  14   1   0 350  34   0]
 [  0   0  19  10   0  51 119   1]
 [  0   0  38   0   1   5   0 356]]",0.020512342,0.000765324
426,ToN_IoT,-1,None,MinMaxScaler,LDA,0.707437402,-1,-1,93.68489583,67.625,3.608630952,68.72695113,66.20478168,-1,"{'0Normal': {'precision': 0.8950276243093923, 'recall': 0.81, 'f1-score': 0.8503937007874015, 'support': 200.0}, 'BruteForce': {'precision': 0.0, 'recall': 0.0, 'f1-score': 0.0, 'support': 120.0}, 'DDoS': {'precision': 0.6402877697841727, 'recall': 0.89, 'f1-score': 0.7447698744769874, 'support': 200.0}, 'DoS': {'precision': 0.8721461187214612, 'recall': 0.955, 'f1-score': 0.9116945107398569, 'support': 200.0}, 'MITM': {'precision': 0.9186046511627907, 'recall': 0.395, 'f1-score': 0.5524475524475525, 'support': 200.0}, 'Malware': {'precision': 0.819672131147541, 'recall': 0.875, 'f1-score': 0.8464328899637242, 'support': 400.0}, 'Scan': {'precision': 0.7212121212121212, 'recall': 0.595, 'f1-score': 0.6520547945205479, 'support': 200.0}, 'WebAttack': {'precision': 0.6312056737588653, 'recall': 0.89, 'f1-score': 0.7385892116182573, 'support': 400.0}, 'accuracy': 0.7473958333333334, 'macro avg': {'precision': 0.687269511262043, 'recall': 0.67625, 'f1-score': 0.6620478168192909, 'support': 1920.0}, 'weighted avg': {'precision': 0.7238576973961199, 'recall': 0.7473958333333334, 'f1-score': 0.7168129829308655, 'support': 1920.0}}","[[162   0   2   2   5   2   4  23]
 [  0   0  13   0   0   8   7  92]
 [  1   0 178   1   0   5   1  14]
 [  6   0   0 191   1   0   0   2]
 [ 11   0  14  14  79   6   0  76]
 [  1   0  14   1   0 350  34   0]
 [  0   0  19  10   0  51 119   1]
 [  0   0  38   0   1   5   0 356]]",0.010470867,0.000742197
434,ToN_IoT,-1,None,MinMaxScaler,LDA,0.707437402,-1,-1,93.68489583,67.625,3.608630952,68.72695113,66.20478168,-1,"{'0Normal': {'precision': 0.8950276243093923, 'recall': 0.81, 'f1-score': 0.8503937007874015, 'support': 200.0}, 'BruteForce': {'precision': 0.0, 'recall': 0.0, 'f1-score': 0.0, 'support': 120.0}, 'DDoS': {'precision': 0.6402877697841727, 'recall': 0.89, 'f1-score': 0.7447698744769874, 'support': 200.0}, 'DoS': {'precision': 0.8721461187214612, 'recall': 0.955, 'f1-score': 0.9116945107398569, 'support': 200.0}, 'MITM': {'precision': 0.9186046511627907, 'recall': 0.395, 'f1-score': 0.5524475524475525, 'support': 200.0}, 'Malware': {'precision': 0.819672131147541, 'recall': 0.875, 'f1-score': 0.8464328899637242, 'support': 400.0}, 'Scan': {'precision': 0.7212121212121212, 'recall': 0.595, 'f1-score': 0.6520547945205479, 'support': 200.0}, 'WebAttack': {'precision': 0.6312056737588653, 'recall': 0.89, 'f1-score': 0.7385892116182573, 'support': 400.0}, 'accuracy': 0.7473958333333334, 'macro avg': {'precision': 0.687269511262043, 'recall': 0.67625, 'f1-score': 0.6620478168192909, 'support': 1920.0}, 'weighted avg': {'precision': 0.7238576973961199, 'recall': 0.7473958333333334, 'f1-score': 0.7168129829308655, 'support': 1920.0}}","[[162   0   2   2   5   2   4  23]
 [  0   0  13   0   0   8   7  92]
 [  1   0 178   1   0   5   1  14]
 [  6   0   0 191   1   0   0   2]
 [ 11   0  14  14  79   6   0  76]
 [  1   0  14   1   0 350  34   0]
 [  0   0  19  10   0  51 119   1]
 [  0   0  38   0   1   5   0 356]]",0.00444746,0.000203848
442,ToN_IoT,-1,None,MinMaxScaler,LDA,0.707437402,-1,-1,93.68489583,67.625,3.608630952,68.72695113,66.20478168,-1,"{'0Normal': {'precision': 0.8950276243093923, 'recall': 0.81, 'f1-score': 0.8503937007874015, 'support': 200.0}, 'BruteForce': {'precision': 0.0, 'recall': 0.0, 'f1-score': 0.0, 'support': 120.0}, 'DDoS': {'precision': 0.6402877697841727, 'recall': 0.89, 'f1-score': 0.7447698744769874, 'support': 200.0}, 'DoS': {'precision': 0.8721461187214612, 'recall': 0.955, 'f1-score': 0.9116945107398569, 'support': 200.0}, 'MITM': {'precision': 0.9186046511627907, 'recall': 0.395, 'f1-score': 0.5524475524475525, 'support': 200.0}, 'Malware': {'precision': 0.819672131147541, 'recall': 0.875, 'f1-score': 0.8464328899637242, 'support': 400.0}, 'Scan': {'precision': 0.7212121212121212, 'recall': 0.595, 'f1-score': 0.6520547945205479, 'support': 200.0}, 'WebAttack': {'precision': 0.6312056737588653, 'recall': 0.89, 'f1-score': 0.7385892116182573, 'support': 400.0}, 'accuracy': 0.7473958333333334, 'macro avg': {'precision': 0.687269511262043, 'recall': 0.67625, 'f1-score': 0.6620478168192909, 'support': 1920.0}, 'weighted avg': {'precision': 0.7238576973961199, 'recall': 0.7473958333333334, 'f1-score': 0.7168129829308655, 'support': 1920.0}}","[[162   0   2   2   5   2   4  23]
 [  0   0  13   0   0   8   7  92]
 [  1   0 178   1   0   5   1  14]
 [  6   0   0 191   1   0   0   2]
 [ 11   0  14  14  79   6   0  76]
 [  1   0  14   1   0 350  34   0]
 [  0   0  19  10   0  51 119   1]
 [  0   0  38   0   1   5   0 356]]",0.004749537,0.000198364
218,ToN_IoT,2,None,StandardScaler,KNN,0.706343216,-1,-1,93.58072917,77.0625,3.668154762,73.19327275,74.31959239,-1,"{'0Normal': {'precision': 0.8296943231441049, 'recall': 0.95, 'f1-score': 0.8857808857808858, 'support': 200.0}, 'BruteForce': {'precision': 0.4943181818181818, 'recall': 0.725, 'f1-score': 0.5878378378378379, 'support': 120.0}, 'DDoS': {'precision': 0.7019607843137254, 'recall': 0.895, 'f1-score': 0.7868131868131868, 'support': 200.0}, 'DoS': {'precision': 0.919047619047619, 'recall': 0.965, 'f1-score': 0.9414634146341463, 'support': 200.0}, 'MITM': {'precision': 0.7990430622009569, 'recall': 0.835, 'f1-score': 0.8166259168704156, 'support': 200.0}, 'Malware': {'precision': 0.8580645161290322, 'recall': 0.665, 'f1-score': 0.7492957746478874, 'support': 400.0}, 'Scan': {'precision': 0.47555555555555556, 'recall': 0.535, 'f1-score': 0.5035294117647058, 'support': 200.0}, 'WebAttack': {'precision': 0.7777777777777778, 'recall': 0.595, 'f1-score': 0.6742209631728046, 'support': 400.0}, 'accuracy': 0.7432291666666667, 'macro avg': {'precision': 0.7319327274983691, 'recall': 0.7706249999999999, 'f1-score': 0.7431959239402337, 'support': 1920.0}, 'weighted avg': {'precision': 0.7597475876215095, 'recall': 0.7432291666666667, 'f1-score': 0.743119686896607, 'support': 1920.0}}","[[190   0   3   0   4   0   1   2]
 [  4  87  11   0   0   3   1  14]
 [  0   2 179   0   3   4   0  12]
 [  6   0   0 193   1   0   0   0]
 [ 15   0   2   4 167   0   2  10]
 [  1   0   3   0   1 266 113  16]
 [  5   4  31   2   3  34 107  14]
 [  8  83  26  11  30   3   1 238]]",0.000651598,0.011618137
398,ToN_IoT,0,None,MinMaxScaler,RF,0.705118769,-1,-1,93.42447917,75.58333333,3.757440476,75.12571962,72.6826579,-1,"{'0Normal': {'precision': 0.8273381294964028, 'recall': 0.575, 'f1-score': 0.6784660766961651, 'support': 200.0}, 'BruteForce': {'precision': 0.3294460641399417, 'recall': 0.9416666666666667, 'f1-score': 0.48812095032397407, 'support': 120.0}, 'DDoS': {'precision': 0.7703349282296651, 'recall': 0.805, 'f1-score': 0.7872860635696821, 'support': 200.0}, 'DoS': {'precision': 0.9326923076923077, 'recall': 0.97, 'f1-score': 0.9509803921568627, 'support': 200.0}, 'MITM': {'precision': 0.7054794520547946, 'recall': 0.515, 'f1-score': 0.5953757225433526, 'support': 200.0}, 'Malware': {'precision': 0.9170731707317074, 'recall': 0.94, 'f1-score': 0.9283950617283951, 'support': 400.0}, 'Scan': {'precision': 0.8067632850241546, 'recall': 0.835, 'f1-score': 0.8206388206388205, 'support': 200.0}, 'WebAttack': {'precision': 0.7209302325581395, 'recall': 0.465, 'f1-score': 0.5653495440729484, 'support': 400.0}, 'accuracy': 0.7369791666666666, 'macro avg': {'precision': 0.7512571962408892, 'recall': 0.7558333333333334, 'f1-score': 0.7268265789662751, 'support': 1920.0}, 'weighted avg': {'precision': 0.7829460987042691, 'recall': 0.7369791666666666, 'f1-score': 0.7409488393127036, 'support': 1920.0}}","[[115   7  24   4  36   1   2  11]
 [  0 113   0   0   0   0   7   0]
 [  2  11 161   0   4   7   2  13]
 [  6   0   0 194   0   0   0   0]
 [ 16   9  15   6 103   1   5  45]
 [  0   0   0   0   1 376  23   0]
 [  0   2   0   4   0  24 167   3]
 [  0 201   9   0   2   1   1 186]]",0.052725792,0.010095358
263,ToN_IoT,-1,None,StandardScaler,LDA,0.705085107,-1,-1,93.6328125,67.4375,3.638392857,68.50869896,65.96354132,-1,"{'0Normal': {'precision': 0.8901098901098901, 'recall': 0.81, 'f1-score': 0.8481675392670157, 'support': 200.0}, 'BruteForce': {'precision': 0.0, 'recall': 0.0, 'f1-score': 0.0, 'support': 120.0}, 'DDoS': {'precision': 0.6334519572953736, 'recall': 0.89, 'f1-score': 0.74012474012474, 'support': 200.0}, 'DoS': {'precision': 0.8721461187214612, 'recall': 0.955, 'f1-score': 0.9116945107398569, 'support': 200.0}, 'MITM': {'precision': 0.9176470588235294, 'recall': 0.39, 'f1-score': 0.5473684210526316, 'support': 200.0}, 'Malware': {'precision': 0.8203309692671394, 'recall': 0.8675, 'f1-score': 0.8432563791008506, 'support': 400.0}, 'Scan': {'precision': 0.7151515151515152, 'recall': 0.59, 'f1-score': 0.6465753424657534, 'support': 200.0}, 'WebAttack': {'precision': 0.631858407079646, 'recall': 0.8925, 'f1-score': 0.7398963730569948, 'support': 400.0}, 'accuracy': 0.7453125, 'macro avg': {'precision': 0.6850869895560694, 'recall': 0.6743750000000001, 'f1-score': 0.6596354132259804, 'support': 1920.0}, 'weighted avg': {'precision': 0.7221755513328479, 'recall': 0.7453125, 'f1-score': 0.7146079227047591, 'support': 1920.0}}","[[162   0   2   2   5   2   4  23]
 [  0   0  15   0   0   8   5  92]
 [  1   0 178   1   0   5   1  14]
 [  6   0   0 191   1   0   0   2]
 [ 12   0  14  13  78   6   1  76]
 [  1   0  15   1   0 347  36   0]
 [  0   0  20  11   0  50 118   1]
 [  0   0  37   0   1   5   0 357]]",0.005435705,0.000267744
271,ToN_IoT,-1,None,StandardScaler,LDA,0.705085107,-1,-1,93.6328125,67.4375,3.638392857,68.50869896,65.96354132,-1,"{'0Normal': {'precision': 0.8901098901098901, 'recall': 0.81, 'f1-score': 0.8481675392670157, 'support': 200.0}, 'BruteForce': {'precision': 0.0, 'recall': 0.0, 'f1-score': 0.0, 'support': 120.0}, 'DDoS': {'precision': 0.6334519572953736, 'recall': 0.89, 'f1-score': 0.74012474012474, 'support': 200.0}, 'DoS': {'precision': 0.8721461187214612, 'recall': 0.955, 'f1-score': 0.9116945107398569, 'support': 200.0}, 'MITM': {'precision': 0.9176470588235294, 'recall': 0.39, 'f1-score': 0.5473684210526316, 'support': 200.0}, 'Malware': {'precision': 0.8203309692671394, 'recall': 0.8675, 'f1-score': 0.8432563791008506, 'support': 400.0}, 'Scan': {'precision': 0.7151515151515152, 'recall': 0.59, 'f1-score': 0.6465753424657534, 'support': 200.0}, 'WebAttack': {'precision': 0.631858407079646, 'recall': 0.8925, 'f1-score': 0.7398963730569948, 'support': 400.0}, 'accuracy': 0.7453125, 'macro avg': {'precision': 0.6850869895560694, 'recall': 0.6743750000000001, 'f1-score': 0.6596354132259804, 'support': 1920.0}, 'weighted avg': {'precision': 0.7221755513328479, 'recall': 0.7453125, 'f1-score': 0.7146079227047591, 'support': 1920.0}}","[[162   0   2   2   5   2   4  23]
 [  0   0  15   0   0   8   5  92]
 [  1   0 178   1   0   5   1  14]
 [  6   0   0 191   1   0   0   2]
 [ 12   0  14  13  78   6   1  76]
 [  1   0  15   1   0 347  36   0]
 [  0   0  20  11   0  50 118   1]
 [  0   0  37   0   1   5   0 357]]",0.024194002,0.000648975
279,ToN_IoT,-1,None,StandardScaler,LDA,0.705085107,-1,-1,93.6328125,67.4375,3.638392857,68.50869896,65.96354132,-1,"{'0Normal': {'precision': 0.8901098901098901, 'recall': 0.81, 'f1-score': 0.8481675392670157, 'support': 200.0}, 'BruteForce': {'precision': 0.0, 'recall': 0.0, 'f1-score': 0.0, 'support': 120.0}, 'DDoS': {'precision': 0.6334519572953736, 'recall': 0.89, 'f1-score': 0.74012474012474, 'support': 200.0}, 'DoS': {'precision': 0.8721461187214612, 'recall': 0.955, 'f1-score': 0.9116945107398569, 'support': 200.0}, 'MITM': {'precision': 0.9176470588235294, 'recall': 0.39, 'f1-score': 0.5473684210526316, 'support': 200.0}, 'Malware': {'precision': 0.8203309692671394, 'recall': 0.8675, 'f1-score': 0.8432563791008506, 'support': 400.0}, 'Scan': {'precision': 0.7151515151515152, 'recall': 0.59, 'f1-score': 0.6465753424657534, 'support': 200.0}, 'WebAttack': {'precision': 0.631858407079646, 'recall': 0.8925, 'f1-score': 0.7398963730569948, 'support': 400.0}, 'accuracy': 0.7453125, 'macro avg': {'precision': 0.6850869895560694, 'recall': 0.6743750000000001, 'f1-score': 0.6596354132259804, 'support': 1920.0}, 'weighted avg': {'precision': 0.7221755513328479, 'recall': 0.7453125, 'f1-score': 0.7146079227047591, 'support': 1920.0}}","[[162   0   2   2   5   2   4  23]
 [  0   0  15   0   0   8   5  92]
 [  1   0 178   1   0   5   1  14]
 [  6   0   0 191   1   0   0   2]
 [ 12   0  14  13  78   6   1  76]
 [  1   0  15   1   0 347  36   0]
 [  0   0  20  11   0  50 118   1]
 [  0   0  37   0   1   5   0 357]]",0.020718098,0.00043726
287,ToN_IoT,-1,None,StandardScaler,LDA,0.705085107,-1,-1,93.6328125,67.4375,3.638392857,68.50869896,65.96354132,-1,"{'0Normal': {'precision': 0.8901098901098901, 'recall': 0.81, 'f1-score': 0.8481675392670157, 'support': 200.0}, 'BruteForce': {'precision': 0.0, 'recall': 0.0, 'f1-score': 0.0, 'support': 120.0}, 'DDoS': {'precision': 0.6334519572953736, 'recall': 0.89, 'f1-score': 0.74012474012474, 'support': 200.0}, 'DoS': {'precision': 0.8721461187214612, 'recall': 0.955, 'f1-score': 0.9116945107398569, 'support': 200.0}, 'MITM': {'precision': 0.9176470588235294, 'recall': 0.39, 'f1-score': 0.5473684210526316, 'support': 200.0}, 'Malware': {'precision': 0.8203309692671394, 'recall': 0.8675, 'f1-score': 0.8432563791008506, 'support': 400.0}, 'Scan': {'precision': 0.7151515151515152, 'recall': 0.59, 'f1-score': 0.6465753424657534, 'support': 200.0}, 'WebAttack': {'precision': 0.631858407079646, 'recall': 0.8925, 'f1-score': 0.7398963730569948, 'support': 400.0}, 'accuracy': 0.7453125, 'macro avg': {'precision': 0.6850869895560694, 'recall': 0.6743750000000001, 'f1-score': 0.6596354132259804, 'support': 1920.0}, 'weighted avg': {'precision': 0.7221755513328479, 'recall': 0.7453125, 'f1-score': 0.7146079227047591, 'support': 1920.0}}","[[162   0   2   2   5   2   4  23]
 [  0   0  15   0   0   8   5  92]
 [  1   0 178   1   0   5   1  14]
 [  6   0   0 191   1   0   0   2]
 [ 12   0  14  13  78   6   1  76]
 [  1   0  15   1   0 347  36   0]
 [  0   0  20  11   0  50 118   1]
 [  0   0  37   0   1   5   0 357]]",0.020404816,0.000210524
295,ToN_IoT,-1,None,StandardScaler,LDA,0.705085107,-1,-1,93.6328125,67.4375,3.638392857,68.50869896,65.96354132,-1,"{'0Normal': {'precision': 0.8901098901098901, 'recall': 0.81, 'f1-score': 0.8481675392670157, 'support': 200.0}, 'BruteForce': {'precision': 0.0, 'recall': 0.0, 'f1-score': 0.0, 'support': 120.0}, 'DDoS': {'precision': 0.6334519572953736, 'recall': 0.89, 'f1-score': 0.74012474012474, 'support': 200.0}, 'DoS': {'precision': 0.8721461187214612, 'recall': 0.955, 'f1-score': 0.9116945107398569, 'support': 200.0}, 'MITM': {'precision': 0.9176470588235294, 'recall': 0.39, 'f1-score': 0.5473684210526316, 'support': 200.0}, 'Malware': {'precision': 0.8203309692671394, 'recall': 0.8675, 'f1-score': 0.8432563791008506, 'support': 400.0}, 'Scan': {'precision': 0.7151515151515152, 'recall': 0.59, 'f1-score': 0.6465753424657534, 'support': 200.0}, 'WebAttack': {'precision': 0.631858407079646, 'recall': 0.8925, 'f1-score': 0.7398963730569948, 'support': 400.0}, 'accuracy': 0.7453125, 'macro avg': {'precision': 0.6850869895560694, 'recall': 0.6743750000000001, 'f1-score': 0.6596354132259804, 'support': 1920.0}, 'weighted avg': {'precision': 0.7221755513328479, 'recall': 0.7453125, 'f1-score': 0.7146079227047591, 'support': 1920.0}}","[[162   0   2   2   5   2   4  23]
 [  0   0  15   0   0   8   5  92]
 [  1   0 178   1   0   5   1  14]
 [  6   0   0 191   1   0   0   2]
 [ 12   0  14  13  78   6   1  76]
 [  1   0  15   1   0 347  36   0]
 [  0   0  20  11   0  50 118   1]
 [  0   0  37   0   1   5   0 357]]",0.007692099,0.000547409
393,ToN_IoT,0,poly,MinMaxScaler,HHHv2,0.703988303,-1,-1,93.61979167,66.01786561,3.645833333,69.3125,66.98108135,-1,"{'0Normal': {'precision': 0.93, 'recall': 0.8454545454545455, 'f1-score': 0.8857142857142858, 'support': 220.0}, 'BruteForce': {'precision': 0.0, 'recall': 0.0, 'f1-score': 0.0, 'support': 1.0}, 'DDoS': {'precision': 0.87, 'recall': 0.5370370370370371, 'f1-score': 0.6641221374045801, 'support': 324.0}, 'DoS': {'precision': 0.955, 'recall': 0.9947916666666666, 'f1-score': 0.9744897959183673, 'support': 192.0}, 'MITM': {'precision': 0.71, 'recall': 0.7553191489361702, 'f1-score': 0.731958762886598, 'support': 188.0}, 'Malware': {'precision': 0.785, 'recall': 0.8306878306878307, 'f1-score': 0.8071979434447301, 'support': 378.0}, 'Scan': {'precision': 0.475, 'recall': 0.6050955414012739, 'f1-score': 0.5322128851540616, 'support': 157.0}, 'WebAttack': {'precision': 0.82, 'recall': 0.7130434782608696, 'f1-score': 0.7627906976744185, 'support': 460.0}, 'accuracy': 0.7447916666666666, 'macro avg': {'precision': 0.693125, 'recall': 0.6601786560555492, 'f1-score': 0.6698108135246301, 'support': 1920.0}, 'weighted avg': {'precision': 0.8082421875, 'recall': 0.7447916666666666, 'f1-score': 0.7678671719462302, 'support': 1920.0}}","[[186   0   0   6  20   2   3   3]
 [  0   0   0   0   1   0   0   0]
 [  4  18 174   0  17  18  63  30]
 [  0   0   0 191   0   0   1   0]
 [  6   0   3   3 142   1   0  33]
 [  2   8  10   0   3 314  36   5]
 [  0   0   0   0   2  59  95   1]
 [  2  94  13   0  15   6   2 328]]",0.099702358,0.016543865
170,ToN_IoT,3,None,StandardScaler,LDA,0.697030163,-1,-1,93.22916667,76.875,3.869047619,75.4280419,73.68292828,-1,"{'0Normal': {'precision': 0.9421052631578948, 'recall': 0.895, 'f1-score': 0.917948717948718, 'support': 200.0}, 'BruteForce': {'precision': 0.35353535353535354, 'recall': 0.875, 'f1-score': 0.5035971223021583, 'support': 120.0}, 'DDoS': {'precision': 0.7192307692307692, 'recall': 0.935, 'f1-score': 0.8130434782608695, 'support': 200.0}, 'DoS': {'precision': 0.9278846153846154, 'recall': 0.965, 'f1-score': 0.9460784313725491, 'support': 200.0}, 'MITM': {'precision': 0.9221556886227545, 'recall': 0.77, 'f1-score': 0.8392370572207086, 'support': 200.0}, 'Malware': {'precision': 0.7846607669616519, 'recall': 0.665, 'f1-score': 0.7198917456021651, 'support': 400.0}, 'Scan': {'precision': 0.43776824034334766, 'recall': 0.51, 'f1-score': 0.47113163972286376, 'support': 200.0}, 'WebAttack': {'precision': 0.9469026548672567, 'recall': 0.535, 'f1-score': 0.68370607028754, 'support': 400.0}, 'accuracy': 0.7291666666666666, 'macro avg': {'precision': 0.7542804190129555, 'recall': 0.76875, 'f1-score': 0.7368292828396965, 'support': 1920.0}, 'weighted avg': {'precision': 0.7942075658873345, 'recall': 0.7291666666666666, 'f1-score': 0.7392492947590016, 'support': 1920.0}}","[[179   4   4   1   7   3   0   2]
 [  0 105   7   0   0   7   1   0]
 [  0   3 187   1   0   7   0   2]
 [  3   0   0 193   1   3   0   0]
 [  5  13   6  11 154   3   2   6]
 [  2   0   4   0   0 266 127   1]
 [  0   1  48   1   0  47 102   1]
 [  1 171   4   1   5   3   1 214]]",0.457784176,0.00330472
192,ToN_IoT,2,None,StandardScaler,MLP,0.695390158,-1,-1,93.30729167,76.05208333,3.824404762,74.34514435,73.76093828,-1,"{'0Normal': {'precision': 0.8957345971563981, 'recall': 0.945, 'f1-score': 0.9197080291970804, 'support': 200.0}, 'BruteForce': {'precision': 0.3458646616541353, 'recall': 0.7666666666666667, 'f1-score': 0.47668393782383417, 'support': 120.0}, 'DDoS': {'precision': 0.7488584474885844, 'recall': 0.82, 'f1-score': 0.7828162291169449, 'support': 200.0}, 'DoS': {'precision': 0.9065420560747663, 'recall': 0.97, 'f1-score': 0.9371980676328503, 'support': 200.0}, 'MITM': {'precision': 0.9161290322580645, 'recall': 0.71, 'f1-score': 0.7999999999999999, 'support': 200.0}, 'Malware': {'precision': 0.8761329305135952, 'recall': 0.725, 'f1-score': 0.7934336525307797, 'support': 400.0}, 'Scan': {'precision': 0.5688073394495413, 'recall': 0.62, 'f1-score': 0.5933014354066987, 'support': 200.0}, 'WebAttack': {'precision': 0.6895424836601307, 'recall': 0.5275, 'f1-score': 0.5977337110481586, 'support': 400.0}, 'accuracy': 0.7322916666666667, 'macro avg': {'precision': 0.743451443531902, 'recall': 0.7605208333333333, 'f1-score': 0.7376093828445434, 'support': 1920.0}, 'weighted avg': {'precision': 0.7682230310174258, 'recall': 0.7322916666666667, 'f1-score': 0.7397259220005991, 'support': 1920.0}}","[[189   0   4   3   1   0   2   1]
 [  0  92   4   0   0   7   1  16]
 [  2   2 164   0   2   5   0  25]
 [  6   0   0 194   0   0   0   0]
 [ 12   1  11  14 142   0   6  14]
 [  2   0   3   0   1 290  81  23]
 [  0   0  27   3   1  29 124  16]
 [  0 171   6   0   8   0   4 211]]",0.423422575,0.001713037
246,ToN_IoT,0,poly,StandardScaler,HHHv2,0.693683793,-1,-1,93.25520833,73.69963531,3.854166667,76.19791667,73.62117229,-1,"{'0Normal': {'precision': 0.9, 'recall': 0.9326424870466321, 'f1-score': 0.916030534351145, 'support': 193.0}, 'BruteForce': {'precision': 0.7583333333333333, 'recall': 0.37448559670781895, 'f1-score': 0.5013774104683196, 'support': 243.0}, 'DDoS': {'precision': 0.83, 'recall': 0.7217391304347827, 'f1-score': 0.772093023255814, 'support': 230.0}, 'DoS': {'precision': 0.955, 'recall': 0.9744897959183674, 'f1-score': 0.9646464646464646, 'support': 196.0}, 'MITM': {'precision': 0.8, 'recall': 0.7655502392344498, 'f1-score': 0.78239608801956, 'support': 209.0}, 'Malware': {'precision': 0.685, 'recall': 0.8535825545171339, 'f1-score': 0.7600554785020804, 'support': 321.0}, 'Scan': {'precision': 0.635, 'recall': 0.5100401606425703, 'f1-score': 0.5657015590200447, 'support': 249.0}, 'WebAttack': {'precision': 0.5325, 'recall': 0.7634408602150538, 'f1-score': 0.6273932253313697, 'support': 279.0}, 'accuracy': 0.7302083333333333, 'macro avg': {'precision': 0.7619791666666667, 'recall': 0.7369963530896011, 'f1-score': 0.7362117229493498, 'support': 1920.0}, 'weighted avg': {'precision': 0.74469921875, 'recall': 0.7302083333333333, 'f1-score': 0.723271716329071, 'support': 1920.0}}","[[180   0   0   6   6   1   0   0]
 [  0  91   2   0   2   0   0 148]
 [  4   8 166   0   4   7  39   2]
 [  1   0   1 191   2   0   1   0]
 [  8   0   1   3 160   3   1  33]
 [  0   8   5   0   4 274  29   1]
 [  3   0   1   0   7 108 127   3]
 [  4  13  24   0  15   7   3 213]]",1.019134998,0.028468609
183,ToN_IoT,3,None,StandardScaler,KNN,0.691606746,-1,-1,93.21614583,76.17708333,3.876488095,73.93833703,73.28102929,-1,"{'0Normal': {'precision': 0.7450199203187251, 'recall': 0.935, 'f1-score': 0.8292682926829268, 'support': 200.0}, 'BruteForce': {'precision': 0.3598326359832636, 'recall': 0.7166666666666667, 'f1-score': 0.4791086350974931, 'support': 120.0}, 'DDoS': {'precision': 0.7695852534562212, 'recall': 0.835, 'f1-score': 0.8009592326139089, 'support': 200.0}, 'DoS': {'precision': 0.9507389162561576, 'recall': 0.965, 'f1-score': 0.9578163771712158, 'support': 200.0}, 'MITM': {'precision': 0.6961538461538461, 'recall': 0.905, 'f1-score': 0.7869565217391303, 'support': 200.0}, 'Malware': {'precision': 0.8138801261829653, 'recall': 0.645, 'f1-score': 0.7196652719665272, 'support': 400.0}, 'Scan': {'precision': 0.873015873015873, 'recall': 0.55, 'f1-score': 0.6748466257668712, 'support': 200.0}, 'WebAttack': {'precision': 0.7068403908794788, 'recall': 0.5425, 'f1-score': 0.6138613861386139, 'support': 400.0}, 'accuracy': 0.7286458333333333, 'macro avg': {'precision': 0.7393833702808164, 'recall': 0.7617708333333333, 'f1-score': 0.7328102928970859, 'support': 1920.0}, 'weighted avg': {'precision': 0.759568169262049, 'recall': 0.7286458333333333, 'f1-score': 0.7296214111711282, 'support': 1920.0}}","[[187   0   3   1   5   2   0   2]
 [  4  86  12   0   0   6   3   9]
 [  1   2 167   0   2   2   1  25]
 [  7   0   0 193   0   0   0   0]
 [  4   0   2   3 181   0   3   7]
 [ 39  31   1   0  24 258   9  38]
 [  3   6  18   3   3  48 110   9]
 [  6 114  14   3  45   1   0 217]]",0.002741098,0.060503244
415,ToN_IoT,-1,None,MinMaxScaler,SGD,0.688335195,-1,-1,93.21614583,64.625,3.876488095,69.15095838,62.84100701,-1,"{'0Normal': {'precision': 0.8586956521739131, 'recall': 0.79, 'f1-score': 0.8229166666666666, 'support': 200.0}, 'BruteForce': {'precision': 0.0, 'recall': 0.0, 'f1-score': 0.0, 'support': 120.0}, 'DDoS': {'precision': 0.5157593123209169, 'recall': 0.9, 'f1-score': 0.6557377049180327, 'support': 200.0}, 'DoS': {'precision': 0.9095238095238095, 'recall': 0.955, 'f1-score': 0.9317073170731708, 'support': 200.0}, 'MITM': {'precision': 0.8837209302325582, 'recall': 0.38, 'f1-score': 0.5314685314685315, 'support': 200.0}, 'Malware': {'precision': 0.8175824175824176, 'recall': 0.93, 'f1-score': 0.8701754385964913, 'support': 400.0}, 'Scan': {'precision': 0.9142857142857143, 'recall': 0.32, 'f1-score': 0.47407407407407415, 'support': 200.0}, 'WebAttack': {'precision': 0.6325088339222615, 'recall': 0.895, 'f1-score': 0.74120082815735, 'support': 400.0}, 'accuracy': 0.7286458333333333, 'macro avg': {'precision': 0.6915095837551989, 'recall': 0.64625, 'f1-score': 0.6284100701192896, 'support': 1920.0}, 'weighted avg': {'precision': 0.7273091584944031, 'recall': 0.7286458333333333, 'f1-score': 0.6915267528862665, 'support': 1920.0}}","[[158   0   8   1   8   3   5  17]
 [  0   0  20   0   0   8   0  92]
 [  1   0 180   0   0   5   0  14]
 [  5   0   1 191   1   0   0   2]
 [  8   0  14  15  76   6   0  81]
 [  1   0  25   1   0 372   1   0]
 [ 11   0  64   2   0  57  64   2]
 [  0   0  37   0   1   4   0 358]]",0.038538694,0.000367641
423,ToN_IoT,-1,None,MinMaxScaler,SGD,0.688335195,-1,-1,93.21614583,64.625,3.876488095,69.15095838,62.84100701,-1,"{'0Normal': {'precision': 0.8586956521739131, 'recall': 0.79, 'f1-score': 0.8229166666666666, 'support': 200.0}, 'BruteForce': {'precision': 0.0, 'recall': 0.0, 'f1-score': 0.0, 'support': 120.0}, 'DDoS': {'precision': 0.5157593123209169, 'recall': 0.9, 'f1-score': 0.6557377049180327, 'support': 200.0}, 'DoS': {'precision': 0.9095238095238095, 'recall': 0.955, 'f1-score': 0.9317073170731708, 'support': 200.0}, 'MITM': {'precision': 0.8837209302325582, 'recall': 0.38, 'f1-score': 0.5314685314685315, 'support': 200.0}, 'Malware': {'precision': 0.8175824175824176, 'recall': 0.93, 'f1-score': 0.8701754385964913, 'support': 400.0}, 'Scan': {'precision': 0.9142857142857143, 'recall': 0.32, 'f1-score': 0.47407407407407415, 'support': 200.0}, 'WebAttack': {'precision': 0.6325088339222615, 'recall': 0.895, 'f1-score': 0.74120082815735, 'support': 400.0}, 'accuracy': 0.7286458333333333, 'macro avg': {'precision': 0.6915095837551989, 'recall': 0.64625, 'f1-score': 0.6284100701192896, 'support': 1920.0}, 'weighted avg': {'precision': 0.7273091584944031, 'recall': 0.7286458333333333, 'f1-score': 0.6915267528862665, 'support': 1920.0}}","[[158   0   8   1   8   3   5  17]
 [  0   0  20   0   0   8   0  92]
 [  1   0 180   0   0   5   0  14]
 [  5   0   1 191   1   0   0   2]
 [  8   0  14  15  76   6   0  81]
 [  1   0  25   1   0 372   1   0]
 [ 11   0  64   2   0  57  64   2]
 [  0   0  37   0   1   4   0 358]]",0.038596392,0.00043869
431,ToN_IoT,-1,None,MinMaxScaler,SGD,0.688335195,-1,-1,93.21614583,64.625,3.876488095,69.15095838,62.84100701,-1,"{'0Normal': {'precision': 0.8586956521739131, 'recall': 0.79, 'f1-score': 0.8229166666666666, 'support': 200.0}, 'BruteForce': {'precision': 0.0, 'recall': 0.0, 'f1-score': 0.0, 'support': 120.0}, 'DDoS': {'precision': 0.5157593123209169, 'recall': 0.9, 'f1-score': 0.6557377049180327, 'support': 200.0}, 'DoS': {'precision': 0.9095238095238095, 'recall': 0.955, 'f1-score': 0.9317073170731708, 'support': 200.0}, 'MITM': {'precision': 0.8837209302325582, 'recall': 0.38, 'f1-score': 0.5314685314685315, 'support': 200.0}, 'Malware': {'precision': 0.8175824175824176, 'recall': 0.93, 'f1-score': 0.8701754385964913, 'support': 400.0}, 'Scan': {'precision': 0.9142857142857143, 'recall': 0.32, 'f1-score': 0.47407407407407415, 'support': 200.0}, 'WebAttack': {'precision': 0.6325088339222615, 'recall': 0.895, 'f1-score': 0.74120082815735, 'support': 400.0}, 'accuracy': 0.7286458333333333, 'macro avg': {'precision': 0.6915095837551989, 'recall': 0.64625, 'f1-score': 0.6284100701192896, 'support': 1920.0}, 'weighted avg': {'precision': 0.7273091584944031, 'recall': 0.7286458333333333, 'f1-score': 0.6915267528862665, 'support': 1920.0}}","[[158   0   8   1   8   3   5  17]
 [  0   0  20   0   0   8   0  92]
 [  1   0 180   0   0   5   0  14]
 [  5   0   1 191   1   0   0   2]
 [  8   0  14  15  76   6   0  81]
 [  1   0  25   1   0 372   1   0]
 [ 11   0  64   2   0  57  64   2]
 [  0   0  37   0   1   4   0 358]]",0.038133383,0.000405073
439,ToN_IoT,-1,None,MinMaxScaler,SGD,0.688335195,-1,-1,93.21614583,64.625,3.876488095,69.15095838,62.84100701,-1,"{'0Normal': {'precision': 0.8586956521739131, 'recall': 0.79, 'f1-score': 0.8229166666666666, 'support': 200.0}, 'BruteForce': {'precision': 0.0, 'recall': 0.0, 'f1-score': 0.0, 'support': 120.0}, 'DDoS': {'precision': 0.5157593123209169, 'recall': 0.9, 'f1-score': 0.6557377049180327, 'support': 200.0}, 'DoS': {'precision': 0.9095238095238095, 'recall': 0.955, 'f1-score': 0.9317073170731708, 'support': 200.0}, 'MITM': {'precision': 0.8837209302325582, 'recall': 0.38, 'f1-score': 0.5314685314685315, 'support': 200.0}, 'Malware': {'precision': 0.8175824175824176, 'recall': 0.93, 'f1-score': 0.8701754385964913, 'support': 400.0}, 'Scan': {'precision': 0.9142857142857143, 'recall': 0.32, 'f1-score': 0.47407407407407415, 'support': 200.0}, 'WebAttack': {'precision': 0.6325088339222615, 'recall': 0.895, 'f1-score': 0.74120082815735, 'support': 400.0}, 'accuracy': 0.7286458333333333, 'macro avg': {'precision': 0.6915095837551989, 'recall': 0.64625, 'f1-score': 0.6284100701192896, 'support': 1920.0}, 'weighted avg': {'precision': 0.7273091584944031, 'recall': 0.7286458333333333, 'f1-score': 0.6915267528862665, 'support': 1920.0}}","[[158   0   8   1   8   3   5  17]
 [  0   0  20   0   0   8   0  92]
 [  1   0 180   0   0   5   0  14]
 [  5   0   1 191   1   0   0   2]
 [  8   0  14  15  76   6   0  81]
 [  1   0  25   1   0 372   1   0]
 [ 11   0  64   2   0  57  64   2]
 [  0   0  37   0   1   4   0 358]]",0.038018465,0.000474215
447,ToN_IoT,-1,None,MinMaxScaler,SGD,0.688335195,-1,-1,93.21614583,64.625,3.876488095,69.15095838,62.84100701,-1,"{'0Normal': {'precision': 0.8586956521739131, 'recall': 0.79, 'f1-score': 0.8229166666666666, 'support': 200.0}, 'BruteForce': {'precision': 0.0, 'recall': 0.0, 'f1-score': 0.0, 'support': 120.0}, 'DDoS': {'precision': 0.5157593123209169, 'recall': 0.9, 'f1-score': 0.6557377049180327, 'support': 200.0}, 'DoS': {'precision': 0.9095238095238095, 'recall': 0.955, 'f1-score': 0.9317073170731708, 'support': 200.0}, 'MITM': {'precision': 0.8837209302325582, 'recall': 0.38, 'f1-score': 0.5314685314685315, 'support': 200.0}, 'Malware': {'precision': 0.8175824175824176, 'recall': 0.93, 'f1-score': 0.8701754385964913, 'support': 400.0}, 'Scan': {'precision': 0.9142857142857143, 'recall': 0.32, 'f1-score': 0.47407407407407415, 'support': 200.0}, 'WebAttack': {'precision': 0.6325088339222615, 'recall': 0.895, 'f1-score': 0.74120082815735, 'support': 400.0}, 'accuracy': 0.7286458333333333, 'macro avg': {'precision': 0.6915095837551989, 'recall': 0.64625, 'f1-score': 0.6284100701192896, 'support': 1920.0}, 'weighted avg': {'precision': 0.7273091584944031, 'recall': 0.7286458333333333, 'f1-score': 0.6915267528862665, 'support': 1920.0}}","[[158   0   8   1   8   3   5  17]
 [  0   0  20   0   0   8   0  92]
 [  1   0 180   0   0   5   0  14]
 [  5   0   1 191   1   0   0   2]
 [  8   0  14  15  76   6   0  81]
 [  1   0  25   1   0 372   1   0]
 [ 11   0  64   2   0  57  64   2]
 [  0   0  37   0   1   4   0 358]]",0.037650824,0.000376225
155,ToN_IoT,3,None,StandardScaler,KNN,0.686965446,-1,-1,93.046875,73.63541667,3.973214286,74.20740158,70.08241989,-1,"{'0Normal': {'precision': 0.7838983050847458, 'recall': 0.925, 'f1-score': 0.8486238532110092, 'support': 200.0}, 'BruteForce': {'precision': 0.3188405797101449, 'recall': 0.7333333333333333, 'f1-score': 0.4444444444444444, 'support': 120.0}, 'DDoS': {'precision': 0.6580882352941176, 'recall': 0.895, 'f1-score': 0.7584745762711864, 'support': 200.0}, 'DoS': {'precision': 0.7854251012145749, 'recall': 0.97, 'f1-score': 0.8680089485458613, 'support': 200.0}, 'MITM': {'precision': 0.7371134020618557, 'recall': 0.715, 'f1-score': 0.7258883248730965, 'support': 200.0}, 'Malware': {'precision': 0.8805555555555555, 'recall': 0.7925, 'f1-score': 0.8342105263157895, 'support': 400.0}, 'Scan': {'precision': 0.9696969696969697, 'recall': 0.32, 'f1-score': 0.48120300751879697, 'support': 200.0}, 'WebAttack': {'precision': 0.8029739776951673, 'recall': 0.54, 'f1-score': 0.6457399103139014, 'support': 400.0}, 'accuracy': 0.721875, 'macro avg': {'precision': 0.7420740157891415, 'recall': 0.7363541666666666, 'f1-score': 0.7008241989367607, 'support': 1920.0}, 'weighted avg': {'precision': 0.7804776487166455, 'recall': 0.721875, 'f1-score': 0.7196631510777081, 'support': 1920.0}}","[[185   0   3   4   6   0   0   2]
 [  5  88  19   0   0   2   0   6]
 [  2   1 179   0   2   3   0  13]
 [  6   0   0 194   0   0   0   0]
 [  9   1   6  28 143   0   1  12]
 [  1  69   2   0   2 317   1   8]
 [ 26  15  35   8   2  38  64  12]
 [  2 102  28  13  39   0   0 216]]",0.003112316,0.053996801
184,ToN_IoT,3,None,StandardScaler,LDA,0.686875938,-1,-1,92.96875,76.57291667,4.017857143,75.44483191,73.43368003,-1,"{'0Normal': {'precision': 0.9238578680203046, 'recall': 0.91, 'f1-score': 0.9168765743073047, 'support': 200.0}, 'BruteForce': {'precision': 0.34105960264900664, 'recall': 0.8583333333333333, 'f1-score': 0.4881516587677725, 'support': 120.0}, 'DDoS': {'precision': 0.78125, 'recall': 0.875, 'f1-score': 0.8254716981132075, 'support': 200.0}, 'DoS': {'precision': 0.9414634146341463, 'recall': 0.965, 'f1-score': 0.9530864197530864, 'support': 200.0}, 'MITM': {'precision': 0.9166666666666666, 'recall': 0.77, 'f1-score': 0.8369565217391305, 'support': 200.0}, 'Malware': {'precision': 0.7892976588628763, 'recall': 0.59, 'f1-score': 0.6752503576537912, 'support': 400.0}, 'Scan': {'precision': 0.42857142857142855, 'recall': 0.63, 'f1-score': 0.5101214574898785, 'support': 200.0}, 'WebAttack': {'precision': 0.9134199134199135, 'recall': 0.5275, 'f1-score': 0.6687797147385103, 'support': 400.0}, 'accuracy': 0.71875, 'macro avg': {'precision': 0.7544483191030428, 'recall': 0.7657291666666667, 'f1-score': 0.7343368003203352, 'support': 1920.0}, 'weighted avg': {'precision': 0.7918625295882843, 'recall': 0.71875, 'f1-score': 0.7316108136924868, 'support': 1920.0}}","[[182   4   3   2   5   3   0   1]
 [  0 103   4   0   2  10   1   0]
 [  0   5 175   0   1   1   6  12]
 [  3   0   0 193   1   3   0   0]
 [  9  14   6   8 154   3   1   5]
 [  2   0   2   0   1 236 158   1]
 [  0   2  29   2   0  40 126   1]
 [  1 174   5   0   4   3   2 211]]",0.349933624,0.004588127
233,ToN_IoT,0,None,StandardScaler,KNN,0.685808334,-1,-1,92.99479167,74.80208333,4.00297619,72.92900798,71.89467882,-1,"{'0Normal': {'precision': 0.8275862068965517, 'recall': 0.96, 'f1-score': 0.888888888888889, 'support': 200.0}, 'BruteForce': {'precision': 0.24738675958188153, 'recall': 0.5916666666666667, 'f1-score': 0.3488943488943489, 'support': 120.0}, 'DDoS': {'precision': 0.7297297297297297, 'recall': 0.945, 'f1-score': 0.8235294117647058, 'support': 200.0}, 'DoS': {'precision': 0.9271844660194175, 'recall': 0.955, 'f1-score': 0.9408866995073892, 'support': 200.0}, 'MITM': {'precision': 0.751131221719457, 'recall': 0.83, 'f1-score': 0.7885985748218526, 'support': 200.0}, 'Malware': {'precision': 0.8604651162790697, 'recall': 0.74, 'f1-score': 0.7956989247311828, 'support': 400.0}, 'Scan': {'precision': 0.7397260273972602, 'recall': 0.54, 'f1-score': 0.624277456647399, 'support': 200.0}, 'WebAttack': {'precision': 0.7511111111111111, 'recall': 0.4225, 'f1-score': 0.5408, 'support': 400.0}, 'accuracy': 0.7197916666666667, 'macro avg': {'precision': 0.7292900798418098, 'recall': 0.7480208333333334, 'f1-score': 0.7189467881569709, 'support': 1920.0}, 'weighted avg': {'precision': 0.7653064752387403, 'recall': 0.7197916666666667, 'f1-score': 0.7238036969197095, 'support': 1920.0}}","[[192   0   1   0   2   1   1   3]
 [  2  71  10   0   1   3   2  31]
 [  1   2 189   0   2   3   1   2]
 [  7   0   0 191   1   0   0   1]
 [ 13   0   4   5 166   0   0  12]
 [  4  64   0   0   2 296  34   0]
 [  6   4  30   2   3  40 108   7]
 [  7 146  25   8  44   1   0 169]]",0.000436544,0.003544569
30,ToN_IoT,3,None,QuantileTransformer,SGD,0.684413699,-1,-1,92.6171875,69.80208333,4.21875,83.96709733,68.55579707,-1,"{'0Normal': {'precision': 0.9239130434782609, 'recall': 0.85, 'f1-score': 0.8854166666666666, 'support': 200.0}, 'BruteForce': {'precision': 0.8611111111111112, 'recall': 0.5166666666666667, 'f1-score': 0.6458333333333335, 'support': 120.0}, 'DDoS': {'precision': 0.30642504118616143, 'recall': 0.93, 'f1-score': 0.4609665427509293, 'support': 200.0}, 'DoS': {'precision': 0.9504950495049505, 'recall': 0.96, 'f1-score': 0.9552238805970149, 'support': 200.0}, 'MITM': {'precision': 0.9388888888888889, 'recall': 0.845, 'f1-score': 0.8894736842105263, 'support': 200.0}, 'Malware': {'precision': 0.9222797927461139, 'recall': 0.445, 'f1-score': 0.6003372681281619, 'support': 400.0}, 'Scan': {'precision': 1.0, 'recall': 0.095, 'f1-score': 0.17351598173515984, 'support': 200.0}, 'WebAttack': {'precision': 0.8142548596112311, 'recall': 0.9425, 'f1-score': 0.8736964078794902, 'support': 400.0}, 'accuracy': 0.7046875, 'macro avg': {'precision': 0.8396709733158397, 'recall': 0.6980208333333333, 'f1-score': 0.6855579706626602, 'support': 1920.0}, 'weighted avg': {'precision': 0.844735207754127, 'recall': 0.7046875, 'f1-score': 0.6979337612474585, 'support': 1920.0}}","[[170   0   8   5   1   0   0  16]
 [  1  62  15   0   0   0   0  42]
 [  2   2 186   0   2   5   0   3]
 [  6   0   0 192   0   0   0   2]
 [  4   1   4   1 169   0   0  21]
 [  0   0 221   1   0 178   0   0]
 [  1   6 160   3   0   9  19   2]
 [  0   1  13   0   8   1   0 377]]",2.437297821,0.004083157
182,ToN_IoT,3,linear,StandardScaler,HHHv2,0.68431336,-1,-1,93.046875,73.67308246,3.973214286,74.69791667,72.68526174,-1,"{'0Normal': {'precision': 0.91, 'recall': 0.9430051813471503, 'f1-score': 0.9262086513994912, 'support': 193.0}, 'BruteForce': {'precision': 0.7083333333333334, 'recall': 0.36796536796536794, 'f1-score': 0.48433048433048426, 'support': 231.0}, 'DDoS': {'precision': 0.88, 'recall': 0.64, 'f1-score': 0.7410526315789474, 'support': 275.0}, 'DoS': {'precision': 0.955, 'recall': 0.9408866995073891, 'f1-score': 0.9478908188585607, 'support': 203.0}, 'MITM': {'precision': 0.765, 'recall': 0.9444444444444444, 'f1-score': 0.845303867403315, 'support': 162.0}, 'Malware': {'precision': 0.5975, 'recall': 0.8385964912280702, 'f1-score': 0.6978102189781022, 'support': 285.0}, 'Scan': {'precision': 0.52, 'recall': 0.40625, 'f1-score': 0.45614035087719296, 'support': 256.0}, 'WebAttack': {'precision': 0.64, 'recall': 0.8126984126984127, 'f1-score': 0.7160839160839161, 'support': 315.0}, 'accuracy': 0.721875, 'macro avg': {'precision': 0.7469791666666666, 'recall': 0.7367308246488544, 'f1-score': 0.7268526174387513, 'support': 1920.0}, 'weighted avg': {'precision': 0.7312799479166666, 'recall': 0.721875, 'f1-score': 0.7109392832458507, 'support': 1920.0}}","[[182   0   0   4   5   2   0   0]
 [  2  85   2   0  12   0   0 130]
 [  5   9 176   3   6   7  64   5]
 [  2   0   2 191   5   1   1   1]
 [  2   0   0   2 153   1   0   4]
 [  4   8   0   0   5 239  27   2]
 [  0   0   5   0   1 144 104   2]
 [  3  18  15   0  13   6   4 256]]",1.061917782,0.041166067
94,ToN_IoT,0,None,QuantileTransformer,LDA,0.682931016,-1,-1,93.0078125,72.55208333,3.995535714,74.28593954,71.09331874,-1,"{'0Normal': {'precision': 0.9181286549707602, 'recall': 0.785, 'f1-score': 0.8463611859838275, 'support': 200.0}, 'BruteForce': {'precision': 0.7121212121212122, 'recall': 0.39166666666666666, 'f1-score': 0.5053763440860216, 'support': 120.0}, 'DDoS': {'precision': 0.5492063492063493, 'recall': 0.865, 'f1-score': 0.6718446601941748, 'support': 200.0}, 'DoS': {'precision': 0.9595959595959596, 'recall': 0.95, 'f1-score': 0.9547738693467336, 'support': 200.0}, 'MITM': {'precision': 0.5877551020408164, 'recall': 0.72, 'f1-score': 0.647191011235955, 'support': 200.0}, 'Malware': {'precision': 0.9009433962264151, 'recall': 0.4775, 'f1-score': 0.6241830065359476, 'support': 400.0}, 'Scan': {'precision': 0.5518394648829431, 'recall': 0.825, 'f1-score': 0.661322645290581, 'support': 200.0}, 'WebAttack': {'precision': 0.7632850241545893, 'recall': 0.79, 'f1-score': 0.7764127764127764, 'support': 400.0}, 'accuracy': 0.7203125, 'macro avg': {'precision': 0.7428593953998806, 'recall': 0.7255208333333334, 'f1-score': 0.7109331873857523, 'support': 1920.0}, 'weighted avg': {'precision': 0.7627349061178713, 'recall': 0.7203125, 'f1-score': 0.717282369208368, 'support': 1920.0}}","[[157   0   7   0   6   5   3  22]
 [  0  47  22   0  14   0   0  37]
 [  2   2 173   0  10   4   2   7]
 [  6   0   1 190   3   0   0   0]
 [  5  15   6   0 144   0   0  30]
 [  1   0  79   0   0 191 129   0]
 [  0   2  12   8   0  11 165   2]
 [  0   0  15   0  68   1   0 316]]",0.001663923,0.00030756
239,ToN_IoT,0,rbf,StandardScaler,HHHv2,0.679437876,-1,-1,92.83854167,73.57388333,4.092261905,75.65625,72.60028948,-1,"{'0Normal': {'precision': 0.905, 'recall': 0.9095477386934674, 'f1-score': 0.9072681704260652, 'support': 199.0}, 'BruteForce': {'precision': 0.675, 'recall': 0.3306122448979592, 'f1-score': 0.44383561643835623, 'support': 245.0}, 'DDoS': {'precision': 0.87, 'recall': 0.7837837837837838, 'f1-score': 0.8246445497630331, 'support': 222.0}, 'DoS': {'precision': 0.955, 'recall': 0.9896373056994818, 'f1-score': 0.9720101781170483, 'support': 193.0}, 'MITM': {'precision': 0.85, 'recall': 0.7798165137614679, 'f1-score': 0.8133971291866028, 'support': 218.0}, 'Malware': {'precision': 0.4625, 'recall': 0.8295964125560538, 'f1-score': 0.5939004815409311, 'support': 223.0}, 'Scan': {'precision': 0.73, 'recall': 0.45625, 'f1-score': 0.5615384615384615, 'support': 320.0}, 'WebAttack': {'precision': 0.605, 'recall': 0.8066666666666666, 'f1-score': 0.6914285714285714, 'support': 300.0}, 'accuracy': 0.7135416666666666, 'macro avg': {'precision': 0.7565625, 'recall': 0.7357388332573601, 'f1-score': 0.7260028948048837, 'support': 1920.0}, 'weighted avg': {'precision': 0.7429492187500001, 'recall': 0.7135416666666666, 'f1-score': 0.7066856286632053, 'support': 1920.0}}","[[181   0   1   8   7   2   0   0]
 [  0  81   3   0   2  36   2 121]
 [  3   7 174   0   2   7  26   3]
 [  0   0   0 191   1   0   1   0]
 [  8   0   1   1 170   3   2  33]
 [  1   4   7   0   2 185  23   1]
 [  4   2   1   0   6 161 146   0]
 [  3  26  13   0  10   6   0 242]]",2.894194603,0.036494017
103,ToN_IoT,0,None,QuantileTransformer,LGBM,0.678078754,-1,-1,92.98177083,72.14583333,4.010416667,70.58652016,69.9458105,-1,"{'0Normal': {'precision': 0.805, 'recall': 0.805, 'f1-score': 0.805, 'support': 200.0}, 'BruteForce': {'precision': 0.37401574803149606, 'recall': 0.7916666666666666, 'f1-score': 0.5080213903743316, 'support': 120.0}, 'DDoS': {'precision': 0.8967391304347826, 'recall': 0.825, 'f1-score': 0.859375, 'support': 200.0}, 'DoS': {'precision': 0.8083333333333333, 'recall': 0.97, 'f1-score': 0.8818181818181818, 'support': 200.0}, 'MITM': {'precision': 0.4918918918918919, 'recall': 0.455, 'f1-score': 0.4727272727272728, 'support': 200.0}, 'Malware': {'precision': 0.8668280871670703, 'recall': 0.895, 'f1-score': 0.8806888068880689, 'support': 400.0}, 'Scan': {'precision': 0.6690140845070423, 'recall': 0.475, 'f1-score': 0.5555555555555556, 'support': 200.0}, 'WebAttack': {'precision': 0.7350993377483444, 'recall': 0.555, 'f1-score': 0.6324786324786325, 'support': 400.0}, 'accuracy': 0.7192708333333333, 'macro avg': {'precision': 0.705865201639245, 'recall': 0.7214583333333333, 'f1-score': 0.6994581049802553, 'support': 1920.0}, 'weighted avg': {'precision': 0.7395044519600809, 'recall': 0.7192708333333333, 'f1-score': 0.7193358044853136, 'support': 1920.0}}","[[161   5   4   9  18   0   0   3]
 [  4  95   0   0   5   5   0  11]
 [  7   1 165   0  14   3   0  10]
 [  6   0   0 194   0   0   0   0]
 [  7   4   5  35  91   0   3  55]
 [  5   0   0   0   3 358  34   0]
 [  6   1   1   0  50  46  95   1]
 [  4 148   9   2   4   1  10 222]]",0.270019531,0.007174015
267,ToN_IoT,-1,None,StandardScaler,NuSVC,0.67336542,-1,-1,92.5390625,73.58333333,4.263392857,71.39051325,69.04309561,-1,"{'0Normal': {'precision': 0.8620689655172413, 'recall': 0.875, 'f1-score': 0.8684863523573201, 'support': 200.0}, 'BruteForce': {'precision': 0.22077922077922077, 'recall': 0.5666666666666667, 'f1-score': 0.31775700934579443, 'support': 120.0}, 'DDoS': {'precision': 0.7063492063492064, 'recall': 0.89, 'f1-score': 0.7876106194690266, 'support': 200.0}, 'DoS': {'precision': 0.9271844660194175, 'recall': 0.955, 'f1-score': 0.9408866995073892, 'support': 200.0}, 'MITM': {'precision': 0.624, 'recall': 0.78, 'f1-score': 0.6933333333333335, 'support': 200.0}, 'Malware': {'precision': 0.8545034642032333, 'recall': 0.925, 'f1-score': 0.8883553421368547, 'support': 400.0}, 'Scan': {'precision': 0.8186813186813187, 'recall': 0.745, 'f1-score': 0.7801047120418849, 'support': 200.0}, 'WebAttack': {'precision': 0.6976744186046512, 'recall': 0.15, 'f1-score': 0.2469135802469136, 'support': 400.0}, 'accuracy': 0.7015625, 'macro avg': {'precision': 0.7139051325192861, 'recall': 0.7358333333333333, 'f1-score': 0.6904309560548146, 'support': 1920.0}, 'weighted avg': {'precision': 0.7474070056927589, 'recall': 0.7015625, 'f1-score': 0.6803764340712467, 'support': 1920.0}}","[[175  10   2   1   9   2   1   0]
 [  0  68  13   0   0   8   7  24]
 [  2   3 178   0  10   5   1   1]
 [  6   0   0 191   3   0   0   0]
 [ 11   1  14  11 156   3   3   1]
 [  2   0   7   1   0 370  20   0]
 [  4   1   1   2   1  42 149   0]
 [  3 225  37   0  71   3   1  60]]",0.727848291,0.245161057
275,ToN_IoT,-1,None,StandardScaler,NuSVC,0.67336542,-1,-1,92.5390625,73.58333333,4.263392857,71.39051325,69.04309561,-1,"{'0Normal': {'precision': 0.8620689655172413, 'recall': 0.875, 'f1-score': 0.8684863523573201, 'support': 200.0}, 'BruteForce': {'precision': 0.22077922077922077, 'recall': 0.5666666666666667, 'f1-score': 0.31775700934579443, 'support': 120.0}, 'DDoS': {'precision': 0.7063492063492064, 'recall': 0.89, 'f1-score': 0.7876106194690266, 'support': 200.0}, 'DoS': {'precision': 0.9271844660194175, 'recall': 0.955, 'f1-score': 0.9408866995073892, 'support': 200.0}, 'MITM': {'precision': 0.624, 'recall': 0.78, 'f1-score': 0.6933333333333335, 'support': 200.0}, 'Malware': {'precision': 0.8545034642032333, 'recall': 0.925, 'f1-score': 0.8883553421368547, 'support': 400.0}, 'Scan': {'precision': 0.8186813186813187, 'recall': 0.745, 'f1-score': 0.7801047120418849, 'support': 200.0}, 'WebAttack': {'precision': 0.6976744186046512, 'recall': 0.15, 'f1-score': 0.2469135802469136, 'support': 400.0}, 'accuracy': 0.7015625, 'macro avg': {'precision': 0.7139051325192861, 'recall': 0.7358333333333333, 'f1-score': 0.6904309560548146, 'support': 1920.0}, 'weighted avg': {'precision': 0.7474070056927589, 'recall': 0.7015625, 'f1-score': 0.6803764340712467, 'support': 1920.0}}","[[175  10   2   1   9   2   1   0]
 [  0  68  13   0   0   8   7  24]
 [  2   3 178   0  10   5   1   1]
 [  6   0   0 191   3   0   0   0]
 [ 11   1  14  11 156   3   3   1]
 [  2   0   7   1   0 370  20   0]
 [  4   1   1   2   1  42 149   0]
 [  3 225  37   0  71   3   1  60]]",0.724902868,0.243929386
283,ToN_IoT,-1,None,StandardScaler,NuSVC,0.67336542,-1,-1,92.5390625,73.58333333,4.263392857,71.39051325,69.04309561,-1,"{'0Normal': {'precision': 0.8620689655172413, 'recall': 0.875, 'f1-score': 0.8684863523573201, 'support': 200.0}, 'BruteForce': {'precision': 0.22077922077922077, 'recall': 0.5666666666666667, 'f1-score': 0.31775700934579443, 'support': 120.0}, 'DDoS': {'precision': 0.7063492063492064, 'recall': 0.89, 'f1-score': 0.7876106194690266, 'support': 200.0}, 'DoS': {'precision': 0.9271844660194175, 'recall': 0.955, 'f1-score': 0.9408866995073892, 'support': 200.0}, 'MITM': {'precision': 0.624, 'recall': 0.78, 'f1-score': 0.6933333333333335, 'support': 200.0}, 'Malware': {'precision': 0.8545034642032333, 'recall': 0.925, 'f1-score': 0.8883553421368547, 'support': 400.0}, 'Scan': {'precision': 0.8186813186813187, 'recall': 0.745, 'f1-score': 0.7801047120418849, 'support': 200.0}, 'WebAttack': {'precision': 0.6976744186046512, 'recall': 0.15, 'f1-score': 0.2469135802469136, 'support': 400.0}, 'accuracy': 0.7015625, 'macro avg': {'precision': 0.7139051325192861, 'recall': 0.7358333333333333, 'f1-score': 0.6904309560548146, 'support': 1920.0}, 'weighted avg': {'precision': 0.7474070056927589, 'recall': 0.7015625, 'f1-score': 0.6803764340712467, 'support': 1920.0}}","[[175  10   2   1   9   2   1   0]
 [  0  68  13   0   0   8   7  24]
 [  2   3 178   0  10   5   1   1]
 [  6   0   0 191   3   0   0   0]
 [ 11   1  14  11 156   3   3   1]
 [  2   0   7   1   0 370  20   0]
 [  4   1   1   2   1  42 149   0]
 [  3 225  37   0  71   3   1  60]]",1.380064726,0.30815196
291,ToN_IoT,-1,None,StandardScaler,NuSVC,0.67336542,-1,-1,92.5390625,73.58333333,4.263392857,71.39051325,69.04309561,-1,"{'0Normal': {'precision': 0.8620689655172413, 'recall': 0.875, 'f1-score': 0.8684863523573201, 'support': 200.0}, 'BruteForce': {'precision': 0.22077922077922077, 'recall': 0.5666666666666667, 'f1-score': 0.31775700934579443, 'support': 120.0}, 'DDoS': {'precision': 0.7063492063492064, 'recall': 0.89, 'f1-score': 0.7876106194690266, 'support': 200.0}, 'DoS': {'precision': 0.9271844660194175, 'recall': 0.955, 'f1-score': 0.9408866995073892, 'support': 200.0}, 'MITM': {'precision': 0.624, 'recall': 0.78, 'f1-score': 0.6933333333333335, 'support': 200.0}, 'Malware': {'precision': 0.8545034642032333, 'recall': 0.925, 'f1-score': 0.8883553421368547, 'support': 400.0}, 'Scan': {'precision': 0.8186813186813187, 'recall': 0.745, 'f1-score': 0.7801047120418849, 'support': 200.0}, 'WebAttack': {'precision': 0.6976744186046512, 'recall': 0.15, 'f1-score': 0.2469135802469136, 'support': 400.0}, 'accuracy': 0.7015625, 'macro avg': {'precision': 0.7139051325192861, 'recall': 0.7358333333333333, 'f1-score': 0.6904309560548146, 'support': 1920.0}, 'weighted avg': {'precision': 0.7474070056927589, 'recall': 0.7015625, 'f1-score': 0.6803764340712467, 'support': 1920.0}}","[[175  10   2   1   9   2   1   0]
 [  0  68  13   0   0   8   7  24]
 [  2   3 178   0  10   5   1   1]
 [  6   0   0 191   3   0   0   0]
 [ 11   1  14  11 156   3   3   1]
 [  2   0   7   1   0 370  20   0]
 [  4   1   1   2   1  42 149   0]
 [  3 225  37   0  71   3   1  60]]",0.672920704,0.219537258
299,ToN_IoT,-1,None,StandardScaler,NuSVC,0.67336542,-1,-1,92.5390625,73.58333333,4.263392857,71.39051325,69.04309561,-1,"{'0Normal': {'precision': 0.8620689655172413, 'recall': 0.875, 'f1-score': 0.8684863523573201, 'support': 200.0}, 'BruteForce': {'precision': 0.22077922077922077, 'recall': 0.5666666666666667, 'f1-score': 0.31775700934579443, 'support': 120.0}, 'DDoS': {'precision': 0.7063492063492064, 'recall': 0.89, 'f1-score': 0.7876106194690266, 'support': 200.0}, 'DoS': {'precision': 0.9271844660194175, 'recall': 0.955, 'f1-score': 0.9408866995073892, 'support': 200.0}, 'MITM': {'precision': 0.624, 'recall': 0.78, 'f1-score': 0.6933333333333335, 'support': 200.0}, 'Malware': {'precision': 0.8545034642032333, 'recall': 0.925, 'f1-score': 0.8883553421368547, 'support': 400.0}, 'Scan': {'precision': 0.8186813186813187, 'recall': 0.745, 'f1-score': 0.7801047120418849, 'support': 200.0}, 'WebAttack': {'precision': 0.6976744186046512, 'recall': 0.15, 'f1-score': 0.2469135802469136, 'support': 400.0}, 'accuracy': 0.7015625, 'macro avg': {'precision': 0.7139051325192861, 'recall': 0.7358333333333333, 'f1-score': 0.6904309560548146, 'support': 1920.0}, 'weighted avg': {'precision': 0.7474070056927589, 'recall': 0.7015625, 'f1-score': 0.6803764340712467, 'support': 1920.0}}","[[175  10   2   1   9   2   1   0]
 [  0  68  13   0   0   8   7  24]
 [  2   3 178   0  10   5   1   1]
 [  6   0   0 191   3   0   0   0]
 [ 11   1  14  11 156   3   3   1]
 [  2   0   7   1   0 370  20   0]
 [  4   1   1   2   1  42 149   0]
 [  3 225  37   0  71   3   1  60]]",0.905336142,0.294579983
163,ToN_IoT,3,None,StandardScaler,LDA,0.673218159,-1,-1,92.55208333,75.5625,4.255952381,75.33502865,71.90597327,-1,"{'0Normal': {'precision': 0.9468085106382979, 'recall': 0.89, 'f1-score': 0.9175257731958764, 'support': 200.0}, 'BruteForce': {'precision': 0.3181818181818182, 'recall': 0.875, 'f1-score': 0.4666666666666667, 'support': 120.0}, 'DDoS': {'precision': 0.7008196721311475, 'recall': 0.855, 'f1-score': 0.7702702702702703, 'support': 200.0}, 'DoS': {'precision': 0.919047619047619, 'recall': 0.965, 'f1-score': 0.9414634146341463, 'support': 200.0}, 'MITM': {'precision': 0.9074074074074074, 'recall': 0.735, 'f1-score': 0.8121546961325967, 'support': 200.0}, 'Malware': {'precision': 0.860655737704918, 'recall': 0.525, 'f1-score': 0.6521739130434783, 'support': 400.0}, 'Scan': {'precision': 0.41975308641975306, 'recall': 0.68, 'f1-score': 0.5190839694656489, 'support': 200.0}, 'WebAttack': {'precision': 0.9541284403669725, 'recall': 0.52, 'f1-score': 0.6731391585760519, 'support': 400.0}, 'accuracy': 0.7020833333333333, 'macro avg': {'precision': 0.7533502864872417, 'recall': 0.755625, 'f1-score': 0.7190597327480919, 'support': 1920.0}, 'weighted avg': {'precision': 0.8035743481976143, 'recall': 0.7020833333333333, 'f1-score': 0.7178254444726665, 'support': 1920.0}}","[[178   5   3   2   8   3   0   1]
 [  0 105   7   0   0   5   3   0]
 [  0  20 171   0   0   3   5   1]
 [  3   0   0 193   1   3   0   0]
 [  5  16   7  14 147   4   1   6]
 [  1   4   6   0   1 210 177   1]
 [  0   2  47   1   0  13 136   1]
 [  1 178   3   0   5   3   2 208]]",0.436783075,0.003934145
414,ToN_IoT,-1,None,MinMaxScaler,NuSVC,0.672298078,-1,-1,92.56510417,73.16666667,4.248511905,71.42040337,69.16300941,-1,"{'0Normal': {'precision': 0.864321608040201, 'recall': 0.86, 'f1-score': 0.8621553884711779, 'support': 200.0}, 'BruteForce': {'precision': 0.2271186440677966, 'recall': 0.5583333333333333, 'f1-score': 0.3228915662650602, 'support': 120.0}, 'DDoS': {'precision': 0.7075098814229249, 'recall': 0.895, 'f1-score': 0.7902869757174393, 'support': 200.0}, 'DoS': {'precision': 0.9138755980861244, 'recall': 0.955, 'f1-score': 0.9339853300733496, 'support': 200.0}, 'MITM': {'precision': 0.6115702479338843, 'recall': 0.74, 'f1-score': 0.669683257918552, 'support': 200.0}, 'Malware': {'precision': 0.8428246013667426, 'recall': 0.925, 'f1-score': 0.8820023837902266, 'support': 400.0}, 'Scan': {'precision': 0.8156424581005587, 'recall': 0.73, 'f1-score': 0.7704485488126649, 'support': 200.0}, 'WebAttack': {'precision': 0.7307692307692307, 'recall': 0.19, 'f1-score': 0.30158730158730157, 'support': 400.0}, 'accuracy': 0.7026041666666667, 'macro avg': {'precision': 0.714204033723433, 'recall': 0.7316666666666667, 'f1-score': 0.6916300940794715, 'support': 1920.0}, 'weighted avg': {'precision': 0.749622775447533, 'recall': 0.7026041666666667, 'f1-score': 0.6861951886986746, 'support': 1920.0}}","[[172  10   2   1   9   5   1   0]
 [  0  67  13   0   0   8   7  25]
 [  1   3 179   0  10   5   1   1]
 [  6   0   0 191   3   0   0   0]
 [  9   7  14  14 148   3   3   2]
 [  2   0   7   1   0 370  20   0]
 [  6   0   1   2   1  44 146   0]
 [  3 208  37   0  71   4   1  76]]",0.714800596,0.223454237
422,ToN_IoT,-1,None,MinMaxScaler,NuSVC,0.672298078,-1,-1,92.56510417,73.16666667,4.248511905,71.42040337,69.16300941,-1,"{'0Normal': {'precision': 0.864321608040201, 'recall': 0.86, 'f1-score': 0.8621553884711779, 'support': 200.0}, 'BruteForce': {'precision': 0.2271186440677966, 'recall': 0.5583333333333333, 'f1-score': 0.3228915662650602, 'support': 120.0}, 'DDoS': {'precision': 0.7075098814229249, 'recall': 0.895, 'f1-score': 0.7902869757174393, 'support': 200.0}, 'DoS': {'precision': 0.9138755980861244, 'recall': 0.955, 'f1-score': 0.9339853300733496, 'support': 200.0}, 'MITM': {'precision': 0.6115702479338843, 'recall': 0.74, 'f1-score': 0.669683257918552, 'support': 200.0}, 'Malware': {'precision': 0.8428246013667426, 'recall': 0.925, 'f1-score': 0.8820023837902266, 'support': 400.0}, 'Scan': {'precision': 0.8156424581005587, 'recall': 0.73, 'f1-score': 0.7704485488126649, 'support': 200.0}, 'WebAttack': {'precision': 0.7307692307692307, 'recall': 0.19, 'f1-score': 0.30158730158730157, 'support': 400.0}, 'accuracy': 0.7026041666666667, 'macro avg': {'precision': 0.714204033723433, 'recall': 0.7316666666666667, 'f1-score': 0.6916300940794715, 'support': 1920.0}, 'weighted avg': {'precision': 0.749622775447533, 'recall': 0.7026041666666667, 'f1-score': 0.6861951886986746, 'support': 1920.0}}","[[172  10   2   1   9   5   1   0]
 [  0  67  13   0   0   8   7  25]
 [  1   3 179   0  10   5   1   1]
 [  6   0   0 191   3   0   0   0]
 [  9   7  14  14 148   3   3   2]
 [  2   0   7   1   0 370  20   0]
 [  6   0   1   2   1  44 146   0]
 [  3 208  37   0  71   4   1  76]]",0.682096243,0.226839542
430,ToN_IoT,-1,None,MinMaxScaler,NuSVC,0.672298078,-1,-1,92.56510417,73.16666667,4.248511905,71.42040337,69.16300941,-1,"{'0Normal': {'precision': 0.864321608040201, 'recall': 0.86, 'f1-score': 0.8621553884711779, 'support': 200.0}, 'BruteForce': {'precision': 0.2271186440677966, 'recall': 0.5583333333333333, 'f1-score': 0.3228915662650602, 'support': 120.0}, 'DDoS': {'precision': 0.7075098814229249, 'recall': 0.895, 'f1-score': 0.7902869757174393, 'support': 200.0}, 'DoS': {'precision': 0.9138755980861244, 'recall': 0.955, 'f1-score': 0.9339853300733496, 'support': 200.0}, 'MITM': {'precision': 0.6115702479338843, 'recall': 0.74, 'f1-score': 0.669683257918552, 'support': 200.0}, 'Malware': {'precision': 0.8428246013667426, 'recall': 0.925, 'f1-score': 0.8820023837902266, 'support': 400.0}, 'Scan': {'precision': 0.8156424581005587, 'recall': 0.73, 'f1-score': 0.7704485488126649, 'support': 200.0}, 'WebAttack': {'precision': 0.7307692307692307, 'recall': 0.19, 'f1-score': 0.30158730158730157, 'support': 400.0}, 'accuracy': 0.7026041666666667, 'macro avg': {'precision': 0.714204033723433, 'recall': 0.7316666666666667, 'f1-score': 0.6916300940794715, 'support': 1920.0}, 'weighted avg': {'precision': 0.749622775447533, 'recall': 0.7026041666666667, 'f1-score': 0.6861951886986746, 'support': 1920.0}}","[[172  10   2   1   9   5   1   0]
 [  0  67  13   0   0   8   7  25]
 [  1   3 179   0  10   5   1   1]
 [  6   0   0 191   3   0   0   0]
 [  9   7  14  14 148   3   3   2]
 [  2   0   7   1   0 370  20   0]
 [  6   0   1   2   1  44 146   0]
 [  3 208  37   0  71   4   1  76]]",0.686375618,0.219393253
438,ToN_IoT,-1,None,MinMaxScaler,NuSVC,0.672298078,-1,-1,92.56510417,73.16666667,4.248511905,71.42040337,69.16300941,-1,"{'0Normal': {'precision': 0.864321608040201, 'recall': 0.86, 'f1-score': 0.8621553884711779, 'support': 200.0}, 'BruteForce': {'precision': 0.2271186440677966, 'recall': 0.5583333333333333, 'f1-score': 0.3228915662650602, 'support': 120.0}, 'DDoS': {'precision': 0.7075098814229249, 'recall': 0.895, 'f1-score': 0.7902869757174393, 'support': 200.0}, 'DoS': {'precision': 0.9138755980861244, 'recall': 0.955, 'f1-score': 0.9339853300733496, 'support': 200.0}, 'MITM': {'precision': 0.6115702479338843, 'recall': 0.74, 'f1-score': 0.669683257918552, 'support': 200.0}, 'Malware': {'precision': 0.8428246013667426, 'recall': 0.925, 'f1-score': 0.8820023837902266, 'support': 400.0}, 'Scan': {'precision': 0.8156424581005587, 'recall': 0.73, 'f1-score': 0.7704485488126649, 'support': 200.0}, 'WebAttack': {'precision': 0.7307692307692307, 'recall': 0.19, 'f1-score': 0.30158730158730157, 'support': 400.0}, 'accuracy': 0.7026041666666667, 'macro avg': {'precision': 0.714204033723433, 'recall': 0.7316666666666667, 'f1-score': 0.6916300940794715, 'support': 1920.0}, 'weighted avg': {'precision': 0.749622775447533, 'recall': 0.7026041666666667, 'f1-score': 0.6861951886986746, 'support': 1920.0}}","[[172  10   2   1   9   5   1   0]
 [  0  67  13   0   0   8   7  25]
 [  1   3 179   0  10   5   1   1]
 [  6   0   0 191   3   0   0   0]
 [  9   7  14  14 148   3   3   2]
 [  2   0   7   1   0 370  20   0]
 [  6   0   1   2   1  44 146   0]
 [  3 208  37   0  71   4   1  76]]",0.673429489,0.216225863
446,ToN_IoT,-1,None,MinMaxScaler,NuSVC,0.672298078,-1,-1,92.56510417,73.16666667,4.248511905,71.42040337,69.16300941,-1,"{'0Normal': {'precision': 0.864321608040201, 'recall': 0.86, 'f1-score': 0.8621553884711779, 'support': 200.0}, 'BruteForce': {'precision': 0.2271186440677966, 'recall': 0.5583333333333333, 'f1-score': 0.3228915662650602, 'support': 120.0}, 'DDoS': {'precision': 0.7075098814229249, 'recall': 0.895, 'f1-score': 0.7902869757174393, 'support': 200.0}, 'DoS': {'precision': 0.9138755980861244, 'recall': 0.955, 'f1-score': 0.9339853300733496, 'support': 200.0}, 'MITM': {'precision': 0.6115702479338843, 'recall': 0.74, 'f1-score': 0.669683257918552, 'support': 200.0}, 'Malware': {'precision': 0.8428246013667426, 'recall': 0.925, 'f1-score': 0.8820023837902266, 'support': 400.0}, 'Scan': {'precision': 0.8156424581005587, 'recall': 0.73, 'f1-score': 0.7704485488126649, 'support': 200.0}, 'WebAttack': {'precision': 0.7307692307692307, 'recall': 0.19, 'f1-score': 0.30158730158730157, 'support': 400.0}, 'accuracy': 0.7026041666666667, 'macro avg': {'precision': 0.714204033723433, 'recall': 0.7316666666666667, 'f1-score': 0.6916300940794715, 'support': 1920.0}, 'weighted avg': {'precision': 0.749622775447533, 'recall': 0.7026041666666667, 'f1-score': 0.6861951886986746, 'support': 1920.0}}","[[172  10   2   1   9   5   1   0]
 [  0  67  13   0   0   8   7  25]
 [  1   3 179   0  10   5   1   1]
 [  6   0   0 191   3   0   0   0]
 [  9   7  14  14 148   3   3   2]
 [  2   0   7   1   0 370  20   0]
 [  6   0   1   2   1  44 146   0]
 [  3 208  37   0  71   4   1  76]]",0.673961878,0.220184326
111,ToN_IoT,0,None,QuantileTransformer,LGBM,0.67171717,-1,-1,92.17447917,69.83333333,4.47172619,77.29865166,64.94209577,-1,"{'0Normal': {'precision': 0.33163265306122447, 'recall': 0.975, 'f1-score': 0.4949238578680203, 'support': 200.0}, 'BruteForce': {'precision': 0.5405405405405406, 'recall': 0.16666666666666666, 'f1-score': 0.25477707006369427, 'support': 120.0}, 'DDoS': {'precision': 0.8726415094339622, 'recall': 0.925, 'f1-score': 0.8980582524271845, 'support': 200.0}, 'DoS': {'precision': 0.9748743718592965, 'recall': 0.97, 'f1-score': 0.9724310776942355, 'support': 200.0}, 'MITM': {'precision': 0.8109243697478992, 'recall': 0.965, 'f1-score': 0.8812785388127853, 'support': 200.0}, 'Malware': {'precision': 1.0, 'recall': 0.095, 'f1-score': 0.17351598173515984, 'support': 400.0}, 'Scan': {'precision': 0.85, 'recall': 0.51, 'f1-score': 0.6375000000000001, 'support': 200.0}, 'WebAttack': {'precision': 0.8032786885245902, 'recall': 0.98, 'f1-score': 0.882882882882883, 'support': 400.0}, 'accuracy': 0.6869791666666667, 'macro avg': {'precision': 0.7729865166459391, 'recall': 0.6983333333333333, 'f1-score': 0.6494209576854953, 'support': 1920.0}, 'weighted avg': {'precision': 0.8094744380704049, 'recall': 0.6869791666666667, 'f1-score': 0.6406099685496384, 'support': 1920.0}}","[[195   0   2   0   3   0   0   0]
 [  7  20   0   0   6   0   0  87]
 [  7   0 185   0   4   0   0   4]
 [  6   0   0 194   0   0   0   0]
 [  3   0   1   0 193   0   0   3]
 [287  14  19   0  24  38  18   0]
 [ 83   3   1   5   4   0 102   2]
 [  0   0   4   0   4   0   0 392]]",1.268035412,0.012072086
6,ToN_IoT,3,None,QuantileTransformer,SGD,0.671237782,-1,-1,92.70833333,61.375,4.166666667,72.99185077,60.6939447,-1,"{'0Normal': {'precision': 0.8378378378378378, 'recall': 0.775, 'f1-score': 0.8051948051948051, 'support': 200.0}, 'BruteForce': {'precision': 1.0, 'recall': 0.1, 'f1-score': 0.18181818181818182, 'support': 120.0}, 'DDoS': {'precision': 0.806282722513089, 'recall': 0.77, 'f1-score': 0.7877237851662405, 'support': 200.0}, 'DoS': {'precision': 1.0, 'recall': 0.56, 'f1-score': 0.717948717948718, 'support': 200.0}, 'MITM': {'precision': 0.9064327485380117, 'recall': 0.775, 'f1-score': 0.8355795148247979, 'support': 200.0}, 'Malware': {'precision': 0.5249343832020997, 'recall': 1.0, 'f1-score': 0.6884681583476764, 'support': 400.0}, 'Scan': {'precision': 0.0, 'recall': 0.0, 'f1-score': 0.0, 'support': 200.0}, 'WebAttack': {'precision': 0.7638603696098563, 'recall': 0.93, 'f1-score': 0.838782412626832, 'support': 400.0}, 'accuracy': 0.7083333333333334, 'macro avg': {'precision': 0.7299185077126118, 'recall': 0.61375, 'f1-score': 0.6069394469909064, 'support': 1920.0}, 'weighted avg': {'precision': 0.7008482098450887, 'recall': 0.7083333333333334, 'f1-score': 0.6572957160598424, 'support': 1920.0}}","[[155   0   4   0   5  26   0  10]
 [  1  12  11   0   0  15   0  81]
 [  2   0 154   0   1  41   0   2]
 [  6   0   0 112   1  79   0   2]
 [ 17   0   8   0 155   2   0  18]
 [  0   0   0   0   0 400   0   0]
 [  1   0   1   0   0 196   0   2]
 [  3   0  13   0   9   3   0 372]]",0.811257839,0.002715826
329,ToN_IoT,3,linear,MinMaxScaler,HHHv2,0.671186988,-1,-1,92.74739583,73.17944731,4.144345238,74.04166667,72.04180401,-1,"{'0Normal': {'precision': 0.935, 'recall': 0.9121951219512195, 'f1-score': 0.9234567901234569, 'support': 205.0}, 'BruteForce': {'precision': 0.6833333333333333, 'recall': 0.3904761904761905, 'f1-score': 0.49696969696969706, 'support': 210.0}, 'DDoS': {'precision': 0.835, 'recall': 0.6600790513833992, 'f1-score': 0.737306843267108, 'support': 253.0}, 'DoS': {'precision': 0.955, 'recall': 0.9646464646464646, 'f1-score': 0.9597989949748743, 'support': 198.0}, 'MITM': {'precision': 0.78, 'recall': 0.9341317365269461, 'f1-score': 0.8501362397820164, 'support': 167.0}, 'Malware': {'precision': 0.51, 'recall': 0.8793103448275862, 'f1-score': 0.6455696202531647, 'support': 232.0}, 'Scan': {'precision': 0.57, 'recall': 0.3877551020408163, 'f1-score': 0.46153846153846156, 'support': 294.0}, 'WebAttack': {'precision': 0.655, 'recall': 0.7257617728531855, 'f1-score': 0.6885676741130092, 'support': 361.0}, 'accuracy': 0.7098958333333333, 'macro avg': {'precision': 0.7404166666666667, 'recall': 0.731794473088226, 'f1-score': 0.7204180401277235, 'support': 1920.0}, 'weighted avg': {'precision': 0.7229869791666667, 'recall': 0.7098958333333333, 'f1-score': 0.7011777357708248, 'support': 1920.0}}","[[187   0   0   8   8   1   1   0]
 [  1  82   2   0   5   0   0 120]
 [  5   7 167   0   9   4  53   8]
 [  2   0   2 191   1   0   2   0]
 [  3   0   0   1 156   1   0   6]
 [  0   6   3   0   5 204  11   3]
 [  2   2   2   0   5 168 114   1]
 [  0  23  24   0  11  22  19 262]]",1.490983009,0.113818169
357,ToN_IoT,2,poly,MinMaxScaler,HHHv2,0.668608567,-1,-1,92.8125,63.71841273,4.107142857,67.59375,64.91836982,-1,"{'0Normal': {'precision': 0.92, 'recall': 0.9154228855721394, 'f1-score': 0.9177057356608479, 'support': 201.0}, 'BruteForce': {'precision': 0.0, 'recall': 0.0, 'f1-score': 0.0, 'support': 2.0}, 'DDoS': {'precision': 0.71, 'recall': 0.5440613026819924, 'f1-score': 0.616052060737527, 'support': 261.0}, 'DoS': {'precision': 0.955, 'recall': 0.9794871794871794, 'f1-score': 0.9670886075949366, 'support': 195.0}, 'MITM': {'precision': 0.82, 'recall': 0.6693877551020408, 'f1-score': 0.7370786516853933, 'support': 245.0}, 'Malware': {'precision': 0.575, 'recall': 0.8394160583941606, 'f1-score': 0.6824925816023738, 'support': 274.0}, 'Scan': {'precision': 0.57, 'recall': 0.4351145038167939, 'f1-score': 0.4935064935064935, 'support': 262.0}, 'WebAttack': {'precision': 0.8575, 'recall': 0.7145833333333333, 'f1-score': 0.7795454545454545, 'support': 480.0}, 'accuracy': 0.7125, 'macro avg': {'precision': 0.6759375, 'recall': 0.637184127298455, 'f1-score': 0.6491836981666284, 'support': 1920.0}, 'weighted avg': {'precision': 0.7686692708333333, 'recall': 0.7125, 'f1-score': 0.7317179560957442, 'support': 1920.0}}","[[184   0   0   6   9   2   0   0]
 [  0   0   1   0   1   0   0   0]
 [  4  15 142   0   7  20  53  20]
 [  1   0   0 191   2   0   1   0]
 [  7   0  35   3 164   1   1  34]
 [  0   8   5   0   1 230  29   1]
 [  2   0   0   0   3 141 114   2]
 [  2  97  17   0  13   6   2 343]]",0.82775116,0.026438713
112,ToN_IoT,0,None,QuantileTransformer,RF,0.666701177,-1,-1,92.00520833,68.27083333,4.568452381,80.83611755,64.15018791,-1,"{'0Normal': {'precision': 0.3080568720379147, 'recall': 0.975, 'f1-score': 0.46818727490996404, 'support': 200.0}, 'BruteForce': {'precision': 0.6666666666666666, 'recall': 0.11666666666666667, 'f1-score': 0.19858156028368795, 'support': 120.0}, 'DDoS': {'precision': 0.893719806763285, 'recall': 0.925, 'f1-score': 0.9090909090909091, 'support': 200.0}, 'DoS': {'precision': 0.9326923076923077, 'recall': 0.97, 'f1-score': 0.9509803921568627, 'support': 200.0}, 'MITM': {'precision': 0.8823529411764706, 'recall': 0.975, 'f1-score': 0.9263657957244654, 'support': 200.0}, 'Malware': {'precision': 1.0, 'recall': 0.1475, 'f1-score': 0.2570806100217865, 'support': 400.0}, 'Scan': {'precision': 1.0, 'recall': 0.385, 'f1-score': 0.555956678700361, 'support': 200.0}, 'WebAttack': {'precision': 0.7834008097165992, 'recall': 0.9675, 'f1-score': 0.865771812080537, 'support': 400.0}, 'accuracy': 0.6802083333333333, 'macro avg': {'precision': 0.8083611755066555, 'recall': 0.6827083333333333, 'f1-score': 0.6415018791210717, 'support': 1920.0}, 'weighted avg': {'precision': 0.8316274528232477, 'recall': 0.6802083333333333, 'f1-score': 0.6432744615580648, 'support': 1920.0}}","[[195   0   2   0   3   0   0   0]
 [  7  14   0   0   0   0   0  99]
 [  6   0 185   0   6   0   0   3]
 [  6   0   0 194   0   0   0   0]
 [  2   0   0   0 195   0   0   3]
 [313   6  15   0   7  59   0   0]
 [103   1   0  14   3   0  77   2]
 [  1   0   5   0   7   0   0 387]]",0.132467508,0.012611628
269,ToN_IoT,-1,None,StandardScaler,HHHv2,0.666021511,-1,-1,93.07936508,67.71425505,4.037037037,62.46875,60.04045012,-1,"{'0Normal': {'precision': 0.785, 'recall': 0.9075144508670521, 'f1-score': 0.8418230563002681, 'support': 173.0}, 'BruteForce': {'precision': 0.0, 'recall': 0.0, 'f1-score': 0.0, 'support': 0.0}, 'DDoS': {'precision': 0.89, 'recall': 0.5993265993265994, 'f1-score': 0.716297786720322, 'support': 297.0}, 'DoS': {'precision': 0.955, 'recall': 0.8526785714285714, 'f1-score': 0.9009433962264152, 'support': 224.0}, 'MITM': {'precision': 0.375, 'recall': 0.8823529411764706, 'f1-score': 0.5263157894736842, 'support': 85.0}, 'Malware': {'precision': 0.9425, 'recall': 0.6955719557195572, 'f1-score': 0.8004246284501061, 'support': 542.0}, 'Scan': {'precision': 0.17, 'recall': 0.85, 'f1-score': 0.2833333333333334, 'support': 40.0}, 'WebAttack': {'precision': 0.88, 'recall': 0.629695885509839, 'f1-score': 0.7340980187695516, 'support': 559.0}, 'accuracy': 0.7104166666666667, 'macro avg': {'precision': 0.6246875, 'recall': 0.6771425505035111, 'f1-score': 0.6004045011592101, 'support': 1920.0}, 'weighted avg': {'precision': 0.8622317708333334, 'recall': 0.7104166666666667, 'f1-score': 0.7606501399486106, 'support': 1920.0}}","[[157   0   6   9   1   0   0]
 [  3 178   0  14  16  33  37]
 [  2   0 191  11   5  15   0]
 [  8   0   1  75   0   0   1]
 [  5   8   0  13 377 117  10]
 [  5   0   0   0   1  34   0]
 [ 20  14   2  78   0   1 352]]",481.9073482,0.049122334
293,ToN_IoT,-1,linear,StandardScaler,HHHv2,0.666021511,-1,-1,93.07936508,67.71425505,4.037037037,62.46875,60.04045012,-1,"{'0Normal': {'precision': 0.785, 'recall': 0.9075144508670521, 'f1-score': 0.8418230563002681, 'support': 173.0}, 'BruteForce': {'precision': 0.0, 'recall': 0.0, 'f1-score': 0.0, 'support': 0.0}, 'DDoS': {'precision': 0.89, 'recall': 0.5993265993265994, 'f1-score': 0.716297786720322, 'support': 297.0}, 'DoS': {'precision': 0.955, 'recall': 0.8526785714285714, 'f1-score': 0.9009433962264152, 'support': 224.0}, 'MITM': {'precision': 0.375, 'recall': 0.8823529411764706, 'f1-score': 0.5263157894736842, 'support': 85.0}, 'Malware': {'precision': 0.9425, 'recall': 0.6955719557195572, 'f1-score': 0.8004246284501061, 'support': 542.0}, 'Scan': {'precision': 0.17, 'recall': 0.85, 'f1-score': 0.2833333333333334, 'support': 40.0}, 'WebAttack': {'precision': 0.88, 'recall': 0.629695885509839, 'f1-score': 0.7340980187695516, 'support': 559.0}, 'accuracy': 0.7104166666666667, 'macro avg': {'precision': 0.6246875, 'recall': 0.6771425505035111, 'f1-score': 0.6004045011592101, 'support': 1920.0}, 'weighted avg': {'precision': 0.8622317708333334, 'recall': 0.7104166666666667, 'f1-score': 0.7606501399486106, 'support': 1920.0}}","[[157   0   6   9   1   0   0]
 [  3 178   0  14  16  33  37]
 [  2   0 191  11   5  15   0]
 [  8   0   1  75   0   0   1]
 [  5   8   0  13 377 117  10]
 [  5   0   0   0   1  34   0]
 [ 20  14   2  78   0   1 352]]",555.0627196,0.083077908
228,ToN_IoT,0,None,StandardScaler,LGBM,0.66502358,-1,-1,92.52604167,73.59375,4.270833333,71.49412953,70.12243607,-1,"{'0Normal': {'precision': 0.7119565217391305, 'recall': 0.655, 'f1-score': 0.6822916666666666, 'support': 200.0}, 'BruteForce': {'precision': 0.3191489361702128, 'recall': 0.875, 'f1-score': 0.467706013363029, 'support': 120.0}, 'DDoS': {'precision': 0.8157894736842105, 'recall': 0.775, 'f1-score': 0.7948717948717949, 'support': 200.0}, 'DoS': {'precision': 0.7860082304526749, 'recall': 0.955, 'f1-score': 0.8623024830699774, 'support': 200.0}, 'MITM': {'precision': 0.7080745341614907, 'recall': 0.57, 'f1-score': 0.631578947368421, 'support': 200.0}, 'Malware': {'precision': 0.8970099667774086, 'recall': 0.675, 'f1-score': 0.7703281027104136, 'support': 400.0}, 'Scan': {'precision': 0.7148760330578512, 'recall': 0.865, 'f1-score': 0.7828054298642534, 'support': 200.0}, 'WebAttack': {'precision': 0.7666666666666667, 'recall': 0.5175, 'f1-score': 0.617910447761194, 'support': 400.0}, 'accuracy': 0.7010416666666667, 'macro avg': {'precision': 0.7149412953387058, 'recall': 0.7359374999999999, 'f1-score': 0.7012243607094687, 'support': 1920.0}, 'weighted avg': {'precision': 0.7557861897589203, 'recall': 0.7010416666666667, 'f1-score': 0.7094740657085569, 'support': 1920.0}}","[[131   5  10  25  15   1   6   7]
 [  2 105   1   0   1   0   1  10]
 [  9   5 155   0   0   5   1  25]
 [  7   0   0 191   0   2   0   0]
 [ 25   3  13  24 114   0   1  20]
 [  2  66   1   0   4 270  57   0]
 [  0   2   1   0   1  22 173   1]
 [  8 143   9   3  26   1   3 207]]",0.240325451,0.013034582
235,ToN_IoT,0,None,StandardScaler,MLP,0.659515757,-1,-1,92.421875,68.3125,4.330357143,65.91121303,65.00347064,-1,"{'0Normal': {'precision': 0.8975609756097561, 'recall': 0.92, 'f1-score': 0.908641975308642, 'support': 200.0}, 'BruteForce': {'precision': 0.0, 'recall': 0.0, 'f1-score': 0.0, 'support': 120.0}, 'DDoS': {'precision': 0.8309178743961353, 'recall': 0.86, 'f1-score': 0.8452088452088452, 'support': 200.0}, 'DoS': {'precision': 0.9896373056994818, 'recall': 0.955, 'f1-score': 0.9720101781170483, 'support': 200.0}, 'MITM': {'precision': 0.751131221719457, 'recall': 0.83, 'f1-score': 0.7885985748218526, 'support': 200.0}, 'Malware': {'precision': 0.793939393939394, 'recall': 0.3275, 'f1-score': 0.463716814159292, 'support': 400.0}, 'Scan': {'precision': 0.35340314136125656, 'recall': 0.675, 'f1-score': 0.46391752577319584, 'support': 200.0}, 'WebAttack': {'precision': 0.6563071297989032, 'recall': 0.8975, 'f1-score': 0.7581837381203802, 'support': 400.0}, 'accuracy': 0.696875, 'macro avg': {'precision': 0.659112130315548, 'recall': 0.683125, 'f1-score': 0.6500347064386569, 'support': 1920.0}, 'weighted avg': {'precision': 0.7003274548190294, 'recall': 0.696875, 'f1-score': 0.6689768962280134, 'support': 1920.0}}","[[184   0   2   0   9   0   2   3]
 [  0   0   4   0   0   8   0 108]
 [  1   0 172   1   5   5   0  16]
 [  6   0   0 191   3   0   0   0]
 [ 11   0   4   0 166   0   4  15]
 [  2   0   0   0   1 131 240  26]
 [  0   0  23   1   1  20 135  20]
 [  1   0   2   0  36   1   1 359]]",0.514408588,0.00071764
177,ToN_IoT,3,None,StandardScaler,LDA,0.658716061,-1,-1,92.44791667,72.61458333,4.31547619,72.1316547,70.23185467,-1,"{'0Normal': {'precision': 0.9319371727748691, 'recall': 0.89, 'f1-score': 0.9104859335038362, 'support': 200.0}, 'BruteForce': {'precision': 0.31399317406143346, 'recall': 0.7666666666666667, 'f1-score': 0.44552058111380144, 'support': 120.0}, 'DDoS': {'precision': 0.7131474103585658, 'recall': 0.895, 'f1-score': 0.7937915742793792, 'support': 200.0}, 'DoS': {'precision': 0.8940092165898618, 'recall': 0.97, 'f1-score': 0.9304556354916066, 'support': 200.0}, 'MITM': {'precision': 0.9148936170212766, 'recall': 0.645, 'f1-score': 0.7565982404692083, 'support': 200.0}, 'Malware': {'precision': 0.7362637362637363, 'recall': 0.67, 'f1-score': 0.7015706806282723, 'support': 400.0}, 'Scan': {'precision': 0.41203703703703703, 'recall': 0.445, 'f1-score': 0.42788461538461536, 'support': 200.0}, 'WebAttack': {'precision': 0.854251012145749, 'recall': 0.5275, 'f1-score': 0.652241112828439, 'support': 400.0}, 'accuracy': 0.6979166666666666, 'macro avg': {'precision': 0.7213165470315661, 'recall': 0.7261458333333333, 'f1-score': 0.7023185467123948, 'support': 1920.0}, 'weighted avg': {'precision': 0.7536926932330668, 'recall': 0.6979166666666666, 'f1-score': 0.7077241598656613, 'support': 1920.0}}","[[178   4   3   2   7   3   0   3]
 [  0  92  10   0   0   8   0  10]
 [  0   3 179   0   1   6   0  11]
 [  3   0   0 194   0   3   0   0]
 [  8  19   8  20 129   6   1   9]
 [  1   0   3   0   1 268 126   1]
 [  0   1  42   1   0  65  89   2]
 [  1 174   6   0   3   5   0 211]]",0.221697092,0.003064871
176,ToN_IoT,3,None,StandardScaler,KNN,0.658399096,-1,-1,92.51302083,71.15625,4.27827381,71.8480867,68.47894144,-1,"{'0Normal': {'precision': 0.6819923371647509, 'recall': 0.89, 'f1-score': 0.772234273318872, 'support': 200.0}, 'BruteForce': {'precision': 0.3170731707317073, 'recall': 0.65, 'f1-score': 0.42622950819672134, 'support': 120.0}, 'DDoS': {'precision': 0.6721991701244814, 'recall': 0.81, 'f1-score': 0.7346938775510204, 'support': 200.0}, 'DoS': {'precision': 0.9323671497584541, 'recall': 0.965, 'f1-score': 0.9484029484029484, 'support': 200.0}, 'MITM': {'precision': 0.7077625570776256, 'recall': 0.775, 'f1-score': 0.7398568019093079, 'support': 200.0}, 'Malware': {'precision': 0.8764044943820225, 'recall': 0.78, 'f1-score': 0.8253968253968254, 'support': 400.0}, 'Scan': {'precision': 0.9253731343283582, 'recall': 0.31, 'f1-score': 0.4644194756554307, 'support': 200.0}, 'WebAttack': {'precision': 0.6346749226006192, 'recall': 0.5125, 'f1-score': 0.5670816044260027, 'support': 400.0}, 'accuracy': 0.7005208333333334, 'macro avg': {'precision': 0.7184808670210023, 'recall': 0.7115625000000001, 'f1-score': 0.6847894143571411, 'support': 1920.0}, 'weighted avg': {'precision': 0.742926779672706, 'recall': 0.7005208333333334, 'f1-score': 0.6979481188959654, 'support': 1920.0}}","[[178   0   3   1  14   2   0   2]
 [  4  78  14   0   0   4   0  20]
 [  1   1 162   0   2   3   0  31]
 [  7   0   0 193   0   0   0   0]
 [ 24   1   6   3 155   0   4   7]
 [  2  48   3   0   3 312   0  32]
 [ 36   8  21   7   6  34  62  26]
 [  9 110  32   3  39   1   1 205]]",0.001273155,0.050482273
386,ToN_IoT,0,rbf,MinMaxScaler,HHHv2,0.654810364,-1,-1,92.68253968,63.84229257,4.268518519,67.46875,64.21713024,-1,"{'0Normal': {'precision': 0.925, 'recall': 0.9068627450980392, 'f1-score': 0.9158415841584158, 'support': 204.0}, 'BruteForce': {'precision': 0.0, 'recall': 0.0, 'f1-score': 0.0, 'support': 0.0}, 'DDoS': {'precision': 0.885, 'recall': 0.5267857142857143, 'f1-score': 0.6604477611940299, 'support': 336.0}, 'DoS': {'precision': 0.955, 'recall': 0.9947916666666666, 'f1-score': 0.9744897959183673, 'support': 192.0}, 'MITM': {'precision': 0.785, 'recall': 0.7235023041474654, 'f1-score': 0.7529976019184652, 'support': 217.0}, 'Malware': {'precision': 0.49, 'recall': 0.8672566371681416, 'f1-score': 0.6261980830670927, 'support': 226.0}, 'Scan': {'precision': 0.55, 'recall': 0.4166666666666667, 'f1-score': 0.47413793103448276, 'support': 264.0}, 'WebAttack': {'precision': 0.8075, 'recall': 0.6715176715176715, 'f1-score': 0.7332576617480137, 'support': 481.0}, 'accuracy': 0.6973958333333333, 'macro avg': {'precision': 0.6746874999999999, 'recall': 0.6384229256937957, 'f1-score': 0.6421713023798584, 'support': 1920.0}, 'weighted avg': {'precision': 0.7729752604166666, 'recall': 0.6973958333333333, 'f1-score': 0.7180389412652112, 'support': 1920.0}}","[[185   0   6  10   2   1   0]
 [  3 177   0  16  25  58  37]
 [  0   0 191   0   0   1   0]
 [  9  11   3 157   1   0  36]
 [  0   8   0   0 196  19   2]
 [  2   0   0   3 147 110   2]
 [  1   4   0  14  29  11 323]]",0.516802073,0.033059359
209,ToN_IoT,2,None,StandardScaler,SGD,0.651895101,-1,-1,92.3828125,63.75,4.352678571,66.50842598,62.01503146,-1,"{'0Normal': {'precision': 0.6914498141263941, 'recall': 0.93, 'f1-score': 0.79317697228145, 'support': 200.0}, 'BruteForce': {'precision': 0.7857142857142857, 'recall': 0.55, 'f1-score': 0.6470588235294117, 'support': 120.0}, 'DDoS': {'precision': 0.6731707317073171, 'recall': 0.69, 'f1-score': 0.6814814814814814, 'support': 200.0}, 'DoS': {'precision': 0.0, 'recall': 0.0, 'f1-score': 0.0, 'support': 200.0}, 'MITM': {'precision': 0.8518518518518519, 'recall': 0.805, 'f1-score': 0.8277634961439589, 'support': 200.0}, 'Malware': {'precision': 0.5714285714285714, 'recall': 0.97, 'f1-score': 0.7191844300278035, 'support': 400.0}, 'Scan': {'precision': 0.9705882352941176, 'recall': 0.33, 'f1-score': 0.49253731343283585, 'support': 200.0}, 'WebAttack': {'precision': 0.7764705882352941, 'recall': 0.825, 'f1-score': 0.8, 'support': 400.0}, 'accuracy': 0.6953125, 'macro avg': {'precision': 0.6650842597947291, 'recall': 0.6375, 'f1-score': 0.6201503146121177, 'support': 1920.0}, 'weighted avg': {'precision': 0.6619049503891649, 'recall': 0.6953125, 'f1-score': 0.648079522657602, 'support': 1920.0}}","[[186   0   1   0   9   2   0   2]
 [  0  66  19   0   0   8   0  27]
 [ 13   2 138   0  10   5   0  32]
 [  7   0   0   0   1 191   0   1]
 [ 13   0   4   1 161   6   0  15]
 [  2   0   0   0   1 388   2   7]
 [ 48   0   0   0   0  75  66  11]
 [  0  16  43   0   7   4   0 330]]",0.074608088,0.00147438
33,ToN_IoT,3,None,QuantileTransformer,LDA,0.650422315,-1,-1,92.03125,67.79166667,4.553571429,70.16736381,62.20307395,-1,"{'0Normal': {'precision': 0.4566929133858268, 'recall': 0.87, 'f1-score': 0.5989672977624785, 'support': 200.0}, 'BruteForce': {'precision': 0.3684210526315789, 'recall': 0.058333333333333334, 'f1-score': 0.10071942446043164, 'support': 120.0}, 'DDoS': {'precision': 0.5403899721448467, 'recall': 0.97, 'f1-score': 0.6940966010733451, 'support': 200.0}, 'DoS': {'precision': 0.8434782608695652, 'recall': 0.97, 'f1-score': 0.9023255813953489, 'support': 200.0}, 'MITM': {'precision': 0.8529411764705882, 'recall': 0.87, 'f1-score': 0.8613861386138614, 'support': 200.0}, 'Malware': {'precision': 0.9397590361445783, 'recall': 0.195, 'f1-score': 0.32298136645962733, 'support': 400.0}, 'Scan': {'precision': 0.8861788617886179, 'recall': 0.545, 'f1-score': 0.6749226006191952, 'support': 200.0}, 'WebAttack': {'precision': 0.72552783109405, 'recall': 0.945, 'f1-score': 0.8208469055374593, 'support': 400.0}, 'accuracy': 0.68125, 'macro avg': {'precision': 0.7016736380662065, 'recall': 0.6779166666666666, 'f1-score': 0.6220307394902185, 'support': 1920.0}, 'weighted avg': {'precision': 0.7428445365328801, 'recall': 0.68125, 'f1-score': 0.6333110852223605, 'support': 1920.0}}","[[174   2   6   7   7   2   2   0]
 [  9   7  23   0   0   0   0  81]
 [  2   2 194   1   1   0   0   0]
 [  6   0   0 194   0   0   0   0]
 [  3   3   3   5 174   3   1   8]
 [148   0 104   1   9  78  11  49]
 [ 38   2  24  21   1   0 109   5]
 [  1   3   5   1  12   0   0 378]]",0.611358404,0.004208326
242,ToN_IoT,0,None,StandardScaler,MLP,0.649913758,-1,-1,92.35677083,66.6875,4.367559524,64.05629187,64.31603348,-1,"{'0Normal': {'precision': 0.8518518518518519, 'recall': 0.92, 'f1-score': 0.8846153846153846, 'support': 200.0}, 'BruteForce': {'precision': 0.0, 'recall': 0.0, 'f1-score': 0.0, 'support': 120.0}, 'DDoS': {'precision': 0.8431372549019608, 'recall': 0.86, 'f1-score': 0.8514851485148515, 'support': 200.0}, 'DoS': {'precision': 0.9845360824742269, 'recall': 0.955, 'f1-score': 0.9695431472081217, 'support': 200.0}, 'MITM': {'precision': 0.7488789237668162, 'recall': 0.835, 'f1-score': 0.789598108747045, 'support': 200.0}, 'Malware': {'precision': 0.762114537444934, 'recall': 0.4325, 'f1-score': 0.5518341307814991, 'support': 400.0}, 'Scan': {'precision': 0.30526315789473685, 'recall': 0.435, 'f1-score': 0.3587628865979382, 'support': 200.0}, 'WebAttack': {'precision': 0.6287215411558669, 'recall': 0.8975, 'f1-score': 0.7394438722966015, 'support': 400.0}, 'accuracy': 0.6942708333333333, 'macro avg': {'precision': 0.6405629186862991, 'recall': 0.666875, 'f1-score': 0.6431603348451802, 'support': 1920.0}, 'weighted avg': {'precision': 0.6786811904261661, 'recall': 0.6942708333333333, 'f1-score': 0.6704750710249523, 'support': 1920.0}}","[[184   0   1   0   9   2   0   4]
 [  0   0   2   0   0   8   0 110]
 [  1   0 172   1   5   5   0  16]
 [  6   0   0 191   3   0   0   0]
 [ 10   0   5   0 167   5   0  13]
 [  2   0   2   0   1 173 198  24]
 [ 13   0  19   2   1  33  87  45]
 [  0   0   3   0  37   1   0 359]]",0.351697206,0.000881672
36,ToN_IoT,3,None,QuantileTransformer,RF,0.647960569,-1,-1,91.78385417,66.33333333,4.694940476,80.88070519,59.28205052,-1,"{'0Normal': {'precision': 0.39591836734693875, 'recall': 0.97, 'f1-score': 0.56231884057971, 'support': 200.0}, 'BruteForce': {'precision': 1.0, 'recall': 0.041666666666666664, 'f1-score': 0.07999999999999999, 'support': 120.0}, 'DDoS': {'precision': 0.5025906735751295, 'recall': 0.97, 'f1-score': 0.6621160409556314, 'support': 200.0}, 'DoS': {'precision': 0.8738738738738738, 'recall': 0.97, 'f1-score': 0.919431279620853, 'support': 200.0}, 'MITM': {'precision': 0.9458128078817734, 'recall': 0.96, 'f1-score': 0.9528535980148883, 'support': 200.0}, 'Malware': {'precision': 1.0, 'recall': 0.1825, 'f1-score': 0.3086680761099365, 'support': 400.0}, 'Scan': {'precision': 0.96, 'recall': 0.24, 'f1-score': 0.384, 'support': 200.0}, 'WebAttack': {'precision': 0.7922606924643585, 'recall': 0.9725, 'f1-score': 0.8731762065095399, 'support': 400.0}, 'accuracy': 0.6713541666666667, 'macro avg': {'precision': 0.8088070518927593, 'recall': 0.6633333333333333, 'f1-score': 0.5928205052238199, 'support': 1920.0}, 'weighted avg': {'precision': 0.8190330320423366, 'recall': 0.6713541666666667, 'f1-score': 0.6137925337927119, 'support': 1920.0}}","[[194   0   3   0   3   0   0   0]
 [  9   5  10   0   0   0   0  96]
 [  2   0 194   0   1   0   0   3]
 [  6   0   0 194   0   0   0   0]
 [  5   0   2   0 192   0   0   1]
 [202   0 122   0   1  73   2   0]
 [ 71   0  51  28   0   0  48   2]
 [  1   0   4   0   6   0   0 389]]",0.776222467,0.019580126
257,ToN_IoT,0,None,StandardScaler,MLP,0.647501478,-1,-1,92.09635417,67.5,4.516369048,65.96893809,64.11213224,-1,"{'0Normal': {'precision': 0.8846153846153846, 'recall': 0.92, 'f1-score': 0.9019607843137256, 'support': 200.0}, 'BruteForce': {'precision': 0.0, 'recall': 0.0, 'f1-score': 0.0, 'support': 120.0}, 'DDoS': {'precision': 0.9052631578947369, 'recall': 0.86, 'f1-score': 0.8820512820512821, 'support': 200.0}, 'DoS': {'precision': 0.9947916666666666, 'recall': 0.955, 'f1-score': 0.9744897959183673, 'support': 200.0}, 'MITM': {'precision': 0.7545454545454545, 'recall': 0.83, 'f1-score': 0.7904761904761904, 'support': 200.0}, 'Malware': {'precision': 0.7720588235294118, 'recall': 0.2625, 'f1-score': 0.3917910447761194, 'support': 400.0}, 'Scan': {'precision': 0.3284313725490196, 'recall': 0.67, 'f1-score': 0.4407894736842105, 'support': 200.0}, 'WebAttack': {'precision': 0.6378091872791519, 'recall': 0.9025, 'f1-score': 0.7474120082815735, 'support': 400.0}, 'accuracy': 0.6838541666666667, 'macro avg': {'precision': 0.6596893808849782, 'recall': 0.675, 'f1-score': 0.6411213224376836, 'support': 1920.0}, 'weighted avg': {'precision': 0.6966024018633739, 'recall': 0.6838541666666667, 'f1-score': 0.6529347533915794, 'support': 1920.0}}","[[184   0   1   0   9   0   2   4]
 [  0   0   1   0   0   7   0 112]
 [  5   0 172   0   6   5   0  12]
 [  6   0   0 191   3   0   0   0]
 [ 11   0   3   0 166   2   4  14]
 [  2   0   0   0   1 105 266  26]
 [  0   0  10   1   1  17 134  37]
 [  0   0   3   0  34   0   2 361]]",0.434886694,0.000729561
161,ToN_IoT,3,None,StandardScaler,HHHv2,0.6465992,-1,-1,92.2265625,70.14969942,4.441964286,70.70833333,68.43717042,-1,"{'0Normal': {'precision': 0.86, 'recall': 0.864321608040201, 'f1-score': 0.8621553884711779, 'support': 199.0}, 'BruteForce': {'precision': 0.6666666666666666, 'recall': 0.3883495145631068, 'f1-score': 0.49079754601226994, 'support': 206.0}, 'DDoS': {'precision': 0.865, 'recall': 0.6134751773049646, 'f1-score': 0.7178423236514523, 'support': 282.0}, 'DoS': {'precision': 0.97, 'recall': 0.8049792531120332, 'f1-score': 0.8798185941043084, 'support': 241.0}, 'MITM': {'precision': 0.555, 'recall': 0.925, 'f1-score': 0.6937500000000001, 'support': 120.0}, 'Malware': {'precision': 0.535, 'recall': 0.852589641434263, 'f1-score': 0.6574500768049155, 'support': 251.0}, 'Scan': {'precision': 0.515, 'recall': 0.39015151515151514, 'f1-score': 0.44396551724137934, 'support': 264.0}, 'WebAttack': {'precision': 0.69, 'recall': 0.773109243697479, 'f1-score': 0.7291941875825628, 'support': 357.0}, 'accuracy': 0.6890625, 'macro avg': {'precision': 0.7070833333333333, 'recall': 0.7014969941629453, 'f1-score': 0.6843717042335083, 'support': 1920.0}, 'weighted avg': {'precision': 0.7132022569444445, 'recall': 0.6890625, 'f1-score': 0.683823033348892, 'support': 1920.0}}","[[172   0   0   3  10  13   0   1]
 [  3  80   2   0  10   0   0 111]
 [  4   7 173   3   5  11  75   4]
 [  5   1   1 194  36   1   3   0]
 [  5   0   1   0 111   1   0   2]
 [  7   7   0   0   5 214  15   3]
 [  2   0   6   0   4 146 103   3]
 [  2  25  17   0  19  14   4 276]]",1.354017496,0.097280741
350,ToN_IoT,2,rbf,MinMaxScaler,HHHv2,0.644897123,-1,-1,92.2265625,62.66590386,4.441964286,66.15625,63.10217459,-1,"{'0Normal': {'precision': 0.92, 'recall': 0.9064039408866995, 'f1-score': 0.913151364764268, 'support': 203.0}, 'BruteForce': {'precision': 0.0, 'recall': 0.0, 'f1-score': 0.0, 'support': 2.0}, 'DDoS': {'precision': 0.715, 'recall': 0.5458015267175572, 'f1-score': 0.6190476190476191, 'support': 262.0}, 'DoS': {'precision': 0.955, 'recall': 0.9794871794871794, 'f1-score': 0.9670886075949366, 'support': 195.0}, 'MITM': {'precision': 0.8, 'recall': 0.6557377049180327, 'f1-score': 0.7207207207207207, 'support': 244.0}, 'Malware': {'precision': 0.4575, 'recall': 0.8394495412844036, 'f1-score': 0.5922330097087379, 'support': 218.0}, 'Scan': {'precision': 0.58, 'recall': 0.3729903536977492, 'f1-score': 0.4540117416829746, 'support': 311.0}, 'WebAttack': {'precision': 0.865, 'recall': 0.7134020618556701, 'f1-score': 0.7819209039548023, 'support': 485.0}, 'accuracy': 0.6890625, 'macro avg': {'precision': 0.6615624999999999, 'recall': 0.6266590386059114, 'f1-score': 0.6310217459342574, 'support': 1920.0}, 'weighted avg': {'precision': 0.7578932291666666, 'recall': 0.6890625, 'f1-score': 0.7091325123815001, 'support': 1920.0}}","[[184   0   0   7  10   2   0   0]
 [  0   0   1   0   1   0   0   0]
 [  4  13 143   0   6  20  59  17]
 [  1   0   0 191   2   0   1   0]
 [  7   0  39   2 160   1   1  34]
 [  0   8   5   0   0 183  21   1]
 [  2   0   0   0   3 188 116   2]
 [  2  99  12   0  18   6   2 346]]",0.421462297,0.043989897
308,ToN_IoT,3,None,MinMaxScaler,HHHv2,0.643052269,-1,-1,92.265625,71.86433718,4.419642857,69.51041667,69.48763205,-1,"{'0Normal': {'precision': 0.905, 'recall': 0.9095477386934674, 'f1-score': 0.9072681704260652, 'support': 199.0}, 'BruteForce': {'precision': 0.6333333333333333, 'recall': 0.39378238341968913, 'f1-score': 0.48562300319488816, 'support': 193.0}, 'DDoS': {'precision': 0.715, 'recall': 0.7900552486187845, 'f1-score': 0.7506561679790026, 'support': 181.0}, 'DoS': {'precision': 0.965, 'recall': 0.9414634146341463, 'f1-score': 0.9530864197530864, 'support': 205.0}, 'MITM': {'precision': 0.615, 'recall': 0.924812030075188, 'f1-score': 0.7387387387387386, 'support': 133.0}, 'Malware': {'precision': 0.585, 'recall': 0.8478260869565217, 'f1-score': 0.6923076923076923, 'support': 276.0}, 'Scan': {'precision': 0.405, 'recall': 0.3632286995515695, 'f1-score': 0.3829787234042553, 'support': 223.0}, 'WebAttack': {'precision': 0.7375, 'recall': 0.5784313725490197, 'f1-score': 0.6483516483516484, 'support': 510.0}, 'accuracy': 0.690625, 'macro avg': {'precision': 0.6951041666666666, 'recall': 0.7186433718122982, 'f1-score': 0.6948763205194222, 'support': 1920.0}, 'weighted avg': {'precision': 0.6975329861111111, 'recall': 0.690625, 'f1-score': 0.6827686767149205, 'support': 1920.0}}","[[181   0   0   6  11   1   0   0]
 [  3  76   2   0  15   0   0  97]
 [  2   2 143   0   5   0  26   3]
 [  1   0   2 193   7   0   2   0]
 [  6   0   1   1 123   1   0   1]
 [  0   8   5   0   1 234  24   4]
 [  2   0   0   0   2 138  81   0]
 [  5  34  47   0  36  26  67 295]]",5.183027983,0.230601788
156,ToN_IoT,3,None,StandardScaler,LDA,0.641558374,-1,-1,92.04427083,70.45833333,4.546130952,70.54564043,67.46642762,-1,"{'0Normal': {'precision': 0.9119170984455959, 'recall': 0.88, 'f1-score': 0.8956743002544529, 'support': 200.0}, 'BruteForce': {'precision': 0.31399317406143346, 'recall': 0.7666666666666667, 'f1-score': 0.44552058111380144, 'support': 120.0}, 'DDoS': {'precision': 0.627177700348432, 'recall': 0.9, 'f1-score': 0.7392197125256673, 'support': 200.0}, 'DoS': {'precision': 0.7854251012145749, 'recall': 0.97, 'f1-score': 0.8680089485458613, 'support': 200.0}, 'MITM': {'precision': 0.9514563106796117, 'recall': 0.49, 'f1-score': 0.6468646864686469, 'support': 200.0}, 'Malware': {'precision': 0.7855072463768116, 'recall': 0.6775, 'f1-score': 0.72751677852349, 'support': 400.0}, 'Scan': {'precision': 0.415, 'recall': 0.415, 'f1-score': 0.415, 'support': 200.0}, 'WebAttack': {'precision': 0.8531746031746031, 'recall': 0.5375, 'f1-score': 0.6595092024539877, 'support': 400.0}, 'accuracy': 0.6817708333333333, 'macro avg': {'precision': 0.7054564042876328, 'recall': 0.7045833333333333, 'f1-score': 0.6746642762357384, 'support': 1920.0}, 'weighted avg': {'precision': 0.7454933139820734, 'recall': 0.6817708333333333, 'f1-score': 0.6881387456685276, 'support': 1920.0}}","[[176   5   3   9   2   3   0   2]
 [  0  92  10   0   0   8   0  10]
 [  0   5 180   0   0   7   0   8]
 [  3   0   0 194   0   3   0   0]
 [ 12  19  10  43  98   5   0  13]
 [  1   0   9   0   1 271 117   1]
 [  0   1  69   1   0  43  83   3]
 [  1 171   6   0   2   5   0 215]]",0.317362785,0.004876852
376,ToN_IoT,0,None,MinMaxScaler,RF,0.6398435,-1,-1,91.82291667,72.30208333,4.672619048,71.32467377,67.58045294,-1,"{'0Normal': {'precision': 0.8604651162790697, 'recall': 0.555, 'f1-score': 0.6747720364741642, 'support': 200.0}, 'BruteForce': {'precision': 0.32492997198879553, 'recall': 0.9666666666666667, 'f1-score': 0.4863731656184486, 'support': 120.0}, 'DDoS': {'precision': 0.7870370370370371, 'recall': 0.85, 'f1-score': 0.8173076923076923, 'support': 200.0}, 'DoS': {'precision': 0.8362068965517241, 'recall': 0.97, 'f1-score': 0.8981481481481481, 'support': 200.0}, 'MITM': {'precision': 0.7445255474452555, 'recall': 0.51, 'f1-score': 0.6053412462908012, 'support': 200.0}, 'Malware': {'precision': 0.918918918918919, 'recall': 0.68, 'f1-score': 0.7816091954022989, 'support': 400.0}, 'Scan': {'precision': 0.5087719298245614, 'recall': 0.87, 'f1-score': 0.6420664206642067, 'support': 200.0}, 'WebAttack': {'precision': 0.7251184834123223, 'recall': 0.3825, 'f1-score': 0.5008183306055647, 'support': 400.0}, 'accuracy': 0.6729166666666667, 'macro avg': {'precision': 0.7132467376822106, 'recall': 0.7230208333333333, 'f1-score': 0.6758045294389156, 'support': 1920.0}, 'weighted avg': {'precision': 0.7520874286451467, 'recall': 0.6729166666666667, 'f1-score': 0.67649109325748, 'support': 1920.0}}","[[111   6   9  11  33   1  23   6]
 [  0 116   0   0   0   0   4   0]
 [  4   4 170   2   0   4   2  14]
 [  6   0   0 194   0   0   0   0]
 [  8   4  20  19 102   2  10  35]
 [  0   0   0   0   1 272 127   0]
 [  0   0   0   6   0  17 174   3]
 [  0 227  17   0   1   0   2 153]]",0.05292201,0.01032424
324,ToN_IoT,3,None,MinMaxScaler,LDA,0.639114485,-1,-1,91.86197917,71.59375,4.650297619,72.5001224,68.33701614,-1,"{'0Normal': {'precision': 0.92, 'recall': 0.92, 'f1-score': 0.92, 'support': 200.0}, 'BruteForce': {'precision': 0.2900552486187845, 'recall': 0.875, 'f1-score': 0.4356846473029046, 'support': 120.0}, 'DDoS': {'precision': 0.7581395348837209, 'recall': 0.815, 'f1-score': 0.7855421686746988, 'support': 200.0}, 'DoS': {'precision': 0.8117154811715481, 'recall': 0.97, 'f1-score': 0.8838268792710706, 'support': 200.0}, 'MITM': {'precision': 0.9224137931034483, 'recall': 0.535, 'f1-score': 0.6772151898734178, 'support': 200.0}, 'Malware': {'precision': 0.742603550295858, 'recall': 0.6275, 'f1-score': 0.6802168021680216, 'support': 400.0}, 'Scan': {'precision': 0.4103585657370518, 'recall': 0.515, 'f1-score': 0.45676274944567635, 'support': 200.0}, 'WebAttack': {'precision': 0.9447236180904522, 'recall': 0.47, 'f1-score': 0.6277128547579298, 'support': 400.0}, 'accuracy': 0.6744791666666666, 'macro avg': {'precision': 0.725001223987608, 'recall': 0.7159375, 'f1-score': 0.6833701614367149, 'support': 1920.0}, 'weighted avg': {'precision': 0.7678452980041313, 'recall': 0.6744791666666666, 'f1-score': 0.6875642801560947, 'support': 1920.0}}","[[184   5   3   1   3   3   0   1]
 [  0 105   4   0   0  11   0   0]
 [  0  29 163   1   0   3   4   0]
 [  3   0   0 194   0   3   0   0]
 [ 11  21   7  41 107   5   0   8]
 [  1   0   2   0   1 251 144   1]
 [  0   6  32   1   0  57 103   1]
 [  1 196   4   1   5   5   0 188]]",0.369472265,0.007680655
219,ToN_IoT,2,None,StandardScaler,LDA,0.637791619,-1,-1,91.84895833,72.09375,4.657738095,70.24473189,68.04831024,-1,"{'0Normal': {'precision': 0.9214659685863874, 'recall': 0.88, 'f1-score': 0.9002557544757034, 'support': 200.0}, 'BruteForce': {'precision': 0.3333333333333333, 'recall': 0.85, 'f1-score': 0.4788732394366197, 'support': 120.0}, 'DDoS': {'precision': 0.5789473684210527, 'recall': 0.935, 'f1-score': 0.7151051625239007, 'support': 200.0}, 'DoS': {'precision': 0.9323671497584541, 'recall': 0.965, 'f1-score': 0.9484029484029484, 'support': 200.0}, 'MITM': {'precision': 0.8, 'recall': 0.72, 'f1-score': 0.7578947368421052, 'support': 200.0}, 'Malware': {'precision': 0.8027681660899654, 'recall': 0.58, 'f1-score': 0.6734397677793904, 'support': 400.0}, 'Scan': {'precision': 0.3393665158371041, 'recall': 0.375, 'f1-score': 0.3562945368171021, 'support': 200.0}, 'WebAttack': {'precision': 0.9113300492610837, 'recall': 0.4625, 'f1-score': 0.6135986733001658, 'support': 400.0}, 'accuracy': 0.6739583333333333, 'macro avg': {'precision': 0.7024473189109226, 'recall': 0.7209375, 'f1-score': 0.680483102447242, 'support': 1920.0}, 'weighted avg': {'precision': 0.7500357743026143, 'recall': 0.6739583333333333, 'f1-score': 0.6811827046752962, 'support': 1920.0}}","[[176  10   4   1   5   2   0   2]
 [  0 102  10   0   0   8   0   0]
 [  1   6 187   0   1   5   0   0]
 [  6   0   0 193   1   0   0   0]
 [  6  11  12  10 144   4   1  12]
 [  1   4  16   1   0 232 145   1]
 [  0   1  85   2   0  34  75   3]
 [  1 172   9   0  29   4   0 185]]",0.017377377,0.001354694
198,ToN_IoT,2,None,StandardScaler,LDA,0.637257236,-1,-1,91.77083333,73.02083333,4.702380952,71.4598052,68.74183797,-1,"{'0Normal': {'precision': 0.9361702127659575, 'recall': 0.88, 'f1-score': 0.9072164948453608, 'support': 200.0}, 'BruteForce': {'precision': 0.34551495016611294, 'recall': 0.8666666666666667, 'f1-score': 0.49406175771971494, 'support': 120.0}, 'DDoS': {'precision': 0.6013071895424836, 'recall': 0.92, 'f1-score': 0.7272727272727272, 'support': 200.0}, 'DoS': {'precision': 0.9554455445544554, 'recall': 0.965, 'f1-score': 0.9601990049751244, 'support': 200.0}, 'MITM': {'precision': 0.8072916666666666, 'recall': 0.775, 'f1-score': 0.7908163265306122, 'support': 200.0}, 'Malware': {'precision': 0.8295964125560538, 'recall': 0.4625, 'f1-score': 0.5939004815409311, 'support': 400.0}, 'Scan': {'precision': 0.3310810810810811, 'recall': 0.49, 'f1-score': 0.3951612903225806, 'support': 200.0}, 'WebAttack': {'precision': 0.910377358490566, 'recall': 0.4825, 'f1-score': 0.630718954248366, 'support': 400.0}, 'accuracy': 0.6708333333333333, 'macro avg': {'precision': 0.714598051977922, 'recall': 0.7302083333333333, 'f1-score': 0.6874183796819271, 'support': 1920.0}, 'weighted avg': {'precision': 0.7623491882087033, 'recall': 0.6708333333333333, 'f1-score': 0.6798272677246696, 'support': 1920.0}}","[[176  10   4   1   5   0   2   2]
 [  0 104   8   0   0   8   0   0]
 [  1   8 184   0   0   5   0   2]
 [  6   0   0 193   1   0   0   0]
 [  4   7  11   6 155   3   3  11]
 [  1   8  12   0   1 185 192   1]
 [  0   0  78   2   0  19  98   3]
 [  0 164   9   0  30   3   1 193]]",0.017469645,0.000835896
211,ToN_IoT,2,None,StandardScaler,KNN,0.63222725,-1,-1,91.8359375,68.40625,4.665178571,69.74168841,65.69073377,-1,"{'0Normal': {'precision': 0.8317757009345794, 'recall': 0.89, 'f1-score': 0.8599033816425121, 'support': 200.0}, 'BruteForce': {'precision': 0.225, 'recall': 0.525, 'f1-score': 0.315, 'support': 120.0}, 'DDoS': {'precision': 0.5822784810126582, 'recall': 0.92, 'f1-score': 0.7131782945736436, 'support': 200.0}, 'DoS': {'precision': 0.7791164658634538, 'recall': 0.97, 'f1-score': 0.8641425389755011, 'support': 200.0}, 'MITM': {'precision': 0.7045454545454546, 'recall': 0.62, 'f1-score': 0.6595744680851063, 'support': 200.0}, 'Malware': {'precision': 0.8607242339832869, 'recall': 0.7725, 'f1-score': 0.8142292490118577, 'support': 400.0}, 'Scan': {'precision': 0.9078947368421053, 'recall': 0.345, 'f1-score': 0.5, 'support': 200.0}, 'WebAttack': {'precision': 0.688, 'recall': 0.43, 'f1-score': 0.5292307692307693, 'support': 400.0}, 'accuracy': 0.6734375, 'macro avg': {'precision': 0.6974168841476922, 'recall': 0.6840625, 'f1-score': 0.6569073376899237, 'support': 1920.0}, 'weighted avg': {'precision': 0.7331311778296693, 'recall': 0.6734375, 'f1-score': 0.6742415333085435, 'support': 1920.0}}","[[178   2   2   4   9   3   0   2]
 [  5  63  26   0   0   4   0  22]
 [  3   1 184   0   2   4   0   6]
 [  6   0   0 194   0   0   0   0]
 [ 10   1  14  32 124   0   5  14]
 [  1  52   5   0   3 309   1  29]
 [  5  15  58   7   3  38  69   5]
 [  6 146  27  12  35   1   1 172]]",0.000442028,0.006270409
240,ToN_IoT,0,None,StandardScaler,KNN,0.628679158,-1,-1,91.62760417,69.59375,4.78422619,69.73794339,65.41225562,-1,"{'0Normal': {'precision': 0.6934306569343066, 'recall': 0.95, 'f1-score': 0.8016877637130803, 'support': 200.0}, 'BruteForce': {'precision': 0.22796352583586627, 'recall': 0.625, 'f1-score': 0.33407572383073497, 'support': 120.0}, 'DDoS': {'precision': 0.6305970149253731, 'recall': 0.845, 'f1-score': 0.7222222222222222, 'support': 200.0}, 'DoS': {'precision': 0.8772727272727273, 'recall': 0.965, 'f1-score': 0.919047619047619, 'support': 200.0}, 'MITM': {'precision': 0.7476190476190476, 'recall': 0.785, 'f1-score': 0.7658536585365853, 'support': 200.0}, 'Malware': {'precision': 0.8297872340425532, 'recall': 0.78, 'f1-score': 0.8041237113402062, 'support': 400.0}, 'Scan': {'precision': 0.8918918918918919, 'recall': 0.33, 'f1-score': 0.4817518248175182, 'support': 200.0}, 'WebAttack': {'precision': 0.6804733727810651, 'recall': 0.2875, 'f1-score': 0.4042179261862917, 'support': 400.0}, 'accuracy': 0.6651041666666667, 'macro avg': {'precision': 0.6973794339128538, 'recall': 0.6959375, 'f1-score': 0.6541225562117823, 'support': 1920.0}, 'weighted avg': {'precision': 0.7289698612283441, 'recall': 0.6651041666666667, 'f1-score': 0.6570512289258814, 'support': 1920.0}}","[[190   0   3   3   3   0   0   1]
 [  4  75  13   0   0   5   1  22]
 [  3   2 169   0  11   4   0  11]
 [  7   0   0 193   0   0   0   0]
 [ 15   2   6   7 157   0   4   9]
 [ 11  62   5   0   2 312   2   6]
 [ 26  12  34   2   2  53  66   5]
 [ 18 176  38  15  35   2   1 115]]",0.000400066,0.002571344
35,ToN_IoT,3,None,QuantileTransformer,LGBM,0.62789314,-1,-1,91.27604167,65.14583333,4.985119048,76.89136516,57.3058235,-1,"{'0Normal': {'precision': 0.42951541850220265, 'recall': 0.975, 'f1-score': 0.5963302752293579, 'support': 200.0}, 'BruteForce': {'precision': 0.8333333333333334, 'recall': 0.041666666666666664, 'f1-score': 0.07936507936507937, 'support': 120.0}, 'DDoS': {'precision': 0.41228070175438597, 'recall': 0.94, 'f1-score': 0.5731707317073171, 'support': 200.0}, 'DoS': {'precision': 0.9698492462311558, 'recall': 0.965, 'f1-score': 0.9674185463659147, 'support': 200.0}, 'MITM': {'precision': 0.9330143540669856, 'recall': 0.975, 'f1-score': 0.9535452322738386, 'support': 200.0}, 'Malware': {'precision': 0.9428571428571428, 'recall': 0.0825, 'f1-score': 0.15172413793103448, 'support': 400.0}, 'Scan': {'precision': 0.8524590163934426, 'recall': 0.26, 'f1-score': 0.3984674329501916, 'support': 200.0}, 'WebAttack': {'precision': 0.778, 'recall': 0.9725, 'f1-score': 0.8644444444444445, 'support': 400.0}, 'accuracy': 0.6510416666666666, 'macro avg': {'precision': 0.7689136516423312, 'recall': 0.6514583333333333, 'f1-score': 0.5730582350333973, 'support': 1920.0}, 'weighted avg': {'precision': 0.7852951065273395, 'recall': 0.6510416666666666, 'f1-score': 0.5800925448850651, 'support': 1920.0}}","[[195   0   2   0   3   0   0   0]
 [ 12   5   3   0   2   0   0  98]
 [  2   0 188   0   2   0   0   8]
 [  6   0   0 193   1   0   0   0]
 [  2   0   0   0 195   0   0   3]
 [169   0 189   0   0  33   9   0]
 [ 68   0  69   6   1   2  52   2]
 [  0   1   5   0   5   0   0 389]]",6.782630205,0.015504837
205,ToN_IoT,2,None,StandardScaler,LDA,0.627669464,-1,-1,91.74479167,71.03125,4.717261905,68.47923125,67.71339931,-1,"{'0Normal': {'precision': 0.9414893617021277, 'recall': 0.885, 'f1-score': 0.9123711340206185, 'support': 200.0}, 'BruteForce': {'precision': 0.3404255319148936, 'recall': 0.8, 'f1-score': 0.47761194029850745, 'support': 120.0}, 'DDoS': {'precision': 0.6175438596491228, 'recall': 0.88, 'f1-score': 0.7257731958762886, 'support': 200.0}, 'DoS': {'precision': 0.910377358490566, 'recall': 0.965, 'f1-score': 0.9368932038834951, 'support': 200.0}, 'MITM': {'precision': 0.8021978021978022, 'recall': 0.73, 'f1-score': 0.7643979057591622, 'support': 200.0}, 'Malware': {'precision': 0.7891156462585034, 'recall': 0.58, 'f1-score': 0.6685878962536023, 'support': 400.0}, 'Scan': {'precision': 0.3271889400921659, 'recall': 0.355, 'f1-score': 0.3405275779376499, 'support': 200.0}, 'WebAttack': {'precision': 0.75, 'recall': 0.4875, 'f1-score': 0.5909090909090908, 'support': 400.0}, 'accuracy': 0.6697916666666667, 'macro avg': {'precision': 0.6847923125381478, 'recall': 0.7103125, 'f1-score': 0.6771339931173019, 'support': 1920.0}, 'weighted avg': {'precision': 0.7168004097705967, 'recall': 0.6697916666666667, 'f1-score': 0.6755754329147609, 'support': 1920.0}}","[[177   7   4   2   5   2   0   3]
 [  0  96  16   0   0   8   0   0]
 [  1   5 176   0   1   6   0  11]
 [  6   0   0 193   1   0   0   0]
 [  3   5  13  14 146   6   1  12]
 [  1   7   8   1   0 232 145   6]
 [  0   0  59   2   0  35  71  33]
 [  0 162   9   0  29   5   0 195]]",0.014799356,0.000694752
416,ToN_IoT,-1,None,MinMaxScaler,HHHv2,0.626603144,-1,-1,91.92708333,64.44532124,4.613095238,58.375,55.80214788,-1,"{'0Normal': {'precision': 0.435, 'recall': 0.7837837837837838, 'f1-score': 0.5594855305466238, 'support': 111.0}, 'BruteForce': {'precision': 0.0, 'recall': 0.0, 'f1-score': 0.0, 'support': 2.0}, 'DDoS': {'precision': 0.89, 'recall': 0.5855263157894737, 'f1-score': 0.7063492063492065, 'support': 304.0}, 'DoS': {'precision': 0.955, 'recall': 0.7579365079365079, 'f1-score': 0.8451327433628317, 'support': 252.0}, 'MITM': {'precision': 0.375, 'recall': 0.8823529411764706, 'f1-score': 0.5263157894736842, 'support': 85.0}, 'Malware': {'precision': 0.95, 'recall': 0.6810035842293907, 'f1-score': 0.7933194154488518, 'support': 558.0}, 'Scan': {'precision': 0.185, 'recall': 0.8409090909090909, 'f1-score': 0.30327868852459017, 'support': 44.0}, 'WebAttack': {'precision': 0.88, 'recall': 0.624113475177305, 'f1-score': 0.7302904564315353, 'support': 564.0}, 'accuracy': 0.6770833333333334, 'macro avg': {'precision': 0.58375, 'recall': 0.6444532123752529, 'f1-score': 0.5580214787671653, 'support': 1920.0}, 'weighted avg': {'precision': 0.84684375, 'recall': 0.6770833333333334, 'f1-score': 0.7304394060398219, 'support': 1920.0}}","[[ 87   0   0   6  16   0   2   0]
 [  0   0   0   0   2   0   0   0]
 [  4  17 178   0  16  17  35  37]
 [ 46   0   0 191   3   1  11   0]
 [  8   0   0   1  75   0   0   1]
 [ 29  11   7   0   7 380 114  10]
 [  5   0   1   0   0   1  37   0]
 [ 21  92  14   2  81   1   1 352]]",622.0527613,0.010635853
440,ToN_IoT,-1,linear,MinMaxScaler,HHHv2,0.626603144,-1,-1,91.92708333,64.44532124,4.613095238,58.375,55.80214788,-1,"{'0Normal': {'precision': 0.435, 'recall': 0.7837837837837838, 'f1-score': 0.5594855305466238, 'support': 111.0}, 'BruteForce': {'precision': 0.0, 'recall': 0.0, 'f1-score': 0.0, 'support': 2.0}, 'DDoS': {'precision': 0.89, 'recall': 0.5855263157894737, 'f1-score': 0.7063492063492065, 'support': 304.0}, 'DoS': {'precision': 0.955, 'recall': 0.7579365079365079, 'f1-score': 0.8451327433628317, 'support': 252.0}, 'MITM': {'precision': 0.375, 'recall': 0.8823529411764706, 'f1-score': 0.5263157894736842, 'support': 85.0}, 'Malware': {'precision': 0.95, 'recall': 0.6810035842293907, 'f1-score': 0.7933194154488518, 'support': 558.0}, 'Scan': {'precision': 0.185, 'recall': 0.8409090909090909, 'f1-score': 0.30327868852459017, 'support': 44.0}, 'WebAttack': {'precision': 0.88, 'recall': 0.624113475177305, 'f1-score': 0.7302904564315353, 'support': 564.0}, 'accuracy': 0.6770833333333334, 'macro avg': {'precision': 0.58375, 'recall': 0.6444532123752529, 'f1-score': 0.5580214787671653, 'support': 1920.0}, 'weighted avg': {'precision': 0.84684375, 'recall': 0.6770833333333334, 'f1-score': 0.7304394060398219, 'support': 1920.0}}","[[ 87   0   0   6  16   0   2   0]
 [  0   0   0   0   2   0   0   0]
 [  4  17 178   0  16  17  35  37]
 [ 46   0   0 191   3   1  11   0]
 [  8   0   0   1  75   0   0   1]
 [ 29  11   7   0   7 380 114  10]
 [  5   0   1   0   0   1  37   0]
 [ 21  92  14   2  81   1   1 352]]",419.3427577,0.026644468
75,ToN_IoT,2,None,QuantileTransformer,RF,0.622378011,-1,-1,90.96354167,62.625,5.163690476,70.21637759,54.09218843,-1,"{'0Normal': {'precision': 0.29191616766467066, 'recall': 0.975, 'f1-score': 0.44930875576036855, 'support': 200.0}, 'BruteForce': {'precision': 0.0, 'recall': 0.0, 'f1-score': 0.0, 'support': 120.0}, 'DDoS': {'precision': 0.7723577235772358, 'recall': 0.95, 'f1-score': 0.852017937219731, 'support': 200.0}, 'DoS': {'precision': 0.8362068965517241, 'recall': 0.97, 'f1-score': 0.8981481481481481, 'support': 200.0}, 'MITM': {'precision': 0.946078431372549, 'recall': 0.965, 'f1-score': 0.9554455445544553, 'support': 200.0}, 'Malware': {'precision': 1.0, 'recall': 0.145, 'f1-score': 0.25327510917030566, 'support': 400.0}, 'Scan': {'precision': 1.0, 'recall': 0.03, 'f1-score': 0.058252427184466014, 'support': 200.0}, 'WebAttack': {'precision': 0.7707509881422925, 'recall': 0.975, 'f1-score': 0.8609271523178806, 'support': 400.0}, 'accuracy': 0.6385416666666667, 'macro avg': {'precision': 0.7021637759135589, 'recall': 0.62625, 'f1-score': 0.5409218842944195, 'support': 1920.0}, 'weighted avg': {'precision': 0.7695897078594546, 'recall': 0.6385416666666667, 'f1-score': 0.5668309724837022, 'support': 1920.0}}","[[195   0   2   0   3   0   0   0]
 [ 13   0   0   2   0   0   0 105]
 [  2   0 190   0   1   0   0   7]
 [  6   0   0 194   0   0   0   0]
 [  5   0   0   0 193   0   0   2]
 [293   0  48   1   0  58   0   0]
 [153   0   1  35   3   0   6   2]
 [  1   0   5   0   4   0   0 390]]",0.324480772,0.013577461
73,ToN_IoT,2,None,QuantileTransformer,MLP,0.62165496,-1,-1,91.30208333,64.3125,4.970238095,65.37869285,57.10331799,-1,"{'0Normal': {'precision': 0.6168831168831169, 'recall': 0.95, 'f1-score': 0.7480314960629921, 'support': 200.0}, 'BruteForce': {'precision': 0.0, 'recall': 0.0, 'f1-score': 0.0, 'support': 120.0}, 'DDoS': {'precision': 0.3657505285412262, 'recall': 0.865, 'f1-score': 0.5141158989598812, 'support': 200.0}, 'DoS': {'precision': 0.6953405017921147, 'recall': 0.97, 'f1-score': 0.8100208768267224, 'support': 200.0}, 'MITM': {'precision': 0.8125, 'recall': 0.91, 'f1-score': 0.8584905660377358, 'support': 200.0}, 'Malware': {'precision': 1.0, 'recall': 0.1775, 'f1-score': 0.30148619957537154, 'support': 400.0}, 'Scan': {'precision': 0.9852941176470589, 'recall': 0.335, 'f1-score': 0.5000000000000001, 'support': 200.0}, 'WebAttack': {'precision': 0.7545271629778671, 'recall': 0.9375, 'f1-score': 0.8361204013377926, 'support': 400.0}, 'accuracy': 0.6520833333333333, 'macro avg': {'precision': 0.653786928480173, 'recall': 0.643125, 'f1-score': 0.571033179850062, 'support': 1920.0}, 'weighted avg': {'precision': 0.727585686543672, 'recall': 0.6520833333333333, 'f1-score': 0.5943616708035062, 'support': 1920.0}}","[[190   0   4   0   4   0   0   2]
 [  7   0  28   0   0   0   0  85]
 [  3   0 173   0   1   0   0  23]
 [  6   0   0 194   0   0   0   0]
 [  5   0   3   0 182   0   0  10]
 [ 20   0 235  53  20  71   1   0]
 [ 77   0  16  32   6   0  67   2]
 [  0   0  14   0  11   0   0 375]]",0.717992306,0.001908064
322,ToN_IoT,3,poly,MinMaxScaler,HHHv2,0.619651855,-1,-1,91.2109375,66.36682387,5.022321429,66.09375,59.94758442,-1,"{'0Normal': {'precision': 0.945, 'recall': 0.9219512195121952, 'f1-score': 0.9333333333333333, 'support': 205.0}, 'BruteForce': {'precision': 0.0, 'recall': 0.0, 'f1-score': 0.0, 'support': 1.0}, 'DDoS': {'precision': 0.945, 'recall': 0.5869565217391305, 'f1-score': 0.7241379310344828, 'support': 322.0}, 'DoS': {'precision': 0.955, 'recall': 0.9947916666666666, 'f1-score': 0.9744897959183673, 'support': 192.0}, 'MITM': {'precision': 0.83, 'recall': 0.8019323671497585, 'f1-score': 0.8157248157248156, 'support': 207.0}, 'Malware': {'precision': 0.0975, 'recall': 1.0, 'f1-score': 0.17767653758542143, 'support': 39.0}, 'Scan': {'precision': 0.675, 'recall': 0.2732793522267207, 'f1-score': 0.38904899135446686, 'support': 494.0}, 'WebAttack': {'precision': 0.84, 'recall': 0.7304347826086957, 'f1-score': 0.7813953488372092, 'support': 460.0}, 'accuracy': 0.6484375, 'macro avg': {'precision': 0.6609375, 'recall': 0.6636682387378958, 'f1-score': 0.5994758442235121, 'support': 1920.0}, 'weighted avg': {'precision': 0.82126953125, 'recall': 0.6484375, 'f1-score': 0.6974084749780493, 'support': 1920.0}}","[[189   0   0   7   7   1   1   0]
 [  0   0   1   0   0   0   0   0]
 [  3  20 189   0   9  11  62  28]
 [  0   0   0 191   0   0   1   0]
 [  5   0   1   2 166   1   0  32]
 [  0   0   0   0   0  39   0   0]
 [  2   8   5   0   7 333 135   4]
 [  1  92   4   0  11  15   1 336]]",1.237525225,0.08306694
83,ToN_IoT,0,None,QuantileTransformer,NuSVC,0.61943249,-1,-1,91.39322917,68.89583333,4.918154762,68.05764311,64.5136193,-1,"{'0Normal': {'precision': 0.9158878504672897, 'recall': 0.49, 'f1-score': 0.6384364820846905, 'support': 200.0}, 'BruteForce': {'precision': 0.26790450928381965, 'recall': 0.8416666666666667, 'f1-score': 0.4064386317907445, 'support': 120.0}, 'DDoS': {'precision': 0.8271028037383178, 'recall': 0.885, 'f1-score': 0.855072463768116, 'support': 200.0}, 'DoS': {'precision': 0.6360655737704918, 'recall': 0.97, 'f1-score': 0.7683168316831684, 'support': 200.0}, 'MITM': {'precision': 0.41916167664670656, 'recall': 0.35, 'f1-score': 0.3814713896457766, 'support': 200.0}, 'Malware': {'precision': 0.9426934097421203, 'recall': 0.8225, 'f1-score': 0.8785046728971962, 'support': 400.0}, 'Scan': {'precision': 0.8028169014084507, 'recall': 0.855, 'f1-score': 0.828087167070218, 'support': 200.0}, 'WebAttack': {'precision': 0.6329787234042553, 'recall': 0.2975, 'f1-score': 0.4047619047619047, 'support': 400.0}, 'accuracy': 0.6557291666666667, 'macro avg': {'precision': 0.6805764310576815, 'recall': 0.6889583333333333, 'f1-score': 0.6451361929627268, 'support': 1920.0}, 'weighted avg': {'precision': 0.7201168518639895, 'recall': 0.6557291666666667, 'f1-score': 0.6543521529838146, 'support': 1920.0}}","[[ 98  10  12   4  61   2   1  12]
 [  0 101   0   0   1   2   6  10]
 [  0   3 177   0   3   5   0  12]
 [  0   0   0 194   6   0   0   0]
 [  4  24   8  55  70   1   3  35]
 [  4  42   0   0   6 329  19   0]
 [  1   3   2  14   0   9 171   0]
 [  0 194  15  38  20   1  13 119]]",0.001705647,0.006764889
74,ToN_IoT,2,None,QuantileTransformer,LGBM,0.617165927,-1,-1,90.95052083,62.32291667,5.171130952,81.80713731,53.55697224,-1,"{'0Normal': {'precision': 0.3150242326332795, 'recall': 0.975, 'f1-score': 0.4761904761904761, 'support': 200.0}, 'BruteForce': {'precision': 1.0, 'recall': 0.008333333333333333, 'f1-score': 0.01652892561983471, 'support': 120.0}, 'DDoS': {'precision': 0.6, 'recall': 0.93, 'f1-score': 0.7294117647058824, 'support': 200.0}, 'DoS': {'precision': 0.9320388349514563, 'recall': 0.96, 'f1-score': 0.9458128078817734, 'support': 200.0}, 'MITM': {'precision': 0.9504950495049505, 'recall': 0.96, 'f1-score': 0.9552238805970149, 'support': 200.0}, 'Malware': {'precision': 0.9852941176470589, 'recall': 0.1675, 'f1-score': 0.28632478632478636, 'support': 400.0}, 'Scan': {'precision': 1.0, 'recall': 0.01, 'f1-score': 0.019801980198019802, 'support': 200.0}, 'WebAttack': {'precision': 0.76171875, 'recall': 0.975, 'f1-score': 0.8552631578947368, 'support': 400.0}, 'accuracy': 0.6380208333333334, 'macro avg': {'precision': 0.8180713730920932, 'recall': 0.6232291666666667, 'f1-score': 0.5355697224265655, 'support': 1920.0}, 'weighted avg': {'precision': 0.822039984623313, 'recall': 0.6380208333333334, 'f1-score': 0.5645348076441785, 'support': 1920.0}}","[[195   0   2   0   3   0   0   0]
 [ 13   1   0   1   0   0   0 105]
 [  2   0 186   0   2   0   0  10]
 [  8   0   0 192   0   0   0   0]
 [  4   0   0   0 192   0   0   4]
 [230   0 102   0   1  67   0   0]
 [165   0  15  13   1   1   2   3]
 [  2   0   5   0   3   0   0 390]]",1.785302639,0.010601044
387,ToN_IoT,0,None,MinMaxScaler,KNN,0.615937475,-1,-1,91.484375,66.65625,4.866071429,69.19907319,64.06434846,-1,"{'0Normal': {'precision': 0.6714801444043321, 'recall': 0.93, 'f1-score': 0.779874213836478, 'support': 200.0}, 'BruteForce': {'precision': 0.2108626198083067, 'recall': 0.55, 'f1-score': 0.3048498845265589, 'support': 120.0}, 'DDoS': {'precision': 0.7028301886792453, 'recall': 0.745, 'f1-score': 0.7233009708737864, 'support': 200.0}, 'DoS': {'precision': 0.8727272727272727, 'recall': 0.96, 'f1-score': 0.9142857142857144, 'support': 200.0}, 'MITM': {'precision': 0.6649484536082474, 'recall': 0.645, 'f1-score': 0.6548223350253808, 'support': 200.0}, 'Malware': {'precision': 0.8308457711442786, 'recall': 0.835, 'f1-score': 0.8329177057356607, 'support': 400.0}, 'Scan': {'precision': 0.95, 'recall': 0.285, 'f1-score': 0.4384615384615385, 'support': 200.0}, 'WebAttack': {'precision': 0.6322314049586777, 'recall': 0.3825, 'f1-score': 0.4766355140186916, 'support': 400.0}, 'accuracy': 0.659375, 'macro avg': {'precision': 0.691990731916295, 'recall': 0.6665625, 'f1-score': 0.6406434845954762, 'support': 1920.0}, 'weighted avg': {'precision': 0.7202768732822911, 'recall': 0.659375, 'f1-score': 0.6575792856987019, 'support': 1920.0}}","[[186   0   3   1   5   3   0   2]
 [  4  66   2   0   5   3   1  39]
 [ 11   2 149   0  20  11   0   7]
 [  6   0   0 192   0   0   0   2]
 [ 24   4   4  12 129   0   1  26]
 [  2  43   7   0   3 334   1  10]
 [ 38  12  36   2   4  48  57   3]
 [  6 186  11  13  28   3   0 153]]",0.000357628,0.002781391
315,ToN_IoT,3,rbf,MinMaxScaler,HHHv2,0.61536444,-1,-1,91.14583333,66.18277156,5.05952381,65.53125,59.72841802,-1,"{'0Normal': {'precision': 0.94, 'recall': 0.9306930693069307, 'f1-score': 0.9353233830845772, 'support': 202.0}, 'BruteForce': {'precision': 0.0, 'recall': 0.0, 'f1-score': 0.0, 'support': 1.0}, 'DDoS': {'precision': 0.895, 'recall': 0.5966666666666667, 'f1-score': 0.716, 'support': 300.0}, 'DoS': {'precision': 0.955, 'recall': 0.9947916666666666, 'f1-score': 0.9744897959183673, 'support': 192.0}, 'MITM': {'precision': 0.84, 'recall': 0.8, 'f1-score': 0.8195121951219512, 'support': 210.0}, 'Malware': {'precision': 0.0975, 'recall': 1.0, 'f1-score': 0.17767653758542143, 'support': 39.0}, 'Scan': {'precision': 0.655, 'recall': 0.26899383983572894, 'f1-score': 0.38136826783114985, 'support': 487.0}, 'WebAttack': {'precision': 0.86, 'recall': 0.7034764826175869, 'f1-score': 0.7739032620922385, 'support': 489.0}, 'accuracy': 0.6458333333333334, 'macro avg': {'precision': 0.6553125, 'recall': 0.6618277156366974, 'f1-score': 0.5972841802042131, 'support': 1920.0}, 'weighted avg': {'precision': 0.8132643229166667, 'recall': 0.6458333333333334, 'f1-score': 0.694806954030066, 'support': 1920.0}}","[[188   0   0   6   4   1   2   1]
 [  0   0   1   0   0   0   0   0]
 [  3  15 179   0   8  11  65  19]
 [  0   0   0 191   0   0   1   0]
 [  6   0   0   3 168   1   0  32]
 [  0   0   0   0   0  39   0   0]
 [  2   8   5   0   4 333 131   4]
 [  1  97  15   0  16  15   1 344]]",0.527990818,0.058846474
87,ToN_IoT,0,None,QuantileTransformer,LDA,0.61285801,-1,-1,91.4453125,63.08333333,4.888392857,71.42370794,61.07335594,-1,"{'0Normal': {'precision': 0.896551724137931, 'recall': 0.78, 'f1-score': 0.8342245989304813, 'support': 200.0}, 'BruteForce': {'precision': 0.6153846153846154, 'recall': 0.06666666666666667, 'f1-score': 0.12030075187969924, 'support': 120.0}, 'DDoS': {'precision': 0.5636942675159236, 'recall': 0.885, 'f1-score': 0.688715953307393, 'support': 200.0}, 'DoS': {'precision': 1.0, 'recall': 0.505, 'f1-score': 0.6710963455149502, 'support': 200.0}, 'MITM': {'precision': 0.6578947368421053, 'recall': 0.625, 'f1-score': 0.6410256410256411, 'support': 200.0}, 'Malware': {'precision': 0.9009433962264151, 'recall': 0.4775, 'f1-score': 0.6241830065359476, 'support': 400.0}, 'Scan': {'precision': 0.43950617283950616, 'recall': 0.89, 'f1-score': 0.5884297520661157, 'support': 200.0}, 'WebAttack': {'precision': 0.639921722113503, 'recall': 0.8175, 'f1-score': 0.7178924259055983, 'support': 400.0}, 'accuracy': 0.6578125, 'macro avg': {'precision': 0.7142370793824999, 'recall': 0.6308333333333334, 'f1-score': 0.6107335593957284, 'support': 1920.0}, 'weighted avg': {'precision': 0.7300633236714658, 'recall': 0.6578125, 'f1-score': 0.6437316257141139, 'support': 1920.0}}","[[156   0   6   0   5   4   6  23]
 [  1   8  21   0   0   0   0  90]
 [  2   1 177   0   2   5   1  12]
 [  6   0   1 101   3   0  89   0]
 [  8   2   6   0 125   0   2  57]
 [  1   0  79   0   0 191 129   0]
 [  0   2   7   0   0  11 178   2]
 [  0   0  17   0  55   1   0 327]]",0.003601074,0.000446081
255,ToN_IoT,0,None,StandardScaler,KNN,0.611200322,-1,-1,91.3671875,68.28125,4.933035714,65.99460788,65.48571528,-1,"{'0Normal': {'precision': 0.7037037037037037, 'recall': 0.95, 'f1-score': 0.8085106382978724, 'support': 200.0}, 'BruteForce': {'precision': 0.1935483870967742, 'recall': 0.45, 'f1-score': 0.2706766917293233, 'support': 120.0}, 'DDoS': {'precision': 0.6887966804979253, 'recall': 0.83, 'f1-score': 0.7528344671201814, 'support': 200.0}, 'DoS': {'precision': 0.9317073170731708, 'recall': 0.955, 'f1-score': 0.9432098765432099, 'support': 200.0}, 'MITM': {'precision': 0.7348837209302326, 'recall': 0.79, 'f1-score': 0.7614457831325302, 'support': 200.0}, 'Malware': {'precision': 0.810126582278481, 'recall': 0.64, 'f1-score': 0.7150837988826816, 'support': 400.0}, 'Scan': {'precision': 0.5606936416184971, 'recall': 0.485, 'f1-score': 0.5201072386058982, 'support': 200.0}, 'WebAttack': {'precision': 0.6561085972850679, 'recall': 0.3625, 'f1-score': 0.4669887278582931, 'support': 400.0}, 'accuracy': 0.6546875, 'macro avg': {'precision': 0.6599460788104816, 'recall': 0.6828124999999999, 'f1-score': 0.6548571527712488, 'support': 1920.0}, 'weighted avg': {'precision': 0.6946233807509054, 'recall': 0.6546875, 'f1-score': 0.6575686533561703, 'support': 1920.0}}","[[190   2   1   0   4   1   1   1]
 [  5  54  14   0   0   4   2  41]
 [  2   2 166   0  11   3   2  14]
 [  8   0   0 191   1   0   0   0]
 [ 22   0   4   5 158   0   0  11]
 [  3  62   0   0   2 256  71   6]
 [ 20  11  13   2   4  50  97   3]
 [ 20 148  43   7  35   2   0 145]]",0.000649691,0.003602982
303,ToN_IoT,3,None,MinMaxScaler,LDA,0.607766741,-1,-1,91.35416667,67.36458333,4.94047619,67.64650447,64.27392721,-1,"{'0Normal': {'precision': 0.8928571428571429, 'recall': 0.875, 'f1-score': 0.8838383838383839, 'support': 200.0}, 'BruteForce': {'precision': 0.3108108108108108, 'recall': 0.7666666666666667, 'f1-score': 0.4423076923076923, 'support': 120.0}, 'DDoS': {'precision': 0.6947791164658634, 'recall': 0.865, 'f1-score': 0.7706013363028953, 'support': 200.0}, 'DoS': {'precision': 0.749034749034749, 'recall': 0.97, 'f1-score': 0.8453159041394335, 'support': 200.0}, 'MITM': {'precision': 0.9146341463414634, 'recall': 0.375, 'f1-score': 0.5319148936170214, 'support': 200.0}, 'Malware': {'precision': 0.713903743315508, 'recall': 0.6675, 'f1-score': 0.689922480620155, 'support': 400.0}, 'Scan': {'precision': 0.35051546391752575, 'recall': 0.34, 'f1-score': 0.3451776649746193, 'support': 200.0}, 'WebAttack': {'precision': 0.7851851851851852, 'recall': 0.53, 'f1-score': 0.6328358208955224, 'support': 400.0}, 'accuracy': 0.6541666666666667, 'macro avg': {'precision': 0.6764650447410311, 'recall': 0.6736458333333333, 'f1-score': 0.6427392720869654, 'support': 1920.0}, 'weighted avg': {'precision': 0.7069255168858977, 'recall': 0.6541666666666667, 'f1-score': 0.6549738959675337, 'support': 1920.0}}","[[175   4   3   9   4   3   0   2]
 [  0  92   9   0   0   8   0  11]
 [  1   3 173   0   1   6   0  16]
 [  3   0   0 194   0   3   0   0]
 [ 15  19   6  54  75   5   0  26]
 [  1   0   4   0   1 267 126   1]
 [  0   1  51   1   0  77  68   2]
 [  1 177   3   1   1   5   0 212]]",1.056712389,0.011178493
37,ToN_IoT,3,None,QuantileTransformer,SGD,0.60736787,-1,-1,91.171875,61.40625,5.044642857,50.079921,52.30129457,-1,"{'0Normal': {'precision': 0.4972375690607735, 'recall': 0.9, 'f1-score': 0.6405693950177936, 'support': 200.0}, 'BruteForce': {'precision': 0.0, 'recall': 0.0, 'f1-score': 0.0, 'support': 120.0}, 'DDoS': {'precision': 0.5263157894736842, 'recall': 0.85, 'f1-score': 0.6500956022944551, 'support': 200.0}, 'DoS': {'precision': 0.5403899721448467, 'recall': 0.97, 'f1-score': 0.6940966010733451, 'support': 200.0}, 'MITM': {'precision': 0.7458333333333333, 'recall': 0.895, 'f1-score': 0.8136363636363636, 'support': 200.0}, 'Malware': {'precision': 0.9176470588235294, 'recall': 0.39, 'f1-score': 0.5473684210526316, 'support': 400.0}, 'Scan': {'precision': 0.0, 'recall': 0.0, 'f1-score': 0.0, 'support': 200.0}, 'WebAttack': {'precision': 0.778969957081545, 'recall': 0.9075, 'f1-score': 0.838337182448037, 'support': 400.0}, 'accuracy': 0.646875, 'macro avg': {'precision': 0.5007992099897141, 'recall': 0.6140625, 'f1-score': 0.5230129456903283, 'support': 1920.0}, 'weighted avg': {'precision': 0.594063614148207, 'recall': 0.646875, 'f1-score': 0.5801884551065932, 'support': 1920.0}}","[[180   0   2   6   8   0   0   4]
 [  7   0  17   0  18   0   0  78]
 [  3   0 170   7  12   4   0   4]
 [  6   0   0 194   0   0   0   0]
 [  2   0   3   1 179   0   0  15]
 [ 20   0 107 117   0 156   0   0]
 [144   0  10  34   0  10   0   2]
 [  0   0  14   0  23   0   0 363]]",1.106278181,0.003484488
302,ToN_IoT,3,None,MinMaxScaler,KNN,0.605918165,-1,-1,91.19791667,67.16666667,5.029761905,66.5404044,62.9407518,-1,"{'0Normal': {'precision': 0.6089743589743589, 'recall': 0.95, 'f1-score': 0.7421875, 'support': 200.0}, 'BruteForce': {'precision': 0.24390243902439024, 'recall': 0.5833333333333334, 'f1-score': 0.34398034398034394, 'support': 120.0}, 'DDoS': {'precision': 0.5933333333333334, 'recall': 0.89, 'f1-score': 0.712, 'support': 200.0}, 'DoS': {'precision': 0.8648648648648649, 'recall': 0.96, 'f1-score': 0.9099526066350712, 'support': 200.0}, 'MITM': {'precision': 0.8121212121212121, 'recall': 0.67, 'f1-score': 0.7342465753424657, 'support': 200.0}, 'Malware': {'precision': 0.8262108262108262, 'recall': 0.725, 'f1-score': 0.7723035952063915, 'support': 400.0}, 'Scan': {'precision': 0.7164179104477612, 'recall': 0.24, 'f1-score': 0.3595505617977528, 'support': 200.0}, 'WebAttack': {'precision': 0.6574074074074074, 'recall': 0.355, 'f1-score': 0.461038961038961, 'support': 400.0}, 'accuracy': 0.6479166666666667, 'macro avg': {'precision': 0.6654040440480193, 'recall': 0.6716666666666666, 'f1-score': 0.6294075180001233, 'support': 1920.0}, 'weighted avg': {'precision': 0.6988843344158991, 'recall': 0.6479166666666667, 'f1-score': 0.6386469336098126, 'support': 1920.0}}","[[190   0   2   2   3   0   0   3]
 [  0  70  23   0   4   1   1  21]
 [  1   1 178   0   3   5   0  12]
 [  8   0   0 192   0   0   0   0]
 [ 22   2   4  24 134   0   2  12]
 [ 29  39   4   0   1 290  16  21]
 [ 25  15  48   2   2  55  48   5]
 [ 37 160  41   2  18   0   0 142]]",0.00611639,0.089584112
351,ToN_IoT,2,None,MinMaxScaler,KNN,0.600576652,-1,-1,90.88541667,68.27083333,5.208333333,69.34615541,63.50251419,-1,"{'0Normal': {'precision': 0.46634615384615385, 'recall': 0.97, 'f1-score': 0.6298701298701298, 'support': 200.0}, 'BruteForce': {'precision': 0.2572347266881029, 'recall': 0.6666666666666666, 'f1-score': 0.37122969837587005, 'support': 120.0}, 'DDoS': {'precision': 0.7184873949579832, 'recall': 0.855, 'f1-score': 0.7808219178082191, 'support': 200.0}, 'DoS': {'precision': 0.9455445544554455, 'recall': 0.955, 'f1-score': 0.9502487562189055, 'support': 200.0}, 'MITM': {'precision': 0.7038834951456311, 'recall': 0.725, 'f1-score': 0.7142857142857142, 'support': 200.0}, 'Malware': {'precision': 0.806060606060606, 'recall': 0.665, 'f1-score': 0.7287671232876712, 'support': 400.0}, 'Scan': {'precision': 0.9390243902439024, 'recall': 0.385, 'f1-score': 0.5460992907801419, 'support': 200.0}, 'WebAttack': {'precision': 0.7111111111111111, 'recall': 0.24, 'f1-score': 0.35887850467289717, 'support': 400.0}, 'accuracy': 0.6354166666666666, 'macro avg': {'precision': 0.6934615540636171, 'recall': 0.6827083333333334, 'f1-score': 0.6350251419124436, 'support': 1920.0}, 'weighted avg': {'precision': 0.7252052353130637, 'recall': 0.6354166666666666, 'f1-score': 0.627016133740601, 'support': 1920.0}}","[[194   0   2   0   3   0   0   1]
 [  5  80   4   0   2   8   2  19]
 [  4   2 171   0  15   6   0   2]
 [  9   0   0 191   0   0   0   0]
 [ 32   5   3   7 145   0   1   7]
 [114  10   6   0   1 266   1   2]
 [ 26   4  32   2   3  48  77   8]
 [ 32 210  20   2  37   2   1  96]]",0.000446796,0.007204056
331,ToN_IoT,3,None,MinMaxScaler,LDA,0.600268049,-1,-1,90.53385417,68.23958333,5.40922619,74.49976207,64.76286434,-1,"{'0Normal': {'precision': 0.9289340101522843, 'recall': 0.915, 'f1-score': 0.9219143576826196, 'support': 200.0}, 'BruteForce': {'precision': 0.21288014311270126, 'recall': 0.9916666666666667, 'f1-score': 0.3505154639175258, 'support': 120.0}, 'DDoS': {'precision': 0.8518518518518519, 'recall': 0.69, 'f1-score': 0.7624309392265193, 'support': 200.0}, 'DoS': {'precision': 0.751937984496124, 'recall': 0.97, 'f1-score': 0.8471615720524017, 'support': 200.0}, 'MITM': {'precision': 0.9494949494949495, 'recall': 0.47, 'f1-score': 0.62876254180602, 'support': 200.0}, 'Malware': {'precision': 0.94, 'recall': 0.47, 'f1-score': 0.6266666666666667, 'support': 400.0}, 'Scan': {'precision': 0.4046692607003891, 'recall': 0.52, 'f1-score': 0.4551422319474836, 'support': 200.0}, 'WebAttack': {'precision': 0.9202127659574468, 'recall': 0.4325, 'f1-score': 0.58843537414966, 'support': 400.0}, 'accuracy': 0.6213541666666667, 'macro avg': {'precision': 0.7449976207207183, 'recall': 0.6823958333333333, 'f1-score': 0.647628643431112, 'support': 1920.0}, 'weighted avg': {'precision': 0.8057335077581367, 'recall': 0.6213541666666667, 'f1-score': 0.6516588544477305, 'support': 1920.0}}","[[183   6   1   4   3   1   2   0]
 [  0 119   0   0   0   1   0   0]
 [  0  55 138   1   0   1   5   0]
 [  3   0   3 194   0   0   0   0]
 [  8  28   4  53  94   0   0  13]
 [  1  59   2   3   1 188 145   1]
 [  0  86   0   1   0   8 104   1]
 [  2 206  14   2   1   1   1 173]]",0.272243023,0.002770185
352,ToN_IoT,2,None,MinMaxScaler,LDA,0.594886565,-1,-1,90.625,66.86458333,5.357142857,71.77583577,64.25030548,-1,"{'0Normal': {'precision': 0.9175257731958762, 'recall': 0.89, 'f1-score': 0.9035532994923858, 'support': 200.0}, 'BruteForce': {'precision': 0.218568665377176, 'recall': 0.9416666666666667, 'f1-score': 0.35478806907378335, 'support': 120.0}, 'DDoS': {'precision': 0.8292682926829268, 'recall': 0.68, 'f1-score': 0.7472527472527474, 'support': 200.0}, 'DoS': {'precision': 0.7950819672131147, 'recall': 0.97, 'f1-score': 0.8738738738738738, 'support': 200.0}, 'MITM': {'precision': 0.9345794392523364, 'recall': 0.5, 'f1-score': 0.6514657980456026, 'support': 200.0}, 'Malware': {'precision': 0.8142857142857143, 'recall': 0.57, 'f1-score': 0.6705882352941175, 'support': 400.0}, 'Scan': {'precision': 0.3177570093457944, 'recall': 0.34, 'f1-score': 0.3285024154589372, 'support': 200.0}, 'WebAttack': {'precision': 0.915, 'recall': 0.4575, 'f1-score': 0.6100000000000001, 'support': 400.0}, 'accuracy': 0.625, 'macro avg': {'precision': 0.7177583576691173, 'recall': 0.6686458333333333, 'f1-score': 0.642503054811431, 'support': 1920.0}, 'weighted avg': {'precision': 0.769158865571644, 'recall': 0.625, 'f1-score': 0.6540309839745888, 'support': 1920.0}}","[[178  10   2   1   5   2   1   1]
 [  0 113   0   0   0   7   0   0]
 [  1  56 136   0   0   7   0   0]
 [  6   0   0 194   0   0   0   0]
 [  7  21  11  45 100   3   0  13]
 [  1  22   2   0   1 228 145   1]
 [  1  97   1   2   0  29  68   2]
 [  0 198  12   2   1   4   0 183]]",0.010723352,0.000586987
317,ToN_IoT,3,None,MinMaxScaler,LDA,0.591254739,-1,-1,90.3125,68.625,5.535714286,75.35036572,65.07103824,-1,"{'0Normal': {'precision': 0.8755980861244019, 'recall': 0.915, 'f1-score': 0.8948655256723717, 'support': 200.0}, 'BruteForce': {'precision': 0.22289156626506024, 'recall': 0.925, 'f1-score': 0.3592233009708738, 'support': 120.0}, 'DDoS': {'precision': 0.8805031446540881, 'recall': 0.7, 'f1-score': 0.7799442896935933, 'support': 200.0}, 'DoS': {'precision': 0.9018691588785047, 'recall': 0.965, 'f1-score': 0.932367149758454, 'support': 200.0}, 'MITM': {'precision': 0.9389312977099237, 'recall': 0.615, 'f1-score': 0.7432024169184289, 'support': 200.0}, 'Malware': {'precision': 0.9640287769784173, 'recall': 0.335, 'f1-score': 0.4972170686456401, 'support': 400.0}, 'Scan': {'precision': 0.3152454780361757, 'recall': 0.61, 'f1-score': 0.41567291311754684, 'support': 200.0}, 'WebAttack': {'precision': 0.9289617486338798, 'recall': 0.425, 'f1-score': 0.5831903945111492, 'support': 400.0}, 'accuracy': 0.6125, 'macro avg': {'precision': 0.7535036571600564, 'recall': 0.68625, 'f1-score': 0.6507103824110072, 'support': 1920.0}, 'weighted avg': {'precision': 0.8158190787902838, 'recall': 0.6125, 'f1-score': 0.6398334585475518, 'support': 1920.0}}","[[183   6   1   1   5   1   2   1]
 [  0 111   0   0   0   1   8   0]
 [  0  52 140   1   0   1   6   0]
 [  3   0   3 193   1   0   0   0]
 [ 17  24   6  18 123   0   3   9]
 [  1  18   2   0   1 134 243   1]
 [  0  73   0   1   0   2 122   2]
 [  5 214   7   0   1   0   3 170]]",0.390875101,0.00319314
310,ToN_IoT,3,None,MinMaxScaler,LDA,0.589758939,-1,-1,90.32552083,68,5.52827381,74.6883913,64.70746997,-1,"{'0Normal': {'precision': 0.9333333333333333, 'recall': 0.91, 'f1-score': 0.9215189873417723, 'support': 200.0}, 'BruteForce': {'precision': 0.2261904761904762, 'recall': 0.95, 'f1-score': 0.36538461538461536, 'support': 120.0}, 'DDoS': {'precision': 0.9261744966442953, 'recall': 0.69, 'f1-score': 0.7908309455587391, 'support': 200.0}, 'DoS': {'precision': 0.8109243697478992, 'recall': 0.965, 'f1-score': 0.8812785388127853, 'support': 200.0}, 'MITM': {'precision': 0.888, 'recall': 0.555, 'f1-score': 0.6830769230769231, 'support': 200.0}, 'Malware': {'precision': 0.948051948051948, 'recall': 0.365, 'f1-score': 0.5270758122743683, 'support': 400.0}, 'Scan': {'precision': 0.30362116991643456, 'recall': 0.545, 'f1-score': 0.3899821109123435, 'support': 200.0}, 'WebAttack': {'precision': 0.9387755102040817, 'recall': 0.46, 'f1-score': 0.6174496644295302, 'support': 400.0}, 'accuracy': 0.6130208333333333, 'macro avg': {'precision': 0.7468839130110585, 'recall': 0.6799999999999999, 'f1-score': 0.6470746997238846, 'support': 1920.0}, 'weighted avg': {'precision': 0.8095231845696154, 'recall': 0.6130208333333333, 'f1-score': 0.6432259612855343, 'support': 1920.0}}","[[182   7   2   1   6   0   2   0]
 [  0 114   0   0   0   0   6   0]
 [  1  54 138   1   0   1   5   0]
 [  3   0   0 193   1   0   3   0]
 [  8  28   3  40 111   0   1   9]
 [  1  18   2   0   1 146 231   1]
 [  0  81   0   1   0   7 109   2]
 [  0 202   4   2   6   0   2 184]]",0.567124367,0.003288269
190,ToN_IoT,2,None,StandardScaler,KNN,0.589649276,-1,-1,90.71614583,66.17708333,5.305059524,66.77222774,60.85739642,-1,"{'0Normal': {'precision': 0.6678700361010831, 'recall': 0.925, 'f1-score': 0.7756813417190778, 'support': 200.0}, 'BruteForce': {'precision': 0.2620320855614973, 'recall': 0.8166666666666667, 'f1-score': 0.3967611336032389, 'support': 120.0}, 'DDoS': {'precision': 0.6101083032490975, 'recall': 0.845, 'f1-score': 0.7085953878406709, 'support': 200.0}, 'DoS': {'precision': 0.6655172413793103, 'recall': 0.965, 'f1-score': 0.7877551020408163, 'support': 200.0}, 'MITM': {'precision': 0.7764705882352941, 'recall': 0.33, 'f1-score': 0.4631578947368421, 'support': 200.0}, 'Malware': {'precision': 0.9003115264797508, 'recall': 0.7225, 'f1-score': 0.8016643550624133, 'support': 400.0}, 'Scan': {'precision': 0.8023255813953488, 'recall': 0.345, 'f1-score': 0.48251748251748255, 'support': 200.0}, 'WebAttack': {'precision': 0.6571428571428571, 'recall': 0.345, 'f1-score': 0.45245901639344255, 'support': 400.0}, 'accuracy': 0.6286458333333333, 'macro avg': {'precision': 0.6677222774430299, 'recall': 0.6617708333333333, 'f1-score': 0.608573964239248, 'support': 1920.0}, 'weighted avg': {'precision': 0.7077520592648175, 'recall': 0.6286458333333333, 'f1-score': 0.6212511074925567, 'support': 1920.0}}","[[185   0   2   4   3   1   2   3]
 [  9  98   8   0   0   0   1   4]
 [  3   2 169   0   2   5   0  19]
 [  7   0   0 193   0   0   0   0]
 [ 26   2  18  71  66   0   4  13]
 [  5  50  17   0   2 289   9  28]
 [ 27  14  50   9   2  24  69   5]
 [ 15 208  13  13  10   2   1 138]]",0.000635624,0.006518126
380,ToN_IoT,0,None,MinMaxScaler,KNN,0.588926556,-1,-1,90.69010417,65.85416667,5.319940476,66.94461557,61.68831929,-1,"{'0Normal': {'precision': 0.4948186528497409, 'recall': 0.955, 'f1-score': 0.651877133105802, 'support': 200.0}, 'BruteForce': {'precision': 0.20748299319727892, 'recall': 0.5083333333333333, 'f1-score': 0.2946859903381642, 'support': 120.0}, 'DDoS': {'precision': 0.6653696498054474, 'recall': 0.855, 'f1-score': 0.7483588621444202, 'support': 200.0}, 'DoS': {'precision': 0.9056603773584906, 'recall': 0.96, 'f1-score': 0.9320388349514563, 'support': 200.0}, 'MITM': {'precision': 0.5991379310344828, 'recall': 0.695, 'f1-score': 0.6435185185185185, 'support': 200.0}, 'Malware': {'precision': 0.9285714285714286, 'recall': 0.6825, 'f1-score': 0.7867435158501441, 'support': 400.0}, 'Scan': {'precision': 0.9054054054054054, 'recall': 0.335, 'f1-score': 0.4890510948905109, 'support': 200.0}, 'WebAttack': {'precision': 0.6491228070175439, 'recall': 0.2775, 'f1-score': 0.3887915936952715, 'support': 400.0}, 'accuracy': 0.6276041666666666, 'macro avg': {'precision': 0.6694461556549773, 'recall': 0.6585416666666667, 'f1-score': 0.616883192936786, 'support': 1920.0}, 'weighted avg': {'precision': 0.7135698212031124, 'recall': 0.6276041666666666, 'f1-score': 0.6242423184275456, 'support': 1920.0}}","[[191   0   3   1   4   1   0   0]
 [  6  61   5   0  20   0   0  28]
 [ 16   1 171   0   8   3   1   0]
 [  8   0   0 192   0   0   0   0]
 [ 32   2   4   5 139   0   1  17]
 [ 68  33   9   0   2 273   5  10]
 [ 40  15  52   2   5  14  67   5]
 [ 25 182  13  12  54   3   0 111]]",0.000457764,0.002588511
316,ToN_IoT,3,None,MinMaxScaler,KNN,0.588886983,-1,-1,90.76822917,65.65625,5.275297619,67.21697378,62.44193314,-1,"{'0Normal': {'precision': 0.5464788732394367, 'recall': 0.97, 'f1-score': 0.6990990990990992, 'support': 200.0}, 'BruteForce': {'precision': 0.18947368421052632, 'recall': 0.45, 'f1-score': 0.26666666666666666, 'support': 120.0}, 'DDoS': {'precision': 0.5451505016722408, 'recall': 0.815, 'f1-score': 0.6533066132264529, 'support': 200.0}, 'DoS': {'precision': 0.9408866995073891, 'recall': 0.955, 'f1-score': 0.9478908188585607, 'support': 200.0}, 'MITM': {'precision': 0.7614213197969543, 'recall': 0.75, 'f1-score': 0.7556675062972293, 'support': 200.0}, 'Malware': {'precision': 0.8876811594202898, 'recall': 0.6125, 'f1-score': 0.7248520710059171, 'support': 400.0}, 'Scan': {'precision': 0.8571428571428571, 'recall': 0.33, 'f1-score': 0.4765342960288809, 'support': 200.0}, 'WebAttack': {'precision': 0.6491228070175439, 'recall': 0.37, 'f1-score': 0.47133757961783446, 'support': 400.0}, 'accuracy': 0.6307291666666667, 'macro avg': {'precision': 0.6721697377509047, 'recall': 0.6565624999999999, 'f1-score': 0.6244193313500801, 'support': 1920.0}, 'weighted avg': {'precision': 0.7123304577875896, 'recall': 0.6307291666666667, 'f1-score': 0.6338414202872631, 'support': 1920.0}}","[[194   2   0   0   3   0   0   1]
 [  9  54  20   0   0   4   2  31]
 [ 18   2 163   0   9   8   0   0]
 [  9   0   0 191   0   0   0   0]
 [ 25   6   5   3 150   0   1  10]
 [ 22  85   8   0   3 245   7  30]
 [ 52   9  43   2   3  17  66   8]
 [ 26 127  60   7  29   2   1 148]]",0.002175808,0.03241396
217,ToN_IoT,2,linear,StandardScaler,HHHv2,0.585470638,-1,-1,90.6640625,65.48627179,5.334821429,62.5625,60.63319268,-1,"{'0Normal': {'precision': 0.92, 'recall': 0.9154228855721394, 'f1-score': 0.9177057356608479, 'support': 201.0}, 'BruteForce': {'precision': 0.175, 'recall': 0.35, 'f1-score': 0.23333333333333334, 'support': 60.0}, 'DDoS': {'precision': 0.96, 'recall': 0.35359116022099446, 'f1-score': 0.5168236877523553, 'support': 543.0}, 'DoS': {'precision': 0.965, 'recall': 0.7942386831275721, 'f1-score': 0.8713318284424378, 'support': 243.0}, 'MITM': {'precision': 0.555, 'recall': 0.8473282442748091, 'f1-score': 0.6706948640483384, 'support': 131.0}, 'Malware': {'precision': 0.5475, 'recall': 0.7821428571428571, 'f1-score': 0.6441176470588235, 'support': 280.0}, 'Scan': {'precision': 0.35, 'recall': 0.319634703196347, 'f1-score': 0.33412887828162285, 'support': 219.0}, 'WebAttack': {'precision': 0.5325, 'recall': 0.8765432098765432, 'f1-score': 0.6625194401244168, 'support': 243.0}, 'accuracy': 0.6265625, 'macro avg': {'precision': 0.6256249999999999, 'recall': 0.6548627179264078, 'f1-score': 0.606331926837772, 'support': 1920.0}, 'weighted avg': {'precision': 0.72044140625, 'recall': 0.6265625, 'f1-score': 0.6214625866091581, 'support': 1920.0}}","[[184   0   0   6   6   1   4   0]
 [  0  21   0   0   9   0   0  30]
 [  4  91 192   0  12  20  86 138]
 [  4   0   1 193  42   0   2   1]
 [  4   0   0   1 111   1   0  14]
 [  2   8   5   0   6 219  36   4]
 [  0   0   1   0   1 147  70   0]
 [  2   0   1   0  13  12   2 213]]",0.172756195,0.010418653
345,ToN_IoT,2,None,MinMaxScaler,LDA,0.585244204,-1,-1,90.390625,66.16666667,5.491071429,71.56906505,63.59831809,-1,"{'0Normal': {'precision': 0.9319371727748691, 'recall': 0.89, 'f1-score': 0.9104859335038362, 'support': 200.0}, 'BruteForce': {'precision': 0.21333333333333335, 'recall': 0.9333333333333333, 'f1-score': 0.34728682170542635, 'support': 120.0}, 'DDoS': {'precision': 0.8313253012048193, 'recall': 0.69, 'f1-score': 0.7540983606557377, 'support': 200.0}, 'DoS': {'precision': 0.7950819672131147, 'recall': 0.97, 'f1-score': 0.8738738738738738, 'support': 200.0}, 'MITM': {'precision': 0.94, 'recall': 0.47, 'f1-score': 0.6266666666666667, 'support': 200.0}, 'Malware': {'precision': 0.8022388059701493, 'recall': 0.5375, 'f1-score': 0.6437125748502993, 'support': 400.0}, 'Scan': {'precision': 0.3111111111111111, 'recall': 0.35, 'f1-score': 0.32941176470588235, 'support': 200.0}, 'WebAttack': {'precision': 0.900497512437811, 'recall': 0.4525, 'f1-score': 0.6023294509151413, 'support': 400.0}, 'accuracy': 0.615625, 'macro avg': {'precision': 0.7156906505056511, 'recall': 0.6616666666666666, 'f1-score': 0.6359831808596079, 'support': 1920.0}, 'weighted avg': {'precision': 0.764888353033316, 'recall': 0.615625, 'f1-score': 0.6453117441625139, 'support': 1920.0}}","[[178  11   2   2   5   2   0   0]
 [  0 112   0   0   0   8   0   0]
 [  1  54 138   0   0   6   0   1]
 [  6   0   0 194   0   0   0   0]
 [  5  24  13  46  94   4   0  14]
 [  1  25   2   0   1 215 155   1]
 [  0  96   0   1   0  29  70   4]
 [  0 203  11   1   0   4   0 181]]",0.011720419,0.000582218
366,ToN_IoT,2,None,MinMaxScaler,LDA,0.583152748,-1,-1,90.22135417,66.09375,5.587797619,71.94385825,63.16432059,-1,"{'0Normal': {'precision': 0.9322916666666666, 'recall': 0.895, 'f1-score': 0.913265306122449, 'support': 200.0}, 'BruteForce': {'precision': 0.20781527531083482, 'recall': 0.975, 'f1-score': 0.34260614934114203, 'support': 120.0}, 'DDoS': {'precision': 0.8143712574850299, 'recall': 0.68, 'f1-score': 0.7411444141689375, 'support': 200.0}, 'DoS': {'precision': 0.7886178861788617, 'recall': 0.97, 'f1-score': 0.8699551569506726, 'support': 200.0}, 'MITM': {'precision': 0.9134615384615384, 'recall': 0.475, 'f1-score': 0.625, 'support': 200.0}, 'Malware': {'precision': 0.8697478991596639, 'recall': 0.5175, 'f1-score': 0.6489028213166144, 'support': 400.0}, 'Scan': {'precision': 0.3094170403587444, 'recall': 0.345, 'f1-score': 0.326241134751773, 'support': 200.0}, 'WebAttack': {'precision': 0.9197860962566845, 'recall': 0.43, 'f1-score': 0.58603066439523, 'support': 400.0}, 'accuracy': 0.6088541666666667, 'macro avg': {'precision': 0.719438582484753, 'recall': 0.6609375, 'f1-score': 0.6316432058808523, 'support': 1920.0}, 'weighted avg': {'precision': 0.7772829734552124, 'recall': 0.6088541666666667, 'f1-score': 0.6407329867731465, 'support': 1920.0}}","[[179  10   2   2   5   2   0   0]
 [  0 117   0   0   0   3   0   0]
 [  1  57 136   0   1   5   0   0]
 [  6   0   0 194   0   0   0   0]
 [  5  27  12  47  95   1   1  12]
 [  1  35   2   0   1 207 153   1]
 [  0 109   0   2   0  18  69   2]
 [  0 208  15   1   2   2   0 172]]",0.028271914,0.005242825
105,ToN_IoT,0,None,QuantileTransformer,NuSVC,0.581700255,-1,-1,90.59895833,66,5.37202381,63.4275979,60.62542621,-1,"{'0Normal': {'precision': 0.9186991869918699, 'recall': 0.565, 'f1-score': 0.6996904024767802, 'support': 200.0}, 'BruteForce': {'precision': 0.3193548387096774, 'recall': 0.825, 'f1-score': 0.4604651162790697, 'support': 120.0}, 'DDoS': {'precision': 0.7431192660550459, 'recall': 0.81, 'f1-score': 0.7751196172248804, 'support': 200.0}, 'DoS': {'precision': 0.5739644970414202, 'recall': 0.97, 'f1-score': 0.721189591078067, 'support': 200.0}, 'MITM': {'precision': 0.36752136752136755, 'recall': 0.215, 'f1-score': 0.27129337539432175, 'support': 200.0}, 'Malware': {'precision': 0.8993506493506493, 'recall': 0.6925, 'f1-score': 0.7824858757062148, 'support': 400.0}, 'Scan': {'precision': 0.5606557377049181, 'recall': 0.855, 'f1-score': 0.6772277227722772, 'support': 200.0}, 'WebAttack': {'precision': 0.6915422885572139, 'recall': 0.3475, 'f1-score': 0.4625623960066555, 'support': 400.0}, 'accuracy': 0.6239583333333333, 'macro avg': {'precision': 0.6342759789915202, 'recall': 0.6599999999999999, 'f1-score': 0.6062542621172833, 'support': 1920.0}, 'weighted avg': {'precision': 0.680974878578766, 'recall': 0.6239583333333333, 'f1-score': 0.6157183668895322, 'support': 1920.0}}","[[113   2   6   4  59   1   2  13]
 [  0  99  12   0   1   7   1   0]
 [  0  19 162   0   1   6   1  11]
 [  0   0   0 194   6   0   0   0]
 [  7  15  13  78  43   1   6  37]
 [  1   0   0   0   4 277 118   0]
 [  1   2   1  10   0  14 171   1]
 [  1 173  24  52   3   2   6 139]]",0.001889706,0.006654263
309,ToN_IoT,3,None,MinMaxScaler,KNN,0.581406564,-1,-1,90.703125,64.66666667,5.3125,66.75658392,62.36946554,-1,"{'0Normal': {'precision': 0.5581395348837209, 'recall': 0.96, 'f1-score': 0.7058823529411763, 'support': 200.0}, 'BruteForce': {'precision': 0.16796875, 'recall': 0.35833333333333334, 'f1-score': 0.22872340425531912, 'support': 120.0}, 'DDoS': {'precision': 0.5642857142857143, 'recall': 0.79, 'f1-score': 0.6583333333333333, 'support': 200.0}, 'DoS': {'precision': 0.9365853658536586, 'recall': 0.96, 'f1-score': 0.9481481481481482, 'support': 200.0}, 'MITM': {'precision': 0.7916666666666666, 'recall': 0.76, 'f1-score': 0.7755102040816326, 'support': 200.0}, 'Malware': {'precision': 0.871244635193133, 'recall': 0.5075, 'f1-score': 0.6413902053712479, 'support': 400.0}, 'Scan': {'precision': 0.8518518518518519, 'recall': 0.345, 'f1-score': 0.49110320284697506, 'support': 200.0}, 'WebAttack': {'precision': 0.5987841945288754, 'recall': 0.4925, 'f1-score': 0.5404663923182442, 'support': 400.0}, 'accuracy': 0.628125, 'macro avg': {'precision': 0.6675658391579526, 'recall': 0.6466666666666667, 'f1-score': 0.6236946554120096, 'support': 1920.0}, 'weighted avg': {'precision': 0.7024341711443364, 'recall': 0.628125, 'f1-score': 0.633325466592025, 'support': 1920.0}}","[[192   2   1   0   3   1   0   1]
 [ 12  43  19   0   0   4   2  40]
 [ 18   1 158   0   9   7   0   7]
 [  8   0   0 192   0   0   0   0]
 [ 26   4   4   5 152   0   2   7]
 [ 19 102   8   0   1 203   7  60]
 [ 46   9  39   2   3  15  69  17]
 [ 23  95  51   6  24   3   1 197]]",0.001947641,0.047787428
375,ToN_IoT,0,None,MinMaxScaler,LGBM,0.58057339,-1,-1,90.78125,66.30208333,5.267857143,63.45607458,62.49269944,-1,"{'0Normal': {'precision': 0.6515151515151515, 'recall': 0.43, 'f1-score': 0.5180722891566265, 'support': 200.0}, 'BruteForce': {'precision': 0.3971119133574007, 'recall': 0.9166666666666666, 'f1-score': 0.5541561712846348, 'support': 120.0}, 'DDoS': {'precision': 0.5052083333333334, 'recall': 0.485, 'f1-score': 0.49489795918367346, 'support': 200.0}, 'DoS': {'precision': 0.9509803921568627, 'recall': 0.97, 'f1-score': 0.9603960396039604, 'support': 200.0}, 'MITM': {'precision': 0.5352941176470588, 'recall': 0.455, 'f1-score': 0.4918918918918919, 'support': 200.0}, 'Malware': {'precision': 0.9427609427609428, 'recall': 0.7, 'f1-score': 0.8034433285509326, 'support': 400.0}, 'Scan': {'precision': 0.5799373040752351, 'recall': 0.925, 'f1-score': 0.7129094412331406, 'support': 200.0}, 'WebAttack': {'precision': 0.513677811550152, 'recall': 0.4225, 'f1-score': 0.4636488340192044, 'support': 400.0}, 'accuracy': 0.63125, 'macro avg': {'precision': 0.6345607457995172, 'recall': 0.6630208333333334, 'f1-score': 0.624926994365508, 'support': 1920.0}, 'weighted avg': {'precision': 0.6639666620171116, 'recall': 0.63125, 'f1-score': 0.6296714217687863, 'support': 1920.0}}","[[ 86   3  15   5  64   2   4  21]
 [  0 110   0   0   3   0   3   4]
 [ 15  13  97   0   0   5   2  68]
 [  6   0   0 194   0   0   0   0]
 [ 15   8  11   4  91   0   6  65]
 [  0   2   0   0   1 280 117   0]
 [  1   0   2   0   0  10 185   2]
 [  9 141  67   1  11   0   2 169]]",0.234719753,0.009801388
365,ToN_IoT,2,None,MinMaxScaler,KNN,0.57790463,-1,-1,90.5078125,65.28125,5.424107143,64.65083572,61.71628089,-1,"{'0Normal': {'precision': 0.6096774193548387, 'recall': 0.945, 'f1-score': 0.7411764705882351, 'support': 200.0}, 'BruteForce': {'precision': 0.2057142857142857, 'recall': 0.6, 'f1-score': 0.3063829787234042, 'support': 120.0}, 'DDoS': {'precision': 0.6479591836734694, 'recall': 0.635, 'f1-score': 0.6414141414141414, 'support': 200.0}, 'DoS': {'precision': 0.8894009216589862, 'recall': 0.965, 'f1-score': 0.9256594724220625, 'support': 200.0}, 'MITM': {'precision': 0.6085106382978723, 'recall': 0.715, 'f1-score': 0.6574712643678161, 'support': 200.0}, 'Malware': {'precision': 0.861198738170347, 'recall': 0.6825, 'f1-score': 0.7615062761506275, 'support': 400.0}, 'Scan': {'precision': 0.7358490566037735, 'recall': 0.39, 'f1-score': 0.5098039215686275, 'support': 200.0}, 'WebAttack': {'precision': 0.6137566137566137, 'recall': 0.29, 'f1-score': 0.3938879456706281, 'support': 400.0}, 'accuracy': 0.6203125, 'macro avg': {'precision': 0.6465083571537733, 'recall': 0.6528125, 'f1-score': 0.6171628088631929, 'support': 1920.0}, 'weighted avg': {'precision': 0.6838267182157743, 'recall': 0.6203125, 'f1-score': 0.6218899480455663, 'support': 1920.0}}","[[189   2   0   2   4   1   0   2]
 [  4  72  12   0   7   4   2  19]
 [ 29   2 127   0  33   5   1   3]
 [  7   0   0 193   0   0   0   0]
 [ 25   2   3  11 143   0   2  14]
 [  3  74   7   0   2 273  22  19]
 [ 39   6  25   2   2  32  78  16]
 [ 14 192  22   9  44   2   1 116]]",0.001958132,0.007362366
323,ToN_IoT,3,None,MinMaxScaler,KNN,0.574171434,-1,-1,90.46875,64.4375,5.446428571,65.5463534,59.57000141,-1,"{'0Normal': {'precision': 0.5753012048192772, 'recall': 0.955, 'f1-score': 0.7180451127819548, 'support': 200.0}, 'BruteForce': {'precision': 0.22340425531914893, 'recall': 0.525, 'f1-score': 0.3134328358208955, 'support': 120.0}, 'DDoS': {'precision': 0.5269461077844312, 'recall': 0.88, 'f1-score': 0.6591760299625469, 'support': 200.0}, 'DoS': {'precision': 0.9142857142857143, 'recall': 0.96, 'f1-score': 0.9365853658536586, 'support': 200.0}, 'MITM': {'precision': 0.7582417582417582, 'recall': 0.69, 'f1-score': 0.7225130890052356, 'support': 200.0}, 'Malware': {'precision': 0.8753993610223643, 'recall': 0.685, 'f1-score': 0.7685834502103788, 'support': 400.0}, 'Scan': {'precision': 0.8333333333333334, 'recall': 0.15, 'f1-score': 0.2542372881355932, 'support': 200.0}, 'WebAttack': {'precision': 0.5367965367965368, 'recall': 0.31, 'f1-score': 0.393026941362916, 'support': 400.0}, 'accuracy': 0.61875, 'macro avg': {'precision': 0.6554635339503205, 'recall': 0.6443749999999999, 'f1-score': 0.5957000141416474, 'support': 1920.0}, 'weighted avg': {'precision': 0.6840148403431049, 'recall': 0.61875, 'f1-score': 0.6043580594143871, 'support': 1920.0}}","[[191   2   2   1   3   0   0   1]
 [  4  63  26   0   0   4   1  22]
 [  1   3 176   0   3   4   0  13]
 [  8   0   0 192   0   0   0   0]
 [ 35   1   6   6 138   0   4  10]
 [  8  45   9   0   9 274   0  55]
 [ 48  13  68   3   2  30  30   6]
 [ 37 155  47   8  27   1   1 124]]",0.006312132,0.102423191
344,ToN_IoT,2,None,MinMaxScaler,KNN,0.574148123,-1,-1,90.3515625,65.45833333,5.513392857,66.79067952,61.04453732,-1,"{'0Normal': {'precision': 0.4730392156862745, 'recall': 0.965, 'f1-score': 0.6348684210526315, 'support': 200.0}, 'BruteForce': {'precision': 0.2251655629139073, 'recall': 0.5666666666666667, 'f1-score': 0.3222748815165877, 'support': 120.0}, 'DDoS': {'precision': 0.6335877862595419, 'recall': 0.83, 'f1-score': 0.7186147186147186, 'support': 200.0}, 'DoS': {'precision': 0.9142857142857143, 'recall': 0.96, 'f1-score': 0.9365853658536586, 'support': 200.0}, 'MITM': {'precision': 0.711340206185567, 'recall': 0.69, 'f1-score': 0.700507614213198, 'support': 200.0}, 'Malware': {'precision': 0.8231511254019293, 'recall': 0.64, 'f1-score': 0.720112517580872, 'support': 400.0}, 'Scan': {'precision': 0.9577464788732394, 'recall': 0.34, 'f1-score': 0.5018450184501846, 'support': 200.0}, 'WebAttack': {'precision': 0.6049382716049383, 'recall': 0.245, 'f1-score': 0.3487544483985765, 'support': 400.0}, 'accuracy': 0.6140625, 'macro avg': {'precision': 0.6679067951513891, 'recall': 0.6545833333333333, 'f1-score': 0.6104453732100534, 'support': 1920.0}, 'weighted avg': {'precision': 0.6959664096929601, 'recall': 0.6140625, 'f1-score': 0.6066166665680459, 'support': 1920.0}}","[[193   0   1   0   4   0   0   2]
 [  4  68  19   0   3   6   0  20]
 [  4   1 166   0  12   4   1  12]
 [  8   0   0 192   0   0   0   0]
 [ 36   4   4   8 138   0   0  10]
 [100  34   5   0   3 256   1   1]
 [ 36  13  16   2   2  44  68  19]
 [ 27 182  51   8  32   1   1  98]]",0.000457287,0.006878853
358,ToN_IoT,2,None,MinMaxScaler,KNN,0.571434402,-1,-1,90.4296875,62.39583333,5.46875,65.18006607,58.66379514,-1,"{'0Normal': {'precision': 0.592948717948718, 'recall': 0.925, 'f1-score': 0.72265625, 'support': 200.0}, 'BruteForce': {'precision': 0.2125748502994012, 'recall': 0.5916666666666667, 'f1-score': 0.31277533039647576, 'support': 120.0}, 'DDoS': {'precision': 0.49829351535836175, 'recall': 0.73, 'f1-score': 0.592292089249493, 'support': 200.0}, 'DoS': {'precision': 0.8539823008849557, 'recall': 0.965, 'f1-score': 0.9061032863849765, 'support': 200.0}, 'MITM': {'precision': 0.8113207547169812, 'recall': 0.43, 'f1-score': 0.5620915032679739, 'support': 200.0}, 'Malware': {'precision': 0.8876404494382022, 'recall': 0.79, 'f1-score': 0.8359788359788359, 'support': 400.0}, 'Scan': {'precision': 0.7346938775510204, 'recall': 0.18, 'f1-score': 0.2891566265060241, 'support': 200.0}, 'WebAttack': {'precision': 0.6229508196721312, 'recall': 0.38, 'f1-score': 0.47204968944099374, 'support': 400.0}, 'accuracy': 0.6171875, 'macro avg': {'precision': 0.6518006607337214, 'recall': 0.6239583333333333, 'f1-score': 0.5866379514030966, 'support': 1920.0}, 'weighted avg': {'precision': 0.6916631890479527, 'recall': 0.6171875, 'f1-score': 0.612085625467293, 'support': 1920.0}}","[[185   2   3   3   2   2   0   3]
 [  3  71   6   0   0   4   0  36]
 [  5   9 146   0   1   9   0  30]
 [  7   0   0 193   0   0   0   0]
 [ 51   8  12  23  86   0   3  17]
 [  5  51  16   0   1 316   7   4]
 [ 20  15 100   3   0  24  36   2]
 [ 36 178  10   4  16   1   3 152]]",0.000448942,0.004960775
98,ToN_IoT,0,None,QuantileTransformer,SGD,0.569777687,-1,-1,90.10416667,61.25,5.654761905,70.39312214,60.98690462,-1,"{'0Normal': {'precision': 0.8990825688073395, 'recall': 0.49, 'f1-score': 0.634304207119741, 'support': 200.0}, 'BruteForce': {'precision': 0.5602409638554217, 'recall': 0.775, 'f1-score': 0.6503496503496503, 'support': 120.0}, 'DDoS': {'precision': 0.8108108108108109, 'recall': 0.45, 'f1-score': 0.5787781350482315, 'support': 200.0}, 'DoS': {'precision': 0.6538461538461539, 'recall': 0.425, 'f1-score': 0.5151515151515152, 'support': 200.0}, 'MITM': {'precision': 0.6614583333333334, 'recall': 0.635, 'f1-score': 0.6479591836734695, 'support': 200.0}, 'Malware': {'precision': 0.8706896551724138, 'recall': 0.505, 'f1-score': 0.639240506329114, 'support': 400.0}, 'Scan': {'precision': 0.27436281859070466, 'recall': 0.915, 'f1-score': 0.42214532871972327, 'support': 200.0}, 'WebAttack': {'precision': 0.9009584664536742, 'recall': 0.705, 'f1-score': 0.791023842917251, 'support': 400.0}, 'accuracy': 0.6041666666666666, 'macro avg': {'precision': 0.7039312213587315, 'recall': 0.6125, 'f1-score': 0.609869046163587, 'support': 1920.0}, 'weighted avg': {'precision': 0.7478126569743512, 'recall': 0.6041666666666666, 'f1-score': 0.6301121727515835, 'support': 1920.0}}","[[ 98   0   3   3   5   5  73  13]
 [  0  93   0   0   5   8  13   1]
 [  0   3  90   0  14   5  84   4]
 [  2   0   0  85   2   0 111   0]
 [  8  27   6  19 127   1   1  11]
 [  1   0   0   0   0 202 197   0]
 [  0   3   0   1   1  10 183   2]
 [  0  40  12  22  38   1   5 282]]",0.033144712,0.000941277
102,ToN_IoT,0,None,QuantileTransformer,MLP,0.56896612,-1,-1,90.14322917,66.625,5.632440476,66.86408996,61.04606593,-1,"{'0Normal': {'precision': 0.9064327485380117, 'recall': 0.775, 'f1-score': 0.8355795148247979, 'support': 200.0}, 'BruteForce': {'precision': 0.3055555555555556, 'recall': 0.825, 'f1-score': 0.44594594594594594, 'support': 120.0}, 'DDoS': {'precision': 0.8397790055248618, 'recall': 0.76, 'f1-score': 0.7979002624671917, 'support': 200.0}, 'DoS': {'precision': 0.6185897435897436, 'recall': 0.965, 'f1-score': 0.75390625, 'support': 200.0}, 'MITM': {'precision': 0.6951219512195121, 'recall': 0.285, 'f1-score': 0.4042553191489362, 'support': 200.0}, 'Malware': {'precision': 0.9253731343283582, 'recall': 0.465, 'f1-score': 0.6189683860232945, 'support': 400.0}, 'Scan': {'precision': 0.4219114219114219, 'recall': 0.905, 'f1-score': 0.575516693163752, 'support': 200.0}, 'WebAttack': {'precision': 0.6363636363636364, 'recall': 0.35, 'f1-score': 0.45161290322580644, 'support': 400.0}, 'accuracy': 0.6057291666666667, 'macro avg': {'precision': 0.6686408996288877, 'recall': 0.66625, 'f1-score': 0.6104606593499656, 'support': 1920.0}, 'weighted avg': {'precision': 0.7071501818230076, 'recall': 0.6057291666666667, 'f1-score': 0.6016550193406716, 'support': 1920.0}}","[[155   8   2   4  10   0   4  17]
 [  0  99  12   0   2   0   7   0]
 [  2  14 152   0   0   4  21   7]
 [  6   0   0 193   1   0   0   0]
 [  6  16   3  61  57   0   1  56]
 [  1   0   0   0   5 186 208   0]
 [  1   4   0   4   0  10 181   0]
 [  0 183  12  50   7   1   7 140]]",0.058757305,0.00121665
224,ToN_IoT,2,sigmoid,StandardScaler,HHHv2,0.567299048,-1,-1,90.59895833,65.63028352,5.37202381,64.60416667,64.13032008,-1,"{'0Normal': {'precision': 0.6, 'recall': 0.8450704225352113, 'f1-score': 0.7017543859649124, 'support': 142.0}, 'BruteForce': {'precision': 0.7333333333333333, 'recall': 0.5605095541401274, 'f1-score': 0.6353790613718411, 'support': 157.0}, 'DDoS': {'precision': 0.695, 'recall': 0.7393617021276596, 'f1-score': 0.7164948453608248, 'support': 188.0}, 'DoS': {'precision': 0.965, 'recall': 0.8464912280701754, 'f1-score': 0.9018691588785046, 'support': 228.0}, 'MITM': {'precision': 0.615, 'recall': 0.7321428571428571, 'f1-score': 0.6684782608695653, 'support': 168.0}, 'Malware': {'precision': 0.405, 'recall': 0.5510204081632653, 'f1-score': 0.4668587896253602, 'support': 294.0}, 'Scan': {'precision': 0.445, 'recall': 0.25501432664756446, 'f1-score': 0.3242258652094718, 'support': 349.0}, 'WebAttack': {'precision': 0.71, 'recall': 0.7208121827411168, 'f1-score': 0.7153652392947102, 'support': 394.0}, 'accuracy': 0.6239583333333333, 'macro avg': {'precision': 0.6460416666666666, 'recall': 0.6563028351959972, 'f1-score': 0.6413032008218988, 'support': 1920.0}, 'weighted avg': {'precision': 0.6294001736111111, 'recall': 0.6239583333333333, 'f1-score': 0.6168231238597369, 'support': 1920.0}}","[[120   1   4   1  11   1   1   3]
 [  6  88   2   2   5   0   0  54]
 [ 13   1 139   0   9  12   7   7]
 [  5   0   0 193  16   1   1  12]
 [ 11   0   3   0 123   1   1  29]
 [ 22   8   4   1  10 162  82   5]
 [ 14   2  12   0  13 213  89   6]
 [  9  20  36   3  13  10  19 284]]",2.919859886,0.030965328
330,ToN_IoT,3,None,MinMaxScaler,KNN,0.566630445,-1,-1,90.18229167,64.38541667,5.610119048,66.31489029,60.89598114,-1,"{'0Normal': {'precision': 0.516042780748663, 'recall': 0.965, 'f1-score': 0.6724738675958187, 'support': 200.0}, 'BruteForce': {'precision': 0.1912568306010929, 'recall': 0.5833333333333334, 'f1-score': 0.2880658436213992, 'support': 120.0}, 'DDoS': {'precision': 0.6923076923076923, 'recall': 0.765, 'f1-score': 0.7268408551068885, 'support': 200.0}, 'DoS': {'precision': 0.9695431472081218, 'recall': 0.955, 'f1-score': 0.9622166246851385, 'support': 200.0}, 'MITM': {'precision': 0.6587677725118484, 'recall': 0.695, 'f1-score': 0.6763990267639903, 'support': 200.0}, 'Malware': {'precision': 0.8632478632478633, 'recall': 0.505, 'f1-score': 0.637223974763407, 'support': 400.0}, 'Scan': {'precision': 0.7432432432432432, 'recall': 0.275, 'f1-score': 0.4014598540145985, 'support': 200.0}, 'WebAttack': {'precision': 0.6707818930041153, 'recall': 0.4075, 'f1-score': 0.5069984447900466, 'support': 400.0}, 'accuracy': 0.6072916666666667, 'macro avg': {'precision': 0.66314890285908, 'recall': 0.6438541666666666, 'f1-score': 0.6089598114176609, 'support': 1920.0}, 'weighted avg': {'precision': 0.7044498173837689, 'recall': 0.6072916666666667, 'f1-score': 0.6146536014006438, 'support': 1920.0}}","[[193   2   0   0   4   0   0   1]
 [ 14  70   1   0   2   3   2  28]
 [ 24   2 153   0   6   8   0   7]
 [  8   0   0 191   0   0   0   1]
 [ 40   5   6   2 139   0   0   8]
 [  4 108   7   0  34 202  16  29]
 [ 52  13  49   3   3  19  55   6]
 [ 39 166   5   1  23   2   1 163]]",0.006681442,0.083934546
212,ToN_IoT,2,None,StandardScaler,LDA,0.565622203,-1,-1,90.14322917,64.40625,5.632440476,66.18070525,60.55346028,-1,"{'0Normal': {'precision': 0.9354838709677419, 'recall': 0.87, 'f1-score': 0.9015544041450777, 'support': 200.0}, 'BruteForce': {'precision': 0.23484848484848486, 'recall': 0.775, 'f1-score': 0.36046511627906985, 'support': 120.0}, 'DDoS': {'precision': 0.5548172757475083, 'recall': 0.835, 'f1-score': 0.6666666666666666, 'support': 200.0}, 'DoS': {'precision': 0.7461538461538462, 'recall': 0.97, 'f1-score': 0.8434782608695651, 'support': 200.0}, 'MITM': {'precision': 0.8229166666666666, 'recall': 0.395, 'f1-score': 0.5337837837837839, 'support': 200.0}, 'Malware': {'precision': 0.785234899328859, 'recall': 0.585, 'f1-score': 0.670487106017192, 'support': 400.0}, 'Scan': {'precision': 0.319047619047619, 'recall': 0.335, 'f1-score': 0.32682926829268294, 'support': 200.0}, 'WebAttack': {'precision': 0.8959537572254336, 'recall': 0.3875, 'f1-score': 0.5410122164048866, 'support': 400.0}, 'accuracy': 0.6057291666666667, 'macro avg': {'precision': 0.66180705249827, 'recall': 0.6440625, 'f1-score': 0.6055346028073656, 'support': 1920.0}, 'weighted avg': {'precision': 0.7168443419376103, 'recall': 0.6057291666666667, 'f1-score': 0.61579063524681, 'support': 1920.0}}","[[174  10   3   8   2   2   0   1]
 [  0  93  19   0   0   8   0   0]
 [  1  25 167   0   0   6   0   1]
 [  6   0   0 194   0   0   0   0]
 [  4  30  15  55  79   4   0  13]
 [  1   9  11   0   1 234 143   1]
 [  0  18  71   2   0  40  67   2]
 [  0 211  15   1  14   4   0 155]]",0.011048555,0.000744104
32,ToN_IoT,3,None,QuantileTransformer,KNN,0.559833508,-1,-1,89.67447917,58.65625,5.900297619,39.65082445,45.93602476,-1,"{'0Normal': {'precision': 0.48984771573604063, 'recall': 0.965, 'f1-score': 0.6498316498316499, 'support': 200.0}, 'BruteForce': {'precision': 0.0, 'recall': 0.0, 'f1-score': 0.0, 'support': 120.0}, 'DDoS': {'precision': 0.3382084095063985, 'recall': 0.925, 'f1-score': 0.4953145917001338, 'support': 200.0}, 'DoS': {'precision': 0.6298701298701299, 'recall': 0.97, 'f1-score': 0.7637795275590551, 'support': 200.0}, 'MITM': {'precision': 0.9270833333333334, 'recall': 0.89, 'f1-score': 0.9081632653061226, 'support': 200.0}, 'Malware': {'precision': 0.0, 'recall': 0.0, 'f1-score': 0.0, 'support': 400.0}, 'Scan': {'precision': 0.0, 'recall': 0.0, 'f1-score': 0.0, 'support': 200.0}, 'WebAttack': {'precision': 0.7870563674321504, 'recall': 0.9425, 'f1-score': 0.8577929465301479, 'support': 400.0}, 'accuracy': 0.5869791666666667, 'macro avg': {'precision': 0.39650824448475663, 'recall': 0.5865625, 'f1-score': 0.4593602476158887, 'support': 1920.0}, 'weighted avg': {'precision': 0.41240857534481284, 'recall': 0.5869791666666667, 'f1-score': 0.47215363827679757, 'support': 1920.0}}","[[193   0   3   0   3   0   0   1]
 [  2   0  39   0   0   0   0  79]
 [  2   0 185   1   1   0   0  11]
 [  6   0   0 194   0   0   0   0]
 [ 13   0   1   0 178   0   0   8]
 [ 72   0 242  86   0   0   0   0]
 [102   0  68  27   0   0   0   3]
 [  4   0   9   0  10   0   0 377]]",0.001793385,0.064930916
402,ToN_IoT,0,None,MinMaxScaler,KNN,0.559622783,-1,-1,90.14322917,62.78125,5.632440476,62.10643869,59.24959949,-1,"{'0Normal': {'precision': 0.48214285714285715, 'recall': 0.945, 'f1-score': 0.6385135135135136, 'support': 200.0}, 'BruteForce': {'precision': 0.27155172413793105, 'recall': 0.525, 'f1-score': 0.3579545454545455, 'support': 120.0}, 'DDoS': {'precision': 0.6611111111111111, 'recall': 0.595, 'f1-score': 0.6263157894736842, 'support': 200.0}, 'DoS': {'precision': 0.8888888888888888, 'recall': 0.96, 'f1-score': 0.923076923076923, 'support': 200.0}, 'MITM': {'precision': 0.41216216216216217, 'recall': 0.61, 'f1-score': 0.49193548387096775, 'support': 200.0}, 'Malware': {'precision': 0.9133333333333333, 'recall': 0.685, 'f1-score': 0.7828571428571429, 'support': 400.0}, 'Scan': {'precision': 0.6637931034482759, 'recall': 0.385, 'f1-score': 0.48734177215189867, 'support': 200.0}, 'WebAttack': {'precision': 0.675531914893617, 'recall': 0.3175, 'f1-score': 0.43197278911564624, 'support': 400.0}, 'accuracy': 0.6057291666666667, 'macro avg': {'precision': 0.6210643868897721, 'recall': 0.6278125, 'f1-score': 0.5924959949392902, 'support': 1920.0}, 'weighted avg': {'precision': 0.6717457972593703, 'recall': 0.6057291666666667, 'f1-score': 0.6053766743026346, 'support': 1920.0}}","[[189   0   1   1   5   1   2   1]
 [ 12  63   3   0  10   1   2  29]
 [ 27   2 119   0  45   4   0   3]
 [  8   0   0 192   0   0   0   0]
 [ 47   2   3  11 122   0   3  12]
 [ 16   0   6   0  70 274  32   2]
 [ 44   7  31   2   6  19  77  14]
 [ 49 158  17  10  38   1   0 127]]",0.00035882,0.002560616
191,ToN_IoT,2,None,StandardScaler,LDA,0.557068392,-1,-1,89.921875,63.95833333,5.758928571,66.77405389,59.02893686,-1,"{'0Normal': {'precision': 0.93048128342246, 'recall': 0.87, 'f1-score': 0.8992248062015504, 'support': 200.0}, 'BruteForce': {'precision': 0.24598930481283424, 'recall': 0.7666666666666667, 'f1-score': 0.37246963562753044, 'support': 120.0}, 'DDoS': {'precision': 0.5280898876404494, 'recall': 0.94, 'f1-score': 0.6762589928057553, 'support': 200.0}, 'DoS': {'precision': 0.7320754716981132, 'recall': 0.97, 'f1-score': 0.8344086021505376, 'support': 200.0}, 'MITM': {'precision': 0.9482758620689655, 'recall': 0.275, 'f1-score': 0.4263565891472868, 'support': 200.0}, 'Malware': {'precision': 0.8205128205128205, 'recall': 0.56, 'f1-score': 0.6656760772659733, 'support': 400.0}, 'Scan': {'precision': 0.32751091703056767, 'recall': 0.375, 'f1-score': 0.34965034965034963, 'support': 200.0}, 'WebAttack': {'precision': 0.8089887640449438, 'recall': 0.36, 'f1-score': 0.4982698961937716, 'support': 400.0}, 'accuracy': 0.596875, 'macro avg': {'precision': 0.6677405389038943, 'recall': 0.6395833333333334, 'f1-score': 0.5902893686303444, 'support': 1920.0}, 'weighted avg': {'precision': 0.7159406431108108, 'recall': 0.596875, 'f1-score': 0.5976326112761967, 'support': 1920.0}}","[[174  10   4   7   1   2   0   2]
 [  0  92  20   0   0   8   0   0]
 [  1   5 188   0   0   5   0   1]
 [  6   0   0 194   0   0   0   0]
 [  4  32  15  61  55   3   1  29]
 [  1   0  20   0   1 224 153   1]
 [  0   6  89   2   0  27  75   1]
 [  1 229  20   1   1   4   0 144]]",0.011726618,0.00098753
408,ToN_IoT,0,sigmoid,MinMaxScaler,HHHv2,0.553984789,-1,-1,90.10416667,56.57757212,5.654761905,59.09375,55.55855804,-1,"{'0Normal': {'precision': 0.725, 'recall': 0.6839622641509434, 'f1-score': 0.7038834951456311, 'support': 212.0}, 'BruteForce': {'precision': 0.0, 'recall': 0.0, 'f1-score': 0.0, 'support': 1.0}, 'DDoS': {'precision': 0.825, 'recall': 0.5851063829787234, 'f1-score': 0.6846473029045643, 'support': 282.0}, 'DoS': {'precision': 0.955, 'recall': 0.9896373056994818, 'f1-score': 0.9720101781170483, 'support': 193.0}, 'MITM': {'precision': 0.605, 'recall': 0.5707547169811321, 'f1-score': 0.587378640776699, 'support': 212.0}, 'Malware': {'precision': 0.26, 'recall': 0.7123287671232876, 'f1-score': 0.38095238095238093, 'support': 146.0}, 'Scan': {'precision': 0.545, 'recall': 0.2540792540792541, 'f1-score': 0.34658187599364065, 'support': 429.0}, 'WebAttack': {'precision': 0.8125, 'recall': 0.7303370786516854, 'f1-score': 0.7692307692307693, 'support': 445.0}, 'accuracy': 0.6041666666666666, 'macro avg': {'precision': 0.5909375, 'recall': 0.5657757212080635, 'f1-score': 0.5555855803900918, 'support': 1920.0}, 'weighted avg': {'precision': 0.6938815104166667, 'recall': 0.6041666666666666, 'f1-score': 0.6255346048641788, 'support': 1920.0}}","[[145   0   1   1  37   4  11  13]
 [  0   0   0   0   1   0   0   0]
 [  2  10 165   0  17  20  51  17]
 [  1   0   0 191   0   0   1   0]
 [  6  10  25   5 121   4   0  41]
 [  0   8   5   0   1 104  27   1]
 [ 43   0   0   2   5 267 109   3]
 [  3  92   4   1  18   1   1 325]]",0.085474491,0.022416592
397,ToN_IoT,0,None,MinMaxScaler,LGBM,0.551878806,-1,-1,90,64.70833333,5.714285714,61.29093182,59.91550669,-1,"{'0Normal': {'precision': 0.6296296296296297, 'recall': 0.51, 'f1-score': 0.5635359116022101, 'support': 200.0}, 'BruteForce': {'precision': 0.36162361623616235, 'recall': 0.8166666666666667, 'f1-score': 0.5012787723785166, 'support': 120.0}, 'DDoS': {'precision': 0.5605095541401274, 'recall': 0.44, 'f1-score': 0.4929971988795518, 'support': 200.0}, 'DoS': {'precision': 0.8398268398268398, 'recall': 0.97, 'f1-score': 0.9002320185614849, 'support': 200.0}, 'MITM': {'precision': 0.5217391304347826, 'recall': 0.6, 'f1-score': 0.5581395348837209, 'support': 200.0}, 'Malware': {'precision': 0.9137931034482759, 'recall': 0.53, 'f1-score': 0.6708860759493671, 'support': 400.0}, 'Scan': {'precision': 0.496, 'recall': 0.93, 'f1-score': 0.6469565217391304, 'support': 200.0}, 'WebAttack': {'precision': 0.5801526717557252, 'recall': 0.38, 'f1-score': 0.459214501510574, 'support': 400.0}, 'accuracy': 0.6, 'macro avg': {'precision': 0.6129093181839429, 'recall': 0.6470833333333332, 'f1-score': 0.5991550669380694, 'support': 1920.0}, 'weighted avg': {'precision': 0.651309466060529, 'recall': 0.6, 'f1-score': 0.5961280837513636, 'support': 1920.0}}","[[102   1  12  28  36  11   6   4]
 [  1  98   1   0   4   0   5  11]
 [  3   2  88   0  24   5   1  77]
 [  6   0   0 194   0   0   0   0]
 [ 27   4  21   9 120   0   3  16]
 [  0  13   0   0   1 212 174   0]
 [  3   0   1   0   5   3 186   2]
 [ 20 153  34   0  40   1   0 152]]",0.348367453,0.006230116
338,ToN_IoT,2,None,MinMaxScaler,LDA,0.545151914,-1,-1,89.63541667,63.08333333,5.922619048,65.32630776,58.10324445,-1,"{'0Normal': {'precision': 0.9197860962566845, 'recall': 0.86, 'f1-score': 0.8888888888888888, 'support': 200.0}, 'BruteForce': {'precision': 0.23173803526448364, 'recall': 0.7666666666666667, 'f1-score': 0.35589941972920697, 'support': 120.0}, 'DDoS': {'precision': 0.5356125356125356, 'recall': 0.94, 'f1-score': 0.6823956442831216, 'support': 200.0}, 'DoS': {'precision': 0.749034749034749, 'recall': 0.97, 'f1-score': 0.8453159041394335, 'support': 200.0}, 'MITM': {'precision': 0.9104477611940298, 'recall': 0.305, 'f1-score': 0.4569288389513109, 'support': 200.0}, 'Malware': {'precision': 0.7857142857142857, 'recall': 0.5775, 'f1-score': 0.6657060518731989, 'support': 400.0}, 'Scan': {'precision': 0.3080568720379147, 'recall': 0.325, 'f1-score': 0.31630170316301703, 'support': 200.0}, 'WebAttack': {'precision': 0.7857142857142857, 'recall': 0.3025, 'f1-score': 0.43682310469314073, 'support': 400.0}, 'accuracy': 0.5854166666666667, 'macro avg': {'precision': 0.653263077603621, 'recall': 0.6308333333333334, 'f1-score': 0.5810324444651648, 'support': 1920.0}, 'weighted avg': {'precision': 0.6984206227241404, 'recall': 0.5854166666666667, 'f1-score': 0.5842113483745808, 'support': 1920.0}}","[[172  10   4   8   2   2   0   2]
 [  0  92  20   0   0   8   0   0]
 [  1   5 188   0   1   5   0   0]
 [  6   0   0 194   0   0   0   0]
 [  6  29  14  55  61   6   0  29]
 [  1   0  20   0   1 231 146   1]
 [  1   7  87   1   0  38  65   1]
 [  0 254  18   1   2   4   0 121]]",0.011036873,0.000499249
337,ToN_IoT,2,None,MinMaxScaler,KNN,0.543432873,-1,-1,89.4921875,61.98958333,6.004464286,64.54147371,54.52353285,-1,"{'0Normal': {'precision': 0.47837150127226463, 'recall': 0.94, 'f1-score': 0.6340640809443507, 'support': 200.0}, 'BruteForce': {'precision': 0.23512747875354106, 'recall': 0.6916666666666667, 'f1-score': 0.35095137420718814, 'support': 120.0}, 'DDoS': {'precision': 0.5225988700564972, 'recall': 0.925, 'f1-score': 0.6678700361010831, 'support': 200.0}, 'DoS': {'precision': 0.7559055118110236, 'recall': 0.96, 'f1-score': 0.8458149779735682, 'support': 200.0}, 'MITM': {'precision': 0.7619047619047619, 'recall': 0.4, 'f1-score': 0.5245901639344264, 'support': 200.0}, 'Malware': {'precision': 0.8773584905660378, 'recall': 0.6975, 'f1-score': 0.777158774373259, 'support': 400.0}, 'Scan': {'precision': 0.8205128205128205, 'recall': 0.16, 'f1-score': 0.26778242677824265, 'support': 200.0}, 'WebAttack': {'precision': 0.7115384615384616, 'recall': 0.185, 'f1-score': 0.29365079365079366, 'support': 400.0}, 'accuracy': 0.5796875, 'macro avg': {'precision': 0.645414737051926, 'recall': 0.6198958333333333, 'f1-score': 0.5452353284953639, 'support': 1920.0}, 'weighted avg': {'precision': 0.6935587351060928, 'recall': 0.5796875, 'f1-score': 0.5512824631566761, 'support': 1920.0}}","[[188   0   2   3   4   1   0   2]
 [  6  83  20   0   1   1   0   9]
 [  2   2 185   0   1   9   0   1]
 [  8   0   0 192   0   0   0   0]
 [ 30   4  15  55  80   0   2  14]
 [ 73  29   9   0   4 279   4   2]
 [ 52  12  71   3   1  27  32   2]
 [ 34 223  52   1  14   1   1  74]]",0.000406742,0.054570436
71,ToN_IoT,2,None,QuantileTransformer,KNN,0.541837065,-1,-1,89.32291667,57.3125,6.101190476,37.4967137,44.41956721,-1,"{'0Normal': {'precision': 0.3435251798561151, 'recall': 0.955, 'f1-score': 0.5052910052910052, 'support': 200.0}, 'BruteForce': {'precision': 0.0, 'recall': 0.0, 'f1-score': 0.0, 'support': 120.0}, 'DDoS': {'precision': 0.4830508474576271, 'recall': 0.855, 'f1-score': 0.6173285198555956, 'support': 200.0}, 'DoS': {'precision': 0.6531986531986532, 'recall': 0.97, 'f1-score': 0.7806841046277666, 'support': 200.0}, 'MITM': {'precision': 0.7510548523206751, 'recall': 0.89, 'f1-score': 0.8146453089244852, 'support': 200.0}, 'Malware': {'precision': 0.0, 'recall': 0.0, 'f1-score': 0.0, 'support': 400.0}, 'Scan': {'precision': 0.0, 'recall': 0.0, 'f1-score': 0.0, 'support': 200.0}, 'WebAttack': {'precision': 0.7689075630252101, 'recall': 0.915, 'f1-score': 0.8356164383561645, 'support': 400.0}, 'accuracy': 0.5729166666666666, 'macro avg': {'precision': 0.37496713698228507, 'recall': 0.573125, 'f1-score': 0.44419567213187716, 'support': 1920.0}, 'weighted avg': {'precision': 0.3925671519670303, 'recall': 0.5729166666666666, 'f1-score': 0.4572064391053315, 'support': 1920.0}}","[[191   0   3   0   4   0   0   2]
 [  7   0  37   0   0   0   0  76]
 [  6   0 171   0   4   0   0  19]
 [  6   0   0 194   0   0   0   0]
 [ 13   0   2   1 178   0   0   6]
 [177   0 113  71  38   0   0   1]
 [153   0   9  31   1   0   0   6]
 [  3   0  19   0  12   0   0 366]]",0.001813889,0.017567158
359,ToN_IoT,2,None,MinMaxScaler,LDA,0.540811002,-1,-1,89.28385417,62.54166667,6.123511905,68.97132479,59.38386249,-1,"{'0Normal': {'precision': 0.9382022471910112, 'recall': 0.835, 'f1-score': 0.8835978835978836, 'support': 200.0}, 'BruteForce': {'precision': 0.1989342806394316, 'recall': 0.9333333333333333, 'f1-score': 0.32796486090775984, 'support': 120.0}, 'DDoS': {'precision': 0.8553459119496856, 'recall': 0.68, 'f1-score': 0.7576601671309194, 'support': 200.0}, 'DoS': {'precision': 0.7432950191570882, 'recall': 0.97, 'f1-score': 0.8416485900216919, 'support': 200.0}, 'MITM': {'precision': 0.8170731707317073, 'recall': 0.335, 'f1-score': 0.475177304964539, 'support': 200.0}, 'Malware': {'precision': 0.8318965517241379, 'recall': 0.4825, 'f1-score': 0.6107594936708861, 'support': 400.0}, 'Scan': {'precision': 0.2958801498127341, 'recall': 0.395, 'f1-score': 0.33832976445396146, 'support': 200.0}, 'WebAttack': {'precision': 0.8370786516853933, 'recall': 0.3725, 'f1-score': 0.5155709342560554, 'support': 400.0}, 'accuracy': 0.5713541666666667, 'macro avg': {'precision': 0.6897132478613986, 'recall': 0.6254166666666666, 'f1-score': 0.5938386248754621, 'support': 1920.0}, 'weighted avg': {'precision': 0.7403236952130154, 'recall': 0.5713541666666667, 'f1-score': 0.5985264044341181, 'support': 1920.0}}","[[167  12   2   4  11   0   2   2]
 [  0 112   0   0   0   8   0   0]
 [  1  57 136   0   1   5   0   0]
 [  6   0   0 194   0   0   0   0]
 [  3  31  12  60  67   2   1  24]
 [  1  18   2   0   1 193 184   1]
 [  0  96   0   2   0  21  79   2]
 [  0 237   7   1   2   3   1 149]]",0.008046389,0.000586987
34,ToN_IoT,3,None,QuantileTransformer,MLP,0.535066791,-1,-1,88.90625,55.65625,6.339285714,55.23953714,47.00936587,-1,"{'0Normal': {'precision': 0.6838235294117647, 'recall': 0.93, 'f1-score': 0.788135593220339, 'support': 200.0}, 'BruteForce': {'precision': 0.0, 'recall': 0.0, 'f1-score': 0.0, 'support': 120.0}, 'DDoS': {'precision': 0.2010652463382157, 'recall': 0.755, 'f1-score': 0.31756046267087273, 'support': 200.0}, 'DoS': {'precision': 0.9371980676328503, 'recall': 0.97, 'f1-score': 0.9533169533169534, 'support': 200.0}, 'MITM': {'precision': 0.8544600938967136, 'recall': 0.91, 'f1-score': 0.8813559322033899, 'support': 200.0}, 'Malware': {'precision': 1.0, 'recall': 0.0075, 'f1-score': 0.014888337468982629, 'support': 400.0}, 'Scan': {'precision': 0.0, 'recall': 0.0, 'f1-score': 0.0, 'support': 200.0}, 'WebAttack': {'precision': 0.7426160337552743, 'recall': 0.88, 'f1-score': 0.8054919908466819, 'support': 400.0}, 'accuracy': 0.55625, 'macro avg': {'precision': 0.5523953713793524, 'recall': 0.5565625000000001, 'f1-score': 0.4700936587159025, 'support': 1920.0}, 'weighted avg': {'precision': 0.6418519796656347, 'recall': 0.55625, 'f1-score': 0.47720099979613373, 'support': 1920.0}}","[[186   0   6   0   7   0   0   1]
 [  1   0  54   0   0   0   0  65]
 [  2   0 151   1   7   0   0  39]
 [  6   0   0 194   0   0   0   0]
 [  4   0   3   0 182   0   0  11]
 [  3   0 392   0   1   3   0   1]
 [ 70   0 113  12   0   0   0   5]
 [  0   0  32   0  16   0   0 352]]",2.379156828,0.007062912
202,ToN_IoT,2,None,StandardScaler,SGD,0.533433207,-1,-1,89.1015625,59.75,6.227678571,55.71914117,53.73230889,-1,"{'0Normal': {'precision': 0.5409356725146199, 'recall': 0.925, 'f1-score': 0.6826568265682658, 'support': 200.0}, 'BruteForce': {'precision': 0.8048780487804879, 'recall': 0.55, 'f1-score': 0.6534653465346535, 'support': 120.0}, 'DDoS': {'precision': 0.8922155688622755, 'recall': 0.745, 'f1-score': 0.8119891008174387, 'support': 200.0}, 'DoS': {'precision': 0.075, 'recall': 0.015, 'f1-score': 0.024999999999999998, 'support': 200.0}, 'MITM': {'precision': 0.884393063583815, 'recall': 0.765, 'f1-score': 0.8203753351206433, 'support': 200.0}, 'Malware': {'precision': 0.12280701754385964, 'recall': 0.0175, 'f1-score': 0.030634573304157545, 'support': 400.0}, 'Scan': {'precision': 0.27611940298507465, 'recall': 0.925, 'f1-score': 0.42528735632183906, 'support': 200.0}, 'WebAttack': {'precision': 0.8611825192802056, 'recall': 0.8375, 'f1-score': 0.8491761723700886, 'support': 400.0}, 'accuracy': 0.5640625, 'macro avg': {'precision': 0.5571914116937923, 'recall': 0.5975, 'f1-score': 0.5373230888796359, 'support': 1920.0}, 'weighted avg': {'precision': 0.53328850113148, 'recall': 0.5640625, 'f1-score': 0.5121884706351533, 'support': 1920.0}}","[[185   0   2   2   7   1   3   0]
 [  0  66   0   0   0   7   8  39]
 [  4   2 149   0   0  27  17   1]
 [140   0   0   3   0   0  57   0]
 [ 11   0   9  10 153   1  10   6]
 [  2   0   0   0   0   7 385   6]
 [  0   0   0   0   0  13 185   2]
 [  0  14   7  25  13   1   5 335]]",0.079370022,0.000963688
181,ToN_IoT,3,None,StandardScaler,SGD,0.532476986,-1,-1,89.66145833,53.77083333,5.907738095,78.0161411,51.26647047,-1,"{'0Normal': {'precision': 0.40948275862068967, 'recall': 0.95, 'f1-score': 0.572289156626506, 'support': 200.0}, 'BruteForce': {'precision': 1.0, 'recall': 0.11666666666666667, 'f1-score': 0.208955223880597, 'support': 120.0}, 'DDoS': {'precision': 0.8589743589743589, 'recall': 0.67, 'f1-score': 0.7528089887640449, 'support': 200.0}, 'DoS': {'precision': 1.0, 'recall': 0.005, 'f1-score': 0.009950248756218907, 'support': 200.0}, 'MITM': {'precision': 0.7022222222222222, 'recall': 0.79, 'f1-score': 0.7435294117647058, 'support': 200.0}, 'Malware': {'precision': 0.8307692307692308, 'recall': 0.54, 'f1-score': 0.6545454545454545, 'support': 400.0}, 'Scan': {'precision': 0.9753086419753086, 'recall': 0.395, 'f1-score': 0.5622775800711745, 'support': 200.0}, 'WebAttack': {'precision': 0.46453407510431155, 'recall': 0.835, 'f1-score': 0.5969615728328864, 'support': 400.0}, 'accuracy': 0.5864583333333333, 'macro avg': {'precision': 0.7801614109582653, 'recall': 0.5377083333333333, 'f1-score': 0.5126647046551984, 'support': 1920.0}, 'weighted avg': {'precision': 0.7433952701603818, 'recall': 0.5864583333333333, 'f1-score': 0.5488794349028844, 'support': 1920.0}}","[[190   0   1   0   5   2   0   2]
 [  0  14  10   0   0   0   0  96]
 [  5   0 134   0   0   0   0  61]
 [197   0   0   1   2   0   0   0]
 [ 17   0   5   0 158   0   0  20]
 [ 30   0   0   0   0 216   2 152]
 [ 25   0   0   0   0  42  79  54]
 [  0   0   6   0  60   0   0 334]]",0.391200542,0.004501343
167,ToN_IoT,3,None,StandardScaler,SGD,0.530088383,-1,-1,88.7109375,60.40625,6.450892857,60.40094067,53.38292707,-1,"{'0Normal': {'precision': 0.84, 'recall': 0.945, 'f1-score': 0.8894117647058823, 'support': 200.0}, 'BruteForce': {'precision': 0.5413533834586466, 'recall': 0.6, 'f1-score': 0.5691699604743082, 'support': 120.0}, 'DDoS': {'precision': 0.8092783505154639, 'recall': 0.785, 'f1-score': 0.7969543147208122, 'support': 200.0}, 'DoS': {'precision': 0.0, 'recall': 0.0, 'f1-score': 0.0, 'support': 200.0}, 'MITM': {'precision': 0.53125, 'recall': 0.85, 'f1-score': 0.6538461538461537, 'support': 200.0}, 'Malware': {'precision': 0.9285714285714286, 'recall': 0.195, 'f1-score': 0.32231404958677684, 'support': 400.0}, 'Scan': {'precision': 0.25891677675033026, 'recall': 0.98, 'f1-score': 0.4096133751306165, 'support': 200.0}, 'WebAttack': {'precision': 0.9227053140096618, 'recall': 0.4775, 'f1-score': 0.6293245469522241, 'support': 400.0}, 'accuracy': 0.5484375, 'macro avg': {'precision': 0.6040094066631914, 'recall': 0.6040625, 'f1-score': 0.5338292706770967, 'support': 1920.0}, 'weighted avg': {'precision': 0.6736261085940796, 'recall': 0.5484375, 'f1-score': 0.5202713310172971, 'support': 1920.0}}","[[189   0   2   0   6   0   3   0]
 [  3  72   4   0  21   0  12   8]
 [  2   2 157   0   2   6  31   0]
 [  6   0   0   0   1   0 191   2]
 [ 12   0   8   0 170   0   6   4]
 [  6   0   1   0   1  78 313   1]
 [  0   0   2   0   1   0 196   1]
 [  7  59  20   0 118   0   5 191]]",0.533853531,0.003680944
196,ToN_IoT,2,None,StandardScaler,HHHv2,0.52984207,-1,-1,89.3359375,64.31211887,6.09375,62.69791667,57.80988822,-1,"{'0Normal': {'precision': 0.91, 'recall': 0.8921568627450981, 'f1-score': 0.900990099009901, 'support': 204.0}, 'BruteForce': {'precision': 0.6583333333333333, 'recall': 0.35267857142857145, 'f1-score': 0.45930232558139533, 'support': 224.0}, 'DDoS': {'precision': 0.96, 'recall': 0.45605700712589076, 'f1-score': 0.6183574879227053, 'support': 421.0}, 'DoS': {'precision': 0.97, 'recall': 0.7607843137254902, 'f1-score': 0.8527472527472527, 'support': 255.0}, 'MITM': {'precision': 0.35, 'recall': 0.9459459459459459, 'f1-score': 0.5109489051094891, 'support': 74.0}, 'Malware': {'precision': 0.2475, 'recall': 0.7443609022556391, 'f1-score': 0.3714821763602252, 'support': 133.0}, 'Scan': {'precision': 0.415, 'recall': 0.2448377581120944, 'f1-score': 0.3079777365491651, 'support': 339.0}, 'WebAttack': {'precision': 0.505, 'recall': 0.7481481481481481, 'f1-score': 0.6029850746268657, 'support': 270.0}, 'accuracy': 0.5734375, 'macro avg': {'precision': 0.6269791666666666, 'recall': 0.6431211886858597, 'f1-score': 0.5780988822383749, 'support': 1920.0}, 'weighted avg': {'precision': 0.687744357638889, 'recall': 0.5734375, 'f1-score': 0.5827565230560905, 'support': 1920.0}}","[[182   0   0   6   6   2   8   0]
 [  2  79   1   0  19   0   0 123]
 [  5  33 192   0  13  20  88  70]
 [  4   0   1 194  54   0   2   0]
 [  2   0   0   0  70   1   0   1]
 [  0   8   4   0   2  99  18   2]
 [  2   0   2   0   7 243  83   2]
 [  3   0   0   0  29  35   1 202]]",0.21565938,0.007052422
188,ToN_IoT,3,None,StandardScaler,SGD,0.529046919,-1,-1,89.24479167,61.17708333,6.145833333,59.9308138,56.52138769,-1,"{'0Normal': {'precision': 0.7791666666666667, 'recall': 0.935, 'f1-score': 0.85, 'support': 200.0}, 'BruteForce': {'precision': 0.3786008230452675, 'recall': 0.7666666666666667, 'f1-score': 0.5068870523415979, 'support': 120.0}, 'DDoS': {'precision': 0.8306010928961749, 'recall': 0.76, 'f1-score': 0.7937336814621411, 'support': 200.0}, 'DoS': {'precision': 0.07692307692307693, 'recall': 0.015, 'f1-score': 0.025104602510460254, 'support': 200.0}, 'MITM': {'precision': 0.9047619047619048, 'recall': 0.76, 'f1-score': 0.8260869565217391, 'support': 200.0}, 'Malware': {'precision': 0.6015325670498084, 'recall': 0.3925, 'f1-score': 0.4750378214826021, 'support': 400.0}, 'Scan': {'precision': 0.2667814113597246, 'recall': 0.775, 'f1-score': 0.39692701664532654, 'support': 200.0}, 'WebAttack': {'precision': 0.9560975609756097, 'recall': 0.49, 'f1-score': 0.6479338842975206, 'support': 400.0}, 'accuracy': 0.5697916666666667, 'macro avg': {'precision': 0.5993081379597791, 'recall': 0.6117708333333334, 'f1-score': 0.5652138769076733, 'support': 1920.0}, 'weighted avg': {'precision': 0.6459015523422441, 'recall': 0.5697916666666667, 'f1-score': 0.5668674895942574, 'support': 1920.0}}","[[187   0   2   3   5   1   2   0]
 [  0  92   8   0   0  13   4   3]
 [  3   2 152   0   1  36   5   1]
 [  6   0   0   3   0   0 191   0]
 [ 15   0   9   8 152   7   6   3]
 [ 25   0   0   0   0 157 217   1]
 [  0   0   2   0   1  41 155   1]
 [  4 149  10  25   9   6   1 196]]",0.477707148,0.003166437
108,ToN_IoT,0,None,QuantileTransformer,KNN,0.522728224,-1,-1,88.69791667,55.88541667,6.458333333,51.78321049,44.95442967,-1,"{'0Normal': {'precision': 0.27873563218390807, 'recall': 0.97, 'f1-score': 0.43303571428571436, 'support': 200.0}, 'BruteForce': {'precision': 1.0, 'recall': 0.03333333333333333, 'f1-score': 0.06451612903225806, 'support': 120.0}, 'DDoS': {'precision': 0.78, 'recall': 0.78, 'f1-score': 0.78, 'support': 200.0}, 'DoS': {'precision': 0.8109243697478992, 'recall': 0.965, 'f1-score': 0.8812785388127853, 'support': 200.0}, 'MITM': {'precision': 0.5068870523415978, 'recall': 0.92, 'f1-score': 0.6536412078152753, 'support': 200.0}, 'Malware': {'precision': 0.0, 'recall': 0.0, 'f1-score': 0.0, 'support': 400.0}, 'Scan': {'precision': 0.0, 'recall': 0.0, 'f1-score': 0.0, 'support': 200.0}, 'WebAttack': {'precision': 0.766109785202864, 'recall': 0.8025, 'f1-score': 0.7838827838827839, 'support': 400.0}, 'accuracy': 0.5479166666666667, 'macro avg': {'precision': 0.5178321049345336, 'recall': 0.5588541666666667, 'f1-score': 0.44954429672860213, 'support': 1920.0}, 'weighted avg': {'precision': 0.46966319007074303, 'recall': 0.5479166666666667, 'f1-score': 0.45358653188528103, 'support': 1920.0}}","[[194   0   1   0   4   0   0   1]
 [  8   4  27   0  12   0   0  69]
 [ 10   0 156   0  13   0   0  21]
 [  6   0   0 193   1   0   0   0]
 [ 10   0   0   1 184   0   0   5]
 [317   0   9  21  53   0   0   0]
 [147   0   1  23  27   0   0   2]
 [  4   0   6   0  69   0   0 321]]",0.000538588,0.003529072
110,ToN_IoT,0,None,QuantileTransformer,MLP,0.522099403,-1,-1,88.85416667,55.96875,6.369047619,59.30772061,47.32546215,-1,"{'0Normal': {'precision': 0.3056910569105691, 'recall': 0.94, 'f1-score': 0.4613496932515337, 'support': 200.0}, 'BruteForce': {'precision': 0.6666666666666666, 'recall': 0.05, 'f1-score': 0.09302325581395349, 'support': 120.0}, 'DDoS': {'precision': 0.8053691275167785, 'recall': 0.6, 'f1-score': 0.6876790830945559, 'support': 200.0}, 'DoS': {'precision': 0.8858447488584474, 'recall': 0.97, 'f1-score': 0.9260143198090691, 'support': 200.0}, 'MITM': {'precision': 0.4681933842239186, 'recall': 0.92, 'f1-score': 0.6205733558178752, 'support': 200.0}, 'Malware': {'precision': 0.0, 'recall': 0.0, 'f1-score': 0.0, 'support': 400.0}, 'Scan': {'precision': 0.9310344827586207, 'recall': 0.135, 'f1-score': 0.2358078602620087, 'support': 200.0}, 'WebAttack': {'precision': 0.6818181818181818, 'recall': 0.8625, 'f1-score': 0.7615894039735098, 'support': 400.0}, 'accuracy': 0.5541666666666667, 'macro avg': {'precision': 0.5930772060941478, 'recall': 0.5596874999999999, 'f1-score': 0.4732546215028132, 'support': 1920.0}, 'weighted avg': {'precision': 0.537475954573406, 'recall': 0.5541666666666667, 'f1-score': 0.46983511184067034, 'support': 1920.0}}","[[188   0   1   0  10   0   0   1]
 [  9   6  12   0   2   0   0  91]
 [  7   0 120   0  16   0   0  57]
 [  6   0   0 194   0   0   0   0]
 [  7   0   0   0 184   0   0   9]
 [266   0   1   0 132   0   1   0]
 [128   3   2  25  12   0  27   3]
 [  4   0  13   0  37   0   1 345]]",0.527127504,0.000963688
174,ToN_IoT,3,None,StandardScaler,SGD,0.518788695,-1,-1,89.21875,52.16666667,6.160714286,60.26713723,46.93288427,-1,"{'0Normal': {'precision': 0.3221476510067114, 'recall': 0.96, 'f1-score': 0.4824120603015075, 'support': 200.0}, 'BruteForce': {'precision': 1.0, 'recall': 0.008333333333333333, 'f1-score': 0.01652892561983471, 'support': 120.0}, 'DDoS': {'precision': 0.8650306748466258, 'recall': 0.705, 'f1-score': 0.7768595041322314, 'support': 200.0}, 'DoS': {'precision': 0.0, 'recall': 0.0, 'f1-score': 0.0, 'support': 200.0}, 'MITM': {'precision': 0.7699530516431925, 'recall': 0.82, 'f1-score': 0.7941888619854722, 'support': 200.0}, 'Malware': {'precision': 0.8308457711442786, 'recall': 0.4175, 'f1-score': 0.5557404326123128, 'support': 400.0}, 'Scan': {'precision': 0.4, 'recall': 0.39, 'f1-score': 0.39493670886075954, 'support': 200.0}, 'WebAttack': {'precision': 0.6333938294010889, 'recall': 0.8725, 'f1-score': 0.7339642481598317, 'support': 400.0}, 'accuracy': 0.56875, 'macro avg': {'precision': 0.6026713722552371, 'recall': 0.5216666666666667, 'f1-score': 0.4693288427089937, 'support': 1920.0}, 'weighted avg': {'precision': 0.6130844352695067, 'recall': 0.56875, 'f1-score': 0.5247629012704335, 'support': 1920.0}}","[[192   0   1   0   3   2   0   2]
 [  4   1   6   0   0   5   0 104]
 [ 30   0 141   0   0   4   0  25]
 [199   0   0   0   1   0   0   0]
 [ 22   0   9   0 164   2   0   3]
 [ 61   0   0   0   1 167 117  54]
 [ 87   0   0   0   0  21  78  14]
 [  1   0   6   0  44   0   0 349]]",0.722567797,0.004103422
304,ToN_IoT,3,None,MinMaxScaler,MLP,0.51108631,-1,-1,89.11458333,57.95833333,6.220238095,60.82668845,53.48635691,-1,"{'0Normal': {'precision': 0.45985401459854014, 'recall': 0.945, 'f1-score': 0.6186579378068741, 'support': 200.0}, 'BruteForce': {'precision': 0.49404761904761907, 'recall': 0.6916666666666667, 'f1-score': 0.576388888888889, 'support': 120.0}, 'DDoS': {'precision': 0.9555555555555556, 'recall': 0.645, 'f1-score': 0.7701492537313432, 'support': 200.0}, 'DoS': {'precision': 0.4, 'recall': 0.01, 'f1-score': 0.01951219512195122, 'support': 200.0}, 'MITM': {'precision': 0.9217877094972067, 'recall': 0.825, 'f1-score': 0.870712401055409, 'support': 200.0}, 'Malware': {'precision': 0.782312925170068, 'recall': 0.2875, 'f1-score': 0.42047531992687387, 'support': 400.0}, 'Scan': {'precision': 0.26062322946175637, 'recall': 0.46, 'f1-score': 0.33273056057866185, 'support': 200.0}, 'WebAttack': {'precision': 0.5919540229885057, 'recall': 0.7725, 'f1-score': 0.6702819956616052, 'support': 400.0}, 'accuracy': 0.5645833333333333, 'macro avg': {'precision': 0.6082668845399064, 'recall': 0.5795833333333333, 'f1-score': 0.5348635690964509, 'support': 1920.0}, 'weighted avg': {'precision': 0.629456560089456, 'recall': 0.5645833333333333, 'f1-score': 0.5353239909171386, 'support': 1920.0}}","[[189   0   0   1   4   0   2   4]
 [  0  83   0   0   0   8   0  29]
 [  1   2 129   0   2   3   2  61]
 [197   0   0   2   0   0   0   1]
 [  4   1   5   2 165   0   0  23]
 [  2   0   0   0   1 115 256  26]
 [ 18   0   0   0   0  21  92  69]
 [  0  82   1   0   7   0   1 309]]",12.06634736,0.012685299
223,ToN_IoT,2,None,StandardScaler,SGD,0.509919819,-1,-1,88.95833333,57.17708333,6.30952381,57.33772772,51.25195325,-1,"{'0Normal': {'precision': 0.3280701754385965, 'recall': 0.935, 'f1-score': 0.4857142857142858, 'support': 200.0}, 'BruteForce': {'precision': 0.34328358208955223, 'recall': 0.7666666666666667, 'f1-score': 0.4742268041237114, 'support': 120.0}, 'DDoS': {'precision': 0.8765432098765432, 'recall': 0.71, 'f1-score': 0.7845303867403315, 'support': 200.0}, 'DoS': {'precision': 0.0, 'recall': 0.0, 'f1-score': 0.0, 'support': 200.0}, 'MITM': {'precision': 0.70042194092827, 'recall': 0.83, 'f1-score': 0.7597254004576659, 'support': 200.0}, 'Malware': {'precision': 0.8507462686567164, 'recall': 0.7125, 'f1-score': 0.7755102040816327, 'support': 400.0}, 'Scan': {'precision': 0.9795918367346939, 'recall': 0.24, 'f1-score': 0.38554216867469876, 'support': 200.0}, 'WebAttack': {'precision': 0.5083612040133779, 'recall': 0.38, 'f1-score': 0.43490701001430615, 'support': 400.0}, 'accuracy': 0.5583333333333333, 'macro avg': {'precision': 0.5733772772172188, 'recall': 0.5717708333333333, 'f1-score': 0.512519532475829, 'support': 1920.0}, 'weighted avg': {'precision': 0.6050846101637525, 'recall': 0.5583333333333333, 'f1-score': 0.5334252866930298, 'support': 1920.0}}","[[187   0   2   0   8   2   0   1]
 [  3  92   0   0   0   0   0  25]
 [ 33   2 142   0   0   4   0  19]
 [197   0   0   0   3   0   0   0]
 [ 20   7   3   0 166   3   0   1]
 [ 27   1   1   0   0 285   1  85]
 [ 85   0  10   0   0  41  48  16]
 [ 18 166   4   0  60   0   0 152]]",0.068705082,0.001451015
343,ToN_IoT,2,None,MinMaxScaler,HHHv2,0.508123334,-1,-1,89.0234375,61.07834598,6.272321429,58.72916667,55.07801834,-1,"{'0Normal': {'precision': 0.91, 'recall': 0.8425925925925926, 'f1-score': 0.8749999999999999, 'support': 216.0}, 'BruteForce': {'precision': 0.48333333333333334, 'recall': 0.2857142857142857, 'f1-score': 0.3591331269349845, 'support': 203.0}, 'DDoS': {'precision': 0.895, 'recall': 0.4068181818181818, 'f1-score': 0.5593750000000001, 'support': 440.0}, 'DoS': {'precision': 0.97, 'recall': 0.766798418972332, 'f1-score': 0.8565121412803532, 'support': 253.0}, 'MITM': {'precision': 0.26, 'recall': 0.9285714285714286, 'f1-score': 0.40625, 'support': 56.0}, 'Malware': {'precision': 0.45, 'recall': 0.7468879668049793, 'f1-score': 0.561622464898596, 'support': 241.0}, 'Scan': {'precision': 0.3, 'recall': 0.234375, 'f1-score': 0.2631578947368421, 'support': 256.0}, 'WebAttack': {'precision': 0.43, 'recall': 0.6745098039215687, 'f1-score': 0.5251908396946565, 'support': 255.0}, 'accuracy': 0.5609375, 'macro avg': {'precision': 0.5872916666666667, 'recall': 0.6107834597994211, 'f1-score': 0.550780183443179, 'support': 1920.0}, 'weighted avg': {'precision': 0.6475763888888889, 'recall': 0.5609375, 'f1-score': 0.5646456748578447, 'support': 1920.0}}","[[182   0   1   6  12   2  13   0]
 [  4  58   1   0  26   0   0 114]
 [  3  43 179   0  10  11  85 109]
 [  4   0   0 194  52   0   2   1]
 [  2   0   1   0  52   1   0   0]
 [  2   8   5   0   6 180  36   4]
 [  1   0   1   0   3 191  60   0]
 [  2  11  12   0  39  15   4 172]]",0.173624039,0.006738663
230,ToN_IoT,0,None,StandardScaler,NuSVC,0.497486922,-1,-1,88.85416667,52.82291667,6.369047619,56.48358015,49.99078975,-1,"{'0Normal': {'precision': 0.7857142857142857, 'recall': 0.66, 'f1-score': 0.717391304347826, 'support': 200.0}, 'BruteForce': {'precision': 0.06018518518518518, 'recall': 0.10833333333333334, 'f1-score': 0.07738095238095238, 'support': 120.0}, 'DDoS': {'precision': 0.430622009569378, 'recall': 0.9, 'f1-score': 0.5825242718446602, 'support': 200.0}, 'DoS': {'precision': 0.5480225988700564, 'recall': 0.97, 'f1-score': 0.7003610108303249, 'support': 200.0}, 'MITM': {'precision': 0.36585365853658536, 'recall': 0.15, 'f1-score': 0.2127659574468085, 'support': 200.0}, 'Malware': {'precision': 0.7934272300469484, 'recall': 0.4225, 'f1-score': 0.5513866231647635, 'support': 400.0}, 'Scan': {'precision': 0.8108108108108109, 'recall': 0.3, 'f1-score': 0.43795620437956206, 'support': 200.0}, 'WebAttack': {'precision': 0.7240506329113924, 'recall': 0.715, 'f1-score': 0.7194968553459119, 'support': 400.0}, 'accuracy': 0.5541666666666667, 'macro avg': {'precision': 0.5648358014555803, 'recall': 0.5282291666666667, 'f1-score': 0.4999078974676012, 'support': 1920.0}, 'weighted avg': {'precision': 0.6262593958884282, 'recall': 0.5541666666666667, 'f1-score': 0.5457494038853234, 'support': 1920.0}}","[[132   4   5  12  36   0   0  11]
 [  0  13  15   0   0   0   0  92]
 [  5  10 180   0   1   0   0   4]
 [  6   0   0 194   0   0   0   0]
 [ 14  21  40  91  30   2   0   2]
 [  0 131  83   0   3 169  14   0]
 [ 10  25  61   2   0  42  60   0]
 [  1  12  34  55  12   0   0 286]]",0.00184679,0.005590439
78,ToN_IoT,0,None,QuantileTransformer,KNN,0.494152219,-1,-1,88.42447917,56.96875,6.614583333,57.44469166,49.82646397,-1,"{'0Normal': {'precision': 0.6607142857142857, 'recall': 0.37, 'f1-score': 0.4743589743589744, 'support': 200.0}, 'BruteForce': {'precision': 0.2222222222222222, 'recall': 0.9, 'f1-score': 0.3564356435643564, 'support': 120.0}, 'DDoS': {'precision': 0.7236842105263158, 'recall': 0.55, 'f1-score': 0.6250000000000001, 'support': 200.0}, 'DoS': {'precision': 0.49489795918367346, 'recall': 0.97, 'f1-score': 0.6554054054054054, 'support': 200.0}, 'MITM': {'precision': 0.5862068965517241, 'recall': 0.085, 'f1-score': 0.14847161572052403, 'support': 200.0}, 'Malware': {'precision': 0.8659517426273459, 'recall': 0.8075, 'f1-score': 0.8357050452781372, 'support': 400.0}, 'Scan': {'precision': 0.6223175965665236, 'recall': 0.725, 'f1-score': 0.6697459584295612, 'support': 200.0}, 'WebAttack': {'precision': 0.4195804195804196, 'recall': 0.15, 'f1-score': 0.2209944751381215, 'support': 400.0}, 'accuracy': 0.5369791666666667, 'macro avg': {'precision': 0.5744469166215638, 'recall': 0.5696875, 'f1-score': 0.49826463973688506, 'support': 1920.0}, 'weighted avg': {'precision': 0.6033561048220195, 'recall': 0.5369791666666667, 'f1-score': 0.510441914675583, 'support': 1920.0}}","[[ 74  16  16  17  10   4  46  17]
 [  0 108   0   0   0   2   4   6]
 [ 31  32 110   0   0   8   6  13]
 [  0   0   0 194   0   0   6   0]
 [  5  33   4  89  17   2   4  46]
 [  1  27   9  21   0 323  19   0]
 [  0   5   1  16   0  32 145   1]
 [  1 265  12  55   2   2   3  60]]",0.000396013,0.001948357
195,ToN_IoT,2,None,StandardScaler,SGD,0.48978102,-1,-1,87.91666667,58.86458333,6.904761905,67.51154897,53.71552058,-1,"{'0Normal': {'precision': 0.4746192893401015, 'recall': 0.935, 'f1-score': 0.6296296296296295, 'support': 200.0}, 'BruteForce': {'precision': 0.1832191780821918, 'recall': 0.8916666666666667, 'f1-score': 0.30397727272727276, 'support': 120.0}, 'DDoS': {'precision': 0.8628571428571429, 'recall': 0.755, 'f1-score': 0.8053333333333333, 'support': 200.0}, 'DoS': {'precision': 0.9295774647887324, 'recall': 0.33, 'f1-score': 0.4870848708487085, 'support': 200.0}, 'MITM': {'precision': 0.832258064516129, 'recall': 0.645, 'f1-score': 0.7267605633802817, 'support': 200.0}, 'Malware': {'precision': 0.8255813953488372, 'recall': 0.1775, 'f1-score': 0.29218106995884774, 'support': 400.0}, 'Scan': {'precision': 0.42412451361867703, 'recall': 0.545, 'f1-score': 0.4770240700218819, 'support': 200.0}, 'WebAttack': {'precision': 0.8686868686868687, 'recall': 0.43, 'f1-score': 0.5752508361204014, 'support': 400.0}, 'accuracy': 0.5166666666666667, 'macro avg': {'precision': 0.675115489654835, 'recall': 0.5886458333333333, 'f1-score': 0.5371552057525446, 'support': 1920.0}, 'weighted avg': {'precision': 0.7314483864626573, 'recall': 0.5166666666666667, 'f1-score': 0.5253211086467393, 'support': 1920.0}}","[[187   1   2   2   6   0   2   0]
 [  3 107   0   0   0   0   0  10]
 [  3  46 151   0   0   0   0   0]
 [132   0   0  66   0   0   0   2]
 [ 26  23  12   3 129   0   0   7]
 [  2 173   2   0   0  71 146   6]
 [ 25  50   0   0   0  15 109   1]
 [ 16 184   8   0  20   0   0 172]]",0.026935577,0.001936674
346,ToN_IoT,2,None,MinMaxScaler,MLP,0.48720853,-1,-1,88.77604167,50.375,6.413690476,46.3461972,46.88340684,-1,"{'0Normal': {'precision': 0.832579185520362, 'recall': 0.92, 'f1-score': 0.8741092636579573, 'support': 200.0}, 'BruteForce': {'precision': 0.0, 'recall': 0.0, 'f1-score': 0.0, 'support': 120.0}, 'DDoS': {'precision': 0.7371428571428571, 'recall': 0.645, 'f1-score': 0.6880000000000001, 'support': 200.0}, 'DoS': {'precision': 0.0, 'recall': 0.0, 'f1-score': 0.0, 'support': 200.0}, 'MITM': {'precision': 0.7317073170731707, 'recall': 0.75, 'f1-score': 0.7407407407407408, 'support': 200.0}, 'Malware': {'precision': 0.6352459016393442, 'recall': 0.3875, 'f1-score': 0.48136645962732916, 'support': 400.0}, 'Scan': {'precision': 0.1932059447983015, 'recall': 0.455, 'f1-score': 0.27123695976154993, 'support': 200.0}, 'WebAttack': {'precision': 0.5778145695364238, 'recall': 0.8725, 'f1-score': 0.695219123505976, 'support': 400.0}, 'accuracy': 0.5510416666666667, 'macro avg': {'precision': 0.46346197196380745, 'recall': 0.5037499999999999, 'f1-score': 0.46883406841169417, 'support': 1920.0}, 'weighted avg': {'precision': 0.5125787757173154, 'recall': 0.5510416666666667, 'f1-score': 0.5132560552527977, 'support': 1920.0}}","[[184   0   1   0   8   1   2   4]
 [  0   0   4   0   0   8   0 108]
 [  2   0 129   0  13   5   0  51]
 [  6   0   0   0   3  30 161   0]
 [  5   0  17   0 150  15   0  13]
 [  2   0   7   0   0 155 217  19]
 [ 22   0   0   0   0  27  91  60]
 [  0   0  17   0  31   3   0 349]]",0.465891123,0.00126195
69,ToN_IoT,2,None,QuantileTransformer,SGD,0.48125948,-1,-1,87.43489583,57.45833333,7.180059524,73.9969356,47.89226287,-1,"{'0Normal': {'precision': 0.28378378378378377, 'recall': 0.945, 'f1-score': 0.43648960739030024, 'support': 200.0}, 'BruteForce': {'precision': 0.22420634920634921, 'recall': 0.9416666666666667, 'f1-score': 0.36217948717948717, 'support': 120.0}, 'DDoS': {'precision': 0.9154929577464789, 'recall': 0.325, 'f1-score': 0.4797047970479704, 'support': 200.0}, 'DoS': {'precision': 0.9597989949748744, 'recall': 0.955, 'f1-score': 0.9573934837092732, 'support': 200.0}, 'MITM': {'precision': 0.7330508474576272, 'recall': 0.865, 'f1-score': 0.7935779816513762, 'support': 200.0}, 'Malware': {'precision': 0.9253731343283582, 'recall': 0.465, 'f1-score': 0.6189683860232945, 'support': 400.0}, 'Scan': {'precision': 1.0, 'recall': 0.01, 'f1-score': 0.019801980198019802, 'support': 200.0}, 'WebAttack': {'precision': 0.8780487804878049, 'recall': 0.09, 'f1-score': 0.163265306122449, 'support': 400.0}, 'accuracy': 0.4973958333333333, 'macro avg': {'precision': 0.7399693559981595, 'recall': 0.5745833333333334, 'f1-score': 0.47892262866527124, 'support': 1920.0}, 'weighted avg': {'precision': 0.7951556482415522, 'recall': 0.4973958333333333, 'f1-score': 0.4654940548537624, 'support': 1920.0}}","[[189   0   1   4   5   0   0   1]
 [  7 113   0   0   0   0   0   0]
 [ 88  31  65   0  12   4   0   0]
 [  6   1   0 191   0   0   0   2]
 [ 21   2   1   1 173   0   0   2]
 [134  79   0   0   1 186   0   0]
 [181   4   0   3   0  10   2   0]
 [ 40 274   4   0  45   1   0  36]]",0.048048735,0.001012802
364,ToN_IoT,2,linear,MinMaxScaler,HHHv2,0.47585677,-1,-1,88.26822917,55.54752453,6.703869048,54.8125,51.05949452,-1,"{'0Normal': {'precision': 0.92, 'recall': 0.8141592920353983, 'f1-score': 0.863849765258216, 'support': 226.0}, 'BruteForce': {'precision': 0.0, 'recall': 0.0, 'f1-score': 0.0, 'support': 2.0}, 'DDoS': {'precision': 0.75, 'recall': 0.33557046979865773, 'f1-score': 0.4636785162287481, 'support': 447.0}, 'DoS': {'precision': 0.97, 'recall': 0.9065420560747663, 'f1-score': 0.9371980676328503, 'support': 214.0}, 'MITM': {'precision': 0.545, 'recall': 0.8861788617886179, 'f1-score': 0.6749226006191952, 'support': 123.0}, 'Malware': {'precision': 0.1875, 'recall': 0.7352941176470589, 'f1-score': 0.29880478087649404, 'support': 102.0}, 'Scan': {'precision': 0.49, 'recall': 0.2396088019559902, 'f1-score': 0.3218390804597701, 'support': 409.0}, 'WebAttack': {'precision': 0.5225, 'recall': 0.5264483627204031, 'f1-score': 0.5244667503136763, 'support': 397.0}, 'accuracy': 0.5307291666666667, 'macro avg': {'precision': 0.548125, 'recall': 0.5554752452526115, 'f1-score': 0.5105949451736187, 'support': 1920.0}, 'weighted avg': {'precision': 0.64830859375, 'recall': 0.5307291666666667, 'f1-score': 0.5502050945230084, 'support': 1920.0}}","[[184   0   0   6  24   2  10   0]
 [  0   0   0   0   2   0   0   0]
 [  1  73 150   0  10   6  24 183]
 [  1   0   0 194  17   0   2   0]
 [  7   0   2   0 109   1   0   4]
 [  0   7   2   0   3  75  14   1]
 [  3   1   4   0   4 296  98   3]
 [  4  39  42   0  31  20  52 209]]",0.163475752,0.015918732
80,ToN_IoT,0,None,QuantileTransformer,MLP,0.471413288,-1,-1,88.02083333,55.57291667,6.845238095,57.5103813,51.37246035,-1,"{'0Normal': {'precision': 0.8952380952380953, 'recall': 0.47, 'f1-score': 0.6163934426229508, 'support': 200.0}, 'BruteForce': {'precision': 0.234192037470726, 'recall': 0.8333333333333334, 'f1-score': 0.36563071297989036, 'support': 120.0}, 'DDoS': {'precision': 0.748792270531401, 'recall': 0.775, 'f1-score': 0.7616707616707616, 'support': 200.0}, 'DoS': {'precision': 0.40512820512820513, 'recall': 0.395, 'f1-score': 0.4, 'support': 200.0}, 'MITM': {'precision': 0.3939393939393939, 'recall': 0.26, 'f1-score': 0.3132530120481928, 'support': 200.0}, 'Malware': {'precision': 0.8687943262411347, 'recall': 0.6125, 'f1-score': 0.718475073313783, 'support': 400.0}, 'Scan': {'precision': 0.4114713216957606, 'recall': 0.825, 'f1-score': 0.5490848585690516, 'support': 200.0}, 'WebAttack': {'precision': 0.6432748538011696, 'recall': 0.275, 'f1-score': 0.3852889667250438, 'support': 400.0}, 'accuracy': 0.5208333333333334, 'macro avg': {'precision': 0.5751038130057358, 'recall': 0.5557291666666666, 'f1-score': 0.5137246034912093, 'support': 1920.0}, 'weighted avg': {'precision': 0.6270023821979063, 'recall': 0.5208333333333334, 'f1-score': 0.5278446440392234, 'support': 1920.0}}","[[ 94   9  14   4  62   1   3  13]
 [  0 100  11   0   1   1   7   0]
 [  0  20 155   0   3   4  18   0]
 [  0   1   0  79   6   0 114   0]
 [  7  16  13  59  52   1   4  48]
 [  2  71   0   0   4 245  78   0]
 [  2   4   0   0   0  29 165   0]
 [  0 206  14  53   4   1  12 110]]",0.074624062,0.000767708
76,ToN_IoT,2,None,QuantileTransformer,SGD,0.469071389,-1,-1,87.6953125,49.40625,7.03125,36.09066565,37.29151263,-1,"{'0Normal': {'precision': 0.34558823529411764, 'recall': 0.94, 'f1-score': 0.5053763440860215, 'support': 200.0}, 'BruteForce': {'precision': 0.0, 'recall': 0.0, 'f1-score': 0.0, 'support': 120.0}, 'DDoS': {'precision': 0.8153846153846154, 'recall': 0.265, 'f1-score': 0.4000000000000001, 'support': 200.0}, 'DoS': {'precision': 0.6440677966101694, 'recall': 0.95, 'f1-score': 0.7676767676767676, 'support': 200.0}, 'MITM': {'precision': 0.33524904214559387, 'recall': 0.875, 'f1-score': 0.4847645429362881, 'support': 200.0}, 'Malware': {'precision': 0.0, 'recall': 0.0, 'f1-score': 0.0, 'support': 400.0}, 'Scan': {'precision': 0.0, 'recall': 0.0, 'f1-score': 0.0, 'support': 200.0}, 'WebAttack': {'precision': 0.7469635627530364, 'recall': 0.9225, 'f1-score': 0.8255033557046979, 'support': 400.0}, 'accuracy': 0.5078125, 'macro avg': {'precision': 0.36090665652344156, 'recall': 0.49406249999999996, 'f1-score': 0.3729151263004719, 'support': 1920.0}, 'weighted avg': {'precision': 0.37856425155630924, 'recall': 0.5078125, 'f1-score': 0.3967525381362993, 'support': 1920.0}}","[[188   0   1   1   8   0   0   2]
 [  7   0   1   0  33   0   0  79]
 [  7   0  53   0 122   0   0  18]
 [  7   0   0 190   0   0   0   3]
 [  5   0   1   0 175   0   0  19]
 [176   0   1  71 152   0   0   0]
 [154   0   0  33   9   0   0   4]
 [  0   0   8   0  23   0   0 369]]",0.086343288,0.001020432
325,ToN_IoT,3,None,MinMaxScaler,MLP,0.466946783,-1,-1,88.21614583,51.67708333,6.733630952,56.11121533,48.1121488,-1,"{'0Normal': {'precision': 0.4441860465116279, 'recall': 0.955, 'f1-score': 0.6063492063492063, 'support': 200.0}, 'BruteForce': {'precision': 0.4375, 'recall': 0.2916666666666667, 'f1-score': 0.35000000000000003, 'support': 120.0}, 'DDoS': {'precision': 0.9485294117647058, 'recall': 0.645, 'f1-score': 0.7678571428571429, 'support': 200.0}, 'DoS': {'precision': 0.4, 'recall': 0.01, 'f1-score': 0.01951219512195122, 'support': 200.0}, 'MITM': {'precision': 0.835820895522388, 'recall': 0.84, 'f1-score': 0.8379052369077306, 'support': 200.0}, 'Malware': {'precision': 0.6620689655172414, 'recall': 0.24, 'f1-score': 0.35229357798165134, 'support': 400.0}, 'Scan': {'precision': 0.1930835734870317, 'recall': 0.335, 'f1-score': 0.24497257769652653, 'support': 200.0}, 'WebAttack': {'precision': 0.5677083333333334, 'recall': 0.8175, 'f1-score': 0.6700819672131147, 'support': 400.0}, 'accuracy': 0.5286458333333334, 'macro avg': {'precision': 0.561112153267041, 'recall': 0.5167708333333333, 'f1-score': 0.4811214880159154, 'support': 1920.0}, 'weighted avg': {'precision': 0.5774660963528023, 'recall': 0.5286458333333334, 'f1-score': 0.4928486926377177, 'support': 1920.0}}","[[191   0   0   1   2   0   2   4]
 [  0  35   0   0   0   8   0  77]
 [  2   1 129   0   1   3   2  62]
 [185   0   0   2   0  13   0   0]
 [  4   1   6   2 168   2   0  17]
 [  2   0   0   0   1  96 275  26]
 [ 46   0   0   0   1  23  67  63]
 [  0  43   1   0  28   0   1 327]]",8.306027651,0.011049747
311,ToN_IoT,3,None,MinMaxScaler,MLP,0.4657775,-1,-1,87.83854167,50.25,6.949404762,50.38023994,41.43745643,-1,"{'0Normal': {'precision': 0.4578313253012048, 'recall': 0.95, 'f1-score': 0.6178861788617885, 'support': 200.0}, 'BruteForce': {'precision': 0.0, 'recall': 0.0, 'f1-score': 0.0, 'support': 120.0}, 'DDoS': {'precision': 0.9423076923076923, 'recall': 0.735, 'f1-score': 0.8258426966292134, 'support': 200.0}, 'DoS': {'precision': 1.0, 'recall': 0.005, 'f1-score': 0.009950248756218907, 'support': 200.0}, 'MITM': {'precision': 0.8090452261306532, 'recall': 0.805, 'f1-score': 0.8070175438596492, 'support': 200.0}, 'Malware': {'precision': 0.0, 'recall': 0.0, 'f1-score': 0.0, 'support': 400.0}, 'Scan': {'precision': 0.23883495145631067, 'recall': 0.615, 'f1-score': 0.3440559440559441, 'support': 200.0}, 'WebAttack': {'precision': 0.5824, 'recall': 0.91, 'f1-score': 0.7102439024390245, 'support': 400.0}, 'accuracy': 0.5135416666666667, 'macro avg': {'precision': 0.5038023993994827, 'recall': 0.5025, 'f1-score': 0.4143745643252298, 'support': 1920.0}, 'weighted avg': {'precision': 0.4805019994995689, 'recall': 0.5135416666666667, 'f1-score': 0.4192958767750899, 'support': 1920.0}}","[[190   0   1   0   3   1   2   3]
 [  0   0   0   0   0   0   8 112]
 [  3   0 147   0   1   0   5  44]
 [199   0   0   1   0   0   0   0]
 [  4   0   6   0 161   7   5  17]
 [  2   0   0   0   0   0 371  27]
 [ 17   0   0   0   1   1 123  58]
 [  0   0   2   0  33   0   1 364]]",9.023663998,0.029396057
100,ToN_IoT,0,None,QuantileTransformer,KNN,0.455869921,-1,-1,87.56510417,53.94791667,7.105654762,53.28133936,46.65137875,-1,"{'0Normal': {'precision': 0.5304347826086957, 'recall': 0.305, 'f1-score': 0.38730158730158737, 'support': 200.0}, 'BruteForce': {'precision': 0.221505376344086, 'recall': 0.8583333333333333, 'f1-score': 0.3521367521367521, 'support': 120.0}, 'DDoS': {'precision': 0.58125, 'recall': 0.465, 'f1-score': 0.5166666666666666, 'support': 200.0}, 'DoS': {'precision': 0.5025906735751295, 'recall': 0.97, 'f1-score': 0.6621160409556314, 'support': 200.0}, 'MITM': {'precision': 0.6206896551724138, 'recall': 0.18, 'f1-score': 0.27906976744186046, 'support': 200.0}, 'Malware': {'precision': 0.8371428571428572, 'recall': 0.7325, 'f1-score': 0.7813333333333334, 'support': 400.0}, 'Scan': {'precision': 0.4740484429065744, 'recall': 0.685, 'f1-score': 0.5603271983640082, 'support': 200.0}, 'WebAttack': {'precision': 0.4948453608247423, 'recall': 0.12, 'f1-score': 0.193158953722334, 'support': 400.0}, 'accuracy': 0.5026041666666666, 'macro avg': {'precision': 0.5328133935718123, 'recall': 0.5394791666666667, 'f1-score': 0.4665137874902717, 'support': 1920.0}, 'weighted avg': {'precision': 0.5735305433337985, 'recall': 0.5026041666666666, 'f1-score': 0.47559873813782705, 'support': 1920.0}}","[[ 61  16  25   9  10   1  67  11]
 [  2 103   9   0   0   4   2   0]
 [ 44  34  93   0   0  12   9   8]
 [  0   0   0 194   0   0   6   0]
 [  4  30  10  88  36   3   0  29]
 [  2  10   9  19   0 293  67   0]
 [  0   5   1  21   0  35 137   1]
 [  2 267  13  55  12   2   1  48]]",0.000371456,0.001833677
353,ToN_IoT,2,None,MinMaxScaler,MLP,0.453196499,-1,-1,88.1640625,48.09375,6.763392857,42.12024942,44.13033962,-1,"{'0Normal': {'precision': 0.7829787234042553, 'recall': 0.92, 'f1-score': 0.8459770114942528, 'support': 200.0}, 'BruteForce': {'precision': 0.0, 'recall': 0.0, 'f1-score': 0.0, 'support': 120.0}, 'DDoS': {'precision': 0.6, 'recall': 0.555, 'f1-score': 0.5766233766233766, 'support': 200.0}, 'DoS': {'precision': 0.0, 'recall': 0.0, 'f1-score': 0.0, 'support': 200.0}, 'MITM': {'precision': 0.691304347826087, 'recall': 0.795, 'f1-score': 0.7395348837209302, 'support': 200.0}, 'Malware': {'precision': 0.543859649122807, 'recall': 0.3875, 'f1-score': 0.45255474452554745, 'support': 400.0}, 'Scan': {'precision': 0.18004866180048662, 'recall': 0.37, 'f1-score': 0.24222585924713586, 'support': 200.0}, 'WebAttack': {'precision': 0.5714285714285714, 'recall': 0.82, 'f1-score': 0.6735112936344968, 'support': 400.0}, 'accuracy': 0.5265625, 'macro avg': {'precision': 0.4212024941977759, 'recall': 0.4809375, 'f1-score': 0.44130339615571745, 'support': 1920.0}, 'weighted avg': {'precision': 0.4671779348055819, 'recall': 0.5265625, 'f1-score': 0.48505137577143576, 'support': 1920.0}}","[[184   0   1   0   9   2   0   4]
 [  0   0  16   0   0   8   0  96]
 [  2   0 111   0  28   5   0  54]
 [  6   0   0   0   3  71 120   0]
 [  5   0  11   0 159  12   0  13]
 [  2   0   7   0   0 155 217  19]
 [ 36   0   0   0   0  30  74  60]
 [  0   0  39   0  31   2   0 328]]",1.22865963,0.001456022
252,ToN_IoT,0,None,StandardScaler,NuSVC,0.452468496,-1,-1,88.03385417,53.57291667,6.837797619,54.12042358,51.99727709,-1,"{'0Normal': {'precision': 0.7253886010362695, 'recall': 0.7, 'f1-score': 0.712468193384224, 'support': 200.0}, 'BruteForce': {'precision': 0.1794871794871795, 'recall': 0.23333333333333334, 'f1-score': 0.20289855072463772, 'support': 120.0}, 'DDoS': {'precision': 0.6146341463414634, 'recall': 0.63, 'f1-score': 0.6222222222222222, 'support': 200.0}, 'DoS': {'precision': 0.9227053140096618, 'recall': 0.955, 'f1-score': 0.9385749385749386, 'support': 200.0}, 'MITM': {'precision': 0.49609375, 'recall': 0.635, 'f1-score': 0.5570175438596491, 'support': 200.0}, 'Malware': {'precision': 0.672, 'recall': 0.21, 'f1-score': 0.32, 'support': 400.0}, 'Scan': {'precision': 0.28193832599118945, 'recall': 0.32, 'f1-score': 0.2997658079625293, 'support': 200.0}, 'WebAttack': {'precision': 0.43738656987295826, 'recall': 0.6025, 'f1-score': 0.5068349106203996, 'support': 400.0}, 'accuracy': 0.5213541666666667, 'macro avg': {'precision': 0.5412042358423402, 'recall': 0.5357291666666667, 'f1-score': 0.5199727709185751, 'support': 1920.0}, 'weighted avg': {'precision': 0.5590859984184176, 'recall': 0.5213541666666667, 'f1-score': 0.510985172674911, 'support': 1920.0}}","[[140   2   0   2  50   0   2   4]
 [  0  28   4   0   0   0   0  88]
 [ 33  17 126   0   0   0   0  24]
 [  4   0   0 191   5   0   0   0]
 [ 11   4  37  12 127   0   0   9]
 [  1   2   7   1   1  84 161 143]
 [  1  20  20   1  11  41  64  42]
 [  3  83  11   0  62   0   0 241]]",0.001783609,0.006770372
360,ToN_IoT,2,None,MinMaxScaler,MLP,0.451892693,-1,-1,88.046875,45.9375,6.830357143,46.81440371,44.00898984,-1,"{'0Normal': {'precision': 0.7489711934156379, 'recall': 0.91, 'f1-score': 0.8216704288939053, 'support': 200.0}, 'BruteForce': {'precision': 0.0, 'recall': 0.0, 'f1-score': 0.0, 'support': 120.0}, 'DDoS': {'precision': 0.9203539823008849, 'recall': 0.52, 'f1-score': 0.6645367412140575, 'support': 200.0}, 'DoS': {'precision': 0.0, 'recall': 0.0, 'f1-score': 0.0, 'support': 200.0}, 'MITM': {'precision': 0.7875, 'recall': 0.63, 'f1-score': 0.7, 'support': 200.0}, 'Malware': {'precision': 0.6341463414634146, 'recall': 0.39, 'f1-score': 0.48297213622291024, 'support': 400.0}, 'Scan': {'precision': 0.12698412698412698, 'recall': 0.28, 'f1-score': 0.17472698907956316, 'support': 200.0}, 'WebAttack': {'precision': 0.5271966527196653, 'recall': 0.945, 'f1-score': 0.6768128916741272, 'support': 400.0}, 'accuracy': 0.521875, 'macro avg': {'precision': 0.4681440371104662, 'recall': 0.45937500000000003, 'f1-score': 0.4400898983855704, 'support': 1920.0}, 'weighted avg': {'precision': 0.511093259486126, 'recall': 0.521875, 'f1-score': 0.4875525223939167, 'support': 1920.0}}","[[182   0   0   0   5   5   0   8]
 [  0   0   0   0   0   8   0 112]
 [  2   0 104   0   9   5   0  80]
 [  6   0   0   0   3  22 169   0]
 [  7   0   8   0 126  15   0  44]
 [  2   0   0   0   0 156 216  26]
 [ 44   0   0   0   0  31  56  69]
 [  0   0   1   0  17   4   0 378]]",0.319770813,0.001412868
318,ToN_IoT,3,None,MinMaxScaler,MLP,0.450656846,-1,-1,87.47395833,47.53125,7.157738095,51.76846938,40.73076015,-1,"{'0Normal': {'precision': 0.5082872928176796, 'recall': 0.92, 'f1-score': 0.6548042704626336, 'support': 200.0}, 'BruteForce': {'precision': 0.0, 'recall': 0.0, 'f1-score': 0.0, 'support': 120.0}, 'DDoS': {'precision': 0.9473684210526315, 'recall': 0.72, 'f1-score': 0.8181818181818181, 'support': 200.0}, 'DoS': {'precision': 1.0, 'recall': 0.005, 'f1-score': 0.009950248756218907, 'support': 200.0}, 'MITM': {'precision': 0.9459459459459459, 'recall': 0.7, 'f1-score': 0.8045977011494254, 'support': 200.0}, 'Malware': {'precision': 0.0, 'recall': 0.0, 'f1-score': 0.0, 'support': 400.0}, 'Scan': {'precision': 0.1649122807017544, 'recall': 0.47, 'f1-score': 0.24415584415584415, 'support': 200.0}, 'WebAttack': {'precision': 0.5749636098981077, 'recall': 0.9875, 'f1-score': 0.7267709291628334, 'support': 400.0}, 'accuracy': 0.49895833333333334, 'macro avg': {'precision': 0.5176846938020149, 'recall': 0.47531249999999997, 'f1-score': 0.4073076014835967, 'support': 1920.0}, 'weighted avg': {'precision': 0.49129595419939864, 'recall': 0.49895833333333334, 'f1-score': 0.41512830635745906, 'support': 1920.0}}","[[184   0   0   0   4   0   3   9]
 [  0   0   0   0   0   0   8 112]
 [  2   0 144   0   2   0   5  47]
 [123   0   0   1   0   0  74   2]
 [  4   0   6   0 140   0  13  37]
 [  2   0   0   0   0   0 372  26]
 [ 47   0   0   0   0   0  94  59]
 [  0   0   2   0   2   0   1 395]]",5.674214363,0.011115074
332,ToN_IoT,3,None,MinMaxScaler,MLP,0.450356388,-1,-1,87.5,48.15625,7.142857143,39.71032681,40.56326137,-1,"{'0Normal': {'precision': 0.4090909090909091, 'recall': 0.945, 'f1-score': 0.5709969788519638, 'support': 200.0}, 'BruteForce': {'precision': 0.0, 'recall': 0.0, 'f1-score': 0.0, 'support': 120.0}, 'DDoS': {'precision': 0.8816568047337278, 'recall': 0.745, 'f1-score': 0.8075880758807588, 'support': 200.0}, 'DoS': {'precision': 0.125, 'recall': 0.015, 'f1-score': 0.02678571428571428, 'support': 200.0}, 'MITM': {'precision': 0.9333333333333333, 'recall': 0.7, 'f1-score': 0.8, 'support': 200.0}, 'Malware': {'precision': 0.0, 'recall': 0.0, 'f1-score': 0.0, 'support': 400.0}, 'Scan': {'precision': 0.19607843137254902, 'recall': 0.5, 'f1-score': 0.28169014084507044, 'support': 200.0}, 'WebAttack': {'precision': 0.6316666666666667, 'recall': 0.9475, 'f1-score': 0.7580000000000001, 'support': 400.0}, 'accuracy': 0.5, 'macro avg': {'precision': 0.39710326814964825, 'recall': 0.4815625, 'f1-score': 0.40563261373293846, 'support': 1920.0}, 'weighted avg': {'precision': 0.39671800123581796, 'recall': 0.5, 'f1-score': 0.41698551144411533, 'support': 1920.0}}","[[189   0   2   3   3   0   2   1]
 [  1   0   0   0   0   0   8 111]
 [ 10   0 149   0   1   0   5  35]
 [182   0   0   3   0   0  15   0]
 [ 14   0   8  18 140   0   5  15]
 [ 10   0   2   0   1   0 372  15]
 [ 50   0   0   0   1   5 100  44]
 [  6   0   8   0   4   0   3 379]]",8.163435698,0.008785963
307,ToN_IoT,3,None,MinMaxScaler,SGD,0.44593723,-1,-1,87.64322917,49.65625,7.061011905,54.56607254,43.54681335,-1,"{'0Normal': {'precision': 0.8647342995169082, 'recall': 0.895, 'f1-score': 0.8796068796068797, 'support': 200.0}, 'BruteForce': {'precision': 0.0, 'recall': 0.0, 'f1-score': 0.0, 'support': 120.0}, 'DDoS': {'precision': 0.4749034749034749, 'recall': 0.615, 'f1-score': 0.5359477124183006, 'support': 200.0}, 'DoS': {'precision': 0.5689149560117303, 'recall': 0.97, 'f1-score': 0.7171903881700554, 'support': 200.0}, 'MITM': {'precision': 0.9016393442622951, 'recall': 0.275, 'f1-score': 0.42145593869731807, 'support': 200.0}, 'Malware': {'precision': 0.8666666666666667, 'recall': 0.0325, 'f1-score': 0.06265060240963856, 'support': 400.0}, 'Scan': {'precision': 0.2392857142857143, 'recall': 0.335, 'f1-score': 0.2791666666666667, 'support': 200.0}, 'WebAttack': {'precision': 0.44914134742404227, 'recall': 0.85, 'f1-score': 0.5877268798617112, 'support': 400.0}, 'accuracy': 0.5057291666666667, 'macro avg': {'precision': 0.5456607253838539, 'recall': 0.4965625, 'f1-score': 0.4354681334788213, 'support': 1920.0}, 'weighted avg': {'precision': 0.5917806059543271, 'recall': 0.5057291666666667, 'f1-score': 0.4306377656356167, 'support': 1920.0}}","[[179   0   2   4   3   0   0  12]
 [  0   0   0   0   0   0   0 120]
 [  1   0 123   0   1   0   0  75]
 [  5   0   0 194   0   0   0   1]
 [ 11   0   5  84  55   0   0  45]
 [  2   0  94   0   1  13 213  77]
 [  9   0  33   2   0   2  67  87]
 [  0   0   2  57   1   0   0 340]]",1.624079227,0.009014606
91,ToN_IoT,0,None,QuantileTransformer,SGD,0.444742225,-1,-1,87.2265625,45.6875,7.299107143,51.86434542,39.73800648,-1,"{'0Normal': {'precision': 0.27906976744186046, 'recall': 0.9, 'f1-score': 0.42603550295857995, 'support': 200.0}, 'BruteForce': {'precision': 0.21428571428571427, 'recall': 0.025, 'f1-score': 0.04477611940298508, 'support': 120.0}, 'DDoS': {'precision': 0.9166666666666666, 'recall': 0.22, 'f1-score': 0.3548387096774193, 'support': 200.0}, 'DoS': {'precision': 0.0, 'recall': 0.0, 'f1-score': 0.0, 'support': 200.0}, 'MITM': {'precision': 0.6342857142857142, 'recall': 0.555, 'f1-score': 0.592, 'support': 200.0}, 'Malware': {'precision': 0.967948717948718, 'recall': 0.3775, 'f1-score': 0.5431654676258992, 'support': 400.0}, 'Scan': {'precision': 0.3315018315018315, 'recall': 0.905, 'f1-score': 0.4852546916890081, 'support': 200.0}, 'WebAttack': {'precision': 0.8053892215568862, 'recall': 0.6725, 'f1-score': 0.7329700272479565, 'support': 400.0}, 'accuracy': 0.4890625, 'macro avg': {'precision': 0.518643454210924, 'recall': 0.45687500000000003, 'f1-score': 0.397380064825231, 'support': 1920.0}, 'weighted avg': {'precision': 0.6079970091123656, 'recall': 0.4890625, 'f1-score': 0.4622151630952614, 'support': 1920.0}}","[[180   0   2   1   6   0   4   7]
 [ 74   3   0   0   0   0  13  30]
 [141   1  44   1   1   4   8   0]
 [  6   1   0   0   3   0 190   0]
 [ 56   4   1   0 111   0   1  27]
 [103   0   0   0   0 151 146   0]
 [ 13   5   0   0   0   0 181   1]
 [ 72   0   1   0  54   1   3 269]]",0.056852818,0.000420332
399,ToN_IoT,0,None,MinMaxScaler,NuSVC,0.43899595,-1,-1,87.29166667,53.85416667,7.261904762,52.30886211,48.72141469,-1,"{'0Normal': {'precision': 0.5627705627705628, 'recall': 0.65, 'f1-score': 0.6032482598607889, 'support': 200.0}, 'BruteForce': {'precision': 0.19261213720316622, 'recall': 0.6083333333333333, 'f1-score': 0.2925851703406813, 'support': 120.0}, 'DDoS': {'precision': 0.48135593220338985, 'recall': 0.71, 'f1-score': 0.5737373737373738, 'support': 200.0}, 'DoS': {'precision': 0.6366666666666667, 'recall': 0.955, 'f1-score': 0.7639999999999999, 'support': 200.0}, 'MITM': {'precision': 0.53125, 'recall': 0.34, 'f1-score': 0.4146341463414634, 'support': 200.0}, 'Malware': {'precision': 0.8240740740740741, 'recall': 0.445, 'f1-score': 0.577922077922078, 'support': 400.0}, 'Scan': {'precision': 0.3291139240506329, 'recall': 0.39, 'f1-score': 0.35697940503432496, 'support': 200.0}, 'WebAttack': {'precision': 0.6268656716417911, 'recall': 0.21, 'f1-score': 0.31460674157303375, 'support': 400.0}, 'accuracy': 0.49166666666666664, 'macro avg': {'precision': 0.5230886210762854, 'recall': 0.5385416666666667, 'f1-score': 0.487214146851218, 'support': 1920.0}, 'weighted avg': {'precision': 0.579021235358842, 'recall': 0.49166666666666664, 'f1-score': 0.4867924923092274, 'support': 1920.0}}","[[130   2   4   6  45   1   1  11]
 [  0  73  16   0   0   0   9  22]
 [ 32   8 142   0   7   5   3   3]
 [  8   0   0 191   1   0   0   0]
 [ 16   6  12  80  68   0   6  12]
 [  0  65  18   1   1 178 137   0]
 [  8   7  74   1   0  30  78   2]
 [ 37 218  29  21   6   2   3  84]]",0.001342535,0.005908489
339,ToN_IoT,2,None,MinMaxScaler,MLP,0.425117421,-1,-1,87.3046875,50.30208333,7.254464286,48.04181701,44.69928185,-1,"{'0Normal': {'precision': 0.43356643356643354, 'recall': 0.93, 'f1-score': 0.5914149443561209, 'support': 200.0}, 'BruteForce': {'precision': 0.26512968299711814, 'recall': 0.7666666666666667, 'f1-score': 0.3940042826552462, 'support': 120.0}, 'DDoS': {'precision': 0.6790697674418604, 'recall': 0.73, 'f1-score': 0.7036144578313253, 'support': 200.0}, 'DoS': {'precision': 0.01639344262295082, 'recall': 0.005, 'f1-score': 0.007662835249042145, 'support': 200.0}, 'MITM': {'precision': 0.9375, 'recall': 0.375, 'f1-score': 0.5357142857142857, 'support': 200.0}, 'Malware': {'precision': 0.7827298050139275, 'recall': 0.7025, 'f1-score': 0.7404479578392623, 'support': 400.0}, 'Scan': {'precision': 0.3181818181818182, 'recall': 0.21, 'f1-score': 0.25301204819277107, 'support': 200.0}, 'WebAttack': {'precision': 0.4107744107744108, 'recall': 0.305, 'f1-score': 0.35007173601147773, 'support': 400.0}, 'accuracy': 0.4921875, 'macro avg': {'precision': 0.4804181700748149, 'recall': 0.5030208333333334, 'f1-score': 0.4469928184811914, 'support': 1920.0}, 'weighted avg': {'precision': 0.5136247607487511, 'recall': 0.4921875, 'f1-score': 0.46967297173314304, 'support': 1920.0}}","[[186   0   2   3   2   3   0   4]
 [  0  92   7   0   0   8   0  13]
 [  2   3 146   0   0   5   0  44]
 [182   0   0   1   0  15   0   2]
 [  6   1  38  56  75   5   0  19]
 [  2   0   1   0   1 281  90  25]
 [ 51   0   0   0   0  39  42  68]
 [  0 251  21   1   2   3   0 122]]",0.357839584,0.001235485
160,ToN_IoT,3,None,StandardScaler,SGD,0.424353686,-1,-1,86.96614583,46.51041667,7.447916667,50.44260095,40.53700936,-1,"{'0Normal': {'precision': 0.5688622754491018, 'recall': 0.95, 'f1-score': 0.7116104868913858, 'support': 200.0}, 'BruteForce': {'precision': 0.9090909090909091, 'recall': 0.08333333333333333, 'f1-score': 0.15267175572519082, 'support': 120.0}, 'DDoS': {'precision': 0.9807692307692307, 'recall': 0.51, 'f1-score': 0.6710526315789475, 'support': 200.0}, 'DoS': {'precision': 0.0, 'recall': 0.0, 'f1-score': 0.0, 'support': 200.0}, 'MITM': {'precision': 0.7828282828282829, 'recall': 0.775, 'f1-score': 0.7788944723618091, 'support': 200.0}, 'Malware': {'precision': 0.09090909090909091, 'recall': 0.0025, 'f1-score': 0.004866180048661801, 'support': 400.0}, 'Scan': {'precision': 0.16981132075471697, 'recall': 0.495, 'f1-score': 0.2528735632183908, 'support': 200.0}, 'WebAttack': {'precision': 0.5331369661266568, 'recall': 0.905, 'f1-score': 0.6709916589434661, 'support': 400.0}, 'accuracy': 0.4786458333333333, 'macro avg': {'precision': 0.5044260094909987, 'recall': 0.46510416666666665, 'f1-score': 0.4053700935959815, 'support': 1920.0}, 'weighted avg': {'precision': 0.4474810176382681, 'recall': 0.4786458333333333, 'f1-score': 0.40184894640311497, 'support': 1920.0}}","[[190   0   0   0   6   0   2   2]
 [  0  10   0   0   0   0   2 108]
 [ 30   1 102   0   5   0   5  57]
 [ 23   0   0   0   3   0 174   0]
 [ 22   0   1   0 155   5   6  11]
 [  1   0   0   0   0   1 294 104]
 [ 61   0   0   0   0   5  99  35]
 [  7   0   1   0  29   0   1 362]]",0.381033421,0.004587173
342,ToN_IoT,2,None,MinMaxScaler,SGD,0.419478542,-1,-1,86.71875,49.22916667,7.589285714,55.04937323,44.19758147,-1,"{'0Normal': {'precision': 0.9571428571428572, 'recall': 0.67, 'f1-score': 0.7882352941176471, 'support': 200.0}, 'BruteForce': {'precision': 0.2388888888888889, 'recall': 0.35833333333333334, 'f1-score': 0.2866666666666667, 'support': 120.0}, 'DDoS': {'precision': 0.78, 'recall': 0.195, 'f1-score': 0.312, 'support': 200.0}, 'DoS': {'precision': 0.7868852459016393, 'recall': 0.96, 'f1-score': 0.8648648648648649, 'support': 200.0}, 'MITM': {'precision': 0.9069767441860465, 'recall': 0.195, 'f1-score': 0.3209876543209877, 'support': 200.0}, 'Malware': {'precision': 0.0, 'recall': 0.0, 'f1-score': 0.0, 'support': 400.0}, 'Scan': {'precision': 0.2544642857142857, 'recall': 0.855, 'f1-score': 0.3922018348623853, 'support': 200.0}, 'WebAttack': {'precision': 0.47959183673469385, 'recall': 0.705, 'f1-score': 0.5708502024291499, 'support': 400.0}, 'accuracy': 0.46875, 'macro avg': {'precision': 0.5504937323210515, 'recall': 0.4922916666666667, 'f1-score': 0.44197581465771274, 'support': 1920.0}, 'weighted avg': {'precision': 0.4987485562237031, 'recall': 0.46875, 'f1-score': 0.4158322971900192, 'support': 1920.0}}","[[134   0   0   3   1   2  46  14]
 [  0  43   0   0   0   0   8  69]
 [  0   1  39   0   2   0  41 117]
 [  0   0   0 192   0   0   6   2]
 [  4  24  10  48  39   0   9  66]
 [  2   0   0   0   1   0 387  10]
 [  0   0   0   0   0   1 171  28]
 [  0 112   1   1   0   0   4 282]]",0.023578405,0.000696659
400,ToN_IoT,0,None,MinMaxScaler,SGD,0.412549587,-1,-1,87.25260417,42.71875,7.28422619,43.82649428,39.70316385,-1,"{'0Normal': {'precision': 0.4980392156862745, 'recall': 0.635, 'f1-score': 0.5582417582417583, 'support': 200.0}, 'BruteForce': {'precision': 0.0, 'recall': 0.0, 'f1-score': 0.0, 'support': 120.0}, 'DDoS': {'precision': 0.0, 'recall': 0.0, 'f1-score': 0.0, 'support': 200.0}, 'DoS': {'precision': 0.8220338983050848, 'recall': 0.97, 'f1-score': 0.8899082568807339, 'support': 200.0}, 'MITM': {'precision': 0.9253731343283582, 'recall': 0.31, 'f1-score': 0.4644194756554307, 'support': 200.0}, 'Malware': {'precision': 0.6798418972332015, 'recall': 0.43, 'f1-score': 0.5267993874425727, 'support': 400.0}, 'Scan': {'precision': 0.19457013574660634, 'recall': 0.215, 'f1-score': 0.20427553444180524, 'support': 200.0}, 'WebAttack': {'precision': 0.38626126126126126, 'recall': 0.8575, 'f1-score': 0.532608695652174, 'support': 400.0}, 'accuracy': 0.4901041666666667, 'macro avg': {'precision': 0.4382649428200983, 'recall': 0.4271875, 'f1-score': 0.39703163853930934, 'support': 1920.0}, 'weighted avg': {'precision': 0.47627319802658846, 'recall': 0.4901041666666667, 'f1-score': 0.4412147074384606, 'support': 1920.0}}","[[127   0   0  26   3   1   5  38]
 [  0   0   0   0   0   8   0 112]
 [ 32   0   0   1   0   3   2 162]
 [  2   0   0 194   1   2   0   1]
 [ 38   0   0  14  62   2   0  84]
 [  1   0   0   1   0 172 170  56]
 [  0   0   0   0   0  65  43  92]
 [ 55   0   0   0   1   0   1 343]]",0.001953602,0.000375986
85,ToN_IoT,0,None,QuantileTransformer,HHHv2,0.4084741,-1,-1,86.41927083,48.91301822,7.760416667,48.23958333,40.8725726,-1,"{'0Normal': {'precision': 0.36, 'recall': 0.6792452830188679, 'f1-score': 0.4705882352941176, 'support': 106.0}, 'BruteForce': {'precision': 0.7666666666666667, 'recall': 0.1908713692946058, 'f1-score': 0.30564784053156147, 'support': 482.0}, 'DDoS': {'precision': 0.895, 'recall': 0.6370106761565836, 'f1-score': 0.7442827442827441, 'support': 281.0}, 'DoS': {'precision': 0.015, 'recall': 0.019867549668874173, 'f1-score': 0.017094017094017092, 'support': 151.0}, 'MITM': {'precision': 0.14, 'recall': 0.39436619718309857, 'f1-score': 0.20664206642066418, 'support': 71.0}, 'Malware': {'precision': 0.7175, 'recall': 0.9169329073482428, 'f1-score': 0.8050490883590463, 'support': 313.0}, 'Scan': {'precision': 0.85, 'recall': 0.37777777777777777, 'f1-score': 0.523076923076923, 'support': 450.0}, 'WebAttack': {'precision': 0.115, 'recall': 0.696969696969697, 'f1-score': 0.19742489270386265, 'support': 66.0}, 'accuracy': 0.45677083333333335, 'macro avg': {'precision': 0.48239583333333336, 'recall': 0.4891301821772185, 'f1-score': 0.40872572597036705, 'support': 1920.0}, 'weighted avg': {'precision': 0.6698233506944445, 'recall': 0.45677083333333335, 'f1-score': 0.4812478486861228, 'support': 1920.0}}","[[ 72  13   0   1   8  11   1   0]
 [ 16  92  14   0  63  15   4 278]
 [ 25  14 179   0   3  45   2  13]
 [  5   0   0   3  88   0   0  55]
 [ 20   1   2   1  28   9   4   6]
 [  2   0   4   0   0 287  19   1]
 [ 49   0   1 195   1  33 170   1]
 [ 11   0   0   0   9   0   0  46]]",0.002813578,0.005628586
109,ToN_IoT,0,None,QuantileTransformer,LDA,0.399882061,-1,-1,85.9765625,47.35416667,8.013392857,53.5412504,39.02827476,-1,"{'0Normal': {'precision': 0.4899135446685879, 'recall': 0.85, 'f1-score': 0.6215722120658135, 'support': 200.0}, 'BruteForce': {'precision': 0.16379310344827586, 'recall': 0.15833333333333333, 'f1-score': 0.16101694915254236, 'support': 120.0}, 'DDoS': {'precision': 0.8045977011494253, 'recall': 0.35, 'f1-score': 0.4878048780487805, 'support': 200.0}, 'DoS': {'precision': 0.4216335540838852, 'recall': 0.955, 'f1-score': 0.5849923430321593, 'support': 200.0}, 'MITM': {'precision': 0.2705530642750374, 'recall': 0.905, 'f1-score': 0.4165707710011508, 'support': 200.0}, 'Malware': {'precision': 0.9655172413793104, 'recall': 0.42, 'f1-score': 0.5853658536585366, 'support': 400.0}, 'Scan': {'precision': 0.5161290322580645, 'recall': 0.08, 'f1-score': 0.13852813852813853, 'support': 200.0}, 'WebAttack': {'precision': 0.6511627906976745, 'recall': 0.07, 'f1-score': 0.12641083521444696, 'support': 400.0}, 'accuracy': 0.4390625, 'macro avg': {'precision': 0.5354125039950326, 'recall': 0.4735416666666667, 'f1-score': 0.39028274758769604, 'support': 1920.0}, 'weighted avg': {'precision': 0.6077565440268683, 'recall': 0.4390625, 'f1-score': 0.3926699885326599, 'support': 1920.0}}","[[170   0   6   4  17   1   0   2]
 [  5  19   1   2  93   0   0   0]
 [  2  39  70  66  15   4   0   4]
 [  6   0   0 191   3   0   0   0]
 [  6   1   2   1 181   0   0   9]
 [ 20  50   0 147   0 168  15   0]
 [138   3   0  41   2   0  16   0]
 [  0   4   8   1 358   1   0  28]]",0.001680613,0.000324011
225,ToN_IoT,0,None,StandardScaler,KNN,0.399711586,-1,-1,86.53645833,48.46875,7.693452381,44.62895482,41.37494452,-1,"{'0Normal': {'precision': 0.6410256410256411, 'recall': 0.375, 'f1-score': 0.47318611987381715, 'support': 200.0}, 'BruteForce': {'precision': 0.23484848484848486, 'recall': 0.775, 'f1-score': 0.36046511627906985, 'support': 120.0}, 'DDoS': {'precision': 0.367816091954023, 'recall': 0.48, 'f1-score': 0.4164859002169197, 'support': 200.0}, 'DoS': {'precision': 0.45871559633027525, 'recall': 1.0, 'f1-score': 0.628930817610063, 'support': 200.0}, 'MITM': {'precision': 0.34, 'recall': 0.085, 'f1-score': 0.136, 'support': 200.0}, 'Malware': {'precision': 0.8278688524590164, 'recall': 0.7575, 'f1-score': 0.7911227154046997, 'support': 400.0}, 'Scan': {'precision': 0.425531914893617, 'recall': 0.3, 'f1-score': 0.3519061583577712, 'support': 200.0}, 'WebAttack': {'precision': 0.27450980392156865, 'recall': 0.105, 'f1-score': 0.1518987341772152, 'support': 400.0}, 'accuracy': 0.46145833333333336, 'macro avg': {'precision': 0.4462895481790783, 'recall': 0.48468749999999994, 'f1-score': 0.4137494452399445, 'support': 1920.0}, 'weighted avg': {'precision': 0.47695371332018927, 'recall': 0.46145833333333336, 'f1-score': 0.4280032255197753, 'support': 1920.0}}","[[ 75  11   6  62  31   1   4  10]
 [  0  93   6   0   0   7   1  13]
 [ 31   3  96   1   0   5   0  64]
 [  0   0   0 200   0   0   0   0]
 [  5   7  52 104  17   3   3   9]
 [  1   0  18   1   0 303  70   7]
 [  4   3  66  13   0  46  60   8]
 [  1 279  17  55   2   1   3  42]]",0.000468016,0.002127171
227,ToN_IoT,0,None,StandardScaler,MLP,0.399083225,-1,-1,86.23697917,53.33333333,7.864583333,48.11255067,45.42089198,-1,"{'0Normal': {'precision': 0.764367816091954, 'recall': 0.665, 'f1-score': 0.7112299465240641, 'support': 200.0}, 'BruteForce': {'precision': 0.23115577889447236, 'recall': 0.7666666666666667, 'f1-score': 0.3552123552123552, 'support': 120.0}, 'DDoS': {'precision': 0.5773584905660377, 'recall': 0.765, 'f1-score': 0.6580645161290323, 'support': 200.0}, 'DoS': {'precision': 0.5590778097982709, 'recall': 0.97, 'f1-score': 0.7093235831809873, 'support': 200.0}, 'MITM': {'precision': 0.4690265486725664, 'recall': 0.265, 'f1-score': 0.33865814696485624, 'support': 200.0}, 'Malware': {'precision': 0.8466666666666667, 'recall': 0.3175, 'f1-score': 0.46181818181818185, 'support': 400.0}, 'Scan': {'precision': 0.26373626373626374, 'recall': 0.48, 'f1-score': 0.34042553191489366, 'support': 200.0}, 'WebAttack': {'precision': 0.13761467889908258, 'recall': 0.0375, 'f1-score': 0.05893909626719057, 'support': 400.0}, 'accuracy': 0.44947916666666665, 'macro avg': {'precision': 0.48112550666566434, 'recall': 0.5333333333333333, 'f1-score': 0.4542089197514452, 'support': 1920.0}, 'weighted avg': {'precision': 0.49383573826388283, 'recall': 0.44947916666666665, 'f1-score': 0.41795246812624914, 'support': 1920.0}}","[[133  13   1   6  42   0   2   3]
 [  0  92  13   0   0   2   6   7]
 [  1   3 153   0  11   1   4  27]
 [  6   0   0 194   0   0   0   0]
 [ 18   8  23  90  53   2   4   2]
 [  3   0  14   0   0 127 248   8]
 [ 12   0  25   2   0  18  96  47]
 [  1 282  36  55   7   0   4  15]]",0.058268785,0.000972271
328,ToN_IoT,3,None,MinMaxScaler,SGD,0.39883731,-1,-1,86.61458333,40.75,7.648809524,40.99056206,34.31645235,-1,"{'0Normal': {'precision': 0.3075684380032206, 'recall': 0.955, 'f1-score': 0.4652862362971985, 'support': 200.0}, 'BruteForce': {'precision': 0.0, 'recall': 0.0, 'f1-score': 0.0, 'support': 120.0}, 'DDoS': {'precision': 0.31524008350730687, 'recall': 0.755, 'f1-score': 0.44477172312223856, 'support': 200.0}, 'DoS': {'precision': 0.0, 'recall': 0.0, 'f1-score': 0.0, 'support': 200.0}, 'MITM': {'precision': 0.9122807017543859, 'recall': 0.26, 'f1-score': 0.4046692607003891, 'support': 200.0}, 'Malware': {'precision': 0.8921568627450981, 'recall': 0.6825, 'f1-score': 0.773371104815864, 'support': 400.0}, 'Scan': {'precision': 0.33962264150943394, 'recall': 0.09, 'f1-score': 0.14229249011857706, 'support': 200.0}, 'WebAttack': {'precision': 0.5123762376237624, 'recall': 0.5175, 'f1-score': 0.5149253731343284, 'support': 400.0}, 'accuracy': 0.46458333333333335, 'macro avg': {'precision': 0.4099056206429009, 'recall': 0.4075, 'f1-score': 0.3431645235235744, 'support': 1920.0}, 'weighted avg': {'precision': 0.4878935484908404, 'recall': 0.46458333333333335, 'f1-score': 0.42016798605612377, 'support': 1920.0}}","[[191   0   2   0   2   2   0   3]
 [  2   0 103   0   0   0   0  15]
 [  2   0 151   0   1   5   0  41]
 [199   0   0   0   0   0   0   1]
 [ 98   0  22   0  52   0   0  28]
 [ 31   0   3   0   1 273  35  57]
 [ 91   0  14   0   0  25  18  52]
 [  7   0 184   0   1   1   0 207]]",0.799877644,0.007707357
349,ToN_IoT,2,None,MinMaxScaler,SGD,0.393515846,-1,-1,86.04166667,50.76041667,7.976190476,51.46926373,44.91744221,-1,"{'0Normal': {'precision': 0.706766917293233, 'recall': 0.94, 'f1-score': 0.8068669527896996, 'support': 200.0}, 'BruteForce': {'precision': 0.09027777777777778, 'recall': 0.10833333333333334, 'f1-score': 0.09848484848484847, 'support': 120.0}, 'DDoS': {'precision': 0.23048327137546468, 'recall': 0.62, 'f1-score': 0.33604336043360433, 'support': 200.0}, 'DoS': {'precision': 0.9095238095238095, 'recall': 0.955, 'f1-score': 0.9317073170731708, 'support': 200.0}, 'MITM': {'precision': 0.7105263157894737, 'recall': 0.675, 'f1-score': 0.6923076923076923, 'support': 200.0}, 'Malware': {'precision': 0.373015873015873, 'recall': 0.1175, 'f1-score': 0.17870722433460076, 'support': 400.0}, 'Scan': {'precision': 0.27341772151898736, 'recall': 0.54, 'f1-score': 0.36302521008403366, 'support': 200.0}, 'WebAttack': {'precision': 0.8235294117647058, 'recall': 0.105, 'f1-score': 0.18625277161862527, 'support': 400.0}, 'accuracy': 0.44166666666666665, 'macro avg': {'precision': 0.5146926372574155, 'recall': 0.5076041666666666, 'f1-score': 0.4491744221407844, 'support': 1920.0}, 'weighted avg': {'precision': 0.5497890908050825, 'recall': 0.44166666666666665, 'f1-score': 0.408225149342246, 'support': 1920.0}}","[[188   2   1   0   7   0   2   0]
 [  0  13 105   0   0   2   0   0]
 [  0  32 124   0  12  28   4   0]
 [  6   0   0 191   3   0   0   0]
 [ 36   3  15   1 135   3   0   7]
 [  1  48   7  15   1  47 280   1]
 [  8  38   0   3   0  42 108   1]
 [ 27   8 286   0  32   4   1  42]]",0.032768488,0.001049042
394,ToN_IoT,0,None,MinMaxScaler,KNN,0.390003794,-1,-1,86.2890625,47.9375,7.834821429,45.54216821,42.2603179,-1,"{'0Normal': {'precision': 0.3114754098360656, 'recall': 0.19, 'f1-score': 0.23602484472049687, 'support': 200.0}, 'BruteForce': {'precision': 0.14673913043478262, 'recall': 0.45, 'f1-score': 0.22131147540983606, 'support': 120.0}, 'DDoS': {'precision': 0.4657142857142857, 'recall': 0.815, 'f1-score': 0.5927272727272727, 'support': 200.0}, 'DoS': {'precision': 0.523936170212766, 'recall': 0.985, 'f1-score': 0.6840277777777778, 'support': 200.0}, 'MITM': {'precision': 0.5645933014354066, 'recall': 0.59, 'f1-score': 0.5770171149144254, 'support': 200.0}, 'Malware': {'precision': 0.6512605042016807, 'recall': 0.3875, 'f1-score': 0.4858934169278996, 'support': 400.0}, 'Scan': {'precision': 0.3472222222222222, 'recall': 0.125, 'f1-score': 0.1838235294117647, 'support': 200.0}, 'WebAttack': {'precision': 0.6324324324324324, 'recall': 0.2925, 'f1-score': 0.39999999999999997, 'support': 400.0}, 'accuracy': 0.4515625, 'macro avg': {'precision': 0.4554216820612052, 'recall': 0.479375, 'f1-score': 0.42260317898618416, 'support': 1920.0}, 'weighted avg': {'precision': 0.5071219521822752, 'recall': 0.4515625, 'f1-score': 0.43522856860973314, 'support': 1920.0}}","[[ 38   3  39  47  30  11  15  17]
 [  3  54  10   0  15   8   0  30]
 [ 15   2 163   1   7   9   0   3]
 [  2   0   0 197   1   0   0   0]
 [ 27   5   7  23 118   3   1  16]
 [  0 122  19  72   0 155  31   1]
 [  0  17 101   8   0  48  25   1]
 [ 37 165  11  28  38   4   0 117]]",0.000350714,0.001992941
241,ToN_IoT,0,None,StandardScaler,LDA,0.387843531,-1,-1,86.88802083,42.84375,7.492559524,39.91128604,39.40168441,-1,"{'0Normal': {'precision': 0.9202898550724637, 'recall': 0.635, 'f1-score': 0.7514792899408284, 'support': 200.0}, 'BruteForce': {'precision': 0.0, 'recall': 0.0, 'f1-score': 0.0, 'support': 120.0}, 'DDoS': {'precision': 0.6203208556149733, 'recall': 0.58, 'f1-score': 0.599483204134367, 'support': 200.0}, 'DoS': {'precision': 0.0, 'recall': 0.0, 'f1-score': 0.0, 'support': 200.0}, 'MITM': {'precision': 0.34182590233545646, 'recall': 0.805, 'f1-score': 0.4798807749627421, 'support': 200.0}, 'Malware': {'precision': 0.5243055555555556, 'recall': 0.755, 'f1-score': 0.6188524590163934, 'support': 400.0}, 'Scan': {'precision': 0.421875, 'recall': 0.27, 'f1-score': 0.32926829268292684, 'support': 200.0}, 'WebAttack': {'precision': 0.36428571428571427, 'recall': 0.3825, 'f1-score': 0.37317073170731707, 'support': 400.0}, 'accuracy': 0.47552083333333334, 'macro avg': {'precision': 0.3991128603580204, 'recall': 0.4284375, 'f1-score': 0.39401684405557186, 'support': 1920.0}, 'weighted avg': {'precision': 0.4251556409068159, 'recall': 0.47552083333333334, 'f1-score': 0.4316831190800297, 'support': 1920.0}}","[[127   0   1   0  56   3   3  10]
 [  0   0  13   0  25   8   0  74]
 [  0   0 116   0  11   5   0  68]
 [  0   0   0   0   9 191   0   0]
 [  4   0  14   0 161  18   0   3]
 [  2   0   7   0   0 302  71  18]
 [  5   0   0   0   2  45  54  94]
 [  0   0  36   0 207   4   0 153]]",0.001745224,0.000279427
377,ToN_IoT,0,None,MinMaxScaler,NuSVC,0.38743264,-1,-1,86.26302083,47.51041667,7.849702381,51.37227204,43.97649332,-1,"{'0Normal': {'precision': 0.5673758865248227, 'recall': 0.4, 'f1-score': 0.46920821114369504, 'support': 200.0}, 'BruteForce': {'precision': 0.20786516853932585, 'recall': 0.30833333333333335, 'f1-score': 0.24832214765100674, 'support': 120.0}, 'DDoS': {'precision': 0.4462025316455696, 'recall': 0.705, 'f1-score': 0.5465116279069767, 'support': 200.0}, 'DoS': {'precision': 0.6442953020134228, 'recall': 0.96, 'f1-score': 0.7710843373493975, 'support': 200.0}, 'MITM': {'precision': 0.4489795918367347, 'recall': 0.33, 'f1-score': 0.3804034582132565, 'support': 200.0}, 'Malware': {'precision': 1.0, 'recall': 0.1775, 'f1-score': 0.30148619957537154, 'support': 400.0}, 'Scan': {'precision': 0.19823788546255505, 'recall': 0.45, 'f1-score': 0.27522935779816515, 'support': 200.0}, 'WebAttack': {'precision': 0.5968253968253968, 'recall': 0.47, 'f1-score': 0.5258741258741259, 'support': 400.0}, 'accuracy': 0.4505208333333333, 'macro avg': {'precision': 0.5137227203559784, 'recall': 0.47510416666666666, 'f1-score': 0.43976493318899934, 'support': 1920.0}, 'weighted avg': {'precision': 0.5857771971101556, 'recall': 0.4505208333333333, 'f1-score': 0.4423073887396968, 'support': 1920.0}}","[[ 80   1   3   3  66   0  38   9]
 [  0  37  19   0   0   0   8  56]
 [ 31   4 141   0   0   0   6  18]
 [  2   0   0 192   0   0   6   0]
 [  8   3  19  85  66   0   4  15]
 [  1   0  15   1   1  71 300  11]
 [  8   0  83   1   0   0  90  18]
 [ 11 133  36  16  14   0   2 188]]",0.001570702,0.006349802
245,ToN_IoT,0,None,StandardScaler,SGD,0.386766733,-1,-1,86.484375,44.25,7.723214286,42.35027597,39.70289555,-1,"{'0Normal': {'precision': 0.5945945945945946, 'recall': 0.66, 'f1-score': 0.6255924170616114, 'support': 200.0}, 'BruteForce': {'precision': 0.0, 'recall': 0.0, 'f1-score': 0.0, 'support': 120.0}, 'DDoS': {'precision': 0.8235294117647058, 'recall': 0.21, 'f1-score': 0.3346613545816733, 'support': 200.0}, 'DoS': {'precision': 0.9646464646464646, 'recall': 0.955, 'f1-score': 0.9597989949748743, 'support': 200.0}, 'MITM': {'precision': 0.41580756013745707, 'recall': 0.605, 'f1-score': 0.49287169042769857, 'support': 200.0}, 'Malware': {'precision': 0.0, 'recall': 0.0, 'f1-score': 0.0, 'support': 400.0}, 'Scan': {'precision': 0.17712177121771217, 'recall': 0.24, 'f1-score': 0.20382165605095542, 'support': 200.0}, 'WebAttack': {'precision': 0.41232227488151657, 'recall': 0.87, 'f1-score': 0.5594855305466238, 'support': 400.0}, 'accuracy': 0.459375, 'macro avg': {'precision': 0.42350275965530637, 'recall': 0.4425, 'f1-score': 0.3970289554554296, 'support': 1920.0}, 'weighted avg': {'precision': 0.3958692033462466, 'recall': 0.459375, 'f1-score': 0.389137205644798, 'support': 1920.0}}","[[132   0   0   0  57   0   0  11]
 [  0   0   2   0   0   0   0 118]
 [ 41   3  42   0  60   0   0  54]
 [  0   0   0 191   8   0   0   1]
 [ 18   0   2   1 121   0   5  53]
 [  2   0   0   0   0   0 218 180]
 [ 29   0   0   0   5  39  48  79]
 [  0   1   5   6  40   0   0 348]]",0.009355307,0.00058651
114,ToN_IoT,0,sigmoid,QuantileTransformer,HHHv2,0.384275113,-1,-1,86.30208333,44.61632413,7.827380952,47.1875,43.30515322,-1,"{'0Normal': {'precision': 0.585, 'recall': 0.2799043062200957, 'f1-score': 0.3786407766990291, 'support': 418.0}, 'BruteForce': {'precision': 0.075, 'recall': 0.06766917293233082, 'f1-score': 0.07114624505928853, 'support': 133.0}, 'DDoS': {'precision': 0.7, 'recall': 0.5737704918032787, 'f1-score': 0.6306306306306306, 'support': 244.0}, 'DoS': {'precision': 0.955, 'recall': 0.74609375, 'f1-score': 0.837719298245614, 'support': 256.0}, 'MITM': {'precision': 0.515, 'recall': 0.33881578947368424, 'f1-score': 0.4087301587301588, 'support': 304.0}, 'Malware': {'precision': 0.145, 'recall': 0.5, 'f1-score': 0.22480620155038758, 'support': 116.0}, 'Scan': {'precision': 0.35, 'recall': 0.44871794871794873, 'f1-score': 0.3932584269662921, 'support': 156.0}, 'WebAttack': {'precision': 0.45, 'recall': 0.6143344709897611, 'f1-score': 0.5194805194805195, 'support': 293.0}, 'accuracy': 0.45208333333333334, 'macro avg': {'precision': 0.47187499999999993, 'recall': 0.4461632412671374, 'f1-score': 0.43305153217024006, 'support': 1920.0}, 'weighted avg': {'precision': 0.5362578125, 'recall': 0.45208333333333334, 'f1-score': 0.4687249499615509, 'support': 1920.0}}","[[117  23   3   0  13 149  43  70]
 [ 11   9   1   1   4  80  16  11]
 [  9  16 140   3  14  19  15  28]
 [ 12   8   3 191   8  12  21   1]
 [ 20  39  23   2 103  13  19  85]
 [ 12   1   3   0  13  58  11  18]
 [ 10   0   5   2   7  55  70   7]
 [  9  24  22   1  38  14   5 180]]",3.249923944,0.039283276
249,ToN_IoT,0,None,StandardScaler,MLP,0.382149288,-1,-1,86.15885417,51.45833333,7.90922619,49.8742477,46.96056985,-1,"{'0Normal': {'precision': 0.9111111111111111, 'recall': 0.615, 'f1-score': 0.7343283582089553, 'support': 200.0}, 'BruteForce': {'precision': 0.228287841191067, 'recall': 0.7666666666666667, 'f1-score': 0.35181644359464626, 'support': 120.0}, 'DDoS': {'precision': 0.6864864864864865, 'recall': 0.635, 'f1-score': 0.6597402597402598, 'support': 200.0}, 'DoS': {'precision': 0.6336633663366337, 'recall': 0.96, 'f1-score': 0.7634194831013916, 'support': 200.0}, 'MITM': {'precision': 0.38311688311688313, 'recall': 0.295, 'f1-score': 0.3333333333333333, 'support': 200.0}, 'Malware': {'precision': 0.7219512195121951, 'recall': 0.37, 'f1-score': 0.48925619834710754, 'support': 400.0}, 'Scan': {'precision': 0.23948220064724918, 'recall': 0.37, 'f1-score': 0.2907662082514735, 'support': 200.0}, 'WebAttack': {'precision': 0.18584070796460178, 'recall': 0.105, 'f1-score': 0.134185303514377, 'support': 400.0}, 'accuracy': 0.44635416666666666, 'macro avg': {'precision': 0.49874247704577845, 'recall': 0.5145833333333334, 'f1-score': 0.46960569851144296, 'support': 1920.0}, 'weighted avg': {'precision': 0.5006683966006872, 'recall': 0.44635416666666666, 'f1-score': 0.44162088672033023, 'support': 1920.0}}","[[123  14   1   3  51   0   5   3]
 [  0  92   3   0   0   8   0  17]
 [  1   4 127   0   4   4   1  59]
 [  0   0   0 192   8   0   0   0]
 [  8   6  35  75  59   3   3  11]
 [  2   0   5   0   1 148 223  21]
 [  0   1   2   1   8  41  74  73]
 [  1 286  12  32  23   1   3  42]]",0.06355238,0.000723839
314,ToN_IoT,3,None,MinMaxScaler,SGD,0.381027998,-1,-1,86.02864583,47.40625,7.983630952,42.40663096,41.06324253,-1,"{'0Normal': {'precision': 0.8114035087719298, 'recall': 0.925, 'f1-score': 0.8644859813084113, 'support': 200.0}, 'BruteForce': {'precision': 0.0, 'recall': 0.0, 'f1-score': 0.0, 'support': 120.0}, 'DDoS': {'precision': 0.25892857142857145, 'recall': 0.58, 'f1-score': 0.3580246913580247, 'support': 200.0}, 'DoS': {'precision': 0.758893280632411, 'recall': 0.96, 'f1-score': 0.8476821192052979, 'support': 200.0}, 'MITM': {'precision': 0.9090909090909091, 'recall': 0.3, 'f1-score': 0.4511278195488722, 'support': 200.0}, 'Malware': {'precision': 0.0, 'recall': 0.0, 'f1-score': 0.0, 'support': 400.0}, 'Scan': {'precision': 0.23076923076923078, 'recall': 0.585, 'f1-score': 0.33097595473833097, 'support': 200.0}, 'WebAttack': {'precision': 0.423444976076555, 'recall': 0.4425, 'f1-score': 0.43276283618581907, 'support': 400.0}, 'accuracy': 0.44114583333333335, 'macro avg': {'precision': 0.4240663095962009, 'recall': 0.47406249999999994, 'f1-score': 0.4106324252930945, 'support': 1920.0}, 'weighted avg': {'precision': 0.39749744300480855, 'recall': 0.44114583333333335, 'f1-score': 0.38727314984693495, 'support': 1920.0}}","[[185   0   1   3   2   0   2   7]
 [  0   0  92   0   0   0   7  21]
 [  0   0 116   0   2   0   5  77]
 [  8   0   0 192   0   0   0   0]
 [ 21   0  27  57  60   0   2  33]
 [  1   0   0   0   1   0 372  26]
 [  6   0   0   0   0   0 117  77]
 [  7   0 212   1   1   0   2 177]]",0.183374882,0.003052711
367,ToN_IoT,2,None,MinMaxScaler,MLP,0.373150665,-1,-1,85.8203125,41.375,8.102678571,33.80071311,34.52124082,-1,"{'0Normal': {'precision': 0.7763713080168776, 'recall': 0.92, 'f1-score': 0.8421052631578948, 'support': 200.0}, 'BruteForce': {'precision': 0.0, 'recall': 0.0, 'f1-score': 0.0, 'support': 120.0}, 'DDoS': {'precision': 0.4513888888888889, 'recall': 0.325, 'f1-score': 0.37790697674418605, 'support': 200.0}, 'DoS': {'precision': 0.0, 'recall': 0.0, 'f1-score': 0.0, 'support': 200.0}, 'MITM': {'precision': 0.5555555555555556, 'recall': 0.725, 'f1-score': 0.6290672451193059, 'support': 200.0}, 'Malware': {'precision': 0.2, 'recall': 0.0025, 'f1-score': 0.0049382716049382715, 'support': 400.0}, 'Scan': {'precision': 0.14368650217706821, 'recall': 0.495, 'f1-score': 0.22272215973003373, 'support': 200.0}, 'WebAttack': {'precision': 0.577054794520548, 'recall': 0.8425, 'f1-score': 0.684959349593496, 'support': 400.0}, 'accuracy': 0.4328125, 'macro avg': {'precision': 0.33800713114486725, 'recall': 0.41375, 'f1-score': 0.3452124082437319, 'support': 1920.0}, 'weighted avg': {'precision': 0.36261581704994644, 'recall': 0.4328125, 'f1-score': 0.3595413424112801, 'support': 1920.0}}","[[184   0   1   0   8   0   3   4]
 [  0   0  13   0   0   0   8  99]
 [  3   0  65   0  79   0   5  48]
 [  6   0   0   0   3   0 191   0]
 [  6   0  20   0 145   4  11  14]
 [  2   0   7   0   0   1 371  19]
 [ 36   0   0   0   2   0  99  63]
 [  0   0  38   0  24   0   1 337]]",1.489468336,0.003501892
107,ToN_IoT,0,linear,QuantileTransformer,HHHv2,0.370679683,-1,-1,85.52083333,48.20997375,8.273809524,46.33333333,39.48534537,-1,"{'0Normal': {'precision': 0.54, 'recall': 0.8571428571428571, 'f1-score': 0.6625766871165644, 'support': 126.0}, 'BruteForce': {'precision': 0.7666666666666667, 'recall': 0.19700214132762311, 'f1-score': 0.31345826235093693, 'support': 467.0}, 'DDoS': {'precision': 0.81, 'recall': 0.627906976744186, 'f1-score': 0.7074235807860262, 'support': 258.0}, 'DoS': {'precision': 0.015, 'recall': 0.0196078431372549, 'f1-score': 0.016997167138810197, 'support': 153.0}, 'MITM': {'precision': 0.13, 'recall': 0.4262295081967213, 'f1-score': 0.1992337164750958, 'support': 61.0}, 'Malware': {'precision': 0.5525, 'recall': 0.8435114503816794, 'f1-score': 0.6676737160120846, 'support': 262.0}, 'Scan': {'precision': 0.805, 'recall': 0.30206378986866794, 'f1-score': 0.43929058663028653, 'support': 533.0}, 'WebAttack': {'precision': 0.0875, 'recall': 0.5833333333333334, 'f1-score': 0.15217391304347824, 'support': 60.0}, 'accuracy': 0.42083333333333334, 'macro avg': {'precision': 0.4633333333333334, 'recall': 0.4820997375165404, 'f1-score': 0.39485345369416036, 'support': 1920.0}, 'weighted avg': {'precision': 0.6376814236111111, 'recall': 0.42083333333333334, 'f1-score': 0.4402820881595343, 'support': 1920.0}}","[[108   1   3   3  10   1   0   0]
 [ 20  92  14   0  56   0   2 283]
 [ 42  13 162  16   3   4   3  15]
 [  6   0   0   3  89   0   0  55]
 [  4  12   1   1  26   5   3   9]
 [  3   2   4   0   0 221  31   1]
 [  7   0  16 177   1 169 161   2]
 [ 10   0   0   0  15   0   0  35]]",0.002775669,0.006569862
372,ToN_IoT,0,None,MinMaxScaler,KNN,0.36519658,-1,-1,85.36458333,47.11458333,8.363095238,47.75147818,40.15089859,-1,"{'0Normal': {'precision': 0.5333333333333333, 'recall': 0.24, 'f1-score': 0.3310344827586207, 'support': 200.0}, 'BruteForce': {'precision': 0.17037037037037037, 'recall': 0.7666666666666667, 'f1-score': 0.27878787878787875, 'support': 120.0}, 'DDoS': {'precision': 0.3367088607594937, 'recall': 0.665, 'f1-score': 0.4470588235294118, 'support': 200.0}, 'DoS': {'precision': 0.5714285714285714, 'recall': 1.0, 'f1-score': 0.7272727272727273, 'support': 200.0}, 'MITM': {'precision': 0.7008547008547008, 'recall': 0.41, 'f1-score': 0.5173501577287066, 'support': 200.0}, 'Malware': {'precision': 0.7647058823529411, 'recall': 0.4225, 'f1-score': 0.5442834138486313, 'support': 400.0}, 'Scan': {'precision': 0.2677165354330709, 'recall': 0.17, 'f1-score': 0.20795107033639146, 'support': 200.0}, 'WebAttack': {'precision': 0.475, 'recall': 0.095, 'f1-score': 0.15833333333333335, 'support': 400.0}, 'accuracy': 0.41458333333333336, 'macro avg': {'precision': 0.47751478181656026, 'recall': 0.4711458333333334, 'f1-score': 0.40150898594946266, 'support': 1920.0}, 'weighted avg': {'precision': 0.5199662488267994, 'recall': 0.41458333333333336, 'f1-score': 0.3961639045065119, 'support': 1920.0}}","[[ 48  19  44  51  27   7   0   4]
 [  0  92  14   0   0   8   0   6]
 [ 31   4 133   1   4   4   0  23]
 [  0   0   0 200   0   0   0   0]
 [  3   8  41  52  82   0   6   8]
 [  1 121  22   1   1 169  85   0]
 [  4  14 107   8   0  32  34   1]
 [  3 282  34  37   3   1   2  38]]",0.000387907,0.001764774
363,ToN_IoT,2,None,MinMaxScaler,SGD,0.362712901,-1,-1,85.10416667,45.54166667,8.511904762,45.12529585,35.18810324,-1,"{'0Normal': {'precision': 0.30781758957654726, 'recall': 0.945, 'f1-score': 0.46437346437346444, 'support': 200.0}, 'BruteForce': {'precision': 0.35, 'recall': 0.058333333333333334, 'f1-score': 0.1, 'support': 120.0}, 'DDoS': {'precision': 0.96875, 'recall': 0.155, 'f1-score': 0.2672413793103448, 'support': 200.0}, 'DoS': {'precision': 0.7384615384615385, 'recall': 0.96, 'f1-score': 0.8347826086956522, 'support': 200.0}, 'MITM': {'precision': 0.4244604316546763, 'recall': 0.295, 'f1-score': 0.3480825958702065, 'support': 200.0}, 'Malware': {'precision': 0.0, 'recall': 0.0, 'f1-score': 0.0, 'support': 400.0}, 'Scan': {'precision': 0.2952815829528158, 'recall': 0.97, 'f1-score': 0.45274212368728123, 'support': 200.0}, 'WebAttack': {'precision': 0.5252525252525253, 'recall': 0.26, 'f1-score': 0.3478260869565218, 'support': 400.0}, 'accuracy': 0.4041666666666667, 'macro avg': {'precision': 0.4512529584872629, 'recall': 0.45541666666666664, 'f1-score': 0.3518810323616839, 'support': 1920.0}, 'weighted avg': {'precision': 0.4161746034531905, 'recall': 0.4041666666666667, 'f1-score': 0.3252994110260409, 'support': 1920.0}}","[[189   0   0   3   1   0   3   4]
 [ 85   7   0   0   0   0  15  13]
 [ 10   0  31   0  75   0  45  39]
 [  3   0   0 192   3   0   0   2]
 [ 43   2   0  63  59   0   6  27]
 [  2   0   0   0   1   0 389   8]
 [  4   0   0   1   0   0 194   1]
 [278  11   1   1   0   0   5 104]]",0.023284912,0.000941753
79,ToN_IoT,0,None,QuantileTransformer,LDA,0.353114697,-1,-1,84.83072917,44.59375,8.668154762,54.40967997,37.60094425,-1,"{'0Normal': {'precision': 0.8352941176470589, 'recall': 0.355, 'f1-score': 0.49824561403508766, 'support': 200.0}, 'BruteForce': {'precision': 0.19480519480519481, 'recall': 0.875, 'f1-score': 0.31866464339908956, 'support': 120.0}, 'DDoS': {'precision': 0.7989130434782609, 'recall': 0.735, 'f1-score': 0.765625, 'support': 200.0}, 'DoS': {'precision': 0.019736842105263157, 'recall': 0.015, 'f1-score': 0.017045454545454544, 'support': 200.0}, 'MITM': {'precision': 0.5510204081632653, 'recall': 0.135, 'f1-score': 0.2168674698795181, 'support': 200.0}, 'Malware': {'precision': 0.9086538461538461, 'recall': 0.4725, 'f1-score': 0.6217105263157894, 'support': 400.0}, 'Scan': {'precision': 0.2716236722306525, 'recall': 0.895, 'f1-score': 0.41676367869615827, 'support': 200.0}, 'WebAttack': {'precision': 0.7727272727272727, 'recall': 0.085, 'f1-score': 0.15315315315315317, 'support': 400.0}, 'accuracy': 0.3932291666666667, 'macro avg': {'precision': 0.5440967996638518, 'recall': 0.4459375, 'f1-score': 0.3760094425030313, 'support': 1920.0}, 'weighted avg': {'precision': 0.6204409831531098, 'recall': 0.3932291666666667, 'f1-score': 0.38077847522224556, 'support': 1920.0}}","[[ 71  41   8   5  15   0  57   3]
 [  0 105  12   0   1   0   2   0]
 [  0  14 147   0   2   4  33   0]
 [  0   0   0   3   1   0 196   0]
 [  8  64   4  89  27   0   1   7]
 [  6  16   0   0   0 189 189   0]
 [  0   7   0   0   0  14 179   0]
 [  0 292  13  55   3   1   2  34]]",0.000982523,0.000503302
45,ToN_IoT,2,None,QuantileTransformer,SGD,0.35120004,-1,-1,84.75260417,45.38541667,8.712797619,51.31375383,35.56215104,-1,"{'0Normal': {'precision': 0.23870967741935484, 'recall': 0.925, 'f1-score': 0.37948717948717947, 'support': 200.0}, 'BruteForce': {'precision': 0.2879177377892031, 'recall': 0.9333333333333333, 'f1-score': 0.4400785854616896, 'support': 120.0}, 'DDoS': {'precision': 0.8928571428571429, 'recall': 0.25, 'f1-score': 0.39062500000000006, 'support': 200.0}, 'DoS': {'precision': 0.043478260869565216, 'recall': 0.015, 'f1-score': 0.022304832713754646, 'support': 200.0}, 'MITM': {'precision': 0.6078431372549019, 'recall': 0.775, 'f1-score': 0.6813186813186813, 'support': 200.0}, 'Malware': {'precision': 0.9117647058823529, 'recall': 0.465, 'f1-score': 0.6158940397350994, 'support': 400.0}, 'Scan': {'precision': 0.30434782608695654, 'recall': 0.245, 'f1-score': 0.27146814404432135, 'support': 200.0}, 'WebAttack': {'precision': 0.8181818181818182, 'recall': 0.0225, 'f1-score': 0.043795620437956206, 'support': 400.0}, 'accuracy': 0.39010416666666664, 'macro avg': {'precision': 0.513137538292662, 'recall': 0.45385416666666667, 'f1-score': 0.35562151039983525, 'support': 1920.0}, 'weighted avg': {'precision': 0.5958208057593526, 'recall': 0.39010416666666664, 'f1-score': 0.34673232387365227, 'support': 1920.0}}","[[185   2   2   4   5   2   0   0]
 [  7 112   0   0   1   0   0   0]
 [ 84  49  50   0  12   5   0   0]
 [190   7   0   3   0   0   0   0]
 [ 29   2   0  12 155   0   0   2]
 [ 22  79   0   0   1 186 112   0]
 [138   3   0   0   0  10  49   0]
 [120 135   4  50  81   1   0   9]]",0.042495728,0.001072168
403,ToN_IoT,0,None,MinMaxScaler,LDA,0.347765758,-1,-1,86.30208333,36.8125,7.827380952,37.53863779,36.14244259,-1,"{'0Normal': {'precision': 0.7875, 'recall': 0.63, 'f1-score': 0.7, 'support': 200.0}, 'BruteForce': {'precision': 0.0, 'recall': 0.0, 'f1-score': 0.0, 'support': 120.0}, 'DDoS': {'precision': 0.4426229508196721, 'recall': 0.27, 'f1-score': 0.3354037267080745, 'support': 200.0}, 'DoS': {'precision': 0.02, 'recall': 0.015, 'f1-score': 0.01714285714285714, 'support': 200.0}, 'MITM': {'precision': 0.35978835978835977, 'recall': 0.34, 'f1-score': 0.3496143958868894, 'support': 200.0}, 'Malware': {'precision': 0.5251299826689775, 'recall': 0.7575, 'f1-score': 0.6202661207778916, 'support': 400.0}, 'Scan': {'precision': 0.4306569343065693, 'recall': 0.295, 'f1-score': 0.35014836795252224, 'support': 200.0}, 'WebAttack': {'precision': 0.43739279588336194, 'recall': 0.6375, 'f1-score': 0.5188199389623602, 'support': 400.0}, 'accuracy': 0.45208333333333334, 'macro avg': {'precision': 0.3753863779333676, 'recall': 0.368125, 'f1-score': 0.3614244259288244, 'support': 1920.0}, 'weighted avg': {'precision': 0.413084771043675, 'recall': 0.45208333333333334, 'f1-score': 0.41984181949696325, 'support': 1920.0}}","[[126   0   1   4  51   3   6   9]
 [  0   0  13   0   0   8   0  99]
 [  0   1  54   0  11   5   0 129]
 [  0   0   0   3   6 191   0   0]
 [  8   1  14  88  68  19   0   2]
 [  1   0   7   0   0 303  72  17]
 [ 24   0   0   0   1  44  59  72]
 [  1   0  33  55  52   4   0 255]]",0.001200438,0.000360489
389,ToN_IoT,0,None,MinMaxScaler,MLP,0.336437808,-1,-1,85.16927083,40.21875,8.474702381,31.45532023,32.38261853,-1,"{'0Normal': {'precision': 0.3969631236442516, 'recall': 0.915, 'f1-score': 0.5537065052950075, 'support': 200.0}, 'BruteForce': {'precision': 0.0, 'recall': 0.0, 'f1-score': 0.0, 'support': 120.0}, 'DDoS': {'precision': 0.631578947368421, 'recall': 0.6, 'f1-score': 0.6153846153846154, 'support': 200.0}, 'DoS': {'precision': 0.0, 'recall': 0.0, 'f1-score': 0.0, 'support': 200.0}, 'MITM': {'precision': 0.26547231270358307, 'recall': 0.815, 'f1-score': 0.4004914004914006, 'support': 200.0}, 'Malware': {'precision': 0.8033333333333333, 'recall': 0.6025, 'f1-score': 0.6885714285714286, 'support': 400.0}, 'Scan': {'precision': 0.23529411764705882, 'recall': 0.2, 'f1-score': 0.2162162162162162, 'support': 200.0}, 'WebAttack': {'precision': 0.1837837837837838, 'recall': 0.085, 'f1-score': 0.11623931623931624, 'support': 400.0}, 'accuracy': 0.40677083333333336, 'macro avg': {'precision': 0.31455320231005396, 'recall': 0.40218750000000003, 'f1-score': 0.3238261852747481, 'support': 1920.0}, 'weighted avg': {'precision': 0.3649523682914113, 'recall': 0.40677083333333336, 'f1-score': 0.353689606980076, 'support': 1920.0}}","[[183   0   1   0  11   2   0   3]
 [  0   0  13   0  92   8   0   7]
 [  4   0 120   0  14   5   0  57]
 [197   0   0   0   3   0   0   0]
 [  9   0  14   0 163   6   0   8]
 [  2   0   7   0   2 241 130  18]
 [ 66   0   0   0   2  34  40  58]
 [  0   0  35   0 327   4   0  34]]",0.167701006,0.001143217
247,ToN_IoT,0,None,StandardScaler,KNN,0.334170925,-1,-1,85.18229167,41.20833333,8.467261905,38.31640182,33.90244965,-1,"{'0Normal': {'precision': 0.3177842565597668, 'recall': 0.545, 'f1-score': 0.4014732965009209, 'support': 200.0}, 'BruteForce': {'precision': 0.23057644110275688, 'recall': 0.7666666666666667, 'f1-score': 0.3545279383429672, 'support': 120.0}, 'DDoS': {'precision': 0.42120343839541546, 'recall': 0.735, 'f1-score': 0.5355191256830601, 'support': 200.0}, 'DoS': {'precision': 0.01935483870967742, 'recall': 0.015, 'f1-score': 0.016901408450704224, 'support': 200.0}, 'MITM': {'precision': 0.4782608695652174, 'recall': 0.055, 'f1-score': 0.09865470852017937, 'support': 200.0}, 'Malware': {'precision': 0.8108108108108109, 'recall': 0.825, 'f1-score': 0.8178438661710038, 'support': 400.0}, 'Scan': {'precision': 0.5252525252525253, 'recall': 0.26, 'f1-score': 0.3478260869565218, 'support': 200.0}, 'WebAttack': {'precision': 0.2620689655172414, 'recall': 0.095, 'f1-score': 0.13944954128440365, 'support': 400.0}, 'accuracy': 0.40729166666666666, 'macro avg': {'precision': 0.38316401823917645, 'recall': 0.4120833333333333, 'f1-score': 0.33902449648872013, 'support': 1920.0}, 'weighted avg': {'precision': 0.42145430685420426, 'recall': 0.40729166666666666, 'f1-score': 0.3674664795862481, 'support': 1920.0}}","[[109  11  37   7   8   2  19   7]
 [  0  92   5   0   0   8   2  13]
 [  1   6 147   0   0   4   2  40]
 [197   0   0   3   0   0   0   0]
 [ 15   7  60  89  11   6   0  12]
 [  1   0  19   0   0 330  23  27]
 [ 20   0  64   1   1  54  52   8]
 [  0 283  17  55   3   3   1  38]]",0.000391722,0.002171516
321,ToN_IoT,3,None,MinMaxScaler,SGD,0.328999744,-1,-1,84.9609375,35.40625,8.59375,20.82198821,24.74162074,-1,"{'0Normal': {'precision': 0.2946708463949843, 'recall': 0.94, 'f1-score': 0.4486873508353222, 'support': 200.0}, 'BruteForce': {'precision': 0.0, 'recall': 0.0, 'f1-score': 0.0, 'support': 120.0}, 'DDoS': {'precision': 0.0, 'recall': 0.0, 'f1-score': 0.0, 'support': 200.0}, 'DoS': {'precision': 0.0, 'recall': 0.0, 'f1-score': 0.0, 'support': 200.0}, 'MITM': {'precision': 0.6445783132530121, 'recall': 0.535, 'f1-score': 0.5846994535519126, 'support': 200.0}, 'Malware': {'precision': 0.0, 'recall': 0.0, 'f1-score': 0.0, 'support': 400.0}, 'Scan': {'precision': 0.21159420289855072, 'recall': 0.365, 'f1-score': 0.2678899082568807, 'support': 200.0}, 'WebAttack': {'precision': 0.5149156939040207, 'recall': 0.9925, 'f1-score': 0.6780529461998291, 'support': 400.0}, 'accuracy': 0.3984375, 'macro avg': {'precision': 0.20821988205632097, 'recall': 0.3540625, 'f1-score': 0.24741620735549308, 'support': 1920.0}, 'weighted avg': {'precision': 0.227153619828603, 'recall': 0.3984375, 'f1-score': 0.2768106880253931, 'support': 1920.0}}","[[188   0   0   0   2   0   2   8]
 [  5   0   0   0   0   0   0 115]
 [ 61   0   0   0  55   0   3  81]
 [198   0   0   0   0   0   0   2]
 [ 41   0   0   0 107   0   0  52]
 [ 79   0   0   0   1   0 266  54]
 [ 65   0   0   0   0   0  73  62]
 [  1   0   0   0   1   0   1 397]]",0.974419355,0.014181852
371,ToN_IoT,2,sigmoid,MinMaxScaler,HHHv2,0.327253991,-1,-1,85.44270833,35.65059276,8.318452381,36.53125,32.34545531,-1,"{'0Normal': {'precision': 0.675, 'recall': 0.36585365853658536, 'f1-score': 0.47451669595782064, 'support': 369.0}, 'BruteForce': {'precision': 0.0, 'recall': 0.0, 'f1-score': 0.0, 'support': 1.0}, 'DDoS': {'precision': 0.23, 'recall': 0.5, 'f1-score': 0.31506849315068497, 'support': 92.0}, 'DoS': {'precision': 0.0, 'recall': 0.0, 'f1-score': 0.0, 'support': 3.0}, 'MITM': {'precision': 0.67, 'recall': 0.34986945169712796, 'f1-score': 0.45969125214408235, 'support': 383.0}, 'Malware': {'precision': 0.395, 'recall': 0.8404255319148937, 'f1-score': 0.5374149659863946, 'support': 188.0}, 'Scan': {'precision': 0.26, 'recall': 0.43333333333333335, 'f1-score': 0.325, 'support': 120.0}, 'WebAttack': {'precision': 0.6925, 'recall': 0.362565445026178, 'f1-score': 0.47594501718213056, 'support': 764.0}, 'accuracy': 0.41770833333333335, 'macro avg': {'precision': 0.36531250000000004, 'recall': 0.3565059275635148, 'f1-score': 0.32345455305263915, 'support': 1920.0}, 'weighted avg': {'precision': 0.6048828125, 'recall': 0.41770833333333335, 'f1-score': 0.4603128742094127, 'support': 1920.0}}","[[135   3   4  71  11  89  39  17]
 [  0   0   0   0   1   0   0   0]
 [  3   0  46   0   3   1   1  38]
 [  3   0   0   0   0   0   0   0]
 [  8   5  41 129 134   2   4  60]
 [  5   0   2   0   1 158  16   6]
 [ 28   1   7   0   8  22  52   2]
 [ 18 111 100   0  42 128  88 277]]",0.229985714,0.020264864
392,ToN_IoT,0,None,MinMaxScaler,SGD,0.326343169,-1,-1,84.75260417,45.6875,8.712797619,34.78622144,37.77053414,-1,"{'0Normal': {'precision': 0.7539267015706806, 'recall': 0.72, 'f1-score': 0.7365728900255754, 'support': 200.0}, 'BruteForce': {'precision': 0.0, 'recall': 0.0, 'f1-score': 0.0, 'support': 120.0}, 'DDoS': {'precision': 0.4878048780487805, 'recall': 0.9, 'f1-score': 0.6326889279437611, 'support': 200.0}, 'DoS': {'precision': 0.9947916666666666, 'recall': 0.955, 'f1-score': 0.9744897959183673, 'support': 200.0}, 'MITM': {'precision': 0.24918032786885247, 'recall': 0.76, 'f1-score': 0.37530864197530867, 'support': 200.0}, 'Malware': {'precision': 0.0, 'recall': 0.0, 'f1-score': 0.0, 'support': 400.0}, 'Scan': {'precision': 0.17557251908396945, 'recall': 0.23, 'f1-score': 0.19913419913419914, 'support': 200.0}, 'WebAttack': {'precision': 0.12162162162162163, 'recall': 0.09, 'f1-score': 0.10344827586206898, 'support': 400.0}, 'accuracy': 0.39010416666666664, 'macro avg': {'precision': 0.34786221435757136, 'recall': 0.45687500000000003, 'f1-score': 0.37770534135741, 'support': 1920.0}, 'weighted avg': {'precision': 0.30255409755022844, 'recall': 0.39010416666666664, 'f1-score': 0.32553031320014064, 'support': 1920.0}}","[[144   0   4   0  19   0   0  33]
 [  0   0  20   0  92   0   0   8]
 [  0   0 180   0  14   0   0   6]
 [  3   0   0 191   3   0   0   3]
 [  9   0  27   0 152   0   0  12]
 [  2   0  19   0   1   0 216 162]
 [ 33   0  82   1   2   0  46  36]
 [  0   0  37   0 327   0   0  36]]",0.005550385,0.000445366
101,ToN_IoT,0,None,QuantileTransformer,LDA,0.314992442,-1,-1,84.11458333,40.73958333,9.077380952,47.93514824,33.50416521,-1,"{'0Normal': {'precision': 0.8533333333333334, 'recall': 0.32, 'f1-score': 0.46545454545454545, 'support': 200.0}, 'BruteForce': {'precision': 0.1945031712473573, 'recall': 0.7666666666666667, 'f1-score': 0.31028667790893766, 'support': 120.0}, 'DDoS': {'precision': 0.5148514851485149, 'recall': 0.52, 'f1-score': 0.5174129353233831, 'support': 200.0}, 'DoS': {'precision': 0.01935483870967742, 'recall': 0.015, 'f1-score': 0.016901408450704224, 'support': 200.0}, 'MITM': {'precision': 0.4375, 'recall': 0.14, 'f1-score': 0.21212121212121213, 'support': 200.0}, 'Malware': {'precision': 0.8634361233480177, 'recall': 0.49, 'f1-score': 0.6251993620414673, 'support': 400.0}, 'Scan': {'precision': 0.2753623188405797, 'recall': 0.95, 'f1-score': 0.42696629213483145, 'support': 200.0}, 'WebAttack': {'precision': 0.6764705882352942, 'recall': 0.0575, 'f1-score': 0.10599078341013826, 'support': 400.0}, 'accuracy': 0.3645833333333333, 'macro avg': {'precision': 0.47935148235784686, 'recall': 0.40739583333333335, 'f1-score': 0.33504165210565245, 'support': 1920.0}, 'weighted avg': {'precision': 0.5517622189528275, 'recall': 0.3645833333333333, 'f1-score': 0.3424384053263802, 'support': 1920.0}}","[[ 64  20  55   7   9  21  22   2]
 [  0  92   9   0  15   0   4   0]
 [  1  14 104   0   1   4  76   0]
 [  0   0   2   3   2   0 193   0]
 [  9  60   3  90  28   0   1   9]
 [  1   0   2   0   0 196 201   0]
 [  0   2   0   0   3   5 190   0]
 [  0 285  27  55   6   1   3  23]]",0.000691891,0.000304699
234,ToN_IoT,0,None,StandardScaler,LDA,0.314853297,-1,-1,85.01302083,38,8.563988095,35.10594812,33.98196869,-1,"{'0Normal': {'precision': 0.9166666666666666, 'recall': 0.605, 'f1-score': 0.7289156626506025, 'support': 200.0}, 'BruteForce': {'precision': 0.0, 'recall': 0.0, 'f1-score': 0.0, 'support': 120.0}, 'DDoS': {'precision': 0.6282722513089005, 'recall': 0.6, 'f1-score': 0.6138107416879797, 'support': 200.0}, 'DoS': {'precision': 0.0, 'recall': 0.0, 'f1-score': 0.0, 'support': 200.0}, 'MITM': {'precision': 0.22121212121212122, 'recall': 0.73, 'f1-score': 0.3395348837209302, 'support': 200.0}, 'Malware': {'precision': 0.5270506108202443, 'recall': 0.755, 'f1-score': 0.6207605344295991, 'support': 400.0}, 'Scan': {'precision': 0.4195804195804196, 'recall': 0.3, 'f1-score': 0.34985422740524774, 'support': 200.0}, 'WebAttack': {'precision': 0.09569377990430622, 'recall': 0.05, 'f1-score': 0.06568144499178984, 'support': 400.0}, 'accuracy': 0.4005208333333333, 'macro avg': {'precision': 0.3510594811865823, 'recall': 0.38, 'f1-score': 0.33981968686076863, 'support': 1920.0}, 'weighted avg': {'precision': 0.3574187750226259, 'recall': 0.4005208333333333, 'f1-score': 0.3546874452403685, 'support': 1920.0}}","[[121   0   1   1  60   3  10   4]
 [  0   0  13   0  90   8   0   9]
 [  0   0 120   0  15   5   0  60]
 [  0   0   0   0   9 191   0   0]
 [ 10   0  14  10 146  17   1   2]
 [  1   0   7   0   0 302  72  18]
 [  0   0   0   0   1  43  60  96]
 [  0   0  36   1 339   4   0  20]]",0.002009869,0.000526905
189,ToN_IoT,3,sigmoid,StandardScaler,HHHv2,0.313748832,-1,-1,84.8828125,44.56285043,8.638392857,38.01041667,38.8095813,-1,"{'0Normal': {'precision': 0.29, 'recall': 0.2600896860986547, 'f1-score': 0.27423167848699764, 'support': 223.0}, 'BruteForce': {'precision': 0.35833333333333334, 'recall': 0.4215686274509804, 'f1-score': 0.38738738738738737, 'support': 102.0}, 'DDoS': {'precision': 0.59, 'recall': 0.8137931034482758, 'f1-score': 0.6840579710144927, 'support': 145.0}, 'DoS': {'precision': 0.345, 'recall': 0.3209302325581395, 'f1-score': 0.33253012048192765, 'support': 215.0}, 'MITM': {'precision': 0.295, 'recall': 0.14425427872860636, 'f1-score': 0.19376026272577995, 'support': 409.0}, 'Malware': {'precision': 0.2, 'recall': 0.6896551724137931, 'f1-score': 0.310077519379845, 'support': 116.0}, 'Scan': {'precision': 0.265, 'recall': 0.15451895043731778, 'f1-score': 0.19521178637200737, 'support': 343.0}, 'WebAttack': {'precision': 0.6975, 'recall': 0.7602179836512262, 'f1-score': 0.7275097783572361, 'support': 367.0}, 'accuracy': 0.3953125, 'macro avg': {'precision': 0.3801041666666667, 'recall': 0.4456285043483742, 'f1-score': 0.3880958130257092, 'support': 1920.0}, 'weighted avg': {'precision': 0.3914986979166667, 'recall': 0.3953125, 'f1-score': 0.37527095343877087, 'support': 1920.0}}","[[ 58   0   7  80  26  29  19   4]
 [ 13  43   1   0  20   1   3  21]
 [ 12   0 118   1  12   2   0   0]
 [ 29   0   8  69  29  46  27   7]
 [ 20  19  41  19  59 101  85  65]
 [ 16   0   2   0  11  80   6   1]
 [ 30  29  13  31  28 136  53  23]
 [ 22  29  10   0  15   5   7 279]]",2.905252457,0.067287445
378,ToN_IoT,0,None,MinMaxScaler,SGD,0.313575691,-1,-1,84.32291667,32.65625,8.958333333,30.35569214,24.53695256,-1,"{'0Normal': {'precision': 0.9468085106382979, 'recall': 0.445, 'f1-score': 0.6054421768707483, 'support': 200.0}, 'BruteForce': {'precision': 0.0, 'recall': 0.0, 'f1-score': 0.0, 'support': 120.0}, 'DDoS': {'precision': 0.6081081081081081, 'recall': 0.225, 'f1-score': 0.3284671532846716, 'support': 200.0}, 'DoS': {'precision': 0.0136986301369863, 'recall': 0.005, 'f1-score': 0.007326007326007325, 'support': 200.0}, 'MITM': {'precision': 0.14285714285714285, 'recall': 0.005, 'f1-score': 0.00966183574879227, 'support': 200.0}, 'Malware': {'precision': 0.0, 'recall': 0.0, 'f1-score': 0.0, 'support': 400.0}, 'Scan': {'precision': 0.21373200442967885, 'recall': 0.965, 'f1-score': 0.34995466908431555, 'support': 200.0}, 'WebAttack': {'precision': 0.5032509752925878, 'recall': 0.9675, 'f1-score': 0.6621043627031651, 'support': 400.0}, 'accuracy': 0.3729166666666667, 'macro avg': {'precision': 0.30355692143285024, 'recall': 0.3265625, 'f1-score': 0.24536952562721254, 'support': 1920.0}, 'weighted avg': {'precision': 0.30538607778701976, 'recall': 0.3729166666666667, 'f1-score': 0.27344380913759014, 'support': 1920.0}}","[[ 89   0  26   9   1   0  10  65]
 [  0   0   0   0   0   0  15 105]
 [  0   0  45   0   0   0  77  78]
 [  0   0   0   1   0   0 191   8]
 [  3   0   1  62   1   0  21 112]
 [  2   0   0   0   0   0 391   7]
 [  0   0   0   0   0   0 193   7]
 [  0   0   2   1   5   0   5 387]]",0.002071142,0.001900196
382,ToN_IoT,0,None,MinMaxScaler,MLP,0.312638714,-1,-1,84.53125,40,8.839285714,31.3081866,31.51704018,-1,"{'0Normal': {'precision': 0.41496598639455784, 'recall': 0.915, 'f1-score': 0.5709828393135726, 'support': 200.0}, 'BruteForce': {'precision': 0.0, 'recall': 0.0, 'f1-score': 0.0, 'support': 120.0}, 'DDoS': {'precision': 0.65, 'recall': 0.65, 'f1-score': 0.65, 'support': 200.0}, 'DoS': {'precision': 0.0, 'recall': 0.0, 'f1-score': 0.0, 'support': 200.0}, 'MITM': {'precision': 0.2692307692307692, 'recall': 0.84, 'f1-score': 0.40776699029126207, 'support': 200.0}, 'Malware': {'precision': 0.7549019607843137, 'recall': 0.385, 'f1-score': 0.5099337748344371, 'support': 400.0}, 'Scan': {'precision': 0.23591549295774647, 'recall': 0.335, 'f1-score': 0.2768595041322314, 'support': 200.0}, 'WebAttack': {'precision': 0.17964071856287425, 'recall': 0.075, 'f1-score': 0.10582010582010583, 'support': 400.0}, 'accuracy': 0.38125, 'macro avg': {'precision': 0.3130818659912827, 'recall': 0.4, 'f1-score': 0.31517040179895117, 'support': 1920.0}, 'weighted avg': {'precision': 0.35824975075806764, 'recall': 0.38125, 'f1-score': 0.3267830307339742, 'support': 1920.0}}","[[183   0   1   0  12   2   0   2]
 [  0   0  13   0  92   8   0   7]
 [  5   0 130   0  14   5   0  46]
 [197   0   0   0   3   0   0   0]
 [  9   0  14   0 168   5   0   4]
 [  2   0   7   0   1 154 217  19]
 [ 44   0   0   0   2  28  67  59]
 [  1   0  35   0 332   2   0  30]]",0.396819592,0.001004934
238,ToN_IoT,0,None,StandardScaler,SGD,0.308592193,-1,-1,84.67447917,41.53125,8.757440476,41.2996429,37.20028752,-1,"{'0Normal': {'precision': 0.5566343042071198, 'recall': 0.86, 'f1-score': 0.6758349705304519, 'support': 200.0}, 'BruteForce': {'precision': 0.0, 'recall': 0.0, 'f1-score': 0.0, 'support': 120.0}, 'DDoS': {'precision': 0.42567567567567566, 'recall': 0.315, 'f1-score': 0.36206896551724144, 'support': 200.0}, 'DoS': {'precision': 0.9596774193548387, 'recall': 0.595, 'f1-score': 0.7345679012345679, 'support': 200.0}, 'MITM': {'precision': 0.24949290060851928, 'recall': 0.615, 'f1-score': 0.354978354978355, 'support': 200.0}, 'Malware': {'precision': 0.5340909090909091, 'recall': 0.1175, 'f1-score': 0.1926229508196721, 'support': 400.0}, 'Scan': {'precision': 0.2794871794871795, 'recall': 0.545, 'f1-score': 0.3694915254237289, 'support': 200.0}, 'WebAttack': {'precision': 0.29891304347826086, 'recall': 0.275, 'f1-score': 0.2864583333333333, 'support': 400.0}, 'accuracy': 0.38697916666666665, 'macro avg': {'precision': 0.41299642898781286, 'recall': 0.4153125, 'f1-score': 0.3720028752296688, 'support': 1920.0}, 'weighted avg': {'precision': 0.43093493588246595, 'recall': 0.38697916666666665, 'f1-score': 0.35990669645732876, 'support': 1920.0}}","[[172   0   5   0  14   2   4   3]
 [  0   0  13   0  81   0   0  26]
 [ 82   0  63   0  15   2   0  38]
 [  6   0   0 119   3  22  50   0]
 [ 47   0   8   1 123   1   8  12]
 [  1   0   7   0   0  47 219 126]
 [  1   0  22   0   1  14 109  53]
 [  0   0  30   4 256   0   0 110]]",0.014919519,0.000568628
216,ToN_IoT,2,None,StandardScaler,SGD,0.306623661,-1,-1,83.60677083,37.61458333,9.367559524,51.83352056,33.80855053,-1,"{'0Normal': {'precision': 0.18681318681318682, 'recall': 0.935, 'f1-score': 0.31140716069941715, 'support': 200.0}, 'BruteForce': {'precision': 0.1118421052631579, 'recall': 0.14166666666666666, 'f1-score': 0.125, 'support': 120.0}, 'DDoS': {'precision': 0.6777777777777778, 'recall': 0.61, 'f1-score': 0.6421052631578946, 'support': 200.0}, 'DoS': {'precision': 0.9565217391304348, 'recall': 0.11, 'f1-score': 0.19730941704035873, 'support': 200.0}, 'MITM': {'precision': 0.8666666666666667, 'recall': 0.715, 'f1-score': 0.7835616438356166, 'support': 200.0}, 'Malware': {'precision': 0.3333333333333333, 'recall': 0.0075, 'f1-score': 0.014669926650366746, 'support': 400.0}, 'Scan': {'precision': 0.12340425531914893, 'recall': 0.145, 'f1-score': 0.13333333333333336, 'support': 200.0}, 'WebAttack': {'precision': 0.8903225806451613, 'recall': 0.345, 'f1-score': 0.4972972972972973, 'support': 400.0}, 'accuracy': 0.34427083333333336, 'macro avg': {'precision': 0.5183352056186085, 'recall': 0.3761458333333333, 'f1-score': 0.33808550525178555, 'support': 1920.0}, 'weighted avg': {'precision': 0.5547500746689686, 'recall': 0.34427083333333336, 'f1-score': 0.3298595068710363, 'support': 1920.0}}","[[187   0   2   1   5   2   0   3]
 [ 97  17   6   0   0   0   0   0]
 [ 73   4 122   0   0   0   0   1]
 [175   0   0  22   2   0   0   1]
 [ 45   1   2   0 143   0   0   9]
 [ 63  96  30   0   1   3 206   1]
 [136  14  15   0   0   4  29   2]
 [225  20   3   0  14   0   0 138]]",0.020451069,0.000810385
396,ToN_IoT,0,None,MinMaxScaler,MLP,0.29687003,-1,-1,84.79166667,39,8.69047619,33.50709578,34.88619017,-1,"{'0Normal': {'precision': 0.7470588235294118, 'recall': 0.635, 'f1-score': 0.6864864864864865, 'support': 200.0}, 'BruteForce': {'precision': 0.0, 'recall': 0.0, 'f1-score': 0.0, 'support': 120.0}, 'DDoS': {'precision': 0.5660377358490566, 'recall': 0.6, 'f1-score': 0.5825242718446602, 'support': 200.0}, 'DoS': {'precision': 0.017241379310344827, 'recall': 0.005, 'f1-score': 0.007751937984496125, 'support': 200.0}, 'MITM': {'precision': 0.38181818181818183, 'recall': 0.63, 'f1-score': 0.4754716981132076, 'support': 200.0}, 'Malware': {'precision': 0.24742268041237114, 'recall': 0.18, 'f1-score': 0.20839363241678724, 'support': 400.0}, 'Scan': {'precision': 0.27111111111111114, 'recall': 0.61, 'f1-score': 0.37538461538461537, 'support': 200.0}, 'WebAttack': {'precision': 0.44987775061124696, 'recall': 0.46, 'f1-score': 0.45488257107540175, 'support': 400.0}, 'accuracy': 0.39166666666666666, 'macro avg': {'precision': 0.33507095783021557, 'recall': 0.39, 'f1-score': 0.34886190166320685, 'support': 1920.0}, 'weighted avg': {'precision': 0.35186125975680654, 'recall': 0.39166666666666666, 'f1-score': 0.3598095225831088, 'support': 1920.0}}","[[127   0  22   0  35   1   2  13]
 [  0   0  13   0  36   0   8  63]
 [  2   0 120   0   6   0   5  67]
 [  6   0   0   1   2 191   0   0]
 [  9   0  15  16 126  13   6  15]
 [  2   0   7   0   0  72 303  16]
 [ 13   0   0   0   0  14 122  51]
 [ 11   0  35  41 125   0   4 184]]",0.056847334,0.000746012
256,ToN_IoT,0,None,StandardScaler,LDA,0.292957208,-1,-1,84.55729167,36.28125,8.824404762,34.83502906,33.08631148,-1,"{'0Normal': {'precision': 0.9523809523809523, 'recall': 0.6, 'f1-score': 0.736196319018405, 'support': 200.0}, 'BruteForce': {'precision': 0.0, 'recall': 0.0, 'f1-score': 0.0, 'support': 120.0}, 'DDoS': {'precision': 0.6282722513089005, 'recall': 0.6, 'f1-score': 0.6138107416879797, 'support': 200.0}, 'DoS': {'precision': 0.024390243902439025, 'recall': 0.005, 'f1-score': 0.008298755186721992, 'support': 200.0}, 'MITM': {'precision': 0.18968133535660092, 'recall': 0.625, 'f1-score': 0.2910360884749709, 'support': 200.0}, 'Malware': {'precision': 0.5270506108202443, 'recall': 0.755, 'f1-score': 0.6207605344295991, 'support': 400.0}, 'Scan': {'precision': 0.43884892086330934, 'recall': 0.305, 'f1-score': 0.35988200589970504, 'support': 200.0}, 'WebAttack': {'precision': 0.02617801047120419, 'recall': 0.0125, 'f1-score': 0.016920473773265655, 'support': 400.0}, 'accuracy': 0.38229166666666664, 'macro avg': {'precision': 0.3483502906379563, 'recall': 0.3628125, 'f1-score': 0.3308631148088309, 'support': 1920.0}, 'weighted avg': {'precision': 0.34791989024948944, 'recall': 0.38229166666666664, 'f1-score': 0.3421443673618242, 'support': 1920.0}}","[[120   0   1   3  64   3   5   4]
 [  0   0  13   0  92   8   0   7]
 [  0   0 120   0  15   5   0  60]
 [  0   0   0   1   8 191   0   0]
 [  5   0  14  36 125  17   1   2]
 [  1   0   7   0   0 302  72  18]
 [  0   0   0   0   1  43  61  95]
 [  0   0  36   1 354   4   0   5]]",0.02883935,0.000463009
370,ToN_IoT,2,None,MinMaxScaler,SGD,0.290514211,-1,-1,84.24479167,34.15625,9.00297619,30.6936801,25.82800528,-1,"{'0Normal': {'precision': 0.34317343173431736, 'recall': 0.93, 'f1-score': 0.5013477088948787, 'support': 200.0}, 'BruteForce': {'precision': 0.0, 'recall': 0.0, 'f1-score': 0.0, 'support': 120.0}, 'DDoS': {'precision': 0.15483870967741936, 'recall': 0.24, 'f1-score': 0.18823529411764706, 'support': 200.0}, 'DoS': {'precision': 0.0, 'recall': 0.0, 'f1-score': 0.0, 'support': 200.0}, 'MITM': {'precision': 0.24102564102564103, 'recall': 0.47, 'f1-score': 0.31864406779661014, 'support': 200.0}, 'Malware': {'precision': 0.5910780669144982, 'recall': 0.795, 'f1-score': 0.6780383795309168, 'support': 400.0}, 'Scan': {'precision': 0.4330708661417323, 'recall': 0.275, 'f1-score': 0.3363914373088685, 'support': 200.0}, 'WebAttack': {'precision': 0.6923076923076923, 'recall': 0.0225, 'f1-score': 0.04358353510895884, 'support': 400.0}, 'accuracy': 0.3697916666666667, 'macro avg': {'precision': 0.30693680097516257, 'recall': 0.3415625, 'f1-score': 0.258280052844735, 'support': 1920.0}, 'weighted avg': {'precision': 0.38946668406494694, 'recall': 0.3697916666666667, 'f1-score': 0.29040232681226624, 'support': 1920.0}}","[[186   0   1   0   9   4   0   0]
 [  0   0  74   0  30  16   0   0]
 [  0   0  48   0  97  55   0   0]
 [199   0   0   0   1   0   0   0]
 [ 86   0  11   0  94   7   0   2]
 [  1   0   7   0   1 318  72   1]
 [ 14   0   0   0   3 127  55   1]
 [ 56   0 169   0 155  11   0   9]]",0.031034231,0.000931501
261,ToN_IoT,0,sigmoid,StandardScaler,HHHv2,0.285469186,-1,-1,84.44010417,41.0364247,8.891369048,38.98958333,38.46340136,-1,"{'0Normal': {'precision': 0.425, 'recall': 0.24926686217008798, 'f1-score': 0.3142329020332717, 'support': 341.0}, 'BruteForce': {'precision': 0.24166666666666667, 'recall': 0.24786324786324787, 'f1-score': 0.24472573839662445, 'support': 117.0}, 'DDoS': {'precision': 0.685, 'recall': 0.6884422110552764, 'f1-score': 0.6867167919799498, 'support': 199.0}, 'DoS': {'precision': 0.36, 'recall': 0.4768211920529801, 'f1-score': 0.41025641025641024, 'support': 151.0}, 'MITM': {'precision': 0.325, 'recall': 0.45454545454545453, 'f1-score': 0.37900874635568516, 'support': 143.0}, 'Malware': {'precision': 0.3125, 'recall': 0.6127450980392157, 'f1-score': 0.4139072847682119, 'support': 204.0}, 'Scan': {'precision': 0.48, 'recall': 0.25806451612903225, 'f1-score': 0.3356643356643356, 'support': 372.0}, 'WebAttack': {'precision': 0.29, 'recall': 0.2951653944020356, 'f1-score': 0.2925598991172761, 'support': 393.0}, 'accuracy': 0.3776041666666667, 'macro avg': {'precision': 0.38989583333333333, 'recall': 0.41036424703216634, 'f1-score': 0.38463401357147065, 'support': 1920.0}, 'weighted avg': {'precision': 0.3992864583333333, 'recall': 0.3776041666666667, 'f1-score': 0.37128656280222877, 'support': 1920.0}}","[[ 85  53  23   2  20  21  22 115]
 [ 11  29   2   1  13   1   0  60]
 [  5  12 137   2  10   0   7  26]
 [ 17   0   5  72  12  12  10  23]
 [ 20   0   1  33  65   0   2  22]
 [ 13   2   0  12  13 125  11  28]
 [ 20   2   0  48  52 144  96  10]
 [ 29  22  32  30  15  97  52 116]]",1.808132648,0.027904749
388,ToN_IoT,0,None,MinMaxScaler,LDA,0.255695157,-1,-1,83.8671875,32.90625,9.21875,32.2327903,31.0894901,-1,"{'0Normal': {'precision': 0.8601398601398601, 'recall': 0.615, 'f1-score': 0.7172011661807579, 'support': 200.0}, 'BruteForce': {'precision': 0.0, 'recall': 0.0, 'f1-score': 0.0, 'support': 120.0}, 'DDoS': {'precision': 0.6282722513089005, 'recall': 0.6, 'f1-score': 0.6138107416879797, 'support': 200.0}, 'DoS': {'precision': 0.02, 'recall': 0.015, 'f1-score': 0.01714285714285714, 'support': 200.0}, 'MITM': {'precision': 0.12867647058823528, 'recall': 0.35, 'f1-score': 0.18817204301075266, 'support': 200.0}, 'Malware': {'precision': 0.4943089430894309, 'recall': 0.76, 'f1-score': 0.5990147783251232, 'support': 400.0}, 'Scan': {'precision': 0.4117647058823529, 'recall': 0.28, 'f1-score': 0.3333333333333333, 'support': 200.0}, 'WebAttack': {'precision': 0.03546099290780142, 'recall': 0.0125, 'f1-score': 0.018484288354898334, 'support': 400.0}, 'accuracy': 0.3546875, 'macro avg': {'precision': 0.3223279029895727, 'recall': 0.3290625, 'f1-score': 0.31089490100446276, 'support': 1920.0}, 'weighted avg': {'precision': 0.3237909541576889, 'recall': 0.3546875, 'f1-score': 0.32340190361622123, 'support': 1920.0}}","[[123   0   1   4  58   3   8   3]
 [  0   0  13   0  92  10   0   5]
 [  0   0 120   0  15   6   0  59]
 [  0   0   0   3   6 191   0   0]
 [  8   0  14  88  70  18   0   2]
 [  1   0   7   0   1 304  72  15]
 [ 11   0   0   0   2  79  56  52]
 [  0   0  36  55 300   4   0   5]]",0.001225233,0.000356197
381,ToN_IoT,0,None,MinMaxScaler,LDA,0.251748262,-1,-1,83.80208333,32.71875,9.255952381,32.31664712,31.03823489,-1,"{'0Normal': {'precision': 0.8676470588235294, 'recall': 0.59, 'f1-score': 0.7023809523809523, 'support': 200.0}, 'BruteForce': {'precision': 0.0, 'recall': 0.0, 'f1-score': 0.0, 'support': 120.0}, 'DDoS': {'precision': 0.6282722513089005, 'recall': 0.6, 'f1-score': 0.6138107416879797, 'support': 200.0}, 'DoS': {'precision': 0.015384615384615385, 'recall': 0.01, 'f1-score': 0.01212121212121212, 'support': 200.0}, 'MITM': {'precision': 0.13297872340425532, 'recall': 0.375, 'f1-score': 0.1963350785340314, 'support': 200.0}, 'Malware': {'precision': 0.5216637781629117, 'recall': 0.7525, 'f1-score': 0.616171954964176, 'support': 400.0}, 'Scan': {'precision': 0.3971631205673759, 'recall': 0.28, 'f1-score': 0.32844574780058655, 'support': 200.0}, 'WebAttack': {'precision': 0.022222222222222223, 'recall': 0.01, 'f1-score': 0.013793103448275864, 'support': 400.0}, 'accuracy': 0.35208333333333336, 'macro avg': {'precision': 0.32316647123422626, 'recall': 0.32718749999999996, 'f1-score': 0.31038234886715177, 'support': 1920.0}, 'weighted avg': {'precision': 0.32596018440197333, 'recall': 0.35208333333333336, 'f1-score': 0.32427331764059014, 'support': 1920.0}}","[[118   0   1   3  59   3  13   3]
 [  0   0  13   0  92   8   0   7]
 [  0   1 120   0  15   5   0  59]
 [  0   0   0   2   7 191   0   0]
 [  8   0  14  83  75  18   0   2]
 [  1   0   7   0   0 301  72  19]
 [  9   0   0   0   2  47  56  86]
 [  0   0  36  42 314   4   0   4]]",0.001085997,0.000274181
407,ToN_IoT,0,None,MinMaxScaler,SGD,0.242544533,-1,-1,81.86197917,32.84375,10.36458333,41.45346372,21.38594155,-1,"{'0Normal': {'precision': 0.9253731343283582, 'recall': 0.62, 'f1-score': 0.7425149700598802, 'support': 200.0}, 'BruteForce': {'precision': 0.0, 'recall': 0.0, 'f1-score': 0.0, 'support': 120.0}, 'DDoS': {'precision': 0.96875, 'recall': 0.155, 'f1-score': 0.2672413793103448, 'support': 200.0}, 'DoS': {'precision': 0.0, 'recall': 0.0, 'f1-score': 0.0, 'support': 200.0}, 'MITM': {'precision': 0.21482412060301506, 'recall': 0.855, 'f1-score': 0.34337349397590355, 'support': 200.0}, 'Malware': {'precision': 0.0, 'recall': 0.0, 'f1-score': 0.0, 'support': 400.0}, 'Scan': {'precision': 0.20732984293193718, 'recall': 0.99, 'f1-score': 0.3428571428571428, 'support': 200.0}, 'WebAttack': {'precision': 1.0, 'recall': 0.0075, 'f1-score': 0.014888337468982629, 'support': 400.0}, 'accuracy': 0.27447916666666666, 'macro avg': {'precision': 0.41453463723291384, 'recall': 0.3284375, 'f1-score': 0.21385941545903175, 'support': 1920.0}, 'weighted avg': {'precision': 0.44961219769409483, 'recall': 0.27447916666666666, 'f1-score': 0.17976704803554544, 'support': 1920.0}}","[[124   0   0   0  31   0  45   0]
 [  0   0   0   0 105   0  15   0]
 [  0   0  31   0  84   0  85   0]
 [  0   0   0   0   5   0 195   0]
 [  9   0   0   0 171   0  20   0]
 [  1   0   0   0   8   0 391   0]
 [  0   0   0   0   2   0 198   0]
 [  0   0   1   0 390   0   6   3]]",0.005060196,0.000336885
226,ToN_IoT,0,None,StandardScaler,LDA,0.240662538,-1,-1,82.96875,37.95833333,9.732142857,33.24165461,30.33546047,-1,"{'0Normal': {'precision': 0.948051948051948, 'recall': 0.365, 'f1-score': 0.5270758122743683, 'support': 200.0}, 'BruteForce': {'precision': 0.19956616052060738, 'recall': 0.7666666666666667, 'f1-score': 0.31669535283993117, 'support': 120.0}, 'DDoS': {'precision': 0.5691318327974276, 'recall': 0.885, 'f1-score': 0.6927592954990215, 'support': 200.0}, 'DoS': {'precision': 0.019230769230769232, 'recall': 0.015, 'f1-score': 0.016853932584269666, 'support': 200.0}, 'MITM': {'precision': 0.21904761904761905, 'recall': 0.115, 'f1-score': 0.15081967213114755, 'support': 200.0}, 'Malware': {'precision': 0.3403693931398417, 'recall': 0.3225, 'f1-score': 0.33119383825417203, 'support': 400.0}, 'Scan': {'precision': 0.28498727735368956, 'recall': 0.56, 'f1-score': 0.3777403035413154, 'support': 200.0}, 'WebAttack': {'precision': 0.07894736842105263, 'recall': 0.0075, 'f1-score': 0.013698630136986299, 'support': 400.0}, 'accuracy': 0.31875, 'macro avg': {'precision': 0.3324165460703694, 'recall': 0.37958333333333333, 'f1-score': 0.3033546046576515, 'support': 1920.0}, 'weighted avg': {'precision': 0.31237736103287567, 'recall': 0.31875, 'f1-score': 0.27552616297045807, 'support': 1920.0}}","[[ 73  21  19   8  59   3  16   1]
 [  0  92  13   0   0   6   3   6]
 [  0   9 177   0   7   2   3   2]
 [  0   0   0   3   6 191   0   0]
 [  3  48  16  90  23  15   3   2]
 [  1   0  14   0   0 129 253   3]
 [  0   1  35   0   0  31 112  21]
 [  0 290  37  55  10   2   3   3]]",0.00069952,0.000337362
356,ToN_IoT,2,None,MinMaxScaler,SGD,0.238553058,-1,-1,82.74739583,38.92708333,9.858630952,30.91366902,27.23641547,-1,"{'0Normal': {'precision': 0.3745019920318725, 'recall': 0.94, 'f1-score': 0.5356125356125356, 'support': 200.0}, 'BruteForce': {'precision': 0.20489977728285078, 'recall': 0.7666666666666667, 'f1-score': 0.3233743409490334, 'support': 120.0}, 'DDoS': {'precision': 0.96875, 'recall': 0.155, 'f1-score': 0.2672413793103448, 'support': 200.0}, 'DoS': {'precision': 0.0, 'recall': 0.0, 'f1-score': 0.0, 'support': 200.0}, 'MITM': {'precision': 0.47651006711409394, 'recall': 0.71, 'f1-score': 0.5702811244979918, 'support': 200.0}, 'Malware': {'precision': 0.0, 'recall': 0.0, 'f1-score': 0.0, 'support': 400.0}, 'Scan': {'precision': 0.25252525252525254, 'recall': 0.375, 'f1-score': 0.30181086519114686, 'support': 200.0}, 'WebAttack': {'precision': 0.195906432748538, 'recall': 0.1675, 'f1-score': 0.18059299191374661, 'support': 400.0}, 'accuracy': 0.3098958333333333, 'macro avg': {'precision': 0.30913669021282597, 'recall': 0.38927083333333334, 'f1-score': 0.27236415468434994, 'support': 1920.0}, 'weighted avg': {'precision': 0.2694833378685422, 'recall': 0.3098958333333333, 'f1-score': 0.2323079680217638, 'support': 1920.0}}","[[188   0   0   0   6   0   2   4]
 [  1  92   0   0   0   0   0  27]
 [ 10   9  31   0  86   0   1  63]
 [197   0   0   0   3   0   0   0]
 [ 32   7   0   0 142   0   0  19]
 [ 13  68   0   0   1   0 218 100]
 [ 47  12   0   0   4   0  75  62]
 [ 14 261   1   0  56   0   1  67]]",0.062361956,0.000983
401,ToN_IoT,0,linear,MinMaxScaler,HHHv2,0.238542041,-1,-1,82.9296875,23.46505668,9.754464286,32.34375,25.53781401,-1,"{'0Normal': {'precision': 0.36, 'recall': 0.20809248554913296, 'f1-score': 0.26373626373626374, 'support': 346.0}, 'BruteForce': {'precision': 0.0, 'recall': 0.0, 'f1-score': 0.0, 'support': 1.0}, 'DDoS': {'precision': 0.715, 'recall': 0.6589861751152074, 'f1-score': 0.6858513189448441, 'support': 217.0}, 'DoS': {'precision': 0.01, 'recall': 0.01818181818181818, 'f1-score': 0.012903225806451611, 'support': 110.0}, 'MITM': {'precision': 0.205, 'recall': 0.14385964912280702, 'f1-score': 0.16907216494845362, 'support': 285.0}, 'Malware': {'precision': 0.0, 'recall': 0.0, 'f1-score': 0.0, 'support': 3.0}, 'Scan': {'precision': 0.84, 'recall': 0.2596599690880989, 'f1-score': 0.39669421487603307, 'support': 647.0}, 'WebAttack': {'precision': 0.4575, 'recall': 0.5884244372990354, 'f1-score': 0.5147679324894514, 'support': 311.0}, 'accuracy': 0.3171875, 'macro avg': {'precision': 0.3234375, 'recall': 0.23465056679451246, 'f1-score': 0.2553781401001872, 'support': 1920.0}, 'weighted avg': {'precision': 0.53385546875, 'recall': 0.3171875, 'f1-score': 0.36793822361552614, 'support': 1920.0}}","[[ 72   0   0 191  15  11  28  29]
 [  0   0   0   0   1   0   0   0]
 [  2  13 143   0  14   7   2  36]
 [  6   0   0   2  76   0   0  26]
 [ 72  39   5   7  41   0   0 121]
 [  3   0   0   0   0   0   0   0]
 [ 30  15  41   0   7 381 168   5]
 [ 15  53  11   0  46   1   2 183]]",0.002376556,0.006116152
374,ToN_IoT,0,None,MinMaxScaler,MLP,0.229264989,-1,-1,82.23958333,33.125,10.14880952,26.69860552,25.56405134,-1,"{'0Normal': {'precision': 0.6538461538461539, 'recall': 0.68, 'f1-score': 0.6666666666666666, 'support': 200.0}, 'BruteForce': {'precision': 0.0, 'recall': 0.0, 'f1-score': 0.0, 'support': 120.0}, 'DDoS': {'precision': 0.22844175491679275, 'recall': 0.755, 'f1-score': 0.3507549361207898, 'support': 200.0}, 'DoS': {'precision': 0.0, 'recall': 0.0, 'f1-score': 0.0, 'support': 200.0}, 'MITM': {'precision': 0.6312849162011173, 'recall': 0.565, 'f1-score': 0.5963060686015832, 'support': 200.0}, 'Malware': {'precision': 0.0, 'recall': 0.0, 'f1-score': 0.0, 'support': 400.0}, 'Scan': {'precision': 0.1452513966480447, 'recall': 0.52, 'f1-score': 0.2270742358078603, 'support': 200.0}, 'WebAttack': {'precision': 0.47706422018348627, 'recall': 0.13, 'f1-score': 0.20432220039292734, 'support': 400.0}, 'accuracy': 0.28958333333333336, 'macro avg': {'precision': 0.26698605522444935, 'recall': 0.33125, 'f1-score': 0.2556405134487284, 'support': 1920.0}, 'weighted avg': {'precision': 0.2721825689561542, 'recall': 0.28958333333333336, 'f1-score': 0.2343173237482036, 'support': 1920.0}}","[[136   1  14   0  42   0   5   2]
 [  0   0 112   0   0   0   8   0]
 [ 33   1 151   0  10   0   5   0]
 [  6   0   0   0   1   0 191   2]
 [  5   1  22  27 113   0  20  12]
 [  2   0   8   0   0   0 379  11]
 [ 25   0  40   0   1   0 104  30]
 [  1   5 314  12  12   0   4  52]]",0.056379557,0.000804424
404,ToN_IoT,0,None,MinMaxScaler,MLP,0.227930903,-1,-1,82.36979167,33.46875,10.07440476,30.11984577,23.41617531,-1,"{'0Normal': {'precision': 0.32332155477031804, 'recall': 0.915, 'f1-score': 0.47780678851174935, 'support': 200.0}, 'BruteForce': {'precision': 0.0, 'recall': 0.0, 'f1-score': 0.0, 'support': 120.0}, 'DDoS': {'precision': 0.6083916083916084, 'recall': 0.435, 'f1-score': 0.5072886297376094, 'support': 200.0}, 'DoS': {'precision': 0.0, 'recall': 0.0, 'f1-score': 0.0, 'support': 200.0}, 'MITM': {'precision': 0.25333333333333335, 'recall': 0.76, 'f1-score': 0.38, 'support': 200.0}, 'Malware': {'precision': 0.7567567567567568, 'recall': 0.07, 'f1-score': 0.12814645308924486, 'support': 400.0}, 'Scan': {'precision': 0.18082788671023964, 'recall': 0.415, 'f1-score': 0.251896813353566, 'support': 200.0}, 'WebAttack': {'precision': 0.28695652173913044, 'recall': 0.0825, 'f1-score': 0.12815533980582525, 'support': 400.0}, 'accuracy': 0.2947916666666667, 'macro avg': {'precision': 0.30119845771267334, 'recall': 0.3346875, 'f1-score': 0.23416175306224934, 'support': 1920.0}, 'weighted avg': {'precision': 0.3597188479372161, 'recall': 0.2947916666666667, 'f1-score': 0.2218328976451109, 'support': 1920.0}}","[[183   0   1   0  10   0   3   3]
 [  3   0  10   0  92   0   8   7]
 [ 61   0  87   0  14   0   5  33]
 [197   0   0   0   3   0   0   0]
 [ 14   0   9   0 152   3  14   8]
 [ 19   0   6   0   0  28 344   3]
 [ 83   0   0   0   2   4  83  28]
 [  6   0  30   0 327   2   2  33]]",0.162282228,0.000725508
106,ToN_IoT,0,None,QuantileTransformer,SGD,0.226280421,-1,-1,81.61458333,34.40625,10.50595238,41.31222335,21.50187176,-1,"{'0Normal': {'precision': 0.40217391304347827, 'recall': 0.555, 'f1-score': 0.4663865546218488, 'support': 200.0}, 'BruteForce': {'precision': 0.19021739130434784, 'recall': 0.875, 'f1-score': 0.3125, 'support': 120.0}, 'DDoS': {'precision': 0.9574468085106383, 'recall': 0.225, 'f1-score': 0.3643724696356275, 'support': 200.0}, 'DoS': {'precision': 0.0, 'recall': 0.0, 'f1-score': 0.0, 'support': 200.0}, 'MITM': {'precision': 0.0, 'recall': 0.0, 'f1-score': 0.0, 'support': 200.0}, 'Malware': {'precision': 1.0, 'recall': 0.05, 'f1-score': 0.09523809523809523, 'support': 400.0}, 'Scan': {'precision': 0.1995841995841996, 'recall': 0.96, 'f1-score': 0.3304647160068847, 'support': 200.0}, 'WebAttack': {'precision': 0.5555555555555556, 'recall': 0.0875, 'f1-score': 0.1511879049676026, 'support': 400.0}, 'accuracy': 0.26458333333333334, 'macro avg': {'precision': 0.4131222334997775, 'recall': 0.34406250000000005, 'f1-score': 0.21501871755875737, 'support': 1920.0}, 'weighted avg': {'precision': 0.4983798403158371, 'recall': 0.26458333333333334, 'f1-score': 0.19183080632039134, 'support': 1920.0}}","[[111  46   1   0   0   0  38   4]
 [  0 105   0   0   0   0  15   0]
 [  1  17  45   0   0   0 132   5]
 [  4   0   0   0   0   0 196   0]
 [103  73   0   0   0   0   5  19]
 [  1   7   0   0   0  20 372   0]
 [  1   7   0   0   0   0 192   0]
 [ 55 297   1   0   0   0  12  35]]",0.002083778,0.000390291
335,ToN_IoT,3,None,MinMaxScaler,SGD,0.221602114,-1,-1,82.04427083,31.38541667,10.26041667,43.28438825,24.43633193,-1,"{'0Normal': {'precision': 0.22809123649459784, 'recall': 0.95, 'f1-score': 0.3678606001936108, 'support': 200.0}, 'BruteForce': {'precision': 0.14285714285714285, 'recall': 0.008333333333333333, 'f1-score': 0.015748031496062992, 'support': 120.0}, 'DDoS': {'precision': 0.18292682926829268, 'recall': 0.45, 'f1-score': 0.2601156069364162, 'support': 200.0}, 'DoS': {'precision': 0.06976744186046512, 'recall': 0.015, 'f1-score': 0.024691358024691357, 'support': 200.0}, 'MITM': {'precision': 0.8581560283687943, 'recall': 0.605, 'f1-score': 0.7096774193548387, 'support': 200.0}, 'Malware': {'precision': 1.0, 'recall': 0.0975, 'f1-score': 0.17767653758542143, 'support': 400.0}, 'Scan': {'precision': 0.18095238095238095, 'recall': 0.285, 'f1-score': 0.22135922330097088, 'support': 200.0}, 'WebAttack': {'precision': 0.8, 'recall': 0.1, 'f1-score': 0.1777777777777778, 'support': 400.0}, 'accuracy': 0.28177083333333336, 'macro avg': {'precision': 0.4328438824752093, 'recall': 0.31385416666666666, 'f1-score': 0.2443633193337238, 'support': 1920.0}, 'weighted avg': {'precision': 0.5422508544436266, 'recall': 0.28177083333333336, 'f1-score': 0.24000642264943378, 'support': 1920.0}}","[[190   0   2   1   5   0   2   0]
 [ 27   1  92   0   0   0   0   0]
 [103   1  90   0   1   0   2   3]
 [197   0   0   3   0   0   0   0]
 [ 23   0  29  20 121   0   2   5]
 [108   0   0   0   1  39 251   1]
 [136   5   1   0   0   0  57   1]
 [ 49   0 278  19  13   0   1  40]]",0.166528225,0.003216505
38,ToN_IoT,3,sigmoid,QuantileTransformer,HHHv2,0.217294487,-1,-1,82.79947917,28.2383112,9.828869048,30.96875,26.65237564,-1,"{'0Normal': {'precision': 0.325, 'recall': 0.16209476309226933, 'f1-score': 0.21630615640599002, 'support': 401.0}, 'BruteForce': {'precision': 0.0, 'recall': 0.0, 'f1-score': 0.0, 'support': 28.0}, 'DDoS': {'precision': 0.405, 'recall': 0.21891891891891893, 'f1-score': 0.2842105263157895, 'support': 370.0}, 'DoS': {'precision': 0.765, 'recall': 0.5032894736842105, 'f1-score': 0.6071428571428571, 'support': 304.0}, 'MITM': {'precision': 0.365, 'recall': 0.29435483870967744, 'f1-score': 0.3258928571428571, 'support': 248.0}, 'Malware': {'precision': 0.07, 'recall': 0.4375, 'f1-score': 0.12068965517241378, 'support': 64.0}, 'Scan': {'precision': 0.1, 'recall': 0.20202020202020202, 'f1-score': 0.13377926421404684, 'support': 99.0}, 'WebAttack': {'precision': 0.4475, 'recall': 0.4408866995073892, 'f1-score': 0.4441687344913151, 'support': 406.0}, 'accuracy': 0.31197916666666664, 'macro avg': {'precision': 0.3096875, 'recall': 0.28238311199158345, 'f1-score': 0.2665237563606587, 'support': 1920.0}, 'weighted avg': {'precision': 0.41631250000000003, 'recall': 0.31197916666666664, 'f1-score': 0.34301578744281264, 'support': 1920.0}}","[[ 65  20  28   4  36 117  52  79]
 [  5   0   5   0   8   1   0   9]
 [ 36  13  81   6  16 118  55  45]
 [ 27  23  13 153  26  11  32  19]
 [ 26  13  11  23  73  38   8  56]
 [  6   1   2   0   8  28  16   3]
 [  5   0   3   0   7  54  20  10]
 [ 30  50  57  14  26  33  17 179]]",7.261655092,0.102128029
336,ToN_IoT,3,sigmoid,MinMaxScaler,HHHv2,0.210772803,-1,-1,80.28571429,32.85631712,11.5,31.40625,24.23273229,-1,"{'0Normal': {'precision': 0.905, 'recall': 0.23415265200517466, 'f1-score': 0.37204522096608433, 'support': 773.0}, 'BruteForce': {'precision': 0.0, 'recall': 0.0, 'f1-score': 0.0, 'support': 0.0}, 'DDoS': {'precision': 0.285, 'recall': 0.36774193548387096, 'f1-score': 0.32112676056338024, 'support': 155.0}, 'DoS': {'precision': 0.0, 'recall': 0.0, 'f1-score': 0.0, 'support': 3.0}, 'MITM': {'precision': 0.495, 'recall': 0.5857988165680473, 'f1-score': 0.5365853658536585, 'support': 169.0}, 'Malware': {'precision': 0.0975, 'recall': 0.975, 'f1-score': 0.17727272727272725, 'support': 40.0}, 'Scan': {'precision': 0.55, 'recall': 0.23504273504273504, 'f1-score': 0.32934131736526945, 'support': 468.0}, 'WebAttack': {'precision': 0.18, 'recall': 0.23076923076923078, 'f1-score': 0.20224719101123595, 'support': 312.0}, 'accuracy': 0.290625, 'macro avg': {'precision': 0.3140625, 'recall': 0.3285631712336323, 'f1-score': 0.24232732287904446, 'support': 1920.0}, 'weighted avg': {'precision': 0.5962786458333333, 'recall': 0.290625, 'f1-score': 0.33977723944621674, 'support': 1920.0}}","[[181   8 199  55   7  18 240]
 [  0  57   0   1   0   0  70]
 [  3   0   0   0   0   0   0]
 [  6  47   1  99   1   1  14]
 [  1   0   0   0  39   0   0]
 [  2   5   0   6 333 110   4]
 [  7  83   0  39  20  71  72]]",0.321447372,0.035492897
260,ToN_IoT,0,None,StandardScaler,SGD,0.203041869,-1,-1,82.29166667,29.5625,10.11904762,34.72746207,24.73699884,-1,"{'0Normal': {'precision': 0.5020576131687243, 'recall': 0.61, 'f1-score': 0.5507900677200903, 'support': 200.0}, 'BruteForce': {'precision': 0.0, 'recall': 0.0, 'f1-score': 0.0, 'support': 120.0}, 'DDoS': {'precision': 1.0, 'recall': 0.155, 'f1-score': 0.2683982683982684, 'support': 200.0}, 'DoS': {'precision': 0.0, 'recall': 0.0, 'f1-score': 0.0, 'support': 200.0}, 'MITM': {'precision': 0.2079207920792079, 'recall': 0.63, 'f1-score': 0.31265508684863524, 'support': 200.0}, 'Malware': {'precision': 0.6488095238095238, 'recall': 0.2725, 'f1-score': 0.3838028169014085, 'support': 400.0}, 'Scan': {'precision': 0.18043844856661045, 'recall': 0.535, 'f1-score': 0.2698612862547289, 'support': 200.0}, 'WebAttack': {'precision': 0.23897058823529413, 'recall': 0.1625, 'f1-score': 0.19345238095238096, 'support': 400.0}, 'accuracy': 0.2916666666666667, 'macro avg': {'precision': 0.3472746207324201, 'recall': 0.295625, 'f1-score': 0.24736998838443905, 'support': 1920.0}, 'weighted avg': {'precision': 0.3818726122816853, 'recall': 0.2916666666666667, 'f1-score': 0.2662724067634689, 'support': 1920.0}}","[[122   0   0   0  25   4  46   3]
 [  0   0   0   0  92   0   8  20]
 [ 16   7  31   0  78   2   3  63]
 [  2   0   0   0   4   0 194   0]
 [ 47   0   0   0 126   2  14  11]
 [  1   0   0   0   1 109 220  69]
 [  0   0   0   0   2  50 107  41]
 [ 55   0   0   0 278   1   1  65]]",0.011670589,0.000561237
395,ToN_IoT,0,None,MinMaxScaler,LDA,0.201515256,-1,-1,82.1875,33.08333333,10.17857143,41.02013584,27.11756574,-1,"{'0Normal': {'precision': 0.9532710280373832, 'recall': 0.51, 'f1-score': 0.6644951140065146, 'support': 200.0}, 'BruteForce': {'precision': 0.1732283464566929, 'recall': 0.9166666666666666, 'f1-score': 0.2913907284768212, 'support': 120.0}, 'DDoS': {'precision': 0.8857142857142857, 'recall': 0.155, 'f1-score': 0.26382978723404255, 'support': 200.0}, 'DoS': {'precision': 0.01935483870967742, 'recall': 0.015, 'f1-score': 0.016901408450704224, 'support': 200.0}, 'MITM': {'precision': 0.34782608695652173, 'recall': 0.04, 'f1-score': 0.07174887892376683, 'support': 200.0}, 'Malware': {'precision': 0.3226452905811623, 'recall': 0.4025, 'f1-score': 0.35817575083426023, 'support': 400.0}, 'Scan': {'precision': 0.29775280898876405, 'recall': 0.53, 'f1-score': 0.381294964028777, 'support': 200.0}, 'WebAttack': {'precision': 0.2818181818181818, 'recall': 0.0775, 'f1-score': 0.12156862745098038, 'support': 400.0}, 'accuracy': 0.2875, 'macro avg': {'precision': 0.41020135840783367, 'recall': 0.3308333333333333, 'f1-score': 0.27117565742573335, 'support': 1920.0}, 'weighted avg': {'precision': 0.3975815626124308, 'recall': 0.2875, 'f1-score': 0.2638118069062895, 'support': 1920.0}}","[[102  11   1   8  14  45  13   6]
 [  0 110   0   0   0   7   3   0]
 [  0 149  31   0   1   3   3  13]
 [  0   0   0   3   0 197   0   0]
 [  4  22   1  89   8  16   3  57]
 [  1  12   0   0   0 161 225   1]
 [  0  23   0   0   0  69 106   2]
 [  0 308   2  55   0   1   3  31]]",0.000623941,0.000326872
232,ToN_IoT,0,None,StandardScaler,HHHv2,0.192836937,-1,-1,81.84895833,31.44405494,10.37202381,32.71875,23.71991075,-1,"{'0Normal': {'precision': 0.59, 'recall': 0.8676470588235294, 'f1-score': 0.7023809523809523, 'support': 136.0}, 'BruteForce': {'precision': 0.0, 'recall': 0.0, 'f1-score': 0.0, 'support': 6.0}, 'DDoS': {'precision': 0.88, 'recall': 0.3492063492063492, 'f1-score': 0.5, 'support': 504.0}, 'DoS': {'precision': 0.015, 'recall': 0.02, 'f1-score': 0.01714285714285714, 'support': 150.0}, 'MITM': {'precision': 0.33, 'recall': 0.20245398773006135, 'f1-score': 0.25095057034220536, 'support': 326.0}, 'Malware': {'precision': 0.0025, 'recall': 0.004739336492890996, 'f1-score': 0.0032733224222585926, 'support': 211.0}, 'Scan': {'precision': 0.79, 'recall': 0.27147766323024053, 'f1-score': 0.4040920716112532, 'support': 582.0}, 'WebAttack': {'precision': 0.01, 'recall': 0.8, 'f1-score': 0.019753086419753086, 'support': 5.0}, 'accuracy': 0.27395833333333336, 'macro avg': {'precision': 0.32718749999999996, 'recall': 0.31444054943538396, 'f1-score': 0.23719910753990997, 'support': 1920.0}, 'weighted avg': {'precision': 0.5697643229166667, 'recall': 0.27395833333333336, 'f1-score': 0.3478521594623655, 'support': 1920.0}}","[[118   0   0   0   5   2  11   0]
 [  2   0   0   0   1   0   0   3]
 [  6  66 176   0  19  15  28 194]
 [  4   0   0   3  88   0   0  55]
 [ 60  39  13   6  66   0   2 140]
 [  2   0   2 191  14   1   1   0]
 [  7  15   9   0   7 382 158   4]
 [  1   0   0   0   0   0   0   4]]",0.002681732,0.006144047
113,ToN_IoT,0,None,QuantileTransformer,SGD,0.192374167,-1,-1,81.09375,28.21875,10.80357143,29.63847443,17.88871803,-1,"{'0Normal': {'precision': 0.27053140096618356, 'recall': 0.84, 'f1-score': 0.40925700365408035, 'support': 200.0}, 'BruteForce': {'precision': 0.09090909090909091, 'recall': 0.125, 'f1-score': 0.10526315789473685, 'support': 120.0}, 'DDoS': {'precision': 0.94, 'recall': 0.235, 'f1-score': 0.37600000000000006, 'support': 200.0}, 'DoS': {'precision': 0.0, 'recall': 0.0, 'f1-score': 0.0, 'support': 200.0}, 'MITM': {'precision': 0.1863041289023162, 'recall': 0.925, 'f1-score': 0.3101424979044426, 'support': 200.0}, 'Malware': {'precision': 0.0, 'recall': 0.0, 'f1-score': 0.0, 'support': 400.0}, 'Scan': {'precision': 0.0, 'recall': 0.0, 'f1-score': 0.0, 'support': 200.0}, 'WebAttack': {'precision': 0.8833333333333333, 'recall': 0.1325, 'f1-score': 0.23043478260869565, 'support': 400.0}, 'accuracy': 0.24375, 'macro avg': {'precision': 0.2963847442638655, 'recall': 0.28218750000000004, 'f1-score': 0.17888718025774442, 'support': 1920.0}, 'weighted avg': {'precision': 0.33521329698756464, 'recall': 0.24375, 'f1-score': 0.16869030849091213, 'support': 1920.0}}","[[168   2   0   0  28   0   0   2]
 [  0  15   0   0 105   0   0   0]
 [  9  26  47   0 118   0   0   0]
 [ 23   0   0   0 177   0   0   0]
 [  8   1   1   0 185   0   0   5]
 [243 108   0  29  20   0   0   0]
 [170   9   0   1  20   0   0   0]
 [  0   4   2   1 340   0   0  53]]",0.018998623,0.000711918
248,ToN_IoT,0,None,StandardScaler,LDA,0.183319525,-1,-1,82.29166667,31.52083333,10.11904762,38.62588276,28.73140794,-1,"{'0Normal': {'precision': 0.9596774193548387, 'recall': 0.595, 'f1-score': 0.7345679012345679, 'support': 200.0}, 'BruteForce': {'precision': 0.19956616052060738, 'recall': 0.7666666666666667, 'f1-score': 0.31669535283993117, 'support': 120.0}, 'DDoS': {'precision': 0.9117647058823529, 'recall': 0.155, 'f1-score': 0.264957264957265, 'support': 200.0}, 'DoS': {'precision': 0.019867549668874173, 'recall': 0.015, 'f1-score': 0.017094017094017092, 'support': 200.0}, 'MITM': {'precision': 0.22826086956521738, 'recall': 0.105, 'f1-score': 0.14383561643835616, 'support': 200.0}, 'Malware': {'precision': 0.4227467811158798, 'recall': 0.4925, 'f1-score': 0.45496535796766746, 'support': 400.0}, 'Scan': {'precision': 0.24, 'recall': 0.3, 'f1-score': 0.2666666666666666, 'support': 200.0}, 'WebAttack': {'precision': 0.10818713450292397, 'recall': 0.0925, 'f1-score': 0.09973045822102425, 'support': 400.0}, 'accuracy': 0.2916666666666667, 'macro avg': {'precision': 0.3862588275763368, 'recall': 0.3152083333333333, 'f1-score': 0.287314079427437, 'support': 1920.0}, 'weighted avg': {'precision': 0.3688727158355474, 'recall': 0.2916666666666667, 'f1-score': 0.28401357400752236, 'support': 1920.0}}","[[119  17   0   4  48   1   7   4]
 [  0  92   0   0   0   8   0  20]
 [  0   9  31   0   6   4   1 149]
 [  0   0   0   3   6 191   0   0]
 [  4  52   0  89  21  16   3  15]
 [  1   0   0   0   1 197 176  25]
 [  0   1   0   0   0  47  60  92]
 [  0 290   3  55  10   2   3  37]]",0.000836372,0.000338793
385,ToN_IoT,0,None,MinMaxScaler,SGD,0.170223148,-1,-1,79.71354167,22.53125,11.5922619,35.86732561,15.18634987,-1,"{'0Normal': {'precision': 0.7043010752688172, 'recall': 0.655, 'f1-score': 0.6787564766839379, 'support': 200.0}, 'BruteForce': {'precision': 0.0, 'recall': 0.0, 'f1-score': 0.0, 'support': 120.0}, 'DDoS': {'precision': 0.96875, 'recall': 0.155, 'f1-score': 0.2672413793103448, 'support': 200.0}, 'DoS': {'precision': 0.0, 'recall': 0.0, 'f1-score': 0.0, 'support': 200.0}, 'MITM': {'precision': 0.11841289522628642, 'recall': 0.955, 'f1-score': 0.2107004964147821, 'support': 200.0}, 'Malware': {'precision': 0.0, 'recall': 0.0, 'f1-score': 0.0, 'support': 400.0}, 'Scan': {'precision': 0.07792207792207792, 'recall': 0.03, 'f1-score': 0.04332129963898917, 'support': 200.0}, 'WebAttack': {'precision': 1.0, 'recall': 0.0075, 'f1-score': 0.014888337468982629, 'support': 400.0}, 'accuracy': 0.18854166666666666, 'macro avg': {'precision': 0.3586732560521477, 'recall': 0.2253125, 'f1-score': 0.1518634986896296, 'support': 1920.0}, 'weighted avg': {'precision': 0.4030610467101231, 'recall': 0.18854166666666666, 'f1-score': 0.12810378406104367, 'support': 1920.0}}","[[131   0   0   0  69   0   0   0]
 [  0   0   0   0 120   0   0   0]
 [  0   0  31   0 169   0   0   0]
 [  0   0   0   0 200   0   0   0]
 [  9   0   0   0 191   0   0   0]
 [  2   0   0   0 327   0  71   0]
 [ 44   0   0   0 141   9   6   0]
 [  0   0   1   0 396   0   0   3]]",0.009076595,0.001347303
373,ToN_IoT,0,None,MinMaxScaler,LDA,0.167186003,-1,-1,81.484375,31.15625,10.58035714,32.50032918,25.12779979,-1,"{'0Normal': {'precision': 0.94, 'recall': 0.47, 'f1-score': 0.6266666666666667, 'support': 200.0}, 'BruteForce': {'precision': 0.18613138686131386, 'recall': 0.425, 'f1-score': 0.25888324873096447, 'support': 120.0}, 'DDoS': {'precision': 0.3489278752436647, 'recall': 0.895, 'f1-score': 0.5021037868162692, 'support': 200.0}, 'DoS': {'precision': 0.009345794392523364, 'recall': 0.005, 'f1-score': 0.006514657980456026, 'support': 200.0}, 'MITM': {'precision': 0.3103448275862069, 'recall': 0.045, 'f1-score': 0.07860262008733625, 'support': 200.0}, 'Malware': {'precision': 0.035483870967741936, 'recall': 0.0275, 'f1-score': 0.030985915492957747, 'support': 400.0}, 'Scan': {'precision': 0.1983640081799591, 'recall': 0.485, 'f1-score': 0.2815674891146589, 'support': 200.0}, 'WebAttack': {'precision': 0.5714285714285714, 'recall': 0.14, 'f1-score': 0.22489959839357432, 'support': 400.0}, 'accuracy': 0.259375, 'macro avg': {'precision': 0.32500329183249765, 'recall': 0.31156249999999996, 'f1-score': 0.25127799791036043, 'support': 1920.0}, 'weighted avg': {'precision': 0.32630064815747595, 'recall': 0.259375, 'f1-score': 0.2252662705913573, 'support': 1920.0}}","[[ 94   8  20  15  14  44   2   3]
 [  0  51  61   0   0   1   7   0]
 [  0  12 179   0   3   0   5   1]
 [  0   0   0   1   3 194   0   2]
 [  4  54  23  80   9  16   3  11]
 [  1   0   9   0   0  11 371   8]
 [  0   1  41   0   0  44  97  17]
 [  1 148 180  11   0   0   4  56]]",0.000803232,0.000305414
84,ToN_IoT,0,None,QuantileTransformer,SGD,0.164984611,-1,-1,79.21875,24.125,11.875,50.34751538,16.62921223,-1,"{'0Normal': {'precision': 0.30985915492957744, 'recall': 0.44, 'f1-score': 0.36363636363636365, 'support': 200.0}, 'BruteForce': {'precision': 0.08108108108108109, 'recall': 1.0, 'f1-score': 0.15, 'support': 120.0}, 'DDoS': {'precision': 0.9411764705882353, 'recall': 0.16, 'f1-score': 0.27350427350427353, 'support': 200.0}, 'DoS': {'precision': 0.0, 'recall': 0.0, 'f1-score': 0.0, 'support': 200.0}, 'MITM': {'precision': 0.671875, 'recall': 0.215, 'f1-score': 0.32575757575757575, 'support': 200.0}, 'Malware': {'precision': 1.0, 'recall': 0.05, 'f1-score': 0.09523809523809523, 'support': 400.0}, 'Scan': {'precision': 0.35714285714285715, 'recall': 0.025, 'f1-score': 0.04672897196261683, 'support': 200.0}, 'WebAttack': {'precision': 0.6666666666666666, 'recall': 0.04, 'f1-score': 0.07547169811320754, 'support': 400.0}, 'accuracy': 0.16875, 'macro avg': {'precision': 0.5034751538010522, 'recall': 0.24125, 'f1-score': 0.16629212227651657, 'support': 1920.0}, 'weighted avg': {'precision': 0.5897953609002762, 'recall': 0.16875, 'f1-score': 0.15010903870452452, 'support': 1920.0}}","[[ 88  96   0   0  13   0   0   3]
 [  0 120   0   0   0   0   0   0]
 [  0 165  32   0   1   0   0   2]
 [  2 197   0   0   1   0   0   0]
 [ 65  88   1   0  43   0   0   3]
 [ 75 296   0   0   0  20   9   0]
 [  0 195   0   0   0   0   5   0]
 [ 54 323   1   0   6   0   0  16]]",0.002448082,0.000480413
379,ToN_IoT,0,None,MinMaxScaler,HHHv2,0.161270891,-1,-1,79.90601504,24.14742905,11.72149123,26.40625,18.10161961,-1,"{'0Normal': {'precision': 0.21, 'recall': 0.5833333333333334, 'f1-score': 0.3088235294117647, 'support': 72.0}, 'BruteForce': {'precision': 0.0, 'recall': 0.0, 'f1-score': 0.0, 'support': 4.0}, 'DDoS': {'precision': 0.91, 'recall': 0.24528301886792453, 'f1-score': 0.386411889596603, 'support': 742.0}, 'DoS': {'precision': 0.005, 'recall': 0.01098901098901099, 'f1-score': 0.006872852233676977, 'support': 91.0}, 'MITM': {'precision': 0.35, 'recall': 0.20114942528735633, 'f1-score': 0.2554744525547445, 'support': 348.0}, 'Malware': {'precision': 0.0, 'recall': 0.0, 'f1-score': 0.0, 'support': 0.0}, 'Scan': {'precision': 0.495, 'recall': 0.1695205479452055, 'f1-score': 0.2525510204081633, 'support': 584.0}, 'WebAttack': {'precision': 0.1425, 'recall': 0.7215189873417721, 'f1-score': 0.23799582463465552, 'support': 79.0}, 'accuracy': 0.23489583333333333, 'macro avg': {'precision': 0.2640625, 'recall': 0.24147429047057534, 'f1-score': 0.181016196104951, 'support': 1920.0}, 'weighted avg': {'precision': 0.5796523437500001, 'recall': 0.23489583333333333, 'f1-score': 0.29415360484643094, 'support': 1920.0}}","[[ 42   0   1   0   7  20   1]
 [  0   0   0   0   2   0   2]
 [ 28 106 182   0  23  79 301]
 [ 14   0   0   1  75   0   1]
 [ 77   6  11 147  70   2  34]
 [ 37   8   5  50   7  99   4]
 [  2   0   1   2  16   0  57]]",0.003138065,0.005512238
254,ToN_IoT,0,linear,StandardScaler,HHHv2,0.153026733,-1,-1,81.7578125,33.12858066,10.42410714,27.72916667,27.85506118,-1,"{'0Normal': {'precision': 0.6, 'recall': 0.916030534351145, 'f1-score': 0.7250755287009063, 'support': 131.0}, 'BruteForce': {'precision': 0.20833333333333334, 'recall': 0.22321428571428573, 'f1-score': 0.21551724137931033, 'support': 112.0}, 'DDoS': {'precision': 0.17, 'recall': 0.5964912280701754, 'f1-score': 0.26459143968871596, 'support': 57.0}, 'DoS': {'precision': 0.015, 'recall': 0.02054794520547945, 'f1-score': 0.017341040462427747, 'support': 146.0}, 'MITM': {'precision': 0.335, 'recall': 0.1580188679245283, 'f1-score': 0.21474358974358973, 'support': 424.0}, 'Malware': {'precision': 0.37, 'recall': 0.354916067146283, 'f1-score': 0.3623011015911873, 'support': 417.0}, 'Scan': {'precision': 0.43, 'recall': 0.26380368098159507, 'f1-score': 0.32699619771863114, 'support': 326.0}, 'WebAttack': {'precision': 0.09, 'recall': 0.11726384364820847, 'f1-score': 0.10183875530410183, 'support': 307.0}, 'accuracy': 0.2703125, 'macro avg': {'precision': 0.2772916666666667, 'recall': 0.33128580663021256, 'f1-score': 0.27855061182360874, 'support': 1920.0}, 'weighted avg': {'precision': 0.30101736111111116, 'recall': 0.2703125, 'f1-score': 0.26913147344453797, 'support': 1920.0}}","[[120   0   1   0   9   1   0   0]
 [  0  25   1   0   3   0   0  83]
 [  1   0  34   0   0   2   0  20]
 [  3   0   0   3  87   0   0  53]
 [ 66  67  13   6  67   1   1 203]
 [  2   7   4 191  16 148  47   2]
 [  5   1   2   0   4 225  86   3]
 [  3  20 145   0  14  23  66  36]]",0.003077269,0.006670952
231,ToN_IoT,0,None,StandardScaler,SGD,0.150885813,-1,-1,81.45833333,27.02083333,10.5952381,31.89636934,20.64838871,-1,"{'0Normal': {'precision': 0.2198581560283688, 'recall': 0.31, 'f1-score': 0.2572614107883818, 'support': 200.0}, 'BruteForce': {'precision': 0.17657657657657658, 'recall': 0.8166666666666667, 'f1-score': 0.2903703703703704, 'support': 120.0}, 'DDoS': {'precision': 0.8823529411764706, 'recall': 0.075, 'f1-score': 0.1382488479262673, 'support': 200.0}, 'DoS': {'precision': 0.0, 'recall': 0.0, 'f1-score': 0.0, 'support': 200.0}, 'MITM': {'precision': 0.5666666666666667, 'recall': 0.17, 'f1-score': 0.26153846153846155, 'support': 200.0}, 'Malware': {'precision': 0.35079365079365077, 'recall': 0.5525, 'f1-score': 0.429126213592233, 'support': 400.0}, 'Scan': {'precision': 0.15104166666666666, 'recall': 0.145, 'f1-score': 0.14795918367346936, 'support': 200.0}, 'WebAttack': {'precision': 0.20441988950276244, 'recall': 0.0925, 'f1-score': 0.12736660929432012, 'support': 400.0}, 'accuracy': 0.25833333333333336, 'macro avg': {'precision': 0.3189636934263953, 'recall': 0.27020833333333333, 'f1-score': 0.20648388714793794, 'support': 1920.0}, 'weighted avg': {'precision': 0.3162804642788484, 'recall': 0.25833333333333336, 'f1-score': 0.21793914290853214, 'support': 1920.0}}","[[ 62  30   1   3  10  81   2  11]
 [  0  98   0   0   0   8   0  14]
 [ 49  88  15   0   7   3   2  36]
 [  3   0   0   0   0 197   0   0]
 [109  37   0   0  34  10   3   7]
 [  0   0   1   0   0 221 153  25]
 [  0  10   0   0   1 109  29  51]
 [ 59 292   0   0   8   1   3  37]]",0.002537966,0.000501156
253,ToN_IoT,0,None,StandardScaler,SGD,0.083386937,-1,-1,80.22135417,21.72916667,11.30208333,23.86376381,19.83199059,-1,"{'0Normal': {'precision': 0.6815642458100558, 'recall': 0.61, 'f1-score': 0.6437994722955145, 'support': 200.0}, 'BruteForce': {'precision': 0.129973474801061, 'recall': 0.4083333333333333, 'f1-score': 0.19718309859154928, 'support': 120.0}, 'DDoS': {'precision': 0.14344262295081966, 'recall': 0.175, 'f1-score': 0.15765765765765766, 'support': 200.0}, 'DoS': {'precision': 0.009345794392523364, 'recall': 0.005, 'f1-score': 0.006514657980456026, 'support': 200.0}, 'MITM': {'precision': 0.07339449541284404, 'recall': 0.08, 'f1-score': 0.07655502392344497, 'support': 200.0}, 'Malware': {'precision': 0.38746438746438744, 'recall': 0.34, 'f1-score': 0.3621837549933422, 'support': 400.0}, 'Scan': {'precision': 0.4, 'recall': 0.03, 'f1-score': 0.055813953488372085, 'support': 200.0}, 'WebAttack': {'precision': 0.08391608391608392, 'recall': 0.09, 'f1-score': 0.08685162846803376, 'support': 400.0}, 'accuracy': 0.20885416666666667, 'macro avg': {'precision': 0.2386376380934719, 'recall': 0.21729166666666666, 'f1-score': 0.1983199059247963, 'support': 1920.0}, 'weighted avg': {'precision': 0.24255126939664817, 'recall': 0.20885416666666667, 'f1-score': 0.20382514493990905, 'support': 1920.0}}","[[122   3   5   3  62   0   0   5]
 [  0  49  43   0   0   0   0  28]
 [  1 104  35   0   1   0   0  59]
 [  2   0   0   1   6 191   0   0]
 [ 20  48  25  77  16   0   0  14]
 [  1   1   1   0  72 136   9 180]
 [  0   0   2   0  61  24   6 107]
 [ 33 172 133  26   0   0   0  36]]",0.002231836,0.000469923
77,ToN_IoT,2,sigmoid,QuantileTransformer,HHHv2,0.021950894,-1,-1,78.0078125,14.29349454,12.56696429,14.95833333,5.984433844,-1,"{'0Normal': {'precision': 0.005, 'recall': 0.125, 'f1-score': 0.009615384615384616, 'support': 8.0}, 'BruteForce': {'precision': 0.19166666666666668, 'recall': 0.0744336569579288, 'f1-score': 0.10722610722610725, 'support': 309.0}, 'DDoS': {'precision': 0.005, 'recall': 0.25, 'f1-score': 0.00980392156862745, 'support': 4.0}, 'DoS': {'precision': 0.035, 'recall': 0.23333333333333334, 'f1-score': 0.060869565217391314, 'support': 30.0}, 'MITM': {'precision': 0.0, 'recall': 0.0, 'f1-score': 0.0, 'support': 7.0}, 'Malware': {'precision': 0.0175, 'recall': 0.047619047619047616, 'f1-score': 0.025594149908592323, 'support': 147.0}, 'Scan': {'precision': 0.925, 'recall': 0.13309352517985612, 'f1-score': 0.23270440251572327, 'support': 1390.0}, 'WebAttack': {'precision': 0.0175, 'recall': 0.28, 'f1-score': 0.03294117647058824, 'support': 25.0}, 'accuracy': 0.1203125, 'macro avg': {'precision': 0.14958333333333335, 'recall': 0.14293494538627072, 'f1-score': 0.059844338440301806, 'support': 1920.0}, 'weighted avg': {'precision': 0.7026536458333333, 'recall': 0.1203125, 'f1-score': 0.18912504260300497, 'support': 1920.0}}","[[  1   0   1   0   1   1   1   3]
 [ 26  23  57  71  37  12  10  73]
 [  1   1   1   0   0   0   0   1]
 [  4   2   3   7   4   0   0  10]
 [  1   1   0   0   0   0   0   5]
 [ 13  20  16  27  13   7   4  47]
 [151  72 118  91 139 380 185 254]
 [  3   1   4   4   6   0   0   7]]",8.807861567,0.044711113
