,Data Type,Poly,Kernel,SCALER,Model,MCC,NDR,AUC_N,ACC,TPR Macro,FPR,PPV Macro,F1 Macro,AUC,CLS Report,CFS Matrix,Training time,Test time
0,BoT_IoT,3,None,QuantileTransformer,KNN,0.9729585780755792,-1,-1,99.2588932806324,97.27380952380953,0.4446640316205534,97.58073323983389,97.41943933684331,-1,"{'0Normal': {'precision': 0.9545454545454546, 'recall': 0.945, 'f1-score': 0.949748743718593, 'support': 200.0}, 'HTTP': {'precision': 0.9826302729528535, 'recall': 0.99, 'f1-score': 0.9863013698630136, 'support': 400.0}, 'TCP': {'precision': 0.9682926829268292, 'recall': 0.9925, 'f1-score': 0.9802469135802468, 'support': 400.0}, 'UDP': {'precision': 0.9825436408977556, 'recall': 0.985, 'f1-score': 0.9837702871410736, 'support': 400.0}, 'scan': {'precision': 0.9898734177215189, 'recall': 0.9775, 'f1-score': 0.9836477987421384, 'support': 400.0}, 'theft': {'precision': 0.9769585253456221, 'recall': 0.9464285714285714, 'f1-score': 0.9614512471655329, 'support': 224.0}, 'accuracy': 0.9777667984189723, 'macro avg': {'precision': 0.9758073323983388, 'recall': 0.9727380952380953, 'f1-score': 0.974194393368433, 'support': 2024.0}, 'weighted avg': {'precision': 0.977808204736212, 'recall': 0.9777667984189723, 'f1-score': 0.9777180710668908, 'support': 2024.0}}","[[189   3   0   6   1   1]
 [  3 396   1   0   0   0]
 [  0   3 397   0   0   0]
 [  0   0   6 394   0   0]
 [  0   0   4   1 391   4]
 [  6   1   2   0   3 212]]",0.0036368370056152344,0.18900203704833984
1,BoT_IoT,3,None,QuantileTransformer,LDA,0.9753536802285977,-1,-1,99.3247694334651,97.49702380952382,0.4051383399209486,98.01911443412993,97.74684964352325,-1,"{'0Normal': {'precision': 0.9791666666666666, 'recall': 0.94, 'f1-score': 0.9591836734693877, 'support': 200.0}, 'HTTP': {'precision': 0.9826302729528535, 'recall': 0.99, 'f1-score': 0.9863013698630136, 'support': 400.0}, 'TCP': {'precision': 0.9778325123152709, 'recall': 0.9925, 'f1-score': 0.9851116625310173, 'support': 400.0}, 'UDP': {'precision': 0.9777227722772277, 'recall': 0.9875, 'f1-score': 0.9825870646766169, 'support': 400.0}, 'scan': {'precision': 0.9775561097256857, 'recall': 0.98, 'f1-score': 0.978776529338327, 'support': 400.0}, 'theft': {'precision': 0.9862385321100917, 'recall': 0.9598214285714286, 'f1-score': 0.9728506787330317, 'support': 224.0}, 'accuracy': 0.9797430830039525, 'macro avg': {'precision': 0.9801911443412994, 'recall': 0.9749702380952382, 'f1-score': 0.9774684964352325, 'support': 2024.0}, 'weighted avg': {'precision': 0.9797665175071191, 'recall': 0.9797430830039525, 'f1-score': 0.9796768464889657, 'support': 2024.0}}","[[188   3   0   3   5   1]
 [  2 396   1   1   0   0]
 [  0   2 397   1   0   0]
 [  0   0   3 395   2   0]
 [  1   0   3   2 392   2]
 [  1   2   2   2   2 215]]",1.35194993019104,0.0030946731567382812
2,BoT_IoT,3,None,QuantileTransformer,MLP,0.968926129902708,-1,-1,99.14361001317523,96.95535714285714,0.5138339920948617,97.45357533894054,97.13404365265032,-1,"{'0Normal': {'precision': 0.9471153846153846, 'recall': 0.985, 'f1-score': 0.965686274509804, 'support': 200.0}, 'HTTP': {'precision': 0.9974937343358395, 'recall': 0.995, 'f1-score': 0.9962453066332916, 'support': 400.0}, 'TCP': {'precision': 0.9826732673267327, 'recall': 0.9925, 'f1-score': 0.9875621890547265, 'support': 400.0}, 'UDP': {'precision': 1.0, 'recall': 0.9625, 'f1-score': 0.980891719745223, 'support': 400.0}, 'scan': {'precision': 0.9248826291079812, 'recall': 0.985, 'f1-score': 0.9539951573849877, 'support': 400.0}, 'theft': {'precision': 0.995049504950495, 'recall': 0.8973214285714286, 'f1-score': 0.943661971830986, 'support': 224.0}, 'accuracy': 0.974308300395257, 'macro avg': {'precision': 0.9745357533894055, 'recall': 0.9695535714285715, 'f1-score': 0.9713404365265031, 'support': 2024.0}, 'weighted avg': {'precision': 0.975461471511961, 'recall': 0.974308300395257, 'f1-score': 0.9743059712052338, 'support': 2024.0}}","[[197   0   0   0   3   0]
 [  2 398   0   0   0   0]
 [  0   1 397   0   2   0]
 [  2   0   4 385   9   0]
 [  2   0   3   0 394   1]
 [  5   0   0   0  18 201]]",4.374495983123779,0.00532984733581543
3,BoT_IoT,3,None,QuantileTransformer,LGBM,0.9927956792262584,-1,-1,99.80237154150198,99.32738095238095,0.11857707509881424,99.22552675467372,99.27123272774571,-1,"{'0Normal': {'precision': 0.9660194174757282, 'recall': 0.995, 'f1-score': 0.9802955665024631, 'support': 200.0}, 'HTTP': {'precision': 1.0, 'recall': 0.995, 'f1-score': 0.9974937343358395, 'support': 400.0}, 'TCP': {'precision': 0.9925373134328358, 'recall': 0.9975, 'f1-score': 0.9950124688279303, 'support': 400.0}, 'UDP': {'precision': 1.0, 'recall': 1.0, 'f1-score': 1.0, 'support': 400.0}, 'scan': {'precision': 0.9949748743718593, 'recall': 0.99, 'f1-score': 0.9924812030075189, 'support': 400.0}, 'theft': {'precision': 1.0, 'recall': 0.9821428571428571, 'f1-score': 0.9909909909909909, 'support': 224.0}, 'accuracy': 0.9940711462450593, 'macro avg': {'precision': 0.9922552675467372, 'recall': 0.9932738095238095, 'f1-score': 0.9927123272774571, 'support': 2024.0}, 'weighted avg': {'precision': 0.9941742878542608, 'recall': 0.9940711462450593, 'f1-score': 0.994088961339422, 'support': 2024.0}}","[[199   0   0   0   1   0]
 [  2 398   0   0   0   0]
 [  0   0 399   0   1   0]
 [  0   0   0 400   0   0]
 [  1   0   3   0 396   0]
 [  4   0   0   0   0 220]]",13.067017793655396,0.015320539474487305
4,BoT_IoT,3,None,QuantileTransformer,RF,0.985595049683932,-1,-1,99.60474308300395,98.65476190476191,0.23715415019762848,98.58384718958196,98.60780927521515,-1,"{'0Normal': {'precision': 0.9519230769230769, 'recall': 0.99, 'f1-score': 0.9705882352941176, 'support': 200.0}, 'HTTP': {'precision': 1.0, 'recall': 0.995, 'f1-score': 0.9974937343358395, 'support': 400.0}, 'TCP': {'precision': 0.9827160493827161, 'recall': 0.995, 'f1-score': 0.9888198757763975, 'support': 400.0}, 'UDP': {'precision': 1.0, 'recall': 0.99, 'f1-score': 0.9949748743718593, 'support': 400.0}, 'scan': {'precision': 0.985, 'recall': 0.985, 'f1-score': 0.985, 'support': 400.0}, 'theft': {'precision': 0.9953917050691244, 'recall': 0.9642857142857143, 'f1-score': 0.979591836734694, 'support': 224.0}, 'accuracy': 0.9881422924901185, 'macro avg': {'precision': 0.9858384718958196, 'recall': 0.9865476190476191, 'f1-score': 0.9860780927521514, 'support': 2024.0}, 'weighted avg': {'precision': 0.9883590795816135, 'recall': 0.9881422924901185, 'f1-score': 0.9881727333404315, 'support': 2024.0}}","[[198   0   0   0   2   0]
 [  2 398   0   0   0   0]
 [  0   0 398   0   2   0]
 [  0   0   4 396   0   0]
 [  2   0   3   0 394   1]
 [  6   0   0   0   2 216]]",3.6700878143310547,0.01464700698852539
5,BoT_IoT,3,None,QuantileTransformer,NuSVC,0.8901823285320506,-1,-1,96.96969696969697,88.61011904761905,1.8181818181818181,92.17096072063975,89.66040779273229,-1,"{'0Normal': {'precision': 0.9612403100775194, 'recall': 0.62, 'f1-score': 0.7537993920972644, 'support': 200.0}, 'HTTP': {'precision': 0.9078341013824884, 'recall': 0.985, 'f1-score': 0.9448441247002398, 'support': 400.0}, 'TCP': {'precision': 0.952, 'recall': 0.8925, 'f1-score': 0.9212903225806451, 'support': 400.0}, 'UDP': {'precision': 0.8555555555555555, 'recall': 0.9625, 'f1-score': 0.9058823529411764, 'support': 400.0}, 'scan': {'precision': 0.8817966903073287, 'recall': 0.9325, 'f1-score': 0.9064398541919805, 'support': 400.0}, 'theft': {'precision': 0.971830985915493, 'recall': 0.9241071428571429, 'f1-score': 0.9473684210526317, 'support': 224.0}, 'accuracy': 0.9090909090909091, 'macro avg': {'precision': 0.9217096072063975, 'recall': 0.8861011904761905, 'f1-score': 0.8966040779273229, 'support': 2024.0}, 'weighted avg': {'precision': 0.9134450305132032, 'recall': 0.9090909090909091, 'f1-score': 0.9063009221842189, 'support': 2024.0}}","[[124   6   1  64   5   0]
 [  1 394   2   0   0   3]
 [  0  11 357   0  32   0]
 [  0   0   6 385   9   0]
 [  0  19   4   1 373   3]
 [  4   4   5   0   4 207]]",4.9952850341796875,2.7513182163238525
6,BoT_IoT,3,None,QuantileTransformer,SGD,0.938835491649604,-1,-1,98.30368906455863,93.00297619047619,1.0177865612648223,95.00926703655402,93.63957417214284,-1,"{'0Normal': {'precision': 0.9266666666666666, 'recall': 0.695, 'f1-score': 0.7942857142857142, 'support': 200.0}, 'HTTP': {'precision': 0.9949622166246851, 'recall': 0.9875, 'f1-score': 0.9912170639899623, 'support': 400.0}, 'TCP': {'precision': 0.9635922330097088, 'recall': 0.9925, 'f1-score': 0.977832512315271, 'support': 400.0}, 'UDP': {'precision': 0.8627450980392157, 'recall': 0.99, 'f1-score': 0.9220023282887078, 'support': 400.0}, 'scan': {'precision': 0.9920634920634921, 'recall': 0.9375, 'f1-score': 0.9640102827763496, 'support': 400.0}, 'theft': {'precision': 0.9605263157894737, 'recall': 0.9776785714285714, 'f1-score': 0.9690265486725664, 'support': 224.0}, 'accuracy': 0.9491106719367589, 'macro avg': {'precision': 0.9500926703655402, 'recall': 0.9300297619047618, 'f1-score': 0.9363957417214285, 'support': 2024.0}, 'weighted avg': {'precision': 0.9515002193503044, 'recall': 0.9491106719367589, 'f1-score': 0.9476007730770327, 'support': 2024.0}}","[[139   0   1  57   2   1]
 [  2 395   1   0   0   2]
 [  0   2 397   1   0   0]
 [  0   0   4 396   0   0]
 [  5   0   9   5 375   6]
 [  4   0   0   0   1 219]]",1.3161382675170898,0.0027561187744140625
7,BoT_IoT,3,None,QuantileTransformer,HHHv2,0.9681477309951222,-1,-1,99.12714097496706,97.17341184396057,0.5237154150197628,96.69642857142858,96.91755287449722,-1,"{'0Normal': {'precision': 0.9, 'recall': 0.9574468085106383, 'f1-score': 0.9278350515463918, 'support': 188.0}, 'HTTP': {'precision': 0.99, 'recall': 0.9850746268656716, 'f1-score': 0.9875311720698254, 'support': 402.0}, 'TCP': {'precision': 0.98, 'recall': 0.98, 'f1-score': 0.98, 'support': 400.0}, 'UDP': {'precision': 0.9875, 'recall': 0.9875, 'f1-score': 0.9875, 'support': 400.0}, 'scan': {'precision': 0.98, 'recall': 0.9560975609756097, 'f1-score': 0.9679012345679012, 'support': 410.0}, 'theft': {'precision': 0.9642857142857143, 'recall': 0.9642857142857143, 'f1-score': 0.9642857142857143, 'support': 224.0}, 'accuracy': 0.9738142292490118, 'macro avg': {'precision': 0.9669642857142858, 'recall': 0.9717341184396057, 'f1-score': 0.9691755287449721, 'support': 2024.0}, 'weighted avg': {'precision': 0.974298418972332, 'recall': 0.9738142292490118, 'f1-score': 0.9739427011045607, 'support': 2024.0}}","[[180   2   0   1   2   3]
 [  3 396   3   0   0   0]
 [  4   0 392   0   2   2]
 [  3   1   0 395   1   0]
 [  6   1   5   3 392   3]
 [  4   0   0   1   3 216]]",104.47086381912231,0.09200692176818848
8,BoT_IoT,3,None,QuantileTransformer,KNN,0.9711623889735785,-1,-1,99.2094861660079,97.02380952380952,0.47430830039525695,97.57731848953144,97.2849014212942,-1,"{'0Normal': {'precision': 0.96875, 'recall': 0.93, 'f1-score': 0.9489795918367346, 'support': 200.0}, 'HTTP': {'precision': 0.9826302729528535, 'recall': 0.99, 'f1-score': 0.9863013698630136, 'support': 400.0}, 'TCP': {'precision': 0.9612590799031477, 'recall': 0.9925, 'f1-score': 0.976629766297663, 'support': 400.0}, 'UDP': {'precision': 0.9776674937965261, 'recall': 0.985, 'f1-score': 0.9813200498132004, 'support': 400.0}, 'scan': {'precision': 0.9873737373737373, 'recall': 0.9775, 'f1-score': 0.9824120603015074, 'support': 400.0}, 'theft': {'precision': 0.9769585253456221, 'recall': 0.9464285714285714, 'f1-score': 0.9614512471655329, 'support': 224.0}, 'accuracy': 0.9762845849802372, 'macro avg': {'precision': 0.9757731848953144, 'recall': 0.9702380952380952, 'f1-score': 0.972849014212942, 'support': 2024.0}, 'weighted avg': {'precision': 0.9763641024149828, 'recall': 0.9762845849802372, 'f1-score': 0.9761987629657015, 'support': 2024.0}}","[[186   3   0   8   2   1]
 [  2 396   2   0   0   0]
 [  0   3 397   0   0   0]
 [  0   0   6 394   0   0]
 [  0   0   4   1 391   4]
 [  4   1   4   0   3 212]]",0.004992008209228516,0.23859667778015137
9,BoT_IoT,3,None,QuantileTransformer,LDA,0.9753553902781764,-1,-1,99.3247694334651,97.49702380952382,0.4051383399209486,97.97607213679098,97.726503553661,-1,"{'0Normal': {'precision': 0.9740932642487047, 'recall': 0.94, 'f1-score': 0.9567430025445293, 'support': 200.0}, 'HTTP': {'precision': 0.9754299754299754, 'recall': 0.9925, 'f1-score': 0.9838909541511772, 'support': 400.0}, 'TCP': {'precision': 0.980246913580247, 'recall': 0.9925, 'f1-score': 0.9863354037267081, 'support': 400.0}, 'UDP': {'precision': 0.9800995024875622, 'recall': 0.985, 'f1-score': 0.9825436408977556, 'support': 400.0}, 'scan': {'precision': 0.9824561403508771, 'recall': 0.98, 'f1-score': 0.981226533166458, 'support': 400.0}, 'theft': {'precision': 0.9862385321100917, 'recall': 0.9598214285714286, 'f1-score': 0.9728506787330317, 'support': 224.0}, 'accuracy': 0.9797430830039525, 'macro avg': {'precision': 0.9797607213679097, 'recall': 0.9749702380952382, 'f1-score': 0.97726503553661, 'support': 2024.0}, 'weighted avg': {'precision': 0.9797574588843213, 'recall': 0.9797430830039525, 'f1-score': 0.9796767615226999, 'support': 2024.0}}","[[188   4   0   4   4   0]
 [  2 397   1   0   0   0]
 [  0   3 397   0   0   0]
 [  0   0   3 394   2   1]
 [  2   0   2   2 392   2]
 [  1   3   2   2   1 215]]",1.2371697425842285,0.0030193328857421875
10,BoT_IoT,3,None,QuantileTransformer,MLP,0.9813930920374241,-1,-1,99.48945981554678,98.35416666666667,0.30632411067193677,98.22038444227191,98.27647075996838,-1,"{'0Normal': {'precision': 0.9471153846153846, 'recall': 0.985, 'f1-score': 0.965686274509804, 'support': 200.0}, 'HTTP': {'precision': 0.995, 'recall': 0.995, 'f1-score': 0.995, 'support': 400.0}, 'TCP': {'precision': 0.9754299754299754, 'recall': 0.9925, 'f1-score': 0.9838909541511772, 'support': 400.0}, 'UDP': {'precision': 0.9949367088607595, 'recall': 0.9825, 'f1-score': 0.9886792452830189, 'support': 400.0}, 'scan': {'precision': 0.9898734177215189, 'recall': 0.9775, 'f1-score': 0.9836477987421384, 'support': 400.0}, 'theft': {'precision': 0.9908675799086758, 'recall': 0.96875, 'f1-score': 0.9796839729119637, 'support': 224.0}, 'accuracy': 0.9846837944664032, 'macro avg': {'precision': 0.982203844422719, 'recall': 0.9835416666666666, 'f1-score': 0.9827647075996838, 'support': 2024.0}, 'weighted avg': {'precision': 0.984917715230989, 'recall': 0.9846837944664032, 'f1-score': 0.9847201897750862, 'support': 2024.0}}","[[197   1   0   1   1   0]
 [  2 398   0   0   0   0]
 [  0   1 397   1   1   0]
 [  1   0   6 393   0   0]
 [  3   0   4   0 391   2]
 [  5   0   0   0   2 217]]",4.62397575378418,0.005556583404541016
11,BoT_IoT,3,None,QuantileTransformer,LGBM,0.9927912751647974,-1,-1,99.80237154150198,99.28571428571429,0.11857707509881424,99.26000705164687,99.26971137714033,-1,"{'0Normal': {'precision': 0.9705882352941176, 'recall': 0.99, 'f1-score': 0.9801980198019802, 'support': 200.0}, 'HTTP': {'precision': 0.9975, 'recall': 0.9975, 'f1-score': 0.9975, 'support': 400.0}, 'TCP': {'precision': 0.9925373134328358, 'recall': 0.9975, 'f1-score': 0.9950124688279303, 'support': 400.0}, 'UDP': {'precision': 1.0, 'recall': 1.0, 'f1-score': 1.0, 'support': 400.0}, 'scan': {'precision': 0.9949748743718593, 'recall': 0.99, 'f1-score': 0.9924812030075189, 'support': 400.0}, 'theft': {'precision': 1.0, 'recall': 0.9821428571428571, 'f1-score': 0.9909909909909909, 'support': 224.0}, 'accuracy': 0.9940711462450593, 'macro avg': {'precision': 0.9926000705164687, 'recall': 0.9928571428571429, 'f1-score': 0.9926971137714032, 'support': 2024.0}, 'weighted avg': {'precision': 0.994131680919319, 'recall': 0.9940711462450593, 'f1-score': 0.9940805606109475, 'support': 2024.0}}","[[198   0   0   0   2   0]
 [  1 399   0   0   0   0]
 [  0   1 399   0   0   0]
 [  0   0   0 400   0   0]
 [  1   0   3   0 396   0]
 [  4   0   0   0   0 220]]",14.581297636032104,0.015757322311401367
12,BoT_IoT,3,None,QuantileTransformer,RF,0.9843970759831406,-1,-1,99.57180500658761,98.5297619047619,0.25691699604743085,98.53514899937744,98.52003693978442,-1,"{'0Normal': {'precision': 0.9516908212560387, 'recall': 0.985, 'f1-score': 0.968058968058968, 'support': 200.0}, 'HTTP': {'precision': 0.9974937343358395, 'recall': 0.995, 'f1-score': 0.9962453066332916, 'support': 400.0}, 'TCP': {'precision': 0.9778869778869779, 'recall': 0.995, 'f1-score': 0.9863692688971498, 'support': 400.0}, 'UDP': {'precision': 1.0, 'recall': 0.985, 'f1-score': 0.9924433249370278, 'support': 400.0}, 'scan': {'precision': 0.9850374064837906, 'recall': 0.9875, 'f1-score': 0.9862671660424469, 'support': 400.0}, 'theft': {'precision': 1.0, 'recall': 0.9642857142857143, 'f1-score': 0.9818181818181818, 'support': 224.0}, 'accuracy': 0.9871541501976284, 'macro avg': {'precision': 0.9853514899937744, 'recall': 0.985297619047619, 'f1-score': 0.9852003693978442, 'support': 2024.0}, 'weighted avg': {'precision': 0.9874038595522979, 'recall': 0.9871541501976284, 'f1-score': 0.9871882870271901, 'support': 2024.0}}","[[197   1   0   0   2   0]
 [  2 398   0   0   0   0]
 [  0   0 398   0   2   0]
 [  0   0   6 394   0   0]
 [  2   0   3   0 395   0]
 [  6   0   0   0   2 216]]",4.51838231086731,0.015330314636230469
13,BoT_IoT,3,None,QuantileTransformer,NuSVC,0.9177742173109962,-1,-1,97.72727272727273,93.00892857142857,1.3636363636363635,93.45376021380582,93.10451960996706,-1,"{'0Normal': {'precision': 0.91, 'recall': 0.91, 'f1-score': 0.91, 'support': 200.0}, 'HTTP': {'precision': 0.9289340101522843, 'recall': 0.915, 'f1-score': 0.9219143576826196, 'support': 400.0}, 'TCP': {'precision': 0.8528138528138528, 'recall': 0.985, 'f1-score': 0.91415313225058, 'support': 400.0}, 'UDP': {'precision': 0.979328165374677, 'recall': 0.9475, 'f1-score': 0.963151207115629, 'support': 400.0}, 'scan': {'precision': 0.9861495844875346, 'recall': 0.89, 'f1-score': 0.9356110381077529, 'support': 400.0}, 'theft': {'precision': 0.95, 'recall': 0.9330357142857143, 'f1-score': 0.9414414414414415, 'support': 224.0}, 'accuracy': 0.9318181818181818, 'macro avg': {'precision': 0.9345376021380583, 'recall': 0.9300892857142857, 'f1-score': 0.9310451960996705, 'support': 2024.0}, 'weighted avg': {'precision': 0.9356177100451283, 'recall': 0.9318181818181818, 'f1-score': 0.9322207395975867, 'support': 2024.0}}","[[182   4   6   8   0   0]
 [  6 366  23   0   0   5]
 [  1   2 394   0   3   0]
 [  6   0  15 379   0   0]
 [  1  18  19   0 356   6]
 [  4   4   5   0   2 209]]",13.248893737792969,3.8807337284088135
14,BoT_IoT,3,None,QuantileTransformer,SGD,0.9664154108712927,-1,-1,99.07773386034255,96.94642857142858,0.5533596837944664,96.89974473613314,96.9085203922664,-1,"{'0Normal': {'precision': 0.9310344827586207, 'recall': 0.945, 'f1-score': 0.9379652605459057, 'support': 200.0}, 'HTTP': {'precision': 0.9899244332493703, 'recall': 0.9825, 'f1-score': 0.986198243412798, 'support': 400.0}, 'TCP': {'precision': 0.9474940334128878, 'recall': 0.9925, 'f1-score': 0.9694749694749695, 'support': 400.0}, 'UDP': {'precision': 0.9923857868020305, 'recall': 0.9775, 'f1-score': 0.9848866498740554, 'support': 400.0}, 'scan': {'precision': 0.9845360824742269, 'recall': 0.955, 'f1-score': 0.9695431472081217, 'support': 400.0}, 'theft': {'precision': 0.968609865470852, 'recall': 0.9642857142857143, 'f1-score': 0.9664429530201342, 'support': 224.0}, 'accuracy': 0.9723320158102767, 'macro avg': {'precision': 0.9689974473613314, 'recall': 0.9694642857142858, 'f1-score': 0.969085203922664, 'support': 2024.0}, 'weighted avg': {'precision': 0.9727824312216409, 'recall': 0.9723320158102767, 'f1-score': 0.9723900580897574, 'support': 2024.0}}","[[189   1   4   3   3   0]
 [  2 393   3   0   0   2]
 [  0   3 397   0   0   0]
 [  2   0   6 391   1   0]
 [  4   0   9   0 382   5]
 [  6   0   0   0   2 216]]",1.5357904434204102,0.002836942672729492
15,BoT_IoT,3,rbf,QuantileTransformer,HHHv2,0.9783891932054763,-1,-1,99.40711462450594,97.89909100893964,0.3557312252964427,97.89880952380953,97.88158081563392,-1,"{'0Normal': {'precision': 0.975, 'recall': 0.9330143540669856, 'f1-score': 0.9535452322738386, 'support': 209.0}, 'HTTP': {'precision': 0.99, 'recall': 0.9850746268656716, 'f1-score': 0.9875311720698254, 'support': 402.0}, 'TCP': {'precision': 0.99, 'recall': 0.9777777777777777, 'f1-score': 0.9838509316770186, 'support': 405.0}, 'UDP': {'precision': 0.9875, 'recall': 0.9974747474747475, 'f1-score': 0.992462311557789, 'support': 396.0}, 'scan': {'precision': 0.985, 'recall': 0.9899497487437185, 'f1-score': 0.9874686716791979, 'support': 398.0}, 'theft': {'precision': 0.9464285714285714, 'recall': 0.9906542056074766, 'f1-score': 0.9680365296803651, 'support': 214.0}, 'accuracy': 0.9822134387351779, 'macro avg': {'precision': 0.9789880952380953, 'recall': 0.9789909100893963, 'f1-score': 0.9788158081563392, 'support': 2024.0}, 'weighted avg': {'precision': 0.9823718944099378, 'recall': 0.9822134387351779, 'f1-score': 0.9821766482723805, 'support': 2024.0}}","[[195   4   1   0   0   9]
 [  2 396   3   0   0   1]
 [  0   0 396   5   4   0]
 [  1   0   0 395   0   0]
 [  2   0   0   0 394   2]
 [  0   0   0   0   2 212]]",308.29411268234253,0.35586094856262207
16,BoT_IoT,3,None,QuantileTransformer,KNN,0.9723513062116179,-1,-1,99.24242424242425,97.23214285714285,0.45454545454545453,97.45888188335596,97.33953884501503,-1,"{'0Normal': {'precision': 0.945, 'recall': 0.945, 'f1-score': 0.945, 'support': 200.0}, 'HTTP': {'precision': 0.99, 'recall': 0.99, 'f1-score': 0.99, 'support': 400.0}, 'TCP': {'precision': 0.9705882352941176, 'recall': 0.99, 'f1-score': 0.9801980198019802, 'support': 400.0}, 'UDP': {'precision': 0.9800995024875622, 'recall': 0.985, 'f1-score': 0.9825436408977556, 'support': 400.0}, 'scan': {'precision': 0.9848866498740554, 'recall': 0.9775, 'f1-score': 0.9811794228356336, 'support': 400.0}, 'theft': {'precision': 0.9769585253456221, 'recall': 0.9464285714285714, 'f1-score': 0.9614512471655329, 'support': 224.0}, 'accuracy': 0.9772727272727273, 'macro avg': {'precision': 0.9745888188335595, 'recall': 0.9723214285714284, 'f1-score': 0.9733953884501503, 'support': 2024.0}, 'weighted avg': {'precision': 0.9773065537251547, 'recall': 0.9772727272727273, 'f1-score': 0.9772398778553494, 'support': 2024.0}}","[[189   1   0   7   2   1]
 [  4 396   0   0   0   0]
 [  0   3 396   0   1   0]
 [  0   0   6 394   0   0]
 [  0   0   4   1 391   4]
 [  7   0   2   0   3 212]]",0.00501704216003418,0.2297499179840088
17,BoT_IoT,3,None,QuantileTransformer,LDA,0.9729530400381043,-1,-1,99.2588932806324,97.24702380952381,0.4446640316205534,97.67574638940188,97.45031421557478,-1,"{'0Normal': {'precision': 0.9738219895287958, 'recall': 0.93, 'f1-score': 0.9514066496163682, 'support': 200.0}, 'HTTP': {'precision': 0.9754901960784313, 'recall': 0.995, 'f1-score': 0.9851485148514851, 'support': 400.0}, 'TCP': {'precision': 0.9728395061728395, 'recall': 0.985, 'f1-score': 0.9788819875776398, 'support': 400.0}, 'UDP': {'precision': 0.985, 'recall': 0.985, 'f1-score': 0.985, 'support': 400.0}, 'scan': {'precision': 0.9849246231155779, 'recall': 0.98, 'f1-score': 0.9824561403508771, 'support': 400.0}, 'theft': {'precision': 0.9684684684684685, 'recall': 0.9598214285714286, 'f1-score': 0.9641255605381166, 'support': 224.0}, 'accuracy': 0.9777667984189723, 'macro avg': {'precision': 0.9767574638940189, 'recall': 0.9724702380952381, 'f1-score': 0.9745031421557478, 'support': 2024.0}, 'weighted avg': {'precision': 0.9777683127418161, 'recall': 0.9777667984189723, 'f1-score': 0.9776878026659153, 'support': 2024.0}}","[[186   4   3   2   4   1]
 [  2 398   0   0   0   0]
 [  0   2 394   1   0   3]
 [  0   0   4 394   2   0]
 [  2   0   2   1 392   3]
 [  1   4   2   2   0 215]]",1.2084457874298096,0.0027446746826171875
18,BoT_IoT,3,None,QuantileTransformer,MLP,0.9825819161107995,-1,-1,99.52239789196311,98.39583333333334,0.2865612648221344,98.29900992656387,98.34124785215401,-1,"{'0Normal': {'precision': 0.9514563106796117, 'recall': 0.98, 'f1-score': 0.9655172413793104, 'support': 200.0}, 'HTTP': {'precision': 0.9949874686716792, 'recall': 0.9925, 'f1-score': 0.9937421777221527, 'support': 400.0}, 'TCP': {'precision': 0.980246913580247, 'recall': 0.9925, 'f1-score': 0.9863354037267081, 'support': 400.0}, 'UDP': {'precision': 0.9924812030075187, 'recall': 0.99, 'f1-score': 0.9912390488110137, 'support': 400.0}, 'scan': {'precision': 0.9924050632911392, 'recall': 0.98, 'f1-score': 0.9861635220125786, 'support': 400.0}, 'theft': {'precision': 0.9863636363636363, 'recall': 0.96875, 'f1-score': 0.9774774774774775, 'support': 224.0}, 'accuracy': 0.9856719367588933, 'macro avg': {'precision': 0.9829900992656387, 'recall': 0.9839583333333334, 'f1-score': 0.9834124785215401, 'support': 2024.0}, 'weighted avg': {'precision': 0.9858127352280684, 'recall': 0.9856719367588933, 'f1-score': 0.9856968696342877, 'support': 2024.0}}","[[196   0   0   2   1   1]
 [  3 397   0   0   0   0]
 [  0   2 397   1   0   0]
 [  0   0   4 396   0   0]
 [  2   0   4   0 392   2]
 [  5   0   0   0   2 217]]",5.538060188293457,0.0053386688232421875
19,BoT_IoT,3,None,QuantileTransformer,LGBM,0.9915899225930712,-1,-1,99.76943346508564,99.20238095238093,0.1383399209486166,99.13912165203065,99.16684878266068,-1,"{'0Normal': {'precision': 0.9658536585365853, 'recall': 0.99, 'f1-score': 0.9777777777777777, 'support': 200.0}, 'HTTP': {'precision': 0.9974937343358395, 'recall': 0.995, 'f1-score': 0.9962453066332916, 'support': 400.0}, 'TCP': {'precision': 0.9925187032418953, 'recall': 0.995, 'f1-score': 0.9937578027465668, 'support': 400.0}, 'UDP': {'precision': 1.0, 'recall': 1.0, 'f1-score': 1.0, 'support': 400.0}, 'scan': {'precision': 0.9924812030075187, 'recall': 0.99, 'f1-score': 0.9912390488110137, 'support': 400.0}, 'theft': {'precision': 1.0, 'recall': 0.9821428571428571, 'f1-score': 0.9909909909909909, 'support': 224.0}, 'accuracy': 0.9930830039525692, 'macro avg': {'precision': 0.9913912165203066, 'recall': 0.9920238095238094, 'f1-score': 0.9916684878266068, 'support': 2024.0}, 'weighted avg': {'precision': 0.9931661007615705, 'recall': 0.9930830039525692, 'f1-score': 0.9931000004021177, 'support': 2024.0}}","[[198   0   0   0   2   0]
 [  2 398   0   0   0   0]
 [  0   1 398   0   1   0]
 [  0   0   0 400   0   0]
 [  1   0   3   0 396   0]
 [  4   0   0   0   0 220]]",14.430222511291504,0.010454654693603516
20,BoT_IoT,3,None,QuantileTransformer,RF,0.9837961723307516,-1,-1,99.55533596837944,98.5297619047619,0.26679841897233203,98.4615155867538,98.48331801622949,-1,"{'0Normal': {'precision': 0.9519230769230769, 'recall': 0.99, 'f1-score': 0.9705882352941176, 'support': 200.0}, 'HTTP': {'precision': 1.0, 'recall': 0.995, 'f1-score': 0.9974937343358395, 'support': 400.0}, 'TCP': {'precision': 0.9778325123152709, 'recall': 0.9925, 'f1-score': 0.9851116625310173, 'support': 400.0}, 'UDP': {'precision': 1.0, 'recall': 0.985, 'f1-score': 0.9924433249370278, 'support': 400.0}, 'scan': {'precision': 0.9825436408977556, 'recall': 0.985, 'f1-score': 0.9837702871410736, 'support': 400.0}, 'theft': {'precision': 0.9953917050691244, 'recall': 0.9642857142857143, 'f1-score': 0.979591836734694, 'support': 224.0}, 'accuracy': 0.9866600790513834, 'macro avg': {'precision': 0.9846151558675381, 'recall': 0.985297619047619, 'f1-score': 0.9848331801622949, 'support': 2024.0}, 'weighted avg': {'precision': 0.9869085072160622, 'recall': 0.9866600790513834, 'f1-score': 0.9866965524038431, 'support': 2024.0}}","[[198   0   0   0   2   0]
 [  2 398   0   0   0   0]
 [  0   0 397   0   3   0]
 [  0   0   6 394   0   0]
 [  2   0   3   0 394   1]
 [  6   0   0   0   2 216]]",4.360349416732788,0.014765739440917969
21,BoT_IoT,3,None,QuantileTransformer,NuSVC,0.9117950326706423,-1,-1,97.56258234519105,90.25892857142857,1.4624505928853755,93.22504940852495,91.17329484102679,-1,"{'0Normal': {'precision': 0.9264705882352942, 'recall': 0.63, 'f1-score': 0.75, 'support': 200.0}, 'HTTP': {'precision': 0.9605911330049262, 'recall': 0.975, 'f1-score': 0.9677419354838709, 'support': 400.0}, 'TCP': {'precision': 0.8990825688073395, 'recall': 0.98, 'f1-score': 0.937799043062201, 'support': 400.0}, 'UDP': {'precision': 0.8555555555555555, 'recall': 0.9625, 'f1-score': 0.9058823529411764, 'support': 400.0}, 'scan': {'precision': 0.9842105263157894, 'recall': 0.935, 'f1-score': 0.9589743589743589, 'support': 400.0}, 'theft': {'precision': 0.9675925925925926, 'recall': 0.9330357142857143, 'f1-score': 0.9499999999999998, 'support': 224.0}, 'accuracy': 0.9268774703557312, 'macro avg': {'precision': 0.9322504940852495, 'recall': 0.9025892857142858, 'f1-score': 0.9117329484102679, 'support': 2024.0}, 'weighted avg': {'precision': 0.9297484050697845, 'recall': 0.9268774703557312, 'f1-score': 0.9243868953481437, 'support': 2024.0}}","[[126   3   6  64   1   0]
 [  6 390   2   0   0   2]
 [  0   5 392   0   3   0]
 [  0   0  15 385   0   0]
 [  0   4  16   1 374   5]
 [  4   4   5   0   2 209]]",13.092069625854492,4.2799293994903564
22,BoT_IoT,3,None,QuantileTransformer,SGD,0.9771522798891872,-1,-1,99.3741765480896,97.78869047619048,0.37549407114624506,97.99611308357463,97.89002346440317,-1,"{'0Normal': {'precision': 0.9696969696969697, 'recall': 0.96, 'f1-score': 0.964824120603015, 'support': 200.0}, 'HTTP': {'precision': 0.9826732673267327, 'recall': 0.9925, 'f1-score': 0.9875621890547265, 'support': 400.0}, 'TCP': {'precision': 0.9801488833746899, 'recall': 0.9875, 'f1-score': 0.9838107098381071, 'support': 400.0}, 'UDP': {'precision': 0.9899749373433584, 'recall': 0.9875, 'f1-score': 0.9887359198998749, 'support': 400.0}, 'scan': {'precision': 0.98, 'recall': 0.98, 'f1-score': 0.98, 'support': 400.0}, 'theft': {'precision': 0.9772727272727273, 'recall': 0.9598214285714286, 'f1-score': 0.9684684684684685, 'support': 224.0}, 'accuracy': 0.9812252964426877, 'macro avg': {'precision': 0.9799611308357462, 'recall': 0.9778869047619049, 'f1-score': 0.9789002346440318, 'support': 2024.0}, 'weighted avg': {'precision': 0.9812091502304335, 'recall': 0.9812252964426877, 'f1-score': 0.9811982651060391, 'support': 2024.0}}","[[192   1   0   4   3   0]
 [  1 397   0   0   0   2]
 [  0   5 395   0   0   0]
 [  0   0   5 395   0   0]
 [  1   1   3   0 392   3]
 [  4   0   0   0   5 215]]",1.8785998821258545,0.0029125213623046875
23,BoT_IoT,3,poly,QuantileTransformer,HHHv2,0.9747594444871415,-1,-1,99.30830039525692,97.5851296545815,0.41501976284584985,97.62202380952381,97.6017498226411,-1,"{'0Normal': {'precision': 0.96, 'recall': 0.9552238805970149, 'f1-score': 0.9576059850374063, 'support': 201.0}, 'HTTP': {'precision': 0.99, 'recall': 0.9875311720698254, 'f1-score': 0.9887640449438203, 'support': 401.0}, 'TCP': {'precision': 0.9875, 'recall': 0.9777227722772277, 'f1-score': 0.9825870646766169, 'support': 404.0}, 'UDP': {'precision': 0.99, 'recall': 0.9875311720698254, 'f1-score': 0.9887640449438203, 'support': 401.0}, 'scan': {'precision': 0.97, 'recall': 0.9872773536895675, 'f1-score': 0.9785624211853721, 'support': 393.0}, 'theft': {'precision': 0.9598214285714286, 'recall': 0.9598214285714286, 'f1-score': 0.9598214285714286, 'support': 224.0}, 'accuracy': 0.9792490118577075, 'macro avg': {'precision': 0.9762202380952382, 'recall': 0.9758512965458149, 'f1-score': 0.9760174982264109, 'support': 2024.0}, 'weighted avg': {'precision': 0.979298418972332, 'recall': 0.9792490118577075, 'f1-score': 0.9792528521208829, 'support': 2024.0}}","[[192   3   2   0   0   4]
 [  1 396   3   0   1   0]
 [  0   1 395   4   4   0]
 [  2   0   0 396   1   2]
 [  2   0   0   0 388   3]
 [  3   0   0   0   6 215]]",308.04162216186523,0.3573157787322998
24,BoT_IoT,3,None,QuantileTransformer,KNN,0.9717490624860734,-1,-1,99.22595520421608,97.19047619047618,0.4644268774703557,97.42084029074815,97.30046684844253,-1,"{'0Normal': {'precision': 0.949748743718593, 'recall': 0.945, 'f1-score': 0.9473684210526316, 'support': 200.0}, 'HTTP': {'precision': 0.9850374064837906, 'recall': 0.9875, 'f1-score': 0.9862671660424469, 'support': 400.0}, 'TCP': {'precision': 0.9730392156862745, 'recall': 0.9925, 'f1-score': 0.9826732673267328, 'support': 400.0}, 'UDP': {'precision': 0.9800995024875622, 'recall': 0.985, 'f1-score': 0.9825436408977556, 'support': 400.0}, 'scan': {'precision': 0.9848484848484849, 'recall': 0.975, 'f1-score': 0.9798994974874371, 'support': 400.0}, 'theft': {'precision': 0.9724770642201835, 'recall': 0.9464285714285714, 'f1-score': 0.9592760180995474, 'support': 224.0}, 'accuracy': 0.9767786561264822, 'macro avg': {'precision': 0.9742084029074815, 'recall': 0.9719047619047618, 'f1-score': 0.9730046684844252, 'support': 2024.0}, 'weighted avg': {'precision': 0.9767759164681248, 'recall': 0.9767786561264822, 'f1-score': 0.9767316902008764, 'support': 2024.0}}","[[189   2   0   7   1   1]
 [  4 395   1   0   0   0]
 [  0   3 397   0   0   0]
 [  0   0   6 394   0   0]
 [  0   0   4   1 390   5]
 [  6   1   0   0   5 212]]",0.00472259521484375,0.21805214881896973
25,BoT_IoT,3,None,QuantileTransformer,LDA,0.9765653955092627,-1,-1,99.35770750988142,97.53869047619048,0.38537549407114624,98.06948416835381,97.79070602724433,-1,"{'0Normal': {'precision': 0.9790575916230366, 'recall': 0.935, 'f1-score': 0.9565217391304348, 'support': 200.0}, 'HTTP': {'precision': 0.9731051344743277, 'recall': 0.995, 'f1-score': 0.9839307787391842, 'support': 400.0}, 'TCP': {'precision': 0.980246913580247, 'recall': 0.9925, 'f1-score': 0.9863354037267081, 'support': 400.0}, 'UDP': {'precision': 0.9825870646766169, 'recall': 0.9875, 'f1-score': 0.9850374064837906, 'support': 400.0}, 'scan': {'precision': 0.9874371859296482, 'recall': 0.9825, 'f1-score': 0.9849624060150376, 'support': 400.0}, 'theft': {'precision': 0.9817351598173516, 'recall': 0.9598214285714286, 'f1-score': 0.9706546275395034, 'support': 224.0}, 'accuracy': 0.9807312252964426, 'macro avg': {'precision': 0.980694841683538, 'recall': 0.9753869047619048, 'f1-score': 0.9779070602724432, 'support': 2024.0}, 'weighted avg': {'precision': 0.9807661628399357, 'recall': 0.9807312252964426, 'f1-score': 0.9806508806229368, 'support': 2024.0}}","[[187   4   0   4   2   3]
 [  2 398   0   0   0   0]
 [  0   2 397   1   0   0]
 [  0   0   3 395   2   0]
 [  1   1   3   1 393   1]
 [  1   4   2   1   1 215]]",1.1742544174194336,0.0028171539306640625
26,BoT_IoT,3,None,QuantileTransformer,MLP,0.9559717888348874,-1,-1,98.78129117259552,94.52083333333334,0.7312252964426877,96.57947474470737,95.28488438667213,-1,"{'0Normal': {'precision': 0.9487179487179487, 'recall': 0.74, 'f1-score': 0.8314606741573033, 'support': 200.0}, 'HTTP': {'precision': 0.9925, 'recall': 0.9925, 'f1-score': 0.9925, 'support': 400.0}, 'TCP': {'precision': 0.9802955665024631, 'recall': 0.995, 'f1-score': 0.9875930521091811, 'support': 400.0}, 'UDP': {'precision': 0.8878923766816144, 'recall': 0.99, 'f1-score': 0.9361702127659574, 'support': 400.0}, 'scan': {'precision': 0.9899497487437185, 'recall': 0.985, 'f1-score': 0.9874686716791979, 'support': 400.0}, 'theft': {'precision': 0.9954128440366973, 'recall': 0.96875, 'f1-score': 0.9819004524886877, 'support': 224.0}, 'accuracy': 0.9634387351778656, 'macro avg': {'precision': 0.9657947474470737, 'recall': 0.9452083333333334, 'f1-score': 0.9528488438667213, 'support': 2024.0}, 'weighted avg': {'precision': 0.9649066914915653, 'recall': 0.9634387351778656, 'f1-score': 0.9623174954598129, 'support': 2024.0}}","[[148   1   0  50   1   0]
 [  3 397   0   0   0   0]
 [  0   2 398   0   0   0]
 [  0   0   4 396   0   0]
 [  1   0   4   0 394   1]
 [  4   0   0   0   3 217]]",5.081836938858032,0.005246400833129883
27,BoT_IoT,3,None,QuantileTransformer,LGBM,0.9921919934623558,-1,-1,99.78590250329381,99.24404761904762,0.12845849802371542,99.18120291628233,99.20856701239252,-1,"{'0Normal': {'precision': 0.9658536585365853, 'recall': 0.99, 'f1-score': 0.9777777777777777, 'support': 200.0}, 'HTTP': {'precision': 1.0, 'recall': 0.995, 'f1-score': 0.9974937343358395, 'support': 400.0}, 'TCP': {'precision': 0.9925373134328358, 'recall': 0.9975, 'f1-score': 0.9950124688279303, 'support': 400.0}, 'UDP': {'precision': 1.0, 'recall': 1.0, 'f1-score': 1.0, 'support': 400.0}, 'scan': {'precision': 0.9924812030075187, 'recall': 0.99, 'f1-score': 0.9912390488110137, 'support': 400.0}, 'theft': {'precision': 1.0, 'recall': 0.9821428571428571, 'f1-score': 0.9909909909909909, 'support': 224.0}, 'accuracy': 0.9935770750988142, 'macro avg': {'precision': 0.9918120291628233, 'recall': 0.9924404761904762, 'f1-score': 0.9920856701239252, 'support': 2024.0}, 'weighted avg': {'precision': 0.9936650880847129, 'recall': 0.9935770750988142, 'f1-score': 0.9935946829681082, 'support': 2024.0}}","[[198   0   0   0   2   0]
 [  2 398   0   0   0   0]
 [  0   0 399   0   1   0]
 [  0   0   0 400   0   0]
 [  1   0   3   0 396   0]
 [  4   0   0   0   0 220]]",13.963425636291504,0.011939764022827148
28,BoT_IoT,3,None,QuantileTransformer,RF,0.9867985020287925,-1,-1,99.63768115942028,98.77976190476191,0.21739130434782608,98.66936669412758,98.71181887240841,-1,"{'0Normal': {'precision': 0.9521531100478469, 'recall': 0.995, 'f1-score': 0.9731051344743276, 'support': 200.0}, 'HTTP': {'precision': 1.0, 'recall': 0.995, 'f1-score': 0.9974937343358395, 'support': 400.0}, 'TCP': {'precision': 0.9851485148514851, 'recall': 0.995, 'f1-score': 0.9900497512437811, 'support': 400.0}, 'UDP': {'precision': 1.0, 'recall': 0.9925, 'f1-score': 0.9962358845671266, 'support': 400.0}, 'scan': {'precision': 0.9874686716791979, 'recall': 0.985, 'f1-score': 0.986232790988736, 'support': 400.0}, 'theft': {'precision': 0.9953917050691244, 'recall': 0.9642857142857143, 'f1-score': 0.979591836734694, 'support': 224.0}, 'accuracy': 0.9891304347826086, 'macro avg': {'precision': 0.9866936669412758, 'recall': 0.9877976190476191, 'f1-score': 0.9871181887240842, 'support': 2024.0}, 'weighted avg': {'precision': 0.9893504143069796, 'recall': 0.9891304347826086, 'f1-score': 0.9891573432695802, 'support': 2024.0}}","[[199   0   0   0   1   0]
 [  2 398   0   0   0   0]
 [  0   0 398   0   2   0]
 [  0   0   3 397   0   0]
 [  2   0   3   0 394   1]
 [  6   0   0   0   2 216]]",4.633641004562378,0.014787435531616211
29,BoT_IoT,3,None,QuantileTransformer,NuSVC,0.8844735238325235,-1,-1,96.82147562582345,88.41071428571428,1.907114624505929,89.25197024522298,88.69836398708787,-1,"{'0Normal': {'precision': 0.6972972972972973, 'recall': 0.645, 'f1-score': 0.6701298701298701, 'support': 200.0}, 'HTTP': {'precision': 0.9135514018691588, 'recall': 0.9775, 'f1-score': 0.9444444444444444, 'support': 400.0}, 'TCP': {'precision': 0.9522546419098143, 'recall': 0.8975, 'f1-score': 0.924066924066924, 'support': 400.0}, 'UDP': {'precision': 0.8555555555555555, 'recall': 0.9625, 'f1-score': 0.9058823529411764, 'support': 400.0}, 'scan': {'precision': 0.978319783197832, 'recall': 0.9025, 'f1-score': 0.9388816644993497, 'support': 400.0}, 'theft': {'precision': 0.958139534883721, 'recall': 0.9196428571428571, 'f1-score': 0.9384965831435079, 'support': 224.0}, 'accuracy': 0.9046442687747036, 'macro avg': {'precision': 0.8925197024522298, 'recall': 0.8841071428571428, 'f1-score': 0.8869836398708788, 'support': 2024.0}, 'weighted avg': {'precision': 0.9061043815644058, 'recall': 0.9046442687747036, 'f1-score': 0.9039324916160463, 'support': 2024.0}}","[[129   6   1  64   0   0]
 [  2 391   2   0   0   5]
 [ 29   9 359   0   3   0]
 [  9   0   6 385   0   0]
 [ 12  18   4   1 361   4]
 [  4   4   5   0   5 206]]",10.943119049072266,3.8760509490966797
30,BoT_IoT,3,None,QuantileTransformer,SGD,0.9628647357596183,-1,-1,98.97891963109355,96.80357142857142,0.6126482213438735,96.58891134222016,96.67076222285192,-1,"{'0Normal': {'precision': 0.9223300970873787, 'recall': 0.95, 'f1-score': 0.9359605911330049, 'support': 200.0}, 'HTTP': {'precision': 0.9851116625310173, 'recall': 0.9925, 'f1-score': 0.9887920298879203, 'support': 400.0}, 'TCP': {'precision': 0.9543269230769231, 'recall': 0.9925, 'f1-score': 0.9730392156862746, 'support': 400.0}, 'UDP': {'precision': 0.9973404255319149, 'recall': 0.9375, 'f1-score': 0.9664948453608248, 'support': 400.0}, 'scan': {'precision': 0.9673366834170855, 'recall': 0.9625, 'f1-score': 0.9649122807017544, 'support': 400.0}, 'theft': {'precision': 0.9688888888888889, 'recall': 0.9732142857142857, 'f1-score': 0.9710467706013364, 'support': 224.0}, 'accuracy': 0.9693675889328063, 'macro avg': {'precision': 0.9658891134222015, 'recall': 0.9680357142857142, 'f1-score': 0.9667076222285192, 'support': 2024.0}, 'weighted avg': {'precision': 0.9699325140075905, 'recall': 0.9693675889328063, 'f1-score': 0.9693685491581077, 'support': 2024.0}}","[[190   2   3   1   4   0]
 [  1 397   0   0   0   2]
 [  0   3 397   0   0   0]
 [ 10   0   8 375   7   0]
 [  1   1   8   0 385   5]
 [  4   0   0   0   2 218]]",1.4383904933929443,0.002919435501098633
31,BoT_IoT,3,linear,QuantileTransformer,HHHv2,0.9687666703051571,-1,-1,99.14361001317523,97.08769372584071,0.5138339920948617,96.74702380952382,96.89081383076142,-1,"{'0Normal': {'precision': 0.905, 'recall': 0.9731182795698925, 'f1-score': 0.9378238341968912, 'support': 186.0}, 'HTTP': {'precision': 0.99, 'recall': 0.9777777777777777, 'f1-score': 0.9838509316770186, 'support': 405.0}, 'TCP': {'precision': 0.98, 'recall': 0.9874055415617129, 'f1-score': 0.9836888331242158, 'support': 397.0}, 'UDP': {'precision': 0.99, 'recall': 0.9875311720698254, 'f1-score': 0.9887640449438203, 'support': 401.0}, 'scan': {'precision': 0.98, 'recall': 0.9727047146401985, 'f1-score': 0.9763387297633873, 'support': 403.0}, 'theft': {'precision': 0.9598214285714286, 'recall': 0.9267241379310345, 'f1-score': 0.9429824561403509, 'support': 232.0}, 'accuracy': 0.974308300395257, 'macro avg': {'precision': 0.9674702380952382, 'recall': 0.9708769372584071, 'f1-score': 0.9689081383076141, 'support': 2024.0}, 'weighted avg': {'precision': 0.9747769621682666, 'recall': 0.974308300395257, 'f1-score': 0.9743824837854775, 'support': 2024.0}}","[[181   2   0   0   1   2]
 [  2 396   2   0   0   5]
 [  2   0 392   0   3   0]
 [  4   0   1 396   0   0]
 [  7   1   0   1 392   2]
 [  4   1   5   3   4 215]]",261.4161994457245,0.1710338592529297
32,BoT_IoT,3,None,QuantileTransformer,KNN,0.7535753453927142,-1,-1,92.25955204216075,79.77380952380953,4.644268774703558,83.06895914684543,72.57015879210243,-1,"{'0Normal': {'precision': 0.34767025089605735, 'recall': 0.97, 'f1-score': 0.5118733509234829, 'support': 200.0}, 'HTTP': {'precision': 0.9801980198019802, 'recall': 0.99, 'f1-score': 0.9850746268656716, 'support': 400.0}, 'TCP': {'precision': 0.9566265060240964, 'recall': 0.9925, 'f1-score': 0.9742331288343559, 'support': 400.0}, 'UDP': {'precision': 0.9743589743589743, 'recall': 0.095, 'f1-score': 0.17312072892938496, 'support': 400.0}, 'scan': {'precision': 0.9814241486068112, 'recall': 0.7925, 'f1-score': 0.8769017980636238, 'support': 400.0}, 'theft': {'precision': 0.743859649122807, 'recall': 0.9464285714285714, 'f1-score': 0.8330058939096268, 'support': 224.0}, 'accuracy': 0.7677865612648221, 'macro avg': {'precision': 0.8306895914684543, 'recall': 0.7977380952380954, 'f1-score': 0.7257015879210243, 'support': 2024.0}, 'weighted avg': {'precision': 0.8859692050886686, 'recall': 0.7677865612648221, 'f1-score': 0.7375000511352112, 'support': 2024.0}}","[[194   3   0   1   1   1]
 [  3 396   1   0   0   0]
 [  0   3 397   0   0   0]
 [354   0   6  38   2   0]
 [  1   1   9   0 317  72]
 [  6   1   2   0   3 212]]",0.0020797252655029297,0.08781027793884277
33,BoT_IoT,3,None,QuantileTransformer,LDA,0.8960048581791975,-1,-1,97.06851119894598,91.44047619047619,1.758893280632411,90.73303811331715,90.47546844720208,-1,"{'0Normal': {'precision': 0.8310502283105022, 'recall': 0.91, 'f1-score': 0.8687350835322195, 'support': 200.0}, 'HTTP': {'precision': 0.9753694581280788, 'recall': 0.99, 'f1-score': 0.9826302729528535, 'support': 400.0}, 'TCP': {'precision': 0.9778325123152709, 'recall': 0.9925, 'f1-score': 0.9851116625310173, 'support': 400.0}, 'UDP': {'precision': 0.9638989169675091, 'recall': 0.6675, 'f1-score': 0.7887740029542097, 'support': 400.0}, 'scan': {'precision': 0.8340425531914893, 'recall': 0.98, 'f1-score': 0.9011494252873564, 'support': 400.0}, 'theft': {'precision': 0.8617886178861789, 'recall': 0.9464285714285714, 'f1-score': 0.902127659574468, 'support': 224.0}, 'accuracy': 0.9120553359683794, 'macro avg': {'precision': 0.9073303811331715, 'recall': 0.9144047619047618, 'f1-score': 0.9047546844720208, 'support': 2024.0}, 'weighted avg': {'precision': 0.918828098967166, 'recall': 0.9120553359683794, 'f1-score': 0.9085423705243574, 'support': 2024.0}}","[[182   3   2   5   4   4]
 [  2 396   0   2   0   0]
 [  0   3 397   0   0   0]
 [ 34   0   2 267  69  28]
 [  0   0   5   1 392   2]
 [  1   4   0   2   5 212]]",0.6524827480316162,0.003401517868041992
34,BoT_IoT,3,None,QuantileTransformer,MLP,0.957825917271934,-1,-1,98.83069828722003,96.64583333333333,0.7015810276679842,95.57649272695086,95.95816655537844,-1,"{'0Normal': {'precision': 0.8235294117647058, 'recall': 0.98, 'f1-score': 0.8949771689497716, 'support': 200.0}, 'HTTP': {'precision': 0.995, 'recall': 0.995, 'f1-score': 0.995, 'support': 400.0}, 'TCP': {'precision': 0.9826302729528535, 'recall': 0.99, 'f1-score': 0.9863013698630136, 'support': 400.0}, 'UDP': {'precision': 0.9917127071823204, 'recall': 0.8975, 'f1-score': 0.942257217847769, 'support': 400.0}, 'scan': {'precision': 0.9772727272727273, 'recall': 0.9675, 'f1-score': 0.9723618090452262, 'support': 400.0}, 'theft': {'precision': 0.9644444444444444, 'recall': 0.96875, 'f1-score': 0.9665924276169264, 'support': 224.0}, 'accuracy': 0.9649209486166008, 'macro avg': {'precision': 0.9557649272695086, 'recall': 0.9664583333333333, 'f1-score': 0.9595816655537844, 'support': 2024.0}, 'weighted avg': {'precision': 0.9680769371895539, 'recall': 0.9649209486166008, 'f1-score': 0.9653558776079789, 'support': 2024.0}}","[[196   0   0   3   1   0]
 [  2 398   0   0   0   0]
 [  0   2 396   0   2   0]
 [ 33   0   4 359   4   0]
 [  2   0   3   0 387   8]
 [  5   0   0   0   2 217]]",1.5846621990203857,0.00535273551940918
35,BoT_IoT,3,None,QuantileTransformer,LGBM,0.9728182916860967,-1,-1,99.24242424242425,97.91071428571428,0.45454545454545453,96.91120597548492,97.25054370945344,-1,"{'0Normal': {'precision': 0.8291666666666667, 'recall': 0.995, 'f1-score': 0.9045454545454547, 'support': 200.0}, 'HTTP': {'precision': 1.0, 'recall': 0.9975, 'f1-score': 0.9987484355444306, 'support': 400.0}, 'TCP': {'precision': 0.9925558312655087, 'recall': 1.0, 'f1-score': 0.9962640099626401, 'support': 400.0}, 'UDP': {'precision': 1.0, 'recall': 0.9125, 'f1-score': 0.9542483660130718, 'support': 400.0}, 'scan': {'precision': 0.9974747474747475, 'recall': 0.9875, 'f1-score': 0.992462311557789, 'support': 400.0}, 'theft': {'precision': 0.995475113122172, 'recall': 0.9821428571428571, 'f1-score': 0.9887640449438202, 'support': 224.0}, 'accuracy': 0.9772727272727273, 'macro avg': {'precision': 0.9691120597548492, 'recall': 0.9791071428571428, 'f1-score': 0.9725054370945344, 'support': 2024.0}, 'weighted avg': {'precision': 0.9806482164865624, 'recall': 0.9772727272727273, 'f1-score': 0.9778070584030035, 'support': 2024.0}}","[[199   0   0   0   1   0]
 [  1 399   0   0   0   0]
 [  0   0 400   0   0   0]
 [ 35   0   0 365   0   0]
 [  1   0   3   0 395   1]
 [  4   0   0   0   0 220]]",9.623252153396606,0.012991666793823242
36,BoT_IoT,3,None,QuantileTransformer,RF,0.9267819030701521,-1,-1,97.89196310935442,94.32142857142858,1.2648221343873518,93.28313933959095,92.81426773401881,-1,"{'0Normal': {'precision': 0.6387096774193548, 'recall': 0.99, 'f1-score': 0.776470588235294, 'support': 200.0}, 'HTTP': {'precision': 1.0, 'recall': 0.995, 'f1-score': 0.9974937343358395, 'support': 400.0}, 'TCP': {'precision': 0.9778869778869779, 'recall': 0.995, 'f1-score': 0.9863692688971498, 'support': 400.0}, 'UDP': {'precision': 1.0, 'recall': 0.73, 'f1-score': 0.8439306358381503, 'support': 400.0}, 'scan': {'precision': 0.985, 'recall': 0.985, 'f1-score': 0.985, 'support': 400.0}, 'theft': {'precision': 0.9953917050691244, 'recall': 0.9642857142857143, 'f1-score': 0.979591836734694, 'support': 224.0}, 'accuracy': 0.9367588932806324, 'macro avg': {'precision': 0.9328313933959095, 'recall': 0.9432142857142858, 'f1-score': 0.9281426773401881, 'support': 2024.0}, 'weighted avg': {'precision': 0.9564547769635109, 'recall': 0.9367588932806324, 'f1-score': 0.938656197976327, 'support': 2024.0}}","[[198   0   0   0   2   0]
 [  2 398   0   0   0   0]
 [  0   0 398   0   2   0]
 [102   0   6 292   0   0]
 [  2   0   3   0 394   1]
 [  6   0   0   0   2 216]]",1.8028910160064697,0.015102863311767578
37,BoT_IoT,3,None,QuantileTransformer,SGD,0.7709647200781701,-1,-1,92.93478260869566,81.7202380952381,4.239130434782608,85.46996841369437,76.61890451060044,-1,"{'0Normal': {'precision': 0.38011695906432746, 'recall': 0.975, 'f1-score': 0.546984572230014, 'support': 200.0}, 'HTTP': {'precision': 0.9900744416873449, 'recall': 0.9975, 'f1-score': 0.9937733499377336, 'support': 400.0}, 'TCP': {'precision': 0.8151950718685832, 'recall': 0.9925, 'f1-score': 0.895152198421646, 'support': 400.0}, 'UDP': {'precision': 1.0, 'recall': 0.1975, 'f1-score': 0.32985386221294366, 'support': 400.0}, 'scan': {'precision': 0.956386292834891, 'recall': 0.7675, 'f1-score': 0.8515950069348127, 'support': 400.0}, 'theft': {'precision': 0.9864253393665159, 'recall': 0.9732142857142857, 'f1-score': 0.9797752808988764, 'support': 224.0}, 'accuracy': 0.7880434782608695, 'macro avg': {'precision': 0.8546996841369437, 'recall': 0.8172023809523811, 'f1-score': 0.7661890451060044, 'support': 2024.0}, 'weighted avg': {'precision': 0.8901408055273184, 'recall': 0.7880434782608695, 'f1-score': 0.7692768499852795, 'support': 2024.0}}","[[195   1   1   0   3   0]
 [  1 399   0   0   0   0]
 [  0   3 397   0   0   0]
 [306   0   6  79   9   0]
 [  7   0  83   0 307   3]
 [  4   0   0   0   2 218]]",0.6135299205780029,0.0028378963470458984
38,BoT_IoT,3,sigmoid,QuantileTransformer,HHHv2,0.487127306939882,-1,-1,85.63899868247694,53.24875139061383,8.616600790513834,58.63988095238095,54.439241050746276,-1,"{'0Normal': {'precision': 0.605, 'recall': 0.4548872180451128, 'f1-score': 0.51931330472103, 'support': 266.0}, 'HTTP': {'precision': 0.8875, 'recall': 0.7505285412262156, 'f1-score': 0.813287514318442, 'support': 473.0}, 'TCP': {'precision': 0.52, 'recall': 0.6380368098159509, 'f1-score': 0.5730027548209367, 'support': 326.0}, 'UDP': {'precision': 0.105, 'recall': 0.2916666666666667, 'f1-score': 0.15441176470588236, 'support': 144.0}, 'scan': {'precision': 0.6375, 'recall': 0.5009823182711198, 'f1-score': 0.561056105610561, 'support': 509.0}, 'theft': {'precision': 0.7633928571428571, 'recall': 0.5588235294117647, 'f1-score': 0.6452830188679246, 'support': 306.0}, 'accuracy': 0.5691699604743083, 'macro avg': {'precision': 0.5863988095238095, 'recall': 0.5324875139061384, 'f1-score': 0.5443924105074628, 'support': 2024.0}, 'weighted avg': {'precision': 0.6538751058723884, 'recall': 0.5691699604743083, 'f1-score': 0.6002424343117835, 'support': 2024.0}}","[[121   7  41  59  29   9]
 [ 23 355  34  34  20   7]
 [ 17  14 208  63  14  10]
 [ 15   8  49  42  22   8]
 [ 11   9  30 185 255  19]
 [ 13   7  38  17  60 171]]",14.11048698425293,0.0963277816772461
39,BoT_IoT,2,None,QuantileTransformer,KNN,0.9747585238550805,-1,-1,99.30830039525692,97.50000000000001,0.41501976284584985,97.53183130312618,97.50924151139223,-1,"{'0Normal': {'precision': 0.9414634146341463, 'recall': 0.965, 'f1-score': 0.9530864197530864, 'support': 200.0}, 'HTTP': {'precision': 0.99, 'recall': 0.99, 'f1-score': 0.99, 'support': 400.0}, 'TCP': {'precision': 0.9924812030075187, 'recall': 0.99, 'f1-score': 0.9912390488110137, 'support': 400.0}, 'UDP': {'precision': 0.99, 'recall': 0.99, 'f1-score': 0.99, 'support': 400.0}, 'scan': {'precision': 0.9702233250620348, 'recall': 0.9775, 'f1-score': 0.9738480697384807, 'support': 400.0}, 'theft': {'precision': 0.967741935483871, 'recall': 0.9375, 'f1-score': 0.9523809523809523, 'support': 224.0}, 'accuracy': 0.9792490118577075, 'macro avg': {'precision': 0.9753183130312618, 'recall': 0.9750000000000001, 'f1-score': 0.9750924151139223, 'support': 2024.0}, 'weighted avg': {'precision': 0.9793224741615799, 'recall': 0.9792490118577075, 'f1-score': 0.9792418303872275, 'support': 2024.0}}","[[193   0   0   3   3   1]
 [  4 396   0   0   0   0]
 [  0   3 396   0   1   0]
 [  2   0   1 396   1   0]
 [  0   0   2   1 391   6]
 [  6   1   0   0   7 210]]",0.0005190372467041016,0.060237884521484375
40,BoT_IoT,2,None,QuantileTransformer,LDA,0.9813821755505009,-1,-1,99.48945981554678,97.99702380952381,0.30632411067193677,98.47065992514446,98.22237088757934,-1,"{'0Normal': {'precision': 0.9743589743589743, 'recall': 0.95, 'f1-score': 0.9620253164556962, 'support': 200.0}, 'HTTP': {'precision': 0.9876237623762376, 'recall': 0.9975, 'f1-score': 0.9925373134328358, 'support': 400.0}, 'TCP': {'precision': 0.995, 'recall': 0.995, 'f1-score': 0.995, 'support': 400.0}, 'UDP': {'precision': 0.9899497487437185, 'recall': 0.985, 'f1-score': 0.9874686716791979, 'support': 400.0}, 'scan': {'precision': 0.9659367396593674, 'recall': 0.9925, 'f1-score': 0.9790382244143033, 'support': 400.0}, 'theft': {'precision': 0.9953703703703703, 'recall': 0.9598214285714286, 'f1-score': 0.9772727272727272, 'support': 224.0}, 'accuracy': 0.9846837944664032, 'macro avg': {'precision': 0.9847065992514447, 'recall': 0.9799702380952381, 'f1-score': 0.9822237088757935, 'support': 2024.0}, 'weighted avg': {'precision': 0.9848018073846282, 'recall': 0.9846837944664032, 'f1-score': 0.9846501175942514, 'support': 2024.0}}","[[190   3   0   3   3   1]
 [  1 399   0   0   0   0]
 [  0   1 398   0   1   0]
 [  0   0   0 394   6   0]
 [  1   0   1   1 397   0]
 [  3   1   1   0   4 215]]",0.016308307647705078,0.0009510517120361328
41,BoT_IoT,2,None,QuantileTransformer,MLP,0.9862035003153385,-1,-1,99.62121212121212,98.78571428571429,0.22727272727272727,98.45109727856153,98.60709279075301,-1,"{'0Normal': {'precision': 0.9380952380952381, 'recall': 0.985, 'f1-score': 0.9609756097560974, 'support': 200.0}, 'HTTP': {'precision': 0.9949367088607595, 'recall': 0.9825, 'f1-score': 0.9886792452830189, 'support': 400.0}, 'TCP': {'precision': 0.995, 'recall': 0.995, 'f1-score': 0.995, 'support': 400.0}, 'UDP': {'precision': 0.9950248756218906, 'recall': 1.0, 'f1-score': 0.9975062344139651, 'support': 400.0}, 'scan': {'precision': 0.9974619289340102, 'recall': 0.9825, 'f1-score': 0.9899244332493703, 'support': 400.0}, 'theft': {'precision': 0.9865470852017937, 'recall': 0.9821428571428571, 'f1-score': 0.9843400447427293, 'support': 224.0}, 'accuracy': 0.9886363636363636, 'macro avg': {'precision': 0.9845109727856154, 'recall': 0.9878571428571429, 'f1-score': 0.9860709279075301, 'support': 2024.0}, 'weighted avg': {'precision': 0.9889204545804909, 'recall': 0.9886363636363636, 'f1-score': 0.9887012140079706, 'support': 2024.0}}","[[197   0   0   2   1   0]
 [  6 393   0   0   0   1]
 [  0   2 398   0   0   0]
 [  0   0   0 400   0   0]
 [  3   0   2   0 393   2]
 [  4   0   0   0   0 220]]",0.4173257350921631,0.0013425350189208984
42,BoT_IoT,2,None,QuantileTransformer,LGBM,0.9928001380561761,-1,-1,99.80237154150198,99.36011904761905,0.11857707509881424,99.15600775513576,99.25204604885084,-1,"{'0Normal': {'precision': 0.961352657004831, 'recall': 0.995, 'f1-score': 0.977886977886978, 'support': 200.0}, 'HTTP': {'precision': 1.0, 'recall': 0.9875, 'f1-score': 0.9937106918238994, 'support': 400.0}, 'TCP': {'precision': 0.9950248756218906, 'recall': 1.0, 'f1-score': 0.9975062344139651, 'support': 400.0}, 'UDP': {'precision': 1.0, 'recall': 1.0, 'f1-score': 1.0, 'support': 400.0}, 'scan': {'precision': 0.9974874371859297, 'recall': 0.9925, 'f1-score': 0.9949874686716792, 'support': 400.0}, 'theft': {'precision': 0.9954954954954955, 'recall': 0.9866071428571429, 'f1-score': 0.9910313901345291, 'support': 224.0}, 'accuracy': 0.9940711462450593, 'macro avg': {'precision': 0.9915600775513577, 'recall': 0.9936011904761904, 'f1-score': 0.9925204604885085, 'support': 2024.0}, 'weighted avg': {'precision': 0.9942027902742517, 'recall': 0.9940711462450593, 'f1-score': 0.9940959411716145, 'support': 2024.0}}","[[199   0   0   0   1   0]
 [  5 395   0   0   0   0]
 [  0   0 400   0   0   0]
 [  0   0   0 400   0   0]
 [  0   0   2   0 397   1]
 [  3   0   0   0   0 221]]",1.726165533065796,0.009517192840576172
43,BoT_IoT,2,None,QuantileTransformer,RF,0.9891973974703155,-1,-1,99.70355731225297,99.03571428571428,0.17786561264822134,98.79824510473219,98.9094355808187,-1,"{'0Normal': {'precision': 0.9519230769230769, 'recall': 0.99, 'f1-score': 0.9705882352941176, 'support': 200.0}, 'HTTP': {'precision': 1.0, 'recall': 0.9875, 'f1-score': 0.9937106918238994, 'support': 400.0}, 'TCP': {'precision': 0.9925373134328358, 'recall': 0.9975, 'f1-score': 0.9950124688279303, 'support': 400.0}, 'UDP': {'precision': 1.0, 'recall': 1.0, 'f1-score': 1.0, 'support': 400.0}, 'scan': {'precision': 0.9924433249370277, 'recall': 0.985, 'f1-score': 0.9887076537013803, 'support': 400.0}, 'theft': {'precision': 0.990990990990991, 'recall': 0.9821428571428571, 'f1-score': 0.9865470852017937, 'support': 224.0}, 'accuracy': 0.991106719367589, 'macro avg': {'precision': 0.9879824510473219, 'recall': 0.9903571428571428, 'f1-score': 0.9890943558081869, 'support': 2024.0}, 'weighted avg': {'precision': 0.9912840181395962, 'recall': 0.991106719367589, 'f1-score': 0.9911445256350342, 'support': 2024.0}}","[[198   0   0   0   2   0]
 [  5 395   0   0   0   0]
 [  0   0 399   0   1   0]
 [  0   0   0 400   0   0]
 [  1   0   3   0 394   2]
 [  4   0   0   0   0 220]]",0.41909289360046387,0.01124882698059082
44,BoT_IoT,2,None,QuantileTransformer,NuSVC,0.9053390511988936,-1,-1,97.39789196310934,90.19047619047619,1.5612648221343874,90.71661845383058,90.38319238931867,-1,"{'0Normal': {'precision': 0.6875, 'recall': 0.66, 'f1-score': 0.673469387755102, 'support': 200.0}, 'HTTP': {'precision': 0.989821882951654, 'recall': 0.9725, 'f1-score': 0.9810844892812106, 'support': 400.0}, 'TCP': {'precision': 0.963254593175853, 'recall': 0.9175, 'f1-score': 0.9398207426376441, 'support': 400.0}, 'UDP': {'precision': 0.8574610244988864, 'recall': 0.9625, 'f1-score': 0.9069493521790342, 'support': 400.0}, 'scan': {'precision': 0.9769230769230769, 'recall': 0.9525, 'f1-score': 0.9645569620253164, 'support': 400.0}, 'theft': {'precision': 0.9680365296803652, 'recall': 0.9464285714285714, 'f1-score': 0.9571106094808125, 'support': 224.0}, 'accuracy': 0.9219367588932806, 'macro avg': {'precision': 0.9071661845383058, 'recall': 0.9019047619047619, 'f1-score': 0.9038319238931867, 'support': 2024.0}, 'weighted avg': {'precision': 0.923579255764916, 'recall': 0.9219367588932806, 'f1-score': 0.9219620911679863, 'support': 2024.0}}","[[132   0   1  63   3   1]
 [  5 389   2   0   0   4]
 [ 29   3 367   0   1   0]
 [  9   0   6 385   0   0]
 [ 12   0   4   1 381   2]
 [  5   1   1   0   5 212]]",0.03796958923339844,0.11939382553100586
45,BoT_IoT,2,None,QuantileTransformer,SGD,0.9143842910443778,-1,-1,97.62845849802372,89.92857142857143,1.4229249011857708,93.34554951284204,91.08172675892182,-1,"{'0Normal': {'precision': 0.8728323699421965, 'recall': 0.755, 'f1-score': 0.809651474530831, 'support': 200.0}, 'HTTP': {'precision': 0.9924050632911392, 'recall': 0.98, 'f1-score': 0.9861635220125786, 'support': 400.0}, 'TCP': {'precision': 0.9898734177215189, 'recall': 0.9775, 'f1-score': 0.9836477987421384, 'support': 400.0}, 'UDP': {'precision': 0.8940092165898618, 'recall': 0.97, 'f1-score': 0.9304556354916066, 'support': 400.0}, 'scan': {'precision': 0.8516129032258064, 'recall': 0.99, 'f1-score': 0.915606936416185, 'support': 400.0}, 'theft': {'precision': 1.0, 'recall': 0.7232142857142857, 'f1-score': 0.839378238341969, 'support': 224.0}, 'accuracy': 0.9288537549407114, 'macro avg': {'precision': 0.9334554951284204, 'recall': 0.8992857142857144, 'f1-score': 0.9108172675892182, 'support': 2024.0}, 'weighted avg': {'precision': 0.9336594438338782, 'recall': 0.9288537549407114, 'f1-score': 0.9270259769564085, 'support': 2024.0}}","[[151   0   0  46   3   0]
 [  6 392   2   0   0   0]
 [  6   2 391   0   1   0]
 [  3   0   0 388   9   0]
 [  1   1   2   0 396   0]
 [  6   0   0   0  56 162]]",0.036205291748046875,0.0007765293121337891
46,BoT_IoT,2,None,QuantileTransformer,HHHv2,0.9819907335793429,-1,-1,99.50592885375494,98.51822118128156,0.2964426877470355,98.08035714285714,98.2875549103729,-1,"{'0Normal': {'precision': 0.955, 'recall': 0.9744897959183674, 'f1-score': 0.9646464646464646, 'support': 196.0}, 'HTTP': {'precision': 0.9975, 'recall': 0.9925373134328358, 'f1-score': 0.9950124688279303, 'support': 402.0}, 'TCP': {'precision': 0.9975, 'recall': 0.9950124688279302, 'f1-score': 0.9962546816479401, 'support': 401.0}, 'UDP': {'precision': 0.9825, 'recall': 0.9924242424242424, 'f1-score': 0.9874371859296482, 'support': 396.0}, 'scan': {'precision': 0.9925, 'recall': 0.9612590799031477, 'f1-score': 0.976629766297663, 'support': 413.0}, 'theft': {'precision': 0.9598214285714286, 'recall': 0.9953703703703703, 'f1-score': 0.9772727272727272, 'support': 216.0}, 'accuracy': 0.9851778656126482, 'macro avg': {'precision': 0.9808035714285714, 'recall': 0.9851822118128156, 'f1-score': 0.982875549103729, 'support': 2024.0}, 'weighted avg': {'precision': 0.9854083145115754, 'recall': 0.9851778656126482, 'f1-score': 0.9851916872926598, 'support': 2024.0}}","[[191   1   0   0   1   3]
 [  2 399   0   0   0   1]
 [  0   0 399   0   2   0]
 [  3   0   0 393   0   0]
 [  3   0   1   7 397   5]
 [  1   0   0   0   0 215]]",1.4454925060272217,0.0073566436767578125
47,BoT_IoT,2,None,QuantileTransformer,KNN,0.9729560079790927,-1,-1,99.2588932806324,97.19940476190477,0.4446640316205534,97.45715167758682,97.32059607278475,-1,"{'0Normal': {'precision': 0.94, 'recall': 0.94, 'f1-score': 0.94, 'support': 200.0}, 'HTTP': {'precision': 0.9924050632911392, 'recall': 0.98, 'f1-score': 0.9861635220125786, 'support': 400.0}, 'TCP': {'precision': 0.9826732673267327, 'recall': 0.9925, 'f1-score': 0.9875621890547265, 'support': 400.0}, 'UDP': {'precision': 0.9778869778869779, 'recall': 0.995, 'f1-score': 0.9863692688971498, 'support': 400.0}, 'scan': {'precision': 0.9776119402985075, 'recall': 0.9825, 'f1-score': 0.9800498753117208, 'support': 400.0}, 'theft': {'precision': 0.9768518518518519, 'recall': 0.9419642857142857, 'f1-score': 0.959090909090909, 'support': 224.0}, 'accuracy': 0.9777667984189723, 'macro avg': {'precision': 0.9745715167758683, 'recall': 0.9719940476190477, 'f1-score': 0.9732059607278475, 'support': 2024.0}, 'weighted avg': {'precision': 0.9777893845534376, 'recall': 0.9777667984189723, 'f1-score': 0.9777145779381591, 'support': 2024.0}}","[[188   0   0   8   3   1]
 [  5 392   3   0   0   0]
 [  0   3 397   0   0   0]
 [  0   0   2 398   0   0]
 [  0   0   2   1 393   4]
 [  7   0   0   0   6 211]]",0.001302480697631836,0.047245025634765625
48,BoT_IoT,2,None,QuantileTransformer,LDA,0.9813719600241575,-1,-1,99.48945981554678,98.02083333333333,0.30632411067193677,98.14833119162888,98.08089593291781,-1,"{'0Normal': {'precision': 0.9642857142857143, 'recall': 0.945, 'f1-score': 0.9545454545454546, 'support': 200.0}, 'HTTP': {'precision': 0.9925373134328358, 'recall': 0.9975, 'f1-score': 0.9950124688279303, 'support': 400.0}, 'TCP': {'precision': 0.9900249376558603, 'recall': 0.9925, 'f1-score': 0.9912609238451936, 'support': 400.0}, 'UDP': {'precision': 0.9852216748768473, 'recall': 1.0, 'f1-score': 0.9925558312655086, 'support': 400.0}, 'scan': {'precision': 0.9923857868020305, 'recall': 0.9775, 'f1-score': 0.9848866498740554, 'support': 400.0}, 'theft': {'precision': 0.9644444444444444, 'recall': 0.96875, 'f1-score': 0.9665924276169264, 'support': 224.0}, 'accuracy': 0.9846837944664032, 'macro avg': {'precision': 0.9814833119162888, 'recall': 0.9802083333333332, 'f1-score': 0.9808089593291781, 'support': 2024.0}, 'weighted avg': {'precision': 0.984664319920814, 'recall': 0.9846837944664032, 'f1-score': 0.9846403874606511, 'support': 2024.0}}","[[189   1   2   5   1   2]
 [  1 399   0   0   0   0]
 [  0   2 397   0   0   1]
 [  0   0   0 400   0   0]
 [  2   0   1   1 391   5]
 [  4   0   1   0   2 217]]",0.11391258239746094,0.0017321109771728516
49,BoT_IoT,2,None,QuantileTransformer,MLP,0.9861981039214589,-1,-1,99.62121212121212,98.79464285714286,0.22727272727272727,98.52140518197307,98.64844489250851,-1,"{'0Normal': {'precision': 0.9473684210526315, 'recall': 0.99, 'f1-score': 0.9682151589242053, 'support': 200.0}, 'HTTP': {'precision': 0.9949367088607595, 'recall': 0.9825, 'f1-score': 0.9886792452830189, 'support': 400.0}, 'TCP': {'precision': 0.9900497512437811, 'recall': 0.995, 'f1-score': 0.9925187032418954, 'support': 400.0}, 'UDP': {'precision': 0.9975062344139651, 'recall': 1.0, 'f1-score': 0.9987515605493134, 'support': 400.0}, 'scan': {'precision': 0.9949367088607595, 'recall': 0.9825, 'f1-score': 0.9886792452830189, 'support': 400.0}, 'theft': {'precision': 0.9864864864864865, 'recall': 0.9776785714285714, 'f1-score': 0.9820627802690582, 'support': 224.0}, 'accuracy': 0.9886363636363636, 'macro avg': {'precision': 0.9852140518197307, 'recall': 0.9879464285714286, 'f1-score': 0.986484448925085, 'support': 2024.0}, 'weighted avg': {'precision': 0.9888430921616627, 'recall': 0.9886363636363636, 'f1-score': 0.9886742076620596, 'support': 2024.0}}","[[198   0   0   1   1   0]
 [  6 393   0   0   0   1]
 [  0   2 398   0   0   0]
 [  0   0   0 400   0   0]
 [  1   0   4   0 393   2]
 [  4   0   0   0   1 219]]",1.8778934478759766,0.001409769058227539
50,BoT_IoT,2,None,QuantileTransformer,LGBM,0.9910039632067748,-1,-1,99.75296442687747,99.23511904761907,0.14822134387351776,98.96059914571886,99.08859557002239,-1,"{'0Normal': {'precision': 0.9521531100478469, 'recall': 0.995, 'f1-score': 0.9731051344743276, 'support': 200.0}, 'HTTP': {'precision': 1.0, 'recall': 0.985, 'f1-score': 0.9924433249370278, 'support': 400.0}, 'TCP': {'precision': 0.9950124688279302, 'recall': 0.9975, 'f1-score': 0.9962546816479401, 'support': 400.0}, 'UDP': {'precision': 1.0, 'recall': 1.0, 'f1-score': 1.0, 'support': 400.0}, 'scan': {'precision': 0.9949748743718593, 'recall': 0.99, 'f1-score': 0.9924812030075189, 'support': 400.0}, 'theft': {'precision': 0.9954954954954955, 'recall': 0.9866071428571429, 'f1-score': 0.9910313901345291, 'support': 224.0}, 'accuracy': 0.9925889328063241, 'macro avg': {'precision': 0.9896059914571885, 'recall': 0.9923511904761906, 'f1-score': 0.990885955700224, 'support': 2024.0}, 'weighted avg': {'precision': 0.9927947382808677, 'recall': 0.9925889328063241, 'f1-score': 0.9926303073725271, 'support': 2024.0}}","[[199   0   0   0   1   0]
 [  6 394   0   0   0   0]
 [  0   0 399   0   1   0]
 [  0   0   0 400   0   0]
 [  1   0   2   0 396   1]
 [  3   0   0   0   0 221]]",2.200556755065918,0.012247323989868164
51,BoT_IoT,2,None,QuantileTransformer,RF,0.9903966430766729,-1,-1,99.7364953886693,99.12797619047619,0.15810276679841898,98.95277215808332,99.03242178703283,-1,"{'0Normal': {'precision': 0.9567307692307693, 'recall': 0.995, 'f1-score': 0.9754901960784313, 'support': 200.0}, 'HTTP': {'precision': 1.0, 'recall': 0.9925, 'f1-score': 0.9962358845671266, 'support': 400.0}, 'TCP': {'precision': 0.9925187032418953, 'recall': 0.995, 'f1-score': 0.9937578027465668, 'support': 400.0}, 'UDP': {'precision': 1.0, 'recall': 1.0, 'f1-score': 1.0, 'support': 400.0}, 'scan': {'precision': 0.992462311557789, 'recall': 0.9875, 'f1-score': 0.9899749373433584, 'support': 400.0}, 'theft': {'precision': 0.9954545454545455, 'recall': 0.9776785714285714, 'f1-score': 0.9864864864864865, 'support': 224.0}, 'accuracy': 0.9920948616600791, 'macro avg': {'precision': 0.9895277215808331, 'recall': 0.9912797619047619, 'f1-score': 0.9903242178703283, 'support': 2024.0}, 'weighted avg': {'precision': 0.9922531511600029, 'recall': 0.9920948616600791, 'f1-score': 0.9921237460728656, 'support': 2024.0}}","[[199   0   0   0   0   1]
 [  3 397   0   0   0   0]
 [  0   0 398   0   2   0]
 [  0   0   0 400   0   0]
 [  2   0   3   0 395   0]
 [  4   0   0   0   1 219]]",1.7211709022521973,0.01130533218383789
52,BoT_IoT,2,None,QuantileTransformer,NuSVC,0.9118279698919731,-1,-1,97.56258234519105,92.58333333333333,1.4624505928853755,92.75857117582112,92.53629156633643,-1,"{'0Normal': {'precision': 0.8786407766990292, 'recall': 0.905, 'f1-score': 0.8916256157635468, 'support': 200.0}, 'HTTP': {'precision': 0.9224806201550387, 'recall': 0.8925, 'f1-score': 0.9072426937738246, 'support': 400.0}, 'TCP': {'precision': 0.8528138528138528, 'recall': 0.985, 'f1-score': 0.91415313225058, 'support': 400.0}, 'UDP': {'precision': 0.9767441860465116, 'recall': 0.945, 'f1-score': 0.9606099110546379, 'support': 400.0}, 'scan': {'precision': 0.9888888888888889, 'recall': 0.89, 'f1-score': 0.9368421052631579, 'support': 400.0}, 'theft': {'precision': 0.9459459459459459, 'recall': 0.9375, 'f1-score': 0.9417040358744394, 'support': 224.0}, 'accuracy': 0.9268774703557312, 'macro avg': {'precision': 0.9275857117582111, 'recall': 0.9258333333333333, 'f1-score': 0.9253629156633644, 'support': 2024.0}, 'weighted avg': {'precision': 0.9308256256884458, 'recall': 0.9268774703557312, 'f1-score': 0.9272756739750315, 'support': 2024.0}}","[[181   4   6   9   0   0]
 [ 13 357  23   0   0   7]
 [  0   3 394   0   3   0]
 [  7   0  15 378   0   0]
 [  1  19  19   0 356   5]
 [  4   4   5   0   1 210]]",1.3544576168060303,0.5583164691925049
53,BoT_IoT,2,None,QuantileTransformer,SGD,0.9807886519462021,-1,-1,99.4729907773386,98.28571428571428,0.31620553359683795,97.97539530309547,98.12463904630734,-1,"{'0Normal': {'precision': 0.9463414634146341, 'recall': 0.97, 'f1-score': 0.9580246913580247, 'support': 200.0}, 'HTTP': {'precision': 0.9924242424242424, 'recall': 0.9825, 'f1-score': 0.9874371859296482, 'support': 400.0}, 'TCP': {'precision': 0.9900249376558603, 'recall': 0.9925, 'f1-score': 0.9912609238451936, 'support': 400.0}, 'UDP': {'precision': 0.9950248756218906, 'recall': 1.0, 'f1-score': 0.9975062344139651, 'support': 400.0}, 'scan': {'precision': 0.9897959183673469, 'recall': 0.97, 'f1-score': 0.9797979797979798, 'support': 400.0}, 'theft': {'precision': 0.9649122807017544, 'recall': 0.9821428571428571, 'f1-score': 0.9734513274336283, 'support': 224.0}, 'accuracy': 0.9841897233201581, 'macro avg': {'precision': 0.9797539530309547, 'recall': 0.9828571428571428, 'f1-score': 0.9812463904630734, 'support': 2024.0}, 'weighted avg': {'precision': 0.9843461626422213, 'recall': 0.9841897233201581, 'f1-score': 0.984218856329769, 'support': 2024.0}}","[[194   0   0   2   4   0]
 [  6 393   0   0   0   1]
 [  0   3 397   0   0   0]
 [  0   0   0 400   0   0]
 [  1   0   4   0 388   7]
 [  4   0   0   0   0 220]]",0.231065034866333,0.0009171962738037109
54,BoT_IoT,2,rbf,QuantileTransformer,HHHv2,0.9855973245450641,-1,-1,99.60474308300395,98.44079582246572,0.23715415019762848,98.67857142857143,98.5480375021055,-1,"{'0Normal': {'precision': 0.985, 'recall': 0.9380952380952381, 'f1-score': 0.9609756097560974, 'support': 210.0}, 'HTTP': {'precision': 0.9825, 'recall': 0.9874371859296482, 'f1-score': 0.9849624060150376, 'support': 398.0}, 'TCP': {'precision': 0.9925, 'recall': 0.9925, 'f1-score': 0.9925, 'support': 400.0}, 'UDP': {'precision': 1.0, 'recall': 0.9975062344139651, 'f1-score': 0.9987515605493134, 'support': 401.0}, 'scan': {'precision': 0.9875, 'recall': 1.0, 'f1-score': 0.9937106918238994, 'support': 395.0}, 'theft': {'precision': 0.9732142857142857, 'recall': 0.990909090909091, 'f1-score': 0.9819819819819819, 'support': 220.0}, 'accuracy': 0.9881422924901185, 'macro avg': {'precision': 0.9867857142857143, 'recall': 0.9844079582246571, 'f1-score': 0.985480375021055, 'support': 2024.0}, 'weighted avg': {'precision': 0.9881692899491813, 'recall': 0.9881422924901185, 'f1-score': 0.9880785823762432, 'support': 2024.0}}","[[197   7   0   0   1   5]
 [  1 393   3   0   0   1]
 [  1   0 397   0   2   0]
 [  1   0   0 400   0   0]
 [  0   0   0   0 395   0]
 [  0   0   0   0   2 218]]",303.5003094673157,0.5365548133850098
55,BoT_IoT,2,None,QuantileTransformer,KNN,0.9771685150581463,-1,-1,99.3741765480896,97.68154761904762,0.37549407114624506,97.79617651687958,97.73194031486855,-1,"{'0Normal': {'precision': 0.9408866995073891, 'recall': 0.955, 'f1-score': 0.9478908188585607, 'support': 200.0}, 'HTTP': {'precision': 0.9924242424242424, 'recall': 0.9825, 'f1-score': 0.9874371859296482, 'support': 400.0}, 'TCP': {'precision': 0.9851116625310173, 'recall': 0.9925, 'f1-score': 0.9887920298879203, 'support': 400.0}, 'UDP': {'precision': 0.9803439803439803, 'recall': 0.9975, 'f1-score': 0.9888475836431228, 'support': 400.0}, 'scan': {'precision': 0.9874371859296482, 'recall': 0.9825, 'f1-score': 0.9849624060150376, 'support': 400.0}, 'theft': {'precision': 0.9815668202764977, 'recall': 0.9508928571428571, 'f1-score': 0.9659863945578231, 'support': 224.0}, 'accuracy': 0.9812252964426877, 'macro avg': {'precision': 0.9779617651687958, 'recall': 0.9768154761904762, 'f1-score': 0.9773194031486855, 'support': 2024.0}, 'weighted avg': {'precision': 0.9813118261536408, 'recall': 0.9812252964426877, 'f1-score': 0.9812128450311048, 'support': 2024.0}}","[[191   0   0   7   1   1]
 [  5 393   2   0   0   0]
 [  0   3 397   0   0   0]
 [  0   0   1 399   0   0]
 [  0   0   3   1 393   3]
 [  7   0   0   0   4 213]]",0.0012006759643554688,0.046713829040527344
56,BoT_IoT,2,None,QuantileTransformer,LDA,0.9825710208787103,-1,-1,99.52239789196311,98.10416666666667,0.2865612648221344,98.2724350650991,98.18438623602952,-1,"{'0Normal': {'precision': 0.9692307692307692, 'recall': 0.945, 'f1-score': 0.9569620253164557, 'support': 200.0}, 'HTTP': {'precision': 0.9925373134328358, 'recall': 0.9975, 'f1-score': 0.9950124688279303, 'support': 400.0}, 'TCP': {'precision': 0.9949874686716792, 'recall': 0.9925, 'f1-score': 0.9937421777221527, 'support': 400.0}, 'UDP': {'precision': 0.9852216748768473, 'recall': 1.0, 'f1-score': 0.9925558312655086, 'support': 400.0}, 'scan': {'precision': 0.9899244332493703, 'recall': 0.9825, 'f1-score': 0.986198243412798, 'support': 400.0}, 'theft': {'precision': 0.9644444444444444, 'recall': 0.96875, 'f1-score': 0.9665924276169264, 'support': 224.0}, 'accuracy': 0.9856719367588933, 'macro avg': {'precision': 0.9827243506509911, 'recall': 0.9810416666666667, 'f1-score': 0.9818438623602952, 'support': 2024.0}, 'weighted avg': {'precision': 0.9856472655602779, 'recall': 0.9856719367588933, 'f1-score': 0.9856287536268965, 'support': 2024.0}}","[[189   1   0   5   2   3]
 [  1 399   0   0   0   0]
 [  0   2 397   0   0   1]
 [  0   0   0 400   0   0]
 [  1   0   1   1 393   4]
 [  4   0   1   0   2 217]]",0.06920289993286133,0.0006837844848632812
57,BoT_IoT,2,None,QuantileTransformer,MLP,0.9843854455230324,-1,-1,99.57180500658761,98.52083333333333,0.25691699604743085,98.38598955224374,98.44648442306402,-1,"{'0Normal': {'precision': 0.9468599033816425, 'recall': 0.98, 'f1-score': 0.9631449631449631, 'support': 200.0}, 'HTTP': {'precision': 0.9949622166246851, 'recall': 0.9875, 'f1-score': 0.9912170639899623, 'support': 400.0}, 'TCP': {'precision': 0.9900497512437811, 'recall': 0.995, 'f1-score': 0.9925187032418954, 'support': 400.0}, 'UDP': {'precision': 0.9950248756218906, 'recall': 1.0, 'f1-score': 0.9975062344139651, 'support': 400.0}, 'scan': {'precision': 0.98989898989899, 'recall': 0.98, 'f1-score': 0.9849246231155778, 'support': 400.0}, 'theft': {'precision': 0.9863636363636363, 'recall': 0.96875, 'f1-score': 0.9774774774774775, 'support': 224.0}, 'accuracy': 0.9871541501976284, 'macro avg': {'precision': 0.9838598955224375, 'recall': 0.9852083333333334, 'f1-score': 0.9844648442306402, 'support': 2024.0}, 'weighted avg': {'precision': 0.987298304633163, 'recall': 0.9871541501976284, 'f1-score': 0.9871791489567727, 'support': 2024.0}}","[[196   0   0   2   1   1]
 [  5 395   0   0   0   0]
 [  0   2 398   0   0   0]
 [  0   0   0 400   0   0]
 [  2   0   4   0 392   2]
 [  4   0   0   0   3 217]]",2.488662004470825,0.001323699951171875
58,BoT_IoT,2,None,QuantileTransformer,LGBM,0.9910076581231255,-1,-1,99.75296442687747,99.20238095238093,0.14822134387351776,98.96031641864428,99.06938137691975,-1,"{'0Normal': {'precision': 0.9476190476190476, 'recall': 0.995, 'f1-score': 0.9707317073170733, 'support': 200.0}, 'HTTP': {'precision': 1.0, 'recall': 0.985, 'f1-score': 0.9924433249370278, 'support': 400.0}, 'TCP': {'precision': 0.9950124688279302, 'recall': 0.9975, 'f1-score': 0.9962546816479401, 'support': 400.0}, 'UDP': {'precision': 1.0, 'recall': 1.0, 'f1-score': 1.0, 'support': 400.0}, 'scan': {'precision': 0.9949874686716792, 'recall': 0.9925, 'f1-score': 0.9937421777221527, 'support': 400.0}, 'theft': {'precision': 1.0, 'recall': 0.9821428571428571, 'f1-score': 0.9909909909909909, 'support': 224.0}, 'accuracy': 0.9925889328063241, 'macro avg': {'precision': 0.9896031641864428, 'recall': 0.9920238095238094, 'f1-score': 0.9906938137691975, 'support': 2024.0}, 'weighted avg': {'precision': 0.9928477196263109, 'recall': 0.9925889328063241, 'f1-score': 0.9926405124349037, 'support': 2024.0}}","[[199   0   0   0   1   0]
 [  6 394   0   0   0   0]
 [  0   0 399   0   1   0]
 [  0   0   0 400   0   0]
 [  1   0   2   0 397   0]
 [  4   0   0   0   0 220]]",2.4454386234283447,0.008604288101196289
59,BoT_IoT,2,None,QuantileTransformer,RF,0.989804483960778,-1,-1,99.72002635046113,99.08630952380952,0.16798418972332016,98.87698412698413,98.96926195708996,-1,"{'0Normal': {'precision': 0.9476190476190476, 'recall': 0.995, 'f1-score': 0.9707317073170733, 'support': 200.0}, 'HTTP': {'precision': 1.0, 'recall': 0.9875, 'f1-score': 0.9937106918238994, 'support': 400.0}, 'TCP': {'precision': 0.995, 'recall': 0.995, 'f1-score': 0.995, 'support': 400.0}, 'UDP': {'precision': 1.0, 'recall': 1.0, 'f1-score': 1.0, 'support': 400.0}, 'scan': {'precision': 0.99, 'recall': 0.99, 'f1-score': 0.99, 'support': 400.0}, 'theft': {'precision': 1.0, 'recall': 0.9776785714285714, 'f1-score': 0.9887133182844243, 'support': 224.0}, 'accuracy': 0.991600790513834, 'macro avg': {'precision': 0.9887698412698412, 'recall': 0.9908630952380952, 'f1-score': 0.9896926195708996, 'support': 2024.0}, 'weighted avg': {'precision': 0.9918595896856767, 'recall': 0.991600790513834, 'f1-score': 0.991651384134726, 'support': 2024.0}}","[[199   0   0   0   1   0]
 [  5 395   0   0   0   0]
 [  0   0 398   0   2   0]
 [  0   0   0 400   0   0]
 [  2   0   2   0 396   0]
 [  4   0   0   0   1 219]]",1.7685701847076416,0.012063026428222656
60,BoT_IoT,2,None,QuantileTransformer,NuSVC,0.9065008675063406,-1,-1,97.41436100131752,89.95833333333333,1.5513833992094863,92.79079975749926,90.81868891890547,-1,"{'0Normal': {'precision': 0.9202898550724637, 'recall': 0.635, 'f1-score': 0.7514792899408284, 'support': 200.0}, 'HTTP': {'precision': 0.9659685863874345, 'recall': 0.9225, 'f1-score': 0.9437340153452685, 'support': 400.0}, 'TCP': {'precision': 0.8777777777777778, 'recall': 0.9875, 'f1-score': 0.9294117647058824, 'support': 400.0}, 'UDP': {'precision': 0.8574610244988864, 'recall': 0.9625, 'f1-score': 0.9069493521790342, 'support': 400.0}, 'scan': {'precision': 0.9870466321243523, 'recall': 0.9525, 'f1-score': 0.9694656488549618, 'support': 400.0}, 'theft': {'precision': 0.958904109589041, 'recall': 0.9375, 'f1-score': 0.9480812641083523, 'support': 224.0}, 'accuracy': 0.9224308300395256, 'macro avg': {'precision': 0.9279079975749926, 'recall': 0.8995833333333333, 'f1-score': 0.9081868891890547, 'support': 2024.0}, 'weighted avg': {'precision': 0.9259654643665111, 'recall': 0.9224308300395256, 'f1-score': 0.9202027537462921, 'support': 2024.0}}","[[127   3   6  63   1   0]
 [  7 369  19   0   0   5]
 [  0   2 395   0   3   0]
 [  0   0  15 385   0   0]
 [  0   4  10   1 381   4]
 [  4   4   5   0   1 210]]",1.3143937587738037,0.5348124504089355
61,BoT_IoT,2,None,QuantileTransformer,SGD,0.9795904106402549,-1,-1,99.44005270092227,98.16964285714285,0.3359683794466403,97.84606482119761,97.99952431505332,-1,"{'0Normal': {'precision': 0.9326923076923077, 'recall': 0.97, 'f1-score': 0.9509803921568627, 'support': 200.0}, 'HTTP': {'precision': 0.9924050632911392, 'recall': 0.98, 'f1-score': 0.9861635220125786, 'support': 400.0}, 'TCP': {'precision': 0.9925, 'recall': 0.9925, 'f1-score': 0.9925, 'support': 400.0}, 'UDP': {'precision': 0.9925558312655087, 'recall': 1.0, 'f1-score': 0.9962640099626401, 'support': 400.0}, 'scan': {'precision': 0.9872773536895675, 'recall': 0.97, 'f1-score': 0.9785624211853721, 'support': 400.0}, 'theft': {'precision': 0.9733333333333334, 'recall': 0.9776785714285714, 'f1-score': 0.9755011135857461, 'support': 224.0}, 'accuracy': 0.983201581027668, 'macro avg': {'precision': 0.9784606482119761, 'recall': 0.9816964285714285, 'f1-score': 0.9799952431505332, 'support': 2024.0}, 'weighted avg': {'precision': 0.9834290649721414, 'recall': 0.983201581027668, 'f1-score': 0.9832531171634467, 'support': 2024.0}}","[[194   0   0   3   3   0]
 [  6 392   2   0   0   0]
 [  0   2 397   0   1   0]
 [  0   0   0 400   0   0]
 [  4   1   1   0 388   6]
 [  4   0   0   0   1 219]]",0.19311261177062988,0.0008931159973144531
62,BoT_IoT,2,poly,QuantileTransformer,HHHv2,0.9771681572152893,-1,-1,99.3741765480896,97.60021995958148,0.37549407114624506,97.78869047619048,97.6904395785375,-1,"{'0Normal': {'precision': 0.96, 'recall': 0.9320388349514563, 'f1-score': 0.9458128078817734, 'support': 206.0}, 'HTTP': {'precision': 0.98, 'recall': 0.98989898989899, 'f1-score': 0.9849246231155778, 'support': 396.0}, 'TCP': {'precision': 0.9925, 'recall': 0.9949874686716792, 'f1-score': 0.9937421777221527, 'support': 399.0}, 'UDP': {'precision': 0.9975, 'recall': 0.9950124688279302, 'f1-score': 0.9962546816479401, 'support': 401.0}, 'scan': {'precision': 0.9775, 'recall': 0.9799498746867168, 'f1-score': 0.9787234042553192, 'support': 399.0}, 'theft': {'precision': 0.9598214285714286, 'recall': 0.9641255605381166, 'f1-score': 0.9619686800894854, 'support': 223.0}, 'accuracy': 0.9812252964426877, 'macro avg': {'precision': 0.9778869047619049, 'recall': 0.9760021995958148, 'f1-score': 0.9769043957853749, 'support': 2024.0}, 'weighted avg': {'precision': 0.9811796830886504, 'recall': 0.9812252964426877, 'f1-score': 0.9811751479185793, 'support': 2024.0}}","[[192   7   0   1   1   5]
 [  1 392   2   0   1   0]
 [  0   1 397   0   1   0]
 [  0   0   0 399   2   0]
 [  3   0   1   0 391   4]
 [  4   0   0   0   4 215]]",307.42274951934814,0.2607460021972656
63,BoT_IoT,2,None,QuantileTransformer,KNN,0.9682148752245331,-1,-1,99.12714097496706,97.05654761904762,0.5237154150197628,96.6338353721904,96.81652807924198,-1,"{'0Normal': {'precision': 0.880184331797235, 'recall': 0.955, 'f1-score': 0.9160671462829736, 'support': 200.0}, 'HTTP': {'precision': 0.9825, 'recall': 0.9825, 'f1-score': 0.9825, 'support': 400.0}, 'TCP': {'precision': 0.9874686716791979, 'recall': 0.985, 'f1-score': 0.986232790988736, 'support': 400.0}, 'UDP': {'precision': 0.989821882951654, 'recall': 0.9725, 'f1-score': 0.9810844892812106, 'support': 400.0}, 'scan': {'precision': 0.9898734177215189, 'recall': 0.9775, 'f1-score': 0.9836477987421384, 'support': 400.0}, 'theft': {'precision': 0.9681818181818181, 'recall': 0.9508928571428571, 'f1-score': 0.9594594594594594, 'support': 224.0}, 'accuracy': 0.9738142292490118, 'macro avg': {'precision': 0.966338353721904, 'recall': 0.9705654761904762, 'f1-score': 0.9681652807924198, 'support': 2024.0}, 'weighted avg': {'precision': 0.974691295737709, 'recall': 0.9738142292490118, 'f1-score': 0.9740703457412785, 'support': 2024.0}}","[[191   3   0   4   1   1]
 [  5 393   2   0   0   0]
 [  1   4 394   0   1   0]
 [ 10   0   1 389   0   0]
 [  1   0   2   0 391   6]
 [  9   0   0   0   2 213]]",0.0005729198455810547,0.011173009872436523
64,BoT_IoT,2,None,QuantileTransformer,LDA,0.9813614646195573,-1,-1,99.48945981554678,98.03869047619048,0.30632411067193677,98.24352756152078,98.13888117298816,-1,"{'0Normal': {'precision': 0.9646464646464646, 'recall': 0.955, 'f1-score': 0.9597989949748743, 'support': 200.0}, 'HTTP': {'precision': 0.9900744416873449, 'recall': 0.9975, 'f1-score': 0.9937733499377336, 'support': 400.0}, 'TCP': {'precision': 0.9949874686716792, 'recall': 0.9925, 'f1-score': 0.9937421777221527, 'support': 400.0}, 'UDP': {'precision': 0.9900744416873449, 'recall': 0.9975, 'f1-score': 0.9937733499377336, 'support': 400.0}, 'scan': {'precision': 0.9775561097256857, 'recall': 0.98, 'f1-score': 0.978776529338327, 'support': 400.0}, 'theft': {'precision': 0.9772727272727273, 'recall': 0.9598214285714286, 'f1-score': 0.9684684684684685, 'support': 224.0}, 'accuracy': 0.9846837944664032, 'macro avg': {'precision': 0.9824352756152078, 'recall': 0.9803869047619048, 'f1-score': 0.9813888117298816, 'support': 2024.0}, 'weighted avg': {'precision': 0.9846419805075126, 'recall': 0.9846837944664032, 'f1-score': 0.9846457009418432, 'support': 2024.0}}","[[191   2   0   3   3   1]
 [  1 399   0   0   0   0]
 [  0   2 397   0   1   0]
 [  0   0   0 399   1   0]
 [  2   0   1   1 392   4]
 [  4   0   1   0   4 215]]",0.014881134033203125,0.0005934238433837891
65,BoT_IoT,2,None,QuantileTransformer,MLP,0.9873891627988843,-1,-1,99.65415019762845,98.82738095238093,0.20750988142292492,98.60080476447669,98.70963988729399,-1,"{'0Normal': {'precision': 0.9514563106796117, 'recall': 0.98, 'f1-score': 0.9655172413793104, 'support': 200.0}, 'HTTP': {'precision': 0.9949494949494949, 'recall': 0.985, 'f1-score': 0.9899497487437187, 'support': 400.0}, 'TCP': {'precision': 0.995, 'recall': 0.995, 'f1-score': 0.995, 'support': 400.0}, 'UDP': {'precision': 0.9950248756218906, 'recall': 1.0, 'f1-score': 0.9975062344139651, 'support': 400.0}, 'scan': {'precision': 0.9974747474747475, 'recall': 0.9875, 'f1-score': 0.992462311557789, 'support': 400.0}, 'theft': {'precision': 0.9821428571428571, 'recall': 0.9821428571428571, 'f1-score': 0.9821428571428571, 'support': 224.0}, 'accuracy': 0.9896245059288538, 'macro avg': {'precision': 0.9860080476447669, 'recall': 0.9882738095238094, 'f1-score': 0.9870963988729399, 'support': 2024.0}, 'weighted avg': {'precision': 0.9897583544240987, 'recall': 0.9896245059288538, 'f1-score': 0.9896594694476537, 'support': 2024.0}}","[[196   0   0   2   1   1]
 [  5 394   0   0   0   1]
 [  0   2 398   0   0   0]
 [  0   0   0 400   0   0]
 [  1   0   2   0 395   2]
 [  4   0   0   0   0 220]]",0.7522640228271484,0.0013377666473388672
66,BoT_IoT,2,None,QuantileTransformer,LGBM,0.9910100114833955,-1,-1,99.75296442687747,99.20238095238093,0.14822134387351776,98.96093311994831,99.06927512477127,-1,"{'0Normal': {'precision': 0.9476190476190476, 'recall': 0.995, 'f1-score': 0.9707317073170733, 'support': 200.0}, 'HTTP': {'precision': 1.0, 'recall': 0.985, 'f1-score': 0.9924433249370278, 'support': 400.0}, 'TCP': {'precision': 0.9925558312655087, 'recall': 1.0, 'f1-score': 0.9962640099626401, 'support': 400.0}, 'UDP': {'precision': 1.0, 'recall': 1.0, 'f1-score': 1.0, 'support': 400.0}, 'scan': {'precision': 0.9974811083123426, 'recall': 0.99, 'f1-score': 0.9937264742785445, 'support': 400.0}, 'theft': {'precision': 1.0, 'recall': 0.9821428571428571, 'f1-score': 0.9909909909909909, 'support': 224.0}, 'accuracy': 0.9925889328063241, 'macro avg': {'precision': 0.9896093311994831, 'recall': 0.9920238095238094, 'f1-score': 0.9906927512477127, 'support': 2024.0}, 'weighted avg': {'precision': 0.992855032289995, 'recall': 0.9925889328063241, 'f1-score': 0.9926392525280048, 'support': 2024.0}}","[[199   0   0   0   1   0]
 [  6 394   0   0   0   0]
 [  0   0 400   0   0   0]
 [  0   0   0 400   0   0]
 [  1   0   3   0 396   0]
 [  4   0   0   0   0 220]]",1.7046899795532227,0.01425790786743164
67,BoT_IoT,2,None,QuantileTransformer,RF,0.9916011666945551,-1,-1,99.76943346508564,99.20238095238093,0.1383399209486166,99.03225702027744,99.1089721707521,-1,"{'0Normal': {'precision': 0.9519230769230769, 'recall': 0.99, 'f1-score': 0.9705882352941176, 'support': 200.0}, 'HTTP': {'precision': 1.0, 'recall': 0.9875, 'f1-score': 0.9937106918238994, 'support': 400.0}, 'TCP': {'precision': 0.9950248756218906, 'recall': 1.0, 'f1-score': 0.9975062344139651, 'support': 400.0}, 'UDP': {'precision': 1.0, 'recall': 1.0, 'f1-score': 1.0, 'support': 400.0}, 'scan': {'precision': 0.9949874686716792, 'recall': 0.9925, 'f1-score': 0.9937421777221527, 'support': 400.0}, 'theft': {'precision': 1.0, 'recall': 0.9821428571428571, 'f1-score': 0.9909909909909909, 'support': 224.0}, 'accuracy': 0.9930830039525692, 'macro avg': {'precision': 0.9903225702027744, 'recall': 0.9920238095238094, 'f1-score': 0.991089721707521, 'support': 2024.0}, 'weighted avg': {'precision': 0.9932754709002191, 'recall': 0.9930830039525692, 'f1-score': 0.9931241455656188, 'support': 2024.0}}","[[198   0   0   0   2   0]
 [  5 395   0   0   0   0]
 [  0   0 400   0   0   0]
 [  0   0   0 400   0   0]
 [  1   0   2   0 397   0]
 [  4   0   0   0   0 220]]",0.4839303493499756,0.011394739151000977
68,BoT_IoT,2,None,QuantileTransformer,NuSVC,0.9143283747902123,-1,-1,97.59552042160738,93.33928571428571,1.4426877470355732,92.05197428717436,92.11681066340532,-1,"{'0Normal': {'precision': 0.6576271186440678, 'recall': 0.97, 'f1-score': 0.7838383838383837, 'support': 200.0}, 'HTTP': {'precision': 0.9742268041237113, 'recall': 0.945, 'f1-score': 0.9593908629441624, 'support': 400.0}, 'TCP': {'precision': 0.9604221635883905, 'recall': 0.91, 'f1-score': 0.9345314505776637, 'support': 400.0}, 'UDP': {'precision': 0.9971751412429378, 'recall': 0.8825, 'f1-score': 0.9363395225464191, 'support': 400.0}, 'scan': {'precision': 0.974025974025974, 'recall': 0.9375, 'f1-score': 0.9554140127388535, 'support': 400.0}, 'theft': {'precision': 0.9596412556053812, 'recall': 0.9553571428571429, 'f1-score': 0.9574944071588367, 'support': 224.0}, 'accuracy': 0.9278656126482213, 'macro avg': {'precision': 0.9205197428717437, 'recall': 0.9333928571428571, 'f1-score': 0.9211681066340532, 'support': 2024.0}, 'weighted avg': {'precision': 0.9430954042375614, 'recall': 0.9278656126482213, 'f1-score': 0.9315794286038023, 'support': 2024.0}}","[[194   1   1   1   2   1]
 [ 13 378   2   0   4   3]
 [ 29   6 364   0   1   0]
 [ 41   0   6 353   0   0]
 [ 13   3   4   0 375   5]
 [  5   0   2   0   3 214]]",0.05581259727478027,0.14376401901245117
69,BoT_IoT,2,None,QuantileTransformer,SGD,0.9783916611817857,-1,-1,99.40711462450594,97.98809523809524,0.3557312252964427,97.75967518605647,97.85939497893584,-1,"{'0Normal': {'precision': 0.919431279620853, 'recall': 0.97, 'f1-score': 0.9440389294403893, 'support': 200.0}, 'HTTP': {'precision': 0.9874686716791979, 'recall': 0.985, 'f1-score': 0.986232790988736, 'support': 400.0}, 'TCP': {'precision': 0.9949367088607595, 'recall': 0.9825, 'f1-score': 0.9886792452830189, 'support': 400.0}, 'UDP': {'precision': 0.9925558312655087, 'recall': 1.0, 'f1-score': 0.9962640099626401, 'support': 400.0}, 'scan': {'precision': 0.9848866498740554, 'recall': 0.9775, 'f1-score': 0.9811794228356336, 'support': 400.0}, 'theft': {'precision': 0.9863013698630136, 'recall': 0.9642857142857143, 'f1-score': 0.9751693002257336, 'support': 224.0}, 'accuracy': 0.9822134387351779, 'macro avg': {'precision': 0.9775967518605647, 'recall': 0.9798809523809524, 'f1-score': 0.9785939497893584, 'support': 2024.0}, 'weighted avg': {'precision': 0.9825874048642759, 'recall': 0.9822134387351779, 'f1-score': 0.9823062731060542, 'support': 2024.0}}","[[194   0   0   3   3   0]
 [  6 394   0   0   0   0]
 [  3   3 393   0   1   0]
 [  0   0   0 400   0   0]
 [  2   2   2   0 391   3]
 [  6   0   0   0   2 216]]",0.03817629814147949,0.0006380081176757812
70,BoT_IoT,2,linear,QuantileTransformer,HHHv2,0.9831678531473522,-1,-1,99.53886693017128,98.47919031689217,0.2766798418972332,98.20535714285715,98.33821694494941,-1,"{'0Normal': {'precision': 0.96, 'recall': 0.9696969696969697, 'f1-score': 0.964824120603015, 'support': 198.0}, 'HTTP': {'precision': 0.9975, 'recall': 0.9900744416873449, 'f1-score': 0.9937733499377336, 'support': 403.0}, 'TCP': {'precision': 0.9925, 'recall': 0.9925, 'f1-score': 0.9925, 'support': 400.0}, 'UDP': {'precision': 0.995, 'recall': 0.9925187032418953, 'f1-score': 0.9937578027465668, 'support': 401.0}, 'scan': {'precision': 0.9875, 'recall': 0.9777227722772277, 'f1-score': 0.9825870646766169, 'support': 404.0}, 'theft': {'precision': 0.9598214285714286, 'recall': 0.9862385321100917, 'f1-score': 0.9728506787330317, 'support': 218.0}, 'accuracy': 0.9861660079051383, 'macro avg': {'precision': 0.9820535714285715, 'recall': 0.9847919031689217, 'f1-score': 0.9833821694494941, 'support': 2024.0}, 'weighted avg': {'precision': 0.9862937605872388, 'recall': 0.9861660079051383, 'f1-score': 0.986200265266221, 'support': 2024.0}}","[[192   1   0   0   1   4]
 [  2 399   2   0   0   0]
 [  0   0 397   0   2   1]
 [  3   0   0 398   0   0]
 [  2   0   1   2 395   4]
 [  1   0   0   0   2 215]]",2.5786712169647217,0.09620237350463867
71,BoT_IoT,2,None,QuantileTransformer,KNN,0.9729920800817462,-1,-1,99.2588932806324,97.53869047619048,0.4446640316205534,97.1688984429046,97.34404212427977,-1,"{'0Normal': {'precision': 0.9323671497584541, 'recall': 0.965, 'f1-score': 0.9484029484029484, 'support': 200.0}, 'HTTP': {'precision': 0.9924242424242424, 'recall': 0.9825, 'f1-score': 0.9874371859296482, 'support': 400.0}, 'TCP': {'precision': 0.9875311720698254, 'recall': 0.99, 'f1-score': 0.9887640449438203, 'support': 400.0}, 'UDP': {'precision': 0.9851116625310173, 'recall': 0.9925, 'f1-score': 0.9887920298879203, 'support': 400.0}, 'scan': {'precision': 0.9897172236503856, 'recall': 0.9625, 'f1-score': 0.9759188846641318, 'support': 400.0}, 'theft': {'precision': 0.9429824561403509, 'recall': 0.9598214285714286, 'f1-score': 0.9513274336283186, 'support': 224.0}, 'accuracy': 0.9777667984189723, 'macro avg': {'precision': 0.971688984429046, 'recall': 0.9753869047619048, 'f1-score': 0.9734404212427977, 'support': 2024.0}, 'weighted avg': {'precision': 0.9780707610658685, 'recall': 0.9777667984189723, 'f1-score': 0.9778373483120263, 'support': 2024.0}}","[[193   0   0   5   1   1]
 [  5 393   2   0   0   0]
 [  0   3 396   0   1   0]
 [  2   0   1 397   0   0]
 [  0   0   2   1 385  12]
 [  7   0   0   0   2 215]]",0.0007781982421875,0.026987552642822266
72,BoT_IoT,2,None,QuantileTransformer,LDA,0.9813651838402245,-1,-1,99.48945981554678,98.07142857142857,0.30632411067193677,98.1587011896088,98.11329937765395,-1,"{'0Normal': {'precision': 0.9695431472081218, 'recall': 0.955, 'f1-score': 0.9622166246851385, 'support': 200.0}, 'HTTP': {'precision': 0.9925373134328358, 'recall': 0.9975, 'f1-score': 0.9950124688279303, 'support': 400.0}, 'TCP': {'precision': 0.9974937343358395, 'recall': 0.995, 'f1-score': 0.9962453066332916, 'support': 400.0}, 'UDP': {'precision': 0.9900990099009901, 'recall': 1.0, 'f1-score': 0.9950248756218906, 'support': 400.0}, 'scan': {'precision': 0.9798488664987406, 'recall': 0.9725, 'f1-score': 0.9761606022584693, 'support': 400.0}, 'theft': {'precision': 0.96, 'recall': 0.9642857142857143, 'f1-score': 0.9621380846325167, 'support': 224.0}, 'accuracy': 0.9846837944664032, 'macro avg': {'precision': 0.981587011896088, 'recall': 0.9807142857142858, 'f1-score': 0.9811329937765394, 'support': 2024.0}, 'weighted avg': {'precision': 0.9846542485716338, 'recall': 0.9846837944664032, 'f1-score': 0.9846539314384111, 'support': 2024.0}}","[[191   1   0   3   4   1]
 [  1 399   0   0   0   0]
 [  0   2 398   0   0   0]
 [  0   0   0 400   0   0]
 [  1   0   1   1 389   8]
 [  4   0   0   0   4 216]]",0.027426481246948242,0.0007088184356689453
73,BoT_IoT,2,None,QuantileTransformer,MLP,0.9855875417683369,-1,-1,99.60474308300395,98.66964285714285,0.23715415019762848,98.44295119293639,98.55158451043047,-1,"{'0Normal': {'precision': 0.9514563106796117, 'recall': 0.98, 'f1-score': 0.9655172413793104, 'support': 200.0}, 'HTTP': {'precision': 0.9949367088607595, 'recall': 0.9825, 'f1-score': 0.9886792452830189, 'support': 400.0}, 'TCP': {'precision': 0.9900497512437811, 'recall': 0.995, 'f1-score': 0.9925187032418954, 'support': 400.0}, 'UDP': {'precision': 0.9975062344139651, 'recall': 1.0, 'f1-score': 0.9987515605493134, 'support': 400.0}, 'scan': {'precision': 0.9949494949494949, 'recall': 0.985, 'f1-score': 0.9899497487437187, 'support': 400.0}, 'theft': {'precision': 0.9776785714285714, 'recall': 0.9776785714285714, 'f1-score': 0.9776785714285714, 'support': 224.0}, 'accuracy': 0.9881422924901185, 'macro avg': {'precision': 0.9844295119293639, 'recall': 0.9866964285714285, 'f1-score': 0.9855158451043047, 'support': 2024.0}, 'weighted avg': {'precision': 0.9882747717011475, 'recall': 0.9881422924901185, 'f1-score': 0.9881734937762057, 'support': 2024.0}}","[[196   0   1   1   1   1]
 [  5 393   0   0   0   2]
 [  0   2 398   0   0   0]
 [  0   0   0 400   0   0]
 [  1   0   3   0 394   2]
 [  4   0   0   0   1 219]]",1.2322721481323242,0.0013823509216308594
74,BoT_IoT,2,None,QuantileTransformer,LGBM,0.9904095130939293,-1,-1,99.7364953886693,99.16071428571428,0.15810276679841898,98.88541232469126,99.01108997863916,-1,"{'0Normal': {'precision': 0.9476190476190476, 'recall': 0.995, 'f1-score': 0.9707317073170733, 'support': 200.0}, 'HTTP': {'precision': 1.0, 'recall': 0.985, 'f1-score': 0.9924433249370278, 'support': 400.0}, 'TCP': {'precision': 0.9925558312655087, 'recall': 1.0, 'f1-score': 0.9962640099626401, 'support': 400.0}, 'UDP': {'precision': 1.0, 'recall': 1.0, 'f1-score': 1.0, 'support': 400.0}, 'scan': {'precision': 0.9974747474747475, 'recall': 0.9875, 'f1-score': 0.992462311557789, 'support': 400.0}, 'theft': {'precision': 0.995475113122172, 'recall': 0.9821428571428571, 'f1-score': 0.9887640449438202, 'support': 224.0}, 'accuracy': 0.9920948616600791, 'macro avg': {'precision': 0.9888541232469126, 'recall': 0.9916071428571428, 'f1-score': 0.9901108997863917, 'support': 2024.0}, 'weighted avg': {'precision': 0.9923529972130822, 'recall': 0.9920948616600791, 'f1-score': 0.9921429575661131, 'support': 2024.0}}","[[199   0   0   0   1   0]
 [  6 394   0   0   0   0]
 [  0   0 400   0   0   0]
 [  0   0   0 400   0   0]
 [  1   0   3   0 395   1]
 [  4   0   0   0   0 220]]",1.8969924449920654,0.009345769882202148
75,BoT_IoT,2,None,QuantileTransformer,RF,0.9904016403070209,-1,-1,99.7364953886693,99.16071428571428,0.15810276679841898,98.952550271621,99.0467278141133,-1,"{'0Normal': {'precision': 0.9521531100478469, 'recall': 0.995, 'f1-score': 0.9731051344743276, 'support': 200.0}, 'HTTP': {'precision': 1.0, 'recall': 0.9875, 'f1-score': 0.9937106918238994, 'support': 400.0}, 'TCP': {'precision': 0.9925187032418953, 'recall': 0.995, 'f1-score': 0.9937578027465668, 'support': 400.0}, 'UDP': {'precision': 1.0, 'recall': 1.0, 'f1-score': 1.0, 'support': 400.0}, 'scan': {'precision': 0.9924812030075187, 'recall': 0.99, 'f1-score': 0.9912390488110137, 'support': 400.0}, 'theft': {'precision': 1.0, 'recall': 0.9821428571428571, 'f1-score': 0.9909909909909909, 'support': 224.0}, 'accuracy': 0.9920948616600791, 'macro avg': {'precision': 0.9895255027162101, 'recall': 0.9916071428571428, 'f1-score': 0.990467278141133, 'support': 2024.0}, 'weighted avg': {'precision': 0.9923076010421615, 'recall': 0.9920948616600791, 'f1-score': 0.9921373647378653, 'support': 2024.0}}","[[199   0   0   0   1   0]
 [  5 395   0   0   0   0]
 [  0   0 398   0   2   0]
 [  0   0   0 400   0   0]
 [  1   0   3   0 396   0]
 [  4   0   0   0   0 220]]",1.026015281677246,0.011663675308227539
76,BoT_IoT,2,None,QuantileTransformer,NuSVC,0.9162772345793966,-1,-1,97.67786561264822,93.40773809523809,1.3932806324110671,92.1262235614234,92.49196529689213,-1,"{'0Normal': {'precision': 0.7628458498023716, 'recall': 0.965, 'f1-score': 0.8520971302428256, 'support': 200.0}, 'HTTP': {'precision': 0.9290953545232273, 'recall': 0.95, 'f1-score': 0.9394313967861557, 'support': 400.0}, 'TCP': {'precision': 0.9223057644110275, 'recall': 0.92, 'f1-score': 0.9211514392991239, 'support': 400.0}, 'UDP': {'precision': 0.9947780678851175, 'recall': 0.9525, 'f1-score': 0.9731800766283525, 'support': 400.0}, 'scan': {'precision': 0.9971509971509972, 'recall': 0.875, 'f1-score': 0.9320905459387483, 'support': 400.0}, 'theft': {'precision': 0.9213973799126638, 'recall': 0.9419642857142857, 'f1-score': 0.9315673289183223, 'support': 224.0}, 'accuracy': 0.9303359683794467, 'macro avg': {'precision': 0.921262235614234, 'recall': 0.9340773809523809, 'f1-score': 0.9249196529689213, 'support': 2024.0}, 'weighted avg': {'precision': 0.9369042770005233, 'recall': 0.9303359683794467, 'f1-score': 0.9315374956458605, 'support': 2024.0}}","[[193   4   1   2   0   0]
 [  2 380  14   0   0   4]
 [ 29   2 368   0   1   0]
 [ 13   0   6 381   0   0]
 [ 12  19   5   0 350  14]
 [  4   4   5   0   0 211]]",0.34859275817871094,0.31603121757507324
77,BoT_IoT,2,None,QuantileTransformer,SGD,0.9766501919312772,-1,-1,99.35770750988142,98.07738095238095,0.38537549407114624,97.44212614243915,97.72620691681725,-1,"{'0Normal': {'precision': 0.8990825688073395, 'recall': 0.98, 'f1-score': 0.937799043062201, 'support': 200.0}, 'HTTP': {'precision': 0.9899244332493703, 'recall': 0.9825, 'f1-score': 0.986198243412798, 'support': 400.0}, 'TCP': {'precision': 0.99, 'recall': 0.99, 'f1-score': 0.99, 'support': 400.0}, 'UDP': {'precision': 0.9974747474747475, 'recall': 0.9875, 'f1-score': 0.992462311557789, 'support': 400.0}, 'scan': {'precision': 0.9922680412371134, 'recall': 0.9625, 'f1-score': 0.9771573604060914, 'support': 400.0}, 'theft': {'precision': 0.9777777777777777, 'recall': 0.9821428571428571, 'f1-score': 0.9799554565701558, 'support': 224.0}, 'accuracy': 0.9807312252964426, 'macro avg': {'precision': 0.9744212614243914, 'recall': 0.9807738095238094, 'f1-score': 0.9772620691681725, 'support': 2024.0}, 'weighted avg': {'precision': 0.9815739252807226, 'recall': 0.9807312252964426, 'f1-score': 0.9809273700764952, 'support': 2024.0}}","[[196   0   0   1   3   0]
 [  6 393   1   0   0   0]
 [  1   3 396   0   0   0]
 [  5   0   0 395   0   0]
 [  6   1   3   0 385   5]
 [  4   0   0   0   0 220]]",0.11058473587036133,0.0006914138793945312
78,BoT_IoT,2,sigmoid,QuantileTransformer,HHHv2,0.5889290106141147,-1,-1,88.47167325428195,63.95608921087222,6.91699604743083,65.89285714285714,63.0915624671665,-1,"{'0Normal': {'precision': 0.525, 'recall': 0.481651376146789, 'f1-score': 0.5023923444976077, 'support': 218.0}, 'HTTP': {'precision': 0.9025, 'recall': 0.7307692307692307, 'f1-score': 0.8076062639821029, 'support': 494.0}, 'TCP': {'precision': 0.7225, 'recall': 0.6980676328502415, 'f1-score': 0.71007371007371, 'support': 414.0}, 'UDP': {'precision': 0.3425, 'recall': 0.6748768472906403, 'f1-score': 0.4543946932006634, 'support': 203.0}, 'scan': {'precision': 0.595, 'recall': 0.7190332326283988, 'f1-score': 0.6511627906976744, 'support': 331.0}, 'theft': {'precision': 0.8660714285714286, 'recall': 0.532967032967033, 'f1-score': 0.6598639455782312, 'support': 364.0}, 'accuracy': 0.6541501976284585, 'macro avg': {'precision': 0.6589285714285714, 'recall': 0.6395608921087222, 'f1-score': 0.630915624671665, 'support': 2024.0}, 'weighted avg': {'precision': 0.7120170454545455, 'recall': 0.6541501976284585, 'f1-score': 0.6672020870105209, 'support': 2024.0}}","[[105   7  19  70  11   6]
 [ 39 361  32  44  11   7]
 [ 28  18 289  65  11   3]
 [ 11   4  19 137  27   5]
 [ 10   3  26  45 238   9]
 [  7   7  15  39 102 194]]",35.0318169593811,0.2974989414215088
79,BoT_IoT,0,None,QuantileTransformer,KNN,0.7010490661889195,-1,-1,91.6501976284585,71.70238095238095,5.009881422924901,70.31322665369203,69.06586195810046,-1,"{'0Normal': {'precision': 0.3875, 'recall': 0.155, 'f1-score': 0.22142857142857142, 'support': 200.0}, 'HTTP': {'precision': 0.9701897018970189, 'recall': 0.895, 'f1-score': 0.9310793237971392, 'support': 400.0}, 'TCP': {'precision': 0.7292817679558011, 'recall': 0.66, 'f1-score': 0.6929133858267718, 'support': 400.0}, 'UDP': {'precision': 0.8527315914489311, 'recall': 0.8975, 'f1-score': 0.8745432399512788, 'support': 400.0}, 'scan': {'precision': 0.7345360824742269, 'recall': 0.7125, 'f1-score': 0.7233502538071067, 'support': 400.0}, 'theft': {'precision': 0.5445544554455446, 'recall': 0.9821428571428571, 'f1-score': 0.7006369426751592, 'support': 224.0}, 'accuracy': 0.7495059288537549, 'macro avg': {'precision': 0.7031322665369203, 'recall': 0.7170238095238095, 'f1-score': 0.6906586195810046, 'support': 2024.0}, 'weighted avg': {'precision': 0.748110600558396, 'recall': 0.7495059288537549, 'f1-score': 0.7361575448606069, 'support': 2024.0}}","[[ 31   5  57   8  11  88]
 [  1 358   0   0  41   0]
 [ 28   5 264  53  50   0]
 [  9   0  32 359   0   0]
 [  9   0   9   1 285  96]
 [  2   1   0   0   1 220]]",0.0002758502960205078,0.0447382926940918
80,BoT_IoT,0,None,QuantileTransformer,LDA,0.8494750823251518,-1,-1,95.800395256917,84.33928571428572,2.5197628458498023,87.92912052085676,85.29477447140108,-1,"{'0Normal': {'precision': 0.7660818713450293, 'recall': 0.655, 'f1-score': 0.7061994609164421, 'support': 200.0}, 'HTTP': {'precision': 0.9720812182741116, 'recall': 0.9575, 'f1-score': 0.964735516372796, 'support': 400.0}, 'TCP': {'precision': 0.9810126582278481, 'recall': 0.775, 'f1-score': 0.8659217877094972, 'support': 400.0}, 'UDP': {'precision': 0.8658008658008658, 'recall': 1.0, 'f1-score': 0.9280742459396751, 'support': 400.0}, 'scan': {'precision': 0.755859375, 'recall': 0.9675, 'f1-score': 0.8486842105263158, 'support': 400.0}, 'theft': {'precision': 0.9349112426035503, 'recall': 0.7053571428571429, 'f1-score': 0.8040712468193385, 'support': 224.0}, 'accuracy': 0.8740118577075099, 'macro avg': {'precision': 0.8792912052085676, 'recall': 0.8433928571428573, 'f1-score': 0.8529477447140108, 'support': 2024.0}, 'weighted avg': {'precision': 0.885641373287219, 'recall': 0.8740118577075099, 'f1-score': 0.8716986935227934, 'support': 2024.0}}","[[131   0   1  62   4   2]
 [  5 383   0   0   8   4]
 [ 29  11 310   0  50   0]
 [  0   0   0 400   0   0]
 [  3   0   5   0 387   5]
 [  3   0   0   0  63 158]]",0.0010404586791992188,0.00043201446533203125
81,BoT_IoT,0,None,QuantileTransformer,MLP,0.9759734148593173,-1,-1,99.34123847167325,97.93452380952381,0.3952569169960474,97.82487490591497,97.8750664234341,-1,"{'0Normal': {'precision': 0.964824120603015, 'recall': 0.96, 'f1-score': 0.9624060150375939, 'support': 200.0}, 'HTTP': {'precision': 0.9850374064837906, 'recall': 0.9875, 'f1-score': 0.9862671660424469, 'support': 400.0}, 'TCP': {'precision': 0.9923273657289002, 'recall': 0.97, 'f1-score': 0.9810366624525917, 'support': 400.0}, 'UDP': {'precision': 0.995, 'recall': 0.995, 'f1-score': 0.995, 'support': 400.0}, 'scan': {'precision': 0.9628712871287128, 'recall': 0.9725, 'f1-score': 0.9676616915422886, 'support': 400.0}, 'theft': {'precision': 0.9694323144104804, 'recall': 0.9910714285714286, 'f1-score': 0.9801324503311258, 'support': 224.0}, 'accuracy': 0.9802371541501976, 'macro avg': {'precision': 0.9782487490591497, 'recall': 0.9793452380952381, 'f1-score': 0.9787506642343411, 'support': 2024.0}, 'weighted avg': {'precision': 0.9803419398641858, 'recall': 0.9802371541501976, 'f1-score': 0.9802455928342994, 'support': 2024.0}}","[[192   2   0   1   3   2]
 [  1 395   0   0   4   0]
 [  0   4 388   0   8   0]
 [  2   0   0 398   0   0]
 [  2   0   3   1 389   5]
 [  2   0   0   0   0 222]]",0.06046032905578613,0.0006086826324462891
82,BoT_IoT,0,None,QuantileTransformer,LGBM,0.9765624161984331,-1,-1,99.35770750988142,97.47619047619048,0.38537549407114624,97.82055335548637,97.64098935859437,-1,"{'0Normal': {'precision': 0.9695431472081218, 'recall': 0.955, 'f1-score': 0.9622166246851385, 'support': 200.0}, 'HTTP': {'precision': 0.9949874686716792, 'recall': 0.9925, 'f1-score': 0.9937421777221527, 'support': 400.0}, 'TCP': {'precision': 0.9925187032418953, 'recall': 0.995, 'f1-score': 0.9937578027465668, 'support': 400.0}, 'UDP': {'precision': 1.0, 'recall': 1.0, 'f1-score': 1.0, 'support': 400.0}, 'scan': {'precision': 0.9536585365853658, 'recall': 0.9775, 'f1-score': 0.9654320987654321, 'support': 400.0}, 'theft': {'precision': 0.9585253456221198, 'recall': 0.9285714285714286, 'f1-score': 0.9433106575963719, 'support': 224.0}, 'accuracy': 0.9807312252964426, 'macro avg': {'precision': 0.9782055335548637, 'recall': 0.9747619047619048, 'f1-score': 0.9764098935859437, 'support': 2024.0}, 'weighted avg': {'precision': 0.980772821274978, 'recall': 0.9807312252964426, 'f1-score': 0.9806905849467764, 'support': 2024.0}}","[[191   1   0   0   5   3]
 [  1 397   0   0   0   2]
 [  0   1 398   0   1   0]
 [  0   0   0 400   0   0]
 [  2   0   3   0 391   4]
 [  3   0   0   0  13 208]]",0.14336895942687988,0.006004810333251953
83,BoT_IoT,0,None,QuantileTransformer,RF,0.9879796002929209,-1,-1,99.67061923583663,98.72619047619048,0.1976284584980237,98.79125559694486,98.75607298364069,-1,"{'0Normal': {'precision': 0.9744897959183674, 'recall': 0.955, 'f1-score': 0.9646464646464646, 'support': 200.0}, 'HTTP': {'precision': 1.0, 'recall': 0.9975, 'f1-score': 0.9987484355444306, 'support': 400.0}, 'TCP': {'precision': 0.9925558312655087, 'recall': 1.0, 'f1-score': 0.9962640099626401, 'support': 400.0}, 'UDP': {'precision': 1.0, 'recall': 1.0, 'f1-score': 1.0, 'support': 400.0}, 'scan': {'precision': 0.9824561403508771, 'recall': 0.98, 'f1-score': 0.981226533166458, 'support': 400.0}, 'theft': {'precision': 0.9779735682819384, 'recall': 0.9910714285714286, 'f1-score': 0.9844789356984479, 'support': 224.0}, 'accuracy': 0.9901185770750988, 'macro avg': {'precision': 0.9879125559694487, 'recall': 0.9872619047619048, 'f1-score': 0.987560729836407, 'support': 2024.0}, 'weighted avg': {'precision': 0.9901031754572046, 'recall': 0.9901185770750988, 'f1-score': 0.9900929673889114, 'support': 2024.0}}","[[191   0   0   0   7   2]
 [  1 399   0   0   0   0]
 [  0   0 400   0   0   0]
 [  0   0   0 400   0   0]
 [  2   0   3   0 392   3]
 [  2   0   0   0   0 222]]",0.05515241622924805,0.00882267951965332
84,BoT_IoT,0,None,QuantileTransformer,NuSVC,0.9481436130840385,-1,-1,98.56719367588933,95.80357142857143,0.8596837944664032,95.56991128177063,95.60259104044526,-1,"{'0Normal': {'precision': 0.9009433962264151, 'recall': 0.955, 'f1-score': 0.9271844660194173, 'support': 200.0}, 'HTTP': {'precision': 0.9875930521091811, 'recall': 0.995, 'f1-score': 0.991282689912827, 'support': 400.0}, 'TCP': {'precision': 0.9888579387186629, 'recall': 0.8875, 'f1-score': 0.9354413702239789, 'support': 400.0}, 'UDP': {'precision': 0.9923857868020305, 'recall': 0.9775, 'f1-score': 0.9848866498740554, 'support': 400.0}, 'scan': {'precision': 0.8868360277136259, 'recall': 0.96, 'f1-score': 0.921968787515006, 'support': 400.0}, 'theft': {'precision': 0.9775784753363229, 'recall': 0.9732142857142857, 'f1-score': 0.9753914988814317, 'support': 224.0}, 'accuracy': 0.9570158102766798, 'macro avg': {'precision': 0.9556991128177064, 'recall': 0.9580357142857143, 'f1-score': 0.9560259104044526, 'support': 2024.0}, 'weighted avg': {'precision': 0.9592072034871637, 'recall': 0.9570158102766798, 'f1-score': 0.9571918912863987, 'support': 2024.0}}","[[191   1   0   3   4   1]
 [  1 398   0   0   1   0]
 [  0   3 355   0  42   0]
 [  9   0   0 391   0   0]
 [  8   0   4   0 384   4]
 [  3   1   0   0   2 218]]",0.0011491775512695312,0.006628990173339844
85,BoT_IoT,0,None,QuantileTransformer,SGD,0.8320091081712948,-1,-1,95.20750988142292,84.46428571428571,2.875494071146245,86.2231200978484,83.40397439553014,-1,"{'0Normal': {'precision': 0.5052631578947369, 'recall': 0.96, 'f1-score': 0.6620689655172414, 'support': 200.0}, 'HTTP': {'precision': 0.9436274509803921, 'recall': 0.9625, 'f1-score': 0.9529702970297029, 'support': 400.0}, 'TCP': {'precision': 0.9841772151898734, 'recall': 0.7775, 'f1-score': 0.8687150837988826, 'support': 400.0}, 'UDP': {'precision': 0.9972067039106145, 'recall': 0.8925, 'f1-score': 0.941952506596306, 'support': 400.0}, 'scan': {'precision': 0.8647342995169082, 'recall': 0.895, 'f1-score': 0.8796068796068797, 'support': 400.0}, 'theft': {'precision': 0.8783783783783784, 'recall': 0.5803571428571429, 'f1-score': 0.6989247311827956, 'support': 224.0}, 'accuracy': 0.8562252964426877, 'macro avg': {'precision': 0.8622312009784839, 'recall': 0.8446428571428571, 'f1-score': 0.8340397439553014, 'support': 2024.0}, 'weighted avg': {'precision': 0.896100620639733, 'recall': 0.8562252964426877, 'f1-score': 0.8627820354254461, 'support': 2024.0}}","[[192   1   0   1   1   5]
 [ 12 385   1   0   0   2]
 [ 30   4 311   0  55   0]
 [ 43   0   0 357   0   0]
 [ 14  13   4   0 358  11]
 [ 89   5   0   0   0 130]]",0.001565694808959961,0.0004448890686035156
86,BoT_IoT,0,None,QuantileTransformer,HHHv2,0.8281569427492446,-1,-1,95.24044795783925,84.95767027153101,2.855731225296443,81.86607142857142,82.64918751795932,-1,"{'0Normal': {'precision': 0.65, 'recall': 0.7428571428571429, 'f1-score': 0.6933333333333334, 'support': 175.0}, 'HTTP': {'precision': 0.9625, 'recall': 0.9673366834170855, 'f1-score': 0.9649122807017544, 'support': 398.0}, 'TCP': {'precision': 0.8225, 'recall': 0.982089552238806, 'f1-score': 0.8952380952380953, 'support': 335.0}, 'UDP': {'precision': 0.9975, 'recall': 0.854389721627409, 'f1-score': 0.9204152249134949, 'support': 467.0}, 'scan': {'precision': 0.9125, 'recall': 0.741869918699187, 'f1-score': 0.8183856502242152, 'support': 492.0}, 'theft': {'precision': 0.5669642857142857, 'recall': 0.8089171974522293, 'f1-score': 0.6666666666666667, 'support': 157.0}, 'accuracy': 0.8572134387351779, 'macro avg': {'precision': 0.8186607142857142, 'recall': 0.8495767027153102, 'f1-score': 0.8264918751795932, 'support': 2024.0}, 'weighted avg': {'precision': 0.877548613071711, 'recall': 0.8572134387351779, 'f1-score': 0.8608791993917866, 'support': 2024.0}}","[[130  11  29   0   1   4]
 [  1 385  11   0   0   1]
 [  0   1 329   0   4   1]
 [ 65   0   0 399   3   0]
 [  2   2  31   1 365  91]
 [  2   1   0   0  27 127]]",0.002498626708984375,0.005626201629638672
87,BoT_IoT,0,None,QuantileTransformer,KNN,0.979564502952834,-1,-1,99.44005270092227,97.83035714285715,0.3359683794466403,98.14874634653293,97.98401823063134,-1,"{'0Normal': {'precision': 0.9642857142857143, 'recall': 0.945, 'f1-score': 0.9545454545454546, 'support': 200.0}, 'HTTP': {'precision': 0.9875621890547264, 'recall': 0.9925, 'f1-score': 0.9900249376558605, 'support': 400.0}, 'TCP': {'precision': 0.9900249376558603, 'recall': 0.9925, 'f1-score': 0.9912609238451936, 'support': 400.0}, 'UDP': {'precision': 0.9803921568627451, 'recall': 1.0, 'f1-score': 0.99009900990099, 'support': 400.0}, 'scan': {'precision': 0.9849246231155779, 'recall': 0.98, 'f1-score': 0.9824561403508771, 'support': 400.0}, 'theft': {'precision': 0.9817351598173516, 'recall': 0.9598214285714286, 'f1-score': 0.9706546275395034, 'support': 224.0}, 'accuracy': 0.983201581027668, 'macro avg': {'precision': 0.9814874634653293, 'recall': 0.9783035714285715, 'f1-score': 0.9798401823063133, 'support': 2024.0}, 'weighted avg': {'precision': 0.9831657022390283, 'recall': 0.983201581027668, 'f1-score': 0.983138405226832, 'support': 2024.0}}","[[189   2   0   5   3   1]
 [  1 397   2   0   0   0]
 [  0   3 397   0   0   0]
 [  0   0   0 400   0   0]
 [  0   0   2   3 392   3]
 [  6   0   0   0   3 215]]",0.0004954338073730469,0.013831377029418945
88,BoT_IoT,0,None,QuantileTransformer,LDA,0.841135726931987,-1,-1,95.56982872200264,81.16071428571429,2.658102766798419,86.56020599499003,81.98503976490899,-1,"{'0Normal': {'precision': 0.896551724137931, 'recall': 0.65, 'f1-score': 0.7536231884057972, 'support': 200.0}, 'HTTP': {'precision': 0.9745547073791349, 'recall': 0.9575, 'f1-score': 0.9659520807061791, 'support': 400.0}, 'TCP': {'precision': 0.9730392156862745, 'recall': 0.9925, 'f1-score': 0.9826732673267328, 'support': 400.0}, 'UDP': {'precision': 0.868995633187773, 'recall': 0.995, 'f1-score': 0.9277389277389279, 'support': 400.0}, 'scan': {'precision': 0.7112403100775194, 'recall': 0.9175, 'f1-score': 0.8013100436681223, 'support': 400.0}, 'theft': {'precision': 0.7692307692307693, 'recall': 0.35714285714285715, 'f1-score': 0.48780487804878053, 'support': 224.0}, 'accuracy': 0.8670948616600791, 'macro avg': {'precision': 0.8656020599499002, 'recall': 0.8116071428571429, 'f1-score': 0.81985039764909, 'support': 2024.0}, 'weighted avg': {'precision': 0.8709239049740906, 'recall': 0.8670948616600791, 'f1-score': 0.8552681117292842, 'support': 2024.0}}","[[130   3   1  57   8   1]
 [ 11 383   1   0   1   4]
 [  0   2 397   0   1   0]
 [  0   0   2 398   0   0]
 [  0   4   7   3 367  19]
 [  4   1   0   0 139  80]]",0.004297971725463867,0.00018262863159179688
89,BoT_IoT,0,None,QuantileTransformer,MLP,0.9897957783006202,-1,-1,99.72002635046113,99.08630952380952,0.16798418972332016,98.91263188645034,98.99291111274243,-1,"{'0Normal': {'precision': 0.961352657004831, 'recall': 0.995, 'f1-score': 0.977886977886978, 'support': 200.0}, 'HTTP': {'precision': 0.9950124688279302, 'recall': 0.9975, 'f1-score': 0.9962546816479401, 'support': 400.0}, 'TCP': {'precision': 0.9925187032418953, 'recall': 0.995, 'f1-score': 0.9937578027465668, 'support': 400.0}, 'UDP': {'precision': 1.0, 'recall': 1.0, 'f1-score': 1.0, 'support': 400.0}, 'scan': {'precision': 0.9949238578680203, 'recall': 0.98, 'f1-score': 0.9874055415617129, 'support': 400.0}, 'theft': {'precision': 0.9909502262443439, 'recall': 0.9776785714285714, 'f1-score': 0.9842696629213483, 'support': 224.0}, 'accuracy': 0.991600790513834, 'macro avg': {'precision': 0.9891263188645034, 'recall': 0.9908630952380952, 'f1-score': 0.9899291111274243, 'support': 2024.0}, 'weighted avg': {'precision': 0.9917121512128645, 'recall': 0.991600790513834, 'f1-score': 0.9916111711730561, 'support': 2024.0}}","[[199   0   0   0   1   0]
 [  1 399   0   0   0   0]
 [  0   2 398   0   0   0]
 [  0   0   0 400   0   0]
 [  3   0   3   0 392   2]
 [  4   0   0   0   1 219]]",1.8368558883666992,0.0006530284881591797
90,BoT_IoT,0,None,QuantileTransformer,LGBM,0.9951993681377179,-1,-1,99.86824769433466,99.52678571428572,0.07905138339920949,99.39209419816154,99.45483123549378,-1,"{'0Normal': {'precision': 0.9660194174757282, 'recall': 0.995, 'f1-score': 0.9802955665024631, 'support': 200.0}, 'HTTP': {'precision': 1.0, 'recall': 0.9975, 'f1-score': 0.9987484355444306, 'support': 400.0}, 'TCP': {'precision': 0.9975062344139651, 'recall': 1.0, 'f1-score': 0.9987515605493134, 'support': 400.0}, 'UDP': {'precision': 1.0, 'recall': 1.0, 'f1-score': 1.0, 'support': 400.0}, 'scan': {'precision': 1.0, 'recall': 0.9925, 'f1-score': 0.9962358845671266, 'support': 400.0}, 'theft': {'precision': 1.0, 'recall': 0.9866071428571429, 'f1-score': 0.9932584269662922, 'support': 224.0}, 'accuracy': 0.9960474308300395, 'macro avg': {'precision': 0.9939209419816155, 'recall': 0.9952678571428573, 'f1-score': 0.9945483123549378, 'support': 2024.0}, 'weighted avg': {'precision': 0.9961493958798081, 'recall': 0.9960474308300395, 'f1-score': 0.9960688503978706, 'support': 2024.0}}","[[199   0   1   0   0   0]
 [  1 399   0   0   0   0]
 [  0   0 400   0   0   0]
 [  0   0   0 400   0   0]
 [  3   0   0   0 397   0]
 [  3   0   0   0   0 221]]",0.7251136302947998,0.007702350616455078
91,BoT_IoT,0,None,QuantileTransformer,RF,0.989796555417562,-1,-1,99.72002635046113,98.98809523809526,0.16798418972332016,98.94541044314722,98.95735113328516,-1,"{'0Normal': {'precision': 0.961352657004831, 'recall': 0.995, 'f1-score': 0.977886977886978, 'support': 200.0}, 'HTTP': {'precision': 0.9975, 'recall': 0.9975, 'f1-score': 0.9975, 'support': 400.0}, 'TCP': {'precision': 0.9925558312655087, 'recall': 1.0, 'f1-score': 0.9962640099626401, 'support': 400.0}, 'UDP': {'precision': 1.0, 'recall': 1.0, 'f1-score': 1.0, 'support': 400.0}, 'scan': {'precision': 0.9899244332493703, 'recall': 0.9825, 'f1-score': 0.986198243412798, 'support': 400.0}, 'theft': {'precision': 0.9953917050691244, 'recall': 0.9642857142857143, 'f1-score': 0.979591836734694, 'support': 224.0}, 'accuracy': 0.991600790513834, 'macro avg': {'precision': 0.9894541044314723, 'recall': 0.9898809523809525, 'f1-score': 0.9895735113328517, 'support': 2024.0}, 'weighted avg': {'precision': 0.9917146142007913, 'recall': 0.991600790513834, 'f1-score': 0.9915962788320862, 'support': 2024.0}}","[[199   0   0   0   1   0]
 [  1 399   0   0   0   0]
 [  0   0 400   0   0   0]
 [  0   0   0 400   0   0]
 [  2   1   3   0 393   1]
 [  5   0   0   0   3 216]]",0.44855451583862305,0.009468317031860352
92,BoT_IoT,0,None,QuantileTransformer,NuSVC,0.897285129833909,-1,-1,97.167325428195,89.34226190476191,1.699604743083004,91.58243101645772,90.08095553297714,-1,"{'0Normal': {'precision': 0.8533333333333334, 'recall': 0.64, 'f1-score': 0.7314285714285714, 'support': 200.0}, 'HTTP': {'precision': 0.9282178217821783, 'recall': 0.9375, 'f1-score': 0.9328358208955223, 'support': 400.0}, 'TCP': {'precision': 0.8956916099773242, 'recall': 0.9875, 'f1-score': 0.9393579072532698, 'support': 400.0}, 'UDP': {'precision': 0.8574610244988864, 'recall': 0.9625, 'f1-score': 0.9069493521790342, 'support': 400.0}, 'scan': {'precision': 0.9836065573770492, 'recall': 0.9, 'f1-score': 0.9399477806788511, 'support': 400.0}, 'theft': {'precision': 0.9766355140186916, 'recall': 0.9330357142857143, 'f1-score': 0.9543378995433791, 'support': 224.0}, 'accuracy': 0.9150197628458498, 'macro avg': {'precision': 0.9158243101645772, 'recall': 0.8934226190476191, 'f1-score': 0.9008095553297714, 'support': 2024.0}, 'weighted avg': {'precision': 0.9167113771052514, 'recall': 0.9150197628458498, 'f1-score': 0.9128921680761375, 'support': 2024.0}}","[[128   4   4  64   0   0]
 [  2 375  19   0   0   4]
 [  0   2 395   0   3   0]
 [  9   0   6 385   0   0]
 [  5  19  15   0 360   1]
 [  6   4   2   0   3 209]]",0.4293942451477051,0.1577918529510498
93,BoT_IoT,0,None,QuantileTransformer,SGD,0.9711816892768362,-1,-1,99.2094861660079,97.42261904761905,0.47430830039525695,97.29532756189519,97.34521347890764,-1,"{'0Normal': {'precision': 0.9282296650717703, 'recall': 0.97, 'f1-score': 0.9486552567237163, 'support': 200.0}, 'HTTP': {'precision': 0.9923664122137404, 'recall': 0.975, 'f1-score': 0.9836065573770492, 'support': 400.0}, 'TCP': {'precision': 0.9656862745098039, 'recall': 0.985, 'f1-score': 0.9752475247524752, 'support': 400.0}, 'UDP': {'precision': 0.9974937343358395, 'recall': 0.995, 'f1-score': 0.9962453066332916, 'support': 400.0}, 'scan': {'precision': 0.9722921914357683, 'recall': 0.965, 'f1-score': 0.9686323713927226, 'support': 400.0}, 'theft': {'precision': 0.981651376146789, 'recall': 0.9553571428571429, 'f1-score': 0.9683257918552036, 'support': 224.0}, 'accuracy': 0.9762845849802372, 'macro avg': {'precision': 0.972953275618952, 'recall': 0.9742261904761905, 'f1-score': 0.9734521347890764, 'support': 2024.0}, 'weighted avg': {'precision': 0.9766162481567666, 'recall': 0.9762845849802372, 'f1-score': 0.9763481881336582, 'support': 2024.0}}","[[194   1   1   1   3   0]
 [  6 390   2   0   1   1]
 [  1   2 394   0   3   0]
 [  2   0   0 398   0   0]
 [  2   0   9   0 386   3]
 [  4   0   2   0   4 214]]",0.05482625961303711,0.0004062652587890625
94,BoT_IoT,0,rbf,QuantileTransformer,HHHv2,0.9843816978507736,-1,-1,99.57180500658761,98.41989682312283,0.25691699604743085,98.45535714285715,98.4306585552853,-1,"{'0Normal': {'precision': 0.98, 'recall': 0.9514563106796117, 'f1-score': 0.9655172413793104, 'support': 206.0}, 'HTTP': {'precision': 0.9925, 'recall': 0.9875621890547264, 'f1-score': 0.9900249376558605, 'support': 402.0}, 'TCP': {'precision': 0.9925, 'recall': 0.9949874686716792, 'f1-score': 0.9937421777221527, 'support': 399.0}, 'UDP': {'precision': 1.0, 'recall': 0.9950248756218906, 'f1-score': 0.9975062344139651, 'support': 402.0}, 'scan': {'precision': 0.9825, 'recall': 0.9899244332493703, 'f1-score': 0.986198243412798, 'support': 397.0}, 'theft': {'precision': 0.9598214285714286, 'recall': 0.9862385321100917, 'f1-score': 0.9728506787330317, 'support': 218.0}, 'accuracy': 0.9871541501976284, 'macro avg': {'precision': 0.9845535714285716, 'recall': 0.9841989682312283, 'f1-score': 0.9843065855528531, 'support': 2024.0}, 'weighted avg': {'precision': 0.9872362012987013, 'recall': 0.9871541501976284, 'f1-score': 0.9871488944693817, 'support': 2024.0}}","[[196   3   0   0   1   6]
 [  1 397   3   0   1   0]
 [  1   0 397   0   1   0]
 [  1   0   0 400   1   0]
 [  1   0   0   0 393   3]
 [  0   0   0   0   3 215]]",185.00502705574036,0.1095573902130127
95,BoT_IoT,0,None,QuantileTransformer,KNN,0.9747573254656947,-1,-1,99.30830039525692,97.5059523809524,0.41501976284584985,97.48865778380545,97.49462825705577,-1,"{'0Normal': {'precision': 0.9359605911330049, 'recall': 0.95, 'f1-score': 0.9429280397022333, 'support': 200.0}, 'HTTP': {'precision': 0.9900249376558603, 'recall': 0.9925, 'f1-score': 0.9912609238451936, 'support': 400.0}, 'TCP': {'precision': 0.99, 'recall': 0.99, 'f1-score': 0.99, 'support': 400.0}, 'UDP': {'precision': 0.9801980198019802, 'recall': 0.99, 'f1-score': 0.9850746268656716, 'support': 400.0}, 'scan': {'precision': 0.9848101265822785, 'recall': 0.9725, 'f1-score': 0.9786163522012579, 'support': 400.0}, 'theft': {'precision': 0.9683257918552036, 'recall': 0.9553571428571429, 'f1-score': 0.9617977528089888, 'support': 224.0}, 'accuracy': 0.9792490118577075, 'macro avg': {'precision': 0.9748865778380545, 'recall': 0.975059523809524, 'f1-score': 0.9749462825705576, 'support': 2024.0}, 'weighted avg': {'precision': 0.9793035223410149, 'recall': 0.9792490118577075, 'f1-score': 0.9792534909755481, 'support': 2024.0}}","[[190   1   0   5   3   1]
 [  1 397   2   0   0   0]
 [  0   3 396   0   1   0]
 [  4   0   0 396   0   0]
 [  0   0   2   3 389   6]
 [  8   0   0   0   2 214]]",0.0004699230194091797,0.009030818939208984
96,BoT_IoT,0,None,QuantileTransformer,LDA,0.8642587030823338,-1,-1,96.22859025032938,84.0922619047619,2.2628458498023716,88.52815971135911,85.10088288788538,-1,"{'0Normal': {'precision': 0.8395061728395061, 'recall': 0.68, 'f1-score': 0.7513812154696133, 'support': 200.0}, 'HTTP': {'precision': 0.9796954314720813, 'recall': 0.965, 'f1-score': 0.9722921914357683, 'support': 400.0}, 'TCP': {'precision': 0.9846153846153847, 'recall': 0.96, 'f1-score': 0.9721518987341772, 'support': 400.0}, 'UDP': {'precision': 0.8676789587852495, 'recall': 1.0, 'f1-score': 0.9291521486643437, 'support': 400.0}, 'scan': {'precision': 0.7730061349693251, 'recall': 0.945, 'f1-score': 0.8503937007874016, 'support': 400.0}, 'theft': {'precision': 0.8671875, 'recall': 0.4955357142857143, 'f1-score': 0.6306818181818181, 'support': 224.0}, 'accuracy': 0.8868577075098815, 'macro avg': {'precision': 0.8852815971135911, 'recall': 0.840922619047619, 'f1-score': 0.8510088288788538, 'support': 2024.0}, 'weighted avg': {'precision': 0.8913782601307891, 'recall': 0.8868577075098815, 'f1-score': 0.8800123252052007, 'support': 2024.0}}","[[136   2   1  58   2   1]
 [ 10 386   1   0   0   3]
 [ 12   3 384   0   1   0]
 [  0   0   0 400   0   0]
 [  0   2   4   3 378  13]
 [  4   1   0   0 108 111]]",0.0029447078704833984,0.0001857280731201172
97,BoT_IoT,0,None,QuantileTransformer,MLP,0.9897957783006202,-1,-1,99.72002635046113,99.08630952380952,0.16798418972332016,98.91263188645034,98.99291111274243,-1,"{'0Normal': {'precision': 0.961352657004831, 'recall': 0.995, 'f1-score': 0.977886977886978, 'support': 200.0}, 'HTTP': {'precision': 0.9950124688279302, 'recall': 0.9975, 'f1-score': 0.9962546816479401, 'support': 400.0}, 'TCP': {'precision': 0.9925187032418953, 'recall': 0.995, 'f1-score': 0.9937578027465668, 'support': 400.0}, 'UDP': {'precision': 1.0, 'recall': 1.0, 'f1-score': 1.0, 'support': 400.0}, 'scan': {'precision': 0.9949238578680203, 'recall': 0.98, 'f1-score': 0.9874055415617129, 'support': 400.0}, 'theft': {'precision': 0.9909502262443439, 'recall': 0.9776785714285714, 'f1-score': 0.9842696629213483, 'support': 224.0}, 'accuracy': 0.991600790513834, 'macro avg': {'precision': 0.9891263188645034, 'recall': 0.9908630952380952, 'f1-score': 0.9899291111274243, 'support': 2024.0}, 'weighted avg': {'precision': 0.9917121512128645, 'recall': 0.991600790513834, 'f1-score': 0.9916111711730561, 'support': 2024.0}}","[[199   0   0   0   1   0]
 [  1 399   0   0   0   0]
 [  0   2 398   0   0   0]
 [  0   0   0 400   0   0]
 [  3   0   3   0 392   2]
 [  4   0   0   0   1 219]]",1.4789130687713623,0.0007596015930175781
98,BoT_IoT,0,None,QuantileTransformer,LGBM,0.9939986024133171,-1,-1,99.83530961791831,99.4434523809524,0.09881422924901186,99.30865067620611,99.37118291641566,-1,"{'0Normal': {'precision': 0.9660194174757282, 'recall': 0.995, 'f1-score': 0.9802955665024631, 'support': 200.0}, 'HTTP': {'precision': 1.0, 'recall': 0.9975, 'f1-score': 0.9987484355444306, 'support': 400.0}, 'TCP': {'precision': 0.9950248756218906, 'recall': 1.0, 'f1-score': 0.9975062344139651, 'support': 400.0}, 'UDP': {'precision': 1.0, 'recall': 1.0, 'f1-score': 1.0, 'support': 400.0}, 'scan': {'precision': 0.9974747474747475, 'recall': 0.9875, 'f1-score': 0.992462311557789, 'support': 400.0}, 'theft': {'precision': 1.0, 'recall': 0.9866071428571429, 'f1-score': 0.9932584269662922, 'support': 224.0}, 'accuracy': 0.9950592885375494, 'macro avg': {'precision': 0.9930865067620611, 'recall': 0.9944345238095239, 'f1-score': 0.9937118291641567, 'support': 2024.0}, 'weighted avg': {'precision': 0.9951599470028661, 'recall': 0.9950592885375494, 'f1-score': 0.9950769730965494, 'support': 2024.0}}","[[199   0   0   0   1   0]
 [  1 399   0   0   0   0]
 [  0   0 400   0   0   0]
 [  0   0   0 400   0   0]
 [  3   0   2   0 395   0]
 [  3   0   0   0   0 221]]",0.902299165725708,0.00824737548828125
99,BoT_IoT,0,None,QuantileTransformer,RF,0.9922002599687828,-1,-1,99.78590250329381,99.28571428571429,0.12845849802371542,99.08050754252872,99.1768861049423,-1,"{'0Normal': {'precision': 0.961352657004831, 'recall': 0.995, 'f1-score': 0.977886977886978, 'support': 200.0}, 'HTTP': {'precision': 1.0, 'recall': 0.9975, 'f1-score': 0.9987484355444306, 'support': 400.0}, 'TCP': {'precision': 0.9950248756218906, 'recall': 1.0, 'f1-score': 0.9975062344139651, 'support': 400.0}, 'UDP': {'precision': 1.0, 'recall': 1.0, 'f1-score': 1.0, 'support': 400.0}, 'scan': {'precision': 0.9974619289340102, 'recall': 0.9825, 'f1-score': 0.9899244332493703, 'support': 400.0}, 'theft': {'precision': 0.990990990990991, 'recall': 0.9821428571428571, 'f1-score': 0.9865470852017937, 'support': 224.0}, 'accuracy': 0.9935770750988142, 'macro avg': {'precision': 0.9908050754252872, 'recall': 0.9928571428571429, 'f1-score': 0.991768861049423, 'support': 2024.0}, 'weighted avg': {'precision': 0.9936992268800932, 'recall': 0.9935770750988142, 'f1-score': 0.993594656099656, 'support': 2024.0}}","[[199   0   0   0   1   0]
 [  1 399   0   0   0   0]
 [  0   0 400   0   0   0]
 [  0   0   0 400   0   0]
 [  3   0   2   0 393   2]
 [  4   0   0   0   0 220]]",0.3503406047821045,0.009536266326904297
100,BoT_IoT,0,None,QuantileTransformer,NuSVC,0.9078235548390587,-1,-1,97.46376811594203,90.38988095238095,1.5217391304347827,91.29397625163338,90.72198194106853,-1,"{'0Normal': {'precision': 0.7333333333333333, 'recall': 0.66, 'f1-score': 0.6947368421052631, 'support': 200.0}, 'HTTP': {'precision': 0.9385342789598109, 'recall': 0.9925, 'f1-score': 0.9647630619684083, 'support': 400.0}, 'TCP': {'precision': 0.9681697612732095, 'recall': 0.9125, 'f1-score': 0.9395109395109394, 'support': 400.0}, 'UDP': {'precision': 0.8612975391498882, 'recall': 0.9625, 'f1-score': 0.9090909090909091, 'support': 400.0}, 'scan': {'precision': 0.9947368421052631, 'recall': 0.945, 'f1-score': 0.9692307692307691, 'support': 400.0}, 'theft': {'precision': 0.9815668202764977, 'recall': 0.9508928571428571, 'f1-score': 0.9659863945578231, 'support': 224.0}, 'accuracy': 0.9239130434782609, 'macro avg': {'precision': 0.9129397625163338, 'recall': 0.9038988095238095, 'f1-score': 0.9072198194106854, 'support': 2024.0}, 'weighted avg': {'precision': 0.924719863144205, 'recall': 0.9239130434782609, 'f1-score': 0.9231060240723395, 'support': 2024.0}}","[[132   5   0  62   1   0]
 [  1 397   2   0   0   0]
 [ 29   5 365   0   0   1]
 [  9   0   6 385   0   0]
 [  4  11   4   0 378   3]
 [  5   5   0   0   1 213]]",0.19442296028137207,0.1173553466796875
101,BoT_IoT,0,None,QuantileTransformer,SGD,0.9466951137061597,-1,-1,98.53425559947298,94.75297619047618,0.8794466403162055,95.37010061560217,94.945319296101,-1,"{'0Normal': {'precision': 0.883177570093458, 'recall': 0.945, 'f1-score': 0.9130434782608695, 'support': 200.0}, 'HTTP': {'precision': 0.975, 'recall': 0.975, 'f1-score': 0.975, 'support': 400.0}, 'TCP': {'precision': 0.9668367346938775, 'recall': 0.9475, 'f1-score': 0.9570707070707071, 'support': 400.0}, 'UDP': {'precision': 0.9950248756218906, 'recall': 1.0, 'f1-score': 0.9975062344139651, 'support': 400.0}, 'scan': {'precision': 0.9125295508274232, 'recall': 0.965, 'f1-score': 0.9380315917375455, 'support': 400.0}, 'theft': {'precision': 0.9896373056994818, 'recall': 0.8526785714285714, 'f1-score': 0.9160671462829736, 'support': 224.0}, 'accuracy': 0.9560276679841897, 'macro avg': {'precision': 0.9537010061560217, 'recall': 0.9475297619047618, 'f1-score': 0.94945319296101, 'support': 2024.0}, 'weighted avg': {'precision': 0.9575448295220613, 'recall': 0.9560276679841897, 'f1-score': 0.9559541253500231, 'support': 2024.0}}","[[189   5   0   2   4   0]
 [  4 390   2   0   4   0]
 [ 15   4 379   0   2   0]
 [  0   0   0 400   0   0]
 [  2   1   9   0 386   2]
 [  4   0   2   0  27 191]]",0.03568553924560547,0.00042819976806640625
102,BoT_IoT,0,poly,QuantileTransformer,HHHv2,0.9723445586509427,-1,-1,99.24242424242425,97.56714694515519,0.45454545454545453,97.1577380952381,97.3545146742408,-1,"{'0Normal': {'precision': 0.94, 'recall': 0.9740932642487047, 'f1-score': 0.9567430025445293, 'support': 193.0}, 'HTTP': {'precision': 0.9875, 'recall': 0.9729064039408867, 'f1-score': 0.9801488833746899, 'support': 406.0}, 'TCP': {'precision': 0.99, 'recall': 0.9924812030075187, 'f1-score': 0.9912390488110137, 'support': 399.0}, 'UDP': {'precision': 0.9925, 'recall': 0.9900249376558603, 'f1-score': 0.9912609238451936, 'support': 401.0}, 'scan': {'precision': 0.9775, 'recall': 0.9654320987654321, 'f1-score': 0.9714285714285714, 'support': 405.0}, 'theft': {'precision': 0.9419642857142857, 'recall': 0.9590909090909091, 'f1-score': 0.9504504504504505, 'support': 220.0}, 'accuracy': 0.9772727272727273, 'macro avg': {'precision': 0.971577380952381, 'recall': 0.9756714694515519, 'f1-score': 0.973545146742408, 'support': 2024.0}, 'weighted avg': {'precision': 0.9775035290796161, 'recall': 0.9772727272727273, 'f1-score': 0.9773317824142321, 'support': 2024.0}}","[[188   1   3   0   0   1]
 [  4 395   1   1   2   3]
 [  1   0 396   1   0   1]
 [  0   1   0 397   1   2]
 [  5   2   0   1 391   6]
 [  2   1   0   0   6 211]]",58.062931299209595,0.10298800468444824
103,BoT_IoT,0,None,QuantileTransformer,KNN,0.7408756026866514,-1,-1,92.4901185770751,77.2440476190476,4.5059288537549405,77.49043609530736,74.88928525508346,-1,"{'0Normal': {'precision': 0.5854922279792746, 'recall': 0.565, 'f1-score': 0.5750636132315522, 'support': 200.0}, 'HTTP': {'precision': 0.9587378640776699, 'recall': 0.9875, 'f1-score': 0.9729064039408868, 'support': 400.0}, 'TCP': {'precision': 0.96875, 'recall': 0.775, 'f1-score': 0.8611111111111113, 'support': 400.0}, 'UDP': {'precision': 0.9728997289972899, 'recall': 0.8975, 'f1-score': 0.9336801040312093, 'support': 400.0}, 'scan': {'precision': 0.7154811715481172, 'recall': 0.4275, 'f1-score': 0.5352112676056338, 'support': 400.0}, 'theft': {'precision': 0.4480651731160896, 'recall': 0.9821428571428571, 'f1-score': 0.6153846153846153, 'support': 224.0}, 'accuracy': 0.7747035573122529, 'macro avg': {'precision': 0.7749043609530736, 'recall': 0.7724404761904761, 'f1-score': 0.7488928525508346, 'support': 2024.0}, 'weighted avg': {'precision': 0.8220417738256373, 'recall': 0.7747035573122529, 'f1-score': 0.7776790667826091, 'support': 2024.0}}","[[113   4   0  10  13  60]
 [  1 395   0   0   4   0]
 [ 27  12 310   0  50   1]
 [ 41   0   0 359   0   0]
 [  9   0  10   0 171 210]
 [  2   1   0   0   1 220]]",0.00031495094299316406,0.11482667922973633
104,BoT_IoT,0,None,QuantileTransformer,LDA,0.8846814081032124,-1,-1,96.78853754940711,89.55952380952382,1.9268774703557312,90.2308209129615,89.4624857846816,-1,"{'0Normal': {'precision': 0.7816593886462883, 'recall': 0.895, 'f1-score': 0.8344988344988346, 'support': 200.0}, 'HTTP': {'precision': 0.9694656488549618, 'recall': 0.9525, 'f1-score': 0.9609079445145018, 'support': 400.0}, 'TCP': {'precision': 0.96875, 'recall': 0.775, 'f1-score': 0.8611111111111113, 'support': 400.0}, 'UDP': {'precision': 0.9754901960784313, 'recall': 0.995, 'f1-score': 0.9851485148514851, 'support': 400.0}, 'scan': {'precision': 0.7954070981210856, 'recall': 0.9525, 'f1-score': 0.8668941979522184, 'support': 400.0}, 'theft': {'precision': 0.9230769230769231, 'recall': 0.8035714285714286, 'f1-score': 0.8591885441527446, 'support': 224.0}, 'accuracy': 0.9036561264822134, 'macro avg': {'precision': 0.9023082091296151, 'recall': 0.8955952380952382, 'f1-score': 0.894624857846816, 'support': 2024.0}, 'weighted avg': {'precision': 0.9124240542096245, 'recall': 0.9036561264822134, 'f1-score': 0.9036475830838481, 'support': 2024.0}}","[[179   2   5   9   3   2]
 [ 13 381   0   0   4   2]
 [ 29  10 310   0  51   0]
 [  2   0   0 398   0   0]
 [  2   0   5   1 381  11]
 [  4   0   0   0  40 180]]",0.0006191730499267578,0.0004057884216308594
105,BoT_IoT,0,None,QuantileTransformer,MLP,0.958117298459474,-1,-1,98.8471673254282,96.47619047619048,0.691699604743083,96.30764449268617,96.35672918704371,-1,"{'0Normal': {'precision': 0.9211822660098522, 'recall': 0.935, 'f1-score': 0.9280397022332506, 'support': 200.0}, 'HTTP': {'precision': 0.9826302729528535, 'recall': 0.99, 'f1-score': 0.9863013698630136, 'support': 400.0}, 'TCP': {'precision': 0.9946236559139785, 'recall': 0.925, 'f1-score': 0.9585492227979274, 'support': 400.0}, 'UDP': {'precision': 0.9797979797979798, 'recall': 0.97, 'f1-score': 0.9748743718592964, 'support': 400.0}, 'scan': {'precision': 0.9265402843601895, 'recall': 0.9775, 'f1-score': 0.951338199513382, 'support': 400.0}, 'theft': {'precision': 0.9736842105263158, 'recall': 0.9910714285714286, 'f1-score': 0.9823008849557523, 'support': 224.0}, 'accuracy': 0.9654150197628458, 'macro avg': {'precision': 0.9630764449268616, 'recall': 0.9647619047619048, 'f1-score': 0.9635672918704371, 'support': 2024.0}, 'weighted avg': {'precision': 0.9662937715266137, 'recall': 0.9654150197628458, 'f1-score': 0.9654489151631357, 'support': 2024.0}}","[[187   1   0   7   3   2]
 [  2 396   0   0   2   0]
 [  0   4 370   0  26   0]
 [ 12   0   0 388   0   0]
 [  2   0   2   1 391   4]
 [  0   2   0   0   0 222]]",0.06587862968444824,0.0006976127624511719
106,BoT_IoT,0,None,QuantileTransformer,LGBM,0.9701007575520628,-1,-1,99.17654808959156,96.40178571428572,0.4940711462450593,97.42053139738289,96.82128092484116,-1,"{'0Normal': {'precision': 0.9540229885057471, 'recall': 0.83, 'f1-score': 0.8877005347593583, 'support': 200.0}, 'HTTP': {'precision': 0.9851851851851852, 'recall': 0.9975, 'f1-score': 0.991304347826087, 'support': 400.0}, 'TCP': {'precision': 0.9950124688279302, 'recall': 0.9975, 'f1-score': 0.9962546816479401, 'support': 400.0}, 'UDP': {'precision': 0.9389671361502347, 'recall': 1.0, 'f1-score': 0.9685230024213075, 'support': 400.0}, 'scan': {'precision': 0.989821882951654, 'recall': 0.9725, 'f1-score': 0.9810844892812106, 'support': 400.0}, 'theft': {'precision': 0.9822222222222222, 'recall': 0.9866071428571429, 'f1-score': 0.9844097995545658, 'support': 224.0}, 'accuracy': 0.9752964426877471, 'macro avg': {'precision': 0.9742053139738288, 'recall': 0.9640178571428573, 'f1-score': 0.9682128092484116, 'support': 2024.0}, 'weighted avg': {'precision': 0.975502492453028, 'recall': 0.9752964426877471, 'f1-score': 0.9747601336574666, 'support': 2024.0}}","[[166   3   0  26   4   1]
 [  1 399   0   0   0   0]
 [  0   1 399   0   0   0]
 [  0   0   0 400   0   0]
 [  6   0   2   0 389   3]
 [  1   2   0   0   0 221]]",0.15333342552185059,0.005941152572631836
107,BoT_IoT,0,None,QuantileTransformer,RF,0.9879793956124806,-1,-1,99.67061923583663,98.80952380952381,0.1976284584980237,98.753698886918,98.78052644246559,-1,"{'0Normal': {'precision': 0.9698492462311558, 'recall': 0.965, 'f1-score': 0.9674185463659147, 'support': 200.0}, 'HTTP': {'precision': 0.9975, 'recall': 0.9975, 'f1-score': 0.9975, 'support': 400.0}, 'TCP': {'precision': 0.9950124688279302, 'recall': 0.9975, 'f1-score': 0.9962546816479401, 'support': 400.0}, 'UDP': {'precision': 1.0, 'recall': 1.0, 'f1-score': 1.0, 'support': 400.0}, 'scan': {'precision': 0.9848866498740554, 'recall': 0.9775, 'f1-score': 0.9811794228356336, 'support': 400.0}, 'theft': {'precision': 0.9779735682819384, 'recall': 0.9910714285714286, 'f1-score': 0.9844789356984479, 'support': 224.0}, 'accuracy': 0.9901185770750988, 'macro avg': {'precision': 0.98753698886918, 'recall': 0.9880952380952381, 'f1-score': 0.9878052644246559, 'support': 2024.0}, 'weighted avg': {'precision': 0.990116391315306, 'recall': 0.9901185770750988, 'f1-score': 0.9901090082327394, 'support': 2024.0}}","[[193   0   0   0   5   2]
 [  1 399   0   0   0   0]
 [  0   0 399   0   1   0]
 [  0   0   0 400   0   0]
 [  4   0   2   0 391   3]
 [  1   1   0   0   0 222]]",0.05725860595703125,0.009031295776367188
108,BoT_IoT,0,None,QuantileTransformer,NuSVC,0.9273172613675977,-1,-1,97.99077733860344,94.17857142857143,1.2055335968379446,93.87724168707015,93.90584774979426,-1,"{'0Normal': {'precision': 0.9077669902912622, 'recall': 0.935, 'f1-score': 0.9211822660098523, 'support': 200.0}, 'HTTP': {'precision': 0.9653465346534653, 'recall': 0.975, 'f1-score': 0.9701492537313433, 'support': 400.0}, 'TCP': {'precision': 0.9912790697674418, 'recall': 0.8525, 'f1-score': 0.9166666666666667, 'support': 400.0}, 'UDP': {'precision': 0.9751861042183623, 'recall': 0.9825, 'f1-score': 0.978829389788294, 'support': 400.0}, 'scan': {'precision': 0.8614318706697459, 'recall': 0.9325, 'f1-score': 0.8955582232893157, 'support': 400.0}, 'theft': {'precision': 0.9316239316239316, 'recall': 0.9732142857142857, 'f1-score': 0.9519650655021833, 'support': 224.0}, 'accuracy': 0.9397233201581028, 'macro avg': {'precision': 0.9387724168707016, 'recall': 0.9417857142857143, 'f1-score': 0.9390584774979426, 'support': 2024.0}, 'weighted avg': {'precision': 0.9424578016134484, 'recall': 0.9397233201581028, 'f1-score': 0.9397025895576618, 'support': 2024.0}}","[[187   1   0   8   3   1]
 [  1 390   0   0   9   0]
 [  0  11 341   0  47   1]
 [  7   0   0 393   0   0]
 [  8   0   3   2 373  14]
 [  3   2   0   0   1 218]]",0.0013115406036376953,0.00710606575012207
109,BoT_IoT,0,None,QuantileTransformer,SGD,0.7965977227249826,-1,-1,94.2193675889328,77.53869047619048,3.4683794466403164,86.32162939787061,77.40018644767255,-1,"{'0Normal': {'precision': 0.8531073446327684, 'recall': 0.755, 'f1-score': 0.8010610079575596, 'support': 200.0}, 'HTTP': {'precision': 0.8315789473684211, 'recall': 0.9875, 'f1-score': 0.9028571428571428, 'support': 400.0}, 'TCP': {'precision': 0.952247191011236, 'recall': 0.8475, 'f1-score': 0.8968253968253969, 'support': 400.0}, 'UDP': {'precision': 0.9806629834254144, 'recall': 0.8875, 'f1-score': 0.931758530183727, 'support': 400.0}, 'scan': {'precision': 0.6401326699834162, 'recall': 0.965, 'f1-score': 0.769690927218345, 'support': 400.0}, 'theft': {'precision': 0.9215686274509803, 'recall': 0.20982142857142858, 'f1-score': 0.3418181818181818, 'support': 224.0}, 'accuracy': 0.8265810276679841, 'macro avg': {'precision': 0.8632162939787061, 'recall': 0.7753869047619047, 'f1-score': 0.7740018644767255, 'support': 2024.0}, 'weighted avg': {'precision': 0.8591410860627314, 'recall': 0.8265810276679841, 'f1-score': 0.8089092258659236, 'support': 2024.0}}","[[151  27   8   6   6   2]
 [  1 395   2   1   0   1]
 [  0   3 339   0  58   0]
 [ 23   9   4 355   9   0]
 [  0  10   3   0 386   1]
 [  2  31   0   0 144  47]]",0.0016927719116210938,0.0003342628479003906
110,BoT_IoT,0,linear,QuantileTransformer,HHHv2,0.8850020587701181,-1,-1,96.80500658761528,89.99633718043873,1.91699604743083,89.80952380952381,89.52912666179377,-1,"{'0Normal': {'precision': 0.92, 'recall': 0.7965367965367965, 'f1-score': 0.8538283062645011, 'support': 231.0}, 'HTTP': {'precision': 0.9575, 'recall': 0.9623115577889447, 'f1-score': 0.9598997493734336, 'support': 398.0}, 'TCP': {'precision': 0.7825, 'recall': 0.9842767295597484, 'f1-score': 0.871866295264624, 'support': 318.0}, 'UDP': {'precision': 1.0, 'recall': 0.963855421686747, 'f1-score': 0.9815950920245399, 'support': 415.0}, 'scan': {'precision': 0.925, 'recall': 0.8061002178649237, 'f1-score': 0.8614668218859138, 'support': 459.0}, 'theft': {'precision': 0.8035714285714286, 'recall': 0.8866995073891626, 'f1-score': 0.8430913348946135, 'support': 203.0}, 'accuracy': 0.9041501976284585, 'macro avg': {'precision': 0.8980952380952382, 'recall': 0.8999633718043872, 'f1-score': 0.8952912666179377, 'support': 2024.0}, 'weighted avg': {'precision': 0.9116304347826087, 'recall': 0.9041501976284585, 'f1-score': 0.9043728736715918, 'support': 2024.0}}","[[184  13  29   0   1   4]
 [  2 383  12   0   0   1]
 [  1   1 313   0   3   0]
 [  9   0   0 400   6   0]
 [  2   2  46   0 370  39]
 [  2   1   0   0  20 180]]",0.002844572067260742,0.006319522857666016
111,BoT_IoT,0,None,QuantileTransformer,KNN,0.9765674875584582,-1,-1,99.35770750988142,97.58928571428572,0.38537549407114624,97.73036453081606,97.65561440557775,-1,"{'0Normal': {'precision': 0.9545454545454546, 'recall': 0.945, 'f1-score': 0.949748743718593, 'support': 200.0}, 'HTTP': {'precision': 0.9875621890547264, 'recall': 0.9925, 'f1-score': 0.9900249376558605, 'support': 400.0}, 'TCP': {'precision': 0.9875621890547264, 'recall': 0.9925, 'f1-score': 0.9900249376558605, 'support': 400.0}, 'UDP': {'precision': 0.9803921568627451, 'recall': 1.0, 'f1-score': 0.99009900990099, 'support': 400.0}, 'scan': {'precision': 0.9897959183673469, 'recall': 0.97, 'f1-score': 0.9797979797979798, 'support': 400.0}, 'theft': {'precision': 0.963963963963964, 'recall': 0.9553571428571429, 'f1-score': 0.9596412556053813, 'support': 224.0}, 'accuracy': 0.9807312252964426, 'macro avg': {'precision': 0.9773036453081606, 'recall': 0.9758928571428572, 'f1-score': 0.9765561440557775, 'support': 2024.0}, 'weighted avg': {'precision': 0.980712450678279, 'recall': 0.9807312252964426, 'f1-score': 0.9806759565235179, 'support': 2024.0}}","[[189   2   0   6   2   1]
 [  1 397   2   0   0   0]
 [  0   3 397   0   0   0]
 [  0   0   0 400   0   0]
 [  0   0   3   2 388   7]
 [  8   0   0   0   2 214]]",0.0004496574401855469,0.009690284729003906
112,BoT_IoT,0,None,QuantileTransformer,LDA,0.8667609894830689,-1,-1,96.26152832674572,83.47023809523809,2.243083003952569,90.16022105220861,84.64370111110503,-1,"{'0Normal': {'precision': 0.9436619718309859, 'recall': 0.67, 'f1-score': 0.7836257309941521, 'support': 200.0}, 'HTTP': {'precision': 0.985, 'recall': 0.985, 'f1-score': 0.985, 'support': 400.0}, 'TCP': {'precision': 0.9777227722772277, 'recall': 0.9875, 'f1-score': 0.9825870646766169, 'support': 400.0}, 'UDP': {'precision': 0.8639308855291576, 'recall': 1.0, 'f1-score': 0.9269988412514484, 'support': 400.0}, 'scan': {'precision': 0.74609375, 'recall': 0.955, 'f1-score': 0.837719298245614, 'support': 400.0}, 'theft': {'precision': 0.8932038834951457, 'recall': 0.4107142857142857, 'f1-score': 0.5626911314984709, 'support': 224.0}, 'accuracy': 0.8878458498023716, 'macro avg': {'precision': 0.9016022105220861, 'recall': 0.8347023809523809, 'f1-score': 0.8464370111110503, 'support': 2024.0}, 'weighted avg': {'precision': 0.8981763969326404, 'recall': 0.8878458498023716, 'f1-score': 0.8773172140928656, 'support': 2024.0}}","[[134   2   1  60   2   1]
 [  3 394   1   0   0   2]
 [  1   3 395   0   1   0]
 [  0   0   0 400   0   0]
 [  0   1   6   3 382   8]
 [  4   0   1   0 127  92]]",0.0030260086059570312,0.00019550323486328125
113,BoT_IoT,0,None,QuantileTransformer,MLP,0.9909914573031592,-1,-1,99.75296442687747,99.20238095238095,0.14822134387351776,99.06984298731082,99.13258107103393,-1,"{'0Normal': {'precision': 0.9707317073170731, 'recall': 0.995, 'f1-score': 0.982716049382716, 'support': 200.0}, 'HTTP': {'precision': 0.9950124688279302, 'recall': 0.9975, 'f1-score': 0.9962546816479401, 'support': 400.0}, 'TCP': {'precision': 0.9925187032418953, 'recall': 0.995, 'f1-score': 0.9937578027465668, 'support': 400.0}, 'UDP': {'precision': 1.0, 'recall': 1.0, 'f1-score': 1.0, 'support': 400.0}, 'scan': {'precision': 0.9949367088607595, 'recall': 0.9825, 'f1-score': 0.9886792452830189, 'support': 400.0}, 'theft': {'precision': 0.990990990990991, 'recall': 0.9821428571428571, 'f1-score': 0.9865470852017937, 'support': 224.0}, 'accuracy': 0.9925889328063241, 'macro avg': {'precision': 0.9906984298731082, 'recall': 0.9920238095238095, 'f1-score': 0.9913258107103392, 'support': 2024.0}, 'weighted avg': {'precision': 0.9926459860759045, 'recall': 0.9925889328063241, 'f1-score': 0.9925921189885154, 'support': 2024.0}}","[[199   0   0   0   1   0]
 [  1 399   0   0   0   0]
 [  0   2 398   0   0   0]
 [  0   0   0 400   0   0]
 [  2   0   3   0 393   2]
 [  3   0   0   0   1 220]]",1.5077083110809326,0.0007600784301757812
114,BoT_IoT,0,None,QuantileTransformer,LGBM,0.9927961813998497,-1,-1,99.80237154150198,99.29464285714286,0.11857707509881424,99.22511007759013,99.25397486814403,-1,"{'0Normal': {'precision': 0.9660194174757282, 'recall': 0.995, 'f1-score': 0.9802955665024631, 'support': 200.0}, 'HTTP': {'precision': 1.0, 'recall': 0.9975, 'f1-score': 0.9987484355444306, 'support': 400.0}, 'TCP': {'precision': 0.9950248756218906, 'recall': 1.0, 'f1-score': 0.9975062344139651, 'support': 400.0}, 'UDP': {'precision': 1.0, 'recall': 1.0, 'f1-score': 1.0, 'support': 400.0}, 'scan': {'precision': 0.992462311557789, 'recall': 0.9875, 'f1-score': 0.9899749373433584, 'support': 400.0}, 'theft': {'precision': 1.0, 'recall': 0.9776785714285714, 'f1-score': 0.9887133182844243, 'support': 224.0}, 'accuracy': 0.9940711462450593, 'macro avg': {'precision': 0.9922511007759013, 'recall': 0.9929464285714286, 'f1-score': 0.9925397486814402, 'support': 2024.0}, 'weighted avg': {'precision': 0.9941693470192774, 'recall': 0.9940711462450593, 'f1-score': 0.9940823811842416, 'support': 2024.0}}","[[199   0   0   0   1   0]
 [  1 399   0   0   0   0]
 [  0   0 400   0   0   0]
 [  0   0   0 400   0   0]
 [  3   0   2   0 395   0]
 [  3   0   0   0   2 219]]",0.6897516250610352,0.011771678924560547
115,BoT_IoT,0,None,QuantileTransformer,RF,0.9909958172931935,-1,-1,99.75296442687747,99.10416666666667,0.14822134387351776,98.99480729120708,99.04222124097863,-1,"{'0Normal': {'precision': 0.961352657004831, 'recall': 0.995, 'f1-score': 0.977886977886978, 'support': 200.0}, 'HTTP': {'precision': 1.0, 'recall': 0.9975, 'f1-score': 0.9987484355444306, 'support': 400.0}, 'TCP': {'precision': 0.9950248756218906, 'recall': 1.0, 'f1-score': 0.9975062344139651, 'support': 400.0}, 'UDP': {'precision': 1.0, 'recall': 1.0, 'f1-score': 1.0, 'support': 400.0}, 'scan': {'precision': 0.9924433249370277, 'recall': 0.985, 'f1-score': 0.9887076537013803, 'support': 400.0}, 'theft': {'precision': 0.9908675799086758, 'recall': 0.96875, 'f1-score': 0.9796839729119637, 'support': 224.0}, 'accuracy': 0.9925889328063241, 'macro avg': {'precision': 0.9899480729120708, 'recall': 0.9910416666666667, 'f1-score': 0.9904222124097863, 'support': 2024.0}, 'weighted avg': {'precision': 0.99269374976486, 'recall': 0.9925889328063241, 'f1-score': 0.9925946319039456, 'support': 2024.0}}","[[199   0   0   0   1   0]
 [  1 399   0   0   0   0]
 [  0   0 400   0   0   0]
 [  0   0   0 400   0   0]
 [  2   0   2   0 394   2]
 [  5   0   0   0   2 217]]",0.34642505645751953,0.009561777114868164
116,BoT_IoT,0,None,QuantileTransformer,NuSVC,0.9287331834345148,-1,-1,98.02371541501977,91.76488095238095,1.185770750988142,94.6841500042317,92.68705456433669,-1,"{'0Normal': {'precision': 0.9424460431654677, 'recall': 0.655, 'f1-score': 0.7728613569321533, 'support': 200.0}, 'HTTP': {'precision': 0.9317647058823529, 'recall': 0.99, 'f1-score': 0.96, 'support': 400.0}, 'TCP': {'precision': 0.9657701711491442, 'recall': 0.9875, 'f1-score': 0.9765142150803461, 'support': 400.0}, 'UDP': {'precision': 0.8602620087336245, 'recall': 0.985, 'f1-score': 0.9184149184149185, 'support': 400.0}, 'scan': {'precision': 0.9946949602122016, 'recall': 0.9375, 'f1-score': 0.9652509652509652, 'support': 400.0}, 'theft': {'precision': 0.9861111111111112, 'recall': 0.9508928571428571, 'f1-score': 0.968181818181818, 'support': 224.0}, 'accuracy': 0.9407114624505929, 'macro avg': {'precision': 0.9468415000423169, 'recall': 0.9176488095238095, 'f1-score': 0.9268705456433669, 'support': 2024.0}, 'weighted avg': {'precision': 0.9438610849372093, 'recall': 0.9407114624505929, 'f1-score': 0.9384965603545701, 'support': 2024.0}}","[[131   6   1  62   0   0]
 [  1 396   2   0   0   1]
 [  1   3 395   0   1   0]
 [  0   0   6 394   0   0]
 [  1  15   5   2 375   2]
 [  5   5   0   0   1 213]]",0.19054055213928223,0.12313103675842285
117,BoT_IoT,0,None,QuantileTransformer,SGD,0.9765544682963242,-1,-1,99.35770750988142,97.66369047619047,0.38537549407114624,97.79113564247707,97.72518767304875,-1,"{'0Normal': {'precision': 0.95, 'recall': 0.95, 'f1-score': 0.9500000000000001, 'support': 200.0}, 'HTTP': {'precision': 0.9825436408977556, 'recall': 0.985, 'f1-score': 0.9837702871410736, 'support': 400.0}, 'TCP': {'precision': 0.9777777777777777, 'recall': 0.99, 'f1-score': 0.9838509316770186, 'support': 400.0}, 'UDP': {'precision': 0.9975062344139651, 'recall': 1.0, 'f1-score': 0.9987515605493134, 'support': 400.0}, 'scan': {'precision': 0.982367758186398, 'recall': 0.975, 'f1-score': 0.9786700125470514, 'support': 400.0}, 'theft': {'precision': 0.9772727272727273, 'recall': 0.9598214285714286, 'f1-score': 0.9684684684684685, 'support': 224.0}, 'accuracy': 0.9807312252964426, 'macro avg': {'precision': 0.9779113564247707, 'recall': 0.9766369047619047, 'f1-score': 0.9772518767304875, 'support': 2024.0}, 'weighted avg': {'precision': 0.9807249285669216, 'recall': 0.9807312252964426, 'f1-score': 0.9807085245566798, 'support': 2024.0}}","[[190   5   1   1   3   0]
 [  3 394   2   0   0   1]
 [  1   2 396   0   1   0]
 [  0   0   0 400   0   0]
 [  2   0   4   0 390   4]
 [  4   0   2   0   3 215]]",0.03908061981201172,0.0003845691680908203
118,BoT_IoT,0,sigmoid,QuantileTransformer,HHHv2,0.8112770719365678,-1,-1,94.81225296442688,83.18205470621015,3.1126482213438735,82.10714285714286,82.18059025153023,-1,"{'0Normal': {'precision': 0.53, 'recall': 0.75177304964539, 'f1-score': 0.6217008797653959, 'support': 141.0}, 'HTTP': {'precision': 0.9525, 'recall': 0.8392070484581498, 'f1-score': 0.892271662763466, 'support': 454.0}, 'TCP': {'precision': 0.865, 'recall': 0.8357487922705314, 'f1-score': 0.8501228501228502, 'support': 414.0}, 'UDP': {'precision': 0.8075, 'recall': 0.8922651933701657, 'f1-score': 0.8477690288713909, 'support': 362.0}, 'scan': {'precision': 0.8875, 'recall': 0.8830845771144279, 'f1-score': 0.8852867830423942, 'support': 402.0}, 'theft': {'precision': 0.8839285714285714, 'recall': 0.7888446215139442, 'f1-score': 0.8336842105263158, 'support': 251.0}, 'accuracy': 0.8443675889328063, 'macro avg': {'precision': 0.8210714285714286, 'recall': 0.8318205470621015, 'f1-score': 0.8218059025153023, 'support': 2024.0}, 'weighted avg': {'precision': 0.8578216756070017, 'recall': 0.8443675889328063, 'f1-score': 0.8481889481072064, 'support': 2024.0}}","[[106   2   9  11  11   2]
 [ 33 381  15  10   5  10]
 [ 33  10 346  12   9   4]
 [ 15   4  10 323   6   4]
 [  8   2   9  22 355   6]
 [  5   1  11  22  14 198]]",57.05481433868408,0.06511235237121582
119,BoT_IoT,-1,None,QuantileTransformer,KNN,0.9783604469557842,-1,-1,99.40711462450594,97.70535714285714,0.3557312252964427,98.06309984180577,97.87795567344538,-1,"{'0Normal': {'precision': 0.9641025641025641, 'recall': 0.94, 'f1-score': 0.9518987341772152, 'support': 200.0}, 'HTTP': {'precision': 0.9900249376558603, 'recall': 0.9925, 'f1-score': 0.9912609238451936, 'support': 400.0}, 'TCP': {'precision': 0.9875311720698254, 'recall': 0.99, 'f1-score': 0.9887640449438203, 'support': 400.0}, 'UDP': {'precision': 0.9803921568627451, 'recall': 1.0, 'f1-score': 0.99009900990099, 'support': 400.0}, 'scan': {'precision': 0.98, 'recall': 0.98, 'f1-score': 0.98, 'support': 400.0}, 'theft': {'precision': 0.9817351598173516, 'recall': 0.9598214285714286, 'f1-score': 0.9706546275395034, 'support': 224.0}, 'accuracy': 0.9822134387351779, 'macro avg': {'precision': 0.9806309984180577, 'recall': 0.9770535714285714, 'f1-score': 0.9787795567344538, 'support': 2024.0}, 'weighted avg': {'precision': 0.982168228880915, 'recall': 0.9822134387351779, 'f1-score': 0.9821422800791964, 'support': 2024.0}}","[[188   1   0   6   4   1]
 [  1 397   2   0   0   0]
 [  0   3 396   0   1   0]
 [  0   0   0 400   0   0]
 [  0   0   3   2 392   3]
 [  6   0   0   0   3 215]]",0.0004153251647949219,0.010431051254272461
120,BoT_IoT,-1,None,QuantileTransformer,LDA,0.9495989644447458,-1,-1,98.61660079051383,95.28869047619048,0.8300395256916997,95.27386471418285,95.25918571693613,-1,"{'0Normal': {'precision': 0.9128205128205128, 'recall': 0.89, 'f1-score': 0.9012658227848102, 'support': 200.0}, 'HTTP': {'precision': 0.9693877551020408, 'recall': 0.95, 'f1-score': 0.9595959595959594, 'support': 400.0}, 'TCP': {'precision': 0.9589371980676329, 'recall': 0.9925, 'f1-score': 0.9754299754299756, 'support': 400.0}, 'UDP': {'precision': 0.9706601466992665, 'recall': 0.9925, 'f1-score': 0.9814585908529048, 'support': 400.0}, 'scan': {'precision': 0.9738903394255874, 'recall': 0.9325, 'f1-score': 0.9527458492975734, 'support': 400.0}, 'theft': {'precision': 0.9307359307359307, 'recall': 0.9598214285714286, 'f1-score': 0.9450549450549451, 'support': 224.0}, 'accuracy': 0.958498023715415, 'macro avg': {'precision': 0.9527386471418285, 'recall': 0.9528869047619049, 'f1-score': 0.9525918571693613, 'support': 2024.0}, 'weighted avg': {'precision': 0.9585964065053172, 'recall': 0.958498023715415, 'f1-score': 0.9583189833596022, 'support': 2024.0}}","[[178   4   1   9   8   0]
 [ 11 380   5   0   1   3]
 [  0   2 397   0   1   0]
 [  0   0   3 397   0   0]
 [  2   2   7   3 373  13]
 [  4   4   1   0   0 215]]",0.004898548126220703,0.00019693374633789062
121,BoT_IoT,-1,None,QuantileTransformer,MLP,0.9897907966020854,-1,-1,99.72002635046113,99.05357142857144,0.16798418972332016,98.94806538131479,98.99545364681,-1,"{'0Normal': {'precision': 0.9660194174757282, 'recall': 0.995, 'f1-score': 0.9802955665024631, 'support': 200.0}, 'HTTP': {'precision': 0.9950124688279302, 'recall': 0.9975, 'f1-score': 0.9962546816479401, 'support': 400.0}, 'TCP': {'precision': 0.9925187032418953, 'recall': 0.995, 'f1-score': 0.9937578027465668, 'support': 400.0}, 'UDP': {'precision': 1.0, 'recall': 1.0, 'f1-score': 1.0, 'support': 400.0}, 'scan': {'precision': 0.9924242424242424, 'recall': 0.9825, 'f1-score': 0.9874371859296482, 'support': 400.0}, 'theft': {'precision': 0.990909090909091, 'recall': 0.9732142857142857, 'f1-score': 0.9819819819819819, 'support': 224.0}, 'accuracy': 0.991600790513834, 'macro avg': {'precision': 0.9894806538131479, 'recall': 0.9905357142857144, 'f1-score': 0.9899545364681, 'support': 2024.0}, 'weighted avg': {'precision': 0.9916747458776725, 'recall': 0.991600790513834, 'f1-score': 0.9916022457480824, 'support': 2024.0}}","[[199   0   0   0   1   0]
 [  1 399   0   0   0   0]
 [  0   2 398   0   0   0]
 [  0   0   0 400   0   0]
 [  2   0   3   0 393   2]
 [  4   0   0   0   2 218]]",2.277594566345215,0.0006608963012695312
122,BoT_IoT,-1,None,QuantileTransformer,LGBM,0.9957972726114468,-1,-1,99.88471673254283,99.5684523809524,0.0691699604743083,99.47042402754855,99.5161369754455,-1,"{'0Normal': {'precision': 0.9707317073170731, 'recall': 0.995, 'f1-score': 0.982716049382716, 'support': 200.0}, 'HTTP': {'precision': 1.0, 'recall': 0.9975, 'f1-score': 0.9987484355444306, 'support': 400.0}, 'TCP': {'precision': 1.0, 'recall': 1.0, 'f1-score': 1.0, 'support': 400.0}, 'UDP': {'precision': 1.0, 'recall': 1.0, 'f1-score': 1.0, 'support': 400.0}, 'scan': {'precision': 0.9974937343358395, 'recall': 0.995, 'f1-score': 0.9962453066332916, 'support': 400.0}, 'theft': {'precision': 1.0, 'recall': 0.9866071428571429, 'f1-score': 0.9932584269662922, 'support': 224.0}, 'accuracy': 0.9965415019762845, 'macro avg': {'precision': 0.9947042402754854, 'recall': 0.9956845238095239, 'f1-score': 0.995161369754455, 'support': 2024.0}, 'weighted avg': {'precision': 0.9966125667973075, 'recall': 0.9965415019762845, 'f1-score': 0.9965566177806726, 'support': 2024.0}}","[[199   0   0   0   1   0]
 [  1 399   0   0   0   0]
 [  0   0 400   0   0   0]
 [  0   0   0 400   0   0]
 [  2   0   0   0 398   0]
 [  3   0   0   0   0 221]]",0.9655733108520508,0.00813150405883789
123,BoT_IoT,-1,None,QuantileTransformer,RF,0.991600221846598,-1,-1,99.76943346508564,99.21130952380953,0.1383399209486166,99.03867739081157,99.11822532607944,-1,"{'0Normal': {'precision': 0.961352657004831, 'recall': 0.995, 'f1-score': 0.977886977886978, 'support': 200.0}, 'HTTP': {'precision': 1.0, 'recall': 0.9975, 'f1-score': 0.9987484355444306, 'support': 400.0}, 'TCP': {'precision': 0.9925558312655087, 'recall': 1.0, 'f1-score': 0.9962640099626401, 'support': 400.0}, 'UDP': {'precision': 1.0, 'recall': 1.0, 'f1-score': 1.0, 'support': 400.0}, 'scan': {'precision': 0.9974619289340102, 'recall': 0.9825, 'f1-score': 0.9899244332493703, 'support': 400.0}, 'theft': {'precision': 0.9909502262443439, 'recall': 0.9776785714285714, 'f1-score': 0.9842696629213483, 'support': 224.0}, 'accuracy': 0.9930830039525692, 'macro avg': {'precision': 0.9903867739081157, 'recall': 0.9921130952380953, 'f1-score': 0.9911822532607945, 'support': 2024.0}, 'weighted avg': {'precision': 0.9932067619365152, 'recall': 0.9930830039525692, 'f1-score': 0.9930971104616373, 'support': 2024.0}}","[[199   0   0   0   1   0]
 [  1 399   0   0   0   0]
 [  0   0 400   0   0   0]
 [  0   0   0 400   0   0]
 [  2   0   3   0 393   2]
 [  5   0   0   0   0 219]]",0.5719585418701172,0.009343624114990234
124,BoT_IoT,-1,None,QuantileTransformer,NuSVC,0.9159367828150311,-1,-1,97.67786561264822,93.02380952380952,1.3932806324110671,92.61316161176238,92.68259306742964,-1,"{'0Normal': {'precision': 0.8243243243243243, 'recall': 0.915, 'f1-score': 0.8672985781990522, 'support': 200.0}, 'HTTP': {'precision': 0.9226804123711341, 'recall': 0.895, 'f1-score': 0.9086294416243655, 'support': 400.0}, 'TCP': {'precision': 0.8853932584269663, 'recall': 0.985, 'f1-score': 0.9325443786982248, 'support': 400.0}, 'UDP': {'precision': 0.9792746113989638, 'recall': 0.945, 'f1-score': 0.9618320610687023, 'support': 400.0}, 'scan': {'precision': 0.9944444444444445, 'recall': 0.895, 'f1-score': 0.9421052631578948, 'support': 400.0}, 'theft': {'precision': 0.9506726457399103, 'recall': 0.9464285714285714, 'f1-score': 0.9485458612975392, 'support': 224.0}, 'accuracy': 0.9303359683794467, 'macro avg': {'precision': 0.9261316161176238, 'recall': 0.9302380952380952, 'f1-score': 0.9268259306742964, 'support': 2024.0}, 'weighted avg': {'precision': 0.934057622612257, 'recall': 0.9303359683794467, 'f1-score': 0.9308193905089596, 'support': 2024.0}}","[[183   4   5   8   0   0]
 [ 12 358  23   0   0   7]
 [  0   3 394   0   2   1]
 [ 16   0   6 378   0   0]
 [  5  19  15   0 358   3]
 [  6   4   2   0   0 212]]",0.6107542514801025,0.19108295440673828
125,BoT_IoT,-1,None,QuantileTransformer,SGD,0.9759815405676723,-1,-1,99.34123847167325,97.7470238095238,0.3952569169960474,97.65482743431015,97.69127139032862,-1,"{'0Normal': {'precision': 0.9323671497584541, 'recall': 0.965, 'f1-score': 0.9484029484029484, 'support': 200.0}, 'HTTP': {'precision': 0.9898477157360406, 'recall': 0.975, 'f1-score': 0.982367758186398, 'support': 400.0}, 'TCP': {'precision': 0.972972972972973, 'recall': 0.99, 'f1-score': 0.9814126394052045, 'support': 400.0}, 'UDP': {'precision': 0.9950248756218906, 'recall': 1.0, 'f1-score': 0.9975062344139651, 'support': 400.0}, 'scan': {'precision': 0.9873417721518988, 'recall': 0.975, 'f1-score': 0.9811320754716981, 'support': 400.0}, 'theft': {'precision': 0.9817351598173516, 'recall': 0.9598214285714286, 'f1-score': 0.9706546275395034, 'support': 224.0}, 'accuracy': 0.9802371541501976, 'macro avg': {'precision': 0.9765482743431014, 'recall': 0.977470238095238, 'f1-score': 0.9769127139032863, 'support': 2024.0}, 'weighted avg': {'precision': 0.980462964596788, 'recall': 0.9802371541501976, 'f1-score': 0.9802740658302098, 'support': 2024.0}}","[[193   1   2   2   2   0]
 [  7 390   2   0   0   1]
 [  1   2 396   0   1   0]
 [  0   0   0 400   0   0]
 [  2   1   4   0 390   3]
 [  4   0   3   0   2 215]]",0.06712460517883301,0.0004534721374511719
126,BoT_IoT,-1,None,QuantileTransformer,HHHv2,0.9274474931409511,-1,-1,98.0072463768116,93.91210309257532,1.1956521739130435,92.37797619047618,92.97906698889625,-1,"{'0Normal': {'precision': 0.875, 'recall': 0.8974358974358975, 'f1-score': 0.8860759493670887, 'support': 195.0}, 'HTTP': {'precision': 0.96, 'recall': 0.9624060150375939, 'f1-score': 0.9612015018773467, 'support': 399.0}, 'TCP': {'precision': 0.9875, 'recall': 0.9634146341463414, 'f1-score': 0.9753086419753086, 'support': 410.0}, 'UDP': {'precision': 0.985, 'recall': 0.9704433497536946, 'f1-score': 0.977667493796526, 'support': 406.0}, 'scan': {'precision': 0.945, 'recall': 0.8790697674418605, 'f1-score': 0.9108433734939759, 'support': 430.0}, 'theft': {'precision': 0.7901785714285714, 'recall': 0.9619565217391305, 'f1-score': 0.8676470588235293, 'support': 184.0}, 'accuracy': 0.9402173913043478, 'macro avg': {'precision': 0.9237797619047617, 'recall': 0.9391210309257532, 'f1-score': 0.9297906698889625, 'support': 2024.0}, 'weighted avg': {'precision': 0.9437711744776961, 'recall': 0.9402173913043478, 'f1-score': 0.9409206840379688, 'support': 2024.0}}","[[175  12   0   0   4   4]
 [  5 384   4   0   2   4]
 [  1   3 395   3   8   0]
 [  7   0   0 394   5   0]
 [  9   0   1   3 378  39]
 [  3   1   0   0   3 177]]",306.61634731292725,0.005715370178222656
127,BoT_IoT,-1,None,QuantileTransformer,KNN,0.9783604469557842,-1,-1,99.40711462450594,97.70535714285714,0.3557312252964427,98.06309984180577,97.87795567344538,-1,"{'0Normal': {'precision': 0.9641025641025641, 'recall': 0.94, 'f1-score': 0.9518987341772152, 'support': 200.0}, 'HTTP': {'precision': 0.9900249376558603, 'recall': 0.9925, 'f1-score': 0.9912609238451936, 'support': 400.0}, 'TCP': {'precision': 0.9875311720698254, 'recall': 0.99, 'f1-score': 0.9887640449438203, 'support': 400.0}, 'UDP': {'precision': 0.9803921568627451, 'recall': 1.0, 'f1-score': 0.99009900990099, 'support': 400.0}, 'scan': {'precision': 0.98, 'recall': 0.98, 'f1-score': 0.98, 'support': 400.0}, 'theft': {'precision': 0.9817351598173516, 'recall': 0.9598214285714286, 'f1-score': 0.9706546275395034, 'support': 224.0}, 'accuracy': 0.9822134387351779, 'macro avg': {'precision': 0.9806309984180577, 'recall': 0.9770535714285714, 'f1-score': 0.9787795567344538, 'support': 2024.0}, 'weighted avg': {'precision': 0.982168228880915, 'recall': 0.9822134387351779, 'f1-score': 0.9821422800791964, 'support': 2024.0}}","[[188   1   0   6   4   1]
 [  1 397   2   0   0   0]
 [  0   3 396   0   1   0]
 [  0   0   0 400   0   0]
 [  0   0   3   2 392   3]
 [  6   0   0   0   3 215]]",0.0004107952117919922,0.010249614715576172
128,BoT_IoT,-1,None,QuantileTransformer,LDA,0.9495989644447458,-1,-1,98.61660079051383,95.28869047619048,0.8300395256916997,95.27386471418285,95.25918571693613,-1,"{'0Normal': {'precision': 0.9128205128205128, 'recall': 0.89, 'f1-score': 0.9012658227848102, 'support': 200.0}, 'HTTP': {'precision': 0.9693877551020408, 'recall': 0.95, 'f1-score': 0.9595959595959594, 'support': 400.0}, 'TCP': {'precision': 0.9589371980676329, 'recall': 0.9925, 'f1-score': 0.9754299754299756, 'support': 400.0}, 'UDP': {'precision': 0.9706601466992665, 'recall': 0.9925, 'f1-score': 0.9814585908529048, 'support': 400.0}, 'scan': {'precision': 0.9738903394255874, 'recall': 0.9325, 'f1-score': 0.9527458492975734, 'support': 400.0}, 'theft': {'precision': 0.9307359307359307, 'recall': 0.9598214285714286, 'f1-score': 0.9450549450549451, 'support': 224.0}, 'accuracy': 0.958498023715415, 'macro avg': {'precision': 0.9527386471418285, 'recall': 0.9528869047619049, 'f1-score': 0.9525918571693613, 'support': 2024.0}, 'weighted avg': {'precision': 0.9585964065053172, 'recall': 0.958498023715415, 'f1-score': 0.9583189833596022, 'support': 2024.0}}","[[178   4   1   9   8   0]
 [ 11 380   5   0   1   3]
 [  0   2 397   0   1   0]
 [  0   0   3 397   0   0]
 [  2   2   7   3 373  13]
 [  4   4   1   0   0 215]]",0.004786014556884766,0.00020051002502441406
129,BoT_IoT,-1,None,QuantileTransformer,MLP,0.9897907966020854,-1,-1,99.72002635046113,99.05357142857144,0.16798418972332016,98.94806538131479,98.99545364681,-1,"{'0Normal': {'precision': 0.9660194174757282, 'recall': 0.995, 'f1-score': 0.9802955665024631, 'support': 200.0}, 'HTTP': {'precision': 0.9950124688279302, 'recall': 0.9975, 'f1-score': 0.9962546816479401, 'support': 400.0}, 'TCP': {'precision': 0.9925187032418953, 'recall': 0.995, 'f1-score': 0.9937578027465668, 'support': 400.0}, 'UDP': {'precision': 1.0, 'recall': 1.0, 'f1-score': 1.0, 'support': 400.0}, 'scan': {'precision': 0.9924242424242424, 'recall': 0.9825, 'f1-score': 0.9874371859296482, 'support': 400.0}, 'theft': {'precision': 0.990909090909091, 'recall': 0.9732142857142857, 'f1-score': 0.9819819819819819, 'support': 224.0}, 'accuracy': 0.991600790513834, 'macro avg': {'precision': 0.9894806538131479, 'recall': 0.9905357142857144, 'f1-score': 0.9899545364681, 'support': 2024.0}, 'weighted avg': {'precision': 0.9916747458776725, 'recall': 0.991600790513834, 'f1-score': 0.9916022457480824, 'support': 2024.0}}","[[199   0   0   0   1   0]
 [  1 399   0   0   0   0]
 [  0   2 398   0   0   0]
 [  0   0   0 400   0   0]
 [  2   0   3   0 393   2]
 [  4   0   0   0   2 218]]",2.287477493286133,0.0006542205810546875
130,BoT_IoT,-1,None,QuantileTransformer,LGBM,0.9957972726114468,-1,-1,99.88471673254283,99.5684523809524,0.0691699604743083,99.47042402754855,99.5161369754455,-1,"{'0Normal': {'precision': 0.9707317073170731, 'recall': 0.995, 'f1-score': 0.982716049382716, 'support': 200.0}, 'HTTP': {'precision': 1.0, 'recall': 0.9975, 'f1-score': 0.9987484355444306, 'support': 400.0}, 'TCP': {'precision': 1.0, 'recall': 1.0, 'f1-score': 1.0, 'support': 400.0}, 'UDP': {'precision': 1.0, 'recall': 1.0, 'f1-score': 1.0, 'support': 400.0}, 'scan': {'precision': 0.9974937343358395, 'recall': 0.995, 'f1-score': 0.9962453066332916, 'support': 400.0}, 'theft': {'precision': 1.0, 'recall': 0.9866071428571429, 'f1-score': 0.9932584269662922, 'support': 224.0}, 'accuracy': 0.9965415019762845, 'macro avg': {'precision': 0.9947042402754854, 'recall': 0.9956845238095239, 'f1-score': 0.995161369754455, 'support': 2024.0}, 'weighted avg': {'precision': 0.9966125667973075, 'recall': 0.9965415019762845, 'f1-score': 0.9965566177806726, 'support': 2024.0}}","[[199   0   0   0   1   0]
 [  1 399   0   0   0   0]
 [  0   0 400   0   0   0]
 [  0   0   0 400   0   0]
 [  2   0   0   0 398   0]
 [  3   0   0   0   0 221]]",0.9524796009063721,0.008232355117797852
131,BoT_IoT,-1,None,QuantileTransformer,RF,0.991600221846598,-1,-1,99.76943346508564,99.21130952380953,0.1383399209486166,99.03867739081157,99.11822532607944,-1,"{'0Normal': {'precision': 0.961352657004831, 'recall': 0.995, 'f1-score': 0.977886977886978, 'support': 200.0}, 'HTTP': {'precision': 1.0, 'recall': 0.9975, 'f1-score': 0.9987484355444306, 'support': 400.0}, 'TCP': {'precision': 0.9925558312655087, 'recall': 1.0, 'f1-score': 0.9962640099626401, 'support': 400.0}, 'UDP': {'precision': 1.0, 'recall': 1.0, 'f1-score': 1.0, 'support': 400.0}, 'scan': {'precision': 0.9974619289340102, 'recall': 0.9825, 'f1-score': 0.9899244332493703, 'support': 400.0}, 'theft': {'precision': 0.9909502262443439, 'recall': 0.9776785714285714, 'f1-score': 0.9842696629213483, 'support': 224.0}, 'accuracy': 0.9930830039525692, 'macro avg': {'precision': 0.9903867739081157, 'recall': 0.9921130952380953, 'f1-score': 0.9911822532607945, 'support': 2024.0}, 'weighted avg': {'precision': 0.9932067619365152, 'recall': 0.9930830039525692, 'f1-score': 0.9930971104616373, 'support': 2024.0}}","[[199   0   0   0   1   0]
 [  1 399   0   0   0   0]
 [  0   0 400   0   0   0]
 [  0   0   0 400   0   0]
 [  2   0   3   0 393   2]
 [  5   0   0   0   0 219]]",0.5703108310699463,0.009408235549926758
132,BoT_IoT,-1,None,QuantileTransformer,NuSVC,0.9159367828150311,-1,-1,97.67786561264822,93.02380952380952,1.3932806324110671,92.61316161176238,92.68259306742964,-1,"{'0Normal': {'precision': 0.8243243243243243, 'recall': 0.915, 'f1-score': 0.8672985781990522, 'support': 200.0}, 'HTTP': {'precision': 0.9226804123711341, 'recall': 0.895, 'f1-score': 0.9086294416243655, 'support': 400.0}, 'TCP': {'precision': 0.8853932584269663, 'recall': 0.985, 'f1-score': 0.9325443786982248, 'support': 400.0}, 'UDP': {'precision': 0.9792746113989638, 'recall': 0.945, 'f1-score': 0.9618320610687023, 'support': 400.0}, 'scan': {'precision': 0.9944444444444445, 'recall': 0.895, 'f1-score': 0.9421052631578948, 'support': 400.0}, 'theft': {'precision': 0.9506726457399103, 'recall': 0.9464285714285714, 'f1-score': 0.9485458612975392, 'support': 224.0}, 'accuracy': 0.9303359683794467, 'macro avg': {'precision': 0.9261316161176238, 'recall': 0.9302380952380952, 'f1-score': 0.9268259306742964, 'support': 2024.0}, 'weighted avg': {'precision': 0.934057622612257, 'recall': 0.9303359683794467, 'f1-score': 0.9308193905089596, 'support': 2024.0}}","[[183   4   5   8   0   0]
 [ 12 358  23   0   0   7]
 [  0   3 394   0   2   1]
 [ 16   0   6 378   0   0]
 [  5  19  15   0 358   3]
 [  6   4   2   0   0 212]]",0.6101951599121094,0.18621230125427246
133,BoT_IoT,-1,None,QuantileTransformer,SGD,0.9759815405676723,-1,-1,99.34123847167325,97.7470238095238,0.3952569169960474,97.65482743431015,97.69127139032862,-1,"{'0Normal': {'precision': 0.9323671497584541, 'recall': 0.965, 'f1-score': 0.9484029484029484, 'support': 200.0}, 'HTTP': {'precision': 0.9898477157360406, 'recall': 0.975, 'f1-score': 0.982367758186398, 'support': 400.0}, 'TCP': {'precision': 0.972972972972973, 'recall': 0.99, 'f1-score': 0.9814126394052045, 'support': 400.0}, 'UDP': {'precision': 0.9950248756218906, 'recall': 1.0, 'f1-score': 0.9975062344139651, 'support': 400.0}, 'scan': {'precision': 0.9873417721518988, 'recall': 0.975, 'f1-score': 0.9811320754716981, 'support': 400.0}, 'theft': {'precision': 0.9817351598173516, 'recall': 0.9598214285714286, 'f1-score': 0.9706546275395034, 'support': 224.0}, 'accuracy': 0.9802371541501976, 'macro avg': {'precision': 0.9765482743431014, 'recall': 0.977470238095238, 'f1-score': 0.9769127139032863, 'support': 2024.0}, 'weighted avg': {'precision': 0.980462964596788, 'recall': 0.9802371541501976, 'f1-score': 0.9802740658302098, 'support': 2024.0}}","[[193   1   2   2   2   0]
 [  7 390   2   0   0   1]
 [  1   2 396   0   1   0]
 [  0   0   0 400   0   0]
 [  2   1   4   0 390   3]
 [  4   0   3   0   2 215]]",0.06700754165649414,0.000518798828125
134,BoT_IoT,-1,rbf,QuantileTransformer,HHHv2,0.9861841803063599,-1,-1,99.62121212121212,98.57969320433709,0.22727272727272727,98.61309523809526,98.58961800524733,-1,"{'0Normal': {'precision': 0.98, 'recall': 0.9514563106796117, 'f1-score': 0.9655172413793104, 'support': 206.0}, 'HTTP': {'precision': 0.9925, 'recall': 0.9900249376558603, 'f1-score': 0.9912609238451936, 'support': 401.0}, 'TCP': {'precision': 0.9925, 'recall': 0.9949874686716792, 'f1-score': 0.9937421777221527, 'support': 399.0}, 'UDP': {'precision': 1.0, 'recall': 0.9950248756218906, 'f1-score': 0.9975062344139651, 'support': 402.0}, 'scan': {'precision': 0.9875, 'recall': 0.992462311557789, 'f1-score': 0.9899749373433584, 'support': 398.0}, 'theft': {'precision': 0.9642857142857143, 'recall': 0.9908256880733946, 'f1-score': 0.9773755656108598, 'support': 218.0}, 'accuracy': 0.9886363636363636, 'macro avg': {'precision': 0.9861309523809525, 'recall': 0.9857969320433709, 'f1-score': 0.9858961800524734, 'support': 2024.0}, 'weighted avg': {'precision': 0.9886952992659515, 'recall': 0.9886363636363636, 'f1-score': 0.9886218951074297, 'support': 2024.0}}","[[196   3   0   0   1   6]
 [  1 397   3   0   0   0]
 [  1   0 397   0   1   0]
 [  1   0   0 400   1   0]
 [  1   0   0   0 395   2]
 [  0   0   0   0   2 216]]",306.97163701057434,0.12855029106140137
135,BoT_IoT,-1,None,QuantileTransformer,KNN,0.9783604469557842,-1,-1,99.40711462450594,97.70535714285714,0.3557312252964427,98.06309984180577,97.87795567344538,-1,"{'0Normal': {'precision': 0.9641025641025641, 'recall': 0.94, 'f1-score': 0.9518987341772152, 'support': 200.0}, 'HTTP': {'precision': 0.9900249376558603, 'recall': 0.9925, 'f1-score': 0.9912609238451936, 'support': 400.0}, 'TCP': {'precision': 0.9875311720698254, 'recall': 0.99, 'f1-score': 0.9887640449438203, 'support': 400.0}, 'UDP': {'precision': 0.9803921568627451, 'recall': 1.0, 'f1-score': 0.99009900990099, 'support': 400.0}, 'scan': {'precision': 0.98, 'recall': 0.98, 'f1-score': 0.98, 'support': 400.0}, 'theft': {'precision': 0.9817351598173516, 'recall': 0.9598214285714286, 'f1-score': 0.9706546275395034, 'support': 224.0}, 'accuracy': 0.9822134387351779, 'macro avg': {'precision': 0.9806309984180577, 'recall': 0.9770535714285714, 'f1-score': 0.9787795567344538, 'support': 2024.0}, 'weighted avg': {'precision': 0.982168228880915, 'recall': 0.9822134387351779, 'f1-score': 0.9821422800791964, 'support': 2024.0}}","[[188   1   0   6   4   1]
 [  1 397   2   0   0   0]
 [  0   3 396   0   1   0]
 [  0   0   0 400   0   0]
 [  0   0   3   2 392   3]
 [  6   0   0   0   3 215]]",0.0004477500915527344,0.010672807693481445
136,BoT_IoT,-1,None,QuantileTransformer,LDA,0.9495989644447458,-1,-1,98.61660079051383,95.28869047619048,0.8300395256916997,95.27386471418285,95.25918571693613,-1,"{'0Normal': {'precision': 0.9128205128205128, 'recall': 0.89, 'f1-score': 0.9012658227848102, 'support': 200.0}, 'HTTP': {'precision': 0.9693877551020408, 'recall': 0.95, 'f1-score': 0.9595959595959594, 'support': 400.0}, 'TCP': {'precision': 0.9589371980676329, 'recall': 0.9925, 'f1-score': 0.9754299754299756, 'support': 400.0}, 'UDP': {'precision': 0.9706601466992665, 'recall': 0.9925, 'f1-score': 0.9814585908529048, 'support': 400.0}, 'scan': {'precision': 0.9738903394255874, 'recall': 0.9325, 'f1-score': 0.9527458492975734, 'support': 400.0}, 'theft': {'precision': 0.9307359307359307, 'recall': 0.9598214285714286, 'f1-score': 0.9450549450549451, 'support': 224.0}, 'accuracy': 0.958498023715415, 'macro avg': {'precision': 0.9527386471418285, 'recall': 0.9528869047619049, 'f1-score': 0.9525918571693613, 'support': 2024.0}, 'weighted avg': {'precision': 0.9585964065053172, 'recall': 0.958498023715415, 'f1-score': 0.9583189833596022, 'support': 2024.0}}","[[178   4   1   9   8   0]
 [ 11 380   5   0   1   3]
 [  0   2 397   0   1   0]
 [  0   0   3 397   0   0]
 [  2   2   7   3 373  13]
 [  4   4   1   0   0 215]]",0.00461888313293457,0.0001914501190185547
137,BoT_IoT,-1,None,QuantileTransformer,MLP,0.9897907966020854,-1,-1,99.72002635046113,99.05357142857144,0.16798418972332016,98.94806538131479,98.99545364681,-1,"{'0Normal': {'precision': 0.9660194174757282, 'recall': 0.995, 'f1-score': 0.9802955665024631, 'support': 200.0}, 'HTTP': {'precision': 0.9950124688279302, 'recall': 0.9975, 'f1-score': 0.9962546816479401, 'support': 400.0}, 'TCP': {'precision': 0.9925187032418953, 'recall': 0.995, 'f1-score': 0.9937578027465668, 'support': 400.0}, 'UDP': {'precision': 1.0, 'recall': 1.0, 'f1-score': 1.0, 'support': 400.0}, 'scan': {'precision': 0.9924242424242424, 'recall': 0.9825, 'f1-score': 0.9874371859296482, 'support': 400.0}, 'theft': {'precision': 0.990909090909091, 'recall': 0.9732142857142857, 'f1-score': 0.9819819819819819, 'support': 224.0}, 'accuracy': 0.991600790513834, 'macro avg': {'precision': 0.9894806538131479, 'recall': 0.9905357142857144, 'f1-score': 0.9899545364681, 'support': 2024.0}, 'weighted avg': {'precision': 0.9916747458776725, 'recall': 0.991600790513834, 'f1-score': 0.9916022457480824, 'support': 2024.0}}","[[199   0   0   0   1   0]
 [  1 399   0   0   0   0]
 [  0   2 398   0   0   0]
 [  0   0   0 400   0   0]
 [  2   0   3   0 393   2]
 [  4   0   0   0   2 218]]",2.274559497833252,0.0006499290466308594
138,BoT_IoT,-1,None,QuantileTransformer,LGBM,0.9957972726114468,-1,-1,99.88471673254283,99.5684523809524,0.0691699604743083,99.47042402754855,99.5161369754455,-1,"{'0Normal': {'precision': 0.9707317073170731, 'recall': 0.995, 'f1-score': 0.982716049382716, 'support': 200.0}, 'HTTP': {'precision': 1.0, 'recall': 0.9975, 'f1-score': 0.9987484355444306, 'support': 400.0}, 'TCP': {'precision': 1.0, 'recall': 1.0, 'f1-score': 1.0, 'support': 400.0}, 'UDP': {'precision': 1.0, 'recall': 1.0, 'f1-score': 1.0, 'support': 400.0}, 'scan': {'precision': 0.9974937343358395, 'recall': 0.995, 'f1-score': 0.9962453066332916, 'support': 400.0}, 'theft': {'precision': 1.0, 'recall': 0.9866071428571429, 'f1-score': 0.9932584269662922, 'support': 224.0}, 'accuracy': 0.9965415019762845, 'macro avg': {'precision': 0.9947042402754854, 'recall': 0.9956845238095239, 'f1-score': 0.995161369754455, 'support': 2024.0}, 'weighted avg': {'precision': 0.9966125667973075, 'recall': 0.9965415019762845, 'f1-score': 0.9965566177806726, 'support': 2024.0}}","[[199   0   0   0   1   0]
 [  1 399   0   0   0   0]
 [  0   0 400   0   0   0]
 [  0   0   0 400   0   0]
 [  2   0   0   0 398   0]
 [  3   0   0   0   0 221]]",0.9515326023101807,0.011729955673217773
139,BoT_IoT,-1,None,QuantileTransformer,RF,0.991600221846598,-1,-1,99.76943346508564,99.21130952380953,0.1383399209486166,99.03867739081157,99.11822532607944,-1,"{'0Normal': {'precision': 0.961352657004831, 'recall': 0.995, 'f1-score': 0.977886977886978, 'support': 200.0}, 'HTTP': {'precision': 1.0, 'recall': 0.9975, 'f1-score': 0.9987484355444306, 'support': 400.0}, 'TCP': {'precision': 0.9925558312655087, 'recall': 1.0, 'f1-score': 0.9962640099626401, 'support': 400.0}, 'UDP': {'precision': 1.0, 'recall': 1.0, 'f1-score': 1.0, 'support': 400.0}, 'scan': {'precision': 0.9974619289340102, 'recall': 0.9825, 'f1-score': 0.9899244332493703, 'support': 400.0}, 'theft': {'precision': 0.9909502262443439, 'recall': 0.9776785714285714, 'f1-score': 0.9842696629213483, 'support': 224.0}, 'accuracy': 0.9930830039525692, 'macro avg': {'precision': 0.9903867739081157, 'recall': 0.9921130952380953, 'f1-score': 0.9911822532607945, 'support': 2024.0}, 'weighted avg': {'precision': 0.9932067619365152, 'recall': 0.9930830039525692, 'f1-score': 0.9930971104616373, 'support': 2024.0}}","[[199   0   0   0   1   0]
 [  1 399   0   0   0   0]
 [  0   0 400   0   0   0]
 [  0   0   0 400   0   0]
 [  2   0   3   0 393   2]
 [  5   0   0   0   0 219]]",0.5616941452026367,0.009464025497436523
140,BoT_IoT,-1,None,QuantileTransformer,NuSVC,0.9159367828150311,-1,-1,97.67786561264822,93.02380952380952,1.3932806324110671,92.61316161176238,92.68259306742964,-1,"{'0Normal': {'precision': 0.8243243243243243, 'recall': 0.915, 'f1-score': 0.8672985781990522, 'support': 200.0}, 'HTTP': {'precision': 0.9226804123711341, 'recall': 0.895, 'f1-score': 0.9086294416243655, 'support': 400.0}, 'TCP': {'precision': 0.8853932584269663, 'recall': 0.985, 'f1-score': 0.9325443786982248, 'support': 400.0}, 'UDP': {'precision': 0.9792746113989638, 'recall': 0.945, 'f1-score': 0.9618320610687023, 'support': 400.0}, 'scan': {'precision': 0.9944444444444445, 'recall': 0.895, 'f1-score': 0.9421052631578948, 'support': 400.0}, 'theft': {'precision': 0.9506726457399103, 'recall': 0.9464285714285714, 'f1-score': 0.9485458612975392, 'support': 224.0}, 'accuracy': 0.9303359683794467, 'macro avg': {'precision': 0.9261316161176238, 'recall': 0.9302380952380952, 'f1-score': 0.9268259306742964, 'support': 2024.0}, 'weighted avg': {'precision': 0.934057622612257, 'recall': 0.9303359683794467, 'f1-score': 0.9308193905089596, 'support': 2024.0}}","[[183   4   5   8   0   0]
 [ 12 358  23   0   0   7]
 [  0   3 394   0   2   1]
 [ 16   0   6 378   0   0]
 [  5  19  15   0 358   3]
 [  6   4   2   0   0 212]]",0.6108675003051758,0.18712854385375977
141,BoT_IoT,-1,None,QuantileTransformer,SGD,0.9759815405676723,-1,-1,99.34123847167325,97.7470238095238,0.3952569169960474,97.65482743431015,97.69127139032862,-1,"{'0Normal': {'precision': 0.9323671497584541, 'recall': 0.965, 'f1-score': 0.9484029484029484, 'support': 200.0}, 'HTTP': {'precision': 0.9898477157360406, 'recall': 0.975, 'f1-score': 0.982367758186398, 'support': 400.0}, 'TCP': {'precision': 0.972972972972973, 'recall': 0.99, 'f1-score': 0.9814126394052045, 'support': 400.0}, 'UDP': {'precision': 0.9950248756218906, 'recall': 1.0, 'f1-score': 0.9975062344139651, 'support': 400.0}, 'scan': {'precision': 0.9873417721518988, 'recall': 0.975, 'f1-score': 0.9811320754716981, 'support': 400.0}, 'theft': {'precision': 0.9817351598173516, 'recall': 0.9598214285714286, 'f1-score': 0.9706546275395034, 'support': 224.0}, 'accuracy': 0.9802371541501976, 'macro avg': {'precision': 0.9765482743431014, 'recall': 0.977470238095238, 'f1-score': 0.9769127139032863, 'support': 2024.0}, 'weighted avg': {'precision': 0.980462964596788, 'recall': 0.9802371541501976, 'f1-score': 0.9802740658302098, 'support': 2024.0}}","[[193   1   2   2   2   0]
 [  7 390   2   0   0   1]
 [  1   2 396   0   1   0]
 [  0   0   0 400   0   0]
 [  2   1   4   0 390   3]
 [  4   0   3   0   2 215]]",0.0666208267211914,0.0005199909210205078
142,BoT_IoT,-1,poly,QuantileTransformer,HHHv2,0.9699421844598861,-1,-1,99.17654808959156,97.42548749964203,0.4940711462450593,96.83333333333334,97.11412971737163,-1,"{'0Normal': {'precision': 0.925, 'recall': 0.9736842105263158, 'f1-score': 0.9487179487179489, 'support': 190.0}, 'HTTP': {'precision': 0.985, 'recall': 0.9680589680589681, 'f1-score': 0.976456009913259, 'support': 407.0}, 'TCP': {'precision': 0.99, 'recall': 0.9850746268656716, 'f1-score': 0.9875311720698254, 'support': 402.0}, 'UDP': {'precision': 0.9925, 'recall': 0.9851116625310173, 'f1-score': 0.9887920298879203, 'support': 403.0}, 'scan': {'precision': 0.98, 'recall': 0.9702970297029703, 'f1-score': 0.9751243781094527, 'support': 404.0}, 'theft': {'precision': 0.9375, 'recall': 0.963302752293578, 'f1-score': 0.9502262443438915, 'support': 218.0}, 'accuracy': 0.9752964426877471, 'macro avg': {'precision': 0.9683333333333334, 'recall': 0.9742548749964203, 'f1-score': 0.9711412971737162, 'support': 2024.0}, 'weighted avg': {'precision': 0.975739871541502, 'recall': 0.9752964426877471, 'f1-score': 0.9754171420608675, 'support': 2024.0}}","[[185   1   2   0   0   2]
 [  8 394   1   1   1   2]
 [  1   0 396   1   3   1]
 [  1   1   0 397   0   4]
 [  3   2   1   1 392   5]
 [  2   2   0   0   4 210]]",308.65477681159973,0.18387794494628906
143,BoT_IoT,-1,None,QuantileTransformer,KNN,0.9783604469557842,-1,-1,99.40711462450594,97.70535714285714,0.3557312252964427,98.06309984180577,97.87795567344538,-1,"{'0Normal': {'precision': 0.9641025641025641, 'recall': 0.94, 'f1-score': 0.9518987341772152, 'support': 200.0}, 'HTTP': {'precision': 0.9900249376558603, 'recall': 0.9925, 'f1-score': 0.9912609238451936, 'support': 400.0}, 'TCP': {'precision': 0.9875311720698254, 'recall': 0.99, 'f1-score': 0.9887640449438203, 'support': 400.0}, 'UDP': {'precision': 0.9803921568627451, 'recall': 1.0, 'f1-score': 0.99009900990099, 'support': 400.0}, 'scan': {'precision': 0.98, 'recall': 0.98, 'f1-score': 0.98, 'support': 400.0}, 'theft': {'precision': 0.9817351598173516, 'recall': 0.9598214285714286, 'f1-score': 0.9706546275395034, 'support': 224.0}, 'accuracy': 0.9822134387351779, 'macro avg': {'precision': 0.9806309984180577, 'recall': 0.9770535714285714, 'f1-score': 0.9787795567344538, 'support': 2024.0}, 'weighted avg': {'precision': 0.982168228880915, 'recall': 0.9822134387351779, 'f1-score': 0.9821422800791964, 'support': 2024.0}}","[[188   1   0   6   4   1]
 [  1 397   2   0   0   0]
 [  0   3 396   0   1   0]
 [  0   0   0 400   0   0]
 [  0   0   3   2 392   3]
 [  6   0   0   0   3 215]]",0.00041866302490234375,0.01107931137084961
144,BoT_IoT,-1,None,QuantileTransformer,LDA,0.9495989644447458,-1,-1,98.61660079051383,95.28869047619048,0.8300395256916997,95.27386471418285,95.25918571693613,-1,"{'0Normal': {'precision': 0.9128205128205128, 'recall': 0.89, 'f1-score': 0.9012658227848102, 'support': 200.0}, 'HTTP': {'precision': 0.9693877551020408, 'recall': 0.95, 'f1-score': 0.9595959595959594, 'support': 400.0}, 'TCP': {'precision': 0.9589371980676329, 'recall': 0.9925, 'f1-score': 0.9754299754299756, 'support': 400.0}, 'UDP': {'precision': 0.9706601466992665, 'recall': 0.9925, 'f1-score': 0.9814585908529048, 'support': 400.0}, 'scan': {'precision': 0.9738903394255874, 'recall': 0.9325, 'f1-score': 0.9527458492975734, 'support': 400.0}, 'theft': {'precision': 0.9307359307359307, 'recall': 0.9598214285714286, 'f1-score': 0.9450549450549451, 'support': 224.0}, 'accuracy': 0.958498023715415, 'macro avg': {'precision': 0.9527386471418285, 'recall': 0.9528869047619049, 'f1-score': 0.9525918571693613, 'support': 2024.0}, 'weighted avg': {'precision': 0.9585964065053172, 'recall': 0.958498023715415, 'f1-score': 0.9583189833596022, 'support': 2024.0}}","[[178   4   1   9   8   0]
 [ 11 380   5   0   1   3]
 [  0   2 397   0   1   0]
 [  0   0   3 397   0   0]
 [  2   2   7   3 373  13]
 [  4   4   1   0   0 215]]",0.004786968231201172,0.00020647048950195312
145,BoT_IoT,-1,None,QuantileTransformer,MLP,0.9897907966020854,-1,-1,99.72002635046113,99.05357142857144,0.16798418972332016,98.94806538131479,98.99545364681,-1,"{'0Normal': {'precision': 0.9660194174757282, 'recall': 0.995, 'f1-score': 0.9802955665024631, 'support': 200.0}, 'HTTP': {'precision': 0.9950124688279302, 'recall': 0.9975, 'f1-score': 0.9962546816479401, 'support': 400.0}, 'TCP': {'precision': 0.9925187032418953, 'recall': 0.995, 'f1-score': 0.9937578027465668, 'support': 400.0}, 'UDP': {'precision': 1.0, 'recall': 1.0, 'f1-score': 1.0, 'support': 400.0}, 'scan': {'precision': 0.9924242424242424, 'recall': 0.9825, 'f1-score': 0.9874371859296482, 'support': 400.0}, 'theft': {'precision': 0.990909090909091, 'recall': 0.9732142857142857, 'f1-score': 0.9819819819819819, 'support': 224.0}, 'accuracy': 0.991600790513834, 'macro avg': {'precision': 0.9894806538131479, 'recall': 0.9905357142857144, 'f1-score': 0.9899545364681, 'support': 2024.0}, 'weighted avg': {'precision': 0.9916747458776725, 'recall': 0.991600790513834, 'f1-score': 0.9916022457480824, 'support': 2024.0}}","[[199   0   0   0   1   0]
 [  1 399   0   0   0   0]
 [  0   2 398   0   0   0]
 [  0   0   0 400   0   0]
 [  2   0   3   0 393   2]
 [  4   0   0   0   2 218]]",2.289564609527588,0.0006711483001708984
146,BoT_IoT,-1,None,QuantileTransformer,LGBM,0.9957972726114468,-1,-1,99.88471673254283,99.5684523809524,0.0691699604743083,99.47042402754855,99.5161369754455,-1,"{'0Normal': {'precision': 0.9707317073170731, 'recall': 0.995, 'f1-score': 0.982716049382716, 'support': 200.0}, 'HTTP': {'precision': 1.0, 'recall': 0.9975, 'f1-score': 0.9987484355444306, 'support': 400.0}, 'TCP': {'precision': 1.0, 'recall': 1.0, 'f1-score': 1.0, 'support': 400.0}, 'UDP': {'precision': 1.0, 'recall': 1.0, 'f1-score': 1.0, 'support': 400.0}, 'scan': {'precision': 0.9974937343358395, 'recall': 0.995, 'f1-score': 0.9962453066332916, 'support': 400.0}, 'theft': {'precision': 1.0, 'recall': 0.9866071428571429, 'f1-score': 0.9932584269662922, 'support': 224.0}, 'accuracy': 0.9965415019762845, 'macro avg': {'precision': 0.9947042402754854, 'recall': 0.9956845238095239, 'f1-score': 0.995161369754455, 'support': 2024.0}, 'weighted avg': {'precision': 0.9966125667973075, 'recall': 0.9965415019762845, 'f1-score': 0.9965566177806726, 'support': 2024.0}}","[[199   0   0   0   1   0]
 [  1 399   0   0   0   0]
 [  0   0 400   0   0   0]
 [  0   0   0 400   0   0]
 [  2   0   0   0 398   0]
 [  3   0   0   0   0 221]]",0.980515718460083,0.00919485092163086
147,BoT_IoT,-1,None,QuantileTransformer,RF,0.991600221846598,-1,-1,99.76943346508564,99.21130952380953,0.1383399209486166,99.03867739081157,99.11822532607944,-1,"{'0Normal': {'precision': 0.961352657004831, 'recall': 0.995, 'f1-score': 0.977886977886978, 'support': 200.0}, 'HTTP': {'precision': 1.0, 'recall': 0.9975, 'f1-score': 0.9987484355444306, 'support': 400.0}, 'TCP': {'precision': 0.9925558312655087, 'recall': 1.0, 'f1-score': 0.9962640099626401, 'support': 400.0}, 'UDP': {'precision': 1.0, 'recall': 1.0, 'f1-score': 1.0, 'support': 400.0}, 'scan': {'precision': 0.9974619289340102, 'recall': 0.9825, 'f1-score': 0.9899244332493703, 'support': 400.0}, 'theft': {'precision': 0.9909502262443439, 'recall': 0.9776785714285714, 'f1-score': 0.9842696629213483, 'support': 224.0}, 'accuracy': 0.9930830039525692, 'macro avg': {'precision': 0.9903867739081157, 'recall': 0.9921130952380953, 'f1-score': 0.9911822532607945, 'support': 2024.0}, 'weighted avg': {'precision': 0.9932067619365152, 'recall': 0.9930830039525692, 'f1-score': 0.9930971104616373, 'support': 2024.0}}","[[199   0   0   0   1   0]
 [  1 399   0   0   0   0]
 [  0   0 400   0   0   0]
 [  0   0   0 400   0   0]
 [  2   0   3   0 393   2]
 [  5   0   0   0   0 219]]",0.5777966976165771,0.009337425231933594
148,BoT_IoT,-1,None,QuantileTransformer,NuSVC,0.9159367828150311,-1,-1,97.67786561264822,93.02380952380952,1.3932806324110671,92.61316161176238,92.68259306742964,-1,"{'0Normal': {'precision': 0.8243243243243243, 'recall': 0.915, 'f1-score': 0.8672985781990522, 'support': 200.0}, 'HTTP': {'precision': 0.9226804123711341, 'recall': 0.895, 'f1-score': 0.9086294416243655, 'support': 400.0}, 'TCP': {'precision': 0.8853932584269663, 'recall': 0.985, 'f1-score': 0.9325443786982248, 'support': 400.0}, 'UDP': {'precision': 0.9792746113989638, 'recall': 0.945, 'f1-score': 0.9618320610687023, 'support': 400.0}, 'scan': {'precision': 0.9944444444444445, 'recall': 0.895, 'f1-score': 0.9421052631578948, 'support': 400.0}, 'theft': {'precision': 0.9506726457399103, 'recall': 0.9464285714285714, 'f1-score': 0.9485458612975392, 'support': 224.0}, 'accuracy': 0.9303359683794467, 'macro avg': {'precision': 0.9261316161176238, 'recall': 0.9302380952380952, 'f1-score': 0.9268259306742964, 'support': 2024.0}, 'weighted avg': {'precision': 0.934057622612257, 'recall': 0.9303359683794467, 'f1-score': 0.9308193905089596, 'support': 2024.0}}","[[183   4   5   8   0   0]
 [ 12 358  23   0   0   7]
 [  0   3 394   0   2   1]
 [ 16   0   6 378   0   0]
 [  5  19  15   0 358   3]
 [  6   4   2   0   0 212]]",0.606062650680542,0.18795180320739746
149,BoT_IoT,-1,None,QuantileTransformer,SGD,0.9759815405676723,-1,-1,99.34123847167325,97.7470238095238,0.3952569169960474,97.65482743431015,97.69127139032862,-1,"{'0Normal': {'precision': 0.9323671497584541, 'recall': 0.965, 'f1-score': 0.9484029484029484, 'support': 200.0}, 'HTTP': {'precision': 0.9898477157360406, 'recall': 0.975, 'f1-score': 0.982367758186398, 'support': 400.0}, 'TCP': {'precision': 0.972972972972973, 'recall': 0.99, 'f1-score': 0.9814126394052045, 'support': 400.0}, 'UDP': {'precision': 0.9950248756218906, 'recall': 1.0, 'f1-score': 0.9975062344139651, 'support': 400.0}, 'scan': {'precision': 0.9873417721518988, 'recall': 0.975, 'f1-score': 0.9811320754716981, 'support': 400.0}, 'theft': {'precision': 0.9817351598173516, 'recall': 0.9598214285714286, 'f1-score': 0.9706546275395034, 'support': 224.0}, 'accuracy': 0.9802371541501976, 'macro avg': {'precision': 0.9765482743431014, 'recall': 0.977470238095238, 'f1-score': 0.9769127139032863, 'support': 2024.0}, 'weighted avg': {'precision': 0.980462964596788, 'recall': 0.9802371541501976, 'f1-score': 0.9802740658302098, 'support': 2024.0}}","[[193   1   2   2   2   0]
 [  7 390   2   0   0   1]
 [  1   2 396   0   1   0]
 [  0   0   0 400   0   0]
 [  2   1   4   0 390   3]
 [  4   0   3   0   2 215]]",0.07181096076965332,0.0004410743713378906
150,BoT_IoT,-1,linear,QuantileTransformer,HHHv2,0.9274474931409511,-1,-1,98.0072463768116,93.91210309257532,1.1956521739130435,92.37797619047618,92.97906698889625,-1,"{'0Normal': {'precision': 0.875, 'recall': 0.8974358974358975, 'f1-score': 0.8860759493670887, 'support': 195.0}, 'HTTP': {'precision': 0.96, 'recall': 0.9624060150375939, 'f1-score': 0.9612015018773467, 'support': 399.0}, 'TCP': {'precision': 0.9875, 'recall': 0.9634146341463414, 'f1-score': 0.9753086419753086, 'support': 410.0}, 'UDP': {'precision': 0.985, 'recall': 0.9704433497536946, 'f1-score': 0.977667493796526, 'support': 406.0}, 'scan': {'precision': 0.945, 'recall': 0.8790697674418605, 'f1-score': 0.9108433734939759, 'support': 430.0}, 'theft': {'precision': 0.7901785714285714, 'recall': 0.9619565217391305, 'f1-score': 0.8676470588235293, 'support': 184.0}, 'accuracy': 0.9402173913043478, 'macro avg': {'precision': 0.9237797619047617, 'recall': 0.9391210309257532, 'f1-score': 0.9297906698889625, 'support': 2024.0}, 'weighted avg': {'precision': 0.9437711744776961, 'recall': 0.9402173913043478, 'f1-score': 0.9409206840379688, 'support': 2024.0}}","[[175  12   0   0   4   4]
 [  5 384   4   0   2   4]
 [  1   3 395   3   8   0]
 [  7   0   0 394   5   0]
 [  9   0   1   3 378  39]
 [  3   1   0   0   3 177]]",306.5842213630676,0.035886526107788086
151,BoT_IoT,-1,None,QuantileTransformer,KNN,0.9783604469557842,-1,-1,99.40711462450594,97.70535714285714,0.3557312252964427,98.06309984180577,97.87795567344538,-1,"{'0Normal': {'precision': 0.9641025641025641, 'recall': 0.94, 'f1-score': 0.9518987341772152, 'support': 200.0}, 'HTTP': {'precision': 0.9900249376558603, 'recall': 0.9925, 'f1-score': 0.9912609238451936, 'support': 400.0}, 'TCP': {'precision': 0.9875311720698254, 'recall': 0.99, 'f1-score': 0.9887640449438203, 'support': 400.0}, 'UDP': {'precision': 0.9803921568627451, 'recall': 1.0, 'f1-score': 0.99009900990099, 'support': 400.0}, 'scan': {'precision': 0.98, 'recall': 0.98, 'f1-score': 0.98, 'support': 400.0}, 'theft': {'precision': 0.9817351598173516, 'recall': 0.9598214285714286, 'f1-score': 0.9706546275395034, 'support': 224.0}, 'accuracy': 0.9822134387351779, 'macro avg': {'precision': 0.9806309984180577, 'recall': 0.9770535714285714, 'f1-score': 0.9787795567344538, 'support': 2024.0}, 'weighted avg': {'precision': 0.982168228880915, 'recall': 0.9822134387351779, 'f1-score': 0.9821422800791964, 'support': 2024.0}}","[[188   1   0   6   4   1]
 [  1 397   2   0   0   0]
 [  0   3 396   0   1   0]
 [  0   0   0 400   0   0]
 [  0   0   3   2 392   3]
 [  6   0   0   0   3 215]]",0.00041937828063964844,0.00982046127319336
152,BoT_IoT,-1,None,QuantileTransformer,LDA,0.9495989644447458,-1,-1,98.61660079051383,95.28869047619048,0.8300395256916997,95.27386471418285,95.25918571693613,-1,"{'0Normal': {'precision': 0.9128205128205128, 'recall': 0.89, 'f1-score': 0.9012658227848102, 'support': 200.0}, 'HTTP': {'precision': 0.9693877551020408, 'recall': 0.95, 'f1-score': 0.9595959595959594, 'support': 400.0}, 'TCP': {'precision': 0.9589371980676329, 'recall': 0.9925, 'f1-score': 0.9754299754299756, 'support': 400.0}, 'UDP': {'precision': 0.9706601466992665, 'recall': 0.9925, 'f1-score': 0.9814585908529048, 'support': 400.0}, 'scan': {'precision': 0.9738903394255874, 'recall': 0.9325, 'f1-score': 0.9527458492975734, 'support': 400.0}, 'theft': {'precision': 0.9307359307359307, 'recall': 0.9598214285714286, 'f1-score': 0.9450549450549451, 'support': 224.0}, 'accuracy': 0.958498023715415, 'macro avg': {'precision': 0.9527386471418285, 'recall': 0.9528869047619049, 'f1-score': 0.9525918571693613, 'support': 2024.0}, 'weighted avg': {'precision': 0.9585964065053172, 'recall': 0.958498023715415, 'f1-score': 0.9583189833596022, 'support': 2024.0}}","[[178   4   1   9   8   0]
 [ 11 380   5   0   1   3]
 [  0   2 397   0   1   0]
 [  0   0   3 397   0   0]
 [  2   2   7   3 373  13]
 [  4   4   1   0   0 215]]",0.006030559539794922,0.00020766258239746094
153,BoT_IoT,-1,None,QuantileTransformer,MLP,0.9897907966020854,-1,-1,99.72002635046113,99.05357142857144,0.16798418972332016,98.94806538131479,98.99545364681,-1,"{'0Normal': {'precision': 0.9660194174757282, 'recall': 0.995, 'f1-score': 0.9802955665024631, 'support': 200.0}, 'HTTP': {'precision': 0.9950124688279302, 'recall': 0.9975, 'f1-score': 0.9962546816479401, 'support': 400.0}, 'TCP': {'precision': 0.9925187032418953, 'recall': 0.995, 'f1-score': 0.9937578027465668, 'support': 400.0}, 'UDP': {'precision': 1.0, 'recall': 1.0, 'f1-score': 1.0, 'support': 400.0}, 'scan': {'precision': 0.9924242424242424, 'recall': 0.9825, 'f1-score': 0.9874371859296482, 'support': 400.0}, 'theft': {'precision': 0.990909090909091, 'recall': 0.9732142857142857, 'f1-score': 0.9819819819819819, 'support': 224.0}, 'accuracy': 0.991600790513834, 'macro avg': {'precision': 0.9894806538131479, 'recall': 0.9905357142857144, 'f1-score': 0.9899545364681, 'support': 2024.0}, 'weighted avg': {'precision': 0.9916747458776725, 'recall': 0.991600790513834, 'f1-score': 0.9916022457480824, 'support': 2024.0}}","[[199   0   0   0   1   0]
 [  1 399   0   0   0   0]
 [  0   2 398   0   0   0]
 [  0   0   0 400   0   0]
 [  2   0   3   0 393   2]
 [  4   0   0   0   2 218]]",2.2753753662109375,0.0006976127624511719
154,BoT_IoT,-1,None,QuantileTransformer,LGBM,0.9957972726114468,-1,-1,99.88471673254283,99.5684523809524,0.0691699604743083,99.47042402754855,99.5161369754455,-1,"{'0Normal': {'precision': 0.9707317073170731, 'recall': 0.995, 'f1-score': 0.982716049382716, 'support': 200.0}, 'HTTP': {'precision': 1.0, 'recall': 0.9975, 'f1-score': 0.9987484355444306, 'support': 400.0}, 'TCP': {'precision': 1.0, 'recall': 1.0, 'f1-score': 1.0, 'support': 400.0}, 'UDP': {'precision': 1.0, 'recall': 1.0, 'f1-score': 1.0, 'support': 400.0}, 'scan': {'precision': 0.9974937343358395, 'recall': 0.995, 'f1-score': 0.9962453066332916, 'support': 400.0}, 'theft': {'precision': 1.0, 'recall': 0.9866071428571429, 'f1-score': 0.9932584269662922, 'support': 224.0}, 'accuracy': 0.9965415019762845, 'macro avg': {'precision': 0.9947042402754854, 'recall': 0.9956845238095239, 'f1-score': 0.995161369754455, 'support': 2024.0}, 'weighted avg': {'precision': 0.9966125667973075, 'recall': 0.9965415019762845, 'f1-score': 0.9965566177806726, 'support': 2024.0}}","[[199   0   0   0   1   0]
 [  1 399   0   0   0   0]
 [  0   0 400   0   0   0]
 [  0   0   0 400   0   0]
 [  2   0   0   0 398   0]
 [  3   0   0   0   0 221]]",0.9415943622589111,0.008586645126342773
155,BoT_IoT,-1,None,QuantileTransformer,RF,0.991600221846598,-1,-1,99.76943346508564,99.21130952380953,0.1383399209486166,99.03867739081157,99.11822532607944,-1,"{'0Normal': {'precision': 0.961352657004831, 'recall': 0.995, 'f1-score': 0.977886977886978, 'support': 200.0}, 'HTTP': {'precision': 1.0, 'recall': 0.9975, 'f1-score': 0.9987484355444306, 'support': 400.0}, 'TCP': {'precision': 0.9925558312655087, 'recall': 1.0, 'f1-score': 0.9962640099626401, 'support': 400.0}, 'UDP': {'precision': 1.0, 'recall': 1.0, 'f1-score': 1.0, 'support': 400.0}, 'scan': {'precision': 0.9974619289340102, 'recall': 0.9825, 'f1-score': 0.9899244332493703, 'support': 400.0}, 'theft': {'precision': 0.9909502262443439, 'recall': 0.9776785714285714, 'f1-score': 0.9842696629213483, 'support': 224.0}, 'accuracy': 0.9930830039525692, 'macro avg': {'precision': 0.9903867739081157, 'recall': 0.9921130952380953, 'f1-score': 0.9911822532607945, 'support': 2024.0}, 'weighted avg': {'precision': 0.9932067619365152, 'recall': 0.9930830039525692, 'f1-score': 0.9930971104616373, 'support': 2024.0}}","[[199   0   0   0   1   0]
 [  1 399   0   0   0   0]
 [  0   0 400   0   0   0]
 [  0   0   0 400   0   0]
 [  2   0   3   0 393   2]
 [  5   0   0   0   0 219]]",0.5728802680969238,0.00946187973022461
156,BoT_IoT,-1,None,QuantileTransformer,NuSVC,0.9159367828150311,-1,-1,97.67786561264822,93.02380952380952,1.3932806324110671,92.61316161176238,92.68259306742964,-1,"{'0Normal': {'precision': 0.8243243243243243, 'recall': 0.915, 'f1-score': 0.8672985781990522, 'support': 200.0}, 'HTTP': {'precision': 0.9226804123711341, 'recall': 0.895, 'f1-score': 0.9086294416243655, 'support': 400.0}, 'TCP': {'precision': 0.8853932584269663, 'recall': 0.985, 'f1-score': 0.9325443786982248, 'support': 400.0}, 'UDP': {'precision': 0.9792746113989638, 'recall': 0.945, 'f1-score': 0.9618320610687023, 'support': 400.0}, 'scan': {'precision': 0.9944444444444445, 'recall': 0.895, 'f1-score': 0.9421052631578948, 'support': 400.0}, 'theft': {'precision': 0.9506726457399103, 'recall': 0.9464285714285714, 'f1-score': 0.9485458612975392, 'support': 224.0}, 'accuracy': 0.9303359683794467, 'macro avg': {'precision': 0.9261316161176238, 'recall': 0.9302380952380952, 'f1-score': 0.9268259306742964, 'support': 2024.0}, 'weighted avg': {'precision': 0.934057622612257, 'recall': 0.9303359683794467, 'f1-score': 0.9308193905089596, 'support': 2024.0}}","[[183   4   5   8   0   0]
 [ 12 358  23   0   0   7]
 [  0   3 394   0   2   1]
 [ 16   0   6 378   0   0]
 [  5  19  15   0 358   3]
 [  6   4   2   0   0 212]]",0.6109297275543213,0.18575000762939453
157,BoT_IoT,-1,None,QuantileTransformer,SGD,0.9759815405676723,-1,-1,99.34123847167325,97.7470238095238,0.3952569169960474,97.65482743431015,97.69127139032862,-1,"{'0Normal': {'precision': 0.9323671497584541, 'recall': 0.965, 'f1-score': 0.9484029484029484, 'support': 200.0}, 'HTTP': {'precision': 0.9898477157360406, 'recall': 0.975, 'f1-score': 0.982367758186398, 'support': 400.0}, 'TCP': {'precision': 0.972972972972973, 'recall': 0.99, 'f1-score': 0.9814126394052045, 'support': 400.0}, 'UDP': {'precision': 0.9950248756218906, 'recall': 1.0, 'f1-score': 0.9975062344139651, 'support': 400.0}, 'scan': {'precision': 0.9873417721518988, 'recall': 0.975, 'f1-score': 0.9811320754716981, 'support': 400.0}, 'theft': {'precision': 0.9817351598173516, 'recall': 0.9598214285714286, 'f1-score': 0.9706546275395034, 'support': 224.0}, 'accuracy': 0.9802371541501976, 'macro avg': {'precision': 0.9765482743431014, 'recall': 0.977470238095238, 'f1-score': 0.9769127139032863, 'support': 2024.0}, 'weighted avg': {'precision': 0.980462964596788, 'recall': 0.9802371541501976, 'f1-score': 0.9802740658302098, 'support': 2024.0}}","[[193   1   2   2   2   0]
 [  7 390   2   0   0   1]
 [  1   2 396   0   1   0]
 [  0   0   0 400   0   0]
 [  2   1   4   0 390   3]
 [  4   0   3   0   2 215]]",0.06735444068908691,0.0004906654357910156
158,BoT_IoT,-1,sigmoid,QuantileTransformer,HHHv2,0.8396161970322888,-1,-1,95.60276679841897,85.20846129145852,2.6383399209486167,84.84523809523809,84.85776312236908,-1,"{'0Normal': {'precision': 0.595, 'recall': 0.7345679012345679, 'f1-score': 0.6574585635359117, 'support': 162.0}, 'HTTP': {'precision': 0.8875, 'recall': 0.8875, 'f1-score': 0.8875, 'support': 400.0}, 'TCP': {'precision': 0.8625, 'recall': 0.8891752577319587, 'f1-score': 0.8756345177664975, 'support': 388.0}, 'UDP': {'precision': 0.915, 'recall': 0.8755980861244019, 'f1-score': 0.8948655256723717, 'support': 418.0}, 'scan': {'precision': 0.92, 'recall': 0.8997555012224939, 'f1-score': 0.9097651421508035, 'support': 409.0}, 'theft': {'precision': 0.9107142857142857, 'recall': 0.8259109311740891, 'f1-score': 0.8662420382165604, 'support': 247.0}, 'accuracy': 0.8680830039525692, 'macro avg': {'precision': 0.8484523809523808, 'recall': 0.8520846129145853, 'f1-score': 0.8485776312236908, 'support': 2024.0}, 'weighted avg': {'precision': 0.8743757058159232, 'recall': 0.8680830039525692, 'f1-score': 0.8702391287037743, 'support': 2024.0}}","[[119  12  13   7   7   4]
 [ 18 355   9   8   3   7]
 [ 22  10 345   4   3   4]
 [ 22   8  11 366  11   0]
 [  6   5  15  10 368   5]
 [ 13  10   7   5   8 204]]",307.1860876083374,0.12077760696411133
159,BoT_IoT,3,None,StandardScaler,KNN,0.9213025288583834,-1,-1,97.80961791831358,93.5565476190476,1.3142292490118577,92.77050120570104,92.8895217873528,-1,"{'0Normal': {'precision': 0.935, 'recall': 0.935, 'f1-score': 0.935, 'support': 200.0}, 'HTTP': {'precision': 0.9497607655502392, 'recall': 0.9925, 'f1-score': 0.9706601466992666, 'support': 400.0}, 'TCP': {'precision': 0.9316037735849056, 'recall': 0.9875, 'f1-score': 0.9587378640776699, 'support': 400.0}, 'UDP': {'precision': 0.9948453608247423, 'recall': 0.965, 'f1-score': 0.9796954314720813, 'support': 400.0}, 'scan': {'precision': 0.9542682926829268, 'recall': 0.7825, 'f1-score': 0.8598901098901098, 'support': 400.0}, 'theft': {'precision': 0.8007518796992481, 'recall': 0.9508928571428571, 'f1-score': 0.8693877551020408, 'support': 224.0}, 'accuracy': 0.9342885375494071, 'macro avg': {'precision': 0.9277050120570104, 'recall': 0.935565476190476, 'f1-score': 0.928895217873528, 'support': 2024.0}, 'weighted avg': {'precision': 0.9380235662597614, 'recall': 0.9342885375494071, 'f1-score': 0.933466540513097, 'support': 2024.0}}","[[187   5   0   2   5   1]
 [  1 397   1   0   1   0]
 [  1   1 395   0   3   0]
 [  7   1   6 386   0   0]
 [  0  13  22   0 313  52]
 [  4   1   0   0   6 213]]",0.0018558502197265625,0.08980274200439453
160,BoT_IoT,3,None,StandardScaler,LDA,0.8825349499114415,-1,-1,96.6403162055336,85.32738095238095,2.0158102766798423,92.57215235646942,85.62724420084874,-1,"{'0Normal': {'precision': 0.9832402234636871, 'recall': 0.88, 'f1-score': 0.9287598944591029, 'support': 200.0}, 'HTTP': {'precision': 0.9850374064837906, 'recall': 0.9875, 'f1-score': 0.9862671660424469, 'support': 400.0}, 'TCP': {'precision': 0.9706601466992665, 'recall': 0.9925, 'f1-score': 0.9814585908529048, 'support': 400.0}, 'UDP': {'precision': 0.9448441247002398, 'recall': 0.985, 'f1-score': 0.9645042839657283, 'support': 400.0}, 'scan': {'precision': 0.7140255009107468, 'recall': 0.98, 'f1-score': 0.8261327713382508, 'support': 400.0}, 'theft': {'precision': 0.9565217391304348, 'recall': 0.29464285714285715, 'f1-score': 0.4505119453924914, 'support': 224.0}, 'accuracy': 0.8992094861660079, 'macro avg': {'precision': 0.9257215235646942, 'recall': 0.8532738095238095, 'f1-score': 0.8562724420084874, 'support': 2024.0}, 'weighted avg': {'precision': 0.9173595779523578, 'recall': 0.8992094861660079, 'f1-score': 0.8843931717092247, 'support': 2024.0}}","[[176   2   1  13   6   2]
 [  1 395   0   4   0   0]
 [  0   1 397   0   2   0]
 [  0   0   6 394   0   0]
 [  0   1   4   2 392   1]
 [  2   2   1   4 149  66]]",0.577728271484375,0.002750873565673828
161,BoT_IoT,3,None,StandardScaler,MLP,0.9711662628472115,-1,-1,99.2094861660079,97.41369047619047,0.47430830039525695,97.25014614199004,97.32801856215289,-1,"{'0Normal': {'precision': 0.9554455445544554, 'recall': 0.965, 'f1-score': 0.9601990049751244, 'support': 200.0}, 'HTTP': {'precision': 0.9800498753117207, 'recall': 0.9825, 'f1-score': 0.9812734082397004, 'support': 400.0}, 'TCP': {'precision': 0.9802955665024631, 'recall': 0.995, 'f1-score': 0.9875930521091811, 'support': 400.0}, 'UDP': {'precision': 1.0, 'recall': 0.985, 'f1-score': 0.9924433249370278, 'support': 400.0}, 'scan': {'precision': 0.9720812182741116, 'recall': 0.9575, 'f1-score': 0.964735516372796, 'support': 400.0}, 'theft': {'precision': 0.947136563876652, 'recall': 0.9598214285714286, 'f1-score': 0.9534368070953437, 'support': 224.0}, 'accuracy': 0.9762845849802372, 'macro avg': {'precision': 0.9725014614199005, 'recall': 0.9741369047619047, 'f1-score': 0.9732801856215288, 'support': 2024.0}, 'weighted avg': {'precision': 0.9763924719637249, 'recall': 0.9762845849802372, 'f1-score': 0.9762983035809605, 'support': 2024.0}}","[[193   5   0   0   2   0]
 [  1 393   0   0   6   0]
 [  0   1 398   0   1   0]
 [  1   0   5 394   0   0]
 [  1   1   3   0 383  12]
 [  6   1   0   0   2 215]]",4.4765098094940186,0.005235910415649414
162,BoT_IoT,3,None,StandardScaler,LGBM,0.9916018523799821,-1,-1,99.76943346508564,99.24404761904762,0.1383399209486166,99.03924916665406,99.13495336940949,-1,"{'0Normal': {'precision': 0.961352657004831, 'recall': 0.995, 'f1-score': 0.977886977886978, 'support': 200.0}, 'HTTP': {'precision': 1.0, 'recall': 0.9975, 'f1-score': 0.9987484355444306, 'support': 400.0}, 'TCP': {'precision': 0.9925558312655087, 'recall': 1.0, 'f1-score': 0.9962640099626401, 'support': 400.0}, 'UDP': {'precision': 1.0, 'recall': 1.0, 'f1-score': 1.0, 'support': 400.0}, 'scan': {'precision': 0.9974554707379135, 'recall': 0.98, 'f1-score': 0.9886506935687264, 'support': 400.0}, 'theft': {'precision': 0.990990990990991, 'recall': 0.9821428571428571, 'f1-score': 0.9865470852017937, 'support': 224.0}, 'accuracy': 0.9930830039525692, 'macro avg': {'precision': 0.9903924916665406, 'recall': 0.9924404761904762, 'f1-score': 0.9913495336940948, 'support': 2024.0}, 'weighted avg': {'precision': 0.9932099971266389, 'recall': 0.9930830039525692, 'f1-score': 0.9930974299866187, 'support': 2024.0}}","[[199   0   0   0   1   0]
 [  1 399   0   0   0   0]
 [  0   0 400   0   0   0]
 [  0   0   0 400   0   0]
 [  3   0   3   0 392   2]
 [  4   0   0   0   0 220]]",9.78557538986206,0.013931035995483398
163,BoT_IoT,3,None,StandardScaler,RF,0.9849952097544988,-1,-1,99.58827404479578,98.63690476190476,0.24703557312252966,98.54679882637272,98.58531631008273,-1,"{'0Normal': {'precision': 0.9609756097560975, 'recall': 0.985, 'f1-score': 0.9728395061728395, 'support': 200.0}, 'HTTP': {'precision': 0.9974874371859297, 'recall': 0.9925, 'f1-score': 0.9949874686716792, 'support': 400.0}, 'TCP': {'precision': 0.9779951100244498, 'recall': 1.0, 'f1-score': 0.9888751545117428, 'support': 400.0}, 'UDP': {'precision': 1.0, 'recall': 0.985, 'f1-score': 0.9924433249370278, 'support': 400.0}, 'scan': {'precision': 0.9899244332493703, 'recall': 0.9825, 'f1-score': 0.986198243412798, 'support': 400.0}, 'theft': {'precision': 0.9864253393665159, 'recall': 0.9732142857142857, 'f1-score': 0.9797752808988764, 'support': 224.0}, 'accuracy': 0.9876482213438735, 'macro avg': {'precision': 0.9854679882637272, 'recall': 0.9863690476190476, 'f1-score': 0.9858531631008273, 'support': 2024.0}, 'weighted avg': {'precision': 0.9878049358464521, 'recall': 0.9876482213438735, 'f1-score': 0.9876676090756993, 'support': 2024.0}}","[[197   1   0   0   2   0]
 [  3 397   0   0   0   0]
 [  0   0 400   0   0   0]
 [  0   0   6 394   0   0]
 [  1   0   3   0 393   3]
 [  4   0   0   0   2 218]]",1.1470694541931152,0.015656709671020508
164,BoT_IoT,3,None,StandardScaler,NuSVC,0.8091073291124626,-1,-1,94.66403162055336,80.51785714285714,3.2015810276679844,86.40159785434291,80.43056302930893,-1,"{'0Normal': {'precision': 0.8248847926267281, 'recall': 0.895, 'f1-score': 0.8585131894484412, 'support': 200.0}, 'HTTP': {'precision': 0.8069815195071869, 'recall': 0.9825, 'f1-score': 0.8861330326944759, 'support': 400.0}, 'TCP': {'precision': 0.9733333333333334, 'recall': 0.9125, 'f1-score': 0.9419354838709678, 'support': 400.0}, 'UDP': {'precision': 0.997289972899729, 'recall': 0.92, 'f1-score': 0.9570871261378413, 'support': 400.0}, 'scan': {'precision': 0.6500994035785288, 'recall': 0.8175, 'f1-score': 0.7242524916943522, 'support': 400.0}, 'theft': {'precision': 0.9315068493150684, 'recall': 0.30357142857142855, 'f1-score': 0.4579124579124578, 'support': 224.0}, 'accuracy': 0.8399209486166008, 'macro avg': {'precision': 0.8640159785434292, 'recall': 0.8051785714285714, 'f1-score': 0.8043056302930892, 'support': 2024.0}, 'weighted avg': {'precision': 0.8620139251479407, 'recall': 0.8399209486166008, 'f1-score': 0.8290702975400859, 'support': 2024.0}}","[[179  20   0   1   0   0]
 [  6 393   1   0   0   0]
 [  0   7 365   0  28   0]
 [ 16  10   6 368   0   0]
 [  8  57   3   0 327   5]
 [  8   0   0   0 148  68]]",0.7109243869781494,0.8232190608978271
165,BoT_IoT,3,None,StandardScaler,SGD,0.8825012812420452,-1,-1,96.65678524374177,86.18452380952382,2.0059288537549405,91.74373453152147,85.84381236247259,-1,"{'0Normal': {'precision': 0.8981481481481481, 'recall': 0.97, 'f1-score': 0.9326923076923077, 'support': 200.0}, 'HTTP': {'precision': 0.985, 'recall': 0.985, 'f1-score': 0.985, 'support': 400.0}, 'TCP': {'precision': 0.9611650485436893, 'recall': 0.99, 'f1-score': 0.9753694581280788, 'support': 400.0}, 'UDP': {'precision': 0.98989898989899, 'recall': 0.98, 'f1-score': 0.9849246231155778, 'support': 400.0}, 'scan': {'precision': 0.7126654064272212, 'recall': 0.9425, 'f1-score': 0.8116254036598493, 'support': 400.0}, 'theft': {'precision': 0.9577464788732394, 'recall': 0.30357142857142855, 'f1-score': 0.4610169491525424, 'support': 224.0}, 'accuracy': 0.8997035573122529, 'macro avg': {'precision': 0.9174373453152147, 'recall': 0.8618452380952383, 'f1-score': 0.8584381236247259, 'support': 2024.0}, 'weighted avg': {'precision': 0.9158382504175866, 'recall': 0.8997035573122529, 'f1-score': 0.8856591166551548, 'support': 2024.0}}","[[194   0   0   4   1   1]
 [  5 394   0   0   1   0]
 [  0   1 396   0   3   0]
 [  2   0   6 392   0   0]
 [ 10   1  10   0 377   2]
 [  5   4   0   0 147  68]]",0.2500302791595459,0.0029609203338623047
166,BoT_IoT,3,None,StandardScaler,HHHv2,0.881919251874541,-1,-1,96.6403162055336,90.83309437562507,2.0158102766798423,85.41071428571428,85.60513907786725,-1,"{'0Normal': {'precision': 0.89, 'recall': 0.978021978021978, 'f1-score': 0.9319371727748691, 'support': 182.0}, 'HTTP': {'precision': 0.9875, 'recall': 0.9729064039408867, 'f1-score': 0.9801488833746899, 'support': 406.0}, 'TCP': {'precision': 0.9925, 'recall': 0.980246913580247, 'f1-score': 0.9863354037267081, 'support': 405.0}, 'UDP': {'precision': 0.9925, 'recall': 0.9706601466992665, 'f1-score': 0.9814585908529048, 'support': 409.0}, 'scan': {'precision': 0.9675, 'recall': 0.712707182320442, 'f1-score': 0.8207847295864262, 'support': 543.0}, 'theft': {'precision': 0.29464285714285715, 'recall': 0.8354430379746836, 'f1-score': 0.43564356435643564, 'support': 79.0}, 'accuracy': 0.8992094861660079, 'macro avg': {'precision': 0.8541071428571428, 'recall': 0.9083309437562507, 'f1-score': 0.8560513907786724, 'support': 2024.0}, 'weighted avg': {'precision': 0.9483346273291926, 'recall': 0.8992094861660079, 'f1-score': 0.9133089743146705, 'support': 2024.0}}","[[178   1   0   1   0   2]
 [  2 395   1   2   3   3]
 [  3   0 397   0   5   0]
 [  6   2   1 397   1   2]
 [  4   0   1   0 387 151]
 [  7   2   0   0   4  66]]",8.807581186294556,0.08722090721130371
167,BoT_IoT,3,None,StandardScaler,KNN,0.9591428868060561,-1,-1,98.88010540184453,96.37202380952381,0.6719367588932806,96.27499170469163,96.31518023741413,-1,"{'0Normal': {'precision': 0.9591836734693877, 'recall': 0.94, 'f1-score': 0.9494949494949495, 'support': 200.0}, 'HTTP': {'precision': 0.9849624060150376, 'recall': 0.9825, 'f1-score': 0.983729662077597, 'support': 400.0}, 'TCP': {'precision': 0.9701492537313433, 'recall': 0.975, 'f1-score': 0.972568578553616, 'support': 400.0}, 'UDP': {'precision': 0.9874371859296482, 'recall': 0.9825, 'f1-score': 0.9849624060150376, 'support': 400.0}, 'scan': {'precision': 0.952020202020202, 'recall': 0.9425, 'f1-score': 0.9472361809045227, 'support': 400.0}, 'theft': {'precision': 0.9227467811158798, 'recall': 0.9598214285714286, 'f1-score': 0.9409190371991247, 'support': 224.0}, 'accuracy': 0.9664031620553359, 'macro avg': {'precision': 0.9627499170469163, 'recall': 0.9637202380952381, 'f1-score': 0.9631518023741412, 'support': 2024.0}, 'weighted avg': {'precision': 0.9665808462165648, 'recall': 0.9664031620553359, 'f1-score': 0.966434577693628, 'support': 2024.0}}","[[188   3   0   3   5   1]
 [  2 393   1   1   3   0]
 [  0   1 390   1   8   0]
 [  1   0   6 393   0   0]
 [  0   1   5   0 377  17]
 [  5   1   0   0   3 215]]",0.0030927658081054688,0.1490633487701416
168,BoT_IoT,3,None,StandardScaler,LDA,0.8831058629760528,-1,-1,96.65678524374177,85.40178571428571,2.0059288537549405,92.37275795755525,85.6329304527391,-1,"{'0Normal': {'precision': 0.9565217391304348, 'recall': 0.88, 'f1-score': 0.9166666666666666, 'support': 200.0}, 'HTTP': {'precision': 0.9899244332493703, 'recall': 0.9825, 'f1-score': 0.986198243412798, 'support': 400.0}, 'TCP': {'precision': 0.9636803874092009, 'recall': 0.995, 'f1-score': 0.979089790897909, 'support': 400.0}, 'UDP': {'precision': 0.9610705596107056, 'recall': 0.9875, 'f1-score': 0.9741060419235512, 'support': 400.0}, 'scan': {'precision': 0.7140255009107468, 'recall': 0.98, 'f1-score': 0.8261327713382508, 'support': 400.0}, 'theft': {'precision': 0.9571428571428572, 'recall': 0.29910714285714285, 'f1-score': 0.45578231292517, 'support': 224.0}, 'accuracy': 0.8997035573122529, 'macro avg': {'precision': 0.9237275795755525, 'recall': 0.854017857142857, 'f1-score': 0.856329304527391, 'support': 2024.0}, 'weighted avg': {'precision': 0.9175813736650674, 'recall': 0.8997035573122529, 'f1-score': 0.8851972877754817, 'support': 2024.0}}","[[176   2   5  10   6   1]
 [  4 393   0   2   1   0]
 [  0   0 398   0   2   0]
 [  0   0   5 395   0   0]
 [  1   1   4   0 392   2]
 [  3   1   1   4 148  67]]",0.807908296585083,0.0038442611694335938
169,BoT_IoT,3,None,StandardScaler,MLP,0.9789809601887545,-1,-1,99.4235836627141,98.07142857142857,0.3458498023715415,98.16169383252274,98.10906737234735,-1,"{'0Normal': {'precision': 0.9605911330049262, 'recall': 0.975, 'f1-score': 0.9677419354838709, 'support': 200.0}, 'HTTP': {'precision': 0.9924242424242424, 'recall': 0.9825, 'f1-score': 0.9874371859296482, 'support': 400.0}, 'TCP': {'precision': 0.9754901960784313, 'recall': 0.995, 'f1-score': 0.9851485148514851, 'support': 400.0}, 'UDP': {'precision': 1.0, 'recall': 0.985, 'f1-score': 0.9924433249370278, 'support': 400.0}, 'scan': {'precision': 0.9703703703703703, 'recall': 0.9825, 'f1-score': 0.9763975155279503, 'support': 400.0}, 'theft': {'precision': 0.9908256880733946, 'recall': 0.9642857142857143, 'f1-score': 0.9773755656108598, 'support': 224.0}, 'accuracy': 0.982707509881423, 'macro avg': {'precision': 0.9816169383252275, 'recall': 0.9807142857142858, 'f1-score': 0.9810906737234736, 'support': 2024.0}, 'weighted avg': {'precision': 0.9828938262246262, 'recall': 0.982707509881423, 'f1-score': 0.9827327718834246, 'support': 2024.0}}","[[195   1   1   0   3   0]
 [  1 393   0   0   6   0]
 [  0   1 398   0   1   0]
 [  0   0   6 394   0   0]
 [  2   0   3   0 393   2]
 [  5   1   0   0   2 216]]",8.434797525405884,0.005378007888793945
170,BoT_IoT,3,None,StandardScaler,LGBM,0.9921934107130453,-1,-1,99.78590250329381,99.24404761904762,0.12845849802371542,99.18489614210239,99.21121006352021,-1,"{'0Normal': {'precision': 0.9705882352941176, 'recall': 0.99, 'f1-score': 0.9801980198019802, 'support': 200.0}, 'HTTP': {'precision': 0.9975, 'recall': 0.9975, 'f1-score': 0.9975, 'support': 400.0}, 'TCP': {'precision': 0.9925558312655087, 'recall': 1.0, 'f1-score': 0.9962640099626401, 'support': 400.0}, 'UDP': {'precision': 0.9975062344139651, 'recall': 1.0, 'f1-score': 0.9987515605493134, 'support': 400.0}, 'scan': {'precision': 0.9974683544303797, 'recall': 0.985, 'f1-score': 0.9911949685534591, 'support': 400.0}, 'theft': {'precision': 0.995475113122172, 'recall': 0.9821428571428571, 'f1-score': 0.9887640449438202, 'support': 224.0}, 'accuracy': 0.9935770750988142, 'macro avg': {'precision': 0.9918489614210239, 'recall': 0.9924404761904762, 'f1-score': 0.992112100635202, 'support': 2024.0}, 'weighted avg': {'precision': 0.9936345061472982, 'recall': 0.9935770750988142, 'f1-score': 0.9935805166274588, 'support': 2024.0}}","[[198   0   0   1   1   0]
 [  1 399   0   0   0   0]
 [  0   0 400   0   0   0]
 [  0   0   0 400   0   0]
 [  1   1   3   0 394   1]
 [  4   0   0   0   0 220]]",12.91220235824585,0.01560068130493164
171,BoT_IoT,3,None,StandardScaler,RF,0.9843888405985579,-1,-1,99.57180500658761,98.62797619047619,0.25691699604743085,98.50061554560955,98.55803310495766,-1,"{'0Normal': {'precision': 0.9563106796116505, 'recall': 0.985, 'f1-score': 0.9704433497536945, 'support': 200.0}, 'HTTP': {'precision': 0.9924812030075187, 'recall': 0.99, 'f1-score': 0.9912390488110137, 'support': 400.0}, 'TCP': {'precision': 0.9778325123152709, 'recall': 0.9925, 'f1-score': 0.9851116625310173, 'support': 400.0}, 'UDP': {'precision': 1.0, 'recall': 0.985, 'f1-score': 0.9924433249370278, 'support': 400.0}, 'scan': {'precision': 0.992462311557789, 'recall': 0.9875, 'f1-score': 0.9899749373433584, 'support': 400.0}, 'theft': {'precision': 0.9909502262443439, 'recall': 0.9776785714285714, 'f1-score': 0.9842696629213483, 'support': 224.0}, 'accuracy': 0.9871541501976284, 'macro avg': {'precision': 0.9850061554560955, 'recall': 0.986279761904762, 'f1-score': 0.9855803310495767, 'support': 2024.0}, 'weighted avg': {'precision': 0.9873248010638808, 'recall': 0.9871541501976284, 'f1-score': 0.9871900513310711, 'support': 2024.0}}","[[197   1   0   0   1   1]
 [  4 396   0   0   0   0]
 [  0   2 397   0   1   0]
 [  0   0   6 394   0   0]
 [  1   0   3   0 395   1]
 [  4   0   0   0   1 219]]",1.923276424407959,0.015348672866821289
172,BoT_IoT,3,None,StandardScaler,NuSVC,0.8252008268933775,-1,-1,94.99341238471673,80.02678571428574,3.0039525691699605,88.40876275566033,78.97890100317638,-1,"{'0Normal': {'precision': 0.794392523364486, 'recall': 0.85, 'f1-score': 0.8212560386473431, 'support': 200.0}, 'HTTP': {'precision': 0.9388753056234719, 'recall': 0.96, 'f1-score': 0.9493201483312732, 'support': 400.0}, 'TCP': {'precision': 0.9604221635883905, 'recall': 0.91, 'f1-score': 0.9345314505776637, 'support': 400.0}, 'UDP': {'precision': 0.9973614775725593, 'recall': 0.945, 'f1-score': 0.9704749679075737, 'support': 400.0}, 'scan': {'precision': 0.6384742951907131, 'recall': 0.9625, 'f1-score': 0.7676969092721835, 'support': 400.0}, 'theft': {'precision': 0.975, 'recall': 0.17410714285714285, 'f1-score': 0.2954545454545454, 'support': 224.0}, 'accuracy': 0.849802371541502, 'macro avg': {'precision': 0.8840876275566033, 'recall': 0.8002678571428573, 'f1-score': 0.7897890100317637, 'support': 2024.0}, 'weighted avg': {'precision': 0.8850453564540273, 'recall': 0.849802371541502, 'f1-score': 0.829665225467769, 'support': 2024.0}}","[[170   2   0   1  27   0]
 [  9 384   5   0   2   0]
 [  1   2 364   0  33   0]
 [ 13   3   6 378   0   0]
 [  9   1   4   0 385   1]
 [ 12  17   0   0 156  39]]",3.7758805751800537,1.8784923553466797
173,BoT_IoT,3,None,StandardScaler,SGD,0.876096605705431,-1,-1,96.45915678524374,85.66071428571428,2.124505928853755,91.0741547958724,85.22658044410841,-1,"{'0Normal': {'precision': 0.8783783783783784, 'recall': 0.975, 'f1-score': 0.9241706161137442, 'support': 200.0}, 'HTTP': {'precision': 0.9896103896103896, 'recall': 0.9525, 'f1-score': 0.9707006369426752, 'support': 400.0}, 'TCP': {'precision': 0.9725, 'recall': 0.9725, 'f1-score': 0.9725, 'support': 400.0}, 'UDP': {'precision': 0.9974683544303797, 'recall': 0.985, 'f1-score': 0.9911949685534591, 'support': 400.0}, 'scan': {'precision': 0.6969147005444646, 'recall': 0.96, 'f1-score': 0.8075709779179809, 'support': 400.0}, 'theft': {'precision': 0.9295774647887324, 'recall': 0.29464285714285715, 'f1-score': 0.44745762711864406, 'support': 224.0}, 'accuracy': 0.8937747035573123, 'macro avg': {'precision': 0.9107415479587241, 'recall': 0.8566071428571428, 'f1-score': 0.852265804441084, 'support': 2024.0}, 'weighted avg': {'precision': 0.912301583805556, 'recall': 0.8937747035573123, 'f1-score': 0.880361296967871, 'support': 2024.0}}","[[195   3   0   1   1   0]
 [ 10 381   1   0   6   2]
 [  0   0 389   0  11   0]
 [  0   0   6 394   0   0]
 [  9   0   4   0 384   3]
 [  8   1   0   0 149  66]]",0.6504945755004883,0.0029506683349609375
174,BoT_IoT,3,rbf,StandardScaler,HHHv2,0.9645567314997423,-1,-1,99.02832674571805,96.80413654046085,0.5830039525691699,96.59821428571428,96.6922493303646,-1,"{'0Normal': {'precision': 0.93, 'recall': 0.9538461538461539, 'f1-score': 0.9417721518987343, 'support': 195.0}, 'HTTP': {'precision': 0.9875, 'recall': 0.9610705596107056, 'f1-score': 0.9741060419235512, 'support': 411.0}, 'TCP': {'precision': 0.99, 'recall': 0.972972972972973, 'f1-score': 0.9814126394052045, 'support': 407.0}, 'UDP': {'precision': 0.985, 'recall': 1.0, 'f1-score': 0.9924433249370278, 'support': 394.0}, 'scan': {'precision': 0.9525, 'recall': 0.9694656488549618, 'f1-score': 0.9609079445145018, 'support': 393.0}, 'theft': {'precision': 0.9508928571428571, 'recall': 0.9508928571428571, 'f1-score': 0.9508928571428571, 'support': 224.0}, 'accuracy': 0.9708498023715415, 'macro avg': {'precision': 0.9659821428571428, 'recall': 0.9680413654046084, 'f1-score': 0.9669224933036461, 'support': 2024.0}, 'weighted avg': {'precision': 0.97112895256917, 'recall': 0.9708498023715415, 'f1-score': 0.970898018432875, 'support': 2024.0}}","[[186   1   1   0   2   5]
 [  8 395   2   0   2   4]
 [  2   0 396   3   5   1]
 [  0   0   0 394   0   0]
 [  3   4   1   3 381   1]
 [  1   0   0   0  10 213]]",58.53237462043762,0.15604734420776367
175,BoT_IoT,3,None,StandardScaler,KNN,0.9527316240115477,-1,-1,98.69894598155467,95.99702380952381,0.7806324110671937,95.57203215327323,95.72585708312094,-1,"{'0Normal': {'precision': 0.9693877551020408, 'recall': 0.95, 'f1-score': 0.9595959595959594, 'support': 200.0}, 'HTTP': {'precision': 0.9778325123152709, 'recall': 0.9925, 'f1-score': 0.9851116625310173, 'support': 400.0}, 'TCP': {'precision': 0.967741935483871, 'recall': 0.975, 'f1-score': 0.9713574097135741, 'support': 400.0}, 'UDP': {'precision': 0.9924242424242424, 'recall': 0.9825, 'f1-score': 0.9874371859296482, 'support': 400.0}, 'scan': {'precision': 0.96, 'recall': 0.9, 'f1-score': 0.9290322580645162, 'support': 400.0}, 'theft': {'precision': 0.8669354838709677, 'recall': 0.9598214285714286, 'f1-score': 0.9110169491525424, 'support': 224.0}, 'accuracy': 0.9609683794466403, 'macro avg': {'precision': 0.9557203215327322, 'recall': 0.9599702380952381, 'f1-score': 0.9572585708312095, 'support': 2024.0}, 'weighted avg': {'precision': 0.9620902052850093, 'recall': 0.9609683794466403, 'f1-score': 0.9610486141427192, 'support': 2024.0}}","[[190   3   0   2   3   2]
 [  1 397   1   0   1   0]
 [  0   1 390   1   8   0]
 [  0   1   6 393   0   0]
 [  0   3   6   0 360  31]
 [  5   1   0   0   3 215]]",0.003045797348022461,0.17615318298339844
176,BoT_IoT,3,None,StandardScaler,LDA,0.8807753647929228,-1,-1,96.5909090909091,85.16071428571426,2.0454545454545454,92.42197697245147,85.39336143088704,-1,"{'0Normal': {'precision': 0.9562841530054644, 'recall': 0.875, 'f1-score': 0.9138381201044387, 'support': 200.0}, 'HTTP': {'precision': 0.9899497487437185, 'recall': 0.985, 'f1-score': 0.9874686716791979, 'support': 400.0}, 'TCP': {'precision': 0.9635922330097088, 'recall': 0.9925, 'f1-score': 0.977832512315271, 'support': 400.0}, 'UDP': {'precision': 0.9539951573849879, 'recall': 0.985, 'f1-score': 0.9692496924969248, 'support': 400.0}, 'scan': {'precision': 0.7109090909090909, 'recall': 0.9775, 'f1-score': 0.8231578947368422, 'support': 400.0}, 'theft': {'precision': 0.9705882352941176, 'recall': 0.29464285714285715, 'f1-score': 0.4520547945205479, 'support': 224.0}, 'accuracy': 0.8977272727272727, 'macro avg': {'precision': 0.9242197697245147, 'recall': 0.8516071428571427, 'f1-score': 0.8539336143088704, 'support': 2024.0}, 'weighted avg': {'precision': 0.9170193119199496, 'recall': 0.8977272727272727, 'f1-score': 0.8829601810695578, 'support': 2024.0}}","[[175   3   3   9   9   1]
 [  3 394   0   3   0   0]
 [  0   1 397   0   2   0]
 [  0   0   6 394   0   0]
 [  0   0   5   3 391   1]
 [  5   0   1   4 148  66]]",0.7645161151885986,0.0028769969940185547
177,BoT_IoT,3,None,StandardScaler,MLP,0.9759645389839608,-1,-1,99.34123847167325,97.78869047619048,0.3952569169960474,97.77814715529671,97.78049050264282,-1,"{'0Normal': {'precision': 0.9603960396039604, 'recall': 0.97, 'f1-score': 0.9651741293532338, 'support': 200.0}, 'HTTP': {'precision': 0.985, 'recall': 0.985, 'f1-score': 0.985, 'support': 400.0}, 'TCP': {'precision': 0.9778869778869779, 'recall': 0.995, 'f1-score': 0.9863692688971498, 'support': 400.0}, 'UDP': {'precision': 1.0, 'recall': 0.985, 'f1-score': 0.9924433249370278, 'support': 400.0}, 'scan': {'precision': 0.974937343358396, 'recall': 0.9725, 'f1-score': 0.9737171464330413, 'support': 400.0}, 'theft': {'precision': 0.9684684684684685, 'recall': 0.9598214285714286, 'f1-score': 0.9641255605381166, 'support': 224.0}, 'accuracy': 0.9802371541501976, 'macro avg': {'precision': 0.977781471552967, 'recall': 0.9778869047619048, 'f1-score': 0.9778049050264283, 'support': 2024.0}, 'weighted avg': {'precision': 0.9803092259663431, 'recall': 0.9802371541501976, 'f1-score': 0.980242513605767, 'support': 2024.0}}","[[194   4   0   0   2   0]
 [  1 394   0   0   5   0]
 [  0   1 398   0   1   0]
 [  0   0   6 394   0   0]
 [  1   0   3   0 389   7]
 [  6   1   0   0   2 215]]",5.128059387207031,0.00499725341796875
178,BoT_IoT,3,None,StandardScaler,LGBM,0.9921897024595163,-1,-1,99.78590250329381,99.20238095238093,0.12845849802371542,99.18237908633375,99.19021014644488,-1,"{'0Normal': {'precision': 0.9704433497536946, 'recall': 0.985, 'f1-score': 0.977667493796526, 'support': 200.0}, 'HTTP': {'precision': 1.0, 'recall': 0.9975, 'f1-score': 0.9987484355444306, 'support': 400.0}, 'TCP': {'precision': 0.9925558312655087, 'recall': 1.0, 'f1-score': 0.9962640099626401, 'support': 400.0}, 'UDP': {'precision': 0.9975062344139651, 'recall': 1.0, 'f1-score': 0.9987515605493134, 'support': 400.0}, 'scan': {'precision': 0.9949622166246851, 'recall': 0.9875, 'f1-score': 0.9912170639899623, 'support': 400.0}, 'theft': {'precision': 0.995475113122172, 'recall': 0.9821428571428571, 'f1-score': 0.9887640449438202, 'support': 224.0}, 'accuracy': 0.9935770750988142, 'macro avg': {'precision': 0.9918237908633376, 'recall': 0.9920238095238094, 'f1-score': 0.9919021014644488, 'support': 2024.0}, 'weighted avg': {'precision': 0.9936189763892139, 'recall': 0.9935770750988142, 'f1-score': 0.9935815577298712, 'support': 2024.0}}","[[197   0   0   1   2   0]
 [  1 399   0   0   0   0]
 [  0   0 400   0   0   0]
 [  0   0   0 400   0   0]
 [  1   0   3   0 395   1]
 [  4   0   0   0   0 220]]",11.885416030883789,0.010634183883666992
179,BoT_IoT,3,None,StandardScaler,RF,0.9843984357623649,-1,-1,99.57180500658761,98.62797619047619,0.25691699604743085,98.47098333202844,98.54198723864874,-1,"{'0Normal': {'precision': 0.9563106796116505, 'recall': 0.985, 'f1-score': 0.9704433497536945, 'support': 200.0}, 'HTTP': {'precision': 0.9949622166246851, 'recall': 0.9875, 'f1-score': 0.9912170639899623, 'support': 400.0}, 'TCP': {'precision': 0.9755501222493888, 'recall': 0.9975, 'f1-score': 0.9864029666254636, 'support': 400.0}, 'UDP': {'precision': 1.0, 'recall': 0.985, 'f1-score': 0.9924433249370278, 'support': 400.0}, 'scan': {'precision': 0.9949494949494949, 'recall': 0.985, 'f1-score': 0.9899497487437187, 'support': 400.0}, 'theft': {'precision': 0.9864864864864865, 'recall': 0.9776785714285714, 'f1-score': 0.9820627802690582, 'support': 224.0}, 'accuracy': 0.9871541501976284, 'macro avg': {'precision': 0.9847098333202844, 'recall': 0.986279761904762, 'f1-score': 0.9854198723864874, 'support': 2024.0}, 'weighted avg': {'precision': 0.9873615822256573, 'recall': 0.9871541501976284, 'f1-score': 0.9871916869809667, 'support': 2024.0}}","[[197   1   1   0   1   0]
 [  4 395   0   0   0   1]
 [  0   1 399   0   0   0]
 [  0   0   6 394   0   0]
 [  1   0   3   0 394   2]
 [  4   0   0   0   1 219]]",1.8542275428771973,0.014798402786254883
180,BoT_IoT,3,None,StandardScaler,NuSVC,0.8099122643338741,-1,-1,94.54874835309617,77.65178571428572,3.2707509881422925,87.53231211943915,77.21730935932007,-1,"{'0Normal': {'precision': 0.7734806629834254, 'recall': 0.7, 'f1-score': 0.7349081364829396, 'support': 200.0}, 'HTTP': {'precision': 0.9323671497584541, 'recall': 0.965, 'f1-score': 0.9484029484029484, 'support': 400.0}, 'TCP': {'precision': 0.9656084656084656, 'recall': 0.9125, 'f1-score': 0.9383033419023135, 'support': 400.0}, 'UDP': {'precision': 0.9947229551451188, 'recall': 0.9425, 'f1-score': 0.9679075738125803, 'support': 400.0}, 'scan': {'precision': 0.6107594936708861, 'recall': 0.965, 'f1-score': 0.748062015503876, 'support': 400.0}, 'theft': {'precision': 0.975, 'recall': 0.17410714285714285, 'f1-score': 0.2954545454545454, 'support': 224.0}, 'accuracy': 0.8364624505928854, 'macro avg': {'precision': 0.8753231211943916, 'recall': 0.7765178571428573, 'f1-score': 0.7721730935932006, 'support': 2024.0}, 'weighted avg': {'precision': 0.8767190505285845, 'recall': 0.8364624505928854, 'f1-score': 0.817309188402714, 'support': 2024.0}}","[[140   4   0   1  55   0]
 [  9 386   3   0   2   0]
 [  0   1 365   1  33   0]
 [ 13   4   6 377   0   0]
 [  7   2   4   0 386   1]
 [ 12  17   0   0 156  39]]",3.424504041671753,1.7067985534667969
181,BoT_IoT,3,None,StandardScaler,SGD,0.8650961629956531,-1,-1,96.12977602108037,84.07738095238095,2.322134387351779,91.62152304036977,84.3644059038237,-1,"{'0Normal': {'precision': 0.917098445595855, 'recall': 0.885, 'f1-score': 0.900763358778626, 'support': 200.0}, 'HTTP': {'precision': 0.9848484848484849, 'recall': 0.975, 'f1-score': 0.9798994974874371, 'support': 400.0}, 'TCP': {'precision': 0.9715762273901809, 'recall': 0.94, 'f1-score': 0.9555273189326556, 'support': 400.0}, 'UDP': {'precision': 0.9899497487437185, 'recall': 0.985, 'f1-score': 0.9874686716791979, 'support': 400.0}, 'scan': {'precision': 0.6632302405498282, 'recall': 0.965, 'f1-score': 0.7861507128309572, 'support': 400.0}, 'theft': {'precision': 0.9705882352941176, 'recall': 0.29464285714285715, 'f1-score': 0.4520547945205479, 'support': 224.0}, 'accuracy': 0.883893280632411, 'macro avg': {'precision': 0.9162152304036977, 'recall': 0.8407738095238094, 'f1-score': 0.8436440590382369, 'support': 2024.0}, 'weighted avg': {'precision': 0.9113998687934478, 'recall': 0.883893280632411, 'f1-score': 0.8720510998519897, 'support': 2024.0}}","[[177   2   0   1  19   1]
 [  2 390   1   0   7   0]
 [  0   0 376   3  21   0]
 [  0   0   6 394   0   0]
 [  9   0   4   0 386   1]
 [  5   4   0   0 149  66]]",0.5887341499328613,0.002803802490234375
182,BoT_IoT,3,poly,StandardScaler,HHHv2,0.949623280388314,-1,-1,98.61660079051383,95.34561181900716,0.8300395256916997,94.69047619047618,94.92420174204996,-1,"{'0Normal': {'precision': 0.83, 'recall': 0.9540229885057471, 'f1-score': 0.8877005347593583, 'support': 174.0}, 'HTTP': {'precision': 0.9875, 'recall': 0.9610705596107056, 'f1-score': 0.9741060419235512, 'support': 411.0}, 'TCP': {'precision': 0.985, 'recall': 0.9680589680589681, 'f1-score': 0.976456009913259, 'support': 407.0}, 'UDP': {'precision': 0.9925, 'recall': 0.980246913580247, 'f1-score': 0.9863354037267081, 'support': 405.0}, 'scan': {'precision': 0.94, 'recall': 0.9665809768637532, 'f1-score': 0.953105196451204, 'support': 389.0}, 'theft': {'precision': 0.9464285714285714, 'recall': 0.8907563025210085, 'f1-score': 0.9177489177489176, 'support': 238.0}, 'accuracy': 0.958498023715415, 'macro avg': {'precision': 0.9469047619047618, 'recall': 0.9534561181900716, 'f1-score': 0.9492420174204996, 'support': 2024.0}, 'weighted avg': {'precision': 0.9604990118577076, 'recall': 0.958498023715415, 'f1-score': 0.9589343254281039, 'support': 2024.0}}","[[166   2   1   0   0   5]
 [  8 395   1   0   4   3]
 [  7   0 394   2   4   0]
 [  4   0   1 397   1   2]
 [  6   2   3   0 376   2]
 [  9   1   0   1  15 212]]",51.009482622146606,0.17534780502319336
183,BoT_IoT,3,None,StandardScaler,KNN,0.9030678099830265,-1,-1,97.266139657444,92.24702380952382,1.6403162055335967,91.40646132910254,91.16654946462931,-1,"{'0Normal': {'precision': 0.9540816326530612, 'recall': 0.935, 'f1-score': 0.9444444444444445, 'support': 200.0}, 'HTTP': {'precision': 0.9588377723970944, 'recall': 0.99, 'f1-score': 0.974169741697417, 'support': 400.0}, 'TCP': {'precision': 0.9184149184149184, 'recall': 0.985, 'f1-score': 0.9505428226779251, 'support': 400.0}, 'UDP': {'precision': 0.9923273657289002, 'recall': 0.97, 'f1-score': 0.9810366624525917, 'support': 400.0}, 'scan': {'precision': 0.9488054607508533, 'recall': 0.695, 'f1-score': 0.8023088023088023, 'support': 400.0}, 'theft': {'precision': 0.7119205298013245, 'recall': 0.9598214285714286, 'f1-score': 0.8174904942965779, 'support': 224.0}, 'accuracy': 0.9179841897233202, 'macro avg': {'precision': 0.9140646132910254, 'recall': 0.9224702380952382, 'f1-score': 0.9116654946462931, 'support': 2024.0}, 'weighted avg': {'precision': 0.9276881087563318, 'recall': 0.9179841897233202, 'f1-score': 0.9166155984515894, 'support': 2024.0}}","[[187   4   0   3   4   2]
 [  1 396   1   0   2   0]
 [  0   1 394   0   5   0]
 [  4   2   6 388   0   0]
 [  0   9  28   0 278  85]
 [  4   1   0   0   4 215]]",0.0016176700592041016,0.07490158081054688
184,BoT_IoT,3,None,StandardScaler,LDA,0.8813869638262928,-1,-1,96.62384716732542,85.35119047619048,2.025691699604743,91.2839202099947,85.65405166434022,-1,"{'0Normal': {'precision': 0.9777777777777777, 'recall': 0.88, 'f1-score': 0.9263157894736842, 'support': 200.0}, 'HTTP': {'precision': 0.9801488833746899, 'recall': 0.9875, 'f1-score': 0.9838107098381071, 'support': 400.0}, 'TCP': {'precision': 0.9660194174757282, 'recall': 0.995, 'f1-score': 0.9802955665024631, 'support': 400.0}, 'UDP': {'precision': 0.9680589680589681, 'recall': 0.985, 'f1-score': 0.976456009913259, 'support': 400.0}, 'scan': {'precision': 0.7132352941176471, 'recall': 0.97, 'f1-score': 0.8220338983050849, 'support': 400.0}, 'theft': {'precision': 0.8717948717948718, 'recall': 0.30357142857142855, 'f1-score': 0.45033112582781454, 'support': 224.0}, 'accuracy': 0.8987154150197628, 'macro avg': {'precision': 0.9128392020999471, 'recall': 0.8535119047619047, 'f1-score': 0.8565405166434021, 'support': 2024.0}, 'weighted avg': {'precision': 0.9099914189962549, 'recall': 0.8987154150197628, 'f1-score': 0.8849682825611329, 'support': 2024.0}}","[[176   4   2   6   5   7]
 [  1 395   0   4   0   0]
 [  0   0 398   0   2   0]
 [  0   1   5 394   0   0]
 [  1   1   6   1 388   3]
 [  2   2   1   2 149  68]]",0.47342705726623535,0.0027806758880615234
185,BoT_IoT,3,None,StandardScaler,MLP,0.9426238728652003,-1,-1,98.40250329380764,95.36309523809524,0.958498023715415,94.49468225851052,94.69568731156812,-1,"{'0Normal': {'precision': 0.964824120603015, 'recall': 0.96, 'f1-score': 0.9624060150375939, 'support': 200.0}, 'HTTP': {'precision': 0.9800498753117207, 'recall': 0.9825, 'f1-score': 0.9812734082397004, 'support': 400.0}, 'TCP': {'precision': 0.9683698296836983, 'recall': 0.995, 'f1-score': 0.9815043156596794, 'support': 400.0}, 'UDP': {'precision': 1.0, 'recall': 0.985, 'f1-score': 0.9924433249370278, 'support': 400.0}, 'scan': {'precision': 0.9681159420289855, 'recall': 0.835, 'f1-score': 0.8966442953020135, 'support': 400.0}, 'theft': {'precision': 0.7883211678832117, 'recall': 0.9642857142857143, 'f1-score': 0.8674698795180723, 'support': 224.0}, 'accuracy': 0.9520750988142292, 'macro avg': {'precision': 0.9449468225851052, 'recall': 0.9536309523809524, 'f1-score': 0.9469568731156812, 'support': 2024.0}, 'weighted avg': {'precision': 0.9566022848499034, 'recall': 0.9520750988142292, 'f1-score': 0.9523421905508574, 'support': 2024.0}}","[[192   5   0   0   2   1]
 [  1 393   0   0   6   0]
 [  0   1 398   0   1   0]
 [  0   0   6 394   0   0]
 [  1   1   7   0 334  57]
 [  5   1   0   0   2 216]]",4.7353904247283936,0.005378246307373047
186,BoT_IoT,3,None,StandardScaler,LGBM,0.9927984227315945,-1,-1,99.80237154150198,99.32738095238095,0.11857707509881424,99.19197860489648,99.25445042511355,-1,"{'0Normal': {'precision': 0.9660194174757282, 'recall': 0.995, 'f1-score': 0.9802955665024631, 'support': 200.0}, 'HTTP': {'precision': 1.0, 'recall': 0.9975, 'f1-score': 0.9987484355444306, 'support': 400.0}, 'TCP': {'precision': 0.9925558312655087, 'recall': 1.0, 'f1-score': 0.9962640099626401, 'support': 400.0}, 'UDP': {'precision': 1.0, 'recall': 1.0, 'f1-score': 1.0, 'support': 400.0}, 'scan': {'precision': 0.9974683544303797, 'recall': 0.985, 'f1-score': 0.9911949685534591, 'support': 400.0}, 'theft': {'precision': 0.995475113122172, 'recall': 0.9821428571428571, 'f1-score': 0.9887640449438202, 'support': 224.0}, 'accuracy': 0.9940711462450593, 'macro avg': {'precision': 0.9919197860489648, 'recall': 0.9932738095238095, 'f1-score': 0.9925445042511355, 'support': 2024.0}, 'weighted avg': {'precision': 0.9941699521308636, 'recall': 0.9940711462450593, 'f1-score': 0.9940836091858302, 'support': 2024.0}}","[[199   0   0   0   1   0]
 [  1 399   0   0   0   0]
 [  0   0 400   0   0   0]
 [  0   0   0 400   0   0]
 [  2   0   3   0 394   1]
 [  4   0   0   0   0 220]]",9.733455896377563,0.01104879379272461
187,BoT_IoT,3,None,StandardScaler,RF,0.9831942067740413,-1,-1,99.53886693017128,98.51190476190476,0.2766798418972332,98.3201738271649,98.40921722237522,-1,"{'0Normal': {'precision': 0.9563106796116505, 'recall': 0.985, 'f1-score': 0.9704433497536945, 'support': 200.0}, 'HTTP': {'precision': 0.9974811083123426, 'recall': 0.99, 'f1-score': 0.9937264742785445, 'support': 400.0}, 'TCP': {'precision': 0.9779411764705882, 'recall': 0.9975, 'f1-score': 0.9876237623762375, 'support': 400.0}, 'UDP': {'precision': 1.0, 'recall': 0.985, 'f1-score': 0.9924433249370278, 'support': 400.0}, 'scan': {'precision': 0.98989898989899, 'recall': 0.98, 'f1-score': 0.9849246231155778, 'support': 400.0}, 'theft': {'precision': 0.9775784753363229, 'recall': 0.9732142857142857, 'f1-score': 0.9753914988814317, 'support': 224.0}, 'accuracy': 0.9861660079051383, 'macro avg': {'precision': 0.9832017382716489, 'recall': 0.9851190476190476, 'f1-score': 0.9840921722237522, 'support': 2024.0}, 'weighted avg': {'precision': 0.9863479368925072, 'recall': 0.9861660079051383, 'f1-score': 0.9861974503869243, 'support': 2024.0}}","[[197   0   0   0   2   1]
 [  4 396   0   0   0   0]
 [  0   1 399   0   0   0]
 [  0   0   6 394   0   0]
 [  1   0   3   0 392   4]
 [  4   0   0   0   2 218]]",0.9673576354980469,0.013931989669799805
188,BoT_IoT,3,None,StandardScaler,NuSVC,0.7857125334292769,-1,-1,94.00527009222661,77.18452380952381,3.5968379446640317,85.23221296126117,77.98478417790459,-1,"{'0Normal': {'precision': 0.776536312849162, 'recall': 0.695, 'f1-score': 0.733509234828496, 'support': 200.0}, 'HTTP': {'precision': 0.8376623376623377, 'recall': 0.9675, 'f1-score': 0.8979118329466357, 'support': 400.0}, 'TCP': {'precision': 0.9761273209549072, 'recall': 0.92, 'f1-score': 0.9472329472329472, 'support': 400.0}, 'UDP': {'precision': 0.9973118279569892, 'recall': 0.9275, 'f1-score': 0.9611398963730571, 'support': 400.0}, 'scan': {'precision': 0.5818505338078291, 'recall': 0.8175, 'f1-score': 0.6798336798336798, 'support': 400.0}, 'theft': {'precision': 0.9444444444444444, 'recall': 0.30357142857142855, 'f1-score': 0.45945945945945943, 'support': 224.0}, 'accuracy': 0.8201581027667985, 'macro avg': {'precision': 0.8523221296126117, 'recall': 0.7718452380952381, 'f1-score': 0.7798478417790459, 'support': 2024.0}, 'weighted avg': {'precision': 0.8518002106117654, 'recall': 0.8201581027667985, 'f1-score': 0.8122866148414754, 'support': 2024.0}}","[[139   4   0   1  56   0]
 [ 13 387   0   0   0   0]
 [  0   2 368   0  30   0]
 [ 14   9   6 371   0   0]
 [  6  60   3   0 327   4]
 [  7   0   0   0 149  68]]",0.4432239532470703,0.6229469776153564
189,BoT_IoT,3,None,StandardScaler,SGD,0.8511535361777489,-1,-1,95.73451910408433,81.4940476190476,2.559288537549407,90.8083236521657,82.39384877534557,-1,"{'0Normal': {'precision': 0.9025974025974026, 'recall': 0.695, 'f1-score': 0.7853107344632768, 'support': 200.0}, 'HTTP': {'precision': 0.9776674937965261, 'recall': 0.985, 'f1-score': 0.9813200498132004, 'support': 400.0}, 'TCP': {'precision': 0.9630541871921182, 'recall': 0.9775, 'f1-score': 0.9702233250620347, 'support': 400.0}, 'UDP': {'precision': 0.9974683544303797, 'recall': 0.985, 'f1-score': 0.9911949685534591, 'support': 400.0}, 'scan': {'precision': 0.637123745819398, 'recall': 0.9525, 'f1-score': 0.7635270541082164, 'support': 400.0}, 'theft': {'precision': 0.9705882352941176, 'recall': 0.29464285714285715, 'f1-score': 0.4520547945205479, 'support': 224.0}, 'accuracy': 0.8720355731225297, 'macro avg': {'precision': 0.908083236521657, 'recall': 0.814940476190476, 'f1-score': 0.8239384877534558, 'support': 2024.0}, 'weighted avg': {'precision': 0.9031900976881085, 'recall': 0.8720355731225297, 'f1-score': 0.8600931718774814, 'support': 2024.0}}","[[139   3   0   1  56   1]
 [  2 394   0   0   4   0]
 [  0   1 391   0   8   0]
 [  0   0   6 394   0   0]
 [  8   1   9   0 381   1]
 [  5   4   0   0 149  66]]",0.2553248405456543,0.002804994583129883
190,BoT_IoT,3,linear,StandardScaler,HHHv2,0.8640545951858817,-1,-1,96.22859025032938,87.44158855558382,2.2628458498023716,84.60119047619048,85.09509643218628,-1,"{'0Normal': {'precision': 0.855, 'recall': 0.9661016949152542, 'f1-score': 0.9071618037135277, 'support': 177.0}, 'HTTP': {'precision': 0.9875, 'recall': 0.9801488833746899, 'f1-score': 0.9838107098381071, 'support': 403.0}, 'TCP': {'precision': 0.99, 'recall': 0.9635036496350365, 'f1-score': 0.9765721331689273, 'support': 411.0}, 'UDP': {'precision': 0.99, 'recall': 0.9611650485436893, 'f1-score': 0.9753694581280788, 'support': 412.0}, 'scan': {'precision': 0.8875, 'recall': 0.7142857142857143, 'f1-score': 0.7915273132664438, 'support': 497.0}, 'theft': {'precision': 0.36607142857142855, 'recall': 0.6612903225806451, 'f1-score': 0.47126436781609193, 'support': 124.0}, 'accuracy': 0.8868577075098815, 'macro avg': {'precision': 0.8460119047619048, 'recall': 0.8744158855558383, 'f1-score': 0.8509509643218628, 'support': 2024.0}, 'weighted avg': {'precision': 0.9143023009599097, 'recall': 0.8868577075098815, 'f1-score': 0.895302655684717, 'support': 2024.0}}","[[171   1   0   1   0   4]
 [  0 395   1   3   3   1]
 [  7   2 396   0   6   0]
 [ 11   0   1 396   2   2]
 [  5   0   2   0 355 135]
 [  6   2   0   0  34  82]]",4.326444387435913,0.06550478935241699
191,BoT_IoT,3,None,StandardScaler,KNN,0.9496056501945034,-1,-1,98.61660079051383,95.83035714285715,0.8300395256916997,95.37616115012533,95.58180683944664,-1,"{'0Normal': {'precision': 0.9455445544554455, 'recall': 0.955, 'f1-score': 0.9502487562189055, 'support': 200.0}, 'HTTP': {'precision': 0.9849624060150376, 'recall': 0.9825, 'f1-score': 0.983729662077597, 'support': 400.0}, 'TCP': {'precision': 0.9532019704433498, 'recall': 0.9675, 'f1-score': 0.9602977667493796, 'support': 400.0}, 'UDP': {'precision': 0.9923469387755102, 'recall': 0.9725, 'f1-score': 0.9823232323232323, 'support': 400.0}, 'scan': {'precision': 0.9431524547803618, 'recall': 0.9125, 'f1-score': 0.9275730622617535, 'support': 400.0}, 'theft': {'precision': 0.9033613445378151, 'recall': 0.9598214285714286, 'f1-score': 0.9307359307359306, 'support': 224.0}, 'accuracy': 0.958498023715415, 'macro avg': {'precision': 0.9537616115012533, 'recall': 0.9583035714285715, 'f1-score': 0.9558180683944664, 'support': 2024.0}, 'weighted avg': {'precision': 0.958956205569794, 'recall': 0.958498023715415, 'f1-score': 0.9585494511331099, 'support': 2024.0}}","[[191   2   0   2   4   1]
 [  2 393   1   0   4   0]
 [  0   1 387   1  11   0]
 [  4   1   6 389   0   0]
 [  0   1  12   0 365  22]
 [  5   1   0   0   3 215]]",0.002928018569946289,0.1526784896850586
192,BoT_IoT,3,None,StandardScaler,LDA,0.8817347493763399,-1,-1,96.62384716732542,85.3095238095238,2.025691699604743,92.31533108944174,85.60663276516327,-1,"{'0Normal': {'precision': 0.9615384615384616, 'recall': 0.875, 'f1-score': 0.9162303664921465, 'support': 200.0}, 'HTTP': {'precision': 0.9899497487437185, 'recall': 0.985, 'f1-score': 0.9874686716791979, 'support': 400.0}, 'TCP': {'precision': 0.9635922330097088, 'recall': 0.9925, 'f1-score': 0.977832512315271, 'support': 400.0}, 'UDP': {'precision': 0.9518072289156626, 'recall': 0.9875, 'f1-score': 0.9693251533742331, 'support': 400.0}, 'scan': {'precision': 0.7142857142857143, 'recall': 0.975, 'f1-score': 0.8245243128964059, 'support': 400.0}, 'theft': {'precision': 0.9577464788732394, 'recall': 0.30357142857142855, 'f1-score': 0.4610169491525424, 'support': 224.0}, 'accuracy': 0.8987154150197628, 'macro avg': {'precision': 0.9231533108944174, 'recall': 0.853095238095238, 'f1-score': 0.8560663276516327, 'support': 2024.0}, 'weighted avg': {'precision': 0.9163522102555433, 'recall': 0.8987154150197628, 'f1-score': 0.884473384394586, 'support': 2024.0}}","[[175   3   3  12   6   1]
 [  4 394   0   2   0   0]
 [  0   1 397   0   2   0]
 [  0   0   5 395   0   0]
 [  0   0   6   2 390   2]
 [  3   0   1   4 148  68]]",0.7596511840820312,0.00289154052734375
193,BoT_IoT,3,None,StandardScaler,MLP,0.9747987472561789,-1,-1,99.30830039525692,97.74702380952381,0.41501976284584985,97.61995797356398,97.66587002172821,-1,"{'0Normal': {'precision': 0.9285714285714286, 'recall': 0.975, 'f1-score': 0.951219512195122, 'support': 200.0}, 'HTTP': {'precision': 0.9899244332493703, 'recall': 0.9825, 'f1-score': 0.986198243412798, 'support': 400.0}, 'TCP': {'precision': 0.973170731707317, 'recall': 0.9975, 'f1-score': 0.9851851851851853, 'support': 400.0}, 'UDP': {'precision': 1.0, 'recall': 0.985, 'f1-score': 0.9924433249370278, 'support': 400.0}, 'scan': {'precision': 0.9747474747474747, 'recall': 0.965, 'f1-score': 0.9698492462311558, 'support': 400.0}, 'theft': {'precision': 0.9907834101382489, 'recall': 0.9598214285714286, 'f1-score': 0.9750566893424036, 'support': 224.0}, 'accuracy': 0.9792490118577075, 'macro avg': {'precision': 0.9761995797356399, 'recall': 0.9774702380952381, 'f1-score': 0.9766587002172821, 'support': 2024.0}, 'weighted avg': {'precision': 0.9796377596180427, 'recall': 0.9792490118577075, 'f1-score': 0.9793117592678803, 'support': 2024.0}}","[[195   2   1   0   2   0]
 [  1 393   0   0   6   0]
 [  0   1 399   0   0   0]
 [  0   0   6 394   0   0]
 [  8   0   4   0 386   2]
 [  6   1   0   0   2 215]]",7.211660146713257,0.0052433013916015625
194,BoT_IoT,3,None,StandardScaler,LGBM,0.9927962165940255,-1,-1,99.80237154150198,99.32738095238095,0.11857707509881424,99.22885010225222,99.27398454737725,-1,"{'0Normal': {'precision': 0.9707317073170731, 'recall': 0.995, 'f1-score': 0.982716049382716, 'support': 200.0}, 'HTTP': {'precision': 0.9975, 'recall': 0.9975, 'f1-score': 0.9975, 'support': 400.0}, 'TCP': {'precision': 0.9925558312655087, 'recall': 1.0, 'f1-score': 0.9962640099626401, 'support': 400.0}, 'UDP': {'precision': 1.0, 'recall': 1.0, 'f1-score': 1.0, 'support': 400.0}, 'scan': {'precision': 0.9974683544303797, 'recall': 0.985, 'f1-score': 0.9911949685534591, 'support': 400.0}, 'theft': {'precision': 0.995475113122172, 'recall': 0.9821428571428571, 'f1-score': 0.9887640449438202, 'support': 224.0}, 'accuracy': 0.9940711462450593, 'macro avg': {'precision': 0.9922885010225223, 'recall': 0.9932738095238095, 'f1-score': 0.9927398454737726, 'support': 2024.0}, 'weighted avg': {'precision': 0.9941415222732888, 'recall': 0.9940711462450593, 'f1-score': 0.9940760609438728, 'support': 2024.0}}","[[199   0   0   0   1   0]
 [  1 399   0   0   0   0]
 [  0   0 400   0   0   0]
 [  0   0   0 400   0   0]
 [  1   1   3   0 394   1]
 [  4   0   0   0   0 220]]",12.41559910774231,0.010548114776611328
195,BoT_IoT,3,None,StandardScaler,RF,0.9855981179707018,-1,-1,99.60474308300395,98.74404761904762,0.23715415019762848,98.62126648020423,98.67516543849878,-1,"{'0Normal': {'precision': 0.9563106796116505, 'recall': 0.985, 'f1-score': 0.9704433497536945, 'support': 200.0}, 'HTTP': {'precision': 0.99, 'recall': 0.99, 'f1-score': 0.99, 'support': 400.0}, 'TCP': {'precision': 0.9754901960784313, 'recall': 0.995, 'f1-score': 0.9851485148514851, 'support': 400.0}, 'UDP': {'precision': 1.0, 'recall': 0.985, 'f1-score': 0.9924433249370278, 'support': 400.0}, 'scan': {'precision': 1.0, 'recall': 0.9875, 'f1-score': 0.9937106918238994, 'support': 400.0}, 'theft': {'precision': 0.995475113122172, 'recall': 0.9821428571428571, 'f1-score': 0.9887640449438202, 'support': 224.0}, 'accuracy': 0.9881422924901185, 'macro avg': {'precision': 0.9862126648020423, 'recall': 0.9874404761904761, 'f1-score': 0.9867516543849878, 'support': 2024.0}, 'weighted avg': {'precision': 0.9883619761329394, 'recall': 0.9881422924901185, 'f1-score': 0.9881881564541104, 'support': 2024.0}}","[[197   1   1   0   0   1]
 [  4 396   0   0   0   0]
 [  0   2 398   0   0   0]
 [  0   0   6 394   0   0]
 [  1   1   3   0 395   0]
 [  4   0   0   0   0 220]]",1.7627296447753906,0.014822721481323242
196,BoT_IoT,3,None,StandardScaler,NuSVC,0.8117917927776684,-1,-1,94.58168642951252,77.67857142857143,3.2509881422924902,88.16231705168111,77.10312577111314,-1,"{'0Normal': {'precision': 0.7747252747252747, 'recall': 0.705, 'f1-score': 0.7382198952879582, 'support': 200.0}, 'HTTP': {'precision': 0.941747572815534, 'recall': 0.97, 'f1-score': 0.9556650246305418, 'support': 400.0}, 'TCP': {'precision': 0.9707446808510638, 'recall': 0.9125, 'f1-score': 0.940721649484536, 'support': 400.0}, 'UDP': {'precision': 0.9947089947089947, 'recall': 0.94, 'f1-score': 0.9665809768637531, 'support': 400.0}, 'scan': {'precision': 0.6078125, 'recall': 0.9725, 'f1-score': 0.7480769230769231, 'support': 400.0}, 'theft': {'precision': 1.0, 'recall': 0.16071428571428573, 'f1-score': 0.27692307692307694, 'support': 224.0}, 'accuracy': 0.8374505928853755, 'macro avg': {'precision': 0.8816231705168112, 'recall': 0.7767857142857143, 'f1-score': 0.7710312577111315, 'support': 2024.0}, 'weighted avg': {'precision': 0.8818925663514289, 'recall': 0.8374505928853755, 'f1-score': 0.817239415963766, 'support': 2024.0}}","[[141   2   0   1  56   0]
 [  9 388   1   0   2   0]
 [  0   1 365   1  33   0]
 [ 15   3   6 376   0   0]
 [  6   1   4   0 389   0]
 [ 11  17   0   0 160  36]]",3.0291688442230225,1.5738849639892578
197,BoT_IoT,3,None,StandardScaler,SGD,0.8848052036726249,-1,-1,96.70619235836627,86.35119047619048,1.9762845849802373,92.05384280695702,86.03185606037414,-1,"{'0Normal': {'precision': 0.8986175115207373, 'recall': 0.975, 'f1-score': 0.9352517985611511, 'support': 200.0}, 'HTTP': {'precision': 0.9923857868020305, 'recall': 0.9775, 'f1-score': 0.9848866498740554, 'support': 400.0}, 'TCP': {'precision': 0.9703703703703703, 'recall': 0.9825, 'f1-score': 0.9763975155279503, 'support': 400.0}, 'UDP': {'precision': 0.9974683544303797, 'recall': 0.985, 'f1-score': 0.9911949685534591, 'support': 400.0}, 'scan': {'precision': 0.7066420664206642, 'recall': 0.9575, 'f1-score': 0.8131634819532909, 'support': 400.0}, 'theft': {'precision': 0.9577464788732394, 'recall': 0.30357142857142855, 'f1-score': 0.4610169491525424, 'support': 224.0}, 'accuracy': 0.9011857707509882, 'macro avg': {'precision': 0.9205384280695702, 'recall': 0.8635119047619048, 'f1-score': 0.8603185606037415, 'support': 2024.0}, 'weighted avg': {'precision': 0.9194690438641951, 'recall': 0.9011857707509882, 'f1-score': 0.8876359697064733, 'support': 2024.0}}","[[195   1   0   1   2   1]
 [  4 391   2   0   3   0]
 [  0   0 393   0   7   0]
 [  0   0   6 394   0   0]
 [ 10   1   4   0 383   2]
 [  8   1   0   0 147  68]]",0.8681917190551758,0.0029320716857910156
198,BoT_IoT,3,sigmoid,StandardScaler,HHHv2,0.1979971153610271,-1,-1,77.733860342556,32.77448634307928,13.359683794466404,33.017857142857146,32.29253293619854,-1,"{'0Normal': {'precision': 0.28, 'recall': 0.1794871794871795, 'f1-score': 0.21875, 'support': 312.0}, 'HTTP': {'precision': 0.2775, 'recall': 0.3978494623655914, 'f1-score': 0.32695139911634763, 'support': 279.0}, 'TCP': {'precision': 0.3, 'recall': 0.36363636363636365, 'f1-score': 0.32876712328767127, 'support': 330.0}, 'UDP': {'precision': 0.3125, 'recall': 0.3453038674033149, 'f1-score': 0.32808398950131235, 'support': 362.0}, 'scan': {'precision': 0.445, 'recall': 0.42788461538461536, 'f1-score': 0.4362745098039216, 'support': 416.0}, 'theft': {'precision': 0.36607142857142855, 'recall': 0.2523076923076923, 'f1-score': 0.29872495446265934, 'support': 325.0}, 'accuracy': 0.33201581027667987, 'macro avg': {'precision': 0.3301785714285715, 'recall': 0.32774486343079284, 'f1-score': 0.32292532936198537, 'support': 2024.0}, 'weighted avg': {'precision': 0.336462803500847, 'recall': 0.33201581027667987, 'f1-score': 0.32870790588767945, 'support': 2024.0}}","[[ 56  73  43  59  43  38]
 [ 13 111  58  48  46   3]
 [ 23  72 120  59  49   7]
 [ 41  54  77 125  60   5]
 [ 21  51  38  39 178  89]
 [ 46  39  64  70  24  82]]",46.8326416015625,0.14024806022644043
199,BoT_IoT,2,None,StandardScaler,KNN,0.8222691576446393,-1,-1,95.04281949934123,84.45535714285714,2.974308300395257,85.05333628675743,83.7356830241308,-1,"{'0Normal': {'precision': 0.9310344827586207, 'recall': 0.675, 'f1-score': 0.7826086956521738, 'support': 200.0}, 'HTTP': {'precision': 0.8542600896860987, 'recall': 0.9525, 'f1-score': 0.900709219858156, 'support': 400.0}, 'TCP': {'precision': 0.8858447488584474, 'recall': 0.97, 'f1-score': 0.9260143198090691, 'support': 400.0}, 'UDP': {'precision': 0.9973474801061007, 'recall': 0.94, 'f1-score': 0.9678249678249679, 'support': 400.0}, 'scan': {'precision': 0.75, 'recall': 0.57, 'f1-score': 0.6477272727272728, 'support': 400.0}, 'theft': {'precision': 0.6847133757961783, 'recall': 0.9598214285714286, 'f1-score': 0.7992565055762081, 'support': 224.0}, 'accuracy': 0.8512845849802372, 'macro avg': {'precision': 0.8505333628675743, 'recall': 0.8445535714285715, 'f1-score': 0.8373568302413079, 'support': 2024.0}, 'weighted avg': {'precision': 0.8569978360624144, 'recall': 0.8512845849802372, 'f1-score': 0.8460797966735631, 'support': 2024.0}}","[[135   5   0   1  58   1]
 [  0 381   1   0  16   2]
 [  0  12 388   0   0   0]
 [  5   9  10 376   0   0]
 [  0  37  39   0 228  96]
 [  5   2   0   0   2 215]]",0.00048732757568359375,0.007336616516113281
200,BoT_IoT,2,None,StandardScaler,LDA,0.8290355872828742,-1,-1,95.19104084321476,79.94047619047619,2.8853754940711465,88.13813517420441,81.21948205082593,-1,"{'0Normal': {'precision': 0.9701492537313433, 'recall': 0.65, 'f1-score': 0.778443113772455, 'support': 200.0}, 'HTTP': {'precision': 0.930622009569378, 'recall': 0.9725, 'f1-score': 0.9511002444987775, 'support': 400.0}, 'TCP': {'precision': 0.9496402877697842, 'recall': 0.99, 'f1-score': 0.9694002447980415, 'support': 400.0}, 'UDP': {'precision': 0.9875930521091811, 'recall': 0.995, 'f1-score': 0.991282689912827, 'support': 400.0}, 'scan': {'precision': 0.6130742049469965, 'recall': 0.8675, 'f1-score': 0.7184265010351968, 'support': 400.0}, 'theft': {'precision': 0.8372093023255814, 'recall': 0.32142857142857145, 'f1-score': 0.4645161290322581, 'support': 224.0}, 'accuracy': 0.8557312252964426, 'macro avg': {'precision': 0.881381351742044, 'recall': 0.7994047619047618, 'f1-score': 0.8121948205082593, 'support': 2024.0}, 'weighted avg': {'precision': 0.8764508677002643, 'recall': 0.8557312252964426, 'f1-score': 0.8457628990887619, 'support': 2024.0}}","[[130   3   4   4  59   0]
 [  2 389   0   0   9   0]
 [  0   3 396   0   1   0]
 [  0   1   0 398   1   0]
 [  1  21  17   0 347  14]
 [  1   1   0   1 149  72]]",0.032096147537231445,0.0008597373962402344
201,BoT_IoT,2,None,StandardScaler,MLP,0.9508180125448987,-1,-1,98.64953886693017,95.79464285714285,0.8102766798418972,95.62418924700341,95.69005233857246,-1,"{'0Normal': {'precision': 0.9607843137254902, 'recall': 0.98, 'f1-score': 0.9702970297029702, 'support': 200.0}, 'HTTP': {'precision': 0.9898734177215189, 'recall': 0.9775, 'f1-score': 0.9836477987421384, 'support': 400.0}, 'TCP': {'precision': 0.9406175771971497, 'recall': 0.99, 'f1-score': 0.9646772228989037, 'support': 400.0}, 'UDP': {'precision': 1.0, 'recall': 0.985, 'f1-score': 0.9924433249370278, 'support': 400.0}, 'scan': {'precision': 0.935064935064935, 'recall': 0.9, 'f1-score': 0.9171974522292993, 'support': 400.0}, 'theft': {'precision': 0.9111111111111111, 'recall': 0.9151785714285714, 'f1-score': 0.9131403118040088, 'support': 224.0}, 'accuracy': 0.9594861660079052, 'macro avg': {'precision': 0.9562418924700342, 'recall': 0.9579464285714284, 'f1-score': 0.9569005233857246, 'support': 2024.0}, 'weighted avg': {'precision': 0.959717452385093, 'recall': 0.9594861660079052, 'f1-score': 0.959381993729071, 'support': 2024.0}}","[[196   1   0   0   3   0]
 [  3 391   0   0   6   0]
 [  0   2 396   0   2   0]
 [  0   0   6 394   0   0]
 [  0   1  19   0 360  20]
 [  5   0   0   0  14 205]]",0.5688347816467285,0.0014238357543945312
202,BoT_IoT,2,None,StandardScaler,LGBM,0.9909910320985774,-1,-1,99.75296442687747,99.16071428571426,0.14822134387351776,99.04153340674108,99.09904469366772,-1,"{'0Normal': {'precision': 0.9753694581280788, 'recall': 0.99, 'f1-score': 0.9826302729528535, 'support': 200.0}, 'HTTP': {'precision': 0.9975, 'recall': 0.9975, 'f1-score': 0.9975, 'support': 400.0}, 'TCP': {'precision': 0.9925558312655087, 'recall': 1.0, 'f1-score': 0.9962640099626401, 'support': 400.0}, 'UDP': {'precision': 1.0, 'recall': 1.0, 'f1-score': 1.0, 'support': 400.0}, 'scan': {'precision': 0.9949238578680203, 'recall': 0.98, 'f1-score': 0.9874055415617129, 'support': 400.0}, 'theft': {'precision': 0.9821428571428571, 'recall': 0.9821428571428571, 'f1-score': 0.9821428571428571, 'support': 224.0}, 'accuracy': 0.9925889328063241, 'macro avg': {'precision': 0.9904153340674108, 'recall': 0.9916071428571427, 'f1-score': 0.9909904469366771, 'support': 2024.0}, 'weighted avg': {'precision': 0.9926214265212587, 'recall': 0.9925889328063241, 'f1-score': 0.9925859067195217, 'support': 2024.0}}","[[198   0   0   0   2   0]
 [  1 399   0   0   0   0]
 [  0   0 400   0   0   0]
 [  0   0   0 400   0   0]
 [  0   1   3   0 392   4]
 [  4   0   0   0   0 220]]",1.437830924987793,0.010196685791015625
203,BoT_IoT,2,None,StandardScaler,RF,0.9831991607941053,-1,-1,99.53886693017128,98.4702380952381,0.2766798418972332,98.20976900573312,98.33074222367469,-1,"{'0Normal': {'precision': 0.9423076923076923, 'recall': 0.98, 'f1-score': 0.9607843137254902, 'support': 200.0}, 'HTTP': {'precision': 1.0, 'recall': 0.985, 'f1-score': 0.9924433249370278, 'support': 400.0}, 'TCP': {'precision': 0.9828009828009828, 'recall': 1.0, 'f1-score': 0.9913258983890954, 'support': 400.0}, 'UDP': {'precision': 1.0, 'recall': 0.99, 'f1-score': 0.9949748743718593, 'support': 400.0}, 'scan': {'precision': 0.98989898989899, 'recall': 0.98, 'f1-score': 0.9849246231155778, 'support': 400.0}, 'theft': {'precision': 0.9775784753363229, 'recall': 0.9732142857142857, 'f1-score': 0.9753914988814317, 'support': 224.0}, 'accuracy': 0.9861660079051383, 'macro avg': {'precision': 0.9820976900573313, 'recall': 0.984702380952381, 'f1-score': 0.9833074222367469, 'support': 2024.0}, 'weighted avg': {'precision': 0.986422483209913, 'recall': 0.9861660079051383, 'f1-score': 0.9862213670059105, 'support': 2024.0}}","[[196   0   0   0   4   0]
 [  6 394   0   0   0   0]
 [  0   0 400   0   0   0]
 [  0   0   4 396   0   0]
 [  0   0   3   0 392   5]
 [  6   0   0   0   0 218]]",0.240431547164917,0.01147770881652832
204,BoT_IoT,2,None,StandardScaler,NuSVC,0.8065867833575121,-1,-1,94.56521739130434,78.67559523809523,3.260869565217391,88.14164143232962,79.87089921429332,-1,"{'0Normal': {'precision': 0.9150326797385621, 'recall': 0.7, 'f1-score': 0.7932011331444758, 'support': 200.0}, 'HTTP': {'precision': 0.9033018867924528, 'recall': 0.9575, 'f1-score': 0.9296116504854369, 'support': 400.0}, 'TCP': {'precision': 0.9086651053864169, 'recall': 0.97, 'f1-score': 0.9383313180169287, 'support': 400.0}, 'UDP': {'precision': 0.9973333333333333, 'recall': 0.935, 'f1-score': 0.9651612903225807, 'support': 400.0}, 'scan': {'precision': 0.5923344947735192, 'recall': 0.85, 'f1-score': 0.6981519507186857, 'support': 400.0}, 'theft': {'precision': 0.971830985915493, 'recall': 0.3080357142857143, 'f1-score': 0.4677966101694915, 'support': 224.0}, 'accuracy': 0.8369565217391305, 'macro avg': {'precision': 0.8814164143232962, 'recall': 0.7867559523809523, 'f1-score': 0.7987089921429332, 'support': 2024.0}, 'weighted avg': {'precision': 0.8702325123058655, 'recall': 0.8369565217391305, 'f1-score': 0.8280282367214991, 'support': 2024.0}}","[[140   0   0   1  59   0]
 [  4 383   0   0  13   0]
 [  0   3 388   0   9   0]
 [  1   2  18 374   5   0]
 [  2  35  21   0 340   2]
 [  6   1   0   0 148  69]]",0.11057639122009277,0.07298612594604492
205,BoT_IoT,2,None,StandardScaler,SGD,0.8437379052368843,-1,-1,95.52042160737813,80.90178571428571,2.6877470355731226,90.4237241610997,81.89603654472862,-1,"{'0Normal': {'precision': 0.8954248366013072, 'recall': 0.685, 'f1-score': 0.7762039660056659, 'support': 200.0}, 'HTTP': {'precision': 0.9680589680589681, 'recall': 0.985, 'f1-score': 0.976456009913259, 'support': 400.0}, 'TCP': {'precision': 0.9620253164556962, 'recall': 0.95, 'f1-score': 0.9559748427672956, 'support': 400.0}, 'UDP': {'precision': 1.0, 'recall': 0.9775, 'f1-score': 0.988621997471555, 'support': 400.0}, 'scan': {'precision': 0.6288998357963875, 'recall': 0.9575, 'f1-score': 0.759167492566898, 'support': 400.0}, 'theft': {'precision': 0.9710144927536232, 'recall': 0.29910714285714285, 'f1-score': 0.45733788395904434, 'support': 224.0}, 'accuracy': 0.8656126482213439, 'macro avg': {'precision': 0.9042372416109971, 'recall': 0.8090178571428571, 'f1-score': 0.8189603654472862, 'support': 2024.0}, 'weighted avg': {'precision': 0.8993013151291965, 'recall': 0.8656126482213439, 'f1-score': 0.8546307392764635, 'support': 2024.0}}","[[137   3   0   0  60   0]
 [  5 394   1   0   0   0]
 [  0   5 380   0  15   0]
 [  0   1   6 391   2   0]
 [  5   2   8   0 383   2]
 [  6   2   0   0 149  67]]",0.014496088027954102,0.0007650852203369141
206,BoT_IoT,2,None,StandardScaler,HHHv2,0.8188773486209141,-1,-1,94.92753623188406,87.92123478472527,3.0434782608695654,79.04166666666667,80.26100839810458,-1,"{'0Normal': {'precision': 0.63, 'recall': 0.9692307692307692, 'f1-score': 0.7636363636363637, 'support': 130.0}, 'HTTP': {'precision': 0.98, 'recall': 0.9116279069767442, 'f1-score': 0.9445783132530121, 'support': 430.0}, 'TCP': {'precision': 0.9925, 'recall': 0.927570093457944, 'f1-score': 0.9589371980676329, 'support': 428.0}, 'UDP': {'precision': 0.995, 'recall': 0.9731051344743277, 'f1-score': 0.9839307787391842, 'support': 409.0}, 'scan': {'precision': 0.8325, 'recall': 0.6076642335766423, 'f1-score': 0.7025316455696203, 'support': 548.0}, 'theft': {'precision': 0.3125, 'recall': 0.8860759493670886, 'f1-score': 0.4620462046204621, 'support': 79.0}, 'accuracy': 0.8478260869565217, 'macro avg': {'precision': 0.7904166666666667, 'recall': 0.8792123478472527, 'f1-score': 0.8026100839810458, 'support': 2024.0}, 'weighted avg': {'precision': 0.8972047924901185, 'recall': 0.8478260869565217, 'f1-score': 0.8595766814159903, 'support': 2024.0}}","[[126   1   0   0   0   3]
 [  3 392   3   1  30   1]
 [  2   0 397   0  28   1]
 [  9   0   0 398   1   1]
 [ 59   7   0   1 333 148]
 [  1   0   0   0   8  70]]",0.35207390785217285,0.007319211959838867
207,BoT_IoT,2,None,StandardScaler,KNN,0.9537996620124901,-1,-1,98.73188405797102,96.08035714285714,0.7608695652173914,95.86152208236834,95.95152585289237,-1,"{'0Normal': {'precision': 0.9595959595959596, 'recall': 0.95, 'f1-score': 0.9547738693467336, 'support': 200.0}, 'HTTP': {'precision': 0.9652605459057072, 'recall': 0.9725, 'f1-score': 0.9688667496886675, 'support': 400.0}, 'TCP': {'precision': 0.9535452322738386, 'recall': 0.975, 'f1-score': 0.9641532756489493, 'support': 400.0}, 'UDP': {'precision': 0.9949494949494949, 'recall': 0.985, 'f1-score': 0.9899497487437187, 'support': 400.0}, 'scan': {'precision': 0.9634464751958225, 'recall': 0.9225, 'f1-score': 0.942528735632184, 'support': 400.0}, 'theft': {'precision': 0.9148936170212766, 'recall': 0.9598214285714286, 'f1-score': 0.9368191721132897, 'support': 224.0}, 'accuracy': 0.9619565217391305, 'macro avg': {'precision': 0.9586152208236833, 'recall': 0.9608035714285714, 'f1-score': 0.9595152585289237, 'support': 2024.0}, 'weighted avg': {'precision': 0.9623201884693197, 'recall': 0.9619565217391305, 'f1-score': 0.9619573479783258, 'support': 2024.0}}","[[190   5   0   2   2   1]
 [  3 389   4   0   3   1]
 [  0   3 390   0   7   0]
 [  0   0   6 394   0   0]
 [  1   4   8   0 369  18]
 [  4   2   1   0   2 215]]",0.0008716583251953125,0.033356428146362305
208,BoT_IoT,2,None,StandardScaler,LDA,0.8861446945994707,-1,-1,96.73913043478261,86.125,1.956521739130435,93.00559420182338,86.2209018470245,-1,"{'0Normal': {'precision': 0.9346733668341709, 'recall': 0.93, 'f1-score': 0.9323308270676693, 'support': 200.0}, 'HTTP': {'precision': 0.9583333333333334, 'recall': 0.9775, 'f1-score': 0.9678217821782178, 'support': 400.0}, 'TCP': {'precision': 0.9899749373433584, 'recall': 0.9875, 'f1-score': 0.9887359198998749, 'support': 400.0}, 'UDP': {'precision': 0.9875, 'recall': 0.9875, 'f1-score': 0.9875, 'support': 400.0}, 'scan': {'precision': 0.7098540145985401, 'recall': 0.9725, 'f1-score': 0.820675105485232, 'support': 400.0}, 'theft': {'precision': 1.0, 'recall': 0.3125, 'f1-score': 0.47619047619047616, 'support': 224.0}, 'accuracy': 0.9021739130434783, 'macro avg': {'precision': 0.9300559420182338, 'recall': 0.8612500000000001, 'f1-score': 0.862209018470245, 'support': 2024.0}, 'weighted avg': {'precision': 0.9235175827455173, 'recall': 0.9021739130434783, 'f1-score': 0.888846815763602, 'support': 2024.0}}","[[186   6   2   5   1   0]
 [  6 391   0   0   3   0]
 [  0   3 395   0   2   0]
 [  0   2   0 395   3   0]
 [  7   3   1   0 389   0]
 [  0   3   1   0 150  70]]",0.031011343002319336,0.0007121562957763672
209,BoT_IoT,2,None,StandardScaler,MLP,0.9838030459562519,-1,-1,99.55533596837944,98.60416666666669,0.26679841897233203,98.39532033566273,98.48578639507188,-1,"{'0Normal': {'precision': 0.9476190476190476, 'recall': 0.995, 'f1-score': 0.9707317073170733, 'support': 200.0}, 'HTTP': {'precision': 0.9974683544303797, 'recall': 0.985, 'f1-score': 0.9911949685534591, 'support': 400.0}, 'TCP': {'precision': 0.9802955665024631, 'recall': 0.995, 'f1-score': 0.9875930521091811, 'support': 400.0}, 'UDP': {'precision': 1.0, 'recall': 0.9875, 'f1-score': 0.9937106918238994, 'support': 400.0}, 'scan': {'precision': 0.9874686716791979, 'recall': 0.985, 'f1-score': 0.986232790988736, 'support': 400.0}, 'theft': {'precision': 0.9908675799086758, 'recall': 0.96875, 'f1-score': 0.9796839729119637, 'support': 224.0}, 'accuracy': 0.9866600790513834, 'macro avg': {'precision': 0.9839532033566273, 'recall': 0.9860416666666668, 'f1-score': 0.9848578639507188, 'support': 2024.0}, 'weighted avg': {'precision': 0.9869422848162891, 'recall': 0.9866600790513834, 'f1-score': 0.9867036327993107, 'support': 2024.0}}","[[199   0   0   0   1   0]
 [  5 394   0   0   1   0]
 [  0   1 398   0   1   0]
 [  0   0   5 395   0   0]
 [  1   0   3   0 394   2]
 [  5   0   0   0   2 217]]",2.7375338077545166,0.0014073848724365234
210,BoT_IoT,2,None,StandardScaler,LGBM,0.9928012460218274,-1,-1,99.80237154150198,99.26190476190476,0.11857707509881424,99.18982660971137,99.21752061731848,-1,"{'0Normal': {'precision': 0.961352657004831, 'recall': 0.995, 'f1-score': 0.977886977886978, 'support': 200.0}, 'HTTP': {'precision': 1.0, 'recall': 0.9975, 'f1-score': 0.9987484355444306, 'support': 400.0}, 'TCP': {'precision': 0.9925558312655087, 'recall': 1.0, 'f1-score': 0.9962640099626401, 'support': 400.0}, 'UDP': {'precision': 1.0, 'recall': 1.0, 'f1-score': 1.0, 'support': 400.0}, 'scan': {'precision': 0.9974811083123426, 'recall': 0.99, 'f1-score': 0.9937264742785445, 'support': 400.0}, 'theft': {'precision': 1.0, 'recall': 0.9732142857142857, 'f1-score': 0.9864253393665159, 'support': 224.0}, 'accuracy': 0.9940711462450593, 'macro avg': {'precision': 0.9918982660971137, 'recall': 0.9926190476190476, 'f1-score': 0.9921752061731848, 'support': 2024.0}, 'weighted avg': {'precision': 0.9942121083162583, 'recall': 0.9940711462450593, 'f1-score': 0.9940870748565916, 'support': 2024.0}}","[[199   0   0   0   1   0]
 [  1 399   0   0   0   0]
 [  0   0 400   0   0   0]
 [  0   0   0 400   0   0]
 [  1   0   3   0 396   0]
 [  6   0   0   0   0 218]]",1.9519999027252197,0.008846282958984375
211,BoT_IoT,2,None,StandardScaler,RF,0.9850022016931801,-1,-1,99.58827404479578,98.67857142857143,0.24703557312252966,98.50919554854437,98.58161329467941,-1,"{'0Normal': {'precision': 0.9473684210526315, 'recall': 0.99, 'f1-score': 0.9682151589242053, 'support': 200.0}, 'HTTP': {'precision': 0.9924433249370277, 'recall': 0.985, 'f1-score': 0.9887076537013803, 'support': 400.0}, 'TCP': {'precision': 0.9803439803439803, 'recall': 0.9975, 'f1-score': 0.9888475836431228, 'support': 400.0}, 'UDP': {'precision': 1.0, 'recall': 0.9875, 'f1-score': 0.9937106918238994, 'support': 400.0}, 'scan': {'precision': 0.9949622166246851, 'recall': 0.9875, 'f1-score': 0.9912170639899623, 'support': 400.0}, 'theft': {'precision': 0.9954337899543378, 'recall': 0.9732142857142857, 'f1-score': 0.9841986455981941, 'support': 224.0}, 'accuracy': 0.9876482213438735, 'macro avg': {'precision': 0.9850919554854437, 'recall': 0.9867857142857143, 'f1-score': 0.9858161329467942, 'support': 2024.0}, 'weighted avg': {'precision': 0.9879202875111538, 'recall': 0.9876482213438735, 'f1-score': 0.9876960107026593, 'support': 2024.0}}","[[198   0   0   0   2   0]
 [  6 394   0   0   0   0]
 [  0   1 399   0   0   0]
 [  0   0   5 395   0   0]
 [  1   0   3   0 395   1]
 [  4   2   0   0   0 218]]",0.9077155590057373,0.011289358139038086
212,BoT_IoT,2,None,StandardScaler,NuSVC,0.8541346271860805,-1,-1,95.8498023715415,84.04464285714285,2.4901185770750986,89.88560267092961,83.74111585773846,-1,"{'0Normal': {'precision': 0.8858447488584474, 'recall': 0.97, 'f1-score': 0.9260143198090691, 'support': 200.0}, 'HTTP': {'precision': 0.9868766404199475, 'recall': 0.94, 'f1-score': 0.9628681177976953, 'support': 400.0}, 'TCP': {'precision': 0.9311224489795918, 'recall': 0.9125, 'f1-score': 0.9217171717171717, 'support': 400.0}, 'UDP': {'precision': 0.9899244332493703, 'recall': 0.9825, 'f1-score': 0.986198243412798, 'support': 400.0}, 'scan': {'precision': 0.6707964601769911, 'recall': 0.9475, 'f1-score': 0.7854922279792746, 'support': 400.0}, 'theft': {'precision': 0.9285714285714286, 'recall': 0.29017857142857145, 'f1-score': 0.44217687074829937, 'support': 224.0}, 'accuracy': 0.8754940711462451, 'macro avg': {'precision': 0.8988560267092961, 'recall': 0.8404464285714285, 'f1-score': 0.8374111585773846, 'support': 2024.0}, 'weighted avg': {'precision': 0.897557778113661, 'recall': 0.8754940711462451, 'f1-score': 0.8630241044329096, 'support': 2024.0}}","[[194   1   0   4   1   0]
 [  6 376  16   0   2   0]
 [  0   2 365   0  33   0]
 [  0   1   6 393   0   0]
 [ 11   0   5   0 379   5]
 [  8   1   0   0 150  65]]",0.4976191520690918,0.3481106758117676
213,BoT_IoT,2,None,StandardScaler,SGD,0.8751910319148958,-1,-1,96.44268774703558,85.66071428571428,2.1343873517786562,91.16898540712832,85.31928984681504,-1,"{'0Normal': {'precision': 0.9074074074074074, 'recall': 0.98, 'f1-score': 0.9423076923076924, 'support': 200.0}, 'HTTP': {'precision': 0.9750623441396509, 'recall': 0.9775, 'f1-score': 0.9762796504369537, 'support': 400.0}, 'TCP': {'precision': 0.9621212121212122, 'recall': 0.9525, 'f1-score': 0.9572864321608041, 'support': 400.0}, 'UDP': {'precision': 1.0, 'recall': 0.985, 'f1-score': 0.9924433249370278, 'support': 400.0}, 'scan': {'precision': 0.6959706959706959, 'recall': 0.95, 'f1-score': 0.8033826638477801, 'support': 400.0}, 'theft': {'precision': 0.9295774647887324, 'recall': 0.29464285714285715, 'f1-score': 0.44745762711864406, 'support': 224.0}, 'accuracy': 0.8932806324110671, 'macro avg': {'precision': 0.9116898540712831, 'recall': 0.8566071428571428, 'f1-score': 0.8531928984681504, 'support': 2024.0}, 'weighted avg': {'precision': 0.910557576327461, 'recall': 0.8932806324110671, 'f1-score': 0.8796684167436468, 'support': 2024.0}}","[[196   3   0   0   1   0]
 [  6 391   1   0   0   2]
 [  0   3 381   0  16   0]
 [  0   0   6 394   0   0]
 [  8   1   8   0 380   3]
 [  6   3   0   0 149  66]]",0.1295943260192871,0.0007641315460205078
214,BoT_IoT,2,rbf,StandardScaler,HHHv2,0.9645524078686393,-1,-1,99.02832674571805,96.75055623535239,0.5830039525691699,96.72321428571428,96.73108802833762,-1,"{'0Normal': {'precision': 0.945, 'recall': 0.9593908629441624, 'f1-score': 0.9521410579345088, 'support': 197.0}, 'HTTP': {'precision': 0.985, 'recall': 0.9776674937965261, 'f1-score': 0.9813200498132004, 'support': 403.0}, 'TCP': {'precision': 0.99, 'recall': 0.9777777777777777, 'f1-score': 0.9838509316770186, 'support': 405.0}, 'UDP': {'precision': 0.9875, 'recall': 0.9801488833746899, 'f1-score': 0.9838107098381071, 'support': 403.0}, 'scan': {'precision': 0.945, 'recall': 0.9717223650385605, 'f1-score': 0.9581749049429658, 'support': 389.0}, 'theft': {'precision': 0.9508928571428571, 'recall': 0.9383259911894273, 'f1-score': 0.9445676274944567, 'support': 227.0}, 'accuracy': 0.9708498023715415, 'macro avg': {'precision': 0.9672321428571428, 'recall': 0.9675055623535239, 'f1-score': 0.9673108802833762, 'support': 2024.0}, 'weighted avg': {'precision': 0.971091985460192, 'recall': 0.9708498023715415, 'f1-score': 0.9709120560009009, 'support': 2024.0}}","[[189   2   0   1   1   4]
 [  4 394   2   0   2   1]
 [  1   2 396   3   3   0]
 [  2   0   0 395   4   2]
 [  3   1   2   1 378   4]
 [  1   1   0   0  12 213]]",61.56642770767212,0.18339872360229492
215,BoT_IoT,2,None,StandardScaler,KNN,0.9421520091621249,-1,-1,98.40250329380764,95.37202380952382,0.958498023715415,94.59425825330497,94.8792278674081,-1,"{'0Normal': {'precision': 0.9507389162561576, 'recall': 0.965, 'f1-score': 0.9578163771712158, 'support': 200.0}, 'HTTP': {'precision': 0.9773869346733668, 'recall': 0.9725, 'f1-score': 0.9749373433583959, 'support': 400.0}, 'TCP': {'precision': 0.9444444444444444, 'recall': 0.9775, 'f1-score': 0.9606879606879607, 'support': 400.0}, 'UDP': {'precision': 0.9949494949494949, 'recall': 0.985, 'f1-score': 0.9899497487437187, 'support': 400.0}, 'scan': {'precision': 0.9583333333333334, 'recall': 0.8625, 'f1-score': 0.9078947368421054, 'support': 400.0}, 'theft': {'precision': 0.849802371541502, 'recall': 0.9598214285714286, 'f1-score': 0.9014675052410902, 'support': 224.0}, 'accuracy': 0.9520750988142292, 'macro avg': {'precision': 0.9459425825330497, 'recall': 0.9537202380952382, 'f1-score': 0.9487922786740811, 'support': 2024.0}, 'weighted avg': {'precision': 0.9538286548600711, 'recall': 0.9520750988142292, 'f1-score': 0.9520157670262449, 'support': 2024.0}}","[[193   0   0   2   4   1]
 [  4 389   4   0   2   1]
 [  0   2 391   0   7   0]
 [  0   0   6 394   0   0]
 [  2   6  11   0 345  36]
 [  4   1   2   0   2 215]]",0.0008482933044433594,0.03097391128540039
216,BoT_IoT,2,None,StandardScaler,LDA,0.8852408217156857,-1,-1,96.72266139657444,86.19047619047619,1.9664031620553362,92.51300899596671,86.29311286259299,-1,"{'0Normal': {'precision': 0.9303482587064676, 'recall': 0.935, 'f1-score': 0.9326683291770573, 'support': 200.0}, 'HTTP': {'precision': 0.9679012345679012, 'recall': 0.98, 'f1-score': 0.9739130434782608, 'support': 400.0}, 'TCP': {'precision': 0.9849246231155779, 'recall': 0.98, 'f1-score': 0.9824561403508771, 'support': 400.0}, 'UDP': {'precision': 0.9850746268656716, 'recall': 0.99, 'f1-score': 0.9875311720698254, 'support': 400.0}, 'scan': {'precision': 0.7095588235294118, 'recall': 0.965, 'f1-score': 0.8177966101694915, 'support': 400.0}, 'theft': {'precision': 0.972972972972973, 'recall': 0.32142857142857145, 'f1-score': 0.4832214765100672, 'support': 224.0}, 'accuracy': 0.9016798418972332, 'macro avg': {'precision': 0.9251300899596672, 'recall': 0.8619047619047618, 'f1-score': 0.8629311286259299, 'support': 2024.0}, 'weighted avg': {'precision': 0.9204542099400517, 'recall': 0.9016798418972332, 'f1-score': 0.8890583315222572, 'support': 2024.0}}","[[187   4   2   5   2   0]
 [  6 392   0   0   2   0]
 [  0   6 392   0   2   0]
 [  0   1   0 396   3   0]
 [  7   1   4   0 386   2]
 [  1   1   0   1 149  72]]",0.04157280921936035,0.0006721019744873047
217,BoT_IoT,2,None,StandardScaler,MLP,0.9808004002757831,-1,-1,99.4729907773386,98.35416666666667,0.31620553359683795,98.11856789873644,98.22437148297026,-1,"{'0Normal': {'precision': 0.9473684210526315, 'recall': 0.99, 'f1-score': 0.9682151589242053, 'support': 200.0}, 'HTTP': {'precision': 0.9974683544303797, 'recall': 0.985, 'f1-score': 0.9911949685534591, 'support': 400.0}, 'TCP': {'precision': 0.9754901960784313, 'recall': 0.995, 'f1-score': 0.9851485148514851, 'support': 400.0}, 'UDP': {'precision': 1.0, 'recall': 0.985, 'f1-score': 0.9924433249370278, 'support': 400.0}, 'scan': {'precision': 0.9848866498740554, 'recall': 0.9775, 'f1-score': 0.9811794228356336, 'support': 400.0}, 'theft': {'precision': 0.9819004524886877, 'recall': 0.96875, 'f1-score': 0.9752808988764045, 'support': 224.0}, 'accuracy': 0.9841897233201581, 'macro avg': {'precision': 0.9811856789873644, 'recall': 0.9835416666666666, 'f1-score': 0.9822437148297025, 'support': 2024.0}, 'weighted avg': {'precision': 0.9844651510479936, 'recall': 0.9841897233201581, 'f1-score': 0.9842353980257895, 'support': 2024.0}}","[[198   0   0   0   2   0]
 [  5 394   0   0   1   0]
 [  0   1 398   0   1   0]
 [  0   0   6 394   0   0]
 [  1   0   4   0 391   4]
 [  5   0   0   0   2 217]]",2.2429425716400146,0.0013980865478515625
218,BoT_IoT,2,None,StandardScaler,LGBM,0.9921969432069833,-1,-1,99.78590250329381,99.17857142857143,0.12845849802371542,99.14492923635095,99.1548074334864,-1,"{'0Normal': {'precision': 0.9611650485436893, 'recall': 0.99, 'f1-score': 0.9753694581280788, 'support': 200.0}, 'HTTP': {'precision': 1.0, 'recall': 0.9975, 'f1-score': 0.9987484355444306, 'support': 400.0}, 'TCP': {'precision': 0.9925558312655087, 'recall': 1.0, 'f1-score': 0.9962640099626401, 'support': 400.0}, 'UDP': {'precision': 1.0, 'recall': 1.0, 'f1-score': 1.0, 'support': 400.0}, 'scan': {'precision': 0.9949748743718593, 'recall': 0.99, 'f1-score': 0.9924812030075189, 'support': 400.0}, 'theft': {'precision': 1.0, 'recall': 0.9732142857142857, 'f1-score': 0.9864253393665159, 'support': 224.0}, 'accuracy': 0.9935770750988142, 'macro avg': {'precision': 0.9914492923635095, 'recall': 0.9917857142857143, 'f1-score': 0.991548074334864, 'support': 2024.0}, 'weighted avg': {'precision': 0.9936982667804767, 'recall': 0.9935770750988142, 'f1-score': 0.993592207040292, 'support': 2024.0}}","[[198   0   0   0   2   0]
 [  1 399   0   0   0   0]
 [  0   0 400   0   0   0]
 [  0   0   0 400   0   0]
 [  1   0   3   0 396   0]
 [  6   0   0   0   0 218]]",2.2886173725128174,0.011946439743041992
219,BoT_IoT,2,None,StandardScaler,RF,0.9862177566540826,-1,-1,99.62121212121212,98.77083333333334,0.22727272727272727,98.59938912917153,98.66637811827582,-1,"{'0Normal': {'precision': 0.943127962085308, 'recall': 0.995, 'f1-score': 0.9683698296836982, 'support': 200.0}, 'HTTP': {'precision': 0.9974683544303797, 'recall': 0.985, 'f1-score': 0.9911949685534591, 'support': 400.0}, 'TCP': {'precision': 0.9803921568627451, 'recall': 1.0, 'f1-score': 0.99009900990099, 'support': 400.0}, 'UDP': {'precision': 1.0, 'recall': 0.9875, 'f1-score': 0.9937106918238994, 'support': 400.0}, 'scan': {'precision': 0.9949748743718593, 'recall': 0.99, 'f1-score': 0.9924812030075189, 'support': 400.0}, 'theft': {'precision': 1.0, 'recall': 0.96875, 'f1-score': 0.9841269841269841, 'support': 224.0}, 'accuracy': 0.9886363636363636, 'macro avg': {'precision': 0.9859938912917153, 'recall': 0.9877083333333334, 'f1-score': 0.9866637811827582, 'support': 2024.0}, 'weighted avg': {'precision': 0.9890117325509167, 'recall': 0.9886363636363636, 'f1-score': 0.988692074948385, 'support': 2024.0}}","[[199   0   0   0   1   0]
 [  6 394   0   0   0   0]
 [  0   0 400   0   0   0]
 [  0   0   5 395   0   0]
 [  1   0   3   0 396   0]
 [  5   1   0   0   1 217]]",0.8306732177734375,0.011293649673461914
220,BoT_IoT,2,None,StandardScaler,NuSVC,0.8360065849981729,-1,-1,95.38866930171278,82.68452380952381,2.766798418972332,88.81592690149304,82.77433898706104,-1,"{'0Normal': {'precision': 0.9121951219512195, 'recall': 0.935, 'f1-score': 0.9234567901234569, 'support': 200.0}, 'HTTP': {'precision': 0.910411622276029, 'recall': 0.94, 'f1-score': 0.9249692496924968, 'support': 400.0}, 'TCP': {'precision': 0.9311224489795918, 'recall': 0.9125, 'f1-score': 0.9217171717171717, 'support': 400.0}, 'UDP': {'precision': 0.9898734177215189, 'recall': 0.9775, 'f1-score': 0.9836477987421384, 'support': 400.0}, 'scan': {'precision': 0.6538461538461539, 'recall': 0.8925, 'f1-score': 0.7547568710359408, 'support': 400.0}, 'theft': {'precision': 0.9315068493150684, 'recall': 0.30357142857142855, 'f1-score': 0.4579124579124578, 'support': 224.0}, 'accuracy': 0.8616600790513834, 'macro avg': {'precision': 0.8881592690149304, 'recall': 0.8268452380952381, 'f1-score': 0.8277433898706104, 'support': 2024.0}, 'weighted avg': {'precision': 0.8820148299239805, 'recall': 0.8616600790513834, 'f1-score': 0.8504447554704452, 'support': 2024.0}}","[[187   2   0   4   7   0]
 [  6 376  16   0   2   0]
 [  0   3 365   0  32   0]
 [  0   3   6 391   0   0]
 [  7  27   4   0 357   5]
 [  5   2   1   0 148  68]]",0.4133882522583008,0.3175342082977295
221,BoT_IoT,2,None,StandardScaler,SGD,0.877903580813008,-1,-1,96.50856389986825,85.86011904761905,2.0948616600790513,91.6928690555574,85.52236321495329,-1,"{'0Normal': {'precision': 0.8949771689497716, 'recall': 0.98, 'f1-score': 0.9355608591885441, 'support': 200.0}, 'HTTP': {'precision': 0.9848866498740554, 'recall': 0.9775, 'f1-score': 0.9811794228356336, 'support': 400.0}, 'TCP': {'precision': 0.9694656488549618, 'recall': 0.9525, 'f1-score': 0.9609079445145018, 'support': 400.0}, 'UDP': {'precision': 1.0, 'recall': 0.985, 'f1-score': 0.9924433249370278, 'support': 400.0}, 'scan': {'precision': 0.6950998185117967, 'recall': 0.9575, 'f1-score': 0.8054679284963197, 'support': 400.0}, 'theft': {'precision': 0.9571428571428572, 'recall': 0.29910714285714285, 'f1-score': 0.45578231292517, 'support': 224.0}, 'accuracy': 0.8952569169960475, 'macro avg': {'precision': 0.9169286905555739, 'recall': 0.8586011904761905, 'f1-score': 0.8552236321495329, 'support': 2024.0}, 'weighted avg': {'precision': 0.915600929192826, 'recall': 0.8952569169960475, 'f1-score': 0.8820191987383105, 'support': 2024.0}}","[[196   3   0   0   1   0]
 [  5 391   1   0   1   2]
 [  0   2 381   0  17   0]
 [  1   0   5 394   0   0]
 [  9   1   6   0 383   1]
 [  8   0   0   0 149  67]]",0.12128520011901855,0.0008251667022705078
222,BoT_IoT,2,poly,StandardScaler,HHHv2,0.9538376745275232,-1,-1,98.73188405797102,95.65111634556045,0.7608695652173914,95.54761904761905,95.55907409676978,-1,"{'0Normal': {'precision': 0.89, 'recall': 0.9417989417989417, 'f1-score': 0.9151670951156812, 'support': 189.0}, 'HTTP': {'precision': 0.9875, 'recall': 0.9825870646766169, 'f1-score': 0.9850374064837906, 'support': 402.0}, 'TCP': {'precision': 0.99, 'recall': 0.972972972972973, 'f1-score': 0.9814126394052045, 'support': 407.0}, 'UDP': {'precision': 0.9875, 'recall': 0.9587378640776699, 'f1-score': 0.9729064039408868, 'support': 412.0}, 'scan': {'precision': 0.9225, 'recall': 0.9761904761904762, 'f1-score': 0.948586118251928, 'support': 378.0}, 'theft': {'precision': 0.9553571428571429, 'recall': 0.9067796610169492, 'f1-score': 0.9304347826086956, 'support': 236.0}, 'accuracy': 0.9619565217391305, 'macro avg': {'precision': 0.9554761904761905, 'recall': 0.9565111634556045, 'f1-score': 0.9555907409676978, 'support': 2024.0}, 'weighted avg': {'precision': 0.9630110107284021, 'recall': 0.9619565217391305, 'f1-score': 0.962140396462348, 'support': 2024.0}}","[[178   3   1   1   2   4]
 [  4 395   1   0   2   0]
 [  0   1 396   1   8   1]
 [ 10   0   0 395   4   3]
 [  3   1   1   2 369   2]
 [  5   0   1   1  15 214]]",42.04067540168762,0.10360264778137207
223,BoT_IoT,2,None,StandardScaler,KNN,0.8096212738685016,-1,-1,94.56521739130434,84.08035714285714,3.260869565217391,83.59488340589108,82.06519034896917,-1,"{'0Normal': {'precision': 0.8806818181818182, 'recall': 0.775, 'f1-score': 0.824468085106383, 'support': 200.0}, 'HTTP': {'precision': 0.8508771929824561, 'recall': 0.97, 'f1-score': 0.9065420560747663, 'support': 400.0}, 'TCP': {'precision': 0.8958333333333334, 'recall': 0.9675, 'f1-score': 0.9302884615384617, 'support': 400.0}, 'UDP': {'precision': 0.9893048128342246, 'recall': 0.925, 'f1-score': 0.9560723514211886, 'support': 400.0}, 'scan': {'precision': 0.8099547511312217, 'recall': 0.4475, 'f1-score': 0.5764895330112721, 'support': 400.0}, 'theft': {'precision': 0.589041095890411, 'recall': 0.9598214285714286, 'f1-score': 0.7300509337860782, 'support': 224.0}, 'accuracy': 0.8369565217391305, 'macro avg': {'precision': 0.8359488340589109, 'recall': 0.8408035714285714, 'f1-score': 0.8206519034896916, 'support': 2024.0}, 'weighted avg': {'precision': 0.852998816812406, 'recall': 0.8369565217391305, 'f1-score': 0.8281531556361827, 'support': 2024.0}}","[[155   6   0   4  34   1]
 [  2 388   6   0   3   1]
 [  0  10 387   0   3   0]
 [ 16   2  12 370   0   0]
 [  0  46  27   0 179 148]
 [  3   4   0   0   2 215]]",0.0004849433898925781,0.0066509246826171875
224,BoT_IoT,2,None,StandardScaler,LDA,0.8030382169329924,-1,-1,94.54874835309617,78.39880952380952,3.2707509881422925,83.32618606755894,79.47305831204298,-1,"{'0Normal': {'precision': 0.9496402877697842, 'recall': 0.66, 'f1-score': 0.7787610619469026, 'support': 200.0}, 'HTTP': {'precision': 0.9137529137529138, 'recall': 0.98, 'f1-score': 0.9457177322074789, 'support': 400.0}, 'TCP': {'precision': 0.9536585365853658, 'recall': 0.9775, 'f1-score': 0.9654320987654321, 'support': 400.0}, 'UDP': {'precision': 0.9900249376558603, 'recall': 0.9925, 'f1-score': 0.9912609238451936, 'support': 400.0}, 'scan': {'precision': 0.5874524714828897, 'recall': 0.7725, 'f1-score': 0.6673866090712742, 'support': 400.0}, 'theft': {'precision': 0.6050420168067226, 'recall': 0.32142857142857145, 'f1-score': 0.4198250728862974, 'support': 224.0}, 'accuracy': 0.8364624505928854, 'macro avg': {'precision': 0.8332618606755894, 'recall': 0.7839880952380952, 'f1-score': 0.7947305831204298, 'support': 2024.0}, 'weighted avg': {'precision': 0.8416072199157482, 'recall': 0.8364624505928854, 'f1-score': 0.8289090781974618, 'support': 2024.0}}","[[132   2   4   3  57   2]
 [  5 392   0   0   3   0]
 [  0   3 391   0   6   0]
 [  0   1   0 397   2   0]
 [  1  30  15   0 309  45]
 [  1   1   0   1 149  72]]",0.010825157165527344,0.0005776882171630859
225,BoT_IoT,2,None,StandardScaler,MLP,0.9564555679281285,-1,-1,98.79776021080369,96.56249999999999,0.7213438735177866,95.75291313244038,96.07712411063726,-1,"{'0Normal': {'precision': 0.9560975609756097, 'recall': 0.98, 'f1-score': 0.9679012345679012, 'support': 200.0}, 'HTTP': {'precision': 0.985, 'recall': 0.985, 'f1-score': 0.985, 'support': 400.0}, 'TCP': {'precision': 0.9633251833740831, 'recall': 0.985, 'f1-score': 0.9740420271940667, 'support': 400.0}, 'UDP': {'precision': 1.0, 'recall': 0.9825, 'f1-score': 0.991172761664565, 'support': 400.0}, 'scan': {'precision': 0.9727520435967303, 'recall': 0.8925, 'f1-score': 0.9308996088657105, 'support': 400.0}, 'theft': {'precision': 0.868, 'recall': 0.96875, 'f1-score': 0.9156118143459917, 'support': 224.0}, 'accuracy': 0.9639328063241107, 'macro avg': {'precision': 0.9575291313244039, 'recall': 0.9656249999999998, 'f1-score': 0.9607712411063726, 'support': 2024.0}, 'weighted avg': {'precision': 0.9654557326993317, 'recall': 0.9639328063241107, 'f1-score': 0.9639936029727367, 'support': 2024.0}}","[[196   3   0   0   1   0]
 [  3 394   0   0   3   0]
 [  0   2 394   0   4   0]
 [  1   0   6 393   0   0]
 [  0   1   9   0 357  33]
 [  5   0   0   0   2 217]]",0.5942118167877197,0.001356363296508789
226,BoT_IoT,2,None,StandardScaler,LGBM,0.9915976071236201,-1,-1,99.76943346508564,99.24404761904762,0.1383399209486166,99.0480977743892,99.14203409335617,-1,"{'0Normal': {'precision': 0.9707317073170731, 'recall': 0.995, 'f1-score': 0.982716049382716, 'support': 200.0}, 'HTTP': {'precision': 1.0, 'recall': 0.9975, 'f1-score': 0.9987484355444306, 'support': 400.0}, 'TCP': {'precision': 0.9925558312655087, 'recall': 1.0, 'f1-score': 0.9962640099626401, 'support': 400.0}, 'UDP': {'precision': 1.0, 'recall': 1.0, 'f1-score': 1.0, 'support': 400.0}, 'scan': {'precision': 0.9974554707379135, 'recall': 0.98, 'f1-score': 0.9886506935687264, 'support': 400.0}, 'theft': {'precision': 0.9821428571428571, 'recall': 0.9821428571428571, 'f1-score': 0.9821428571428571, 'support': 224.0}, 'accuracy': 0.9930830039525692, 'macro avg': {'precision': 0.990480977743892, 'recall': 0.9924404761904762, 'f1-score': 0.9914203409335617, 'support': 2024.0}, 'weighted avg': {'precision': 0.9931575406446559, 'recall': 0.9930830039525692, 'f1-score': 0.993087186515248, 'support': 2024.0}}","[[199   0   0   0   1   0]
 [  1 399   0   0   0   0]
 [  0   0 400   0   0   0]
 [  0   0   0 400   0   0]
 [  1   0   3   0 392   4]
 [  4   0   0   0   0 220]]",1.4646153450012207,0.01118326187133789
227,BoT_IoT,2,None,StandardScaler,RF,0.9814058992951066,-1,-1,99.48945981554678,98.3452380952381,0.30632411067193677,98.05650842946577,98.19013670946187,-1,"{'0Normal': {'precision': 0.9423076923076923, 'recall': 0.98, 'f1-score': 0.9607843137254902, 'support': 200.0}, 'HTTP': {'precision': 1.0, 'recall': 0.985, 'f1-score': 0.9924433249370278, 'support': 400.0}, 'TCP': {'precision': 0.9779951100244498, 'recall': 1.0, 'f1-score': 0.9888751545117428, 'support': 400.0}, 'UDP': {'precision': 1.0, 'recall': 0.985, 'f1-score': 0.9924433249370278, 'support': 400.0}, 'scan': {'precision': 0.9898734177215189, 'recall': 0.9775, 'f1-score': 0.9836477987421384, 'support': 400.0}, 'theft': {'precision': 0.9732142857142857, 'recall': 0.9732142857142857, 'f1-score': 0.9732142857142857, 'support': 224.0}, 'accuracy': 0.9846837944664032, 'macro avg': {'precision': 0.9805650842946577, 'recall': 0.983452380952381, 'f1-score': 0.9819013670946187, 'support': 2024.0}, 'weighted avg': {'precision': 0.9849846588734811, 'recall': 0.9846837944664032, 'f1-score': 0.984743430828198, 'support': 2024.0}}","[[196   0   0   0   4   0]
 [  6 394   0   0   0   0]
 [  0   0 400   0   0   0]
 [  0   0   6 394   0   0]
 [  0   0   3   0 391   6]
 [  6   0   0   0   0 218]]",0.23392367362976074,0.011512279510498047
228,BoT_IoT,2,None,StandardScaler,NuSVC,0.8567239982344478,-1,-1,96.06389986824769,86.9702380952381,2.3616600790513833,87.30061053993342,86.99045500284805,-1,"{'0Normal': {'precision': 0.8114285714285714, 'recall': 0.71, 'f1-score': 0.7573333333333333, 'support': 200.0}, 'HTTP': {'precision': 0.8684807256235828, 'recall': 0.9575, 'f1-score': 0.9108204518430439, 'support': 400.0}, 'TCP': {'precision': 0.927360774818402, 'recall': 0.9575, 'f1-score': 0.942189421894219, 'support': 400.0}, 'UDP': {'precision': 0.9973404255319149, 'recall': 0.9375, 'f1-score': 0.9664948453608248, 'support': 400.0}, 'scan': {'precision': 0.7904509283819628, 'recall': 0.745, 'f1-score': 0.767052767052767, 'support': 400.0}, 'theft': {'precision': 0.8429752066115702, 'recall': 0.9107142857142857, 'f1-score': 0.8755364806866952, 'support': 224.0}, 'accuracy': 0.8819169960474308, 'macro avg': {'precision': 0.8730061053993342, 'recall': 0.869702380952381, 'f1-score': 0.8699045500284805, 'support': 2024.0}, 'weighted avg': {'precision': 0.8817022244609937, 'recall': 0.8819169960474308, 'f1-score': 0.8805384549411207, 'support': 2024.0}}","[[142   1   0   1  56   0]
 [ 11 383   0   0   6   0]
 [  0   5 383   0  12   0]
 [ 12   3   9 375   1   0]
 [  5  38  21   0 298  38]
 [  5  11   0   0   4 204]]",0.09102630615234375,0.08522891998291016
229,BoT_IoT,2,None,StandardScaler,SGD,0.8379035756348993,-1,-1,95.42160737812911,81.16071428571429,2.7470355731225298,88.07519804934395,82.35018466259186,-1,"{'0Normal': {'precision': 0.8853503184713376, 'recall': 0.695, 'f1-score': 0.7787114845938375, 'support': 200.0}, 'HTTP': {'precision': 0.989821882951654, 'recall': 0.9725, 'f1-score': 0.9810844892812106, 'support': 400.0}, 'TCP': {'precision': 0.9451371571072319, 'recall': 0.9475, 'f1-score': 0.9463171036204744, 'support': 400.0}, 'UDP': {'precision': 0.9949494949494949, 'recall': 0.985, 'f1-score': 0.9899497487437187, 'support': 400.0}, 'scan': {'precision': 0.627147766323024, 'recall': 0.9125, 'f1-score': 0.7433808553971486, 'support': 400.0}, 'theft': {'precision': 0.8421052631578947, 'recall': 0.35714285714285715, 'f1-score': 0.5015673981191222, 'support': 224.0}, 'accuracy': 0.8626482213438735, 'macro avg': {'precision': 0.8807519804934395, 'recall': 0.8116071428571429, 'f1-score': 0.8235018466259186, 'support': 2024.0}, 'weighted avg': {'precision': 0.8836581833864614, 'recall': 0.8626482213438735, 'f1-score': 0.8559220715980592, 'support': 2024.0}}","[[139   2   0   2  56   1]
 [  6 389   0   0   3   2]
 [  0   1 379   0  20   0]
 [  0   0   6 394   0   0]
 [  6   1  16   0 365  12]
 [  6   0   0   0 138  80]]",0.017119884490966797,0.0006508827209472656
230,BoT_IoT,2,linear,StandardScaler,HHHv2,0.7974802492440913,-1,-1,94.433465085639,83.26715001130212,3.339920948616601,78.5684523809524,79.76432226460565,-1,"{'0Normal': {'precision': 0.625, 'recall': 0.9328358208955224, 'f1-score': 0.7485029940119761, 'support': 134.0}, 'HTTP': {'precision': 0.98, 'recall': 0.8808988764044944, 'f1-score': 0.9278106508875739, 'support': 445.0}, 'TCP': {'precision': 0.985, 'recall': 0.91415313225058, 'f1-score': 0.9482551143200962, 'support': 431.0}, 'UDP': {'precision': 0.9925, 'recall': 0.9851116625310173, 'f1-score': 0.9887920298879203, 'support': 403.0}, 'scan': {'precision': 0.7075, 'recall': 0.5995762711864406, 'f1-score': 0.6490825688073394, 'support': 472.0}, 'theft': {'precision': 0.42410714285714285, 'recall': 0.6834532374100719, 'f1-score': 0.5234159779614325, 'support': 139.0}, 'accuracy': 0.8330039525691699, 'macro avg': {'precision': 0.7856845238095239, 'recall': 0.8326715001130212, 'f1-score': 0.7976432226460565, 'support': 2024.0}, 'weighted avg': {'precision': 0.8583267751270469, 'recall': 0.8330039525691699, 'f1-score': 0.8396630813108062, 'support': 2024.0}}","[[125   6   0   0   1   2]
 [  3 392   4   1  44   1]
 [  6   0 394   0  30   1]
 [  5   0   0 397   1   0]
 [ 58   2   2   2 283 125]
 [  3   0   0   0  41  95]]",0.40280604362487793,0.012088775634765625
231,BoT_IoT,2,None,StandardScaler,KNN,0.953245854343192,-1,-1,98.71541501976284,96.08035714285714,0.7707509881422925,95.70027342495096,95.8651895080607,-1,"{'0Normal': {'precision': 0.9408866995073891, 'recall': 0.955, 'f1-score': 0.9478908188585607, 'support': 200.0}, 'HTTP': {'precision': 0.974937343358396, 'recall': 0.9725, 'f1-score': 0.9737171464330413, 'support': 400.0}, 'TCP': {'precision': 0.9468599033816425, 'recall': 0.98, 'f1-score': 0.9631449631449631, 'support': 400.0}, 'UDP': {'precision': 0.9974683544303797, 'recall': 0.985, 'f1-score': 0.9911949685534591, 'support': 400.0}, 'scan': {'precision': 0.9630606860158312, 'recall': 0.9125, 'f1-score': 0.9370988446726572, 'support': 400.0}, 'theft': {'precision': 0.9188034188034188, 'recall': 0.9598214285714286, 'f1-score': 0.9388646288209607, 'support': 224.0}, 'accuracy': 0.9614624505928854, 'macro avg': {'precision': 0.9570027342495097, 'recall': 0.9608035714285714, 'f1-score': 0.958651895080607, 'support': 2024.0}, 'weighted avg': {'precision': 0.9619169074051104, 'recall': 0.9614624505928854, 'f1-score': 0.9614358743820434, 'support': 2024.0}}","[[191   4   0   1   3   1]
 [  3 389   4   0   3   1]
 [  0   2 392   0   6   0]
 [  0   0   6 394   0   0]
 [  5   2  11   0 365  17]
 [  4   2   1   0   2 215]]",0.0008001327514648438,0.030812978744506836
232,BoT_IoT,2,None,StandardScaler,LDA,0.8860767139961521,-1,-1,96.73913043478261,86.16666666666667,1.956521739130435,92.76860765634464,86.21889372620838,-1,"{'0Normal': {'precision': 0.9303482587064676, 'recall': 0.935, 'f1-score': 0.9326683291770573, 'support': 200.0}, 'HTTP': {'precision': 0.9630541871921182, 'recall': 0.9775, 'f1-score': 0.9702233250620347, 'support': 400.0}, 'TCP': {'precision': 0.9875, 'recall': 0.9875, 'f1-score': 0.9875, 'support': 400.0}, 'UDP': {'precision': 0.9899749373433584, 'recall': 0.9875, 'f1-score': 0.9887359198998749, 'support': 400.0}, 'scan': {'precision': 0.7093235831809872, 'recall': 0.97, 'f1-score': 0.8194297782470961, 'support': 400.0}, 'theft': {'precision': 0.9859154929577465, 'recall': 0.3125, 'f1-score': 0.47457627118644063, 'support': 224.0}, 'accuracy': 0.9021739130434783, 'macro avg': {'precision': 0.9276860765634464, 'recall': 0.8616666666666667, 'f1-score': 0.8621889372620838, 'support': 2024.0}, 'weighted avg': {'precision': 0.9223595875743152, 'recall': 0.9021739130434783, 'f1-score': 0.8889300196960358, 'support': 2024.0}}","[[187   6   2   4   1   0]
 [  6 391   0   0   3   0]
 [  0   3 395   0   2   0]
 [  0   2   0 395   3   0]
 [  7   2   2   0 388   1]
 [  1   2   1   0 150  70]]",0.028635740280151367,0.0007166862487792969
233,BoT_IoT,2,None,StandardScaler,MLP,0.9813962269240963,-1,-1,99.48945981554678,98.35416666666667,0.30632411067193677,98.15520029798493,98.24460031625732,-1,"{'0Normal': {'precision': 0.9471153846153846, 'recall': 0.985, 'f1-score': 0.965686274509804, 'support': 200.0}, 'HTTP': {'precision': 0.9974683544303797, 'recall': 0.985, 'f1-score': 0.9911949685534591, 'support': 400.0}, 'TCP': {'precision': 0.9779411764705882, 'recall': 0.9975, 'f1-score': 0.9876237623762375, 'support': 400.0}, 'UDP': {'precision': 1.0, 'recall': 0.9875, 'f1-score': 0.9937106918238994, 'support': 400.0}, 'scan': {'precision': 0.9848866498740554, 'recall': 0.9775, 'f1-score': 0.9811794228356336, 'support': 400.0}, 'theft': {'precision': 0.9819004524886877, 'recall': 0.96875, 'f1-score': 0.9752808988764045, 'support': 224.0}, 'accuracy': 0.9846837944664032, 'macro avg': {'precision': 0.9815520029798493, 'recall': 0.9835416666666666, 'f1-score': 0.9824460031625731, 'support': 2024.0}, 'weighted avg': {'precision': 0.984924530924186, 'recall': 0.9846837944664032, 'f1-score': 0.9847251553784423, 'support': 2024.0}}","[[197   0   0   0   2   1]
 [  4 394   0   0   2   0]
 [  0   1 399   0   0   0]
 [  0   0   5 395   0   0]
 [  2   0   4   0 391   3]
 [  5   0   0   0   2 217]]",2.5822529792785645,0.0013318061828613281
234,BoT_IoT,2,None,StandardScaler,LGBM,0.9909926268582884,-1,-1,99.75296442687747,99.09523809523809,0.14822134387351776,99.0266410581442,99.05506575736652,-1,"{'0Normal': {'precision': 0.9611650485436893, 'recall': 0.99, 'f1-score': 0.9753694581280788, 'support': 200.0}, 'HTTP': {'precision': 1.0, 'recall': 0.9975, 'f1-score': 0.9987484355444306, 'support': 400.0}, 'TCP': {'precision': 0.9925373134328358, 'recall': 0.9975, 'f1-score': 0.9950124688279303, 'support': 400.0}, 'UDP': {'precision': 1.0, 'recall': 1.0, 'f1-score': 1.0, 'support': 400.0}, 'scan': {'precision': 0.992462311557789, 'recall': 0.9875, 'f1-score': 0.9899749373433584, 'support': 400.0}, 'theft': {'precision': 0.9954337899543378, 'recall': 0.9732142857142857, 'f1-score': 0.9841986455981941, 'support': 224.0}, 'accuracy': 0.9925889328063241, 'macro avg': {'precision': 0.9902664105814419, 'recall': 0.9909523809523809, 'f1-score': 0.9905506575736652, 'support': 2024.0}, 'weighted avg': {'precision': 0.9926927019045253, 'recall': 0.9925889328063241, 'f1-score': 0.9926031249633888, 'support': 2024.0}}","[[198   0   0   0   2   0]
 [  1 399   0   0   0   0]
 [  0   0 399   0   1   0]
 [  0   0   0 400   0   0]
 [  1   0   3   0 395   1]
 [  6   0   0   0   0 218]]",1.9554805755615234,0.013713836669921875
235,BoT_IoT,2,None,StandardScaler,RF,0.984402233951604,-1,-1,99.57180500658761,98.63690476190476,0.25691699604743085,98.43399325799669,98.52365094343111,-1,"{'0Normal': {'precision': 0.9473684210526315, 'recall': 0.99, 'f1-score': 0.9682151589242053, 'support': 200.0}, 'HTTP': {'precision': 0.9899497487437185, 'recall': 0.985, 'f1-score': 0.9874686716791979, 'support': 400.0}, 'TCP': {'precision': 0.9803439803439803, 'recall': 0.9975, 'f1-score': 0.9888475836431228, 'support': 400.0}, 'UDP': {'precision': 1.0, 'recall': 0.9875, 'f1-score': 0.9937106918238994, 'support': 400.0}, 'scan': {'precision': 0.9974683544303797, 'recall': 0.985, 'f1-score': 0.9911949685534591, 'support': 400.0}, 'theft': {'precision': 0.990909090909091, 'recall': 0.9732142857142857, 'f1-score': 0.9819819819819819, 'support': 224.0}, 'accuracy': 0.9871541501976284, 'macro avg': {'precision': 0.9843399325799669, 'recall': 0.9863690476190476, 'f1-score': 0.9852365094343111, 'support': 2024.0}, 'weighted avg': {'precision': 0.9874220128366571, 'recall': 0.9871541501976284, 'f1-score': 0.9872014634529035, 'support': 2024.0}}","[[198   1   0   0   1   0]
 [  6 394   0   0   0   0]
 [  0   1 399   0   0   0]
 [  0   0   5 395   0   0]
 [  1   0   3   0 394   2]
 [  4   2   0   0   0 218]]",0.8211615085601807,0.011188030242919922
236,BoT_IoT,2,None,StandardScaler,SGD,0.8805873823260726,-1,-1,96.5909090909091,86.0684523809524,2.0454545454545454,91.95107117832899,85.60276905299897,-1,"{'0Normal': {'precision': 0.875, 'recall': 0.98, 'f1-score': 0.9245283018867924, 'support': 200.0}, 'HTTP': {'precision': 0.9848484848484849, 'recall': 0.975, 'f1-score': 0.9798994974874371, 'support': 400.0}, 'TCP': {'precision': 0.9656019656019657, 'recall': 0.9825, 'f1-score': 0.9739776951672862, 'support': 400.0}, 'UDP': {'precision': 1.0, 'recall': 0.9775, 'f1-score': 0.988621997471555, 'support': 400.0}, 'scan': {'precision': 0.7063197026022305, 'recall': 0.95, 'f1-score': 0.8102345415778252, 'support': 400.0}, 'theft': {'precision': 0.9852941176470589, 'recall': 0.29910714285714285, 'f1-score': 0.45890410958904115, 'support': 224.0}, 'accuracy': 0.8977272727272727, 'macro avg': {'precision': 0.9195107117832899, 'recall': 0.8606845238095239, 'f1-score': 0.8560276905299896, 'support': 2024.0}, 'weighted avg': {'precision': 0.9181887072994139, 'recall': 0.8977272727272727, 'f1-score': 0.8837913407148938, 'support': 2024.0}}","[[196   3   0   0   1   0]
 [  7 390   0   0   3   0]
 [  0   2 393   0   5   0]
 [  4   0   5 391   0   0]
 [  9   1   9   0 380   1]
 [  8   0   0   0 149  67]]",0.12906169891357422,0.0008554458618164062
237,BoT_IoT,2,sigmoid,StandardScaler,HHHv2,0.5737454522039365,-1,-1,88.27404479578392,62.373858290493004,7.035573122529644,61.738095238095234,61.63093242530564,-1,"{'0Normal': {'precision': 0.44, 'recall': 0.43349753694581283, 'f1-score': 0.43672456575682383, 'support': 203.0}, 'HTTP': {'precision': 0.885, 'recall': 0.8137931034482758, 'f1-score': 0.8479041916167663, 'support': 435.0}, 'TCP': {'precision': 0.565, 'recall': 0.6494252873563219, 'f1-score': 0.6042780748663102, 'support': 348.0}, 'UDP': {'precision': 0.6, 'recall': 0.7619047619047619, 'f1-score': 0.6713286713286712, 'support': 315.0}, 'scan': {'precision': 0.75, 'recall': 0.5813953488372093, 'f1-score': 0.6550218340611353, 'support': 516.0}, 'theft': {'precision': 0.4642857142857143, 'recall': 0.5024154589371981, 'f1-score': 0.4825986078886311, 'support': 207.0}, 'accuracy': 0.6482213438735178, 'macro avg': {'precision': 0.6173809523809524, 'recall': 0.62373858290493, 'f1-score': 0.6163093242530564, 'support': 2024.0}, 'weighted avg': {'precision': 0.6635484895539243, 'recall': 0.6482213438735178, 'f1-score': 0.6507608151840061, 'support': 2024.0}}","[[ 88  16  59  29   8   3]
 [ 31 354  23  17   7   3]
 [ 19   7 226  34  56   6]
 [ 27   8  18 240  14   8]
 [ 24  10  49  33 300 100]
 [ 11   5  25  47  15 104]]",43.856372594833374,0.07498526573181152
238,BoT_IoT,0,None,StandardScaler,KNN,0.6970246871209578,-1,-1,91.45256916996047,72.17261904761905,5.128458498023716,74.78890759795782,69.39724353074746,-1,"{'0Normal': {'precision': 0.855072463768116, 'recall': 0.295, 'f1-score': 0.4386617100371747, 'support': 200.0}, 'HTTP': {'precision': 0.7126436781609196, 'recall': 0.93, 'f1-score': 0.806941431670282, 'support': 400.0}, 'TCP': {'precision': 0.8356481481481481, 'recall': 0.9025, 'f1-score': 0.8677884615384615, 'support': 400.0}, 'UDP': {'precision': 0.8257918552036199, 'recall': 0.9125, 'f1-score': 0.8669833729216153, 'support': 400.0}, 'scan': {'precision': 0.6536585365853659, 'recall': 0.335, 'f1-score': 0.44297520661157025, 'support': 400.0}, 'theft': {'precision': 0.6045197740112994, 'recall': 0.9553571428571429, 'f1-score': 0.740484429065744, 'support': 224.0}, 'accuracy': 0.7435770750988142, 'macro avg': {'precision': 0.7478890759795781, 'recall': 0.7217261904761906, 'f1-score': 0.6939724353074745, 'support': 2024.0}, 'weighted avg': {'precision': 0.7497647279502844, 'recall': 0.7435770750988142, 'f1-score': 0.7151562466476943, 'support': 2024.0}}","[[ 59   9   2  75  47   8]
 [  3 372   4   2  19   0]
 [  0  39 361   0   0   0]
 [  2   0  33 365   0   0]
 [  1 101  32   0 134 132]
 [  4   1   0   0   5 214]]",0.00030803680419921875,0.0018765926361083984
239,BoT_IoT,0,None,StandardScaler,LDA,0.7025017908793847,-1,-1,91.53491436100131,70.01785714285714,5.079051383399209,76.62757038094384,66.67559568868504,-1,"{'0Normal': {'precision': 0.90625, 'recall': 0.145, 'f1-score': 0.25, 'support': 200.0}, 'HTTP': {'precision': 0.7630522088353414, 'recall': 0.95, 'f1-score': 0.846325167037862, 'support': 400.0}, 'TCP': {'precision': 0.9099756690997567, 'recall': 0.935, 'f1-score': 0.9223181257706535, 'support': 400.0}, 'UDP': {'precision': 0.8291139240506329, 'recall': 0.9825, 'f1-score': 0.8993135011441648, 'support': 400.0}, 'scan': {'precision': 0.7403846153846154, 'recall': 0.385, 'f1-score': 0.506578947368421, 'support': 400.0}, 'theft': {'precision': 0.4488778054862843, 'recall': 0.8035714285714286, 'f1-score': 0.5760000000000001, 'support': 224.0}, 'accuracy': 0.7460474308300395, 'macro avg': {'precision': 0.7662757038094384, 'recall': 0.7001785714285714, 'f1-score': 0.6667559568868503, 'support': 2024.0}, 'weighted avg': {'precision': 0.7800440688621869, 'recall': 0.7460474308300395, 'f1-score': 0.7158291978895457, 'support': 2024.0}}","[[ 29   3   0  80  13  75]
 [  1 380  15   0   0   4]
 [  0  26 374   0   0   0]
 [  0   2   5 393   0   0]
 [  0  87  17   0 154 142]
 [  2   0   0   1  41 180]]",0.0006537437438964844,0.0003273487091064453
240,BoT_IoT,0,None,StandardScaler,MLP,0.7960195426915667,-1,-1,94.30171277997364,80.28869047619047,3.41897233201581,83.90089239406225,79.54028688514941,-1,"{'0Normal': {'precision': 0.9411764705882353, 'recall': 0.4, 'f1-score': 0.5614035087719298, 'support': 200.0}, 'HTTP': {'precision': 0.8390804597701149, 'recall': 0.9125, 'f1-score': 0.8742514970059879, 'support': 400.0}, 'TCP': {'precision': 0.8758314855875832, 'recall': 0.9875, 'f1-score': 0.928319623971798, 'support': 400.0}, 'UDP': {'precision': 0.8100208768267223, 'recall': 0.97, 'f1-score': 0.8828213879408419, 'support': 400.0}, 'scan': {'precision': 0.818815331010453, 'recall': 0.5875, 'f1-score': 0.6841339155749636, 'support': 400.0}, 'theft': {'precision': 0.7491289198606271, 'recall': 0.9598214285714286, 'f1-score': 0.8414872798434442, 'support': 224.0}, 'accuracy': 0.8290513833992095, 'macro avg': {'precision': 0.8390089239406225, 'recall': 0.8028869047619046, 'f1-score': 0.7954028688514941, 'support': 2024.0}, 'weighted avg': {'precision': 0.8367289690930716, 'recall': 0.8290513833992095, 'f1-score': 0.8145179951762619, 'support': 2024.0}}","[[ 80   1   1  91  21   6]
 [  2 365   7   0  24   2]
 [  0   2 395   0   3   0]
 [  0   0  12 388   0   0]
 [  0  65  36   0 235  64]
 [  3   2   0   0   4 215]]",0.05069923400878906,0.0006723403930664062
241,BoT_IoT,0,None,StandardScaler,LGBM,0.9460126072193149,-1,-1,98.50131752305666,93.39285714285714,0.8992094861660079,95.92913708231859,94.12514368806383,-1,"{'0Normal': {'precision': 0.9781021897810219, 'recall': 0.67, 'f1-score': 0.7952522255192879, 'support': 200.0}, 'HTTP': {'precision': 0.9949367088607595, 'recall': 0.9825, 'f1-score': 0.9886792452830189, 'support': 400.0}, 'TCP': {'precision': 0.9925558312655087, 'recall': 1.0, 'f1-score': 0.9962640099626401, 'support': 400.0}, 'UDP': {'precision': 0.8747203579418344, 'recall': 0.9775, 'f1-score': 0.923258559622196, 'support': 400.0}, 'scan': {'precision': 0.9585365853658536, 'recall': 0.9825, 'f1-score': 0.9703703703703704, 'support': 400.0}, 'theft': {'precision': 0.9568965517241379, 'recall': 0.9910714285714286, 'f1-score': 0.9736842105263158, 'support': 224.0}, 'accuracy': 0.9550395256916996, 'macro avg': {'precision': 0.9592913708231859, 'recall': 0.9339285714285714, 'f1-score': 0.9412514368806383, 'support': 2024.0}, 'weighted avg': {'precision': 0.9576408393853725, 'recall': 0.9550395256916996, 'f1-score': 0.952857995235693, 'support': 2024.0}}","[[134   0   0  56   8   2]
 [  1 393   0   0   0   6]
 [  0   0 400   0   0   0]
 [  0   0   0 391   9   0]
 [  0   2   3   0 393   2]
 [  2   0   0   0   0 222]]",0.1392664909362793,0.0057294368743896484
242,BoT_IoT,0,None,StandardScaler,RF,0.9509318487263302,-1,-1,98.633069828722,93.62797619047619,0.8201581027667983,96.27151287420911,94.4022543614397,-1,"{'0Normal': {'precision': 0.9781021897810219, 'recall': 0.67, 'f1-score': 0.7952522255192879, 'support': 200.0}, 'HTTP': {'precision': 1.0, 'recall': 0.9925, 'f1-score': 0.9962358845671266, 'support': 400.0}, 'TCP': {'precision': 0.9900990099009901, 'recall': 1.0, 'f1-score': 0.9950248756218906, 'support': 400.0}, 'UDP': {'precision': 0.8791208791208791, 'recall': 1.0, 'f1-score': 0.935672514619883, 'support': 400.0}, 'scan': {'precision': 0.972636815920398, 'recall': 0.9775, 'f1-score': 0.9750623441396509, 'support': 400.0}, 'theft': {'precision': 0.9563318777292577, 'recall': 0.9776785714285714, 'f1-score': 0.9668874172185431, 'support': 224.0}, 'accuracy': 0.95899209486166, 'macro avg': {'precision': 0.9627151287420911, 'recall': 0.9362797619047619, 'f1-score': 0.944022543614397, 'support': 2024.0}, 'weighted avg': {'precision': 0.9617497334705853, 'recall': 0.95899209486166, 'f1-score': 0.9567349180534741, 'support': 2024.0}}","[[134   0   0  55   8   3]
 [  1 397   0   0   0   2]
 [  0   0 400   0   0   0]
 [  0   0   0 400   0   0]
 [  0   0   4   0 391   5]
 [  2   0   0   0   3 219]]",0.05329012870788574,0.008624553680419922
243,BoT_IoT,0,None,StandardScaler,NuSVC,0.7577478666079543,-1,-1,93.2806324110672,78.17857142857143,4.0316205533596845,80.63375055178469,77.36394153414614,-1,"{'0Normal': {'precision': 0.9368421052631579, 'recall': 0.445, 'f1-score': 0.6033898305084745, 'support': 200.0}, 'HTTP': {'precision': 0.7821350762527233, 'recall': 0.8975, 'f1-score': 0.8358556461001163, 'support': 400.0}, 'TCP': {'precision': 0.8275109170305677, 'recall': 0.9475, 'f1-score': 0.8834498834498834, 'support': 400.0}, 'UDP': {'precision': 0.9668367346938775, 'recall': 0.9475, 'f1-score': 0.9570707070707071, 'support': 400.0}, 'scan': {'precision': 0.6075949367088608, 'recall': 0.48, 'f1-score': 0.5363128491620112, 'support': 400.0}, 'theft': {'precision': 0.7171052631578947, 'recall': 0.9732142857142857, 'f1-score': 0.8257575757575757, 'support': 224.0}, 'accuracy': 0.7984189723320159, 'macro avg': {'precision': 0.8063375055178469, 'recall': 0.7817857142857143, 'f1-score': 0.7736394153414613, 'support': 2024.0}, 'weighted avg': {'precision': 0.8012011195031679, 'recall': 0.7984189723320159, 'f1-score': 0.7859304828974699, 'support': 2024.0}}","[[ 89   5   3  13  88   2]
 [  2 359   1   0  29   9]
 [  0  20 379   0   1   0]
 [  0   1  16 379   4   0]
 [  2  72  59   0 192  75]
 [  2   2   0   0   2 218]]",0.0010035037994384766,0.005692481994628906
244,BoT_IoT,0,None,StandardScaler,SGD,0.7007735961123859,-1,-1,91.81488801054019,67.67559523809524,4.91106719367589,67.33105394501965,66.79514701816078,-1,"{'0Normal': {'precision': 0.6904761904761905, 'recall': 0.435, 'f1-score': 0.5337423312883436, 'support': 200.0}, 'HTTP': {'precision': 0.8391608391608392, 'recall': 0.9, 'f1-score': 0.8685162846803379, 'support': 400.0}, 'TCP': {'precision': 0.8845265588914549, 'recall': 0.9575, 'f1-score': 0.9195678271308523, 'support': 400.0}, 'UDP': {'precision': 0.9071925754060325, 'recall': 0.9775, 'f1-score': 0.9410348977135982, 'support': 400.0}, 'scan': {'precision': 0.6207627118644068, 'recall': 0.7325, 'f1-score': 0.6720183486238532, 'support': 400.0}, 'theft': {'precision': 0.09774436090225563, 'recall': 0.05803571428571429, 'f1-score': 0.07282913165266106, 'support': 224.0}, 'accuracy': 0.7544466403162056, 'macro avg': {'precision': 0.6733105394501965, 'recall': 0.6767559523809524, 'f1-score': 0.6679514701816077, 'support': 2024.0}, 'weighted avg': {'precision': 0.7216635617917178, 'recall': 0.7544466403162056, 'f1-score': 0.7329630113672537, 'support': 2024.0}}","[[ 87   2   1  40   4  66]
 [  1 360   9   0   2  28]
 [  0  14 383   0   2   1]
 [  0   0   5 391   0   4]
 [  8  43  35   0 293  21]
 [ 30  10   0   0 171  13]]",0.0014972686767578125,0.0003485679626464844
245,BoT_IoT,0,None,StandardScaler,HHHv2,0.6919130065997601,-1,-1,91.32081686429513,71.78764839742811,5.207509881422925,70.125,67.78680766810926,-1,"{'0Normal': {'precision': 0.27, 'recall': 0.6506024096385542, 'f1-score': 0.3816254416961131, 'support': 83.0}, 'HTTP': {'precision': 0.9, 'recall': 0.7725321888412017, 'f1-score': 0.8314087759815242, 'support': 466.0}, 'TCP': {'precision': 0.95, 'recall': 0.892018779342723, 'f1-score': 0.9200968523002421, 'support': 426.0}, 'UDP': {'precision': 0.985, 'recall': 0.7392120075046904, 'f1-score': 0.8445873526259379, 'support': 533.0}, 'scan': {'precision': 0.3525, 'recall': 0.734375, 'f1-score': 0.4763513513513513, 'support': 192.0}, 'theft': {'precision': 0.75, 'recall': 0.5185185185185185, 'f1-score': 0.6131386861313868, 'support': 324.0}, 'accuracy': 0.7396245059288538, 'macro avg': {'precision': 0.7012499999999999, 'recall': 0.7178764839742812, 'f1-score': 0.6778680766810926, 'support': 2024.0}, 'weighted avg': {'precision': 0.8311240118577075, 'recall': 0.7396245059288538, 'f1-score': 0.7664793048733817, 'support': 2024.0}}","[[ 54  23   0   0   3   3]
 [  1 360  18   0  87   0]
 [  1  15 380   6  23   1]
 [135   0   2 394   1   1]
 [  0   0   0   0 141  51]
 [  9   2   0   0 145 168]]",0.001994609832763672,0.0055675506591796875
246,BoT_IoT,0,None,StandardScaler,KNN,0.9520800586693874,-1,-1,98.68247694334651,96.07142857142857,0.7905138339920948,95.72385717223449,95.86301324744994,-1,"{'0Normal': {'precision': 0.96, 'recall': 0.96, 'f1-score': 0.96, 'support': 200.0}, 'HTTP': {'precision': 0.9512195121951219, 'recall': 0.975, 'f1-score': 0.9629629629629629, 'support': 400.0}, 'TCP': {'precision': 0.9607843137254902, 'recall': 0.98, 'f1-score': 0.9702970297029702, 'support': 400.0}, 'UDP': {'precision': 0.9974683544303797, 'recall': 0.985, 'f1-score': 0.9911949685534591, 'support': 400.0}, 'scan': {'precision': 0.9625668449197861, 'recall': 0.9, 'f1-score': 0.9302325581395349, 'support': 400.0}, 'theft': {'precision': 0.9113924050632911, 'recall': 0.9642857142857143, 'f1-score': 0.9370932754880694, 'support': 224.0}, 'accuracy': 0.9604743083003953, 'macro avg': {'precision': 0.9572385717223449, 'recall': 0.9607142857142857, 'f1-score': 0.9586301324744994, 'support': 2024.0}, 'weighted avg': {'precision': 0.9609523265032057, 'recall': 0.9604743083003953, 'f1-score': 0.9603675402435269, 'support': 2024.0}}","[[192   2   1   1   3   1]
 [  2 390   5   0   3   0]
 [  0   4 392   0   4   0]
 [  0   0   4 394   2   0]
 [  2  12   6   0 360  20]
 [  4   2   0   0   2 216]]",0.0004394054412841797,0.008502006530761719
247,BoT_IoT,0,None,StandardScaler,LDA,0.6851552749087213,-1,-1,91.35375494071147,69.4702380952381,5.187747035573122,70.60809459694296,68.64007105189174,-1,"{'0Normal': {'precision': 0.5758928571428571, 'recall': 0.645, 'f1-score': 0.6084905660377358, 'support': 200.0}, 'HTTP': {'precision': 0.7234567901234568, 'recall': 0.7325, 'f1-score': 0.7279503105590062, 'support': 400.0}, 'TCP': {'precision': 0.9170854271356784, 'recall': 0.9125, 'f1-score': 0.9147869674185464, 'support': 400.0}, 'UDP': {'precision': 0.8509719222462203, 'recall': 0.985, 'f1-score': 0.9130938586326767, 'support': 400.0}, 'scan': {'precision': 0.600896860986547, 'recall': 0.67, 'f1-score': 0.6335697399527187, 'support': 400.0}, 'theft': {'precision': 0.5681818181818182, 'recall': 0.22321428571428573, 'f1-score': 0.32051282051282054, 'support': 224.0}, 'accuracy': 0.7406126482213439, 'macro avg': {'precision': 0.7060809459694296, 'recall': 0.694702380952381, 'f1-score': 0.6864007105189174, 'support': 2024.0}, 'weighted avg': {'precision': 0.7309366101274997, 'recall': 0.7406126482213439, 'f1-score': 0.7259156796579042, 'support': 2024.0}}","[[129   2   0  67   2   0]
 [ 82 293  18   0   7   0]
 [  0  32 365   1   2   0]
 [  0   0   6 394   0   0]
 [  9  78   7   0 268  38]
 [  4   0   2   1 167  50]]",0.0031042098999023438,0.00018644332885742188
248,BoT_IoT,0,None,StandardScaler,MLP,0.9759753099678528,-1,-1,99.34123847167325,97.71428571428572,0.3952569169960474,97.45413277940823,97.5771605331663,-1,"{'0Normal': {'precision': 0.9278846153846154, 'recall': 0.965, 'f1-score': 0.9460784313725491, 'support': 200.0}, 'HTTP': {'precision': 0.9898734177215189, 'recall': 0.9775, 'f1-score': 0.9836477987421384, 'support': 400.0}, 'TCP': {'precision': 0.9925187032418953, 'recall': 0.995, 'f1-score': 0.9937578027465668, 'support': 400.0}, 'UDP': {'precision': 1.0, 'recall': 1.0, 'f1-score': 1.0, 'support': 400.0}, 'scan': {'precision': 0.9773299748110831, 'recall': 0.97, 'f1-score': 0.973651191969887, 'support': 400.0}, 'theft': {'precision': 0.9596412556053812, 'recall': 0.9553571428571429, 'f1-score': 0.9574944071588367, 'support': 224.0}, 'accuracy': 0.9802371541501976, 'macro avg': {'precision': 0.9745413277940823, 'recall': 0.9771428571428572, 'f1-score': 0.9757716053316631, 'support': 2024.0}, 'weighted avg': {'precision': 0.9804473333213081, 'recall': 0.9802371541501976, 'f1-score': 0.9802950350106354, 'support': 2024.0}}","[[193   2   0   0   1   4]
 [  3 391   1   0   5   0]
 [  0   1 398   0   1   0]
 [  0   0   0 400   0   0]
 [  5   0   2   0 388   5]
 [  7   1   0   0   2 214]]",1.4272477626800537,0.0007681846618652344
249,BoT_IoT,0,None,StandardScaler,LGBM,0.9916040740437086,-1,-1,99.76943346508564,99.27678571428574,0.1383399209486166,99.03981429994509,99.1514579740194,-1,"{'0Normal': {'precision': 0.961352657004831, 'recall': 0.995, 'f1-score': 0.977886977886978, 'support': 200.0}, 'HTTP': {'precision': 1.0, 'recall': 0.9975, 'f1-score': 0.9987484355444306, 'support': 400.0}, 'TCP': {'precision': 0.9925558312655087, 'recall': 1.0, 'f1-score': 0.9962640099626401, 'support': 400.0}, 'UDP': {'precision': 1.0, 'recall': 1.0, 'f1-score': 1.0, 'support': 400.0}, 'scan': {'precision': 0.9974489795918368, 'recall': 0.9775, 'f1-score': 0.9873737373737373, 'support': 400.0}, 'theft': {'precision': 0.9910313901345291, 'recall': 0.9866071428571429, 'f1-score': 0.9888143176733781, 'support': 224.0}, 'accuracy': 0.9930830039525692, 'macro avg': {'precision': 0.990398142999451, 'recall': 0.9927678571428573, 'f1-score': 0.991514579740194, 'support': 2024.0}, 'weighted avg': {'precision': 0.9932131853429046, 'recall': 0.9930830039525692, 'f1-score': 0.9930959861109464, 'support': 2024.0}}","[[199   0   0   0   1   0]
 [  1 399   0   0   0   0]
 [  0   0 400   0   0   0]
 [  0   0   0 400   0   0]
 [  4   0   3   0 391   2]
 [  3   0   0   0   0 221]]",0.904402494430542,0.009846925735473633
250,BoT_IoT,0,None,StandardScaler,RF,0.9885989070835502,-1,-1,99.6870882740448,98.91964285714285,0.18774703557312253,98.71895554342788,98.81223732054826,-1,"{'0Normal': {'precision': 0.9516908212560387, 'recall': 0.985, 'f1-score': 0.968058968058968, 'support': 200.0}, 'HTTP': {'precision': 1.0, 'recall': 0.9975, 'f1-score': 0.9987484355444306, 'support': 400.0}, 'TCP': {'precision': 0.9925558312655087, 'recall': 1.0, 'f1-score': 0.9962640099626401, 'support': 400.0}, 'UDP': {'precision': 0.9975062344139651, 'recall': 1.0, 'f1-score': 0.9987515605493134, 'support': 400.0}, 'scan': {'precision': 0.9948979591836735, 'recall': 0.975, 'f1-score': 0.984848484848485, 'support': 400.0}, 'theft': {'precision': 0.9864864864864865, 'recall': 0.9776785714285714, 'f1-score': 0.9820627802690582, 'support': 224.0}, 'accuracy': 0.9906126482213439, 'macro avg': {'precision': 0.9871895554342789, 'recall': 0.9891964285714284, 'f1-score': 0.9881223732054826, 'support': 2024.0}, 'weighted avg': {'precision': 0.9907584719216599, 'recall': 0.9906126482213439, 'f1-score': 0.9906318442460524, 'support': 2024.0}}","[[197   0   0   1   1   1]
 [  1 399   0   0   0   0]
 [  0   0 400   0   0   0]
 [  0   0   0 400   0   0]
 [  5   0   3   0 390   2]
 [  4   0   0   0   1 219]]",0.3036384582519531,0.009433507919311523
251,BoT_IoT,0,None,StandardScaler,NuSVC,0.8042372476216569,-1,-1,94.51581027667984,78.01488095238095,3.2905138339920947,85.77632661563673,78.32289863041123,-1,"{'0Normal': {'precision': 0.823170731707317, 'recall': 0.675, 'f1-score': 0.7417582417582418, 'support': 200.0}, 'HTTP': {'precision': 0.946969696969697, 'recall': 0.9375, 'f1-score': 0.9422110552763819, 'support': 400.0}, 'TCP': {'precision': 0.9384615384615385, 'recall': 0.915, 'f1-score': 0.9265822784810127, 'support': 400.0}, 'UDP': {'precision': 0.8627450980392157, 'recall': 0.99, 'f1-score': 0.9220023282887078, 'support': 400.0}, 'scan': {'precision': 0.6533575317604355, 'recall': 0.9, 'f1-score': 0.7570977917981072, 'support': 400.0}, 'theft': {'precision': 0.921875, 'recall': 0.26339285714285715, 'f1-score': 0.4097222222222222, 'support': 224.0}, 'accuracy': 0.8354743083003953, 'macro avg': {'precision': 0.8577632661563673, 'recall': 0.7801488095238095, 'f1-score': 0.7832289863041123, 'support': 2024.0}, 'weighted avg': {'precision': 0.855606567408013, 'recall': 0.8354743083003953, 'f1-score': 0.8198057350133943, 'support': 2024.0}}","[[135   0   1  63   1   0]
 [  7 375  16   0   2   0]
 [  0   1 366   0  33   0]
 [  0   0   4 396   0   0]
 [ 13  19   3   0 360   5]
 [  9   1   0   0 155  59]]",0.19379949569702148,0.11877298355102539
252,BoT_IoT,0,None,StandardScaler,SGD,0.8330615457542302,-1,-1,95.27338603425561,80.1220238095238,2.83596837944664,86.63970844018326,80.63928264228099,-1,"{'0Normal': {'precision': 0.8571428571428571, 'recall': 0.69, 'f1-score': 0.7645429362880884, 'support': 200.0}, 'HTTP': {'precision': 0.9766839378238342, 'recall': 0.9425, 'f1-score': 0.9592875318066159, 'support': 400.0}, 'TCP': {'precision': 0.933649289099526, 'recall': 0.985, 'f1-score': 0.9586374695863747, 'support': 400.0}, 'UDP': {'precision': 1.0, 'recall': 0.985, 'f1-score': 0.9924433249370278, 'support': 400.0}, 'scan': {'precision': 0.6386986301369864, 'recall': 0.9325, 'f1-score': 0.758130081300813, 'support': 400.0}, 'theft': {'precision': 0.7922077922077922, 'recall': 0.27232142857142855, 'f1-score': 0.4053156146179402, 'support': 224.0}, 'accuracy': 0.858201581027668, 'macro avg': {'precision': 0.8663970844018326, 'recall': 0.801220238095238, 'f1-score': 0.80639282642281, 'support': 2024.0}, 'weighted avg': {'precision': 0.8737627765352054, 'recall': 0.858201581027668, 'f1-score': 0.8454044703480085, 'support': 2024.0}}","[[138   1   1   0  54   6]
 [  5 377  13   0   1   4]
 [  0   2 394   0   4   0]
 [  0   0   6 394   0   0]
 [  7   6   8   0 373   6]
 [ 11   0   0   0 152  61]]",0.021082639694213867,0.0004143714904785156
253,BoT_IoT,0,rbf,StandardScaler,HHHv2,0.965789847579414,-1,-1,99.06126482213439,97.01134346933222,0.5632411067193676,97.12202380952381,97.05566668153715,-1,"{'0Normal': {'precision': 0.975, 'recall': 0.9558823529411765, 'f1-score': 0.9653465346534653, 'support': 204.0}, 'HTTP': {'precision': 0.9775, 'recall': 0.9654320987654321, 'f1-score': 0.9714285714285714, 'support': 405.0}, 'TCP': {'precision': 0.9775, 'recall': 0.9630541871921182, 'f1-score': 0.9702233250620347, 'support': 406.0}, 'UDP': {'precision': 0.99, 'recall': 0.9826302729528535, 'f1-score': 0.9863013698630136, 'support': 403.0}, 'scan': {'precision': 0.9475, 'recall': 0.9895561357702349, 'f1-score': 0.9680715197956576, 'support': 383.0}, 'theft': {'precision': 0.9598214285714286, 'recall': 0.9641255605381166, 'f1-score': 0.9619686800894854, 'support': 223.0}, 'accuracy': 0.9718379446640316, 'macro avg': {'precision': 0.971220238095238, 'recall': 0.9701134346933221, 'f1-score': 0.9705566668153714, 'support': 2024.0}, 'weighted avg': {'precision': 0.972112242377188, 'recall': 0.9718379446640316, 'f1-score': 0.9718576058644026, 'support': 2024.0}}","[[195   2   0   0   4   3]
 [  1 391   6   1   3   3]
 [  2   4 391   0   6   3]
 [  1   3   0 396   3   0]
 [  1   0   2   1 379   0]
 [  0   0   1   2   5 215]]",50.27282738685608,0.06775832176208496
254,BoT_IoT,0,None,StandardScaler,KNN,0.8680184471379364,-1,-1,96.19565217391305,89.9047619047619,2.282608695652174,89.00265879927399,87.80682493441908,-1,"{'0Normal': {'precision': 0.9241706161137441, 'recall': 0.975, 'f1-score': 0.948905109489051, 'support': 200.0}, 'HTTP': {'precision': 0.835820895522388, 'recall': 0.98, 'f1-score': 0.9021864211737629, 'support': 400.0}, 'TCP': {'precision': 0.9097222222222222, 'recall': 0.9825, 'f1-score': 0.9447115384615384, 'support': 400.0}, 'UDP': {'precision': 0.9974489795918368, 'recall': 0.9775, 'f1-score': 0.9873737373737373, 'support': 400.0}, 'scan': {'precision': 0.9716981132075472, 'recall': 0.515, 'f1-score': 0.6732026143790849, 'support': 400.0}, 'theft': {'precision': 0.7012987012987013, 'recall': 0.9642857142857143, 'f1-score': 0.81203007518797, 'support': 224.0}, 'accuracy': 0.8858695652173914, 'macro avg': {'precision': 0.8900265879927399, 'recall': 0.899047619047619, 'f1-score': 0.8780682493441908, 'support': 2024.0}, 'weighted avg': {'precision': 0.9030637927525966, 'recall': 0.8858695652173914, 'f1-score': 0.8768110095331841, 'support': 2024.0}}","[[195   1   1   1   1   1]
 [  2 392   5   0   0   1]
 [  0   6 393   0   1   0]
 [  3   0   4 391   2   0]
 [  7  68  29   0 206  90]
 [  4   2   0   0   2 216]]",0.00036144256591796875,0.004304409027099609
255,BoT_IoT,0,None,StandardScaler,LDA,0.7069839343477481,-1,-1,91.6501976284585,75.94047619047619,5.009881422924901,73.88968510570515,72.27740380585574,-1,"{'0Normal': {'precision': 0.6338582677165354, 'recall': 0.805, 'f1-score': 0.7092511013215859, 'support': 200.0}, 'HTTP': {'precision': 0.6733780760626398, 'recall': 0.7525, 'f1-score': 0.7107438016528926, 'support': 400.0}, 'TCP': {'precision': 0.9193954659949622, 'recall': 0.9125, 'f1-score': 0.9159347553324969, 'support': 400.0}, 'UDP': {'precision': 0.9078341013824884, 'recall': 0.985, 'f1-score': 0.9448441247002398, 'support': 400.0}, 'scan': {'precision': 0.7671232876712328, 'recall': 0.28, 'f1-score': 0.41025641025641024, 'support': 400.0}, 'theft': {'precision': 0.5317919075144508, 'recall': 0.8214285714285714, 'f1-score': 0.6456140350877192, 'support': 224.0}, 'accuracy': 0.7495059288537549, 'macro avg': {'precision': 0.7388968510570516, 'recall': 0.7594047619047619, 'f1-score': 0.7227740380585574, 'support': 2024.0}, 'weighted avg': {'precision': 0.7672852832366963, 'recall': 0.7495059288537549, 'f1-score': 0.7308198621051294, 'support': 2024.0}}","[[161   3   0  35   0   1]
 [ 80 301  17   0   0   2]
 [  0  31 365   4   0   0]
 [  0   0   6 394   0   0]
 [  9 112   8   0 112 159]
 [  4   0   1   1  34 184]]",0.0016293525695800781,0.0002715587615966797
256,BoT_IoT,0,None,StandardScaler,MLP,0.9570489364827056,-1,-1,98.81422924901186,96.3809523809524,0.7114624505928854,95.57895802256516,95.90674265779985,-1,"{'0Normal': {'precision': 0.9234449760765551, 'recall': 0.965, 'f1-score': 0.9437652811735943, 'support': 200.0}, 'HTTP': {'precision': 0.9775561097256857, 'recall': 0.98, 'f1-score': 0.978776529338327, 'support': 400.0}, 'TCP': {'precision': 0.973170731707317, 'recall': 0.9975, 'f1-score': 0.9851851851851853, 'support': 400.0}, 'UDP': {'precision': 1.0, 'recall': 0.99, 'f1-score': 0.9949748743718593, 'support': 400.0}, 'scan': {'precision': 0.9835164835164835, 'recall': 0.895, 'f1-score': 0.9371727748691099, 'support': 400.0}, 'theft': {'precision': 0.8770491803278688, 'recall': 0.9553571428571429, 'f1-score': 0.9145299145299145, 'support': 224.0}, 'accuracy': 0.9644268774703557, 'macro avg': {'precision': 0.9557895802256516, 'recall': 0.963809523809524, 'f1-score': 0.9590674265779985, 'support': 2024.0}, 'weighted avg': {'precision': 0.9658326786504685, 'recall': 0.9644268774703557, 'f1-score': 0.9644523234166068, 'support': 2024.0}}","[[193   2   0   0   1   4]
 [  3 392   0   0   3   2]
 [  0   1 399   0   0   0]
 [  0   0   4 396   0   0]
 [  7   4   7   0 358  24]
 [  6   2   0   0   2 214]]",0.5896651744842529,0.0007755756378173828
257,BoT_IoT,0,None,StandardScaler,LGBM,0.9904111345172588,-1,-1,99.7364953886693,99.19345238095238,0.15810276679841898,98.92161777836975,99.04813252500682,-1,"{'0Normal': {'precision': 0.9567307692307693, 'recall': 0.995, 'f1-score': 0.9754901960784313, 'support': 200.0}, 'HTTP': {'precision': 1.0, 'recall': 0.9975, 'f1-score': 0.9987484355444306, 'support': 400.0}, 'TCP': {'precision': 0.9900990099009901, 'recall': 1.0, 'f1-score': 0.9950248756218906, 'support': 400.0}, 'UDP': {'precision': 1.0, 'recall': 1.0, 'f1-score': 1.0, 'support': 400.0}, 'scan': {'precision': 0.9974358974358974, 'recall': 0.9725, 'f1-score': 0.9848101265822785, 'support': 400.0}, 'theft': {'precision': 0.9910313901345291, 'recall': 0.9866071428571429, 'f1-score': 0.9888143176733781, 'support': 224.0}, 'accuracy': 0.9920948616600791, 'macro avg': {'precision': 0.9892161777836975, 'recall': 0.9919345238095238, 'f1-score': 0.9904813252500682, 'support': 2024.0}, 'weighted avg': {'precision': 0.9922683538394483, 'recall': 0.9920948616600791, 'f1-score': 0.9921076193053178, 'support': 2024.0}}","[[199   0   0   0   1   0]
 [  1 399   0   0   0   0]
 [  0   0 400   0   0   0]
 [  0   0   0 400   0   0]
 [  5   0   4   0 389   2]
 [  3   0   0   0   0 221]]",0.6182096004486084,0.008699655532836914
258,BoT_IoT,0,None,StandardScaler,RF,0.9910008979244967,-1,-1,99.75296442687747,99.16964285714286,0.14822134387351776,98.99690308754329,99.07618907232822,-1,"{'0Normal': {'precision': 0.961352657004831, 'recall': 0.995, 'f1-score': 0.977886977886978, 'support': 200.0}, 'HTTP': {'precision': 0.9975, 'recall': 0.9975, 'f1-score': 0.9975, 'support': 400.0}, 'TCP': {'precision': 0.9925558312655087, 'recall': 1.0, 'f1-score': 0.9962640099626401, 'support': 400.0}, 'UDP': {'precision': 1.0, 'recall': 1.0, 'f1-score': 1.0, 'support': 400.0}, 'scan': {'precision': 0.9974554707379135, 'recall': 0.98, 'f1-score': 0.9886506935687264, 'support': 400.0}, 'theft': {'precision': 0.9909502262443439, 'recall': 0.9776785714285714, 'f1-score': 0.9842696629213483, 'support': 224.0}, 'accuracy': 0.9925889328063241, 'macro avg': {'precision': 0.9899690308754329, 'recall': 0.9916964285714286, 'f1-score': 0.9907618907232821, 'support': 2024.0}, 'weighted avg': {'precision': 0.992711414466931, 'recall': 0.9925889328063241, 'f1-score': 0.992598656859844, 'support': 2024.0}}","[[199   0   0   0   1   0]
 [  1 399   0   0   0   0]
 [  0   0 400   0   0   0]
 [  0   0   0 400   0   0]
 [  2   1   3   0 392   2]
 [  5   0   0   0   0 219]]",0.16630125045776367,0.00937962532043457
259,BoT_IoT,0,None,StandardScaler,NuSVC,0.8927768077249862,-1,-1,96.95322793148881,91.53869047619048,1.8280632411067192,90.78255530234105,90.2641302067356,-1,"{'0Normal': {'precision': 0.883177570093458, 'recall': 0.945, 'f1-score': 0.9130434782608695, 'support': 200.0}, 'HTTP': {'precision': 0.8481561822125814, 'recall': 0.9775, 'f1-score': 0.9082462253193961, 'support': 400.0}, 'TCP': {'precision': 0.9248826291079812, 'recall': 0.985, 'f1-score': 0.9539951573849877, 'support': 400.0}, 'UDP': {'precision': 0.9802955665024631, 'recall': 0.995, 'f1-score': 0.9875930521091811, 'support': 400.0}, 'scan': {'precision': 0.9960474308300395, 'recall': 0.63, 'f1-score': 0.771822358346095, 'support': 400.0}, 'theft': {'precision': 0.8143939393939394, 'recall': 0.9598214285714286, 'f1-score': 0.8811475409836066, 'support': 224.0}, 'accuracy': 0.9085968379446641, 'macro avg': {'precision': 0.9078255530234105, 'recall': 0.9153869047619048, 'f1-score': 0.902641302067356, 'support': 2024.0}, 'weighted avg': {'precision': 0.9183856126008697, 'recall': 0.9085968379446641, 'f1-score': 0.9034824417472164, 'support': 2024.0}}","[[189   2   0   8   0   1]
 [  6 391   1   0   0   2]
 [  0   6 394   0   0   0]
 [  0   0   2 398   0   0]
 [ 12  61  29   0 252  46]
 [  7   1   0   0   1 215]]",0.03465771675109863,0.05586886405944824
260,BoT_IoT,0,None,StandardScaler,SGD,0.899234801882723,-1,-1,97.167325428195,92.02380952380952,1.699604743083004,90.75055982412636,90.80027510107472,-1,"{'0Normal': {'precision': 0.8715596330275229, 'recall': 0.95, 'f1-score': 0.9090909090909091, 'support': 200.0}, 'HTTP': {'precision': 0.9158878504672897, 'recall': 0.98, 'f1-score': 0.9468599033816426, 'support': 400.0}, 'TCP': {'precision': 0.9075829383886256, 'recall': 0.9575, 'f1-score': 0.9318734793187348, 'support': 400.0}, 'UDP': {'precision': 1.0, 'recall': 0.985, 'f1-score': 0.9924433249370278, 'support': 400.0}, 'scan': {'precision': 0.9790940766550522, 'recall': 0.7025, 'f1-score': 0.8180494905385736, 'support': 400.0}, 'theft': {'precision': 0.7709090909090909, 'recall': 0.9464285714285714, 'f1-score': 0.8496993987975953, 'support': 224.0}, 'accuracy': 0.9150197628458498, 'macro avg': {'precision': 0.9075055982412635, 'recall': 0.9202380952380952, 'f1-score': 0.9080027510107471, 'support': 2024.0}, 'weighted avg': {'precision': 0.9229355282477905, 'recall': 0.9150197628458498, 'f1-score': 0.912965082222942, 'support': 2024.0}}","[[190   1   1   0   3   5]
 [  3 392   1   0   0   4]
 [  0  15 383   0   2   0]
 [  1   0   5 394   0   0]
 [ 14  19  32   0 281  54]
 [ 10   1   0   0   1 212]]",0.008682489395141602,0.0004620552062988281
261,BoT_IoT,0,poly,StandardScaler,HHHv2,0.9050313769297439,-1,-1,97.3155467720685,91.19366481252075,1.6106719367588933,92.33035714285714,91.06382130498967,-1,"{'0Normal': {'precision': 0.93, 'recall': 0.916256157635468, 'f1-score': 0.923076923076923, 'support': 203.0}, 'HTTP': {'precision': 0.975, 'recall': 0.9629629629629629, 'f1-score': 0.9689440993788819, 'support': 405.0}, 'TCP': {'precision': 0.99, 'recall': 0.9635036496350365, 'f1-score': 0.9765721331689273, 'support': 411.0}, 'UDP': {'precision': 0.99, 'recall': 0.9777777777777777, 'f1-score': 0.9838509316770186, 'support': 405.0}, 'scan': {'precision': 0.695, 'recall': 0.9553264604810997, 'f1-score': 0.804630969609262, 'support': 291.0}, 'theft': {'precision': 0.9598214285714286, 'recall': 0.6957928802588996, 'f1-score': 0.8067542213883677, 'support': 309.0}, 'accuracy': 0.9194664031620553, 'macro avg': {'precision': 0.9233035714285714, 'recall': 0.9119366481252075, 'f1-score': 0.9106382130498968, 'support': 2024.0}, 'weighted avg': {'precision': 0.9339598920101636, 'recall': 0.9194664031620553, 'f1-score': 0.9204903242391231, 'support': 2024.0}}","[[186   4   0   0   8   5]
 [  4 390   2   0   9   0]
 [  2   1 396   0  12   0]
 [  4   0   0 396   3   2]
 [  3   3   2   3 278   2]
 [  1   2   0   1  90 215]]",3.5338988304138184,0.04375338554382324
262,BoT_IoT,0,None,StandardScaler,KNN,0.6840600989975484,-1,-1,90.97496706192358,72.86309523809523,5.41501976284585,73.11561967325785,69.95426499096821,-1,"{'0Normal': {'precision': 0.7054794520547946, 'recall': 0.515, 'f1-score': 0.5953757225433526, 'support': 200.0}, 'HTTP': {'precision': 0.6504504504504505, 'recall': 0.9025, 'f1-score': 0.756020942408377, 'support': 400.0}, 'TCP': {'precision': 0.9005102040816326, 'recall': 0.8825, 'f1-score': 0.8914141414141414, 'support': 400.0}, 'UDP': {'precision': 0.8940217391304348, 'recall': 0.8225, 'f1-score': 0.8567708333333334, 'support': 400.0}, 'scan': {'precision': 0.6951219512195121, 'recall': 0.285, 'f1-score': 0.4042553191489362, 'support': 400.0}, 'theft': {'precision': 0.5413533834586466, 'recall': 0.9642857142857143, 'f1-score': 0.6934189406099518, 'support': 224.0}, 'accuracy': 0.7292490118577075, 'macro avg': {'precision': 0.7311561967325785, 'recall': 0.7286309523809523, 'f1-score': 0.6995426499096821, 'support': 2024.0}, 'weighted avg': {'precision': 0.7501980169261403, 'recall': 0.7292490118577075, 'f1-score': 0.7103683210114698, 'support': 2024.0}}","[[103  33   0  39  17   8]
 [  1 361   8   0  28   2]
 [  0  47 353   0   0   0]
 [ 39   9  11 329   0  12]
 [  0 105  20   0 114 161]
 [  3   0   0   0   5 216]]",0.0003561973571777344,0.002197742462158203
263,BoT_IoT,0,None,StandardScaler,LDA,0.6424925428959937,-1,-1,90.20092226613966,63.89583333333333,5.879446640316206,69.36711696463819,63.95815728393389,-1,"{'0Normal': {'precision': 0.9295774647887324, 'recall': 0.33, 'f1-score': 0.4870848708487085, 'support': 200.0}, 'HTTP': {'precision': 0.7529644268774703, 'recall': 0.9525, 'f1-score': 0.8410596026490067, 'support': 400.0}, 'TCP': {'precision': 0.9270833333333334, 'recall': 0.89, 'f1-score': 0.9081632653061226, 'support': 400.0}, 'UDP': {'precision': 0.8433476394849786, 'recall': 0.9825, 'f1-score': 0.907621247113164, 'support': 400.0}, 'scan': {'precision': 0.4779220779220779, 'recall': 0.46, 'f1-score': 0.46878980891719746, 'support': 400.0}, 'theft': {'precision': 0.23113207547169812, 'recall': 0.21875, 'f1-score': 0.22477064220183487, 'support': 224.0}, 'accuracy': 0.7060276679841897, 'macro avg': {'precision': 0.6936711696463819, 'recall': 0.6389583333333333, 'f1-score': 0.6395815728393389, 'support': 2024.0}, 'weighted avg': {'precision': 0.710581061714699, 'recall': 0.7060276679841897, 'f1-score': 0.6907209326171685, 'support': 2024.0}}","[[ 66   2   0  63  28  41]
 [  2 381  13   0   2   2]
 [  0  35 356   9   0   0]
 [  0   2   5 393   0   0]
 [  0  86  10   0 184 120]
 [  3   0   0   1 171  49]]",0.0006151199340820312,0.00032138824462890625
264,BoT_IoT,0,None,StandardScaler,MLP,0.8175276304589403,-1,-1,94.96047430830039,83.97916666666666,3.0237154150197627,83.7223147691877,83.46999065669975,-1,"{'0Normal': {'precision': 0.7257142857142858, 'recall': 0.635, 'f1-score': 0.6773333333333333, 'support': 200.0}, 'HTTP': {'precision': 0.8208616780045351, 'recall': 0.905, 'f1-score': 0.8608799048751486, 'support': 400.0}, 'TCP': {'precision': 0.9128329297820823, 'recall': 0.9425, 'f1-score': 0.9274292742927429, 'support': 400.0}, 'UDP': {'precision': 0.8526570048309179, 'recall': 0.8825, 'f1-score': 0.8673218673218672, 'support': 400.0}, 'scan': {'precision': 0.8924050632911392, 'recall': 0.705, 'f1-score': 0.7877094972067039, 'support': 400.0}, 'theft': {'precision': 0.8188679245283019, 'recall': 0.96875, 'f1-score': 0.8875255623721882, 'support': 224.0}, 'accuracy': 0.8488142292490118, 'macro avg': {'precision': 0.8372231476918771, 'recall': 0.8397916666666666, 'f1-score': 0.8346999065669974, 'support': 2024.0}, 'weighted avg': {'precision': 0.8498379163046772, 'recall': 0.8488142292490118, 'f1-score': 0.8456564279232321, 'support': 2024.0}}","[[127   2   0  61   6   4]
 [  3 362  12   0  21   2]
 [  0  19 377   0   4   0]
 [ 43   1   3 353   0   0]
 [  0  55  21   0 282  42]
 [  2   2   0   0   3 217]]",0.06361770629882812,0.0008254051208496094
265,BoT_IoT,0,None,StandardScaler,LGBM,0.942239261251785,-1,-1,98.38603425559947,93.15178571428572,0.9683794466403162,96.00526805425355,94.02659806095808,-1,"{'0Normal': {'precision': 0.9714285714285714, 'recall': 0.68, 'f1-score': 0.8, 'support': 200.0}, 'HTTP': {'precision': 0.9900744416873449, 'recall': 0.9975, 'f1-score': 0.9937733499377336, 'support': 400.0}, 'TCP': {'precision': 0.9869451697127938, 'recall': 0.945, 'f1-score': 0.9655172413793103, 'support': 400.0}, 'UDP': {'precision': 0.8403361344537815, 'recall': 1.0, 'f1-score': 0.91324200913242, 'support': 400.0}, 'scan': {'precision': 0.9849246231155779, 'recall': 0.98, 'f1-score': 0.9824561403508771, 'support': 400.0}, 'theft': {'precision': 0.9866071428571429, 'recall': 0.9866071428571429, 'f1-score': 0.9866071428571429, 'support': 224.0}, 'accuracy': 0.9515810276679841, 'macro avg': {'precision': 0.9600526805425355, 'recall': 0.9315178571428572, 'f1-score': 0.9402659806095808, 'support': 2024.0}, 'weighted avg': {'precision': 0.9566194969730798, 'recall': 0.9515810276679841, 'f1-score': 0.9500965890909765, 'support': 2024.0}}","[[136   0   0  57   6   1]
 [  1 399   0   0   0   0]
 [  0   3 378  19   0   0]
 [  0   0   0 400   0   0]
 [  0   1   5   0 392   2]
 [  3   0   0   0   0 221]]",0.1611018180847168,0.005269765853881836
266,BoT_IoT,0,None,StandardScaler,RF,0.9431620508677526,-1,-1,98.41897233201581,93.0684523809524,0.9486166007905139,95.72313649372873,93.82465305437968,-1,"{'0Normal': {'precision': 0.9705882352941176, 'recall': 0.66, 'f1-score': 0.7857142857142857, 'support': 200.0}, 'HTTP': {'precision': 1.0, 'recall': 0.99, 'f1-score': 0.9949748743718593, 'support': 400.0}, 'TCP': {'precision': 0.9923469387755102, 'recall': 0.9725, 'f1-score': 0.9823232323232323, 'support': 400.0}, 'UDP': {'precision': 0.87527352297593, 'recall': 1.0, 'f1-score': 0.9334889148191364, 'support': 400.0}, 'scan': {'precision': 0.9443099273607748, 'recall': 0.975, 'f1-score': 0.959409594095941, 'support': 400.0}, 'theft': {'precision': 0.9608695652173913, 'recall': 0.9866071428571429, 'f1-score': 0.973568281938326, 'support': 224.0}, 'accuracy': 0.9525691699604744, 'macro avg': {'precision': 0.9572313649372873, 'recall': 0.9306845238095239, 'f1-score': 0.9382465305437968, 'support': 2024.0}, 'weighted avg': {'precision': 0.9555951508460501, 'recall': 0.9525691699604744, 'f1-score': 0.950247430109244, 'support': 2024.0}}","[[132   0   0  57   9   2]
 [  1 396   0   0   3   0]
 [  0   0 389   0  11   0]
 [  0   0   0 400   0   0]
 [  0   0   3   0 390   7]
 [  3   0   0   0   0 221]]",0.05430865287780762,0.008699893951416016
267,BoT_IoT,0,None,StandardScaler,NuSVC,0.8370194856639265,-1,-1,95.45454545454545,85.27083333333333,2.727272727272727,87.0096593548994,85.00787790354066,-1,"{'0Normal': {'precision': 0.9481481481481482, 'recall': 0.64, 'f1-score': 0.7641791044776118, 'support': 200.0}, 'HTTP': {'precision': 0.8390804597701149, 'recall': 0.9125, 'f1-score': 0.8742514970059879, 'support': 400.0}, 'TCP': {'precision': 0.9055690072639225, 'recall': 0.935, 'f1-score': 0.9200492004920049, 'support': 400.0}, 'UDP': {'precision': 0.8627450980392157, 'recall': 0.99, 'f1-score': 0.9220023282887078, 'support': 400.0}, 'scan': {'precision': 0.9115646258503401, 'recall': 0.67, 'f1-score': 0.7723342939481269, 'support': 400.0}, 'theft': {'precision': 0.7534722222222222, 'recall': 0.96875, 'f1-score': 0.84765625, 'support': 224.0}, 'accuracy': 0.8636363636363636, 'macro avg': {'precision': 0.870096593548994, 'recall': 0.8527083333333333, 'f1-score': 0.8500787790354066, 'support': 2024.0}, 'weighted avg': {'precision': 0.8725252390201803, 'recall': 0.8636363636363636, 'f1-score': 0.858777543868307, 'support': 2024.0}}","[[128   3   0  63   3   3]
 [  1 365  12   0  13   9]
 [  0  18 374   0   8   0]
 [  0   1   3 396   0   0]
 [  3  46  24   0 268  59]
 [  3   2   0   0   2 217]]",0.001027822494506836,0.006084442138671875
268,BoT_IoT,0,None,StandardScaler,SGD,0.7372204852249741,-1,-1,92.73715415019763,76.61011904761907,4.357707509881423,76.4781849548353,76.13557212411428,-1,"{'0Normal': {'precision': 0.49523809523809526, 'recall': 0.52, 'f1-score': 0.5073170731707317, 'support': 200.0}, 'HTTP': {'precision': 0.6980728051391863, 'recall': 0.815, 'f1-score': 0.7520184544405999, 'support': 400.0}, 'TCP': {'precision': 0.9125, 'recall': 0.9125, 'f1-score': 0.9125, 'support': 400.0}, 'UDP': {'precision': 0.932475884244373, 'recall': 0.725, 'f1-score': 0.8157524613220815, 'support': 400.0}, 'scan': {'precision': 0.8221024258760108, 'recall': 0.7625, 'f1-score': 0.7911802853437094, 'support': 400.0}, 'theft': {'precision': 0.7283018867924528, 'recall': 0.8616071428571429, 'f1-score': 0.7893660531697342, 'support': 224.0}, 'accuracy': 0.7821146245059288, 'macro avg': {'precision': 0.764781849548353, 'recall': 0.7661011904761906, 'f1-score': 0.7613557212411427, 'support': 2024.0}, 'weighted avg': {'precision': 0.7945887785538324, 'recall': 0.7821146245059288, 'f1-score': 0.7840226734124127, 'support': 2024.0}}","[[104  22   0  21  47   6]
 [ 40 326   4   0   0  30]
 [  0  34 365   0   1   0]
 [ 53  53   3 290   0   1]
 [  0  32  28   0 305  35]
 [ 13   0   0   0  18 193]]",0.0014812946319580078,0.0004267692565917969
269,BoT_IoT,0,linear,StandardScaler,HHHv2,0.6554224444872092,-1,-1,90.44795783926219,69.80999727515957,5.7312252964426875,67.2202380952381,66.69141638816006,-1,"{'0Normal': {'precision': 0.485, 'recall': 0.9065420560747663, 'f1-score': 0.6319218241042345, 'support': 107.0}, 'HTTP': {'precision': 0.95, 'recall': 0.7645875251509054, 'f1-score': 0.8472686733556299, 'support': 497.0}, 'TCP': {'precision': 0.905, 'recall': 0.9095477386934674, 'f1-score': 0.9072681704260652, 'support': 398.0}, 'UDP': {'precision': 0.9775, 'recall': 0.780439121756487, 'f1-score': 0.8679245283018868, 'support': 501.0}, 'scan': {'precision': 0.305, 'recall': 0.488, 'f1-score': 0.3753846153846154, 'support': 250.0}, 'theft': {'precision': 0.4107142857142857, 'recall': 0.33948339483394835, 'f1-score': 0.3717171717171717, 'support': 271.0}, 'accuracy': 0.7134387351778656, 'macro avg': {'precision': 0.672202380952381, 'recall': 0.6980999727515957, 'f1-score': 0.6669141638816006, 'support': 2024.0}, 'weighted avg': {'precision': 0.771500035290796, 'recall': 0.7134387351778656, 'f1-score': 0.7308362617229387, 'support': 2024.0}}","[[ 97   3   0   0   3   4]
 [  5 380  24   3  85   0]
 [  1  15 362   6  14   0]
 [ 85   0  14 391  11   0]
 [  0   0   0   0 122 128]
 [ 12   2   0   0 165  92]]",0.06409001350402832,0.014587640762329102
270,BoT_IoT,0,None,StandardScaler,KNN,0.9485647277108761,-1,-1,98.5836627140975,95.9047619047619,0.849802371541502,95.11590479051941,95.45379336101335,-1,"{'0Normal': {'precision': 0.9326923076923077, 'recall': 0.97, 'f1-score': 0.9509803921568627, 'support': 200.0}, 'HTTP': {'precision': 0.9603960396039604, 'recall': 0.97, 'f1-score': 0.9651741293532338, 'support': 400.0}, 'TCP': {'precision': 0.9653465346534653, 'recall': 0.975, 'f1-score': 0.9701492537313433, 'support': 400.0}, 'UDP': {'precision': 0.9974683544303797, 'recall': 0.985, 'f1-score': 0.9911949685534591, 'support': 400.0}, 'scan': {'precision': 0.9621621621621622, 'recall': 0.89, 'f1-score': 0.9246753246753247, 'support': 400.0}, 'theft': {'precision': 0.8888888888888888, 'recall': 0.9642857142857143, 'f1-score': 0.925053533190578, 'support': 224.0}, 'accuracy': 0.9575098814229249, 'macro avg': {'precision': 0.9511590479051941, 'recall': 0.959047619047619, 'f1-score': 0.9545379336101335, 'support': 2024.0}, 'weighted avg': {'precision': 0.9583986210422725, 'recall': 0.9575098814229249, 'f1-score': 0.9574533302329082, 'support': 2024.0}}","[[194   1   1   1   2   1]
 [  4 388   5   0   2   1]
 [  0   4 390   0   6   0]
 [  0   0   4 394   2   0]
 [  6   9   4   0 356  25]
 [  4   2   0   0   2 216]]",0.0004451274871826172,0.008774757385253906
271,BoT_IoT,0,None,StandardScaler,LDA,0.6920161486255455,-1,-1,91.53491436100131,69.99404761904762,5.079051383399209,71.47345785144203,69.22153096139024,-1,"{'0Normal': {'precision': 0.5733333333333334, 'recall': 0.645, 'f1-score': 0.6070588235294119, 'support': 200.0}, 'HTTP': {'precision': 0.7397959183673469, 'recall': 0.725, 'f1-score': 0.7323232323232323, 'support': 400.0}, 'TCP': {'precision': 0.9170854271356784, 'recall': 0.9125, 'f1-score': 0.9147869674185464, 'support': 400.0}, 'UDP': {'precision': 0.8491379310344828, 'recall': 0.985, 'f1-score': 0.912037037037037, 'support': 400.0}, 'scan': {'precision': 0.611353711790393, 'recall': 0.7, 'f1-score': 0.6526806526806527, 'support': 400.0}, 'theft': {'precision': 0.5977011494252874, 'recall': 0.23214285714285715, 'f1-score': 0.3344051446945338, 'support': 224.0}, 'accuracy': 0.7460474308300395, 'macro avg': {'precision': 0.7147345785144203, 'recall': 0.6999404761904762, 'f1-score': 0.6922153096139024, 'support': 2024.0}, 'weighted avg': {'precision': 0.7388838534926342, 'recall': 0.7460474308300395, 'f1-score': 0.7317439095361883, 'support': 2024.0}}","[[129   2   1  67   1   0]
 [ 83 290  18   0   9   0]
 [  0  31 365   2   2   0]
 [  0   0   6 394   0   0]
 [  9  69   7   0 280  35]
 [  4   0   1   1 166  52]]",0.002601146697998047,0.00017881393432617188
272,BoT_IoT,0,None,StandardScaler,MLP,0.9735694230151969,-1,-1,99.27536231884058,97.5059523809524,0.43478260869565216,97.25095640236492,97.37279867213618,-1,"{'0Normal': {'precision': 0.927536231884058, 'recall': 0.96, 'f1-score': 0.9434889434889435, 'support': 200.0}, 'HTTP': {'precision': 0.9799498746867168, 'recall': 0.9775, 'f1-score': 0.9787234042553192, 'support': 400.0}, 'TCP': {'precision': 0.9925187032418953, 'recall': 0.995, 'f1-score': 0.9937578027465668, 'support': 400.0}, 'UDP': {'precision': 1.0, 'recall': 0.9975, 'f1-score': 0.9987484355444306, 'support': 400.0}, 'scan': {'precision': 0.9796954314720813, 'recall': 0.965, 'f1-score': 0.9722921914357683, 'support': 400.0}, 'theft': {'precision': 0.9553571428571429, 'recall': 0.9553571428571429, 'f1-score': 0.9553571428571429, 'support': 224.0}, 'accuracy': 0.9782608695652174, 'macro avg': {'precision': 0.9725095640236492, 'recall': 0.975059523809524, 'f1-score': 0.9737279867213618, 'support': 2024.0}, 'weighted avg': {'precision': 0.9784450840598264, 'recall': 0.9782608695652174, 'f1-score': 0.9783134991554459, 'support': 2024.0}}","[[192   3   0   0   1   4]
 [  5 391   1   0   3   0]
 [  0   1 398   0   1   0]
 [  0   0   0 399   1   0]
 [  5   1   2   0 386   6]
 [  5   3   0   0   2 214]]",1.2964167594909668,0.000667572021484375
273,BoT_IoT,0,None,StandardScaler,LGBM,0.9927996945636203,-1,-1,99.80237154150198,99.36011904761907,0.11857707509881424,99.19221121951237,99.27106392322388,-1,"{'0Normal': {'precision': 0.9660194174757282, 'recall': 0.995, 'f1-score': 0.9802955665024631, 'support': 200.0}, 'HTTP': {'precision': 1.0, 'recall': 0.9975, 'f1-score': 0.9987484355444306, 'support': 400.0}, 'TCP': {'precision': 0.9925558312655087, 'recall': 1.0, 'f1-score': 0.9962640099626401, 'support': 400.0}, 'UDP': {'precision': 1.0, 'recall': 1.0, 'f1-score': 1.0, 'support': 400.0}, 'scan': {'precision': 0.9974619289340102, 'recall': 0.9825, 'f1-score': 0.9899244332493703, 'support': 400.0}, 'theft': {'precision': 0.9954954954954955, 'recall': 0.9866071428571429, 'f1-score': 0.9910313901345291, 'support': 224.0}, 'accuracy': 0.9940711462450593, 'macro avg': {'precision': 0.9919221121951237, 'recall': 0.9936011904761907, 'f1-score': 0.9927106392322388, 'support': 2024.0}, 'weighted avg': {'precision': 0.9941709380266525, 'recall': 0.9940711462450593, 'f1-score': 0.9940834467357725, 'support': 2024.0}}","[[199   0   0   0   1   0]
 [  1 399   0   0   0   0]
 [  0   0 400   0   0   0]
 [  0   0   0 400   0   0]
 [  3   0   3   0 393   1]
 [  3   0   0   0   0 221]]",0.8952770233154297,0.010817289352416992
274,BoT_IoT,0,None,StandardScaler,RF,0.9892051383101712,-1,-1,99.70355731225297,98.97916666666667,0.17786561264822134,98.83417917979274,98.89442580005652,-1,"{'0Normal': {'precision': 0.9521531100478469, 'recall': 0.995, 'f1-score': 0.9731051344743276, 'support': 200.0}, 'HTTP': {'precision': 1.0, 'recall': 0.9975, 'f1-score': 0.9987484355444306, 'support': 400.0}, 'TCP': {'precision': 0.9900990099009901, 'recall': 1.0, 'f1-score': 0.9950248756218906, 'support': 400.0}, 'UDP': {'precision': 1.0, 'recall': 1.0, 'f1-score': 1.0, 'support': 400.0}, 'scan': {'precision': 0.9923857868020305, 'recall': 0.9775, 'f1-score': 0.9848866498740554, 'support': 400.0}, 'theft': {'precision': 0.9954128440366973, 'recall': 0.96875, 'f1-score': 0.9819004524886877, 'support': 224.0}, 'accuracy': 0.991106719367589, 'macro avg': {'precision': 0.9883417917979275, 'recall': 0.9897916666666667, 'f1-score': 0.9889442580005653, 'support': 2024.0}, 'weighted avg': {'precision': 0.9913028743848803, 'recall': 0.991106719367589, 'f1-score': 0.9911218936109101, 'support': 2024.0}}","[[199   0   0   0   1   0]
 [  1 399   0   0   0   0]
 [  0   0 400   0   0   0]
 [  0   0   0 400   0   0]
 [  4   0   4   0 391   1]
 [  5   0   0   0   2 217]]",0.278702974319458,0.009389162063598633
275,BoT_IoT,0,None,StandardScaler,NuSVC,0.8088941822210816,-1,-1,94.61462450592886,78.06845238095238,3.231225296442688,86.18517487313353,78.19768102474059,-1,"{'0Normal': {'precision': 0.823170731707317, 'recall': 0.675, 'f1-score': 0.7417582417582418, 'support': 200.0}, 'HTTP': {'precision': 0.9742268041237113, 'recall': 0.945, 'f1-score': 0.9593908629441624, 'support': 400.0}, 'TCP': {'precision': 0.948051948051948, 'recall': 0.9125, 'f1-score': 0.929936305732484, 'support': 400.0}, 'UDP': {'precision': 0.8627450980392157, 'recall': 0.99, 'f1-score': 0.9220023282887078, 'support': 400.0}, 'scan': {'precision': 0.6491228070175439, 'recall': 0.925, 'f1-score': 0.7628865979381444, 'support': 400.0}, 'theft': {'precision': 0.9137931034482759, 'recall': 0.23660714285714285, 'f1-score': 0.375886524822695, 'support': 224.0}, 'accuracy': 0.8384387351778656, 'macro avg': {'precision': 0.8618517487313353, 'recall': 0.7806845238095238, 'f1-score': 0.7819768102474058, 'support': 2024.0}, 'weighted avg': {'precision': 0.861157344074528, 'recall': 0.8384387351778656, 'f1-score': 0.8212631758267447, 'support': 2024.0}}","[[135   0   1  63   1   0]
 [  6 378  13   0   3   0]
 [  0   1 365   0  34   0]
 [  1   0   3 396   0   0]
 [ 14   8   3   0 370   5]
 [  8   1   0   0 162  53]]",0.15840601921081543,0.1078333854675293
276,BoT_IoT,0,None,StandardScaler,SGD,0.8192393293114347,-1,-1,94.81225296442688,78.42559523809524,3.1126482213438735,86.6137310183786,78.37818788440961,-1,"{'0Normal': {'precision': 0.8493975903614458, 'recall': 0.705, 'f1-score': 0.7704918032786885, 'support': 200.0}, 'HTTP': {'precision': 0.9845360824742269, 'recall': 0.955, 'f1-score': 0.9695431472081217, 'support': 400.0}, 'TCP': {'precision': 0.9416243654822335, 'recall': 0.9275, 'f1-score': 0.9345088161209067, 'support': 400.0}, 'UDP': {'precision': 1.0, 'recall': 0.985, 'f1-score': 0.9924433249370278, 'support': 400.0}, 'scan': {'precision': 0.6012658227848101, 'recall': 0.95, 'f1-score': 0.7364341085271318, 'support': 400.0}, 'theft': {'precision': 0.82, 'recall': 0.18303571428571427, 'f1-score': 0.2992700729927007, 'support': 224.0}, 'accuracy': 0.8443675889328063, 'macro avg': {'precision': 0.866137310183786, 'recall': 0.7842559523809524, 'f1-score': 0.7837818788440961, 'support': 2024.0}, 'weighted avg': {'precision': 0.8718033727118565, 'recall': 0.8443675889328063, 'f1-score': 0.8272265887961352, 'support': 2024.0}}","[[141   1   1   0  52   5]
 [  3 382  13   0   0   2]
 [  0   1 371   0  28   0]
 [  0   0   6 394   0   0]
 [ 11   4   3   0 380   2]
 [ 11   0   0   0 172  41]]",0.017294883728027344,0.00043511390686035156
277,BoT_IoT,0,sigmoid,StandardScaler,HHHv2,0.8287327092135622,-1,-1,95.30632411067194,85.62102832268144,2.816205533596838,83.64880952380952,84.34359590890605,-1,"{'0Normal': {'precision': 0.785, 'recall': 0.8532608695652174, 'f1-score': 0.8177083333333334, 'support': 184.0}, 'HTTP': {'precision': 0.94, 'recall': 0.9038461538461539, 'f1-score': 0.9215686274509804, 'support': 416.0}, 'TCP': {'precision': 0.85, 'recall': 0.8831168831168831, 'f1-score': 0.8662420382165604, 'support': 385.0}, 'UDP': {'precision': 0.965, 'recall': 0.8997668997668997, 'f1-score': 0.93124246079614, 'support': 429.0}, 'scan': {'precision': 0.845, 'recall': 0.771689497716895, 'f1-score': 0.8066825775656324, 'support': 438.0}, 'theft': {'precision': 0.6339285714285714, 'recall': 0.8255813953488372, 'f1-score': 0.7171717171717172, 'support': 172.0}, 'accuracy': 0.8591897233201581, 'macro avg': {'precision': 0.8364880952380952, 'recall': 0.8562102832268144, 'f1-score': 0.8434359590890605, 'support': 2024.0}, 'weighted avg': {'precision': 0.8675201157538115, 'recall': 0.8591897233201581, 'f1-score': 0.8614217327446361, 'support': 2024.0}}","[[157   5   7   2  11   2]
 [ 12 376  14   2   9   3]
 [  6  11 340   3  24   1]
 [ 12   3   9 386  12   7]
 [  5   4  19   3 338  69]
 [  8   1  11   4   6 142]]",37.326334714889526,0.057843685150146484
278,BoT_IoT,-1,None,StandardScaler,KNN,0.9621506722772377,-1,-1,98.96245059288538,96.65476190476191,0.6225296442687747,96.56727259995385,96.60655005330682,-1,"{'0Normal': {'precision': 0.945, 'recall': 0.945, 'f1-score': 0.945, 'support': 200.0}, 'HTTP': {'precision': 0.975, 'recall': 0.975, 'f1-score': 0.975, 'support': 400.0}, 'TCP': {'precision': 0.9632352941176471, 'recall': 0.9825, 'f1-score': 0.9727722772277227, 'support': 400.0}, 'UDP': {'precision': 0.9899497487437185, 'recall': 0.985, 'f1-score': 0.9874686716791979, 'support': 400.0}, 'scan': {'precision': 0.969309462915601, 'recall': 0.9475, 'f1-score': 0.9582806573957016, 'support': 400.0}, 'theft': {'precision': 0.9515418502202643, 'recall': 0.9642857142857143, 'f1-score': 0.9578713968957872, 'support': 224.0}, 'accuracy': 0.9688735177865613, 'macro avg': {'precision': 0.9656727259995385, 'recall': 0.9665476190476191, 'f1-score': 0.9660655005330682, 'support': 2024.0}, 'weighted avg': {'precision': 0.9689442572925522, 'recall': 0.9688735177865613, 'f1-score': 0.9688596024830559, 'support': 2024.0}}","[[189   2   1   4   4   0]
 [  2 390   5   0   3   0]
 [  0   4 393   0   3   0]
 [  0   0   6 394   0   0]
 [  5   2   3   0 379  11]
 [  4   2   0   0   2 216]]",0.0004284381866455078,0.012773752212524414
279,BoT_IoT,-1,None,StandardScaler,LDA,0.7495669918011303,-1,-1,93.09947299077734,77.10416666666667,4.140316205533597,78.61251333831927,76.5516008498327,-1,"{'0Normal': {'precision': 0.651685393258427, 'recall': 0.87, 'f1-score': 0.7451820128479658, 'support': 200.0}, 'HTTP': {'precision': 0.7149643705463183, 'recall': 0.7525, 'f1-score': 0.7332521315468941, 'support': 400.0}, 'TCP': {'precision': 0.9170854271356784, 'recall': 0.9125, 'f1-score': 0.9147869674185464, 'support': 400.0}, 'UDP': {'precision': 0.9630541871921182, 'recall': 0.9775, 'f1-score': 0.9702233250620347, 'support': 400.0}, 'scan': {'precision': 0.6786570743405276, 'recall': 0.7075, 'f1-score': 0.6927784577723378, 'support': 400.0}, 'theft': {'precision': 0.7913043478260869, 'recall': 0.40625, 'f1-score': 0.5368731563421829, 'support': 224.0}, 'accuracy': 0.7929841897233202, 'macro avg': {'precision': 0.7861251333831928, 'recall': 0.7710416666666667, 'f1-score': 0.7655160084983269, 'support': 2024.0}, 'weighted avg': {'precision': 0.7989593262107637, 'recall': 0.7929841897233202, 'f1-score': 0.7874072837500826, 'support': 2024.0}}","[[174   9   0  14   2   1]
 [ 77 301  18   0   2   2]
 [  0  31 365   0   4   0]
 [  3   0   6 391   0   0]
 [ 11  78   7   0 283  21]
 [  2   2   2   1 126  91]]",0.004874229431152344,0.00019168853759765625
280,BoT_IoT,-1,None,StandardScaler,MLP,0.974188149405429,-1,-1,99.29183135704875,97.5565476190476,0.424901185770751,97.26449641637961,97.39687073502027,-1,"{'0Normal': {'precision': 0.9146919431279621, 'recall': 0.965, 'f1-score': 0.9391727493917275, 'support': 200.0}, 'HTTP': {'precision': 0.9848866498740554, 'recall': 0.9775, 'f1-score': 0.9811794228356336, 'support': 400.0}, 'TCP': {'precision': 0.9851485148514851, 'recall': 0.995, 'f1-score': 0.9900497512437811, 'support': 400.0}, 'UDP': {'precision': 1.0, 'recall': 0.99, 'f1-score': 0.9949748743718593, 'support': 400.0}, 'scan': {'precision': 0.9873417721518988, 'recall': 0.975, 'f1-score': 0.9811320754716981, 'support': 400.0}, 'theft': {'precision': 0.9638009049773756, 'recall': 0.9508928571428571, 'f1-score': 0.9573033707865168, 'support': 224.0}, 'accuracy': 0.9787549407114624, 'macro avg': {'precision': 0.9726449641637962, 'recall': 0.9755654761904761, 'f1-score': 0.9739687073502027, 'support': 2024.0}, 'weighted avg': {'precision': 0.9791405958950101, 'recall': 0.9787549407114624, 'f1-score': 0.9788562028180405, 'support': 2024.0}}","[[193   2   0   0   1   4]
 [  5 391   1   0   1   2]
 [  0   1 398   0   1   0]
 [  1   0   3 396   0   0]
 [  5   1   2   0 390   2]
 [  7   2   0   0   2 213]]",2.510782480239868,0.0007116794586181641
281,BoT_IoT,-1,None,StandardScaler,LGBM,0.9904050991063995,-1,-1,99.7364953886693,99.16071428571428,0.15810276679841898,98.91794130131134,99.02931182105661,-1,"{'0Normal': {'precision': 0.9521531100478469, 'recall': 0.995, 'f1-score': 0.9731051344743276, 'support': 200.0}, 'HTTP': {'precision': 1.0, 'recall': 0.9975, 'f1-score': 0.9987484355444306, 'support': 400.0}, 'TCP': {'precision': 0.9925373134328358, 'recall': 0.9975, 'f1-score': 0.9950124688279303, 'support': 400.0}, 'UDP': {'precision': 1.0, 'recall': 1.0, 'f1-score': 1.0, 'support': 400.0}, 'scan': {'precision': 0.9949109414758269, 'recall': 0.9775, 'f1-score': 0.9861286254728877, 'support': 400.0}, 'theft': {'precision': 0.995475113122172, 'recall': 0.9821428571428571, 'f1-score': 0.9887640449438202, 'support': 224.0}, 'accuracy': 0.9920948616600791, 'macro avg': {'precision': 0.9891794130131135, 'recall': 0.9916071428571428, 'f1-score': 0.9902931182105661, 'support': 2024.0}, 'weighted avg': {'precision': 0.9922906864191705, 'recall': 0.9920948616600791, 'f1-score': 0.9921244984685675, 'support': 2024.0}}","[[199   0   0   0   1   0]
 [  1 399   0   0   0   0]
 [  0   0 399   0   1   0]
 [  0   0   0 400   0   0]
 [  5   0   3   0 391   1]
 [  4   0   0   0   0 220]]",0.8838005065917969,0.008745431900024414
282,BoT_IoT,-1,None,StandardScaler,RF,0.9916139745660498,-1,-1,99.76943346508564,99.25297619047619,0.1383399209486166,99.00652215168343,99.11679463316848,-1,"{'0Normal': {'precision': 0.9523809523809523, 'recall': 1.0, 'f1-score': 0.975609756097561, 'support': 200.0}, 'HTTP': {'precision': 1.0, 'recall': 0.9975, 'f1-score': 0.9987484355444306, 'support': 400.0}, 'TCP': {'precision': 0.9925558312655087, 'recall': 1.0, 'f1-score': 0.9962640099626401, 'support': 400.0}, 'UDP': {'precision': 1.0, 'recall': 1.0, 'f1-score': 1.0, 'support': 400.0}, 'scan': {'precision': 1.0, 'recall': 0.98, 'f1-score': 0.98989898989899, 'support': 400.0}, 'theft': {'precision': 0.9954545454545455, 'recall': 0.9776785714285714, 'f1-score': 0.9864864864864865, 'support': 224.0}, 'accuracy': 0.9930830039525692, 'macro avg': {'precision': 0.9900652215168343, 'recall': 0.9925297619047618, 'f1-score': 0.9911679463316848, 'support': 2024.0}, 'weighted avg': {'precision': 0.9933203266621602, 'recall': 0.9930830039525692, 'f1-score': 0.993112400372979, 'support': 2024.0}}","[[200   0   0   0   0   0]
 [  1 399   0   0   0   0]
 [  0   0 400   0   0   0]
 [  0   0   0 400   0   0]
 [  4   0   3   0 392   1]
 [  5   0   0   0   0 219]]",0.5282070636749268,0.00937032699584961
283,BoT_IoT,-1,None,StandardScaler,NuSVC,0.9000833385038459,-1,-1,97.24967061923584,92.01785714285715,1.6501976284584978,90.82848741318742,91.32351287221226,-1,"{'0Normal': {'precision': 0.8209606986899564, 'recall': 0.94, 'f1-score': 0.8764568764568763, 'support': 200.0}, 'HTTP': {'precision': 0.9185750636132316, 'recall': 0.9025, 'f1-score': 0.9104665825977302, 'support': 400.0}, 'TCP': {'precision': 0.9311224489795918, 'recall': 0.9125, 'f1-score': 0.9217171717171717, 'support': 400.0}, 'UDP': {'precision': 0.9801980198019802, 'recall': 0.99, 'f1-score': 0.9850746268656716, 'support': 400.0}, 'scan': {'precision': 0.9137466307277629, 'recall': 0.8475, 'f1-score': 0.879377431906615, 'support': 400.0}, 'theft': {'precision': 0.8851063829787233, 'recall': 0.9285714285714286, 'f1-score': 0.906318082788671, 'support': 224.0}, 'accuracy': 0.9174901185770751, 'macro avg': {'precision': 0.9082848741318742, 'recall': 0.9201785714285715, 'f1-score': 0.9132351287221226, 'support': 2024.0}, 'weighted avg': {'precision': 0.9189292661928122, 'recall': 0.9174901185770751, 'f1-score': 0.9174708256279214, 'support': 2024.0}}","[[188   2   1   8   0   1]
 [ 12 361  17   0   0  10]
 [  0   5 365   0  30   0]
 [  0   0   4 396   0   0]
 [ 17  24   4   0 339  16]
 [ 12   1   1   0   2 208]]",0.6201286315917969,0.20465564727783203
284,BoT_IoT,-1,None,StandardScaler,SGD,0.9165768697196619,-1,-1,97.69433465085639,93.17559523809523,1.383399209486166,91.94665415642011,92.4005542060213,-1,"{'0Normal': {'precision': 0.8785046728971962, 'recall': 0.94, 'f1-score': 0.9082125603864735, 'support': 200.0}, 'HTTP': {'precision': 0.9506172839506173, 'recall': 0.9625, 'f1-score': 0.9565217391304348, 'support': 400.0}, 'TCP': {'precision': 0.9516539440203562, 'recall': 0.935, 'f1-score': 0.9432534678436317, 'support': 400.0}, 'UDP': {'precision': 0.9974683544303797, 'recall': 0.985, 'f1-score': 0.9911949685534591, 'support': 400.0}, 'scan': {'precision': 0.9408450704225352, 'recall': 0.835, 'f1-score': 0.8847682119205298, 'support': 400.0}, 'theft': {'precision': 0.7977099236641222, 'recall': 0.9330357142857143, 'f1-score': 0.8600823045267489, 'support': 224.0}, 'accuracy': 0.9308300395256917, 'macro avg': {'precision': 0.919466541564201, 'recall': 0.9317559523809523, 'f1-score': 0.9240055420602129, 'support': 2024.0}, 'weighted avg': {'precision': 0.9341016890364418, 'recall': 0.9308300395256917, 'f1-score': 0.9311246557660616, 'support': 2024.0}}","[[188   1   1   1   1   8]
 [  4 385   8   0   0   3]
 [  0   8 374   0  18   0]
 [  0   0   6 394   0   0]
 [ 12   8   4   0 334  42]
 [ 10   3   0   0   2 209]]",0.03717517852783203,0.0004279613494873047
285,BoT_IoT,-1,None,StandardScaler,HHHv2,0.7366534184477928,-1,-1,92.67127799736495,81.8885711118878,4.397233201581028,72.38690476190476,69.38937283339497,-1,"{'0Normal': {'precision': 0.76, 'recall': 0.7378640776699029, 'f1-score': 0.7487684729064039, 'support': 206.0}, 'HTTP': {'precision': 0.91, 'recall': 0.7695560253699789, 'f1-score': 0.8339060710194732, 'support': 473.0}, 'TCP': {'precision': 0.9125, 'recall': 0.9102244389027432, 'f1-score': 0.9113607990012484, 'support': 401.0}, 'UDP': {'precision': 0.985, 'recall': 0.9036697247706422, 'f1-score': 0.9425837320574162, 'support': 436.0}, 'scan': {'precision': 0.74, 'recall': 0.592, 'f1-score': 0.6577777777777778, 'support': 500.0}, 'theft': {'precision': 0.03571428571428571, 'recall': 1.0, 'f1-score': 0.0689655172413793, 'support': 8.0}, 'accuracy': 0.7801383399209486, 'macro avg': {'precision': 0.7238690476190476, 'recall': 0.818885711118878, 'f1-score': 0.6938937283339497, 'support': 2024.0}, 'weighted avg': {'precision': 0.8659329121964991, 'recall': 0.7801383399209486, 'f1-score': 0.8174637735248438, 'support': 2024.0}}","[[152  16   0   0  13  25]
 [  7 364  19   0  81   2]
 [  3  18 365   6   7   2]
 [ 37   0   0 394   3   2]
 [  1   2  16   0 296 185]
 [  0   0   0   0   0   8]]",306.6694071292877,0.005682706832885742
286,BoT_IoT,-1,None,StandardScaler,KNN,0.9621506722772377,-1,-1,98.96245059288538,96.65476190476191,0.6225296442687747,96.56727259995385,96.60655005330682,-1,"{'0Normal': {'precision': 0.945, 'recall': 0.945, 'f1-score': 0.945, 'support': 200.0}, 'HTTP': {'precision': 0.975, 'recall': 0.975, 'f1-score': 0.975, 'support': 400.0}, 'TCP': {'precision': 0.9632352941176471, 'recall': 0.9825, 'f1-score': 0.9727722772277227, 'support': 400.0}, 'UDP': {'precision': 0.9899497487437185, 'recall': 0.985, 'f1-score': 0.9874686716791979, 'support': 400.0}, 'scan': {'precision': 0.969309462915601, 'recall': 0.9475, 'f1-score': 0.9582806573957016, 'support': 400.0}, 'theft': {'precision': 0.9515418502202643, 'recall': 0.9642857142857143, 'f1-score': 0.9578713968957872, 'support': 224.0}, 'accuracy': 0.9688735177865613, 'macro avg': {'precision': 0.9656727259995385, 'recall': 0.9665476190476191, 'f1-score': 0.9660655005330682, 'support': 2024.0}, 'weighted avg': {'precision': 0.9689442572925522, 'recall': 0.9688735177865613, 'f1-score': 0.9688596024830559, 'support': 2024.0}}","[[189   2   1   4   4   0]
 [  2 390   5   0   3   0]
 [  0   4 393   0   3   0]
 [  0   0   6 394   0   0]
 [  5   2   3   0 379  11]
 [  4   2   0   0   2 216]]",0.0004374980926513672,0.00973200798034668
287,BoT_IoT,-1,None,StandardScaler,LDA,0.7495669918011303,-1,-1,93.09947299077734,77.10416666666667,4.140316205533597,78.61251333831927,76.5516008498327,-1,"{'0Normal': {'precision': 0.651685393258427, 'recall': 0.87, 'f1-score': 0.7451820128479658, 'support': 200.0}, 'HTTP': {'precision': 0.7149643705463183, 'recall': 0.7525, 'f1-score': 0.7332521315468941, 'support': 400.0}, 'TCP': {'precision': 0.9170854271356784, 'recall': 0.9125, 'f1-score': 0.9147869674185464, 'support': 400.0}, 'UDP': {'precision': 0.9630541871921182, 'recall': 0.9775, 'f1-score': 0.9702233250620347, 'support': 400.0}, 'scan': {'precision': 0.6786570743405276, 'recall': 0.7075, 'f1-score': 0.6927784577723378, 'support': 400.0}, 'theft': {'precision': 0.7913043478260869, 'recall': 0.40625, 'f1-score': 0.5368731563421829, 'support': 224.0}, 'accuracy': 0.7929841897233202, 'macro avg': {'precision': 0.7861251333831928, 'recall': 0.7710416666666667, 'f1-score': 0.7655160084983269, 'support': 2024.0}, 'weighted avg': {'precision': 0.7989593262107637, 'recall': 0.7929841897233202, 'f1-score': 0.7874072837500826, 'support': 2024.0}}","[[174   9   0  14   2   1]
 [ 77 301  18   0   2   2]
 [  0  31 365   0   4   0]
 [  3   0   6 391   0   0]
 [ 11  78   7   0 283  21]
 [  2   2   2   1 126  91]]",0.004853487014770508,0.00019288063049316406
288,BoT_IoT,-1,None,StandardScaler,MLP,0.974188149405429,-1,-1,99.29183135704875,97.5565476190476,0.424901185770751,97.26449641637961,97.39687073502027,-1,"{'0Normal': {'precision': 0.9146919431279621, 'recall': 0.965, 'f1-score': 0.9391727493917275, 'support': 200.0}, 'HTTP': {'precision': 0.9848866498740554, 'recall': 0.9775, 'f1-score': 0.9811794228356336, 'support': 400.0}, 'TCP': {'precision': 0.9851485148514851, 'recall': 0.995, 'f1-score': 0.9900497512437811, 'support': 400.0}, 'UDP': {'precision': 1.0, 'recall': 0.99, 'f1-score': 0.9949748743718593, 'support': 400.0}, 'scan': {'precision': 0.9873417721518988, 'recall': 0.975, 'f1-score': 0.9811320754716981, 'support': 400.0}, 'theft': {'precision': 0.9638009049773756, 'recall': 0.9508928571428571, 'f1-score': 0.9573033707865168, 'support': 224.0}, 'accuracy': 0.9787549407114624, 'macro avg': {'precision': 0.9726449641637962, 'recall': 0.9755654761904761, 'f1-score': 0.9739687073502027, 'support': 2024.0}, 'weighted avg': {'precision': 0.9791405958950101, 'recall': 0.9787549407114624, 'f1-score': 0.9788562028180405, 'support': 2024.0}}","[[193   2   0   0   1   4]
 [  5 391   1   0   1   2]
 [  0   1 398   0   1   0]
 [  1   0   3 396   0   0]
 [  5   1   2   0 390   2]
 [  7   2   0   0   2 213]]",2.5371179580688477,0.0006678104400634766
289,BoT_IoT,-1,None,StandardScaler,LGBM,0.9904050991063995,-1,-1,99.7364953886693,99.16071428571428,0.15810276679841898,98.91794130131134,99.02931182105661,-1,"{'0Normal': {'precision': 0.9521531100478469, 'recall': 0.995, 'f1-score': 0.9731051344743276, 'support': 200.0}, 'HTTP': {'precision': 1.0, 'recall': 0.9975, 'f1-score': 0.9987484355444306, 'support': 400.0}, 'TCP': {'precision': 0.9925373134328358, 'recall': 0.9975, 'f1-score': 0.9950124688279303, 'support': 400.0}, 'UDP': {'precision': 1.0, 'recall': 1.0, 'f1-score': 1.0, 'support': 400.0}, 'scan': {'precision': 0.9949109414758269, 'recall': 0.9775, 'f1-score': 0.9861286254728877, 'support': 400.0}, 'theft': {'precision': 0.995475113122172, 'recall': 0.9821428571428571, 'f1-score': 0.9887640449438202, 'support': 224.0}, 'accuracy': 0.9920948616600791, 'macro avg': {'precision': 0.9891794130131135, 'recall': 0.9916071428571428, 'f1-score': 0.9902931182105661, 'support': 2024.0}, 'weighted avg': {'precision': 0.9922906864191705, 'recall': 0.9920948616600791, 'f1-score': 0.9921244984685675, 'support': 2024.0}}","[[199   0   0   0   1   0]
 [  1 399   0   0   0   0]
 [  0   0 399   0   1   0]
 [  0   0   0 400   0   0]
 [  5   0   3   0 391   1]
 [  4   0   0   0   0 220]]",0.8949005603790283,0.010713338851928711
290,BoT_IoT,-1,None,StandardScaler,RF,0.9916139745660498,-1,-1,99.76943346508564,99.25297619047619,0.1383399209486166,99.00652215168343,99.11679463316848,-1,"{'0Normal': {'precision': 0.9523809523809523, 'recall': 1.0, 'f1-score': 0.975609756097561, 'support': 200.0}, 'HTTP': {'precision': 1.0, 'recall': 0.9975, 'f1-score': 0.9987484355444306, 'support': 400.0}, 'TCP': {'precision': 0.9925558312655087, 'recall': 1.0, 'f1-score': 0.9962640099626401, 'support': 400.0}, 'UDP': {'precision': 1.0, 'recall': 1.0, 'f1-score': 1.0, 'support': 400.0}, 'scan': {'precision': 1.0, 'recall': 0.98, 'f1-score': 0.98989898989899, 'support': 400.0}, 'theft': {'precision': 0.9954545454545455, 'recall': 0.9776785714285714, 'f1-score': 0.9864864864864865, 'support': 224.0}, 'accuracy': 0.9930830039525692, 'macro avg': {'precision': 0.9900652215168343, 'recall': 0.9925297619047618, 'f1-score': 0.9911679463316848, 'support': 2024.0}, 'weighted avg': {'precision': 0.9933203266621602, 'recall': 0.9930830039525692, 'f1-score': 0.993112400372979, 'support': 2024.0}}","[[200   0   0   0   0   0]
 [  1 399   0   0   0   0]
 [  0   0 400   0   0   0]
 [  0   0   0 400   0   0]
 [  4   0   3   0 392   1]
 [  5   0   0   0   0 219]]",0.5260317325592041,0.009407997131347656
291,BoT_IoT,-1,None,StandardScaler,NuSVC,0.9000833385038459,-1,-1,97.24967061923584,92.01785714285715,1.6501976284584978,90.82848741318742,91.32351287221226,-1,"{'0Normal': {'precision': 0.8209606986899564, 'recall': 0.94, 'f1-score': 0.8764568764568763, 'support': 200.0}, 'HTTP': {'precision': 0.9185750636132316, 'recall': 0.9025, 'f1-score': 0.9104665825977302, 'support': 400.0}, 'TCP': {'precision': 0.9311224489795918, 'recall': 0.9125, 'f1-score': 0.9217171717171717, 'support': 400.0}, 'UDP': {'precision': 0.9801980198019802, 'recall': 0.99, 'f1-score': 0.9850746268656716, 'support': 400.0}, 'scan': {'precision': 0.9137466307277629, 'recall': 0.8475, 'f1-score': 0.879377431906615, 'support': 400.0}, 'theft': {'precision': 0.8851063829787233, 'recall': 0.9285714285714286, 'f1-score': 0.906318082788671, 'support': 224.0}, 'accuracy': 0.9174901185770751, 'macro avg': {'precision': 0.9082848741318742, 'recall': 0.9201785714285715, 'f1-score': 0.9132351287221226, 'support': 2024.0}, 'weighted avg': {'precision': 0.9189292661928122, 'recall': 0.9174901185770751, 'f1-score': 0.9174708256279214, 'support': 2024.0}}","[[188   2   1   8   0   1]
 [ 12 361  17   0   0  10]
 [  0   5 365   0  30   0]
 [  0   0   4 396   0   0]
 [ 17  24   4   0 339  16]
 [ 12   1   1   0   2 208]]",0.6177139282226562,0.2008059024810791
292,BoT_IoT,-1,None,StandardScaler,SGD,0.9165768697196619,-1,-1,97.69433465085639,93.17559523809523,1.383399209486166,91.94665415642011,92.4005542060213,-1,"{'0Normal': {'precision': 0.8785046728971962, 'recall': 0.94, 'f1-score': 0.9082125603864735, 'support': 200.0}, 'HTTP': {'precision': 0.9506172839506173, 'recall': 0.9625, 'f1-score': 0.9565217391304348, 'support': 400.0}, 'TCP': {'precision': 0.9516539440203562, 'recall': 0.935, 'f1-score': 0.9432534678436317, 'support': 400.0}, 'UDP': {'precision': 0.9974683544303797, 'recall': 0.985, 'f1-score': 0.9911949685534591, 'support': 400.0}, 'scan': {'precision': 0.9408450704225352, 'recall': 0.835, 'f1-score': 0.8847682119205298, 'support': 400.0}, 'theft': {'precision': 0.7977099236641222, 'recall': 0.9330357142857143, 'f1-score': 0.8600823045267489, 'support': 224.0}, 'accuracy': 0.9308300395256917, 'macro avg': {'precision': 0.919466541564201, 'recall': 0.9317559523809523, 'f1-score': 0.9240055420602129, 'support': 2024.0}, 'weighted avg': {'precision': 0.9341016890364418, 'recall': 0.9308300395256917, 'f1-score': 0.9311246557660616, 'support': 2024.0}}","[[188   1   1   1   1   8]
 [  4 385   8   0   0   3]
 [  0   8 374   0  18   0]
 [  0   0   6 394   0   0]
 [ 12   8   4   0 334  42]
 [ 10   3   0   0   2 209]]",0.0344390869140625,0.0004904270172119141
293,BoT_IoT,-1,rbf,StandardScaler,HHHv2,0.9633787483998705,-1,-1,98.9953886693017,96.66858886194646,0.6027667984189723,96.97916666666666,96.81483904550362,-1,"{'0Normal': {'precision': 0.97, 'recall': 0.9463414634146341, 'f1-score': 0.9580246913580247, 'support': 205.0}, 'HTTP': {'precision': 0.9775, 'recall': 0.9702233250620348, 'f1-score': 0.9738480697384807, 'support': 403.0}, 'TCP': {'precision': 0.9725, 'recall': 0.970074812967581, 'f1-score': 0.9712858926342073, 'support': 401.0}, 'UDP': {'precision': 0.9875, 'recall': 0.9850374064837906, 'f1-score': 0.9862671660424469, 'support': 401.0}, 'scan': {'precision': 0.9425, 'recall': 0.9766839378238342, 'f1-score': 0.9592875318066159, 'support': 386.0}, 'theft': {'precision': 0.96875, 'recall': 0.9517543859649122, 'f1-score': 0.9601769911504425, 'support': 228.0}, 'accuracy': 0.9698616600790514, 'macro avg': {'precision': 0.9697916666666666, 'recall': 0.9666858886194646, 'f1-score': 0.9681483904550362, 'support': 2024.0}, 'weighted avg': {'precision': 0.97007040513834, 'recall': 0.9698616600790514, 'f1-score': 0.9698813990227252, 'support': 2024.0}}","[[194   2   0   0   5   4]
 [  1 391   6   1   4   0]
 [  1   4 389   0   5   2]
 [  1   3   1 395   1   0]
 [  2   0   4   2 377   1]
 [  1   0   0   2   8 217]]",306.5079724788666,0.13089585304260254
294,BoT_IoT,-1,None,StandardScaler,KNN,0.9621506722772377,-1,-1,98.96245059288538,96.65476190476191,0.6225296442687747,96.56727259995385,96.60655005330682,-1,"{'0Normal': {'precision': 0.945, 'recall': 0.945, 'f1-score': 0.945, 'support': 200.0}, 'HTTP': {'precision': 0.975, 'recall': 0.975, 'f1-score': 0.975, 'support': 400.0}, 'TCP': {'precision': 0.9632352941176471, 'recall': 0.9825, 'f1-score': 0.9727722772277227, 'support': 400.0}, 'UDP': {'precision': 0.9899497487437185, 'recall': 0.985, 'f1-score': 0.9874686716791979, 'support': 400.0}, 'scan': {'precision': 0.969309462915601, 'recall': 0.9475, 'f1-score': 0.9582806573957016, 'support': 400.0}, 'theft': {'precision': 0.9515418502202643, 'recall': 0.9642857142857143, 'f1-score': 0.9578713968957872, 'support': 224.0}, 'accuracy': 0.9688735177865613, 'macro avg': {'precision': 0.9656727259995385, 'recall': 0.9665476190476191, 'f1-score': 0.9660655005330682, 'support': 2024.0}, 'weighted avg': {'precision': 0.9689442572925522, 'recall': 0.9688735177865613, 'f1-score': 0.9688596024830559, 'support': 2024.0}}","[[189   2   1   4   4   0]
 [  2 390   5   0   3   0]
 [  0   4 393   0   3   0]
 [  0   0   6 394   0   0]
 [  5   2   3   0 379  11]
 [  4   2   0   0   2 216]]",0.0004515647888183594,0.01360321044921875
295,BoT_IoT,-1,None,StandardScaler,LDA,0.7495669918011303,-1,-1,93.09947299077734,77.10416666666667,4.140316205533597,78.61251333831927,76.5516008498327,-1,"{'0Normal': {'precision': 0.651685393258427, 'recall': 0.87, 'f1-score': 0.7451820128479658, 'support': 200.0}, 'HTTP': {'precision': 0.7149643705463183, 'recall': 0.7525, 'f1-score': 0.7332521315468941, 'support': 400.0}, 'TCP': {'precision': 0.9170854271356784, 'recall': 0.9125, 'f1-score': 0.9147869674185464, 'support': 400.0}, 'UDP': {'precision': 0.9630541871921182, 'recall': 0.9775, 'f1-score': 0.9702233250620347, 'support': 400.0}, 'scan': {'precision': 0.6786570743405276, 'recall': 0.7075, 'f1-score': 0.6927784577723378, 'support': 400.0}, 'theft': {'precision': 0.7913043478260869, 'recall': 0.40625, 'f1-score': 0.5368731563421829, 'support': 224.0}, 'accuracy': 0.7929841897233202, 'macro avg': {'precision': 0.7861251333831928, 'recall': 0.7710416666666667, 'f1-score': 0.7655160084983269, 'support': 2024.0}, 'weighted avg': {'precision': 0.7989593262107637, 'recall': 0.7929841897233202, 'f1-score': 0.7874072837500826, 'support': 2024.0}}","[[174   9   0  14   2   1]
 [ 77 301  18   0   2   2]
 [  0  31 365   0   4   0]
 [  3   0   6 391   0   0]
 [ 11  78   7   0 283  21]
 [  2   2   2   1 126  91]]",0.004466533660888672,0.00019669532775878906
296,BoT_IoT,-1,None,StandardScaler,MLP,0.974188149405429,-1,-1,99.29183135704875,97.5565476190476,0.424901185770751,97.26449641637961,97.39687073502027,-1,"{'0Normal': {'precision': 0.9146919431279621, 'recall': 0.965, 'f1-score': 0.9391727493917275, 'support': 200.0}, 'HTTP': {'precision': 0.9848866498740554, 'recall': 0.9775, 'f1-score': 0.9811794228356336, 'support': 400.0}, 'TCP': {'precision': 0.9851485148514851, 'recall': 0.995, 'f1-score': 0.9900497512437811, 'support': 400.0}, 'UDP': {'precision': 1.0, 'recall': 0.99, 'f1-score': 0.9949748743718593, 'support': 400.0}, 'scan': {'precision': 0.9873417721518988, 'recall': 0.975, 'f1-score': 0.9811320754716981, 'support': 400.0}, 'theft': {'precision': 0.9638009049773756, 'recall': 0.9508928571428571, 'f1-score': 0.9573033707865168, 'support': 224.0}, 'accuracy': 0.9787549407114624, 'macro avg': {'precision': 0.9726449641637962, 'recall': 0.9755654761904761, 'f1-score': 0.9739687073502027, 'support': 2024.0}, 'weighted avg': {'precision': 0.9791405958950101, 'recall': 0.9787549407114624, 'f1-score': 0.9788562028180405, 'support': 2024.0}}","[[193   2   0   0   1   4]
 [  5 391   1   0   1   2]
 [  0   1 398   0   1   0]
 [  1   0   3 396   0   0]
 [  5   1   2   0 390   2]
 [  7   2   0   0   2 213]]",2.565845489501953,0.0006656646728515625
297,BoT_IoT,-1,None,StandardScaler,LGBM,0.9904050991063995,-1,-1,99.7364953886693,99.16071428571428,0.15810276679841898,98.91794130131134,99.02931182105661,-1,"{'0Normal': {'precision': 0.9521531100478469, 'recall': 0.995, 'f1-score': 0.9731051344743276, 'support': 200.0}, 'HTTP': {'precision': 1.0, 'recall': 0.9975, 'f1-score': 0.9987484355444306, 'support': 400.0}, 'TCP': {'precision': 0.9925373134328358, 'recall': 0.9975, 'f1-score': 0.9950124688279303, 'support': 400.0}, 'UDP': {'precision': 1.0, 'recall': 1.0, 'f1-score': 1.0, 'support': 400.0}, 'scan': {'precision': 0.9949109414758269, 'recall': 0.9775, 'f1-score': 0.9861286254728877, 'support': 400.0}, 'theft': {'precision': 0.995475113122172, 'recall': 0.9821428571428571, 'f1-score': 0.9887640449438202, 'support': 224.0}, 'accuracy': 0.9920948616600791, 'macro avg': {'precision': 0.9891794130131135, 'recall': 0.9916071428571428, 'f1-score': 0.9902931182105661, 'support': 2024.0}, 'weighted avg': {'precision': 0.9922906864191705, 'recall': 0.9920948616600791, 'f1-score': 0.9921244984685675, 'support': 2024.0}}","[[199   0   0   0   1   0]
 [  1 399   0   0   0   0]
 [  0   0 399   0   1   0]
 [  0   0   0 400   0   0]
 [  5   0   3   0 391   1]
 [  4   0   0   0   0 220]]",0.9186465740203857,0.011421918869018555
298,BoT_IoT,-1,None,StandardScaler,RF,0.9916139745660498,-1,-1,99.76943346508564,99.25297619047619,0.1383399209486166,99.00652215168343,99.11679463316848,-1,"{'0Normal': {'precision': 0.9523809523809523, 'recall': 1.0, 'f1-score': 0.975609756097561, 'support': 200.0}, 'HTTP': {'precision': 1.0, 'recall': 0.9975, 'f1-score': 0.9987484355444306, 'support': 400.0}, 'TCP': {'precision': 0.9925558312655087, 'recall': 1.0, 'f1-score': 0.9962640099626401, 'support': 400.0}, 'UDP': {'precision': 1.0, 'recall': 1.0, 'f1-score': 1.0, 'support': 400.0}, 'scan': {'precision': 1.0, 'recall': 0.98, 'f1-score': 0.98989898989899, 'support': 400.0}, 'theft': {'precision': 0.9954545454545455, 'recall': 0.9776785714285714, 'f1-score': 0.9864864864864865, 'support': 224.0}, 'accuracy': 0.9930830039525692, 'macro avg': {'precision': 0.9900652215168343, 'recall': 0.9925297619047618, 'f1-score': 0.9911679463316848, 'support': 2024.0}, 'weighted avg': {'precision': 0.9933203266621602, 'recall': 0.9930830039525692, 'f1-score': 0.993112400372979, 'support': 2024.0}}","[[200   0   0   0   0   0]
 [  1 399   0   0   0   0]
 [  0   0 400   0   0   0]
 [  0   0   0 400   0   0]
 [  4   0   3   0 392   1]
 [  5   0   0   0   0 219]]",0.5291388034820557,0.00952458381652832
299,BoT_IoT,-1,None,StandardScaler,NuSVC,0.9000833385038459,-1,-1,97.24967061923584,92.01785714285715,1.6501976284584978,90.82848741318742,91.32351287221226,-1,"{'0Normal': {'precision': 0.8209606986899564, 'recall': 0.94, 'f1-score': 0.8764568764568763, 'support': 200.0}, 'HTTP': {'precision': 0.9185750636132316, 'recall': 0.9025, 'f1-score': 0.9104665825977302, 'support': 400.0}, 'TCP': {'precision': 0.9311224489795918, 'recall': 0.9125, 'f1-score': 0.9217171717171717, 'support': 400.0}, 'UDP': {'precision': 0.9801980198019802, 'recall': 0.99, 'f1-score': 0.9850746268656716, 'support': 400.0}, 'scan': {'precision': 0.9137466307277629, 'recall': 0.8475, 'f1-score': 0.879377431906615, 'support': 400.0}, 'theft': {'precision': 0.8851063829787233, 'recall': 0.9285714285714286, 'f1-score': 0.906318082788671, 'support': 224.0}, 'accuracy': 0.9174901185770751, 'macro avg': {'precision': 0.9082848741318742, 'recall': 0.9201785714285715, 'f1-score': 0.9132351287221226, 'support': 2024.0}, 'weighted avg': {'precision': 0.9189292661928122, 'recall': 0.9174901185770751, 'f1-score': 0.9174708256279214, 'support': 2024.0}}","[[188   2   1   8   0   1]
 [ 12 361  17   0   0  10]
 [  0   5 365   0  30   0]
 [  0   0   4 396   0   0]
 [ 17  24   4   0 339  16]
 [ 12   1   1   0   2 208]]",0.6201131343841553,0.20748257637023926
300,BoT_IoT,-1,None,StandardScaler,SGD,0.9165768697196619,-1,-1,97.69433465085639,93.17559523809523,1.383399209486166,91.94665415642011,92.4005542060213,-1,"{'0Normal': {'precision': 0.8785046728971962, 'recall': 0.94, 'f1-score': 0.9082125603864735, 'support': 200.0}, 'HTTP': {'precision': 0.9506172839506173, 'recall': 0.9625, 'f1-score': 0.9565217391304348, 'support': 400.0}, 'TCP': {'precision': 0.9516539440203562, 'recall': 0.935, 'f1-score': 0.9432534678436317, 'support': 400.0}, 'UDP': {'precision': 0.9974683544303797, 'recall': 0.985, 'f1-score': 0.9911949685534591, 'support': 400.0}, 'scan': {'precision': 0.9408450704225352, 'recall': 0.835, 'f1-score': 0.8847682119205298, 'support': 400.0}, 'theft': {'precision': 0.7977099236641222, 'recall': 0.9330357142857143, 'f1-score': 0.8600823045267489, 'support': 224.0}, 'accuracy': 0.9308300395256917, 'macro avg': {'precision': 0.919466541564201, 'recall': 0.9317559523809523, 'f1-score': 0.9240055420602129, 'support': 2024.0}, 'weighted avg': {'precision': 0.9341016890364418, 'recall': 0.9308300395256917, 'f1-score': 0.9311246557660616, 'support': 2024.0}}","[[188   1   1   1   1   8]
 [  4 385   8   0   0   3]
 [  0   8 374   0  18   0]
 [  0   0   6 394   0   0]
 [ 12   8   4   0 334  42]
 [ 10   3   0   0   2 209]]",0.036803483963012695,0.0004971027374267578
301,BoT_IoT,-1,poly,StandardScaler,HHHv2,0.9527862253514474,-1,-1,98.69894598155467,95.23209252467434,0.7806324110671937,95.79761904761907,95.45602812149771,-1,"{'0Normal': {'precision': 0.93, 'recall': 0.916256157635468, 'f1-score': 0.923076923076923, 'support': 203.0}, 'HTTP': {'precision': 0.9775, 'recall': 0.9949109414758269, 'f1-score': 0.9861286254728877, 'support': 393.0}, 'TCP': {'precision': 0.9925, 'recall': 0.980246913580247, 'f1-score': 0.9863354037267081, 'support': 405.0}, 'UDP': {'precision': 0.9925, 'recall': 0.9635922330097088, 'f1-score': 0.977832512315271, 'support': 412.0}, 'scan': {'precision': 0.9, 'recall': 0.9782608695652174, 'f1-score': 0.9375, 'support': 368.0}, 'theft': {'precision': 0.9553571428571429, 'recall': 0.8806584362139918, 'f1-score': 0.9164882226980728, 'support': 243.0}, 'accuracy': 0.9609683794466403, 'macro avg': {'precision': 0.9579761904761906, 'recall': 0.9523209252467434, 'f1-score': 0.954560281214977, 'support': 2024.0}, 'weighted avg': {'precision': 0.9620413961038963, 'recall': 0.9609683794466403, 'f1-score': 0.9609548601256425, 'support': 2024.0}}","[[186   6   0   0   6   5]
 [  0 391   1   0   1   0]
 [  1   1 397   0   5   1]
 [  9   0   0 397   3   3]
 [  2   2   2   1 360   1]
 [  2   0   0   2  25 214]]",306.1759808063507,0.17867183685302734
302,BoT_IoT,-1,None,StandardScaler,KNN,0.9621506722772377,-1,-1,98.96245059288538,96.65476190476191,0.6225296442687747,96.56727259995385,96.60655005330682,-1,"{'0Normal': {'precision': 0.945, 'recall': 0.945, 'f1-score': 0.945, 'support': 200.0}, 'HTTP': {'precision': 0.975, 'recall': 0.975, 'f1-score': 0.975, 'support': 400.0}, 'TCP': {'precision': 0.9632352941176471, 'recall': 0.9825, 'f1-score': 0.9727722772277227, 'support': 400.0}, 'UDP': {'precision': 0.9899497487437185, 'recall': 0.985, 'f1-score': 0.9874686716791979, 'support': 400.0}, 'scan': {'precision': 0.969309462915601, 'recall': 0.9475, 'f1-score': 0.9582806573957016, 'support': 400.0}, 'theft': {'precision': 0.9515418502202643, 'recall': 0.9642857142857143, 'f1-score': 0.9578713968957872, 'support': 224.0}, 'accuracy': 0.9688735177865613, 'macro avg': {'precision': 0.9656727259995385, 'recall': 0.9665476190476191, 'f1-score': 0.9660655005330682, 'support': 2024.0}, 'weighted avg': {'precision': 0.9689442572925522, 'recall': 0.9688735177865613, 'f1-score': 0.9688596024830559, 'support': 2024.0}}","[[189   2   1   4   4   0]
 [  2 390   5   0   3   0]
 [  0   4 393   0   3   0]
 [  0   0   6 394   0   0]
 [  5   2   3   0 379  11]
 [  4   2   0   0   2 216]]",0.0004394054412841797,0.014947891235351562
303,BoT_IoT,-1,None,StandardScaler,LDA,0.7495669918011303,-1,-1,93.09947299077734,77.10416666666667,4.140316205533597,78.61251333831927,76.5516008498327,-1,"{'0Normal': {'precision': 0.651685393258427, 'recall': 0.87, 'f1-score': 0.7451820128479658, 'support': 200.0}, 'HTTP': {'precision': 0.7149643705463183, 'recall': 0.7525, 'f1-score': 0.7332521315468941, 'support': 400.0}, 'TCP': {'precision': 0.9170854271356784, 'recall': 0.9125, 'f1-score': 0.9147869674185464, 'support': 400.0}, 'UDP': {'precision': 0.9630541871921182, 'recall': 0.9775, 'f1-score': 0.9702233250620347, 'support': 400.0}, 'scan': {'precision': 0.6786570743405276, 'recall': 0.7075, 'f1-score': 0.6927784577723378, 'support': 400.0}, 'theft': {'precision': 0.7913043478260869, 'recall': 0.40625, 'f1-score': 0.5368731563421829, 'support': 224.0}, 'accuracy': 0.7929841897233202, 'macro avg': {'precision': 0.7861251333831928, 'recall': 0.7710416666666667, 'f1-score': 0.7655160084983269, 'support': 2024.0}, 'weighted avg': {'precision': 0.7989593262107637, 'recall': 0.7929841897233202, 'f1-score': 0.7874072837500826, 'support': 2024.0}}","[[174   9   0  14   2   1]
 [ 77 301  18   0   2   2]
 [  0  31 365   0   4   0]
 [  3   0   6 391   0   0]
 [ 11  78   7   0 283  21]
 [  2   2   2   1 126  91]]",0.004550933837890625,0.0001926422119140625
304,BoT_IoT,-1,None,StandardScaler,MLP,0.974188149405429,-1,-1,99.29183135704875,97.5565476190476,0.424901185770751,97.26449641637961,97.39687073502027,-1,"{'0Normal': {'precision': 0.9146919431279621, 'recall': 0.965, 'f1-score': 0.9391727493917275, 'support': 200.0}, 'HTTP': {'precision': 0.9848866498740554, 'recall': 0.9775, 'f1-score': 0.9811794228356336, 'support': 400.0}, 'TCP': {'precision': 0.9851485148514851, 'recall': 0.995, 'f1-score': 0.9900497512437811, 'support': 400.0}, 'UDP': {'precision': 1.0, 'recall': 0.99, 'f1-score': 0.9949748743718593, 'support': 400.0}, 'scan': {'precision': 0.9873417721518988, 'recall': 0.975, 'f1-score': 0.9811320754716981, 'support': 400.0}, 'theft': {'precision': 0.9638009049773756, 'recall': 0.9508928571428571, 'f1-score': 0.9573033707865168, 'support': 224.0}, 'accuracy': 0.9787549407114624, 'macro avg': {'precision': 0.9726449641637962, 'recall': 0.9755654761904761, 'f1-score': 0.9739687073502027, 'support': 2024.0}, 'weighted avg': {'precision': 0.9791405958950101, 'recall': 0.9787549407114624, 'f1-score': 0.9788562028180405, 'support': 2024.0}}","[[193   2   0   0   1   4]
 [  5 391   1   0   1   2]
 [  0   1 398   0   1   0]
 [  1   0   3 396   0   0]
 [  5   1   2   0 390   2]
 [  7   2   0   0   2 213]]",2.545616388320923,0.0008487701416015625
305,BoT_IoT,-1,None,StandardScaler,LGBM,0.9904050991063995,-1,-1,99.7364953886693,99.16071428571428,0.15810276679841898,98.91794130131134,99.02931182105661,-1,"{'0Normal': {'precision': 0.9521531100478469, 'recall': 0.995, 'f1-score': 0.9731051344743276, 'support': 200.0}, 'HTTP': {'precision': 1.0, 'recall': 0.9975, 'f1-score': 0.9987484355444306, 'support': 400.0}, 'TCP': {'precision': 0.9925373134328358, 'recall': 0.9975, 'f1-score': 0.9950124688279303, 'support': 400.0}, 'UDP': {'precision': 1.0, 'recall': 1.0, 'f1-score': 1.0, 'support': 400.0}, 'scan': {'precision': 0.9949109414758269, 'recall': 0.9775, 'f1-score': 0.9861286254728877, 'support': 400.0}, 'theft': {'precision': 0.995475113122172, 'recall': 0.9821428571428571, 'f1-score': 0.9887640449438202, 'support': 224.0}, 'accuracy': 0.9920948616600791, 'macro avg': {'precision': 0.9891794130131135, 'recall': 0.9916071428571428, 'f1-score': 0.9902931182105661, 'support': 2024.0}, 'weighted avg': {'precision': 0.9922906864191705, 'recall': 0.9920948616600791, 'f1-score': 0.9921244984685675, 'support': 2024.0}}","[[199   0   0   0   1   0]
 [  1 399   0   0   0   0]
 [  0   0 399   0   1   0]
 [  0   0   0 400   0   0]
 [  5   0   3   0 391   1]
 [  4   0   0   0   0 220]]",0.9698734283447266,0.010523557662963867
306,BoT_IoT,-1,None,StandardScaler,RF,0.9916139745660498,-1,-1,99.76943346508564,99.25297619047619,0.1383399209486166,99.00652215168343,99.11679463316848,-1,"{'0Normal': {'precision': 0.9523809523809523, 'recall': 1.0, 'f1-score': 0.975609756097561, 'support': 200.0}, 'HTTP': {'precision': 1.0, 'recall': 0.9975, 'f1-score': 0.9987484355444306, 'support': 400.0}, 'TCP': {'precision': 0.9925558312655087, 'recall': 1.0, 'f1-score': 0.9962640099626401, 'support': 400.0}, 'UDP': {'precision': 1.0, 'recall': 1.0, 'f1-score': 1.0, 'support': 400.0}, 'scan': {'precision': 1.0, 'recall': 0.98, 'f1-score': 0.98989898989899, 'support': 400.0}, 'theft': {'precision': 0.9954545454545455, 'recall': 0.9776785714285714, 'f1-score': 0.9864864864864865, 'support': 224.0}, 'accuracy': 0.9930830039525692, 'macro avg': {'precision': 0.9900652215168343, 'recall': 0.9925297619047618, 'f1-score': 0.9911679463316848, 'support': 2024.0}, 'weighted avg': {'precision': 0.9933203266621602, 'recall': 0.9930830039525692, 'f1-score': 0.993112400372979, 'support': 2024.0}}","[[200   0   0   0   0   0]
 [  1 399   0   0   0   0]
 [  0   0 400   0   0   0]
 [  0   0   0 400   0   0]
 [  4   0   3   0 392   1]
 [  5   0   0   0   0 219]]",0.5289926528930664,0.009545564651489258
307,BoT_IoT,-1,None,StandardScaler,NuSVC,0.9000833385038459,-1,-1,97.24967061923584,92.01785714285715,1.6501976284584978,90.82848741318742,91.32351287221226,-1,"{'0Normal': {'precision': 0.8209606986899564, 'recall': 0.94, 'f1-score': 0.8764568764568763, 'support': 200.0}, 'HTTP': {'precision': 0.9185750636132316, 'recall': 0.9025, 'f1-score': 0.9104665825977302, 'support': 400.0}, 'TCP': {'precision': 0.9311224489795918, 'recall': 0.9125, 'f1-score': 0.9217171717171717, 'support': 400.0}, 'UDP': {'precision': 0.9801980198019802, 'recall': 0.99, 'f1-score': 0.9850746268656716, 'support': 400.0}, 'scan': {'precision': 0.9137466307277629, 'recall': 0.8475, 'f1-score': 0.879377431906615, 'support': 400.0}, 'theft': {'precision': 0.8851063829787233, 'recall': 0.9285714285714286, 'f1-score': 0.906318082788671, 'support': 224.0}, 'accuracy': 0.9174901185770751, 'macro avg': {'precision': 0.9082848741318742, 'recall': 0.9201785714285715, 'f1-score': 0.9132351287221226, 'support': 2024.0}, 'weighted avg': {'precision': 0.9189292661928122, 'recall': 0.9174901185770751, 'f1-score': 0.9174708256279214, 'support': 2024.0}}","[[188   2   1   8   0   1]
 [ 12 361  17   0   0  10]
 [  0   5 365   0  30   0]
 [  0   0   4 396   0   0]
 [ 17  24   4   0 339  16]
 [ 12   1   1   0   2 208]]",0.6206800937652588,0.20433950424194336
308,BoT_IoT,-1,None,StandardScaler,SGD,0.9165768697196619,-1,-1,97.69433465085639,93.17559523809523,1.383399209486166,91.94665415642011,92.4005542060213,-1,"{'0Normal': {'precision': 0.8785046728971962, 'recall': 0.94, 'f1-score': 0.9082125603864735, 'support': 200.0}, 'HTTP': {'precision': 0.9506172839506173, 'recall': 0.9625, 'f1-score': 0.9565217391304348, 'support': 400.0}, 'TCP': {'precision': 0.9516539440203562, 'recall': 0.935, 'f1-score': 0.9432534678436317, 'support': 400.0}, 'UDP': {'precision': 0.9974683544303797, 'recall': 0.985, 'f1-score': 0.9911949685534591, 'support': 400.0}, 'scan': {'precision': 0.9408450704225352, 'recall': 0.835, 'f1-score': 0.8847682119205298, 'support': 400.0}, 'theft': {'precision': 0.7977099236641222, 'recall': 0.9330357142857143, 'f1-score': 0.8600823045267489, 'support': 224.0}, 'accuracy': 0.9308300395256917, 'macro avg': {'precision': 0.919466541564201, 'recall': 0.9317559523809523, 'f1-score': 0.9240055420602129, 'support': 2024.0}, 'weighted avg': {'precision': 0.9341016890364418, 'recall': 0.9308300395256917, 'f1-score': 0.9311246557660616, 'support': 2024.0}}","[[188   1   1   1   1   8]
 [  4 385   8   0   0   3]
 [  0   8 374   0  18   0]
 [  0   0   6 394   0   0]
 [ 12   8   4   0 334  42]
 [ 10   3   0   0   2 209]]",0.03493189811706543,0.0004994869232177734
309,BoT_IoT,-1,linear,StandardScaler,HHHv2,0.7366534184477928,-1,-1,92.67127799736495,81.8885711118878,4.397233201581028,72.38690476190476,69.38937283339497,-1,"{'0Normal': {'precision': 0.76, 'recall': 0.7378640776699029, 'f1-score': 0.7487684729064039, 'support': 206.0}, 'HTTP': {'precision': 0.91, 'recall': 0.7695560253699789, 'f1-score': 0.8339060710194732, 'support': 473.0}, 'TCP': {'precision': 0.9125, 'recall': 0.9102244389027432, 'f1-score': 0.9113607990012484, 'support': 401.0}, 'UDP': {'precision': 0.985, 'recall': 0.9036697247706422, 'f1-score': 0.9425837320574162, 'support': 436.0}, 'scan': {'precision': 0.74, 'recall': 0.592, 'f1-score': 0.6577777777777778, 'support': 500.0}, 'theft': {'precision': 0.03571428571428571, 'recall': 1.0, 'f1-score': 0.0689655172413793, 'support': 8.0}, 'accuracy': 0.7801383399209486, 'macro avg': {'precision': 0.7238690476190476, 'recall': 0.818885711118878, 'f1-score': 0.6938937283339497, 'support': 2024.0}, 'weighted avg': {'precision': 0.8659329121964991, 'recall': 0.7801383399209486, 'f1-score': 0.8174637735248438, 'support': 2024.0}}","[[152  16   0   0  13  25]
 [  7 364  19   0  81   2]
 [  3  18 365   6   7   2]
 [ 37   0   0 394   3   2]
 [  1   2  16   0 296 185]
 [  0   0   0   0   0   8]]",307.0166153907776,0.03497147560119629
310,BoT_IoT,-1,None,StandardScaler,KNN,0.9621506722772377,-1,-1,98.96245059288538,96.65476190476191,0.6225296442687747,96.56727259995385,96.60655005330682,-1,"{'0Normal': {'precision': 0.945, 'recall': 0.945, 'f1-score': 0.945, 'support': 200.0}, 'HTTP': {'precision': 0.975, 'recall': 0.975, 'f1-score': 0.975, 'support': 400.0}, 'TCP': {'precision': 0.9632352941176471, 'recall': 0.9825, 'f1-score': 0.9727722772277227, 'support': 400.0}, 'UDP': {'precision': 0.9899497487437185, 'recall': 0.985, 'f1-score': 0.9874686716791979, 'support': 400.0}, 'scan': {'precision': 0.969309462915601, 'recall': 0.9475, 'f1-score': 0.9582806573957016, 'support': 400.0}, 'theft': {'precision': 0.9515418502202643, 'recall': 0.9642857142857143, 'f1-score': 0.9578713968957872, 'support': 224.0}, 'accuracy': 0.9688735177865613, 'macro avg': {'precision': 0.9656727259995385, 'recall': 0.9665476190476191, 'f1-score': 0.9660655005330682, 'support': 2024.0}, 'weighted avg': {'precision': 0.9689442572925522, 'recall': 0.9688735177865613, 'f1-score': 0.9688596024830559, 'support': 2024.0}}","[[189   2   1   4   4   0]
 [  2 390   5   0   3   0]
 [  0   4 393   0   3   0]
 [  0   0   6 394   0   0]
 [  5   2   3   0 379  11]
 [  4   2   0   0   2 216]]",0.00044989585876464844,0.014879226684570312
311,BoT_IoT,-1,None,StandardScaler,LDA,0.7495669918011303,-1,-1,93.09947299077734,77.10416666666667,4.140316205533597,78.61251333831927,76.5516008498327,-1,"{'0Normal': {'precision': 0.651685393258427, 'recall': 0.87, 'f1-score': 0.7451820128479658, 'support': 200.0}, 'HTTP': {'precision': 0.7149643705463183, 'recall': 0.7525, 'f1-score': 0.7332521315468941, 'support': 400.0}, 'TCP': {'precision': 0.9170854271356784, 'recall': 0.9125, 'f1-score': 0.9147869674185464, 'support': 400.0}, 'UDP': {'precision': 0.9630541871921182, 'recall': 0.9775, 'f1-score': 0.9702233250620347, 'support': 400.0}, 'scan': {'precision': 0.6786570743405276, 'recall': 0.7075, 'f1-score': 0.6927784577723378, 'support': 400.0}, 'theft': {'precision': 0.7913043478260869, 'recall': 0.40625, 'f1-score': 0.5368731563421829, 'support': 224.0}, 'accuracy': 0.7929841897233202, 'macro avg': {'precision': 0.7861251333831928, 'recall': 0.7710416666666667, 'f1-score': 0.7655160084983269, 'support': 2024.0}, 'weighted avg': {'precision': 0.7989593262107637, 'recall': 0.7929841897233202, 'f1-score': 0.7874072837500826, 'support': 2024.0}}","[[174   9   0  14   2   1]
 [ 77 301  18   0   2   2]
 [  0  31 365   0   4   0]
 [  3   0   6 391   0   0]
 [ 11  78   7   0 283  21]
 [  2   2   2   1 126  91]]",0.0053865909576416016,0.00020384788513183594
312,BoT_IoT,-1,None,StandardScaler,MLP,0.974188149405429,-1,-1,99.29183135704875,97.5565476190476,0.424901185770751,97.26449641637961,97.39687073502027,-1,"{'0Normal': {'precision': 0.9146919431279621, 'recall': 0.965, 'f1-score': 0.9391727493917275, 'support': 200.0}, 'HTTP': {'precision': 0.9848866498740554, 'recall': 0.9775, 'f1-score': 0.9811794228356336, 'support': 400.0}, 'TCP': {'precision': 0.9851485148514851, 'recall': 0.995, 'f1-score': 0.9900497512437811, 'support': 400.0}, 'UDP': {'precision': 1.0, 'recall': 0.99, 'f1-score': 0.9949748743718593, 'support': 400.0}, 'scan': {'precision': 0.9873417721518988, 'recall': 0.975, 'f1-score': 0.9811320754716981, 'support': 400.0}, 'theft': {'precision': 0.9638009049773756, 'recall': 0.9508928571428571, 'f1-score': 0.9573033707865168, 'support': 224.0}, 'accuracy': 0.9787549407114624, 'macro avg': {'precision': 0.9726449641637962, 'recall': 0.9755654761904761, 'f1-score': 0.9739687073502027, 'support': 2024.0}, 'weighted avg': {'precision': 0.9791405958950101, 'recall': 0.9787549407114624, 'f1-score': 0.9788562028180405, 'support': 2024.0}}","[[193   2   0   0   1   4]
 [  5 391   1   0   1   2]
 [  0   1 398   0   1   0]
 [  1   0   3 396   0   0]
 [  5   1   2   0 390   2]
 [  7   2   0   0   2 213]]",2.5510542392730713,0.0008034706115722656
313,BoT_IoT,-1,None,StandardScaler,LGBM,0.9904050991063995,-1,-1,99.7364953886693,99.16071428571428,0.15810276679841898,98.91794130131134,99.02931182105661,-1,"{'0Normal': {'precision': 0.9521531100478469, 'recall': 0.995, 'f1-score': 0.9731051344743276, 'support': 200.0}, 'HTTP': {'precision': 1.0, 'recall': 0.9975, 'f1-score': 0.9987484355444306, 'support': 400.0}, 'TCP': {'precision': 0.9925373134328358, 'recall': 0.9975, 'f1-score': 0.9950124688279303, 'support': 400.0}, 'UDP': {'precision': 1.0, 'recall': 1.0, 'f1-score': 1.0, 'support': 400.0}, 'scan': {'precision': 0.9949109414758269, 'recall': 0.9775, 'f1-score': 0.9861286254728877, 'support': 400.0}, 'theft': {'precision': 0.995475113122172, 'recall': 0.9821428571428571, 'f1-score': 0.9887640449438202, 'support': 224.0}, 'accuracy': 0.9920948616600791, 'macro avg': {'precision': 0.9891794130131135, 'recall': 0.9916071428571428, 'f1-score': 0.9902931182105661, 'support': 2024.0}, 'weighted avg': {'precision': 0.9922906864191705, 'recall': 0.9920948616600791, 'f1-score': 0.9921244984685675, 'support': 2024.0}}","[[199   0   0   0   1   0]
 [  1 399   0   0   0   0]
 [  0   0 399   0   1   0]
 [  0   0   0 400   0   0]
 [  5   0   3   0 391   1]
 [  4   0   0   0   0 220]]",0.9414114952087402,0.00847768783569336
314,BoT_IoT,-1,None,StandardScaler,RF,0.9916139745660498,-1,-1,99.76943346508564,99.25297619047619,0.1383399209486166,99.00652215168343,99.11679463316848,-1,"{'0Normal': {'precision': 0.9523809523809523, 'recall': 1.0, 'f1-score': 0.975609756097561, 'support': 200.0}, 'HTTP': {'precision': 1.0, 'recall': 0.9975, 'f1-score': 0.9987484355444306, 'support': 400.0}, 'TCP': {'precision': 0.9925558312655087, 'recall': 1.0, 'f1-score': 0.9962640099626401, 'support': 400.0}, 'UDP': {'precision': 1.0, 'recall': 1.0, 'f1-score': 1.0, 'support': 400.0}, 'scan': {'precision': 1.0, 'recall': 0.98, 'f1-score': 0.98989898989899, 'support': 400.0}, 'theft': {'precision': 0.9954545454545455, 'recall': 0.9776785714285714, 'f1-score': 0.9864864864864865, 'support': 224.0}, 'accuracy': 0.9930830039525692, 'macro avg': {'precision': 0.9900652215168343, 'recall': 0.9925297619047618, 'f1-score': 0.9911679463316848, 'support': 2024.0}, 'weighted avg': {'precision': 0.9933203266621602, 'recall': 0.9930830039525692, 'f1-score': 0.993112400372979, 'support': 2024.0}}","[[200   0   0   0   0   0]
 [  1 399   0   0   0   0]
 [  0   0 400   0   0   0]
 [  0   0   0 400   0   0]
 [  4   0   3   0 392   1]
 [  5   0   0   0   0 219]]",0.5306656360626221,0.009491205215454102
315,BoT_IoT,-1,None,StandardScaler,NuSVC,0.9000833385038459,-1,-1,97.24967061923584,92.01785714285715,1.6501976284584978,90.82848741318742,91.32351287221226,-1,"{'0Normal': {'precision': 0.8209606986899564, 'recall': 0.94, 'f1-score': 0.8764568764568763, 'support': 200.0}, 'HTTP': {'precision': 0.9185750636132316, 'recall': 0.9025, 'f1-score': 0.9104665825977302, 'support': 400.0}, 'TCP': {'precision': 0.9311224489795918, 'recall': 0.9125, 'f1-score': 0.9217171717171717, 'support': 400.0}, 'UDP': {'precision': 0.9801980198019802, 'recall': 0.99, 'f1-score': 0.9850746268656716, 'support': 400.0}, 'scan': {'precision': 0.9137466307277629, 'recall': 0.8475, 'f1-score': 0.879377431906615, 'support': 400.0}, 'theft': {'precision': 0.8851063829787233, 'recall': 0.9285714285714286, 'f1-score': 0.906318082788671, 'support': 224.0}, 'accuracy': 0.9174901185770751, 'macro avg': {'precision': 0.9082848741318742, 'recall': 0.9201785714285715, 'f1-score': 0.9132351287221226, 'support': 2024.0}, 'weighted avg': {'precision': 0.9189292661928122, 'recall': 0.9174901185770751, 'f1-score': 0.9174708256279214, 'support': 2024.0}}","[[188   2   1   8   0   1]
 [ 12 361  17   0   0  10]
 [  0   5 365   0  30   0]
 [  0   0   4 396   0   0]
 [ 17  24   4   0 339  16]
 [ 12   1   1   0   2 208]]",0.6199941635131836,0.20489120483398438
316,BoT_IoT,-1,None,StandardScaler,SGD,0.9165768697196619,-1,-1,97.69433465085639,93.17559523809523,1.383399209486166,91.94665415642011,92.4005542060213,-1,"{'0Normal': {'precision': 0.8785046728971962, 'recall': 0.94, 'f1-score': 0.9082125603864735, 'support': 200.0}, 'HTTP': {'precision': 0.9506172839506173, 'recall': 0.9625, 'f1-score': 0.9565217391304348, 'support': 400.0}, 'TCP': {'precision': 0.9516539440203562, 'recall': 0.935, 'f1-score': 0.9432534678436317, 'support': 400.0}, 'UDP': {'precision': 0.9974683544303797, 'recall': 0.985, 'f1-score': 0.9911949685534591, 'support': 400.0}, 'scan': {'precision': 0.9408450704225352, 'recall': 0.835, 'f1-score': 0.8847682119205298, 'support': 400.0}, 'theft': {'precision': 0.7977099236641222, 'recall': 0.9330357142857143, 'f1-score': 0.8600823045267489, 'support': 224.0}, 'accuracy': 0.9308300395256917, 'macro avg': {'precision': 0.919466541564201, 'recall': 0.9317559523809523, 'f1-score': 0.9240055420602129, 'support': 2024.0}, 'weighted avg': {'precision': 0.9341016890364418, 'recall': 0.9308300395256917, 'f1-score': 0.9311246557660616, 'support': 2024.0}}","[[188   1   1   1   1   8]
 [  4 385   8   0   0   3]
 [  0   8 374   0  18   0]
 [  0   0   6 394   0   0]
 [ 12   8   4   0 334  42]
 [ 10   3   0   0   2 209]]",0.036748647689819336,0.00042724609375
317,BoT_IoT,-1,sigmoid,StandardScaler,HHHv2,0.13046257142808557,-1,-1,75.59288537549406,24.76260968002249,14.644268774703557,25.36607142857143,19.415287159609658,-1,"{'0Normal': {'precision': 0.11, 'recall': 0.13580246913580246, 'f1-score': 0.12154696132596686, 'support': 162.0}, 'HTTP': {'precision': 0.095, 'recall': 0.2676056338028169, 'f1-score': 0.14022140221402216, 'support': 142.0}, 'TCP': {'precision': 0.025, 'recall': 0.16393442622950818, 'f1-score': 0.04338394793926248, 'support': 61.0}, 'UDP': {'precision': 0.9475, 'recall': 0.27603787327021123, 'f1-score': 0.42752397067117887, 'support': 1373.0}, 'scan': {'precision': 0.09, 'recall': 0.2926829268292683, 'f1-score': 0.13766730401529637, 'support': 123.0}, 'theft': {'precision': 0.2544642857142857, 'recall': 0.3496932515337423, 'f1-score': 0.2945736434108527, 'support': 163.0}, 'accuracy': 0.26778656126482214, 'macro avg': {'precision': 0.2536607142857143, 'recall': 0.24762609680022488, 'f1-score': 0.1941528715960966, 'support': 2024.0}, 'weighted avg': {'precision': 0.6849309182665161, 'recall': 0.26778656126482214, 'f1-score': 0.3429779948986521, 'support': 2024.0}}","[[ 22  34  36   8  60   2]
 [  4  38   9   2   5  84]
 [  8  14  10   2  13  14]
 [153 211 311 379 259  60]
 [  7  44  20   9  36   7]
 [  6  59  14   0  27  57]]",307.4605333805084,0.12059450149536133
318,BoT_IoT,3,None,MinMaxScaler,KNN,0.8875201009005383,-1,-1,96.82147562582345,91.41964285714285,1.907114624505929,90.80938937461357,90.3547166288867,-1,"{'0Normal': {'precision': 0.9408866995073891, 'recall': 0.955, 'f1-score': 0.9478908188585607, 'support': 200.0}, 'HTTP': {'precision': 0.8362068965517241, 'recall': 0.97, 'f1-score': 0.8981481481481481, 'support': 400.0}, 'TCP': {'precision': 0.9002320185614849, 'recall': 0.97, 'f1-score': 0.9338146811070999, 'support': 400.0}, 'UDP': {'precision': 0.9923664122137404, 'recall': 0.975, 'f1-score': 0.9836065573770492, 'support': 400.0}, 'scan': {'precision': 0.9586466165413534, 'recall': 0.6375, 'f1-score': 0.7657657657657658, 'support': 400.0}, 'theft': {'precision': 0.8202247191011236, 'recall': 0.9776785714285714, 'f1-score': 0.8920570264765785, 'support': 224.0}, 'accuracy': 0.9046442687747036, 'macro avg': {'precision': 0.9080938937461358, 'recall': 0.9141964285714285, 'f1-score': 0.9035471662888671, 'support': 2024.0}, 'weighted avg': {'precision': 0.9124942957151437, 'recall': 0.9046442687747036, 'f1-score': 0.9001645250304797, 'support': 2024.0}}","[[191   2   0   3   2   2]
 [  6 388   5   0   1   0]
 [  0   6 388   0   6   0]
 [  4   0   6 390   0   0]
 [  0  67  32   0 255  46]
 [  2   1   0   0   2 219]]",0.0017316341400146484,0.08666276931762695
319,BoT_IoT,3,None,MinMaxScaler,LDA,0.8842419932000508,-1,-1,96.68972332015811,85.48511904761905,1.9861660079051384,91.74368069966675,85.75188855142707,-1,"{'0Normal': {'precision': 0.967032967032967, 'recall': 0.88, 'f1-score': 0.9214659685863875, 'support': 200.0}, 'HTTP': {'precision': 0.9850374064837906, 'recall': 0.9875, 'f1-score': 0.9862671660424469, 'support': 400.0}, 'TCP': {'precision': 0.9802955665024631, 'recall': 0.995, 'f1-score': 0.9875930521091811, 'support': 400.0}, 'UDP': {'precision': 0.9705882352941176, 'recall': 0.99, 'f1-score': 0.9801980198019802, 'support': 400.0}, 'scan': {'precision': 0.7083333333333334, 'recall': 0.9775, 'f1-score': 0.8214285714285715, 'support': 400.0}, 'theft': {'precision': 0.8933333333333333, 'recall': 0.29910714285714285, 'f1-score': 0.44816053511705684, 'support': 224.0}, 'accuracy': 0.900691699604743, 'macro avg': {'precision': 0.9174368069966675, 'recall': 0.8548511904761905, 'f1-score': 0.8575188855142707, 'support': 2024.0}, 'weighted avg': {'precision': 0.9146319549005641, 'recall': 0.900691699604743, 'f1-score': 0.8867963820831868, 'support': 2024.0}}","[[176   3   3   6   6   6]
 [  1 395   1   0   3   0]
 [  0   1 398   0   1   0]
 [  2   0   1 396   1   0]
 [  3   0   2   2 391   2]
 [  0   2   1   4 150  67]]",0.6047492027282715,0.0027697086334228516
320,BoT_IoT,3,None,MinMaxScaler,MLP,0.9741710526396993,-1,-1,99.29183135704875,97.64583333333333,0.424901185770751,97.53482048920344,97.58570559265533,-1,"{'0Normal': {'precision': 0.9411764705882353, 'recall': 0.96, 'f1-score': 0.9504950495049505, 'support': 200.0}, 'HTTP': {'precision': 0.9824561403508771, 'recall': 0.98, 'f1-score': 0.981226533166458, 'support': 400.0}, 'TCP': {'precision': 0.9730392156862745, 'recall': 0.9925, 'f1-score': 0.9826732673267328, 'support': 400.0}, 'UDP': {'precision': 1.0, 'recall': 0.985, 'f1-score': 0.9924433249370278, 'support': 400.0}, 'scan': {'precision': 0.9823232323232324, 'recall': 0.9725, 'f1-score': 0.9773869346733668, 'support': 400.0}, 'theft': {'precision': 0.9730941704035875, 'recall': 0.96875, 'f1-score': 0.9709172259507831, 'support': 224.0}, 'accuracy': 0.9787549407114624, 'macro avg': {'precision': 0.9753482048920344, 'recall': 0.9764583333333333, 'f1-score': 0.9758570559265533, 'support': 2024.0}, 'weighted avg': {'precision': 0.9789208614783617, 'recall': 0.9787549407114624, 'f1-score': 0.978792733475988, 'support': 2024.0}}","[[192   5   0   0   2   1]
 [  5 392   0   0   1   2]
 [  0   1 397   0   2   0]
 [  0   0   6 394   0   0]
 [  2   1   5   0 389   3]
 [  5   0   0   0   2 217]]",5.501122713088989,0.005404949188232422
321,BoT_IoT,3,None,MinMaxScaler,LGBM,0.9951925587671087,-1,-1,99.86824769433466,99.51785714285714,0.07905138339920949,99.5436315886185,99.5299724295235,-1,"{'0Normal': {'precision': 0.9850746268656716, 'recall': 0.99, 'f1-score': 0.9875311720698254, 'support': 200.0}, 'HTTP': {'precision': 0.9975, 'recall': 0.9975, 'f1-score': 0.9975, 'support': 400.0}, 'TCP': {'precision': 0.9925558312655087, 'recall': 1.0, 'f1-score': 0.9962640099626401, 'support': 400.0}, 'UDP': {'precision': 1.0, 'recall': 1.0, 'f1-score': 1.0, 'support': 400.0}, 'scan': {'precision': 0.9974874371859297, 'recall': 0.9925, 'f1-score': 0.9949874686716792, 'support': 400.0}, 'theft': {'precision': 1.0, 'recall': 0.9910714285714286, 'f1-score': 0.9955156950672646, 'support': 224.0}, 'accuracy': 0.9960474308300395, 'macro avg': {'precision': 0.995436315886185, 'recall': 0.9951785714285714, 'f1-score': 0.9952997242952349, 'support': 2024.0}, 'weighted avg': {'precision': 0.9960633561036115, 'recall': 0.9960474308300395, 'f1-score': 0.9960485877286365, 'support': 2024.0}}","[[198   1   0   0   1   0]
 [  1 399   0   0   0   0]
 [  0   0 400   0   0   0]
 [  0   0   0 400   0   0]
 [  0   0   3   0 397   0]
 [  2   0   0   0   0 222]]",9.483733177185059,0.010754585266113281
322,BoT_IoT,3,None,MinMaxScaler,RF,0.983191628149397,-1,-1,99.53886693017128,98.57738095238095,0.2766798418972332,98.3960006798838,98.48170437212787,-1,"{'0Normal': {'precision': 0.9656862745098039, 'recall': 0.985, 'f1-score': 0.9752475247524752, 'support': 200.0}, 'HTTP': {'precision': 0.9899497487437185, 'recall': 0.985, 'f1-score': 0.9874686716791979, 'support': 400.0}, 'TCP': {'precision': 0.9779411764705882, 'recall': 0.9975, 'f1-score': 0.9876237623762375, 'support': 400.0}, 'UDP': {'precision': 1.0, 'recall': 0.985, 'f1-score': 0.9924433249370278, 'support': 400.0}, 'scan': {'precision': 0.9924050632911392, 'recall': 0.98, 'f1-score': 0.9861635220125786, 'support': 400.0}, 'theft': {'precision': 0.9777777777777777, 'recall': 0.9821428571428571, 'f1-score': 0.9799554565701558, 'support': 224.0}, 'accuracy': 0.9861660079051383, 'macro avg': {'precision': 0.983960006798838, 'recall': 0.9857738095238094, 'f1-score': 0.9848170437212787, 'support': 2024.0}, 'weighted avg': {'precision': 0.9863032967027476, 'recall': 0.9861660079051383, 'f1-score': 0.9861853950712582, 'support': 2024.0}}","[[197   1   0   0   2   0]
 [  5 394   0   0   0   1]
 [  0   0 399   0   1   0]
 [  0   0   6 394   0   0]
 [  0   1   3   0 392   4]
 [  2   2   0   0   0 220]]",1.2008323669433594,0.014218568801879883
323,BoT_IoT,3,None,MinMaxScaler,NuSVC,0.759019514403779,-1,-1,93.21475625823452,75.61011904761905,4.071146245059289,84.91440469080838,76.35168164361933,-1,"{'0Normal': {'precision': 0.8620689655172413, 'recall': 0.75, 'f1-score': 0.8021390374331552, 'support': 200.0}, 'HTTP': {'precision': 0.608, 'recall': 0.95, 'f1-score': 0.7414634146341464, 'support': 400.0}, 'TCP': {'precision': 0.8967136150234741, 'recall': 0.955, 'f1-score': 0.9249394673123487, 'support': 400.0}, 'UDP': {'precision': 0.9945652173913043, 'recall': 0.915, 'f1-score': 0.953125, 'support': 400.0}, 'scan': {'precision': 0.7335164835164835, 'recall': 0.6675, 'f1-score': 0.6989528795811517, 'support': 400.0}, 'theft': {'precision': 1.0, 'recall': 0.29910714285714285, 'f1-score': 0.4604810996563574, 'support': 224.0}, 'accuracy': 0.7964426877470355, 'macro avg': {'precision': 0.8491440469080839, 'recall': 0.7561011904761905, 'f1-score': 0.7635168164361933, 'support': 2024.0}, 'weighted avg': {'precision': 0.8347489720730994, 'recall': 0.7964426877470355, 'f1-score': 0.7860513233303922, 'support': 2024.0}}","[[150  48   0   1   1   0]
 [  6 380  13   1   0   0]
 [  0  12 382   0   6   0]
 [  1  16  16 366   1   0]
 [ 10 108  15   0 267   0]
 [  7  61   0   0  89  67]]",0.5718576908111572,0.722691535949707
324,BoT_IoT,3,None,MinMaxScaler,SGD,0.8473613983910324,-1,-1,95.73451910408433,84.0,2.559288537549407,89.39203183165593,83.85418885579696,-1,"{'0Normal': {'precision': 0.9289099526066351, 'recall': 0.98, 'f1-score': 0.9537712895377128, 'support': 200.0}, 'HTTP': {'precision': 0.8730512249443207, 'recall': 0.98, 'f1-score': 0.9234393404004712, 'support': 400.0}, 'TCP': {'precision': 0.9462102689486552, 'recall': 0.9675, 'f1-score': 0.9567367119901112, 'support': 400.0}, 'UDP': {'precision': 1.0, 'recall': 0.985, 'f1-score': 0.9924433249370278, 'support': 400.0}, 'scan': {'precision': 0.6694045174537988, 'recall': 0.815, 'f1-score': 0.7350620067643743, 'support': 400.0}, 'theft': {'precision': 0.9459459459459459, 'recall': 0.3125, 'f1-score': 0.4697986577181208, 'support': 224.0}, 'accuracy': 0.8720355731225297, 'macro avg': {'precision': 0.8939203183165593, 'recall': 0.84, 'f1-score': 0.8385418885579696, 'support': 2024.0}, 'weighted avg': {'precision': 0.8859388769525339, 'recall': 0.8720355731225297, 'f1-score': 0.8592202128820137, 'support': 2024.0}}","[[196   2   0   0   1   1]
 [  4 392   1   0   2   1]
 [  0   4 387   0   9   0]
 [  0   0   6 394   0   0]
 [  7  50  15   0 326   2]
 [  4   1   0   0 149  70]]",0.33039307594299316,0.0029218196868896484
325,BoT_IoT,3,None,MinMaxScaler,HHHv2,0.8893514447471718,-1,-1,96.83794466403161,92.09269699908556,1.8972332015810278,86.38392857142857,86.38039339932168,-1,"{'0Normal': {'precision': 0.935, 'recall': 0.9396984924623115, 'f1-score': 0.93734335839599, 'support': 199.0}, 'HTTP': {'precision': 0.9875, 'recall': 0.9875, 'f1-score': 0.9875, 'support': 400.0}, 'TCP': {'precision': 0.995, 'recall': 0.9754901960784313, 'f1-score': 0.9851485148514851, 'support': 408.0}, 'UDP': {'precision': 0.99, 'recall': 0.9875311720698254, 'f1-score': 0.9887640449438203, 'support': 401.0}, 'scan': {'precision': 0.9675, 'recall': 0.7153419593345656, 'f1-score': 0.822529224229543, 'support': 541.0}, 'theft': {'precision': 0.3080357142857143, 'recall': 0.92, 'f1-score': 0.46153846153846156, 'support': 75.0}, 'accuracy': 0.9051383399209486, 'macro avg': {'precision': 0.8638392857142857, 'recall': 0.9209269699908557, 'f1-score': 0.8638039339932168, 'support': 2024.0}, 'weighted avg': {'precision': 0.953821728543196, 'recall': 0.9051383399209486, 'f1-score': 0.918759881090043, 'support': 2024.0}}","[[187   5   0   0   5   2]
 [  1 395   1   0   1   2]
 [  4   0 398   0   6   0]
 [  4   0   0 396   0   1]
 [  3   0   1   0 387 150]
 [  1   0   0   4   1  69]]",7.120041847229004,0.10181403160095215
326,BoT_IoT,3,None,MinMaxScaler,KNN,0.8992046041302724,-1,-1,97.167325428195,92.34523809523809,1.699604743083004,91.64293240882442,91.44843594001956,-1,"{'0Normal': {'precision': 0.9554455445544554, 'recall': 0.965, 'f1-score': 0.9601990049751244, 'support': 200.0}, 'HTTP': {'precision': 0.8464912280701754, 'recall': 0.965, 'f1-score': 0.9018691588785046, 'support': 400.0}, 'TCP': {'precision': 0.9328537170263789, 'recall': 0.9725, 'f1-score': 0.9522643818849449, 'support': 400.0}, 'UDP': {'precision': 0.9899244332493703, 'recall': 0.9825, 'f1-score': 0.986198243412798, 'support': 400.0}, 'scan': {'precision': 0.9512195121951219, 'recall': 0.6825, 'f1-score': 0.7947598253275109, 'support': 400.0}, 'theft': {'precision': 0.8226415094339623, 'recall': 0.9732142857142857, 'f1-score': 0.8916155419222904, 'support': 224.0}, 'accuracy': 0.9150197628458498, 'macro avg': {'precision': 0.9164293240882442, 'recall': 0.9234523809523809, 'f1-score': 0.9144843594001957, 'support': 2024.0}, 'weighted avg': {'precision': 0.9207294284785165, 'recall': 0.9150197628458498, 'f1-score': 0.911955694756483, 'support': 2024.0}}","[[193   0   0   2   3   2]
 [  6 386   5   2   1   0]
 [  0   4 389   0   7   0]
 [  1   0   6 393   0   0]
 [  0  65  17   0 273  45]
 [  2   1   0   0   3 218]]",0.001781463623046875,0.0903177261352539
327,BoT_IoT,3,None,MinMaxScaler,LDA,0.8892956996425875,-1,-1,96.82147562582345,86.07440476190476,1.907114624505929,92.97867437449142,86.50573564835287,-1,"{'0Normal': {'precision': 0.9781420765027322, 'recall': 0.895, 'f1-score': 0.9347258485639686, 'support': 200.0}, 'HTTP': {'precision': 0.992462311557789, 'recall': 0.9875, 'f1-score': 0.9899749373433584, 'support': 400.0}, 'TCP': {'precision': 0.9876237623762376, 'recall': 0.9975, 'f1-score': 0.9925373134328358, 'support': 400.0}, 'UDP': {'precision': 0.9705882352941176, 'recall': 0.99, 'f1-score': 0.9801980198019802, 'support': 400.0}, 'scan': {'precision': 0.7032374100719424, 'recall': 0.9775, 'f1-score': 0.8179916317991632, 'support': 400.0}, 'theft': {'precision': 0.9466666666666667, 'recall': 0.3169642857142857, 'f1-score': 0.4749163879598662, 'support': 224.0}, 'accuracy': 0.9046442687747036, 'macro avg': {'precision': 0.9297867437449142, 'recall': 0.8607440476190477, 'f1-score': 0.8650573564835287, 'support': 2024.0}, 'weighted avg': {'precision': 0.9235407294238707, 'recall': 0.9046442687747036, 'f1-score': 0.8920984197464124, 'support': 2024.0}}","[[179   2   1   7  10   1]
 [  1 395   0   0   4   0]
 [  0   0 399   0   1   0]
 [  1   0   2 396   1   0]
 [  2   0   2   2 391   3]
 [  0   1   0   3 149  71]]",0.5944774150848389,0.002761363983154297
328,BoT_IoT,3,None,MinMaxScaler,MLP,0.9669928047425805,-1,-1,99.09420289855072,96.79464285714286,0.5434782608695652,97.11748740687257,96.9276811024057,-1,"{'0Normal': {'precision': 0.9414634146341463, 'recall': 0.965, 'f1-score': 0.9530864197530864, 'support': 200.0}, 'HTTP': {'precision': 0.9873737373737373, 'recall': 0.9775, 'f1-score': 0.9824120603015074, 'support': 400.0}, 'TCP': {'precision': 0.9729064039408867, 'recall': 0.9875, 'f1-score': 0.9801488833746899, 'support': 400.0}, 'UDP': {'precision': 1.0, 'recall': 0.985, 'f1-score': 0.9924433249370278, 'support': 400.0}, 'scan': {'precision': 0.9444444444444444, 'recall': 0.9775, 'f1-score': 0.9606879606879607, 'support': 400.0}, 'theft': {'precision': 0.9808612440191388, 'recall': 0.9151785714285714, 'f1-score': 0.9468822170900693, 'support': 224.0}, 'accuracy': 0.9728260869565217, 'macro avg': {'precision': 0.9711748740687257, 'recall': 0.9679464285714285, 'f1-score': 0.9692768110240569, 'support': 2024.0}, 'weighted avg': {'precision': 0.9732684959934503, 'recall': 0.9728260869565217, 'f1-score': 0.9728240080529976, 'support': 2024.0}}","[[193   4   0   0   2   1]
 [  4 391   0   0   3   2]
 [  0   1 395   0   4   0]
 [  0   0   6 394   0   0]
 [  3   0   5   0 391   1]
 [  5   0   0   0  14 205]]",5.774345397949219,0.005327939987182617
329,BoT_IoT,3,None,MinMaxScaler,LGBM,0.9921924815770071,-1,-1,99.78590250329381,99.30952380952381,0.12845849802371542,99.16684212732584,99.23646234533527,-1,"{'0Normal': {'precision': 0.9801980198019802, 'recall': 0.99, 'f1-score': 0.9850746268656716, 'support': 200.0}, 'HTTP': {'precision': 0.9974874371859297, 'recall': 0.9925, 'f1-score': 0.9949874686716792, 'support': 400.0}, 'TCP': {'precision': 0.9925558312655087, 'recall': 1.0, 'f1-score': 0.9962640099626401, 'support': 400.0}, 'UDP': {'precision': 1.0, 'recall': 1.0, 'f1-score': 1.0, 'support': 400.0}, 'scan': {'precision': 0.9974683544303797, 'recall': 0.985, 'f1-score': 0.9911949685534591, 'support': 400.0}, 'theft': {'precision': 0.9823008849557522, 'recall': 0.9910714285714286, 'f1-score': 0.9866666666666667, 'support': 224.0}, 'accuracy': 0.9935770750988142, 'macro avg': {'precision': 0.9916684212732584, 'recall': 0.9930952380952381, 'f1-score': 0.9923646234533527, 'support': 2024.0}, 'weighted avg': {'precision': 0.9936164285292549, 'recall': 0.9935770750988142, 'f1-score': 0.9935804533505825, 'support': 2024.0}}","[[198   1   0   0   1   0]
 [  1 397   0   0   0   2]
 [  0   0 400   0   0   0]
 [  0   0   0 400   0   0]
 [  1   0   3   0 394   2]
 [  2   0   0   0   0 222]]",10.526589393615723,0.02823781967163086
330,BoT_IoT,3,None,MinMaxScaler,RF,0.9837922224168207,-1,-1,99.55533596837944,98.61904761904762,0.26679841897233203,98.39941558731876,98.50384518256958,-1,"{'0Normal': {'precision': 0.9609756097560975, 'recall': 0.985, 'f1-score': 0.9728395061728395, 'support': 200.0}, 'HTTP': {'precision': 0.9924433249370277, 'recall': 0.985, 'f1-score': 0.9887076537013803, 'support': 400.0}, 'TCP': {'precision': 0.9803439803439803, 'recall': 0.9975, 'f1-score': 0.9888475836431228, 'support': 400.0}, 'UDP': {'precision': 1.0, 'recall': 0.985, 'f1-score': 0.9924433249370278, 'support': 400.0}, 'scan': {'precision': 0.9924242424242424, 'recall': 0.9825, 'f1-score': 0.9874371859296482, 'support': 400.0}, 'theft': {'precision': 0.9777777777777777, 'recall': 0.9821428571428571, 'f1-score': 0.9799554565701558, 'support': 224.0}, 'accuracy': 0.9866600790513834, 'macro avg': {'precision': 0.9839941558731876, 'recall': 0.9861904761904762, 'f1-score': 0.9850384518256957, 'support': 2024.0}, 'weighted avg': {'precision': 0.9868092703831728, 'recall': 0.9866600790513834, 'f1-score': 0.9866858808254715, 'support': 2024.0}}","[[197   1   0   0   2   0]
 [  5 394   0   0   0   1]
 [  0   0 399   0   1   0]
 [  0   0   6 394   0   0]
 [  1   0   2   0 393   4]
 [  2   2   0   0   0 220]]",1.1030082702636719,0.015501976013183594
331,BoT_IoT,3,None,MinMaxScaler,NuSVC,0.802183309879216,-1,-1,94.433465085639,79.26785714285715,3.339920948616601,86.32993745042764,79.31976163631322,-1,"{'0Normal': {'precision': 0.7149122807017544, 'recall': 0.815, 'f1-score': 0.7616822429906542, 'support': 200.0}, 'HTTP': {'precision': 0.9037974683544304, 'recall': 0.8925, 'f1-score': 0.8981132075471697, 'support': 400.0}, 'TCP': {'precision': 0.9585492227979274, 'recall': 0.925, 'f1-score': 0.9414758269720102, 'support': 400.0}, 'UDP': {'precision': 0.9946524064171123, 'recall': 0.93, 'f1-score': 0.9612403100775193, 'support': 400.0}, 'scan': {'precision': 0.6223776223776224, 'recall': 0.89, 'f1-score': 0.7325102880658436, 'support': 400.0}, 'theft': {'precision': 0.9855072463768116, 'recall': 0.30357142857142855, 'f1-score': 0.46416382252559724, 'support': 224.0}, 'accuracy': 0.8330039525691699, 'macro avg': {'precision': 0.8632993745042764, 'recall': 0.7926785714285716, 'f1-score': 0.7931976163631322, 'support': 2024.0}, 'weighted avg': {'precision': 0.8673353593416964, 'recall': 0.8330039525691699, 'f1-score': 0.8249234179391709, 'support': 2024.0}}","[[163   0   0   1  36   0]
 [ 36 357   4   1   2   0]
 [  0   1 370   0  29   0]
 [ 14   6   8 372   0   0]
 [  8  31   4   0 356   1]
 [  7   0   0   0 149  68]]",0.5826363563537598,0.7753775119781494
332,BoT_IoT,3,None,MinMaxScaler,SGD,0.8386102250702788,-1,-1,95.4874835309618,82.5,2.707509881422925,89.0343821432439,82.99203600428893,-1,"{'0Normal': {'precision': 0.9510869565217391, 'recall': 0.875, 'f1-score': 0.9114583333333333, 'support': 200.0}, 'HTTP': {'precision': 0.9652605459057072, 'recall': 0.9725, 'f1-score': 0.9688667496886675, 'support': 400.0}, 'TCP': {'precision': 0.8602620087336245, 'recall': 0.985, 'f1-score': 0.9184149184149185, 'support': 400.0}, 'UDP': {'precision': 1.0, 'recall': 0.985, 'f1-score': 0.9924433249370278, 'support': 400.0}, 'scan': {'precision': 0.6444007858546169, 'recall': 0.82, 'f1-score': 0.7216721672167217, 'support': 400.0}, 'theft': {'precision': 0.9210526315789473, 'recall': 0.3125, 'f1-score': 0.4666666666666666, 'support': 224.0}, 'accuracy': 0.8646245059288538, 'macro avg': {'precision': 0.8903438214324391, 'recall': 0.8250000000000001, 'f1-score': 0.8299203600428893, 'support': 2024.0}, 'weighted avg': {'precision': 0.8816712040393336, 'recall': 0.8646245059288538, 'f1-score': 0.8534505257425564, 'support': 2024.0}}","[[175   2   0   0  23   0]
 [  2 389   5   0   3   1]
 [  0   1 394   0   5   0]
 [  0   0   6 394   0   0]
 [  4  10  53   0 328   5]
 [  3   1   0   0 150  70]]",0.3265042304992676,0.002833127975463867
333,BoT_IoT,3,rbf,MinMaxScaler,HHHv2,0.890237064256457,-1,-1,96.83794466403161,93.22246276918409,1.8972332015810278,86.47619047619047,86.46487117238021,-1,"{'0Normal': {'precision': 0.95, 'recall': 0.9359605911330049, 'f1-score': 0.9429280397022333, 'support': 203.0}, 'HTTP': {'precision': 0.98, 'recall': 0.9924050632911392, 'f1-score': 0.9861635220125786, 'support': 395.0}, 'TCP': {'precision': 0.985, 'recall': 0.985, 'f1-score': 0.985, 'support': 400.0}, 'UDP': {'precision': 0.9925, 'recall': 0.9925, 'f1-score': 0.9925, 'support': 400.0}, 'scan': {'precision': 0.9775, 'recall': 0.7019748653500898, 'f1-score': 0.8171368861024034, 'support': 557.0}, 'theft': {'precision': 0.30357142857142855, 'recall': 0.9855072463768116, 'f1-score': 0.46416382252559724, 'support': 69.0}, 'accuracy': 0.9051383399209486, 'macro avg': {'precision': 0.8647619047619047, 'recall': 0.9322246276918409, 'f1-score': 0.8646487117238021, 'support': 2024.0}, 'weighted avg': {'precision': 0.9567015457368717, 'recall': 0.9051383399209486, 'f1-score': 0.9185383066046576, 'support': 2024.0}}","[[190   5   0   0   2   6]
 [  2 392   1   0   0   0]
 [  0   0 394   0   6   0]
 [  2   0   0 397   1   0]
 [  5   3   5   3 391 150]
 [  1   0   0   0   0  68]]",7.236632823944092,0.08677840232849121
334,BoT_IoT,3,None,MinMaxScaler,KNN,0.8965969513057954,-1,-1,97.10144927536231,92.13690476190476,1.7391304347826086,91.44044653985613,91.2962850955124,-1,"{'0Normal': {'precision': 0.96, 'recall': 0.96, 'f1-score': 0.96, 'support': 200.0}, 'HTTP': {'precision': 0.8431372549019608, 'recall': 0.9675, 'f1-score': 0.90104772991851, 'support': 400.0}, 'TCP': {'precision': 0.9387254901960784, 'recall': 0.9575, 'f1-score': 0.948019801980198, 'support': 400.0}, 'UDP': {'precision': 0.9899497487437185, 'recall': 0.985, 'f1-score': 0.9874686716791979, 'support': 400.0}, 'scan': {'precision': 0.9319727891156463, 'recall': 0.685, 'f1-score': 0.7896253602305477, 'support': 400.0}, 'theft': {'precision': 0.8226415094339623, 'recall': 0.9732142857142857, 'f1-score': 0.8916155419222904, 'support': 224.0}, 'accuracy': 0.9130434782608695, 'macro avg': {'precision': 0.9144044653985612, 'recall': 0.9213690476190476, 'f1-score': 0.9129628509551241, 'support': 2024.0}, 'weighted avg': {'precision': 0.9178783652649057, 'recall': 0.9130434782608695, 'f1-score': 0.9101711990681693, 'support': 2024.0}}","[[192   0   0   2   4   2]
 [  6 387   4   2   1   0]
 [  0   5 383   0  12   0]
 [  0   0   6 394   0   0]
 [  0  66  15   0 274  45]
 [  2   1   0   0   3 218]]",0.0017731189727783203,0.085479736328125
335,BoT_IoT,3,None,MinMaxScaler,LDA,0.8897882691014615,-1,-1,96.83794466403161,86.07440476190476,1.8972332015810278,92.8506987923918,86.51697016231826,-1,"{'0Normal': {'precision': 0.9834254143646409, 'recall': 0.89, 'f1-score': 0.9343832020997376, 'support': 200.0}, 'HTTP': {'precision': 0.9875, 'recall': 0.9875, 'f1-score': 0.9875, 'support': 400.0}, 'TCP': {'precision': 0.9875930521091811, 'recall': 0.995, 'f1-score': 0.991282689912827, 'support': 400.0}, 'UDP': {'precision': 0.9707317073170731, 'recall': 0.995, 'f1-score': 0.982716049382716, 'support': 400.0}, 'scan': {'precision': 0.7075812274368231, 'recall': 0.98, 'f1-score': 0.8218029350104823, 'support': 400.0}, 'theft': {'precision': 0.9342105263157895, 'recall': 0.3169642857142857, 'f1-score': 0.47333333333333333, 'support': 224.0}, 'accuracy': 0.9051383399209486, 'macro avg': {'precision': 0.928506987923918, 'recall': 0.8607440476190477, 'f1-score': 0.8651697016231826, 'support': 2024.0}, 'weighted avg': {'precision': 0.9225843060834467, 'recall': 0.9051383399209486, 'f1-score': 0.8924031505973441, 'support': 2024.0}}","[[178   4   3   7   6   2]
 [  1 395   0   0   4   0]
 [  0   0 398   0   2   0]
 [  0   0   0 398   2   0]
 [  2   0   2   1 392   3]
 [  0   1   0   4 148  71]]",0.5928947925567627,0.0028448104858398438
336,BoT_IoT,3,None,MinMaxScaler,MLP,0.9765766863932008,-1,-1,99.35770750988142,97.85416666666666,0.38537549407114624,97.77443312400668,97.80910395327238,-1,"{'0Normal': {'precision': 0.946078431372549, 'recall': 0.965, 'f1-score': 0.9554455445544553, 'support': 200.0}, 'HTTP': {'precision': 0.9874371859296482, 'recall': 0.9825, 'f1-score': 0.9849624060150376, 'support': 400.0}, 'TCP': {'precision': 0.9731051344743277, 'recall': 0.995, 'f1-score': 0.9839307787391842, 'support': 400.0}, 'UDP': {'precision': 1.0, 'recall': 0.985, 'f1-score': 0.9924433249370278, 'support': 400.0}, 'scan': {'precision': 0.982367758186398, 'recall': 0.975, 'f1-score': 0.9786700125470514, 'support': 400.0}, 'theft': {'precision': 0.9774774774774775, 'recall': 0.96875, 'f1-score': 0.9730941704035874, 'support': 224.0}, 'accuracy': 0.9807312252964426, 'macro avg': {'precision': 0.9777443312400668, 'recall': 0.9785416666666666, 'f1-score': 0.9780910395327238, 'support': 2024.0}, 'weighted avg': {'precision': 0.9808965774039596, 'recall': 0.9807312252964426, 'f1-score': 0.9807632470240193, 'support': 2024.0}}","[[193   4   0   0   2   1]
 [  4 393   0   0   1   2]
 [  0   1 398   0   1   0]
 [  0   0   6 394   0   0]
 [  3   0   5   0 390   2]
 [  4   0   0   0   3 217]]",5.83193039894104,0.00555109977722168
337,BoT_IoT,3,None,MinMaxScaler,LGBM,0.9927894348656638,-1,-1,99.80237154150198,99.30952380952381,0.11857707509881424,99.26960428789991,99.28881380292572,-1,"{'0Normal': {'precision': 0.9800995024875622, 'recall': 0.985, 'f1-score': 0.9825436408977556, 'support': 200.0}, 'HTTP': {'precision': 0.9975, 'recall': 0.9975, 'f1-score': 0.9975, 'support': 400.0}, 'TCP': {'precision': 0.9925558312655087, 'recall': 1.0, 'f1-score': 0.9962640099626401, 'support': 400.0}, 'UDP': {'precision': 1.0, 'recall': 1.0, 'f1-score': 1.0, 'support': 400.0}, 'scan': {'precision': 0.9949494949494949, 'recall': 0.985, 'f1-score': 0.9899497487437187, 'support': 400.0}, 'theft': {'precision': 0.9910714285714286, 'recall': 0.9910714285714286, 'f1-score': 0.9910714285714286, 'support': 224.0}, 'accuracy': 0.9940711462450593, 'macro avg': {'precision': 0.9926960428789992, 'recall': 0.9930952380952381, 'f1-score': 0.9928881380292571, 'support': 2024.0}, 'weighted avg': {'precision': 0.9940820311183368, 'recall': 0.9940711462450593, 'f1-score': 0.9940682962757384, 'support': 2024.0}}","[[197   1   0   0   2   0]
 [  1 399   0   0   0   0]
 [  0   0 400   0   0   0]
 [  0   0   0 400   0   0]
 [  1   0   3   0 394   2]
 [  2   0   0   0   0 222]]",10.428467273712158,0.015553474426269531
338,BoT_IoT,3,None,MinMaxScaler,RF,0.9819902747193983,-1,-1,99.50592885375494,98.41964285714285,0.2964426877470355,98.27258870399113,98.34090282518318,-1,"{'0Normal': {'precision': 0.9607843137254902, 'recall': 0.98, 'f1-score': 0.9702970297029702, 'support': 200.0}, 'HTTP': {'precision': 0.9924433249370277, 'recall': 0.985, 'f1-score': 0.9887076537013803, 'support': 400.0}, 'TCP': {'precision': 0.9755501222493888, 'recall': 0.9975, 'f1-score': 0.9864029666254636, 'support': 400.0}, 'UDP': {'precision': 1.0, 'recall': 0.985, 'f1-score': 0.9924433249370278, 'support': 400.0}, 'scan': {'precision': 0.98989898989899, 'recall': 0.98, 'f1-score': 0.9849246231155778, 'support': 400.0}, 'theft': {'precision': 0.9776785714285714, 'recall': 0.9776785714285714, 'f1-score': 0.9776785714285714, 'support': 224.0}, 'accuracy': 0.9851778656126482, 'macro avg': {'precision': 0.9827258870399113, 'recall': 0.9841964285714285, 'f1-score': 0.9834090282518319, 'support': 2024.0}, 'weighted avg': {'precision': 0.9853329237051682, 'recall': 0.9851778656126482, 'f1-score': 0.9852029808756789, 'support': 2024.0}}","[[196   1   1   0   2   0]
 [  5 394   0   0   0   1]
 [  0   0 399   0   1   0]
 [  0   0   6 394   0   0]
 [  1   0   3   0 392   4]
 [  2   2   0   0   1 219]]",1.1076927185058594,0.01585841178894043
339,BoT_IoT,3,None,MinMaxScaler,NuSVC,0.8125106265998452,-1,-1,94.71343873517787,81.39285714285714,3.1719367588932803,87.12955768448634,80.49161850945302,-1,"{'0Normal': {'precision': 0.7242647058823529, 'recall': 0.985, 'f1-score': 0.8347457627118644, 'support': 200.0}, 'HTTP': {'precision': 0.8972431077694235, 'recall': 0.895, 'f1-score': 0.8961201501877346, 'support': 400.0}, 'TCP': {'precision': 0.9556135770234987, 'recall': 0.915, 'f1-score': 0.9348659003831418, 'support': 400.0}, 'UDP': {'precision': 0.9944598337950139, 'recall': 0.8975, 'f1-score': 0.9434954007884363, 'support': 400.0}, 'scan': {'precision': 0.6561922365988909, 'recall': 0.8875, 'f1-score': 0.7545164718384698, 'support': 400.0}, 'theft': {'precision': 1.0, 'recall': 0.30357142857142855, 'f1-score': 0.4657534246575342, 'support': 224.0}, 'accuracy': 0.8414031620553359, 'macro avg': {'precision': 0.8712955768448634, 'recall': 0.8139285714285714, 'f1-score': 0.8049161850945302, 'support': 2024.0}, 'weighted avg': {'precision': 0.8746326300648227, 'recall': 0.8414031620553359, 'f1-score': 0.831461012324493, 'support': 2024.0}}","[[197   0   0   1   2   0]
 [ 31 358   8   1   2   0]
 [  0   1 366   0  33   0]
 [ 29   6   6 359   0   0]
 [  8  34   3   0 355   0]
 [  7   0   0   0 149  68]]",0.6366257667541504,0.8259754180908203
340,BoT_IoT,3,None,MinMaxScaler,SGD,0.8402457113620592,-1,-1,95.5368906455863,83.44345238095238,2.6778656126482216,88.27588521893249,83.09908208940452,-1,"{'0Normal': {'precision': 0.9120370370370371, 'recall': 0.985, 'f1-score': 0.9471153846153846, 'support': 200.0}, 'HTTP': {'precision': 0.8503253796095445, 'recall': 0.98, 'f1-score': 0.9105691056910569, 'support': 400.0}, 'TCP': {'precision': 0.9691516709511568, 'recall': 0.9425, 'f1-score': 0.9556400506970849, 'support': 400.0}, 'UDP': {'precision': 0.9874686716791979, 'recall': 0.985, 'f1-score': 0.986232790988736, 'support': 400.0}, 'scan': {'precision': 0.6721649484536083, 'recall': 0.815, 'f1-score': 0.7367231638418078, 'support': 400.0}, 'theft': {'precision': 0.9054054054054054, 'recall': 0.29910714285714285, 'f1-score': 0.4496644295302013, 'support': 224.0}, 'accuracy': 0.866106719367589, 'macro avg': {'precision': 0.8827588521893249, 'recall': 0.8344345238095238, 'f1-score': 0.8309908208940452, 'support': 2024.0}, 'weighted avg': {'precision': 0.8778964854227377, 'recall': 0.866106719367589, 'f1-score': 0.8526748782733775, 'support': 2024.0}}","[[197   2   0   0   1   0]
 [  6 392   0   0   2   0]
 [  0  17 377   0   6   0]
 [  0   0   6 394   0   0]
 [  7  49   6   5 326   7]
 [  6   1   0   0 150  67]]",0.36800098419189453,0.002938985824584961
341,BoT_IoT,3,poly,MinMaxScaler,HHHv2,0.8930766526555174,-1,-1,96.92028985507247,93.1304603924743,1.8478260869565217,86.64285714285715,86.60669643974583,-1,"{'0Normal': {'precision': 0.945, 'recall': 0.9356435643564357, 'f1-score': 0.9402985074626865, 'support': 202.0}, 'HTTP': {'precision': 0.9875, 'recall': 0.9974747474747475, 'f1-score': 0.992462311557789, 'support': 396.0}, 'TCP': {'precision': 0.9875, 'recall': 0.9875, 'f1-score': 0.9875, 'support': 400.0}, 'UDP': {'precision': 0.9925, 'recall': 0.9851116625310173, 'f1-score': 0.9887920298879203, 'support': 403.0}, 'scan': {'precision': 0.9825, 'recall': 0.7106690777576854, 'f1-score': 0.8247639034627493, 'support': 553.0}, 'theft': {'precision': 0.30357142857142855, 'recall': 0.9714285714285714, 'f1-score': 0.46258503401360546, 'support': 70.0}, 'accuracy': 0.907608695652174, 'macro avg': {'precision': 0.8664285714285715, 'recall': 0.931304603924743, 'f1-score': 0.8660669643974583, 'support': 2024.0}, 'weighted avg': {'precision': 0.9592341897233202, 'recall': 0.907608695652174, 'f1-score': 0.9214001743700749, 'support': 2024.0}}","[[189   5   0   0   2   6]
 [  0 395   1   0   0   0]
 [  2   0 395   0   3   0]
 [  3   0   0 397   1   2]
 [  5   0   4   3 393 148]
 [  1   0   0   0   1  68]]",7.640440225601196,0.11921477317810059
342,BoT_IoT,3,None,MinMaxScaler,KNN,0.8782847465270769,-1,-1,96.52503293807642,90.75297619047619,2.0849802371541504,89.91567918305421,89.16474391691871,-1,"{'0Normal': {'precision': 0.9323671497584541, 'recall': 0.965, 'f1-score': 0.9484029484029484, 'support': 200.0}, 'HTTP': {'precision': 0.8272921108742004, 'recall': 0.97, 'f1-score': 0.8929804372842347, 'support': 400.0}, 'TCP': {'precision': 0.916083916083916, 'recall': 0.9825, 'f1-score': 0.948130277442702, 'support': 400.0}, 'UDP': {'precision': 0.9948849104859335, 'recall': 0.9725, 'f1-score': 0.9835651074589128, 'support': 400.0}, 'scan': {'precision': 0.9665271966527197, 'recall': 0.5775, 'f1-score': 0.7230046948356809, 'support': 400.0}, 'theft': {'precision': 0.7577854671280276, 'recall': 0.9776785714285714, 'f1-score': 0.8538011695906432, 'support': 224.0}, 'accuracy': 0.8957509881422925, 'macro avg': {'precision': 0.8991567918305421, 'recall': 0.9075297619047619, 'f1-score': 0.8916474391691871, 'support': 2024.0}, 'weighted avg': {'precision': 0.9081682945785953, 'recall': 0.8957509881422925, 'f1-score': 0.8893301672319692, 'support': 2024.0}}","[[193   0   0   2   3   2]
 [  7 388   4   0   1   0]
 [  0   5 393   0   2   0]
 [  5   0   6 389   0   0]
 [  0  75  26   0 231  68]
 [  2   1   0   0   2 219]]",0.0013918876647949219,0.051604270935058594
343,BoT_IoT,3,None,MinMaxScaler,LDA,0.8887158629673176,-1,-1,96.80500658761528,86.04166666666667,1.91699604743083,92.94966662894069,86.43152000018381,-1,"{'0Normal': {'precision': 0.9836065573770492, 'recall': 0.9, 'f1-score': 0.9399477806788511, 'support': 200.0}, 'HTTP': {'precision': 0.9850374064837906, 'recall': 0.9875, 'f1-score': 0.9862671660424469, 'support': 400.0}, 'TCP': {'precision': 0.980246913580247, 'recall': 0.9925, 'f1-score': 0.9863354037267081, 'support': 400.0}, 'UDP': {'precision': 0.9753086419753086, 'recall': 0.9875, 'f1-score': 0.9813664596273292, 'support': 400.0}, 'scan': {'precision': 0.7068345323741008, 'recall': 0.9825, 'f1-score': 0.8221757322175732, 'support': 400.0}, 'theft': {'precision': 0.9459459459459459, 'recall': 0.3125, 'f1-score': 0.4697986577181208, 'support': 224.0}, 'accuracy': 0.9041501976284585, 'macro avg': {'precision': 0.929496666289407, 'recall': 0.8604166666666667, 'f1-score': 0.8643152000018381, 'support': 2024.0}, 'weighted avg': {'precision': 0.9227194669627866, 'recall': 0.9041501976284585, 'f1-score': 0.8911474111216661, 'support': 2024.0}}","[[180   4   2   5   7   2]
 [  1 395   0   0   4   0]
 [  0   1 397   0   2   0]
 [  0   0   3 395   2   0]
 [  2   0   2   1 393   2]
 [  0   1   1   4 148  70]]",0.40055060386657715,0.0028371810913085938
344,BoT_IoT,3,None,MinMaxScaler,MLP,0.9706207534374466,-1,-1,99.19301712779973,97.43749999999999,0.4841897233201581,97.30246931619287,97.35515444507269,-1,"{'0Normal': {'precision': 0.9414634146341463, 'recall': 0.965, 'f1-score': 0.9530864197530864, 'support': 200.0}, 'HTTP': {'precision': 0.98, 'recall': 0.98, 'f1-score': 0.98, 'support': 400.0}, 'TCP': {'precision': 0.9591346153846154, 'recall': 0.9975, 'f1-score': 0.9779411764705883, 'support': 400.0}, 'UDP': {'precision': 1.0, 'recall': 0.985, 'f1-score': 0.9924433249370278, 'support': 400.0}, 'scan': {'precision': 0.9844559585492227, 'recall': 0.95, 'f1-score': 0.9669211195928753, 'support': 400.0}, 'theft': {'precision': 0.9730941704035875, 'recall': 0.96875, 'f1-score': 0.9709172259507831, 'support': 224.0}, 'accuracy': 0.9757905138339921, 'macro avg': {'precision': 0.9730246931619287, 'recall': 0.9743749999999999, 'f1-score': 0.9735515444507268, 'support': 2024.0}, 'weighted avg': {'precision': 0.9761373550744902, 'recall': 0.9757905138339921, 'f1-score': 0.9758028611481174, 'support': 2024.0}}","[[193   4   0   0   2   1]
 [  5 392   0   0   1   2]
 [  0   1 399   0   0   0]
 [  0   0   6 394   0   0]
 [  3   3  11   0 380   3]
 [  4   0   0   0   3 217]]",3.6282567977905273,0.005364179611206055
345,BoT_IoT,3,None,MinMaxScaler,LGBM,0.9939903000013839,-1,-1,99.83530961791831,99.42559523809523,0.09881422924901186,99.42589603626514,99.42527980397195,-1,"{'0Normal': {'precision': 0.985, 'recall': 0.985, 'f1-score': 0.985, 'support': 200.0}, 'HTTP': {'precision': 0.9975, 'recall': 0.9975, 'f1-score': 0.9975, 'support': 400.0}, 'TCP': {'precision': 0.9925558312655087, 'recall': 1.0, 'f1-score': 0.9962640099626401, 'support': 400.0}, 'UDP': {'precision': 1.0, 'recall': 1.0, 'f1-score': 1.0, 'support': 400.0}, 'scan': {'precision': 0.9949622166246851, 'recall': 0.9875, 'f1-score': 0.9912170639899623, 'support': 400.0}, 'theft': {'precision': 0.9955357142857143, 'recall': 0.9955357142857143, 'f1-score': 0.9955357142857143, 'support': 224.0}, 'accuracy': 0.9950592885375494, 'macro avg': {'precision': 0.9942589603626514, 'recall': 0.9942559523809523, 'f1-score': 0.9942527980397194, 'support': 2024.0}, 'weighted avg': {'precision': 0.9950628553142675, 'recall': 0.9950592885375494, 'f1-score': 0.9950555482119768, 'support': 2024.0}}","[[197   1   0   0   2   0]
 [  1 399   0   0   0   0]
 [  0   0 400   0   0   0]
 [  0   0   0 400   0   0]
 [  1   0   3   0 395   1]
 [  1   0   0   0   0 223]]",8.544250726699829,0.011178016662597656
346,BoT_IoT,3,None,MinMaxScaler,RF,0.9843899778468741,-1,-1,99.57180500658761,98.66071428571428,0.25691699604743085,98.47824470842696,98.5651532884257,-1,"{'0Normal': {'precision': 0.9656862745098039, 'recall': 0.985, 'f1-score': 0.9752475247524752, 'support': 200.0}, 'HTTP': {'precision': 0.9924433249370277, 'recall': 0.985, 'f1-score': 0.9887076537013803, 'support': 400.0}, 'TCP': {'precision': 0.9803439803439803, 'recall': 0.9975, 'f1-score': 0.9888475836431228, 'support': 400.0}, 'UDP': {'precision': 1.0, 'recall': 0.985, 'f1-score': 0.9924433249370278, 'support': 400.0}, 'scan': {'precision': 0.9924433249370277, 'recall': 0.985, 'f1-score': 0.9887076537013803, 'support': 400.0}, 'theft': {'precision': 0.9777777777777777, 'recall': 0.9821428571428571, 'f1-score': 0.9799554565701558, 'support': 224.0}, 'accuracy': 0.9871541501976284, 'macro avg': {'precision': 0.9847824470842695, 'recall': 0.9866071428571428, 'f1-score': 0.9856515328842571, 'support': 2024.0}, 'weighted avg': {'precision': 0.9872785223376468, 'recall': 0.9871541501976284, 'f1-score': 0.9871749079127343, 'support': 2024.0}}","[[197   1   0   0   2   0]
 [  5 394   0   0   0   1]
 [  0   0 399   0   1   0]
 [  0   0   6 394   0   0]
 [  0   0   2   0 394   4]
 [  2   2   0   0   0 220]]",0.8333337306976318,0.015344381332397461
347,BoT_IoT,3,None,MinMaxScaler,NuSVC,0.7933967236324343,-1,-1,94.23583662714098,80.22619047619047,3.458498023715415,84.81670933828394,79.05738830947625,-1,"{'0Normal': {'precision': 0.7096774193548387, 'recall': 0.99, 'f1-score': 0.826722338204593, 'support': 200.0}, 'HTTP': {'precision': 0.8276643990929705, 'recall': 0.9125, 'f1-score': 0.8680142687277052, 'support': 400.0}, 'TCP': {'precision': 0.9278846153846154, 'recall': 0.965, 'f1-score': 0.9460784313725491, 'support': 400.0}, 'UDP': {'precision': 0.9971751412429378, 'recall': 0.8825, 'f1-score': 0.9363395225464191, 'support': 400.0}, 'scan': {'precision': 0.6551724137931034, 'recall': 0.76, 'f1-score': 0.7037037037037037, 'support': 400.0}, 'theft': {'precision': 0.9714285714285714, 'recall': 0.30357142857142855, 'f1-score': 0.46258503401360546, 'support': 224.0}, 'accuracy': 0.8270750988142292, 'macro avg': {'precision': 0.8481670933828395, 'recall': 0.8022619047619047, 'f1-score': 0.7905738830947625, 'support': 2024.0}, 'weighted avg': {'precision': 0.8511334543855824, 'recall': 0.8270750988142292, 'f1-score': 0.8155226708498604, 'support': 2024.0}}","[[198   0   0   1   1   0]
 [ 30 365   3   0   2   0]
 [  0   6 386   0   8   0]
 [ 33   6   8 353   0   0]
 [ 11  64  19   0 304   2]
 [  7   0   0   0 149  68]]",0.2970695495605469,0.5619921684265137
348,BoT_IoT,3,None,MinMaxScaler,SGD,0.8166107019160497,-1,-1,94.82872200263505,81.56845238095238,3.1027667984189726,87.80921886849207,81.33917199796011,-1,"{'0Normal': {'precision': 0.9154929577464789, 'recall': 0.975, 'f1-score': 0.9443099273607748, 'support': 200.0}, 'HTTP': {'precision': 0.6916376306620209, 'recall': 0.9925, 'f1-score': 0.8151950718685831, 'support': 400.0}, 'TCP': {'precision': 0.9523809523809523, 'recall': 0.9, 'f1-score': 0.9254498714652956, 'support': 400.0}, 'UDP': {'precision': 1.0, 'recall': 0.985, 'f1-score': 0.9924433249370278, 'support': 400.0}, 'scan': {'precision': 0.7518987341772152, 'recall': 0.7425, 'f1-score': 0.7471698113207548, 'support': 400.0}, 'theft': {'precision': 0.9571428571428572, 'recall': 0.29910714285714285, 'f1-score': 0.45578231292517, 'support': 224.0}, 'accuracy': 0.8448616600790514, 'macro avg': {'precision': 0.8780921886849207, 'recall': 0.8156845238095238, 'f1-score': 0.813391719979601, 'support': 2024.0}, 'weighted avg': {'precision': 0.8675224893465273, 'recall': 0.8448616600790514, 'f1-score': 0.8315516084012141, 'support': 2024.0}}","[[195   4   0   0   1   0]
 [  2 397   0   0   0   1]
 [  1  33 360   0   6   0]
 [  1   0   5 394   0   0]
 [  8  80  13   0 297   2]
 [  6  60   0   0  91  67]]",0.24950838088989258,0.002740621566772461
349,BoT_IoT,3,linear,MinMaxScaler,HHHv2,0.8899281601069541,-1,-1,96.8544137022398,92.22293412873218,1.8873517786561262,86.50892857142858,86.51224531300701,-1,"{'0Normal': {'precision': 0.945, 'recall': 0.949748743718593, 'f1-score': 0.9473684210526316, 'support': 199.0}, 'HTTP': {'precision': 0.985, 'recall': 0.9874686716791979, 'f1-score': 0.986232790988736, 'support': 399.0}, 'TCP': {'precision': 0.9975, 'recall': 0.973170731707317, 'f1-score': 0.9851851851851853, 'support': 410.0}, 'UDP': {'precision': 0.9925, 'recall': 0.9900249376558603, 'f1-score': 0.9912609238451936, 'support': 401.0}, 'scan': {'precision': 0.9625, 'recall': 0.7129629629629629, 'f1-score': 0.8191489361702128, 'support': 540.0}, 'theft': {'precision': 0.3080357142857143, 'recall': 0.92, 'f1-score': 0.46153846153846156, 'support': 75.0}, 'accuracy': 0.9056324110671937, 'macro avg': {'precision': 0.8650892857142858, 'recall': 0.9222293412873218, 'f1-score': 0.8651224531300702, 'support': 2024.0}, 'weighted avg': {'precision': 0.9539971238001129, 'recall': 0.9056324110671937, 'f1-score': 0.9191751807950235, 'support': 2024.0}}","[[189   3   0   0   5   2]
 [  3 394   1   0   0   1]
 [  2   0 399   0   9   0]
 [  3   0   0 397   0   1]
 [  1   3   0   0 385 151]
 [  2   0   0   3   1  69]]",2.503920555114746,0.05856490135192871
350,BoT_IoT,3,None,MinMaxScaler,KNN,0.8837583501127994,-1,-1,96.73913043478261,90.80357142857142,1.956521739130435,90.37552289305889,90.00840416570121,-1,"{'0Normal': {'precision': 0.9430051813471503, 'recall': 0.91, 'f1-score': 0.9262086513994912, 'support': 200.0}, 'HTTP': {'precision': 0.8265524625267666, 'recall': 0.965, 'f1-score': 0.8904267589388697, 'support': 400.0}, 'TCP': {'precision': 0.927536231884058, 'recall': 0.96, 'f1-score': 0.9434889434889435, 'support': 400.0}, 'UDP': {'precision': 0.9924242424242424, 'recall': 0.9825, 'f1-score': 0.9874371859296482, 'support': 400.0}, 'scan': {'precision': 0.9195804195804196, 'recall': 0.6575, 'f1-score': 0.7667638483965015, 'support': 400.0}, 'theft': {'precision': 0.8134328358208955, 'recall': 0.9732142857142857, 'f1-score': 0.8861788617886178, 'support': 224.0}, 'accuracy': 0.9021739130434783, 'macro avg': {'precision': 0.9037552289305889, 'recall': 0.9080357142857142, 'f1-score': 0.9000840416570121, 'support': 2024.0}, 'weighted avg': {'precision': 0.9077308962744592, 'recall': 0.9021739130434783, 'f1-score': 0.8987117045563903, 'support': 2024.0}}","[[182   4   0   2  10   2]
 [  8 386   4   1   1   0]
 [  0   7 384   0   9   0]
 [  1   0   6 393   0   0]
 [  0  69  20   0 263  48]
 [  2   1   0   0   3 218]]",0.001538991928100586,0.05183124542236328
351,BoT_IoT,3,None,MinMaxScaler,LDA,0.889144908275373,-1,-1,96.82147562582345,86.03273809523809,1.907114624505929,92.78650473876094,86.46513757754593,-1,"{'0Normal': {'precision': 0.9834254143646409, 'recall': 0.89, 'f1-score': 0.9343832020997376, 'support': 200.0}, 'HTTP': {'precision': 0.9949622166246851, 'recall': 0.9875, 'f1-score': 0.9912170639899623, 'support': 400.0}, 'TCP': {'precision': 0.9851851851851852, 'recall': 0.9975, 'f1-score': 0.991304347826087, 'support': 400.0}, 'UDP': {'precision': 0.9587378640776699, 'recall': 0.9875, 'f1-score': 0.9729064039408868, 'support': 400.0}, 'scan': {'precision': 0.7106690777576854, 'recall': 0.9825, 'f1-score': 0.8247639034627493, 'support': 400.0}, 'theft': {'precision': 0.9342105263157895, 'recall': 0.3169642857142857, 'f1-score': 0.47333333333333333, 'support': 224.0}, 'accuracy': 0.9046442687747036, 'macro avg': {'precision': 0.9278650473876094, 'recall': 0.8603273809523809, 'f1-score': 0.8646513757754594, 'support': 2024.0}, 'weighted avg': {'precision': 0.9218231117716182, 'recall': 0.9046442687747036, 'f1-score': 0.8917885349676326, 'support': 2024.0}}","[[178   0   1  14   5   2]
 [  1 395   0   0   4   0]
 [  0   0 399   0   1   0]
 [  0   0   3 395   1   1]
 [  2   0   2   1 393   2]
 [  0   2   0   2 149  71]]",0.45819091796875,0.0032501220703125
352,BoT_IoT,3,None,MinMaxScaler,MLP,0.973580224660969,-1,-1,99.27536231884058,97.64583333333333,0.43478260869565216,97.53125958704354,97.5813473338465,-1,"{'0Normal': {'precision': 0.9414634146341463, 'recall': 0.965, 'f1-score': 0.9530864197530864, 'support': 200.0}, 'HTTP': {'precision': 0.9824561403508771, 'recall': 0.98, 'f1-score': 0.981226533166458, 'support': 400.0}, 'TCP': {'precision': 0.9707317073170731, 'recall': 0.995, 'f1-score': 0.982716049382716, 'support': 400.0}, 'UDP': {'precision': 1.0, 'recall': 0.9825, 'f1-score': 0.991172761664565, 'support': 400.0}, 'scan': {'precision': 0.979746835443038, 'recall': 0.9675, 'f1-score': 0.9735849056603773, 'support': 400.0}, 'theft': {'precision': 0.9774774774774775, 'recall': 0.96875, 'f1-score': 0.9730941704035874, 'support': 224.0}, 'accuracy': 0.9782608695652174, 'macro avg': {'precision': 0.9753125958704354, 'recall': 0.9764583333333333, 'f1-score': 0.9758134733384649, 'support': 2024.0}, 'weighted avg': {'precision': 0.9784691260504839, 'recall': 0.9782608695652174, 'f1-score': 0.9782956907463771, 'support': 2024.0}}","[[193   5   0   0   2   0]
 [  3 392   0   0   3   2]
 [  0   1 398   0   1   0]
 [  1   0   6 393   0   0]
 [  3   1   6   0 387   3]
 [  5   0   0   0   2 217]]",4.698524236679077,0.005419015884399414
353,BoT_IoT,3,None,MinMaxScaler,LGBM,0.992792316138511,-1,-1,99.80237154150198,99.35119047619048,0.11857707509881424,99.23971010833958,99.29405090923396,-1,"{'0Normal': {'precision': 0.9801980198019802, 'recall': 0.99, 'f1-score': 0.9850746268656716, 'support': 200.0}, 'HTTP': {'precision': 0.9974937343358395, 'recall': 0.995, 'f1-score': 0.9962453066332916, 'support': 400.0}, 'TCP': {'precision': 0.9925558312655087, 'recall': 1.0, 'f1-score': 0.9962640099626401, 'support': 400.0}, 'UDP': {'precision': 1.0, 'recall': 1.0, 'f1-score': 1.0, 'support': 400.0}, 'scan': {'precision': 0.9974683544303797, 'recall': 0.985, 'f1-score': 0.9911949685534591, 'support': 400.0}, 'theft': {'precision': 0.9866666666666667, 'recall': 0.9910714285714286, 'f1-score': 0.9888641425389756, 'support': 224.0}, 'accuracy': 0.9940711462450593, 'macro avg': {'precision': 0.9923971010833957, 'recall': 0.9935119047619048, 'f1-score': 0.9929405090923397, 'support': 2024.0}, 'weighted avg': {'precision': 0.9941008425426979, 'recall': 0.9940711462450593, 'f1-score': 0.9940722368387457, 'support': 2024.0}}","[[198   1   0   0   1   0]
 [  1 398   0   0   0   1]
 [  0   0 400   0   0   0]
 [  0   0   0 400   0   0]
 [  1   0   3   0 394   2]
 [  2   0   0   0   0 222]]",9.139796018600464,0.012117862701416016
354,BoT_IoT,3,None,MinMaxScaler,RF,0.9843903113563675,-1,-1,99.57180500658761,98.6190476190476,0.25691699604743085,98.5420014220885,98.57622736650264,-1,"{'0Normal': {'precision': 0.9655172413793104, 'recall': 0.98, 'f1-score': 0.9727047146401985, 'support': 200.0}, 'HTTP': {'precision': 0.9924433249370277, 'recall': 0.985, 'f1-score': 0.9887076537013803, 'support': 400.0}, 'TCP': {'precision': 0.9755501222493888, 'recall': 0.9975, 'f1-score': 0.9864029666254636, 'support': 400.0}, 'UDP': {'precision': 1.0, 'recall': 0.985, 'f1-score': 0.9924433249370278, 'support': 400.0}, 'scan': {'precision': 0.992462311557789, 'recall': 0.9875, 'f1-score': 0.9899749373433584, 'support': 400.0}, 'theft': {'precision': 0.9865470852017937, 'recall': 0.9821428571428571, 'f1-score': 0.9843400447427293, 'support': 224.0}, 'accuracy': 0.9871541501976284, 'macro avg': {'precision': 0.985420014220885, 'recall': 0.9861904761904761, 'f1-score': 0.9857622736650263, 'support': 2024.0}, 'weighted avg': {'precision': 0.9872886852068904, 'recall': 0.9871541501976284, 'f1-score': 0.9871762183761378, 'support': 2024.0}}","[[196   1   1   0   2   0]
 [  5 394   0   0   0   1]
 [  0   0 399   0   1   0]
 [  0   0   6 394   0   0]
 [  0   0   3   0 395   2]
 [  2   2   0   0   0 220]]",0.9212899208068848,0.0151824951171875
355,BoT_IoT,3,None,MinMaxScaler,NuSVC,0.7692894370025607,-1,-1,93.49472990777339,75.9345238095238,3.903162055335968,83.98631887913272,76.29697964918859,-1,"{'0Normal': {'precision': 0.5982905982905983, 'recall': 0.7, 'f1-score': 0.6451612903225806, 'support': 200.0}, 'HTTP': {'precision': 0.9021164021164021, 'recall': 0.8525, 'f1-score': 0.8766066838046273, 'support': 400.0}, 'TCP': {'precision': 0.9706666666666667, 'recall': 0.91, 'f1-score': 0.9393548387096774, 'support': 400.0}, 'UDP': {'precision': 0.9944598337950139, 'recall': 0.8975, 'f1-score': 0.9434954007884363, 'support': 400.0}, 'scan': {'precision': 0.5881383855024712, 'recall': 0.8925, 'f1-score': 0.7090367428003973, 'support': 400.0}, 'theft': {'precision': 0.9855072463768116, 'recall': 0.30357142857142855, 'f1-score': 0.46416382252559724, 'support': 224.0}, 'accuracy': 0.8048418972332015, 'macro avg': {'precision': 0.8398631887913273, 'recall': 0.759345238095238, 'f1-score': 0.7629697964918859, 'support': 2024.0}, 'weighted avg': {'precision': 0.8510692974697366, 'recall': 0.8048418972332015, 'f1-score': 0.800594081398965, 'support': 2024.0}}","[[140   0   0   1  59   0]
 [ 54 341   2   1   2   0]
 [  0   2 364   0  34   0]
 [ 25   4   6 359   6   0]
 [  8  31   3   0 357   1]
 [  7   0   0   0 149  68]]",0.3959023952484131,0.6374080181121826
356,BoT_IoT,3,None,MinMaxScaler,SGD,0.8399562894059621,-1,-1,95.5368906455863,83.41071428571428,2.6778656126482216,88.42420166003294,83.00240511945739,-1,"{'0Normal': {'precision': 0.9162790697674419, 'recall': 0.985, 'f1-score': 0.9493975903614459, 'support': 200.0}, 'HTTP': {'precision': 0.8571428571428571, 'recall': 0.975, 'f1-score': 0.9122807017543859, 'support': 400.0}, 'TCP': {'precision': 0.933649289099526, 'recall': 0.985, 'f1-score': 0.9586374695863747, 'support': 400.0}, 'UDP': {'precision': 1.0, 'recall': 0.9825, 'f1-score': 0.991172761664565, 'support': 400.0}, 'scan': {'precision': 0.6688034188034188, 'recall': 0.7825, 'f1-score': 0.7211981566820276, 'support': 400.0}, 'theft': {'precision': 0.9295774647887324, 'recall': 0.29464285714285715, 'f1-score': 0.44745762711864406, 'support': 224.0}, 'accuracy': 0.866106719367589, 'macro avg': {'precision': 0.8842420166003294, 'recall': 0.8341071428571428, 'f1-score': 0.8300240511945739, 'support': 2024.0}, 'weighted avg': {'precision': 0.8771340869982635, 'recall': 0.866106719367589, 'f1-score': 0.8514948925008926, 'support': 2024.0}}","[[197   2   0   0   1   0]
 [  6 390   2   0   2   0]
 [  0   5 394   0   1   0]
 [  0   1   6 393   0   0]
 [  6  56  20   0 313   5]
 [  6   1   0   0 151  66]]",0.24432110786437988,0.0028836727142333984
357,BoT_IoT,3,sigmoid,MinMaxScaler,HHHv2,0.8043473969197876,-1,-1,94.56521739130434,84.9867778964495,3.260869565217391,78.54464285714285,78.90341381910791,-1,"{'0Normal': {'precision': 0.7, 'recall': 0.8235294117647058, 'f1-score': 0.7567567567567567, 'support': 170.0}, 'HTTP': {'precision': 0.9725, 'recall': 0.974937343358396, 'f1-score': 0.9737171464330413, 'support': 399.0}, 'TCP': {'precision': 0.9525, 'recall': 0.8738532110091743, 'f1-score': 0.9114832535885168, 'support': 436.0}, 'UDP': {'precision': 0.9625, 'recall': 0.8789954337899544, 'f1-score': 0.9188544152744631, 'support': 438.0}, 'scan': {'precision': 0.835, 'recall': 0.65748031496063, 'f1-score': 0.7356828193832599, 'support': 508.0}, 'theft': {'precision': 0.29017857142857145, 'recall': 0.8904109589041096, 'f1-score': 0.43771043771043777, 'support': 73.0}, 'accuracy': 0.8369565217391305, 'macro avg': {'precision': 0.7854464285714284, 'recall': 0.849867778964495, 'f1-score': 0.7890341381910791, 'support': 2024.0}, 'weighted avg': {'precision': 0.8840195334556749, 'recall': 0.8369565217391305, 'f1-score': 0.8511395537202561, 'support': 2024.0}}","[[140   8   1   8   7   6]
 [  4 389   2   2   2   0]
 [  0   0 381   0  55   0]
 [ 49   0   3 385   0   1]
 [  3   3  13   3 334 152]
 [  4   0   0   2   2  65]]",4.121785402297974,0.08134627342224121
358,BoT_IoT,2,None,MinMaxScaler,KNN,0.8082775989538344,-1,-1,94.56521739130434,83.82738095238095,3.260869565217391,84.05944227238372,82.32466317869137,-1,"{'0Normal': {'precision': 0.9235668789808917, 'recall': 0.725, 'f1-score': 0.8123249299719887, 'support': 200.0}, 'HTTP': {'precision': 0.779559118236473, 'recall': 0.9725, 'f1-score': 0.8654060066740822, 'support': 400.0}, 'TCP': {'precision': 0.90625, 'recall': 0.9425, 'f1-score': 0.9240196078431373, 'support': 400.0}, 'UDP': {'precision': 0.9617346938775511, 'recall': 0.9425, 'f1-score': 0.952020202020202, 'support': 400.0}, 'scan': {'precision': 0.8017241379310345, 'recall': 0.465, 'f1-score': 0.5886075949367089, 'support': 400.0}, 'theft': {'precision': 0.6707317073170732, 'recall': 0.9821428571428571, 'f1-score': 0.7971014492753623, 'support': 224.0}, 'accuracy': 0.8369565217391305, 'macro avg': {'precision': 0.8405944227238372, 'recall': 0.8382738095238095, 'f1-score': 0.8232466317869136, 'support': 2024.0}, 'weighted avg': {'precision': 0.847166234314835, 'recall': 0.8369565217391305, 'f1-score': 0.8265993454652821, 'support': 2024.0}}","[[145   4   1  14  34   2]
 [  6 389   3   1   1   0]
 [  0  19 377   0   4   0]
 [  4   7   6 377   6   0]
 [  0  79  29   0 186 106]
 [  2   1   0   0   1 220]]",0.0004668235778808594,0.007936716079711914
359,BoT_IoT,2,None,MinMaxScaler,LDA,0.827691500500127,-1,-1,95.1745718050066,79.99702380952381,2.8952569169960474,87.17177499086378,81.31066836624127,-1,"{'0Normal': {'precision': 0.9848484848484849, 'recall': 0.65, 'f1-score': 0.7831325301204819, 'support': 200.0}, 'HTTP': {'precision': 0.9400479616306955, 'recall': 0.98, 'f1-score': 0.959608323133415, 'support': 400.0}, 'TCP': {'precision': 0.9543269230769231, 'recall': 0.9925, 'f1-score': 0.9730392156862746, 'support': 400.0}, 'UDP': {'precision': 0.9801980198019802, 'recall': 0.99, 'f1-score': 0.9850746268656716, 'support': 400.0}, 'scan': {'precision': 0.6133093525179856, 'recall': 0.8525, 'f1-score': 0.7133891213389121, 'support': 400.0}, 'theft': {'precision': 0.7575757575757576, 'recall': 0.33482142857142855, 'f1-score': 0.4643962848297213, 'support': 224.0}, 'accuracy': 0.8552371541501976, 'macro avg': {'precision': 0.8717177499086378, 'recall': 0.7999702380952382, 'f1-score': 0.8131066836624127, 'support': 2024.0}, 'weighted avg': {'precision': 0.8704642141688242, 'recall': 0.8552371541501976, 'f1-score': 0.846391199918806, 'support': 2024.0}}","[[130   2   1   6  59   2]
 [  1 392   0   0   6   1]
 [  0   3 397   0   0   0]
 [  0   1   0 396   3   0]
 [  1  19  18   0 341  21]
 [  0   0   0   2 147  75]]",0.012050390243530273,0.0006051063537597656
360,BoT_IoT,2,None,MinMaxScaler,MLP,0.8207863066748906,-1,-1,95.07575757575758,82.86309523809524,2.9545454545454546,85.48844552746378,83.71007993700724,-1,"{'0Normal': {'precision': 0.9324324324324325, 'recall': 0.69, 'f1-score': 0.793103448275862, 'support': 200.0}, 'HTTP': {'precision': 0.8221757322175732, 'recall': 0.9825, 'f1-score': 0.8952164009111617, 'support': 400.0}, 'TCP': {'precision': 0.910377358490566, 'recall': 0.965, 'f1-score': 0.9368932038834951, 'support': 400.0}, 'UDP': {'precision': 1.0, 'recall': 0.9475, 'f1-score': 0.9730423620025674, 'support': 400.0}, 'scan': {'precision': 0.6950904392764858, 'recall': 0.6725, 'f1-score': 0.6836086404066074, 'support': 400.0}, 'theft': {'precision': 0.7692307692307693, 'recall': 0.7142857142857143, 'f1-score': 0.7407407407407408, 'support': 224.0}, 'accuracy': 0.8522727272727273, 'macro avg': {'precision': 0.8548844552746379, 'recall': 0.8286309523809524, 'f1-score': 0.8371007993700723, 'support': 2024.0}, 'weighted avg': {'precision': 0.8546697582944807, 'recall': 0.8522727272727273, 'f1-score': 0.8498274992404302, 'support': 2024.0}}","[[138   0   0   0  56   6]
 [  5 393   0   0   0   2]
 [  0  14 386   0   0   0]
 [  0  15   6 379   0   0]
 [  3  56  32   0 269  40]
 [  2   0   0   0  62 160]]",0.5790519714355469,0.0013005733489990234
361,BoT_IoT,2,None,MinMaxScaler,LGBM,0.9927911861043003,-1,-1,99.80237154150198,99.34226190476191,0.11857707509881424,99.28879439866853,99.31402104196233,-1,"{'0Normal': {'precision': 0.9899497487437185, 'recall': 0.985, 'f1-score': 0.9874686716791979, 'support': 200.0}, 'HTTP': {'precision': 0.9974937343358395, 'recall': 0.995, 'f1-score': 0.9962453066332916, 'support': 400.0}, 'TCP': {'precision': 0.9925558312655087, 'recall': 1.0, 'f1-score': 0.9962640099626401, 'support': 400.0}, 'UDP': {'precision': 1.0, 'recall': 1.0, 'f1-score': 1.0, 'support': 400.0}, 'scan': {'precision': 0.9949494949494949, 'recall': 0.985, 'f1-score': 0.9899497487437187, 'support': 400.0}, 'theft': {'precision': 0.9823788546255506, 'recall': 0.9955357142857143, 'f1-score': 0.9889135254988914, 'support': 224.0}, 'accuracy': 0.9940711462450593, 'macro avg': {'precision': 0.9928879439866853, 'recall': 0.9934226190476191, 'f1-score': 0.9931402104196233, 'support': 2024.0}, 'weighted avg': {'precision': 0.9940921133424921, 'recall': 0.9940711462450593, 'f1-score': 0.9940681769681082, 'support': 2024.0}}","[[197   1   0   0   2   0]
 [  1 398   1   0   0   0]
 [  0   0 400   0   0   0]
 [  0   0   0 400   0   0]
 [  0   0   2   0 394   4]
 [  1   0   0   0   0 223]]",1.2318120002746582,0.009748220443725586
362,BoT_IoT,2,None,MinMaxScaler,RF,0.9861955299427946,-1,-1,99.62121212121212,98.77678571428571,0.22727272727272727,98.6811502008352,98.72488409472079,-1,"{'0Normal': {'precision': 0.9751243781094527, 'recall': 0.98, 'f1-score': 0.9775561097256857, 'support': 200.0}, 'HTTP': {'precision': 1.0, 'recall': 0.9975, 'f1-score': 0.9987484355444306, 'support': 400.0}, 'TCP': {'precision': 0.9779951100244498, 'recall': 1.0, 'f1-score': 0.9888751545117428, 'support': 400.0}, 'UDP': {'precision': 1.0, 'recall': 0.985, 'f1-score': 0.9924433249370278, 'support': 400.0}, 'scan': {'precision': 0.9898734177215189, 'recall': 0.9775, 'f1-score': 0.9836477987421384, 'support': 400.0}, 'theft': {'precision': 0.9778761061946902, 'recall': 0.9866071428571429, 'f1-score': 0.9822222222222223, 'support': 224.0}, 'accuracy': 0.9886363636363636, 'macro avg': {'precision': 0.986811502008352, 'recall': 0.9877678571428571, 'f1-score': 0.9872488409472079, 'support': 2024.0}, 'weighted avg': {'precision': 0.9887433470888778, 'recall': 0.9886363636363636, 'f1-score': 0.988643717992614, 'support': 2024.0}}","[[196   0   0   0   4   0]
 [  1 399   0   0   0   0]
 [  0   0 400   0   0   0]
 [  0   0   6 394   0   0]
 [  1   0   3   0 391   5]
 [  3   0   0   0   0 221]]",0.23552536964416504,0.011416196823120117
363,BoT_IoT,2,None,MinMaxScaler,NuSVC,0.8198327828176707,-1,-1,95.02635046113306,84.44642857142858,2.984189723320158,85.62809811996108,84.38533575674822,-1,"{'0Normal': {'precision': 0.9310344827586207, 'recall': 0.675, 'f1-score': 0.7826086956521738, 'support': 200.0}, 'HTTP': {'precision': 0.8281938325991189, 'recall': 0.94, 'f1-score': 0.8805620608899297, 'support': 400.0}, 'TCP': {'precision': 0.9278846153846154, 'recall': 0.965, 'f1-score': 0.9460784313725491, 'support': 400.0}, 'UDP': {'precision': 1.0, 'recall': 0.8875, 'f1-score': 0.9403973509933775, 'support': 400.0}, 'scan': {'precision': 0.679144385026738, 'recall': 0.635, 'f1-score': 0.6563307493540051, 'support': 400.0}, 'theft': {'precision': 0.7714285714285715, 'recall': 0.9642857142857143, 'f1-score': 0.8571428571428572, 'support': 224.0}, 'accuracy': 0.8507905138339921, 'macro avg': {'precision': 0.8562809811996108, 'recall': 0.8444642857142858, 'f1-score': 0.8438533575674821, 'support': 2024.0}, 'weighted avg': {'precision': 0.8562727419742654, 'recall': 0.8507905138339921, 'f1-score': 0.8487495929715313, 'support': 2024.0}}","[[135   2   0   0  61   2]
 [  3 376   1   0  20   0]
 [  0  12 386   0   2   0]
 [  1   1   8 355  35   0]
 [  0  63  21   0 254  62]
 [  6   0   0   0   2 216]]",0.018069744110107422,0.07361483573913574
364,BoT_IoT,2,None,MinMaxScaler,SGD,0.8012155487179157,-1,-1,94.53227931488802,81.54761904761905,3.2806324110671934,83.81388581908617,82.24442853372271,-1,"{'0Normal': {'precision': 0.9276315789473685, 'recall': 0.705, 'f1-score': 0.8011363636363635, 'support': 200.0}, 'HTTP': {'precision': 0.7971602434077079, 'recall': 0.9825, 'f1-score': 0.8801791713325867, 'support': 400.0}, 'TCP': {'precision': 0.9410187667560321, 'recall': 0.8775, 'f1-score': 0.908150064683053, 'support': 400.0}, 'UDP': {'precision': 0.9874686716791979, 'recall': 0.985, 'f1-score': 0.986232790988736, 'support': 400.0}, 'scan': {'precision': 0.6606217616580311, 'recall': 0.6375, 'f1-score': 0.6488549618320612, 'support': 400.0}, 'theft': {'precision': 0.7149321266968326, 'recall': 0.7053571428571429, 'f1-score': 0.710112359550562, 'support': 224.0}, 'accuracy': 0.8359683794466403, 'macro avg': {'precision': 0.8381388581908616, 'recall': 0.8154761904761906, 'f1-score': 0.8224442853372271, 'support': 2024.0}, 'weighted avg': {'precision': 0.8400093327914783, 'recall': 0.8359683794466403, 'f1-score': 0.8343178047436627, 'support': 2024.0}}","[[141   0   0   4  49   6]
 [  3 393   0   0   3   1]
 [  0  33 351   0  15   1]
 [  1   0   5 394   0   0]
 [  5  67  17   1 255  55]
 [  2   0   0   0  64 158]]",0.020089149475097656,0.0006833076477050781
365,BoT_IoT,2,None,MinMaxScaler,HHHv2,0.7672458848850118,-1,-1,93.5935441370224,80.70382191473234,3.8438735177865615,75.22321428571428,76.30620315881643,-1,"{'0Normal': {'precision': 0.565, 'recall': 0.9576271186440678, 'f1-score': 0.710691823899371, 'support': 118.0}, 'HTTP': {'precision': 0.975, 'recall': 0.8478260869565217, 'f1-score': 0.9069767441860466, 'support': 460.0}, 'TCP': {'precision': 0.9525, 'recall': 0.9338235294117647, 'f1-score': 0.9430693069306931, 'support': 408.0}, 'UDP': {'precision': 0.995, 'recall': 0.9544364508393285, 'f1-score': 0.9742962056303549, 'support': 417.0}, 'scan': {'precision': 0.7, 'recall': 0.5645161290322581, 'f1-score': 0.625, 'support': 496.0}, 'theft': {'precision': 0.32589285714285715, 'recall': 0.584, 'f1-score': 0.4183381088825215, 'support': 125.0}, 'accuracy': 0.807806324110672, 'macro avg': {'precision': 0.7522321428571428, 'recall': 0.8070382191473234, 'f1-score': 0.7630620315881643, 'support': 2024.0}, 'weighted avg': {'precision': 0.8432023750705816, 'recall': 0.807806324110672, 'f1-score': 0.817399701646049, 'support': 2024.0}}","[[113   2   0   0   0   3]
 [  1 390  19   0  50   0]
 [  2   0 381   1  24   0]
 [ 18   0   0 398   1   0]
 [ 61   7   0   0 280 148]
 [  5   1   0   1  45  73]]",0.3932914733886719,0.0074388980865478516
366,BoT_IoT,2,None,MinMaxScaler,KNN,0.8921194814724774,-1,-1,96.93675889328063,91.7440476190476,1.8379446640316206,91.07081234394812,90.51803835404554,-1,"{'0Normal': {'precision': 0.955, 'recall': 0.955, 'f1-score': 0.955, 'support': 200.0}, 'HTTP': {'precision': 0.841991341991342, 'recall': 0.9725, 'f1-score': 0.9025522041763341, 'support': 400.0}, 'TCP': {'precision': 0.9375, 'recall': 0.975, 'f1-score': 0.9558823529411764, 'support': 400.0}, 'UDP': {'precision': 0.9899244332493703, 'recall': 0.9825, 'f1-score': 0.986198243412798, 'support': 400.0}, 'scan': {'precision': 0.9732824427480916, 'recall': 0.6375, 'f1-score': 0.770392749244713, 'support': 400.0}, 'theft': {'precision': 0.7665505226480837, 'recall': 0.9821428571428571, 'f1-score': 0.8610567514677104, 'support': 224.0}, 'accuracy': 0.908102766798419, 'macro avg': {'precision': 0.9107081234394813, 'recall': 0.9174404761904761, 'f1-score': 0.9051803835404554, 'support': 2024.0}, 'weighted avg': {'precision': 0.9188668993422393, 'recall': 0.908102766798419, 'f1-score': 0.9040943341100671, 'support': 2024.0}}","[[191   0   1   4   3   1]
 [  6 389   5   0   0   0]
 [  0   7 390   0   3   0]
 [  1   0   6 393   0   0]
 [  0  65  14   0 255  66]
 [  2   1   0   0   1 220]]",0.0006158351898193359,0.017620325088500977
367,BoT_IoT,2,None,MinMaxScaler,LDA,0.885636625743839,-1,-1,96.73913043478261,86.22321428571428,1.956521739130435,92.3797831281918,86.44910514818923,-1,"{'0Normal': {'precision': 0.9538461538461539, 'recall': 0.93, 'f1-score': 0.9417721518987343, 'support': 200.0}, 'HTTP': {'precision': 0.9750623441396509, 'recall': 0.9775, 'f1-score': 0.9762796504369537, 'support': 400.0}, 'TCP': {'precision': 0.9752475247524752, 'recall': 0.985, 'f1-score': 0.9800995024875623, 'support': 400.0}, 'UDP': {'precision': 0.980246913580247, 'recall': 0.9925, 'f1-score': 0.9863354037267081, 'support': 400.0}, 'scan': {'precision': 0.7103321033210332, 'recall': 0.9625, 'f1-score': 0.8174097664543525, 'support': 400.0}, 'theft': {'precision': 0.948051948051948, 'recall': 0.32589285714285715, 'f1-score': 0.48504983388704315, 'support': 224.0}, 'accuracy': 0.9021739130434783, 'macro avg': {'precision': 0.9237978312819181, 'recall': 0.8622321428571428, 'f1-score': 0.8644910514818923, 'support': 2024.0}, 'weighted avg': {'precision': 0.918719575815331, 'recall': 0.9021739130434783, 'f1-score': 0.8898494675951953, 'support': 2024.0}}","[[186   1   2   7   2   2]
 [  5 391   1   0   3   0]
 [  0   4 394   0   2   0]
 [  0   1   0 397   1   1]
 [  4   4   6   0 385   1]
 [  0   0   1   1 149  73]]",0.02059793472290039,0.0006365776062011719
368,BoT_IoT,2,None,MinMaxScaler,MLP,0.9277389668715814,-1,-1,98.0072463768116,92.62202380952381,1.1956521739130435,94.26568458271232,93.09872197361697,-1,"{'0Normal': {'precision': 0.9330143540669856, 'recall': 0.975, 'f1-score': 0.9535452322738386, 'support': 200.0}, 'HTTP': {'precision': 0.960880195599022, 'recall': 0.9825, 'f1-score': 0.9715698393077874, 'support': 400.0}, 'TCP': {'precision': 0.9612590799031477, 'recall': 0.9925, 'f1-score': 0.976629766297663, 'support': 400.0}, 'UDP': {'precision': 1.0, 'recall': 0.985, 'f1-score': 0.9924433249370278, 'support': 400.0}, 'scan': {'precision': 0.8429561200923787, 'recall': 0.9125, 'f1-score': 0.8763505402160864, 'support': 400.0}, 'theft': {'precision': 0.9578313253012049, 'recall': 0.7098214285714286, 'f1-score': 0.8153846153846154, 'support': 224.0}, 'accuracy': 0.9402173913043478, 'macro avg': {'precision': 0.9426568458271233, 'recall': 0.9262202380952381, 'f1-score': 0.9309872197361697, 'support': 2024.0}, 'weighted avg': {'precision': 0.9422901412641731, 'recall': 0.9402173913043478, 'f1-score': 0.9388105674922664, 'support': 2024.0}}","[[195   3   0   0   1   1]
 [  2 393   0   0   3   2]
 [  0   1 397   0   2   0]
 [  1   0   5 394   0   0]
 [  8  12  11   0 365   4]
 [  3   0   0   0  62 159]]",1.2044832706451416,0.0013537406921386719
369,BoT_IoT,2,None,MinMaxScaler,LGBM,0.994594839483706,-1,-1,99.85177865612648,99.55059523809524,0.08893280632411067,99.43817007838088,99.49313821039057,-1,"{'0Normal': {'precision': 0.9851485148514851, 'recall': 0.995, 'f1-score': 0.9900497512437811, 'support': 200.0}, 'HTTP': {'precision': 1.0, 'recall': 0.995, 'f1-score': 0.9974937343358395, 'support': 400.0}, 'TCP': {'precision': 0.9925558312655087, 'recall': 1.0, 'f1-score': 0.9962640099626401, 'support': 400.0}, 'UDP': {'precision': 1.0, 'recall': 1.0, 'f1-score': 1.0, 'support': 400.0}, 'scan': {'precision': 0.9974747474747475, 'recall': 0.9875, 'f1-score': 0.992462311557789, 'support': 400.0}, 'theft': {'precision': 0.9911111111111112, 'recall': 0.9955357142857143, 'f1-score': 0.9933184855233853, 'support': 224.0}, 'accuracy': 0.9955533596837944, 'macro avg': {'precision': 0.9943817007838088, 'recall': 0.9955059523809524, 'f1-score': 0.9949313821039057, 'support': 2024.0}, 'weighted avg': {'precision': 0.9955784700371978, 'recall': 0.9955533596837944, 'f1-score': 0.9955540085713943, 'support': 2024.0}}","[[199   0   0   0   1   0]
 [  1 398   1   0   0   0]
 [  0   0 400   0   0   0]
 [  0   0   0 400   0   0]
 [  1   0   2   0 395   2]
 [  1   0   0   0   0 223]]",1.5753858089447021,0.01007986068725586
370,BoT_IoT,2,None,MinMaxScaler,RF,0.98680303056327,-1,-1,99.63768115942028,98.89285714285715,0.21739130434782608,98.62645980734973,98.75335073967767,-1,"{'0Normal': {'precision': 0.9704433497536946, 'recall': 0.985, 'f1-score': 0.977667493796526, 'support': 200.0}, 'HTTP': {'precision': 1.0, 'recall': 0.9925, 'f1-score': 0.9962358845671266, 'support': 400.0}, 'TCP': {'precision': 0.9828009828009828, 'recall': 1.0, 'f1-score': 0.9913258983890954, 'support': 400.0}, 'UDP': {'precision': 1.0, 'recall': 0.9875, 'f1-score': 0.9937106918238994, 'support': 400.0}, 'scan': {'precision': 0.9949109414758269, 'recall': 0.9775, 'f1-score': 0.9861286254728877, 'support': 400.0}, 'theft': {'precision': 0.9694323144104804, 'recall': 0.9910714285714286, 'f1-score': 0.9801324503311258, 'support': 224.0}, 'accuracy': 0.9891304347826086, 'macro avg': {'precision': 0.9862645980734973, 'recall': 0.9889285714285715, 'f1-score': 0.9875335073967767, 'support': 2024.0}, 'weighted avg': {'precision': 0.9892916393722384, 'recall': 0.9891304347826086, 'f1-score': 0.9891519801060679, 'support': 2024.0}}","[[197   0   0   0   2   1]
 [  3 397   0   0   0   0]
 [  0   0 400   0   0   0]
 [  0   0   5 395   0   0]
 [  1   0   2   0 391   6]
 [  2   0   0   0   0 222]]",0.4867899417877197,0.01142740249633789
371,BoT_IoT,2,None,MinMaxScaler,NuSVC,0.8435447024824403,-1,-1,95.70158102766798,85.70535714285712,2.5790513833992095,86.82015878053214,86.1448608050832,-1,"{'0Normal': {'precision': 0.786096256684492, 'recall': 0.735, 'f1-score': 0.7596899224806202, 'support': 200.0}, 'HTTP': {'precision': 0.9023809523809524, 'recall': 0.9475, 'f1-score': 0.9243902439024391, 'support': 400.0}, 'TCP': {'precision': 0.9628647214854111, 'recall': 0.9075, 'f1-score': 0.9343629343629343, 'support': 400.0}, 'UDP': {'precision': 0.9864130434782609, 'recall': 0.9075, 'f1-score': 0.9453125, 'support': 400.0}, 'scan': {'precision': 0.7136563876651982, 'recall': 0.81, 'f1-score': 0.7587822014051522, 'support': 400.0}, 'theft': {'precision': 0.8577981651376146, 'recall': 0.8348214285714286, 'f1-score': 0.8461538461538461, 'support': 224.0}, 'accuracy': 0.8710474308300395, 'macro avg': {'precision': 0.8682015878053214, 'recall': 0.8570535714285713, 'f1-score': 0.861448608050832, 'support': 2024.0}, 'weighted avg': {'precision': 0.877219408266627, 'recall': 0.8710474308300395, 'f1-score': 0.872833793430235, 'support': 2024.0}}","[[147   1   0   4  48   0]
 [  6 379   5   1   9   0]
 [  0   3 363   0  34   0]
 [ 21   1   6 363   9   0]
 [  6  36   3   0 324  31]
 [  7   0   0   0  30 187]]",0.10453224182128906,0.17041730880737305
372,BoT_IoT,2,None,MinMaxScaler,SGD,0.8292376888952748,-1,-1,95.1745718050066,81.03273809523809,2.8952569169960474,88.57856551787648,81.24571662087035,-1,"{'0Normal': {'precision': 0.9086021505376344, 'recall': 0.845, 'f1-score': 0.8756476683937824, 'support': 200.0}, 'HTTP': {'precision': 0.897196261682243, 'recall': 0.96, 'f1-score': 0.927536231884058, 'support': 400.0}, 'TCP': {'precision': 0.966321243523316, 'recall': 0.9325, 'f1-score': 0.9491094147582697, 'support': 400.0}, 'UDP': {'precision': 1.0, 'recall': 0.985, 'f1-score': 0.9924433249370278, 'support': 400.0}, 'scan': {'precision': 0.6232394366197183, 'recall': 0.885, 'f1-score': 0.731404958677686, 'support': 400.0}, 'theft': {'precision': 0.9193548387096774, 'recall': 0.2544642857142857, 'f1-score': 0.3986013986013986, 'support': 224.0}, 'accuracy': 0.8552371541501976, 'macro avg': {'precision': 0.8857856551787648, 'recall': 0.8103273809523809, 'f1-score': 0.8124571662087036, 'support': 2024.0}, 'weighted avg': {'precision': 0.8806120013382438, 'recall': 0.8552371541501976, 'f1-score': 0.8422005034922363, 'support': 2024.0}}","[[169   0   0   0  30   1]
 [  6 384   0   0  10   0]
 [  0  15 373   0  12   0]
 [  1   0   5 394   0   0]
 [  5  29   8   0 354   4]
 [  5   0   0   0 162  57]]",0.05891919136047363,0.0006668567657470703
373,BoT_IoT,2,rbf,MinMaxScaler,HHHv2,0.921007566264213,-1,-1,97.82608695652173,93.43538098914948,1.3043478260869565,91.92261904761907,92.44816981709796,-1,"{'0Normal': {'precision': 0.95, 'recall': 0.95, 'f1-score': 0.9500000000000001, 'support': 200.0}, 'HTTP': {'precision': 0.985, 'recall': 0.9516908212560387, 'f1-score': 0.968058968058968, 'support': 414.0}, 'TCP': {'precision': 0.9775, 'recall': 0.9799498746867168, 'f1-score': 0.9787234042553192, 'support': 399.0}, 'UDP': {'precision': 0.9825, 'recall': 0.9949367088607595, 'f1-score': 0.9886792452830189, 'support': 395.0}, 'scan': {'precision': 0.915, 'recall': 0.8318181818181818, 'f1-score': 0.8714285714285714, 'support': 440.0}, 'theft': {'precision': 0.7053571428571429, 'recall': 0.8977272727272727, 'f1-score': 0.79, 'support': 176.0}, 'accuracy': 0.9347826086956522, 'macro avg': {'precision': 0.9192261904761906, 'recall': 0.9343538098914949, 'f1-score': 0.9244816981709797, 'support': 2024.0}, 'weighted avg': {'precision': 0.940040937323546, 'recall': 0.9347826086956522, 'f1-score': 0.935911029836783, 'support': 2024.0}}","[[190   3   0   0   4   3]
 [  2 394   6   1  11   0]
 [  0   1 391   1   6   0]
 [  0   0   0 393   1   1]
 [  2   2   3   5 366  62]
 [  6   0   0   0  12 158]]",5.580777883529663,0.04393506050109863
374,BoT_IoT,2,None,MinMaxScaler,KNN,0.890288395536577,-1,-1,96.88735177865613,91.70238095238093,1.867588932806324,90.64399298098934,90.28134955032519,-1,"{'0Normal': {'precision': 0.9414634146341463, 'recall': 0.965, 'f1-score': 0.9530864197530864, 'support': 200.0}, 'HTTP': {'precision': 0.859375, 'recall': 0.9625, 'f1-score': 0.9080188679245284, 'support': 400.0}, 'TCP': {'precision': 0.9375, 'recall': 0.975, 'f1-score': 0.9558823529411764, 'support': 400.0}, 'UDP': {'precision': 0.9949367088607595, 'recall': 0.9825, 'f1-score': 0.9886792452830189, 'support': 400.0}, 'scan': {'precision': 0.9621212121212122, 'recall': 0.635, 'f1-score': 0.7650602409638554, 'support': 400.0}, 'theft': {'precision': 0.7432432432432432, 'recall': 0.9821428571428571, 'f1-score': 0.8461538461538461, 'support': 224.0}, 'accuracy': 0.9066205533596838, 'macro avg': {'precision': 0.9064399298098934, 'recall': 0.9170238095238094, 'f1-score': 0.9028134955032519, 'support': 2024.0}, 'weighted avg': {'precision': 0.9171701273745575, 'recall': 0.9066205533596838, 'f1-score': 0.9027727412717937, 'support': 2024.0}}","[[193   0   1   2   3   1]
 [  8 385   5   0   2   0]
 [  0   6 390   0   4   0]
 [  1   0   6 393   0   0]
 [  1  56  14   0 254  75]
 [  2   1   0   0   1 220]]",0.0006072521209716797,0.013397455215454102
375,BoT_IoT,2,None,MinMaxScaler,LDA,0.8862098211576214,-1,-1,96.75559947299077,86.35714285714286,1.9466403162055335,92.19647799847947,86.39767811196944,-1,"{'0Normal': {'precision': 0.9310344827586207, 'recall': 0.945, 'f1-score': 0.9379652605459057, 'support': 200.0}, 'HTTP': {'precision': 0.972636815920398, 'recall': 0.9775, 'f1-score': 0.9750623441396509, 'support': 400.0}, 'TCP': {'precision': 0.9801488833746899, 'recall': 0.9875, 'f1-score': 0.9838107098381071, 'support': 400.0}, 'UDP': {'precision': 0.9900249376558603, 'recall': 0.9925, 'f1-score': 0.9912609238451936, 'support': 400.0}, 'scan': {'precision': 0.7105751391465677, 'recall': 0.9575, 'f1-score': 0.8157614483493077, 'support': 400.0}, 'theft': {'precision': 0.9473684210526315, 'recall': 0.32142857142857145, 'f1-score': 0.48, 'support': 224.0}, 'accuracy': 0.9026679841897233, 'macro avg': {'precision': 0.9219647799847946, 'recall': 0.8635714285714285, 'f1-score': 0.8639767811196943, 'support': 2024.0}, 'weighted avg': {'precision': 0.918859552028913, 'recall': 0.9026679841897233, 'f1-score': 0.8900549518666427, 'support': 2024.0}}","[[189   2   2   3   2   2]
 [  6 391   1   0   2   0]
 [  0   3 395   0   2   0]
 [  0   1   0 397   1   1]
 [  7   5   4   0 383   1]
 [  1   0   1   1 149  72]]",0.01674342155456543,0.0006656646728515625
376,BoT_IoT,2,None,MinMaxScaler,MLP,0.9569381529150471,-1,-1,98.81422924901186,96.52083333333333,0.7114624505928854,96.0741949389788,96.25626517799303,-1,"{'0Normal': {'precision': 0.9371980676328503, 'recall': 0.97, 'f1-score': 0.9533169533169534, 'support': 200.0}, 'HTTP': {'precision': 0.9514563106796117, 'recall': 0.98, 'f1-score': 0.9655172413793104, 'support': 400.0}, 'TCP': {'precision': 0.9635036496350365, 'recall': 0.99, 'f1-score': 0.9765721331689273, 'support': 400.0}, 'UDP': {'precision': 1.0, 'recall': 0.985, 'f1-score': 0.9924433249370278, 'support': 400.0}, 'scan': {'precision': 0.9728997289972899, 'recall': 0.8975, 'f1-score': 0.9336801040312093, 'support': 400.0}, 'theft': {'precision': 0.9393939393939394, 'recall': 0.96875, 'f1-score': 0.9538461538461539, 'support': 224.0}, 'accuracy': 0.9644268774703557, 'macro avg': {'precision': 0.9607419493897881, 'recall': 0.9652083333333333, 'f1-score': 0.9625626517799303, 'support': 2024.0}, 'weighted avg': {'precision': 0.9649247686144209, 'recall': 0.9644268774703557, 'f1-score': 0.9642342146894857, 'support': 2024.0}}","[[194   3   0   0   1   2]
 [  2 392   0   0   3   3]
 [  0   2 396   0   2   0]
 [  1   0   5 394   0   0]
 [  7  15  10   0 359   9]
 [  3   0   0   0   4 217]]",1.1964609622955322,0.0013408660888671875
377,BoT_IoT,2,None,MinMaxScaler,LGBM,0.993996137824925,-1,-1,99.83530961791831,99.50892857142858,0.09881422924901186,99.35718105515772,99.43107084140841,-1,"{'0Normal': {'precision': 0.9802955665024631, 'recall': 0.995, 'f1-score': 0.9875930521091811, 'support': 200.0}, 'HTTP': {'precision': 1.0, 'recall': 0.995, 'f1-score': 0.9974937343358395, 'support': 400.0}, 'TCP': {'precision': 0.9925558312655087, 'recall': 1.0, 'f1-score': 0.9962640099626401, 'support': 400.0}, 'UDP': {'precision': 1.0, 'recall': 1.0, 'f1-score': 1.0, 'support': 400.0}, 'scan': {'precision': 0.9974683544303797, 'recall': 0.985, 'f1-score': 0.9911949685534591, 'support': 400.0}, 'theft': {'precision': 0.9911111111111112, 'recall': 0.9955357142857143, 'f1-score': 0.9933184855233853, 'support': 224.0}, 'accuracy': 0.9950592885375494, 'macro avg': {'precision': 0.9935718105515772, 'recall': 0.9950892857142858, 'f1-score': 0.9943107084140842, 'support': 2024.0}, 'weighted avg': {'precision': 0.9950976662390004, 'recall': 0.9950592885375494, 'f1-score': 0.9950607886955781, 'support': 2024.0}}","[[199   0   0   0   1   0]
 [  1 398   1   0   0   0]
 [  0   0 400   0   0   0]
 [  0   0   0 400   0   0]
 [  2   0   2   0 394   2]
 [  1   0   0   0   0 223]]",1.6445202827453613,0.012619256973266602
378,BoT_IoT,2,None,MinMaxScaler,RF,0.9873939828694259,-1,-1,99.65415019762845,98.89285714285715,0.20750988142292492,98.72493038683557,98.80521624196118,-1,"{'0Normal': {'precision': 0.9702970297029703, 'recall': 0.98, 'f1-score': 0.9751243781094527, 'support': 200.0}, 'HTTP': {'precision': 1.0, 'recall': 0.9925, 'f1-score': 0.9962358845671266, 'support': 400.0}, 'TCP': {'precision': 0.9828009828009828, 'recall': 1.0, 'f1-score': 0.9913258983890954, 'support': 400.0}, 'UDP': {'precision': 1.0, 'recall': 0.9875, 'f1-score': 0.9937106918238994, 'support': 400.0}, 'scan': {'precision': 0.9924242424242424, 'recall': 0.9825, 'f1-score': 0.9874371859296482, 'support': 400.0}, 'theft': {'precision': 0.9779735682819384, 'recall': 0.9910714285714286, 'f1-score': 0.9844789356984479, 'support': 224.0}, 'accuracy': 0.9896245059288538, 'macro avg': {'precision': 0.9872493038683556, 'recall': 0.9889285714285715, 'f1-score': 0.9880521624196117, 'support': 2024.0}, 'weighted avg': {'precision': 0.9897310154771928, 'recall': 0.9896245059288538, 'f1-score': 0.9896403268291752, 'support': 2024.0}}","[[196   0   0   0   3   1]
 [  3 397   0   0   0   0]
 [  0   0 400   0   0   0]
 [  0   0   5 395   0   0]
 [  1   0   2   0 393   4]
 [  2   0   0   0   0 222]]",0.48204898834228516,0.011347532272338867
379,BoT_IoT,2,None,MinMaxScaler,NuSVC,0.8458298662930688,-1,-1,95.76745718050066,86.23214285714286,2.5395256916996045,86.90867252162934,86.49174518932496,-1,"{'0Normal': {'precision': 0.79, 'recall': 0.79, 'f1-score': 0.79, 'support': 200.0}, 'HTTP': {'precision': 0.8912529550827423, 'recall': 0.9425, 'f1-score': 0.9161603888213852, 'support': 400.0}, 'TCP': {'precision': 0.9578947368421052, 'recall': 0.91, 'f1-score': 0.9333333333333333, 'support': 400.0}, 'UDP': {'precision': 0.991869918699187, 'recall': 0.915, 'f1-score': 0.951885565669701, 'support': 400.0}, 'scan': {'precision': 0.7276887871853547, 'recall': 0.795, 'f1-score': 0.7598566308243727, 'support': 400.0}, 'theft': {'precision': 0.8558139534883721, 'recall': 0.8214285714285714, 'f1-score': 0.8382687927107062, 'support': 224.0}, 'accuracy': 0.8730237154150198, 'macro avg': {'precision': 0.8690867252162935, 'recall': 0.8623214285714286, 'f1-score': 0.8649174518932496, 'support': 2024.0}, 'weighted avg': {'precision': 0.8780557730756675, 'recall': 0.8730237154150198, 'f1-score': 0.8746376368709066, 'support': 2024.0}}","[[158   1   0   3  38   0]
 [  6 377   7   0  10   0]
 [  0   2 364   0  34   0]
 [ 24   1   6 366   3   0]
 [  6  42   3   0 318  31]
 [  6   0   0   0  34 184]]",0.09169125556945801,0.16788434982299805
380,BoT_IoT,2,None,MinMaxScaler,SGD,0.8000550616949437,-1,-1,94.40052700922266,77.66071428571428,3.3596837944664033,86.46299767217633,78.13259176574071,-1,"{'0Normal': {'precision': 0.896774193548387, 'recall': 0.695, 'f1-score': 0.7830985915492957, 'support': 200.0}, 'HTTP': {'precision': 0.875, 'recall': 0.9625, 'f1-score': 0.9166666666666667, 'support': 400.0}, 'TCP': {'precision': 0.9221698113207547, 'recall': 0.9775, 'f1-score': 0.9490291262135921, 'support': 400.0}, 'UDP': {'precision': 0.9974683544303797, 'recall': 0.985, 'f1-score': 0.9911949685534591, 'support': 400.0}, 'scan': {'precision': 0.5840867992766727, 'recall': 0.8075, 'f1-score': 0.6778593913955929, 'support': 400.0}, 'theft': {'precision': 0.9122807017543859, 'recall': 0.23214285714285715, 'f1-score': 0.3701067615658363, 'support': 224.0}, 'accuracy': 0.8320158102766798, 'macro avg': {'precision': 0.8646299767217633, 'recall': 0.7766071428571427, 'f1-score': 0.7813259176574071, 'support': 2024.0}, 'weighted avg': {'precision': 0.8573101294040428, 'recall': 0.8320158102766798, 'f1-score': 0.8169089397392939, 'support': 2024.0}}","[[139   2   0   1  56   2]
 [  5 385   8   0   2   0]
 [  0   4 391   0   5   0]
 [  0   0   6 394   0   0]
 [  6  49  19   0 323   3]
 [  5   0   0   0 167  52]]",0.050298452377319336,0.0006418228149414062
381,BoT_IoT,2,poly,MinMaxScaler,HHHv2,0.9210775339161489,-1,-1,97.82608695652173,93.40563098056958,1.3043478260869565,91.81547619047619,92.36325259421298,-1,"{'0Normal': {'precision': 0.945, 'recall': 0.949748743718593, 'f1-score': 0.9473684210526316, 'support': 199.0}, 'HTTP': {'precision': 0.985, 'recall': 0.9563106796116505, 'f1-score': 0.9704433497536945, 'support': 412.0}, 'TCP': {'precision': 0.9725, 'recall': 0.9848101265822785, 'f1-score': 0.9786163522012579, 'support': 395.0}, 'UDP': {'precision': 0.985, 'recall': 0.9924433249370277, 'f1-score': 0.9887076537013803, 'support': 397.0}, 'scan': {'precision': 0.925, 'recall': 0.8295964125560538, 'f1-score': 0.8747044917257684, 'support': 446.0}, 'theft': {'precision': 0.6964285714285714, 'recall': 0.8914285714285715, 'f1-score': 0.7819548872180451, 'support': 175.0}, 'accuracy': 0.9347826086956522, 'macro avg': {'precision': 0.9181547619047619, 'recall': 0.9340563098056958, 'f1-score': 0.9236325259421297, 'support': 2024.0}, 'weighted avg': {'precision': 0.9404557806324111, 'recall': 0.9347826086956522, 'f1-score': 0.9359583409583948, 'support': 2024.0}}","[[189   3   0   0   4   3]
 [  1 394   7   1   9   0]
 [  0   1 389   1   4   0]
 [  0   0   0 394   1   2]
 [  3   2   4   4 370  63]
 [  7   0   0   0  12 156]]",5.632049322128296,0.05791664123535156
382,BoT_IoT,2,None,MinMaxScaler,KNN,0.7924871365453217,-1,-1,94.08761528326745,83.65178571428572,3.547430830039526,82.15653763311201,81.15380320322926,-1,"{'0Normal': {'precision': 0.8535353535353535, 'recall': 0.845, 'f1-score': 0.8492462311557788, 'support': 200.0}, 'HTTP': {'precision': 0.7551440329218106, 'recall': 0.9175, 'f1-score': 0.8284424379232506, 'support': 400.0}, 'TCP': {'precision': 0.9128329297820823, 'recall': 0.9425, 'f1-score': 0.9274292742927429, 'support': 400.0}, 'UDP': {'precision': 0.989247311827957, 'recall': 0.92, 'f1-score': 0.9533678756476685, 'support': 400.0}, 'scan': {'precision': 0.7799043062200957, 'recall': 0.4075, 'f1-score': 0.5353037766830869, 'support': 400.0}, 'theft': {'precision': 0.638728323699422, 'recall': 0.9866071428571429, 'f1-score': 0.7754385964912281, 'support': 224.0}, 'accuracy': 0.8226284584980237, 'macro avg': {'precision': 0.8215653763311201, 'recall': 0.8365178571428572, 'f1-score': 0.8115380320322926, 'support': 2024.0}, 'weighted avg': {'precision': 0.8343051618164622, 'recall': 0.8226284584980237, 'f1-score': 0.810951006750934, 'support': 2024.0}}","[[169   3   1   4  21   2]
 [ 10 367   4   0  19   0]
 [  0  17 377   0   6   0]
 [ 16  10   6 368   0   0]
 [  0  89  25   0 163 123]
 [  3   0   0   0   0 221]]",0.00044655799865722656,0.006637096405029297
383,BoT_IoT,2,None,MinMaxScaler,LDA,0.8006202516811711,-1,-1,94.4828722002635,78.08928571428572,3.3102766798418974,83.25800074168313,79.25974610074532,-1,"{'0Normal': {'precision': 0.9621212121212122, 'recall': 0.635, 'f1-score': 0.7650602409638554, 'support': 200.0}, 'HTTP': {'precision': 0.919047619047619, 'recall': 0.965, 'f1-score': 0.9414634146341463, 'support': 400.0}, 'TCP': {'precision': 0.9490291262135923, 'recall': 0.9775, 'f1-score': 0.9630541871921182, 'support': 400.0}, 'UDP': {'precision': 0.9827160493827161, 'recall': 0.995, 'f1-score': 0.9888198757763975, 'support': 400.0}, 'scan': {'precision': 0.590566037735849, 'recall': 0.7825, 'f1-score': 0.6731182795698925, 'support': 400.0}, 'theft': {'precision': 0.592, 'recall': 0.33035714285714285, 'f1-score': 0.42406876790830944, 'support': 224.0}, 'accuracy': 0.8344861660079052, 'macro avg': {'precision': 0.8325800074168314, 'recall': 0.7808928571428573, 'f1-score': 0.7925974610074532, 'support': 2024.0}, 'weighted avg': {'precision': 0.8406994937629214, 'recall': 0.8344861660079052, 'f1-score': 0.8273645034946908, 'support': 2024.0}}","[[127   1   4   6  59   3]
 [  4 386   1   0   8   1]
 [  0   8 391   0   1   0]
 [  0   1   0 398   1   0]
 [  1  24  15   0 313  47]
 [  0   0   1   1 148  74]]",0.009531974792480469,0.0005369186401367188
384,BoT_IoT,2,None,MinMaxScaler,MLP,0.8911108590492498,-1,-1,97.00263504611331,89.58035714285714,1.7984189723320159,90.78257986145312,89.8102161988076,-1,"{'0Normal': {'precision': 0.9266666666666666, 'recall': 0.695, 'f1-score': 0.7942857142857142, 'support': 200.0}, 'HTTP': {'precision': 0.9137529137529138, 'recall': 0.98, 'f1-score': 0.9457177322074789, 'support': 400.0}, 'TCP': {'precision': 0.9225352112676056, 'recall': 0.9825, 'f1-score': 0.9515738498789347, 'support': 400.0}, 'UDP': {'precision': 1.0, 'recall': 0.985, 'f1-score': 0.9924433249370278, 'support': 400.0}, 'scan': {'precision': 0.824, 'recall': 0.7725, 'f1-score': 0.7974193548387096, 'support': 400.0}, 'theft': {'precision': 0.86, 'recall': 0.9598214285714286, 'f1-score': 0.9071729957805906, 'support': 224.0}, 'accuracy': 0.9100790513833992, 'macro avg': {'precision': 0.9078257986145312, 'recall': 0.8958035714285714, 'f1-score': 0.8981021619880759, 'support': 2024.0}, 'weighted avg': {'precision': 0.9101228178564925, 'recall': 0.9100790513833992, 'f1-score': 0.9075719360952843, 'support': 2024.0}}","[[139   3   0   0  56   2]
 [  5 392   0   0   1   2]
 [  0   4 393   0   3   0]
 [  1   0   5 394   0   0]
 [  2  30  28   0 309  31]
 [  3   0   0   0   6 215]]",0.4627261161804199,0.001363515853881836
385,BoT_IoT,2,None,MinMaxScaler,LGBM,0.9945903170281101,-1,-1,99.85177865612648,99.46726190476191,0.08893280632411067,99.47601016414299,99.47124324373445,-1,"{'0Normal': {'precision': 0.9899497487437185, 'recall': 0.985, 'f1-score': 0.9874686716791979, 'support': 200.0}, 'HTTP': {'precision': 0.9975, 'recall': 0.9975, 'f1-score': 0.9975, 'support': 400.0}, 'TCP': {'precision': 0.9950248756218906, 'recall': 1.0, 'f1-score': 0.9975062344139651, 'support': 400.0}, 'UDP': {'precision': 1.0, 'recall': 1.0, 'f1-score': 1.0, 'support': 400.0}, 'scan': {'precision': 0.9949748743718593, 'recall': 0.99, 'f1-score': 0.9924812030075189, 'support': 400.0}, 'theft': {'precision': 0.9911111111111112, 'recall': 0.9955357142857143, 'f1-score': 0.9933184855233853, 'support': 224.0}, 'accuracy': 0.9955533596837944, 'macro avg': {'precision': 0.9947601016414299, 'recall': 0.994672619047619, 'f1-score': 0.9947124324373445, 'support': 2024.0}, 'weighted avg': {'precision': 0.9955527364798085, 'recall': 0.9955533596837944, 'f1-score': 0.9955494318486519, 'support': 2024.0}}","[[197   1   0   0   2   0]
 [  1 399   0   0   0   0]
 [  0   0 400   0   0   0]
 [  0   0   0 400   0   0]
 [  0   0   2   0 396   2]
 [  1   0   0   0   0 223]]",1.0819780826568604,0.00957798957824707
386,BoT_IoT,2,None,MinMaxScaler,RF,0.987382119520836,-1,-1,99.65415019762845,98.82738095238093,0.20750988142292492,98.76717119228101,98.79587261512329,-1,"{'0Normal': {'precision': 0.98, 'recall': 0.98, 'f1-score': 0.98, 'support': 200.0}, 'HTTP': {'precision': 1.0, 'recall': 0.995, 'f1-score': 0.9974937343358395, 'support': 400.0}, 'TCP': {'precision': 0.9876543209876543, 'recall': 1.0, 'f1-score': 0.9937888198757764, 'support': 400.0}, 'UDP': {'precision': 1.0, 'recall': 0.9925, 'f1-score': 0.9962358845671266, 'support': 400.0}, 'scan': {'precision': 0.9849246231155779, 'recall': 0.98, 'f1-score': 0.9824561403508771, 'support': 400.0}, 'theft': {'precision': 0.9734513274336283, 'recall': 0.9821428571428571, 'f1-score': 0.9777777777777777, 'support': 224.0}, 'accuracy': 0.9896245059288538, 'macro avg': {'precision': 0.9876717119228101, 'recall': 0.9882738095238094, 'f1-score': 0.9879587261512329, 'support': 2024.0}, 'weighted avg': {'precision': 0.9896663413964554, 'recall': 0.9896245059288538, 'f1-score': 0.9896304614002324, 'support': 2024.0}}","[[196   0   0   0   4   0]
 [  2 398   0   0   0   0]
 [  0   0 400   0   0   0]
 [  0   0   3 397   0   0]
 [  0   0   2   0 392   6]
 [  2   0   0   0   2 220]]",0.20325684547424316,0.01194453239440918
387,BoT_IoT,2,None,MinMaxScaler,NuSVC,0.7996044836837752,-1,-1,94.4828722002635,83.14583333333334,3.3102766798418974,83.16317726036395,82.78943323629481,-1,"{'0Normal': {'precision': 0.8242424242424242, 'recall': 0.68, 'f1-score': 0.7452054794520547, 'support': 200.0}, 'HTTP': {'precision': 0.8309178743961353, 'recall': 0.86, 'f1-score': 0.8452088452088452, 'support': 400.0}, 'TCP': {'precision': 0.9152941176470588, 'recall': 0.9725, 'f1-score': 0.9430303030303031, 'support': 400.0}, 'UDP': {'precision': 1.0, 'recall': 0.89, 'f1-score': 0.9417989417989417, 'support': 400.0}, 'scan': {'precision': 0.6415584415584416, 'recall': 0.6175, 'f1-score': 0.6292993630573249, 'support': 400.0}, 'theft': {'precision': 0.7777777777777778, 'recall': 0.96875, 'f1-score': 0.8628230616302187, 'support': 224.0}, 'accuracy': 0.8344861660079052, 'macro avg': {'precision': 0.8316317726036395, 'recall': 0.8314583333333334, 'f1-score': 0.8278943323629481, 'support': 2024.0}, 'weighted avg': {'precision': 0.8370449014384196, 'recall': 0.8344861660079052, 'f1-score': 0.8330278868249732, 'support': 2024.0}}","[[136   1   0   0  62   1]
 [ 22 344   0   0  34   0]
 [  0   6 389   0   5   0]
 [  1   2   6 356  35   0]
 [  1  61  30   0 247  61]
 [  5   0   0   0   2 217]]",0.013879776000976562,0.06606459617614746
388,BoT_IoT,2,None,MinMaxScaler,SGD,0.800043516759886,-1,-1,94.46640316205533,80.73511904761905,3.320158102766799,82.98345927390432,80.07594031256119,-1,"{'0Normal': {'precision': 0.9205607476635514, 'recall': 0.985, 'f1-score': 0.9516908212560387, 'support': 200.0}, 'HTTP': {'precision': 0.7978947368421052, 'recall': 0.9475, 'f1-score': 0.8662857142857143, 'support': 400.0}, 'TCP': {'precision': 0.8562091503267973, 'recall': 0.9825, 'f1-score': 0.9150174621653084, 'support': 400.0}, 'UDP': {'precision': 1.0, 'recall': 0.98, 'f1-score': 0.98989898989899, 'support': 400.0}, 'scan': {'precision': 0.6598984771573604, 'recall': 0.65, 'f1-score': 0.6549118387909321, 'support': 400.0}, 'theft': {'precision': 0.7444444444444445, 'recall': 0.29910714285714285, 'f1-score': 0.42675159235668797, 'support': 224.0}, 'accuracy': 0.83399209486166, 'macro avg': {'precision': 0.8298345927390431, 'recall': 0.8073511904761905, 'f1-score': 0.8007594031256119, 'support': 2024.0}, 'weighted avg': {'precision': 0.8282947879539383, 'recall': 0.83399209486166, 'f1-score': 0.8183676497013259, 'support': 2024.0}}","[[197   0   0   0   1   2]
 [  5 379  13   0   2   1]
 [  0   4 393   0   3   0]
 [  0   0   8 392   0   0]
 [  8  67  45   0 260  20]
 [  4  25   0   0 128  67]]",0.017796993255615234,0.0006103515625
389,BoT_IoT,2,linear,MinMaxScaler,HHHv2,0.8063192220736108,-1,-1,94.66403162055336,82.66039867964228,3.2015810276679844,81.64880952380953,81.73104534331272,-1,"{'0Normal': {'precision': 0.685, 'recall': 0.8782051282051282, 'f1-score': 0.7696629213483147, 'support': 156.0}, 'HTTP': {'precision': 0.9625, 'recall': 0.8442982456140351, 'f1-score': 0.8995327102803738, 'support': 456.0}, 'TCP': {'precision': 0.95, 'recall': 0.9313725490196079, 'f1-score': 0.9405940594059405, 'support': 408.0}, 'UDP': {'precision': 0.995, 'recall': 0.9149425287356322, 'f1-score': 0.9532934131736527, 'support': 435.0}, 'scan': {'precision': 0.61, 'recall': 0.746177370030581, 'f1-score': 0.671251719394773, 'support': 327.0}, 'theft': {'precision': 0.6964285714285714, 'recall': 0.6446280991735537, 'f1-score': 0.6695278969957081, 'support': 242.0}, 'accuracy': 0.8399209486166008, 'macro avg': {'precision': 0.8164880952380953, 'recall': 0.8266039867964229, 'f1-score': 0.8173104534331271, 'support': 2024.0}, 'weighted avg': {'precision': 0.8568135940146809, 'recall': 0.8399209486166008, 'f1-score': 0.8449725325599814, 'support': 2024.0}}","[[137  12   0   0   3   4]
 [  1 385  20   0  50   0]
 [  2   0 380   2  24   0]
 [ 37   0   0 398   0   0]
 [ 17   2   0   0 244  64]
 [  6   1   0   0  79 156]]",0.21392130851745605,0.011408567428588867
390,BoT_IoT,2,None,MinMaxScaler,KNN,0.8698206566260108,-1,-1,96.31093544137023,90.08630952380953,2.2134387351778657,88.86509739586648,88.47929839765767,-1,"{'0Normal': {'precision': 0.9223300970873787, 'recall': 0.95, 'f1-score': 0.9359605911330049, 'support': 200.0}, 'HTTP': {'precision': 0.8307692307692308, 'recall': 0.945, 'f1-score': 0.8842105263157896, 'support': 400.0}, 'TCP': {'precision': 0.9261904761904762, 'recall': 0.9725, 'f1-score': 0.9487804878048781, 'support': 400.0}, 'UDP': {'precision': 0.9899244332493703, 'recall': 0.9825, 'f1-score': 0.986198243412798, 'support': 400.0}, 'scan': {'precision': 0.9203187250996016, 'recall': 0.5775, 'f1-score': 0.7096774193548386, 'support': 400.0}, 'theft': {'precision': 0.7423728813559322, 'recall': 0.9776785714285714, 'f1-score': 0.8439306358381503, 'support': 224.0}, 'accuracy': 0.8893280632411067, 'macro avg': {'precision': 0.8886509739586649, 'recall': 0.9008630952380953, 'f1-score': 0.8847929839765767, 'support': 2024.0}, 'weighted avg': {'precision': 0.8980428315042865, 'recall': 0.8893280632411067, 'f1-score': 0.8832901439771089, 'support': 2024.0}}","[[190   1   0   4   3   2]
 [  6 378   5   0  11   0]
 [  0   7 389   0   4   0]
 [  1   0   6 393   0   0]
 [  7  68  20   0 231  74]
 [  2   1   0   0   2 219]]",0.0005640983581542969,0.011870622634887695
391,BoT_IoT,2,None,MinMaxScaler,LDA,0.8881559879998314,-1,-1,96.80500658761528,86.59821428571428,1.91699604743083,92.91556078960646,86.6755411030086,-1,"{'0Normal': {'precision': 0.9362745098039216, 'recall': 0.955, 'f1-score': 0.9455445544554456, 'support': 200.0}, 'HTTP': {'precision': 0.9679012345679012, 'recall': 0.98, 'f1-score': 0.9739130434782608, 'support': 400.0}, 'TCP': {'precision': 0.9849624060150376, 'recall': 0.9825, 'f1-score': 0.983729662077597, 'support': 400.0}, 'UDP': {'precision': 0.9900497512437811, 'recall': 0.995, 'f1-score': 0.9925187032418954, 'support': 400.0}, 'scan': {'precision': 0.7092592592592593, 'recall': 0.9575, 'f1-score': 0.8148936170212766, 'support': 400.0}, 'theft': {'precision': 0.9864864864864865, 'recall': 0.32589285714285715, 'f1-score': 0.48993288590604034, 'support': 224.0}, 'accuracy': 0.9041501976284585, 'macro avg': {'precision': 0.9291556078960647, 'recall': 0.8659821428571428, 'f1-score': 0.866755411030086, 'support': 2024.0}, 'weighted avg': {'precision': 0.9234668653004688, 'recall': 0.9041501976284585, 'f1-score': 0.8917370986470623, 'support': 2024.0}}","[[191   3   1   3   2   0]
 [  6 392   0   0   2   0]
 [  0   5 393   0   2   0]
 [  0   1   0 398   1   0]
 [  7   4   5   0 383   1]
 [  0   0   0   1 150  73]]",0.016182899475097656,0.0006401538848876953
392,BoT_IoT,2,None,MinMaxScaler,MLP,0.9169995906633952,-1,-1,97.71080368906456,91.67559523809524,1.3735177865612649,93.51272653268573,92.18455895598274,-1,"{'0Normal': {'precision': 0.9330143540669856, 'recall': 0.975, 'f1-score': 0.9535452322738386, 'support': 200.0}, 'HTTP': {'precision': 0.9486552567237164, 'recall': 0.97, 'f1-score': 0.9592088998763907, 'support': 400.0}, 'TCP': {'precision': 0.9587378640776699, 'recall': 0.9875, 'f1-score': 0.9729064039408868, 'support': 400.0}, 'UDP': {'precision': 1.0, 'recall': 0.985, 'f1-score': 0.9924433249370278, 'support': 400.0}, 'scan': {'precision': 0.8200455580865603, 'recall': 0.9, 'f1-score': 0.8581644815256256, 'support': 400.0}, 'theft': {'precision': 0.9503105590062112, 'recall': 0.6830357142857143, 'f1-score': 0.7948051948051948, 'support': 224.0}, 'accuracy': 0.9313241106719368, 'macro avg': {'precision': 0.9351272653268573, 'recall': 0.9167559523809524, 'f1-score': 0.9218455895598273, 'support': 2024.0}, 'weighted avg': {'precision': 0.9340157646175727, 'recall': 0.9313241106719368, 'f1-score': 0.9297602046458021, 'support': 2024.0}}","[[195   3   0   0   1   1]
 [  2 388   0   0   6   4]
 [  0   1 395   0   4   0]
 [  1   0   5 394   0   0]
 [  8  17  12   0 360   3]
 [  3   0   0   0  68 153]]",1.0494744777679443,0.0014004707336425781
393,BoT_IoT,2,None,MinMaxScaler,LGBM,0.9945960580414513,-1,-1,99.85177865612648,99.55059523809524,0.08893280632411067,99.39833179443073,99.47268626907369,-1,"{'0Normal': {'precision': 0.9802955665024631, 'recall': 0.995, 'f1-score': 0.9875930521091811, 'support': 200.0}, 'HTTP': {'precision': 1.0, 'recall': 0.9975, 'f1-score': 0.9987484355444306, 'support': 400.0}, 'TCP': {'precision': 0.9950248756218906, 'recall': 1.0, 'f1-score': 0.9975062344139651, 'support': 400.0}, 'UDP': {'precision': 1.0, 'recall': 1.0, 'f1-score': 1.0, 'support': 400.0}, 'scan': {'precision': 0.9974683544303797, 'recall': 0.985, 'f1-score': 0.9911949685534591, 'support': 400.0}, 'theft': {'precision': 0.9911111111111112, 'recall': 0.9955357142857143, 'f1-score': 0.9933184855233853, 'support': 224.0}, 'accuracy': 0.9955533596837944, 'macro avg': {'precision': 0.9939833179443074, 'recall': 0.9955059523809524, 'f1-score': 0.994726862690737, 'support': 2024.0}, 'weighted avg': {'precision': 0.9955856196691154, 'recall': 0.9955533596837944, 'f1-score': 0.9955542522647315, 'support': 2024.0}}","[[199   0   0   0   1   0]
 [  1 399   0   0   0   0]
 [  0   0 400   0   0   0]
 [  0   0   0 400   0   0]
 [  2   0   2   0 394   2]
 [  1   0   0   0   0 223]]",1.496744155883789,0.012239456176757812
394,BoT_IoT,2,None,MinMaxScaler,RF,0.9885989751046964,-1,-1,99.6870882740448,99.05952380952382,0.18774703557312253,98.84399330000578,98.94709832995366,-1,"{'0Normal': {'precision': 0.9705882352941176, 'recall': 0.99, 'f1-score': 0.9801980198019802, 'support': 200.0}, 'HTTP': {'precision': 1.0, 'recall': 0.99, 'f1-score': 0.9949748743718593, 'support': 400.0}, 'TCP': {'precision': 0.9828009828009828, 'recall': 1.0, 'f1-score': 0.9913258983890954, 'support': 400.0}, 'UDP': {'precision': 1.0, 'recall': 0.9875, 'f1-score': 0.9937106918238994, 'support': 400.0}, 'scan': {'precision': 0.9949494949494949, 'recall': 0.985, 'f1-score': 0.9899497487437187, 'support': 400.0}, 'theft': {'precision': 0.9823008849557522, 'recall': 0.9910714285714286, 'f1-score': 0.9866666666666667, 'support': 224.0}, 'accuracy': 0.9906126482213439, 'macro avg': {'precision': 0.9884399330000578, 'recall': 0.9905952380952382, 'f1-score': 0.9894709832995366, 'support': 2024.0}, 'weighted avg': {'precision': 0.9907377650143789, 'recall': 0.9906126482213439, 'f1-score': 0.9906311376606514, 'support': 2024.0}}","[[198   0   0   0   2   0]
 [  3 396   0   0   0   1]
 [  0   0 400   0   0   0]
 [  0   0   5 395   0   0]
 [  1   0   2   0 394   3]
 [  2   0   0   0   0 222]]",0.40949034690856934,0.011074542999267578
395,BoT_IoT,2,None,MinMaxScaler,NuSVC,0.8602593286463012,-1,-1,96.14624505928853,88.78869047619048,2.3122529644268774,87.59912004111229,88.01935595500731,-1,"{'0Normal': {'precision': 0.7350427350427351, 'recall': 0.86, 'f1-score': 0.7926267281105991, 'support': 200.0}, 'HTTP': {'precision': 0.8729016786570744, 'recall': 0.91, 'f1-score': 0.8910648714810282, 'support': 400.0}, 'TCP': {'precision': 0.9705093833780161, 'recall': 0.905, 'f1-score': 0.9366106080206986, 'support': 400.0}, 'UDP': {'precision': 0.9917582417582418, 'recall': 0.9025, 'f1-score': 0.9450261780104713, 'support': 400.0}, 'scan': {'precision': 0.8081841432225064, 'recall': 0.79, 'f1-score': 0.7989886219974714, 'support': 400.0}, 'theft': {'precision': 0.8775510204081632, 'recall': 0.9598214285714286, 'f1-score': 0.9168443496801705, 'support': 224.0}, 'accuracy': 0.8843873517786561, 'macro avg': {'precision': 0.8759912004111229, 'recall': 0.8878869047619048, 'f1-score': 0.8801935595500732, 'support': 2024.0}, 'weighted avg': {'precision': 0.8897832778588494, 'recall': 0.8843873517786561, 'f1-score': 0.8856593832778389, 'support': 2024.0}}","[[172   1   0   3  23   1]
 [ 20 364   2   0  14   0]
 [  0   4 362   0  34   0]
 [ 29   2   6 361   2   0]
 [  6  46   3   0 316  29]
 [  7   0   0   0   2 215]]",0.056031227111816406,0.12967252731323242
396,BoT_IoT,2,None,MinMaxScaler,SGD,0.803155029682402,-1,-1,94.46640316205533,78.39285714285715,3.320158102766799,85.29375134020634,79.54029879251637,-1,"{'0Normal': {'precision': 0.9271523178807947, 'recall': 0.7, 'f1-score': 0.7977207977207977, 'support': 200.0}, 'HTTP': {'precision': 0.9194805194805195, 'recall': 0.885, 'f1-score': 0.9019108280254778, 'support': 400.0}, 'TCP': {'precision': 0.9338235294117647, 'recall': 0.9525, 'f1-score': 0.9430693069306931, 'support': 400.0}, 'UDP': {'precision': 1.0, 'recall': 0.985, 'f1-score': 0.9924433249370278, 'support': 400.0}, 'scan': {'precision': 0.5899159663865546, 'recall': 0.8775, 'f1-score': 0.7055276381909547, 'support': 400.0}, 'theft': {'precision': 0.7472527472527473, 'recall': 0.30357142857142855, 'f1-score': 0.4317460317460317, 'support': 224.0}, 'accuracy': 0.83399209486166, 'macro avg': {'precision': 0.8529375134020634, 'recall': 0.7839285714285715, 'f1-score': 0.7954029879251637, 'support': 2024.0}, 'weighted avg': {'precision': 0.8547940143637894, 'recall': 0.83399209486166, 'f1-score': 0.8267962993522391, 'support': 2024.0}}","[[140   0   0   0  56   4]
 [  5 354   1   0  25  15]
 [  0   8 381   0  11   0]
 [  0   0   6 394   0   0]
 [  2  23  20   0 351   4]
 [  4   0   0   0 152  68]]",0.043531179428100586,0.0007495880126953125
397,BoT_IoT,2,sigmoid,MinMaxScaler,HHHv2,0.018424072666863727,-1,-1,72.61198945981555,18.421337319497376,16.432806324110672,18.05654761904762,16.820235778190366,-1,"{'0Normal': {'precision': 0.24, 'recall': 0.13675213675213677, 'f1-score': 0.17422867513611615, 'support': 351.0}, 'HTTP': {'precision': 0.11, 'recall': 0.30985915492957744, 'f1-score': 0.16236162361623618, 'support': 142.0}, 'TCP': {'precision': 0.2, 'recall': 0.15904572564612326, 'f1-score': 0.17718715393134, 'support': 503.0}, 'UDP': {'precision': 0.3425, 'recall': 0.3071748878923767, 'f1-score': 0.32387706855791965, 'support': 446.0}, 'scan': {'precision': 0.0525, 'recall': 0.11475409836065574, 'f1-score': 0.07204116638078902, 'support': 183.0}, 'theft': {'precision': 0.13839285714285715, 'recall': 0.07769423558897243, 'f1-score': 0.09951845906902086, 'support': 399.0}, 'accuracy': 0.1783596837944664, 'macro avg': {'precision': 0.18056547619047622, 'recall': 0.18421337319497375, 'f1-score': 0.16820235778190365, 'support': 2024.0}, 'weighted avg': {'precision': 0.20654211956521742, 'recall': 0.1783596837944664, 'f1-score': 0.18313998278004062, 'support': 2024.0}}","[[ 48  79  69  63  71  21]
 [ 11  44  20  31  20  16]
 [ 39  52  80  73 137 122]
 [ 29  79 128 137  63  10]
 [ 58  18  45  17  21  24]
 [ 15 128  58  79  88  31]]",2.838749408721924,0.03487706184387207
398,BoT_IoT,0,None,MinMaxScaler,KNN,0.520977105606134,-1,-1,86.80830039525692,58.56547619047618,7.91501976284585,62.78828234106603,58.690038176745865,-1,"{'0Normal': {'precision': 0.6976744186046512, 'recall': 0.3, 'f1-score': 0.41958041958041964, 'support': 200.0}, 'HTTP': {'precision': 0.6149312377210217, 'recall': 0.7825, 'f1-score': 0.6886688668866887, 'support': 400.0}, 'TCP': {'precision': 0.8163265306122449, 'recall': 0.7, 'f1-score': 0.7537012113055181, 'support': 400.0}, 'UDP': {'precision': 0.9178885630498533, 'recall': 0.7825, 'f1-score': 0.844804318488529, 'support': 400.0}, 'scan': {'precision': 0.24047619047619048, 'recall': 0.2525, 'f1-score': 0.24634146341463417, 'support': 400.0}, 'theft': {'precision': 0.48, 'recall': 0.6964285714285714, 'f1-score': 0.5683060109289617, 'support': 224.0}, 'accuracy': 0.6042490118577075, 'macro avg': {'precision': 0.6278828234106603, 'recall': 0.5856547619047618, 'f1-score': 0.5869003817674586, 'support': 2024.0}, 'weighted avg': {'precision': 0.63384579667226, 'recall': 0.6042490118577075, 'f1-score': 0.6050508766809879, 'support': 2024.0}}","[[ 60   3   0  26 105   6]
 [  2 313  11   2  72   0]
 [  0  50 280   0  70   0]
 [ 13  29  26 313   8  11]
 [  9 113  25   0 101 152]
 [  2   1   1   0  64 156]]",0.0002982616424560547,0.0018486976623535156
399,BoT_IoT,0,None,MinMaxScaler,LDA,0.6568567516597178,-1,-1,90.61264822134387,65.1875,5.632411067193676,70.17498190141512,65.38670060441852,-1,"{'0Normal': {'precision': 0.9, 'recall': 0.36, 'f1-score': 0.5142857142857143, 'support': 200.0}, 'HTTP': {'precision': 0.7569721115537849, 'recall': 0.95, 'f1-score': 0.8425720620842572, 'support': 400.0}, 'TCP': {'precision': 0.9014423076923077, 'recall': 0.9375, 'f1-score': 0.9191176470588235, 'support': 400.0}, 'UDP': {'precision': 0.9203747072599532, 'recall': 0.9825, 'f1-score': 0.950423216444982, 'support': 400.0}, 'scan': {'precision': 0.417607223476298, 'recall': 0.4625, 'f1-score': 0.4389086595492289, 'support': 400.0}, 'theft': {'precision': 0.3141025641025641, 'recall': 0.21875, 'f1-score': 0.2578947368421053, 'support': 224.0}, 'accuracy': 0.7183794466403162, 'macro avg': {'precision': 0.7017498190141512, 'recall': 0.651875, 'f1-score': 0.6538670060441852, 'support': 2024.0}, 'weighted avg': {'precision': 0.7158683371303911, 'recall': 0.7183794466403162, 'f1-score': 0.7020919950418435, 'support': 2024.0}}","[[ 72   3   0  34  83   8]
 [  5 380  11   0   4   0]
 [  0  25 375   0   0   0]
 [  0   1   6 393   0   0]
 [  0  92  24   0 185  99]
 [  3   1   0   0 171  49]]",0.0006134510040283203,0.0003046989440917969
400,BoT_IoT,0,None,MinMaxScaler,MLP,0.6764780938468361,-1,-1,91.15612648221344,68.8422619047619,5.3063241106719365,69.75271983193335,69.00066038447125,-1,"{'0Normal': {'precision': 0.6971428571428572, 'recall': 0.61, 'f1-score': 0.6506666666666667, 'support': 200.0}, 'HTTP': {'precision': 0.7685185185185185, 'recall': 0.83, 'f1-score': 0.798076923076923, 'support': 400.0}, 'TCP': {'precision': 0.9112709832134293, 'recall': 0.95, 'f1-score': 0.9302325581395349, 'support': 400.0}, 'UDP': {'precision': 0.9694656488549618, 'recall': 0.9525, 'f1-score': 0.9609079445145018, 'support': 400.0}, 'scan': {'precision': 0.47692307692307695, 'recall': 0.5425, 'f1-score': 0.5076023391812866, 'support': 400.0}, 'theft': {'precision': 0.3618421052631579, 'recall': 0.24553571428571427, 'f1-score': 0.2925531914893617, 'support': 224.0}, 'accuracy': 0.7346837944664032, 'macro avg': {'precision': 0.6975271983193335, 'recall': 0.688422619047619, 'f1-score': 0.6900066038447125, 'support': 2024.0}, 'weighted avg': {'precision': 0.726755184788297, 'recall': 0.7346837944664032, 'f1-score': 0.7284551157074354, 'support': 2024.0}}","[[122   1   0  12  57   8]
 [ 44 332  13   0  11   0]
 [  0  18 380   0   2   0]
 [  3   9   5 381   2   0]
 [  3  72  19   0 217  89]
 [  3   0   0   0 166  55]]",0.05442929267883301,0.0006113052368164062
401,BoT_IoT,0,None,MinMaxScaler,LGBM,0.9360603824266258,-1,-1,98.22134387351778,94.62797619047619,1.0671936758893281,94.85197651287022,94.54861932770498,-1,"{'0Normal': {'precision': 0.9682539682539683, 'recall': 0.915, 'f1-score': 0.9408740359897171, 'support': 200.0}, 'HTTP': {'precision': 0.9897172236503856, 'recall': 0.9625, 'f1-score': 0.9759188846641318, 'support': 400.0}, 'TCP': {'precision': 0.8671023965141612, 'recall': 0.995, 'f1-score': 0.9266589057043074, 'support': 400.0}, 'UDP': {'precision': 0.9950124688279302, 'recall': 0.9975, 'f1-score': 0.9962546816479401, 'support': 400.0}, 'scan': {'precision': 0.9623188405797102, 'recall': 0.83, 'f1-score': 0.8912751677852349, 'support': 400.0}, 'theft': {'precision': 0.9087136929460581, 'recall': 0.9776785714285714, 'f1-score': 0.9419354838709677, 'support': 224.0}, 'accuracy': 0.9466403162055336, 'macro avg': {'precision': 0.9485197651287023, 'recall': 0.9462797619047619, 'f1-score': 0.9454861932770499, 'support': 2024.0}, 'weighted avg': {'precision': 0.9500311426381352, 'recall': 0.9466403162055336, 'f1-score': 0.9462506973842322, 'support': 2024.0}}","[[183   1   0   2   9   5]
 [  4 385   0   0   1  10]
 [  0   2 398   0   0   0]
 [  0   1   0 399   0   0]
 [  0   0  61   0 332   7]
 [  2   0   0   0   3 219]]",0.12374234199523926,0.008296966552734375
402,BoT_IoT,0,None,MinMaxScaler,RF,0.9566743874824873,-1,-1,98.79776021080369,96.26785714285715,0.7213438735177866,96.54002329374683,96.28746107905944,-1,"{'0Normal': {'precision': 0.9840425531914894, 'recall': 0.925, 'f1-score': 0.9536082474226805, 'support': 200.0}, 'HTTP': {'precision': 1.0, 'recall': 0.9925, 'f1-score': 0.9962358845671266, 'support': 400.0}, 'TCP': {'precision': 0.9009009009009009, 'recall': 1.0, 'f1-score': 0.947867298578199, 'support': 400.0}, 'UDP': {'precision': 0.9975062344139651, 'recall': 1.0, 'f1-score': 0.9987515605493134, 'support': 400.0}, 'scan': {'precision': 0.9692737430167597, 'recall': 0.8675, 'f1-score': 0.9155672823218998, 'support': 400.0}, 'theft': {'precision': 0.940677966101695, 'recall': 0.9910714285714286, 'f1-score': 0.9652173913043479, 'support': 224.0}, 'accuracy': 0.9639328063241107, 'macro avg': {'precision': 0.9654002329374682, 'recall': 0.9626785714285715, 'f1-score': 0.9628746107905944, 'support': 2024.0}, 'weighted avg': {'precision': 0.9657078687636996, 'recall': 0.9639328063241107, 'f1-score': 0.963586539300062, 'support': 2024.0}}","[[185   0   0   1  11   3]
 [  1 397   0   0   0   2]
 [  0   0 400   0   0   0]
 [  0   0   0 400   0   0]
 [  0   0  44   0 347   9]
 [  2   0   0   0   0 222]]",0.05393099784851074,0.008777141571044922
403,BoT_IoT,0,None,MinMaxScaler,NuSVC,0.7119342572277665,-1,-1,91.99604743083005,74.46428571428572,4.8023715415019765,74.86811914021492,73.63081848357821,-1,"{'0Normal': {'precision': 0.8928571428571429, 'recall': 0.625, 'f1-score': 0.7352941176470589, 'support': 200.0}, 'HTTP': {'precision': 0.8198198198198198, 'recall': 0.91, 'f1-score': 0.862559241706161, 'support': 400.0}, 'TCP': {'precision': 0.8804597701149425, 'recall': 0.9575, 'f1-score': 0.9173652694610778, 'support': 400.0}, 'UDP': {'precision': 0.9846153846153847, 'recall': 0.96, 'f1-score': 0.9721518987341772, 'support': 400.0}, 'scan': {'precision': 0.4412811387900356, 'recall': 0.31, 'f1-score': 0.36417033773861973, 'support': 400.0}, 'theft': {'precision': 0.47305389221556887, 'recall': 0.7053571428571429, 'f1-score': 0.5663082437275986, 'support': 224.0}, 'accuracy': 0.7598814229249012, 'macro avg': {'precision': 0.7486811914021492, 'recall': 0.7446428571428573, 'f1-score': 0.7363081848357821, 'support': 2024.0}, 'weighted avg': {'precision': 0.7584021471164966, 'recall': 0.7598814229249012, 'f1-score': 0.7511909926780673, 'support': 2024.0}}","[[125   0   0   6  62   7]
 [  5 364   3   0  28   0]
 [  0  17 383   0   0   0]
 [  0   2  10 384   4   0]
 [  8  61  38   0 124 169]
 [  2   0   1   0  63 158]]",0.0010619163513183594,0.005751848220825195
404,BoT_IoT,0,None,MinMaxScaler,SGD,0.6730349550203422,-1,-1,90.72793148880105,65.58928571428572,5.563241106719367,70.95951952180911,62.78554967998274,-1,"{'0Normal': {'precision': 0.48034934497816595, 'recall': 0.55, 'f1-score': 0.5128205128205128, 'support': 200.0}, 'HTTP': {'precision': 0.8293515358361775, 'recall': 0.6075, 'f1-score': 0.7012987012987014, 'support': 400.0}, 'TCP': {'precision': 0.927461139896373, 'recall': 0.895, 'f1-score': 0.910941475826972, 'support': 400.0}, 'UDP': {'precision': 0.9380952380952381, 'recall': 0.985, 'f1-score': 0.9609756097560974, 'support': 400.0}, 'scan': {'precision': 0.5108853410740203, 'recall': 0.88, 'f1-score': 0.6464646464646464, 'support': 400.0}, 'theft': {'precision': 0.5714285714285714, 'recall': 0.017857142857142856, 'f1-score': 0.034632034632034625, 'support': 224.0}, 'accuracy': 0.7218379446640316, 'macro avg': {'precision': 0.7095951952180911, 'recall': 0.6558928571428572, 'f1-score': 0.6278554967998274, 'support': 2024.0}, 'weighted avg': {'precision': 0.7442624362432593, 'recall': 0.7218379446640316, 'f1-score': 0.6908072389625717, 'support': 2024.0}}","[[110   1   0  26  60   3]
 [ 83 243   6   0  68   0]
 [  0  27 358   0  15   0]
 [  0   0   1 394   5   0]
 [  6  21  21   0 352   0]
 [ 30   1   0   0 189   4]]",0.0015490055084228516,0.00033855438232421875
405,BoT_IoT,0,None,MinMaxScaler,HHHv2,0.6049617527875466,-1,-1,89.19631093544137,60.11819789511389,6.482213438735178,59.59821428571429,58.01778571863788,-1,"{'0Normal': {'precision': 0.135, 'recall': 0.42857142857142855, 'f1-score': 0.2053231939163498, 'support': 63.0}, 'HTTP': {'precision': 0.9675, 'recall': 0.7233644859813084, 'f1-score': 0.8278074866310161, 'support': 535.0}, 'TCP': {'precision': 0.935, 'recall': 0.8968824940047961, 'f1-score': 0.9155446756425949, 'support': 417.0}, 'UDP': {'precision': 0.86, 'recall': 0.8037383177570093, 'f1-score': 0.8309178743961353, 'support': 428.0}, 'scan': {'precision': 0.4775, 'recall': 0.4331065759637188, 'f1-score': 0.4542211652794293, 'support': 441.0}, 'theft': {'precision': 0.20089285714285715, 'recall': 0.32142857142857145, 'f1-score': 0.24725274725274723, 'support': 140.0}, 'accuracy': 0.6758893280632411, 'macro avg': {'precision': 0.5959821428571429, 'recall': 0.6011819789511389, 'f1-score': 0.5801778571863788, 'support': 2024.0}, 'weighted avg': {'precision': 0.7523690711462451, 'recall': 0.6758893280632411, 'f1-score': 0.7056098147492313, 'support': 2024.0}}","[[ 27   0   0  35   1   0]
 [  7 387  26  12  96   7]
 [  5  10 374   3  25   0]
 [ 81   1   0 344   0   2]
 [ 73   2   0   5 191 170]
 [  7   0   0   1  87  45]]",0.002046823501586914,0.005583524703979492
406,BoT_IoT,0,None,MinMaxScaler,KNN,0.8874271286898259,-1,-1,96.80500658761528,91.3125,1.91699604743083,90.6156752882604,90.04031914422895,-1,"{'0Normal': {'precision': 0.9597989949748744, 'recall': 0.955, 'f1-score': 0.9573934837092732, 'support': 200.0}, 'HTTP': {'precision': 0.8552631578947368, 'recall': 0.975, 'f1-score': 0.911214953271028, 'support': 400.0}, 'TCP': {'precision': 0.9256594724220624, 'recall': 0.965, 'f1-score': 0.944920440636475, 'support': 400.0}, 'UDP': {'precision': 0.9974619289340102, 'recall': 0.9825, 'f1-score': 0.9899244332493703, 'support': 400.0}, 'scan': {'precision': 0.9656488549618321, 'recall': 0.6325, 'f1-score': 0.7643504531722054, 'support': 400.0}, 'theft': {'precision': 0.7331081081081081, 'recall': 0.96875, 'f1-score': 0.8346153846153846, 'support': 224.0}, 'accuracy': 0.9041501976284585, 'macro avg': {'precision': 0.906156752882604, 'recall': 0.913125, 'f1-score': 0.9004031914422894, 'support': 2024.0}, 'weighted avg': {'precision': 0.9159038443163279, 'recall': 0.9041501976284585, 'f1-score': 0.9004924184917649, 'support': 2024.0}}","[[191   1   1   1   2   4]
 [  2 390   6   0   2   0]
 [  0  11 386   0   3   0]
 [  1   0   4 393   2   0]
 [  2  54  16   0 253  75]
 [  3   0   4   0   0 217]]",0.00036454200744628906,0.0037844181060791016
407,BoT_IoT,0,None,MinMaxScaler,LDA,0.6561206084784489,-1,-1,90.57971014492753,67.54464285714286,5.6521739130434785,66.46521064985077,66.68290896550863,-1,"{'0Normal': {'precision': 0.591743119266055, 'recall': 0.645, 'f1-score': 0.6172248803827751, 'support': 200.0}, 'HTTP': {'precision': 0.7305825242718447, 'recall': 0.7525, 'f1-score': 0.7413793103448275, 'support': 400.0}, 'TCP': {'precision': 0.9219143576826196, 'recall': 0.915, 'f1-score': 0.9184441656210791, 'support': 400.0}, 'UDP': {'precision': 0.8491379310344828, 'recall': 0.985, 'f1-score': 0.912037037037037, 'support': 400.0}, 'scan': {'precision': 0.5452196382428941, 'recall': 0.5275, 'f1-score': 0.5362134688691232, 'support': 400.0}, 'theft': {'precision': 0.3493150684931507, 'recall': 0.22767857142857142, 'f1-score': 0.2756756756756757, 'support': 224.0}, 'accuracy': 0.717391304347826, 'macro avg': {'precision': 0.6646521064985077, 'recall': 0.6754464285714286, 'f1-score': 0.6668290896550864, 'support': 2024.0}, 'weighted avg': {'precision': 0.6992771638776746, 'recall': 0.717391304347826, 'f1-score': 0.705744031707872, 'support': 2024.0}}","[[129   1   1  67   1   1]
 [ 78 301  17   0   4   0]
 [  0  28 366   3   3   0]
 [  0   0   6 394   0   0]
 [  7  82   6   0 211  94]
 [  4   0   1   0 168  51]]",0.0015180110931396484,0.0003459453582763672
408,BoT_IoT,0,None,MinMaxScaler,MLP,0.8800676183159395,-1,-1,96.70619235836627,87.76488095238093,1.9762845849802373,90.31011202354057,88.73483491427541,-1,"{'0Normal': {'precision': 0.8983050847457628, 'recall': 0.795, 'f1-score': 0.8435013262599469, 'support': 200.0}, 'HTTP': {'precision': 0.916267942583732, 'recall': 0.9575, 'f1-score': 0.9364303178484108, 'support': 400.0}, 'TCP': {'precision': 0.9584352078239609, 'recall': 0.98, 'f1-score': 0.969097651421508, 'support': 400.0}, 'UDP': {'precision': 0.9974554707379135, 'recall': 0.98, 'f1-score': 0.9886506935687264, 'support': 400.0}, 'scan': {'precision': 0.7560975609756098, 'recall': 0.8525, 'f1-score': 0.8014101057579319, 'support': 400.0}, 'theft': {'precision': 0.8920454545454546, 'recall': 0.7008928571428571, 'f1-score': 0.7849999999999999, 'support': 224.0}, 'accuracy': 0.9011857707509882, 'macro avg': {'precision': 0.9031011202354057, 'recall': 0.8776488095238094, 'f1-score': 0.8873483491427541, 'support': 2024.0}, 'weighted avg': {'precision': 0.9045363990196742, 'recall': 0.9011857707509882, 'f1-score': 0.9005809153609784, 'support': 2024.0}}","[[159   1   0   1  35   4]
 [  5 383   2   0  10   0]
 [  0   6 392   0   2   0]
 [  2   0   6 392   0   0]
 [  7  28   9   0 341  15]
 [  4   0   0   0  63 157]]",0.47466087341308594,0.0007469654083251953
409,BoT_IoT,0,None,MinMaxScaler,LGBM,0.9945940061018048,-1,-1,99.85177865612648,99.48511904761905,0.08893280632411067,99.43046669293017,99.45605603382207,-1,"{'0Normal': {'precision': 0.9802955665024631, 'recall': 0.995, 'f1-score': 0.9875930521091811, 'support': 200.0}, 'HTTP': {'precision': 1.0, 'recall': 0.9975, 'f1-score': 0.9987484355444306, 'support': 400.0}, 'TCP': {'precision': 0.9925558312655087, 'recall': 1.0, 'f1-score': 0.9962640099626401, 'support': 400.0}, 'UDP': {'precision': 1.0, 'recall': 1.0, 'f1-score': 1.0, 'support': 400.0}, 'scan': {'precision': 0.9974811083123426, 'recall': 0.99, 'f1-score': 0.9937264742785445, 'support': 400.0}, 'theft': {'precision': 0.9954954954954955, 'recall': 0.9866071428571429, 'f1-score': 0.9910313901345291, 'support': 224.0}, 'accuracy': 0.9955533596837944, 'macro avg': {'precision': 0.9943046669293016, 'recall': 0.9948511904761905, 'f1-score': 0.9945605603382207, 'support': 2024.0}, 'weighted avg': {'precision': 0.995585415080348, 'recall': 0.9955533596837944, 'f1-score': 0.9955559336591981, 'support': 2024.0}}","[[199   0   0   0   1   0]
 [  1 399   0   0   0   0]
 [  0   0 400   0   0   0]
 [  0   0   0 400   0   0]
 [  0   0   3   0 396   1]
 [  3   0   0   0   0 221]]",0.6392467021942139,0.012609004974365234
410,BoT_IoT,0,None,MinMaxScaler,RF,0.9915864143730172,-1,-1,99.76943346508564,99.13690476190476,0.1383399209486166,99.11324350766405,99.12326906183334,-1,"{'0Normal': {'precision': 0.9753694581280788, 'recall': 0.99, 'f1-score': 0.9826302729528535, 'support': 200.0}, 'HTTP': {'precision': 1.0, 'recall': 0.9975, 'f1-score': 0.9987484355444306, 'support': 400.0}, 'TCP': {'precision': 0.9950248756218906, 'recall': 1.0, 'f1-score': 0.9975062344139651, 'support': 400.0}, 'UDP': {'precision': 1.0, 'recall': 1.0, 'f1-score': 1.0, 'support': 400.0}, 'scan': {'precision': 0.9899749373433584, 'recall': 0.9875, 'f1-score': 0.9887359198998749, 'support': 400.0}, 'theft': {'precision': 0.9864253393665159, 'recall': 0.9732142857142857, 'f1-score': 0.9797752808988764, 'support': 224.0}, 'accuracy': 0.9930830039525692, 'macro avg': {'precision': 0.9911324350766405, 'recall': 0.9913690476190475, 'f1-score': 0.9912326906183334, 'support': 2024.0}, 'weighted avg': {'precision': 0.9930993541649283, 'recall': 0.9930830039525692, 'f1-score': 0.9930790283869699, 'support': 2024.0}}","[[198   0   0   0   2   0]
 [  1 399   0   0   0   0]
 [  0   0 400   0   0   0]
 [  0   0   0 400   0   0]
 [  0   0   2   0 395   3]
 [  4   0   0   0   2 218]]",0.1524035930633545,0.009847879409790039
411,BoT_IoT,0,None,MinMaxScaler,NuSVC,0.8597393168211149,-1,-1,96.1133069828722,89.54761904761907,2.3320158102766797,87.32107675607647,88.08583345874034,-1,"{'0Normal': {'precision': 0.7975206611570248, 'recall': 0.965, 'f1-score': 0.8733031674208144, 'support': 200.0}, 'HTTP': {'precision': 0.9037974683544304, 'recall': 0.8925, 'f1-score': 0.8981132075471697, 'support': 400.0}, 'TCP': {'precision': 0.9627659574468085, 'recall': 0.905, 'f1-score': 0.9329896907216496, 'support': 400.0}, 'UDP': {'precision': 0.9865591397849462, 'recall': 0.9175, 'f1-score': 0.9507772020725388, 'support': 400.0}, 'scan': {'precision': 0.8104395604395604, 'recall': 0.7375, 'f1-score': 0.7722513089005236, 'support': 400.0}, 'theft': {'precision': 0.7781818181818182, 'recall': 0.9553571428571429, 'f1-score': 0.8577154308617234, 'support': 224.0}, 'accuracy': 0.883399209486166, 'macro avg': {'precision': 0.8732107675607647, 'recall': 0.8954761904761906, 'f1-score': 0.8808583345874034, 'support': 2024.0}, 'weighted avg': {'precision': 0.8889534139893431, 'recall': 0.883399209486166, 'f1-score': 0.8836173190187459, 'support': 2024.0}}","[[193   1   0   5   0   1]
 [  5 357   4   0  34   0]
 [  0   5 362   0  33   0]
 [ 27   0   6 367   0   0]
 [ 11  31   3   0 295  60]
 [  6   1   1   0   2 214]]",0.02843499183654785,0.04999804496765137
412,BoT_IoT,0,None,MinMaxScaler,SGD,0.7723228287356448,-1,-1,93.61001317523056,75.10714285714286,3.83399209486166,83.4235397212018,75.46828765744661,-1,"{'0Normal': {'precision': 0.8627450980392157, 'recall': 0.66, 'f1-score': 0.7478753541076487, 'support': 200.0}, 'HTTP': {'precision': 0.8127659574468085, 'recall': 0.955, 'f1-score': 0.8781609195402299, 'support': 400.0}, 'TCP': {'precision': 0.9806629834254144, 'recall': 0.8875, 'f1-score': 0.931758530183727, 'support': 400.0}, 'UDP': {'precision': 0.9925373134328358, 'recall': 0.9975, 'f1-score': 0.9950124688279303, 'support': 400.0}, 'scan': {'precision': 0.5567010309278351, 'recall': 0.81, 'f1-score': 0.659877800407332, 'support': 400.0}, 'theft': {'precision': 0.8, 'recall': 0.19642857142857142, 'f1-score': 0.3154121863799283, 'support': 224.0}, 'accuracy': 0.808300395256917, 'macro avg': {'precision': 0.8342353972120181, 'recall': 0.7510714285714286, 'f1-score': 0.7546828765744661, 'support': 2024.0}, 'weighted avg': {'precision': 0.8343952241605734, 'recall': 0.808300395256917, 'f1-score': 0.7935530079813842, 'support': 2024.0}}","[[132   2   0   3  57   6]
 [  6 382   3   0   9   0]
 [  0  24 355   0  21   0]
 [  0   0   1 399   0   0]
 [  8  60   3   0 324   5]
 [  7   2   0   0 171  44]]",0.009511470794677734,0.00044846534729003906
413,BoT_IoT,0,rbf,MinMaxScaler,HHHv2,0.9258214176776708,-1,-1,97.92490118577075,93.40653661436521,1.2450592885375493,94.11309523809524,93.40757939313148,-1,"{'0Normal': {'precision': 0.955, 'recall': 0.9646464646464646, 'f1-score': 0.9597989949748743, 'support': 198.0}, 'HTTP': {'precision': 0.985, 'recall': 0.9120370370370371, 'f1-score': 0.9471153846153846, 'support': 432.0}, 'TCP': {'precision': 0.9775, 'recall': 0.9654320987654321, 'f1-score': 0.9714285714285714, 'support': 405.0}, 'UDP': {'precision': 0.995, 'recall': 0.9875930521091811, 'f1-score': 0.991282689912827, 'support': 403.0}, 'scan': {'precision': 0.77, 'recall': 0.9746835443037974, 'f1-score': 0.8603351955307262, 'support': 316.0}, 'theft': {'precision': 0.9642857142857143, 'recall': 0.8, 'f1-score': 0.8744939271255061, 'support': 270.0}, 'accuracy': 0.9377470355731226, 'macro avg': {'precision': 0.9411309523809525, 'recall': 0.9340653661436521, 'f1-score': 0.9340757939313149, 'support': 2024.0}, 'weighted avg': {'precision': 0.946225119988707, 'recall': 0.9377470355731226, 'f1-score': 0.9387790636037096, 'support': 2024.0}}","[[191   2   0   0   2   3]
 [  2 394   9   0  27   0]
 [  2   2 391   0   9   1]
 [  3   0   0 398   1   1]
 [  1   2   0   2 308   3]
 [  1   0   0   0  53 216]]",2.5730650424957275,0.027977466583251953
414,BoT_IoT,0,None,MinMaxScaler,KNN,0.8421818189084394,-1,-1,95.52042160737813,88.13690476190476,2.6877470355731226,86.75906250129287,86.20574864735269,-1,"{'0Normal': {'precision': 0.9230769230769231, 'recall': 0.96, 'f1-score': 0.9411764705882353, 'support': 200.0}, 'HTTP': {'precision': 0.8017057569296375, 'recall': 0.94, 'f1-score': 0.8653624856156501, 'support': 400.0}, 'TCP': {'precision': 0.9070904645476773, 'recall': 0.9275, 'f1-score': 0.9171817058096416, 'support': 400.0}, 'UDP': {'precision': 0.9948320413436692, 'recall': 0.9625, 'f1-score': 0.9783989834815756, 'support': 400.0}, 'scan': {'precision': 0.8823529411764706, 'recall': 0.525, 'f1-score': 0.6583072100313481, 'support': 400.0}, 'theft': {'precision': 0.6964856230031949, 'recall': 0.9732142857142857, 'f1-score': 0.8119180633147114, 'support': 224.0}, 'accuracy': 0.8656126482213439, 'macro avg': {'precision': 0.8675906250129287, 'recall': 0.8813690476190476, 'f1-score': 0.8620574864735269, 'support': 2024.0}, 'weighted avg': {'precision': 0.8769864850627876, 'recall': 0.8656126482213439, 'f1-score': 0.8585993548791644, 'support': 2024.0}}","[[192   1   1   2   3   1]
 [  2 376   4   0  18   0]
 [  0  22 371   0   7   0]
 [  9   0   6 385   0   0]
 [  1  68  27   0 210  94]
 [  4   2   0   0   0 218]]",0.0003552436828613281,0.0037076473236083984
415,BoT_IoT,0,None,MinMaxScaler,LDA,0.7025340125713747,-1,-1,91.81488801054019,72.92857142857142,4.91106719367589,70.77985458878163,71.19295068017287,-1,"{'0Normal': {'precision': 0.6715328467153284, 'recall': 0.92, 'f1-score': 0.7763713080168776, 'support': 200.0}, 'HTTP': {'precision': 0.7426470588235294, 'recall': 0.7575, 'f1-score': 0.75, 'support': 400.0}, 'TCP': {'precision': 0.9298245614035088, 'recall': 0.9275, 'f1-score': 0.9286608260325406, 'support': 400.0}, 'UDP': {'precision': 0.9656862745098039, 'recall': 0.985, 'f1-score': 0.9752475247524752, 'support': 400.0}, 'scan': {'precision': 0.5583126550868487, 'recall': 0.5625, 'f1-score': 0.5603985056039851, 'support': 400.0}, 'theft': {'precision': 0.3787878787878788, 'recall': 0.22321428571428573, 'f1-score': 0.2808988764044944, 'support': 224.0}, 'accuracy': 0.7544466403162056, 'macro avg': {'precision': 0.7077985458878163, 'recall': 0.7292857142857142, 'f1-score': 0.7119295068017287, 'support': 2024.0}, 'weighted avg': {'precision': 0.7399917362258036, 'recall': 0.7544466403162056, 'f1-score': 0.7430426642656041, 'support': 2024.0}}","[[184   3   0  11   1   1]
 [ 78 303  15   0   4   0]
 [  0  22 371   3   4   0]
 [  0   0   6 394   0   0]
 [  8  80   6   0 225  81]
 [  4   0   1   0 169  50]]",0.0014162063598632812,0.0003864765167236328
416,BoT_IoT,0,None,MinMaxScaler,MLP,0.8413049511756362,-1,-1,95.65217391304348,84.21428571428572,2.608695652173913,86.84616737599055,85.2017245995568,-1,"{'0Normal': {'precision': 0.8838709677419355, 'recall': 0.685, 'f1-score': 0.7718309859154932, 'support': 200.0}, 'HTTP': {'precision': 0.8744292237442922, 'recall': 0.9575, 'f1-score': 0.9140811455847255, 'support': 400.0}, 'TCP': {'precision': 0.9440389294403893, 'recall': 0.97, 'f1-score': 0.9568434032059185, 'support': 400.0}, 'UDP': {'precision': 0.9949238578680203, 'recall': 0.98, 'f1-score': 0.9874055415617129, 'support': 400.0}, 'scan': {'precision': 0.6990740740740741, 'recall': 0.755, 'f1-score': 0.7259615384615385, 'support': 400.0}, 'theft': {'precision': 0.8144329896907216, 'recall': 0.7053571428571429, 'f1-score': 0.7559808612440192, 'support': 224.0}, 'accuracy': 0.8695652173913043, 'macro avg': {'precision': 0.8684616737599055, 'recall': 0.8421428571428572, 'f1-score': 0.8520172459955679, 'support': 2024.0}, 'weighted avg': {'precision': 0.8716371626925984, 'recall': 0.8695652173913043, 'f1-score': 0.868291779460137, 'support': 2024.0}}","[[137   1   0   2  56   4]
 [  5 383   2   0  10   0]
 [  0  10 388   0   2   0]
 [  2   0   6 392   0   0]
 [  7  44  15   0 302  32]
 [  4   0   0   0  62 158]]",0.35436081886291504,0.0007061958312988281
417,BoT_IoT,0,None,MinMaxScaler,LGBM,0.9945931121405406,-1,-1,99.85177865612648,99.48511904761905,0.08893280632411067,99.39721567618707,99.43980856699164,-1,"{'0Normal': {'precision': 0.9802955665024631, 'recall': 0.995, 'f1-score': 0.9875930521091811, 'support': 200.0}, 'HTTP': {'precision': 1.0, 'recall': 0.9975, 'f1-score': 0.9987484355444306, 'support': 400.0}, 'TCP': {'precision': 0.9950248756218906, 'recall': 1.0, 'f1-score': 0.9975062344139651, 'support': 400.0}, 'UDP': {'precision': 1.0, 'recall': 1.0, 'f1-score': 1.0, 'support': 400.0}, 'scan': {'precision': 0.9974811083123426, 'recall': 0.99, 'f1-score': 0.9937264742785445, 'support': 400.0}, 'theft': {'precision': 0.9910313901345291, 'recall': 0.9866071428571429, 'f1-score': 0.9888143176733781, 'support': 224.0}, 'accuracy': 0.9955533596837944, 'macro avg': {'precision': 0.9939721567618708, 'recall': 0.9948511904761905, 'f1-score': 0.9943980856699165, 'support': 2024.0}, 'weighted avg': {'precision': 0.995579317324269, 'recall': 0.9955533596837944, 'f1-score': 0.9955560648594117, 'support': 2024.0}}","[[199   0   0   0   1   0]
 [  1 399   0   0   0   0]
 [  0   0 400   0   0   0]
 [  0   0   0 400   0   0]
 [  0   0   2   0 396   2]
 [  3   0   0   0   0 221]]",0.7674145698547363,0.009771585464477539
418,BoT_IoT,0,None,MinMaxScaler,RF,0.9885846739269228,-1,-1,99.6870882740448,98.88690476190476,0.18774703557312253,98.74579313345649,98.81484766794975,-1,"{'0Normal': {'precision': 0.9752475247524752, 'recall': 0.985, 'f1-score': 0.9800995024875623, 'support': 200.0}, 'HTTP': {'precision': 1.0, 'recall': 0.9975, 'f1-score': 0.9987484355444306, 'support': 400.0}, 'TCP': {'precision': 0.9950248756218906, 'recall': 1.0, 'f1-score': 0.9975062344139651, 'support': 400.0}, 'UDP': {'precision': 1.0, 'recall': 1.0, 'f1-score': 1.0, 'support': 400.0}, 'scan': {'precision': 0.9898734177215189, 'recall': 0.9775, 'f1-score': 0.9836477987421384, 'support': 400.0}, 'theft': {'precision': 0.9646017699115044, 'recall': 0.9732142857142857, 'f1-score': 0.9688888888888889, 'support': 224.0}, 'accuracy': 0.9906126482213439, 'macro avg': {'precision': 0.9874579313345649, 'recall': 0.9888690476190476, 'f1-score': 0.9881484766794975, 'support': 2024.0}, 'weighted avg': {'precision': 0.9906519855474486, 'recall': 0.9906126482213439, 'f1-score': 0.9906185766249196, 'support': 2024.0}}","[[197   0   0   0   2   1]
 [  1 399   0   0   0   0]
 [  0   0 400   0   0   0]
 [  0   0   0 400   0   0]
 [  0   0   2   0 391   7]
 [  4   0   0   0   2 218]]",0.12589740753173828,0.009791851043701172
419,BoT_IoT,0,None,MinMaxScaler,NuSVC,0.8612576777171326,-1,-1,96.12977602108037,89.10416666666666,2.322134387351779,87.33968337044385,87.71641108754943,-1,"{'0Normal': {'precision': 0.8026905829596412, 'recall': 0.895, 'f1-score': 0.8463356973995272, 'support': 200.0}, 'HTTP': {'precision': 0.8612975391498882, 'recall': 0.9625, 'f1-score': 0.9090909090909091, 'support': 400.0}, 'TCP': {'precision': 0.949748743718593, 'recall': 0.945, 'f1-score': 0.9473684210526316, 'support': 400.0}, 'UDP': {'precision': 0.997275204359673, 'recall': 0.915, 'f1-score': 0.954367666232073, 'support': 400.0}, 'scan': {'precision': 0.8543689320388349, 'recall': 0.66, 'f1-score': 0.7447108603667137, 'support': 400.0}, 'theft': {'precision': 0.775, 'recall': 0.96875, 'f1-score': 0.8611111111111113, 'support': 224.0}, 'accuracy': 0.883893280632411, 'macro avg': {'precision': 0.8733968337044384, 'recall': 0.8910416666666666, 'f1-score': 0.8771641108754943, 'support': 2024.0}, 'weighted avg': {'precision': 0.8889398637839544, 'recall': 0.883893280632411, 'f1-score': 0.8816063098150818, 'support': 2024.0}}","[[179   1   0   1  18   1]
 [  5 385   2   0   8   0]
 [  0   5 378   0  17   0]
 [ 28   0   6 366   0   0]
 [  8  55  11   0 264  62]
 [  3   1   1   0   2 217]]",0.01571035385131836,0.037104129791259766
420,BoT_IoT,0,None,MinMaxScaler,SGD,0.7943881217371419,-1,-1,94.33465085638998,80.46428571428571,3.399209486166008,80.65056321139798,80.2893500782344,-1,"{'0Normal': {'precision': 0.772020725388601, 'recall': 0.745, 'f1-score': 0.7582697201017812, 'support': 200.0}, 'HTTP': {'precision': 0.7949790794979079, 'recall': 0.95, 'f1-score': 0.8656036446469249, 'support': 400.0}, 'TCP': {'precision': 0.9125295508274232, 'recall': 0.965, 'f1-score': 0.9380315917375455, 'support': 400.0}, 'UDP': {'precision': 0.9899749373433584, 'recall': 0.9875, 'f1-score': 0.9887359198998749, 'support': 400.0}, 'scan': {'precision': 0.7384615384615385, 'recall': 0.6, 'f1-score': 0.6620689655172414, 'support': 400.0}, 'theft': {'precision': 0.6310679611650486, 'recall': 0.5803571428571429, 'f1-score': 0.6046511627906977, 'support': 224.0}, 'accuracy': 0.8300395256916996, 'macro avg': {'precision': 0.8065056321139797, 'recall': 0.8046428571428571, 'f1-score': 0.8028935007823441, 'support': 2024.0}, 'weighted avg': {'precision': 0.825168681240505, 'recall': 0.8300395256916996, 'f1-score': 0.8245414294496577, 'support': 2024.0}}","[[149   3   0   4  18  26]
 [  4 380  12   0   4   0]
 [  0  13 386   0   1   0]
 [  0   0   5 395   0   0]
 [  8  82  20   0 240  50]
 [ 32   0   0   0  62 130]]",0.008628606796264648,0.0003688335418701172
421,BoT_IoT,0,poly,MinMaxScaler,HHHv2,0.8956445352506237,-1,-1,97.03557312252964,91.02184987502999,1.7786561264822136,91.87202380952382,90.56390110953849,-1,"{'0Normal': {'precision': 0.96, 'recall': 0.96, 'f1-score': 0.96, 'support': 200.0}, 'HTTP': {'precision': 0.985, 'recall': 0.8834080717488789, 'f1-score': 0.9314420803782506, 'support': 446.0}, 'TCP': {'precision': 0.9725, 'recall': 0.948780487804878, 'f1-score': 0.9604938271604938, 'support': 410.0}, 'UDP': {'precision': 0.995, 'recall': 0.9900497512437811, 'f1-score': 0.9925187032418954, 'support': 402.0}, 'scan': {'precision': 0.64, 'recall': 0.9624060150375939, 'f1-score': 0.7687687687687687, 'support': 266.0}, 'theft': {'precision': 0.9598214285714286, 'recall': 0.7166666666666667, 'f1-score': 0.8206106870229009, 'support': 300.0}, 'accuracy': 0.9110671936758893, 'macro avg': {'precision': 0.9187202380952382, 'recall': 0.9102184987502998, 'f1-score': 0.9056390110953849, 'support': 2024.0}, 'weighted avg': {'precision': 0.9329107848673065, 'recall': 0.9110671936758893, 'f1-score': 0.9144732481655666, 'support': 2024.0}}","[[192   2   0   0   2   4]
 [  1 394  11   0  40   0]
 [  2   1 389   0  17   1]
 [  2   0   0 398   1   1]
 [  2   3   0   2 256   3]
 [  1   0   0   0  84 215]]",0.9892613887786865,0.03083205223083496
422,BoT_IoT,0,None,MinMaxScaler,KNN,0.610026295116398,-1,-1,88.866930171278,67.95535714285714,6.679841897233202,64.21088823343526,63.62352211836845,-1,"{'0Normal': {'precision': 0.6867469879518072, 'recall': 0.57, 'f1-score': 0.6229508196721312, 'support': 200.0}, 'HTTP': {'precision': 0.6681818181818182, 'recall': 0.735, 'f1-score': 0.7, 'support': 400.0}, 'TCP': {'precision': 0.8980716253443526, 'recall': 0.815, 'f1-score': 0.8545216251638269, 'support': 400.0}, 'UDP': {'precision': 0.8333333333333334, 'recall': 0.875, 'f1-score': 0.8536585365853658, 'support': 400.0}, 'scan': {'precision': 0.3202614379084967, 'recall': 0.1225, 'f1-score': 0.1772151898734177, 'support': 400.0}, 'theft': {'precision': 0.4460580912863071, 'recall': 0.9598214285714286, 'f1-score': 0.6090651558073655, 'support': 224.0}, 'accuracy': 0.66600790513834, 'macro avg': {'precision': 0.6421088823343526, 'recall': 0.6795535714285714, 'f1-score': 0.6362352211836845, 'support': 2024.0}, 'weighted avg': {'precision': 0.6547458972063709, 'recall': 0.66600790513834, 'f1-score': 0.6399105234606325, 'support': 2024.0}}","[[114  10   0  54  16   6]
 [ 12 294  10  10  65   9]
 [  0  55 326   2  17   0]
 [ 29  11   5 350   5   0]
 [  9  69  21   0  49 252]
 [  2   1   1   4   1 215]]",0.00031495094299316406,0.0019485950469970703
423,BoT_IoT,0,None,MinMaxScaler,LDA,0.668874231449865,-1,-1,90.71146245059289,69.99702380952381,5.573122529644269,71.61989893319726,68.9343641807376,-1,"{'0Normal': {'precision': 0.9140625, 'recall': 0.585, 'f1-score': 0.7134146341463414, 'support': 200.0}, 'HTTP': {'precision': 0.724609375, 'recall': 0.9275, 'f1-score': 0.8135964912280702, 'support': 400.0}, 'TCP': {'precision': 0.9232804232804233, 'recall': 0.8725, 'f1-score': 0.8971722365038561, 'support': 400.0}, 'UDP': {'precision': 0.8625277161862528, 'recall': 0.9725, 'f1-score': 0.9142185663924796, 'support': 400.0}, 'scan': {'precision': 0.4951923076923077, 'recall': 0.2575, 'f1-score': 0.3388157894736842, 'support': 400.0}, 'theft': {'precision': 0.37752161383285304, 'recall': 0.5848214285714286, 'f1-score': 0.4588441330998249, 'support': 224.0}, 'accuracy': 0.7213438735177866, 'macro avg': {'precision': 0.7161989893319727, 'recall': 0.6999702380952381, 'f1-score': 0.6893436418073761, 'support': 2024.0}, 'weighted avg': {'precision': 0.7260974655939489, 'recall': 0.7213438735177866, 'f1-score': 0.7070085207919294, 'support': 2024.0}}","[[117   2   0  46  16  19]
 [  5 371  15   0   0   9]
 [  0  41 349  10   0   0]
 [  1   5   5 389   0   0]
 [  2  92   9   6 103 188]
 [  3   1   0   0  89 131]]",0.0006341934204101562,0.00023245811462402344
424,BoT_IoT,0,None,MinMaxScaler,MLP,0.7165267581058099,-1,-1,91.89723320158103,75.91964285714286,4.861660079051383,75.22089701436133,73.00896462891556,-1,"{'0Normal': {'precision': 0.6178010471204188, 'recall': 0.59, 'f1-score': 0.6035805626598465, 'support': 200.0}, 'HTTP': {'precision': 0.7777777777777778, 'recall': 0.8225, 'f1-score': 0.7995139732685297, 'support': 400.0}, 'TCP': {'precision': 0.9354838709677419, 'recall': 0.87, 'f1-score': 0.9015544041450777, 'support': 400.0}, 'UDP': {'precision': 0.8682352941176471, 'recall': 0.9225, 'f1-score': 0.8945454545454545, 'support': 400.0}, 'scan': {'precision': 0.8010752688172043, 'recall': 0.3725, 'f1-score': 0.5085324232081911, 'support': 400.0}, 'theft': {'precision': 0.5128805620608899, 'recall': 0.9776785714285714, 'f1-score': 0.6728110599078341, 'support': 224.0}, 'accuracy': 0.7569169960474308, 'macro avg': {'precision': 0.7522089701436133, 'recall': 0.7591964285714287, 'f1-score': 0.7300896462891556, 'support': 2024.0}, 'weighted avg': {'precision': 0.7863015513823476, 'recall': 0.7569169960474308, 'f1-score': 0.7475712905228387, 'support': 2024.0}}","[[118   1   1  49  19  12]
 [ 46 329  12   0   0  13]
 [  0  29 348   7  16   0]
 [ 19   8   4 369   0   0]
 [  5  56   7   0 149 183]
 [  3   0   0   0   2 219]]",0.057858943939208984,0.0006473064422607422
425,BoT_IoT,0,None,MinMaxScaler,LGBM,0.9759808403145618,-1,-1,99.34123847167325,97.76785714285715,0.3952569169960474,97.69568765021758,97.72103483025654,-1,"{'0Normal': {'precision': 0.9641025641025641, 'recall': 0.94, 'f1-score': 0.9518987341772152, 'support': 200.0}, 'HTTP': {'precision': 0.9846938775510204, 'recall': 0.965, 'f1-score': 0.9747474747474748, 'support': 400.0}, 'TCP': {'precision': 0.9801488833746899, 'recall': 0.9875, 'f1-score': 0.9838107098381071, 'support': 400.0}, 'UDP': {'precision': 0.9975062344139651, 'recall': 1.0, 'f1-score': 0.9987515605493134, 'support': 400.0}, 'scan': {'precision': 0.9825, 'recall': 0.9825, 'f1-score': 0.9825, 'support': 400.0}, 'theft': {'precision': 0.9527896995708155, 'recall': 0.9910714285714286, 'f1-score': 0.9715536105032824, 'support': 224.0}, 'accuracy': 0.9802371541501976, 'macro avg': {'precision': 0.9769568765021758, 'recall': 0.9776785714285715, 'f1-score': 0.9772103483025655, 'support': 2024.0}, 'weighted avg': {'precision': 0.9803285591206747, 'recall': 0.9802371541501976, 'f1-score': 0.9802033861868262, 'support': 2024.0}}","[[188   2   0   1   7   2]
 [  1 386   7   0   0   6]
 [  5   0 395   0   0   0]
 [  0   0   0 400   0   0]
 [  0   3   1   0 393   3]
 [  1   1   0   0   0 222]]",0.15778803825378418,0.0056416988372802734
426,BoT_IoT,0,None,MinMaxScaler,RF,0.9717883950524281,-1,-1,99.22595520421608,97.26785714285714,0.4644268774703557,97.56982887262016,97.38883893887935,-1,"{'0Normal': {'precision': 0.9838709677419355, 'recall': 0.915, 'f1-score': 0.9481865284974094, 'support': 200.0}, 'HTTP': {'precision': 0.9826732673267327, 'recall': 0.9925, 'f1-score': 0.9875621890547265, 'support': 400.0}, 'TCP': {'precision': 0.972972972972973, 'recall': 0.99, 'f1-score': 0.9814126394052045, 'support': 400.0}, 'UDP': {'precision': 0.9975062344139651, 'recall': 1.0, 'f1-score': 0.9987515605493134, 'support': 400.0}, 'scan': {'precision': 0.9643765903307888, 'recall': 0.9475, 'f1-score': 0.9558638083228247, 'support': 400.0}, 'theft': {'precision': 0.9527896995708155, 'recall': 0.9910714285714286, 'f1-score': 0.9715536105032824, 'support': 224.0}, 'accuracy': 0.9767786561264822, 'macro avg': {'precision': 0.9756982887262017, 'recall': 0.9726785714285714, 'f1-score': 0.9738883893887934, 'support': 2024.0}, 'weighted avg': {'precision': 0.9768827629792656, 'recall': 0.9767786561264822, 'f1-score': 0.976631123213955, 'support': 2024.0}}","[[183   5   0   1  10   1]
 [  1 397   0   0   0   2]
 [  0   0 396   0   4   0]
 [  0   0   0 400   0   0]
 [  0   2  11   0 379   8]
 [  2   0   0   0   0 222]]",0.05353093147277832,0.008771896362304688
427,BoT_IoT,0,None,MinMaxScaler,NuSVC,0.7369859867896031,-1,-1,92.58893280632411,78.7529761904762,4.446640316205533,77.31736421635325,76.63071735003881,-1,"{'0Normal': {'precision': 0.8089887640449438, 'recall': 0.72, 'f1-score': 0.761904761904762, 'support': 200.0}, 'HTTP': {'precision': 0.8169761273209549, 'recall': 0.77, 'f1-score': 0.7927927927927927, 'support': 400.0}, 'TCP': {'precision': 0.9435897435897436, 'recall': 0.92, 'f1-score': 0.9316455696202531, 'support': 400.0}, 'UDP': {'precision': 0.9084158415841584, 'recall': 0.9175, 'f1-score': 0.9129353233830845, 'support': 400.0}, 'scan': {'precision': 0.6176470588235294, 'recall': 0.42, 'f1-score': 0.5, 'support': 400.0}, 'theft': {'precision': 0.543424317617866, 'recall': 0.9776785714285714, 'f1-score': 0.6985645933014355, 'support': 224.0}, 'accuracy': 0.7776679841897233, 'macro avg': {'precision': 0.7731736421635326, 'recall': 0.787529761904762, 'f1-score': 0.766307173500388, 'support': 2024.0}, 'weighted avg': {'precision': 0.7896128006337674, 'recall': 0.7776679841897233, 'f1-score': 0.7726328535567817, 'support': 2024.0}}","[[144   8   0  37   3   8]
 [  0 308   4   0  77  11]
 [  0  10 368   0  22   0]
 [ 31   0   2 367   0   0]
 [  3  48  16   0 168 165]
 [  0   3   0   0   2 219]]",0.0011477470397949219,0.005644798278808594
428,BoT_IoT,0,None,MinMaxScaler,SGD,0.6332268391724559,-1,-1,88.70223978919631,64.10119047619048,6.778656126482213,75.3785105651223,57.99466993838137,-1,"{'0Normal': {'precision': 0.7878787878787878, 'recall': 0.13, 'f1-score': 0.22317596566523604, 'support': 200.0}, 'HTTP': {'precision': 0.8171557562076749, 'recall': 0.905, 'f1-score': 0.8588374851720048, 'support': 400.0}, 'TCP': {'precision': 0.9551820728291317, 'recall': 0.8525, 'f1-score': 0.9009247027741083, 'support': 400.0}, 'UDP': {'precision': 0.8467153284671532, 'recall': 0.87, 'f1-score': 0.8581997533908755, 'support': 400.0}, 'scan': {'precision': 0.8125, 'recall': 0.0975, 'f1-score': 0.17410714285714285, 'support': 400.0}, 'theft': {'precision': 0.30327868852459017, 'recall': 0.9910714285714286, 'f1-score': 0.4644351464435147, 'support': 224.0}, 'accuracy': 0.6610671936758893, 'macro avg': {'precision': 0.753785105651223, 'recall': 0.6410119047619048, 'f1-score': 0.5799466993838137, 'support': 2024.0}, 'weighted avg': {'precision': 0.7895906357741352, 'recall': 0.6610671936758893, 'f1-score': 0.6252452073191931, 'support': 2024.0}}","[[ 26   9   0  54   0 111]
 [  2 362   8   0   0  28]
 [  3  26 341   8   9  13]
 [  2   0   4 348   0  46]
 [  0  44   4   1  39 312]
 [  0   2   0   0   0 222]]",0.001565694808959961,0.00043773651123046875
429,BoT_IoT,0,linear,MinMaxScaler,HHHv2,0.6292274240932616,-1,-1,89.2292490118577,70.5928995809469,6.462450592885376,67.87202380952381,62.39011761346679,-1,"{'0Normal': {'precision': 0.45, 'recall': 0.4864864864864865, 'f1-score': 0.4675324675324675, 'support': 185.0}, 'HTTP': {'precision': 0.9125, 'recall': 0.7270916334661355, 'f1-score': 0.8093126385809314, 'support': 502.0}, 'TCP': {'precision': 0.87, 'recall': 0.8765743073047859, 'f1-score': 0.8732747804265998, 'support': 397.0}, 'UDP': {'precision': 0.74, 'recall': 0.7272727272727273, 'f1-score': 0.7335811648079307, 'support': 407.0}, 'scan': {'precision': 0.14, 'recall': 0.9655172413793104, 'f1-score': 0.24454148471615722, 'support': 58.0}, 'theft': {'precision': 0.9598214285714286, 'recall': 0.45263157894736844, 'f1-score': 0.6151645207439199, 'support': 475.0}, 'accuracy': 0.6768774703557312, 'macro avg': {'precision': 0.6787202380952381, 'recall': 0.7059289958094691, 'f1-score': 0.6239011761346679, 'support': 2024.0}, 'weighted avg': {'precision': 0.8161710368435912, 'recall': 0.6768774703557312, 'f1-score': 0.7136426019931921, 'support': 2024.0}}","[[ 90   5   4  78   6   2]
 [  6 365  30  17  81   3]
 [  2  16 348   6  23   2]
 [ 84   2  18 296   7   0]
 [  0   0   0   0  56   2]
 [ 18  12   0   3 227 215]]",0.002341747283935547,0.006295680999755859
430,BoT_IoT,0,None,MinMaxScaler,KNN,0.8308133371817276,-1,-1,95.30632411067194,87.5297619047619,2.816205533596838,85.59200580301284,86.13383869424553,-1,"{'0Normal': {'precision': 0.9411764705882353, 'recall': 0.96, 'f1-score': 0.9504950495049505, 'support': 200.0}, 'HTTP': {'precision': 0.828042328042328, 'recall': 0.7825, 'f1-score': 0.8046272493573263, 'support': 400.0}, 'TCP': {'precision': 0.9393203883495146, 'recall': 0.9675, 'f1-score': 0.9532019704433498, 'support': 400.0}, 'UDP': {'precision': 0.9948979591836735, 'recall': 0.975, 'f1-score': 0.984848484848485, 'support': 400.0}, 'scan': {'precision': 0.7215568862275449, 'recall': 0.6025, 'f1-score': 0.6566757493188011, 'support': 400.0}, 'theft': {'precision': 0.7105263157894737, 'recall': 0.9642857142857143, 'f1-score': 0.8181818181818182, 'support': 224.0}, 'accuracy': 0.8591897233201581, 'macro avg': {'precision': 0.8559200580301284, 'recall': 0.875297619047619, 'f1-score': 0.8613383869424552, 'support': 2024.0}, 'weighted avg': {'precision': 0.8601384454425461, 'recall': 0.8591897233201581, 'f1-score': 0.8562811851585485, 'support': 2024.0}}","[[192   1   1   2   3   1]
 [  2 313   4   0  81   0]
 [  0   6 387   0   7   0]
 [  4   0   4 390   2   0]
 [  2  58  12   0 241  87]
 [  4   0   4   0   0 216]]",0.00036787986755371094,0.0038106441497802734
431,BoT_IoT,0,None,MinMaxScaler,LDA,0.6591293401603513,-1,-1,90.66205533596839,67.72023809523809,5.602766798418973,66.69868168246967,66.85669135999728,-1,"{'0Normal': {'precision': 0.5863636363636363, 'recall': 0.645, 'f1-score': 0.6142857142857142, 'support': 200.0}, 'HTTP': {'precision': 0.7371007371007371, 'recall': 0.75, 'f1-score': 0.7434944237918215, 'support': 400.0}, 'TCP': {'precision': 0.9269521410579346, 'recall': 0.92, 'f1-score': 0.9234629861982435, 'support': 400.0}, 'UDP': {'precision': 0.8528138528138528, 'recall': 0.985, 'f1-score': 0.91415313225058, 'support': 400.0}, 'scan': {'precision': 0.5440806045340051, 'recall': 0.54, 'f1-score': 0.5420326223337516, 'support': 400.0}, 'theft': {'precision': 0.3546099290780142, 'recall': 0.22321428571428573, 'f1-score': 0.273972602739726, 'support': 224.0}, 'accuracy': 0.7198616600790514, 'macro avg': {'precision': 0.6669868168246967, 'recall': 0.677202380952381, 'f1-score': 0.6685669135999728, 'support': 2024.0}, 'weighted avg': {'precision': 0.7021167418917067, 'recall': 0.7198616600790514, 'f1-score': 0.7082432172433796, 'support': 2024.0}}","[[129   3   0  64   3   1]
 [ 79 300  17   0   4   0]
 [  0  23 368   4   5   0]
 [  0   0   6 394   0   0]
 [  8  81   5   0 216  90]
 [  4   0   1   0 169  50]]",0.0014269351959228516,0.00034356117248535156
432,BoT_IoT,0,None,MinMaxScaler,MLP,0.8566179102725296,-1,-1,96.06389986824769,85.19047619047619,2.3616600790513833,88.37984174452798,86.35753947407059,-1,"{'0Normal': {'precision': 0.8896103896103896, 'recall': 0.685, 'f1-score': 0.7740112994350283, 'support': 200.0}, 'HTTP': {'precision': 0.8995327102803738, 'recall': 0.9625, 'f1-score': 0.9299516908212561, 'support': 400.0}, 'TCP': {'precision': 0.9535452322738386, 'recall': 0.975, 'f1-score': 0.9641532756489493, 'support': 400.0}, 'UDP': {'precision': 0.9949238578680203, 'recall': 0.98, 'f1-score': 0.9874055415617129, 'support': 400.0}, 'scan': {'precision': 0.7127192982456141, 'recall': 0.8125, 'f1-score': 0.7593457943925234, 'support': 400.0}, 'theft': {'precision': 0.8524590163934426, 'recall': 0.6964285714285714, 'f1-score': 0.7665847665847665, 'support': 224.0}, 'accuracy': 0.8819169960474308, 'macro avg': {'precision': 0.8837984174452798, 'recall': 0.8519047619047618, 'f1-score': 0.8635753947407059, 'support': 2024.0}, 'weighted avg': {'precision': 0.8859492772042232, 'recall': 0.8819169960474308, 'f1-score': 0.8808595694524556, 'support': 2024.0}}","[[137   1   0   2  56   4]
 [  4 385   3   0   8   0]
 [  0   7 390   0   3   0]
 [  2   0   6 392   0   0]
 [  7  35  10   0 325  23]
 [  4   0   0   0  64 156]]",0.3622589111328125,0.0006465911865234375
433,BoT_IoT,0,None,MinMaxScaler,LGBM,0.9945931121405406,-1,-1,99.85177865612648,99.48511904761905,0.08893280632411067,99.39721567618707,99.43980856699164,-1,"{'0Normal': {'precision': 0.9802955665024631, 'recall': 0.995, 'f1-score': 0.9875930521091811, 'support': 200.0}, 'HTTP': {'precision': 1.0, 'recall': 0.9975, 'f1-score': 0.9987484355444306, 'support': 400.0}, 'TCP': {'precision': 0.9950248756218906, 'recall': 1.0, 'f1-score': 0.9975062344139651, 'support': 400.0}, 'UDP': {'precision': 1.0, 'recall': 1.0, 'f1-score': 1.0, 'support': 400.0}, 'scan': {'precision': 0.9974811083123426, 'recall': 0.99, 'f1-score': 0.9937264742785445, 'support': 400.0}, 'theft': {'precision': 0.9910313901345291, 'recall': 0.9866071428571429, 'f1-score': 0.9888143176733781, 'support': 224.0}, 'accuracy': 0.9955533596837944, 'macro avg': {'precision': 0.9939721567618708, 'recall': 0.9948511904761905, 'f1-score': 0.9943980856699165, 'support': 2024.0}, 'weighted avg': {'precision': 0.995579317324269, 'recall': 0.9955533596837944, 'f1-score': 0.9955560648594117, 'support': 2024.0}}","[[199   0   0   0   1   0]
 [  1 399   0   0   0   0]
 [  0   0 400   0   0   0]
 [  0   0   0 400   0   0]
 [  0   0   2   0 396   2]
 [  3   0   0   0   0 221]]",0.7519769668579102,0.010288238525390625
434,BoT_IoT,0,None,MinMaxScaler,RF,0.9921881156347104,-1,-1,99.78590250329381,99.17857142857143,0.12845849802371542,99.18839041098434,99.1811154148872,-1,"{'0Normal': {'precision': 0.9753694581280788, 'recall': 0.99, 'f1-score': 0.9826302729528535, 'support': 200.0}, 'HTTP': {'precision': 1.0, 'recall': 0.9975, 'f1-score': 0.9987484355444306, 'support': 400.0}, 'TCP': {'precision': 0.9950248756218906, 'recall': 1.0, 'f1-score': 0.9975062344139651, 'support': 400.0}, 'UDP': {'precision': 1.0, 'recall': 1.0, 'f1-score': 1.0, 'support': 400.0}, 'scan': {'precision': 0.99, 'recall': 0.99, 'f1-score': 0.99, 'support': 400.0}, 'theft': {'precision': 0.990909090909091, 'recall': 0.9732142857142857, 'f1-score': 0.9819819819819819, 'support': 224.0}, 'accuracy': 0.9935770750988142, 'macro avg': {'precision': 0.9918839041098434, 'recall': 0.9917857142857143, 'f1-score': 0.991811154148872, 'support': 2024.0}, 'weighted avg': {'precision': 0.9936005327262887, 'recall': 0.9935770750988142, 'f1-score': 0.993573066471291, 'support': 2024.0}}","[[198   0   0   0   2   0]
 [  1 399   0   0   0   0]
 [  0   0 400   0   0   0]
 [  0   0   0 400   0   0]
 [  0   0   2   0 396   2]
 [  4   0   0   0   2 218]]",0.12786459922790527,0.009673357009887695
435,BoT_IoT,0,None,MinMaxScaler,NuSVC,0.7933030474496894,-1,-1,94.30171277997364,82.96428571428572,3.41897233201581,83.00412920576522,82.68135562206814,-1,"{'0Normal': {'precision': 0.8011049723756906, 'recall': 0.725, 'f1-score': 0.7611548556430446, 'support': 200.0}, 'HTTP': {'precision': 0.8463687150837989, 'recall': 0.7575, 'f1-score': 0.7994722955145118, 'support': 400.0}, 'TCP': {'precision': 0.9558441558441558, 'recall': 0.92, 'f1-score': 0.9375796178343949, 'support': 400.0}, 'UDP': {'precision': 0.9946666666666667, 'recall': 0.9325, 'f1-score': 0.9625806451612904, 'support': 400.0}, 'scan': {'precision': 0.6179775280898876, 'recall': 0.6875, 'f1-score': 0.6508875739644969, 'support': 400.0}, 'theft': {'precision': 0.7642857142857142, 'recall': 0.9553571428571429, 'f1-score': 0.8492063492063492, 'support': 224.0}, 'accuracy': 0.8290513833992095, 'macro avg': {'precision': 0.8300412920576523, 'recall': 0.8296428571428572, 'f1-score': 0.8268135562206814, 'support': 2024.0}, 'weighted avg': {'precision': 0.838618488512323, 'recall': 0.8290513833992095, 'f1-score': 0.831354370721694, 'support': 2024.0}}","[[145   0   1   2  51   1]
 [  6 303   1   0  90   0]
 [  0   7 368   0  25   0]
 [ 18   1   6 373   2   0]
 [  6  46   8   0 275  65]
 [  6   1   1   0   2 214]]",0.016941547393798828,0.038197994232177734
436,BoT_IoT,0,None,MinMaxScaler,SGD,0.7716960213093534,-1,-1,93.6923583662714,79.82440476190476,3.784584980237154,78.93317181620489,79.06946305662413,-1,"{'0Normal': {'precision': 0.6023622047244095, 'recall': 0.765, 'f1-score': 0.6740088105726872, 'support': 200.0}, 'HTTP': {'precision': 0.8610271903323263, 'recall': 0.7125, 'f1-score': 0.7797537619699043, 'support': 400.0}, 'TCP': {'precision': 0.9506493506493506, 'recall': 0.915, 'f1-score': 0.9324840764331209, 'support': 400.0}, 'UDP': {'precision': 0.9974937343358395, 'recall': 0.995, 'f1-score': 0.9962453066332916, 'support': 400.0}, 'scan': {'precision': 0.6943765281173594, 'recall': 0.71, 'f1-score': 0.7021013597033375, 'support': 400.0}, 'theft': {'precision': 0.6300813008130082, 'recall': 0.6919642857142857, 'f1-score': 0.6595744680851063, 'support': 224.0}, 'accuracy': 0.8107707509881423, 'macro avg': {'precision': 0.7893317181620488, 'recall': 0.7982440476190477, 'f1-score': 0.7906946305662412, 'support': 2024.0}, 'weighted avg': {'precision': 0.8216548289036296, 'recall': 0.8107707509881423, 'f1-score': 0.8136266031924224, 'support': 2024.0}}","[[153   1   0   1  23  22]
 [ 85 285  13   0  13   4]
 [  0   5 366   0  27   2]
 [  0   0   2 398   0   0]
 [  9  40   4   0 284  63]
 [  7   0   0   0  62 155]]",0.0075702667236328125,0.0004780292510986328
437,BoT_IoT,0,sigmoid,MinMaxScaler,HHHv2,0.791916207412288,-1,-1,94.13702239789197,83.5665447405003,3.517786561264822,82.36607142857143,81.948544872919,-1,"{'0Normal': {'precision': 0.935, 'recall': 0.9257425742574258, 'f1-score': 0.9303482587064678, 'support': 202.0}, 'HTTP': {'precision': 0.89, 'recall': 0.6357142857142857, 'f1-score': 0.7416666666666666, 'support': 560.0}, 'TCP': {'precision': 0.945, 'recall': 0.9521410579345088, 'f1-score': 0.9485570890840652, 'support': 397.0}, 'UDP': {'precision': 0.985, 'recall': 0.9776674937965261, 'f1-score': 0.9813200498132004, 'support': 403.0}, 'scan': {'precision': 0.495, 'recall': 0.8181818181818182, 'f1-score': 0.6168224299065421, 'support': 242.0}, 'theft': {'precision': 0.6919642857142857, 'recall': 0.7045454545454546, 'f1-score': 0.6981981981981983, 'support': 220.0}, 'accuracy': 0.8241106719367589, 'macro avg': {'precision': 0.8236607142857143, 'recall': 0.835665447405003, 'f1-score': 0.81948544872919, 'support': 2024.0}, 'weighted avg': {'precision': 0.8554407820440428, 'recall': 0.8241106719367589, 'f1-score': 0.8291440008271346, 'support': 2024.0}}","[[187   6   1   2   3   3]
 [  2 356   9   0 132  61]
 [  2   2 378   2  11   2]
 [  5   0   0 394   3   1]
 [  3  32   6   1 198   2]
 [  1   4   6   1  53 155]]",1.1336770057678223,0.02272176742553711
438,BoT_IoT,-1,None,MinMaxScaler,KNN,0.9645732886790279,-1,-1,99.02832674571805,96.89583333333333,0.5830039525691699,97.09770620588594,96.98607851401982,-1,"{'0Normal': {'precision': 0.9644670050761421, 'recall': 0.95, 'f1-score': 0.9571788413098236, 'support': 200.0}, 'HTTP': {'precision': 0.9652605459057072, 'recall': 0.9725, 'f1-score': 0.9688667496886675, 'support': 400.0}, 'TCP': {'precision': 0.9518072289156626, 'recall': 0.9875, 'f1-score': 0.9693251533742331, 'support': 400.0}, 'UDP': {'precision': 0.9874686716791979, 'recall': 0.985, 'f1-score': 0.986232790988736, 'support': 400.0}, 'scan': {'precision': 0.979381443298969, 'recall': 0.95, 'f1-score': 0.9644670050761421, 'support': 400.0}, 'theft': {'precision': 0.9774774774774775, 'recall': 0.96875, 'f1-score': 0.9730941704035874, 'support': 224.0}, 'accuracy': 0.9708498023715415, 'macro avg': {'precision': 0.9709770620588594, 'recall': 0.9689583333333333, 'f1-score': 0.9698607851401982, 'support': 2024.0}, 'weighted avg': {'precision': 0.9710550948073112, 'recall': 0.9708498023715415, 'f1-score': 0.970832777709229, 'support': 2024.0}}","[[190   1   1   5   2   1]
 [  2 389   6   0   3   0]
 [  0   2 395   0   3   0]
 [  0   0   6 394   0   0]
 [  2  11   3   0 380   4]
 [  3   0   4   0   0 217]]",0.0004315376281738281,0.013110637664794922
439,BoT_IoT,-1,None,MinMaxScaler,LDA,0.7375694698995892,-1,-1,92.77009222661397,75.85416666666666,4.33794466403162,76.91190619482184,75.03368112973536,-1,"{'0Normal': {'precision': 0.6578947368421053, 'recall': 0.875, 'f1-score': 0.7510729613733906, 'support': 200.0}, 'HTTP': {'precision': 0.7173396674584323, 'recall': 0.755, 'f1-score': 0.735688185140073, 'support': 400.0}, 'TCP': {'precision': 0.9125, 'recall': 0.9125, 'f1-score': 0.9125, 'support': 400.0}, 'UDP': {'precision': 0.9654320987654321, 'recall': 0.9775, 'f1-score': 0.9714285714285714, 'support': 400.0}, 'scan': {'precision': 0.6485849056603774, 'recall': 0.6875, 'f1-score': 0.6674757281553398, 'support': 400.0}, 'theft': {'precision': 0.7129629629629629, 'recall': 0.34375, 'f1-score': 0.463855421686747, 'support': 224.0}, 'accuracy': 0.783102766798419, 'macro avg': {'precision': 0.7691190619482183, 'recall': 0.7585416666666666, 'f1-score': 0.7503368112973536, 'support': 2024.0}, 'weighted avg': {'precision': 0.7849927469495165, 'recall': 0.783102766798419, 'f1-score': 0.7751754943785094, 'support': 2024.0}}","[[175   8   1  13   2   1]
 [ 76 302  18   0   4   0]
 [  0  31 365   0   4   0]
 [  3   0   6 391   0   0]
 [ 10  78   7   0 275  30]
 [  2   2   3   1 139  77]]",0.004672050476074219,0.00020170211791992188
440,BoT_IoT,-1,None,MinMaxScaler,MLP,0.9609977236332912,-1,-1,98.92951251646905,96.66369047619048,0.6422924901185771,96.21873154430833,96.42161281782374,-1,"{'0Normal': {'precision': 0.9014084507042254, 'recall': 0.96, 'f1-score': 0.9297820823244551, 'support': 200.0}, 'HTTP': {'precision': 0.9723618090452262, 'recall': 0.9675, 'f1-score': 0.9699248120300752, 'support': 400.0}, 'TCP': {'precision': 0.9728395061728395, 'recall': 0.985, 'f1-score': 0.9788819875776398, 'support': 400.0}, 'UDP': {'precision': 0.9974619289340102, 'recall': 0.9825, 'f1-score': 0.9899244332493703, 'support': 400.0}, 'scan': {'precision': 0.9692307692307692, 'recall': 0.945, 'f1-score': 0.9569620253164557, 'support': 400.0}, 'theft': {'precision': 0.9598214285714286, 'recall': 0.9598214285714286, 'f1-score': 0.9598214285714286, 'support': 224.0}, 'accuracy': 0.9678853754940712, 'macro avg': {'precision': 0.9621873154430832, 'recall': 0.9666369047619048, 'f1-score': 0.9642161281782374, 'support': 2024.0}, 'weighted avg': {'precision': 0.9683988614100707, 'recall': 0.9678853754940712, 'f1-score': 0.9680008496711004, 'support': 2024.0}}","[[192   4   0   1   2   1]
 [  4 387   2   0   3   4]
 [  0   2 394   0   4   0]
 [  3   0   4 393   0   0]
 [  8   5   5   0 378   4]
 [  6   0   0   0   3 215]]",2.286738872528076,0.0006666183471679688
441,BoT_IoT,-1,None,MinMaxScaler,LGBM,0.9951925401563421,-1,-1,99.86824769433466,99.52678571428572,0.07905138339920949,99.47151769996597,99.49788129646903,-1,"{'0Normal': {'precision': 0.9802955665024631, 'recall': 0.995, 'f1-score': 0.9875930521091811, 'support': 200.0}, 'HTTP': {'precision': 1.0, 'recall': 0.9975, 'f1-score': 0.9987484355444306, 'support': 400.0}, 'TCP': {'precision': 0.9975, 'recall': 0.9975, 'f1-score': 0.9975, 'support': 400.0}, 'UDP': {'precision': 1.0, 'recall': 1.0, 'f1-score': 1.0, 'support': 400.0}, 'scan': {'precision': 0.995, 'recall': 0.995, 'f1-score': 0.995, 'support': 400.0}, 'theft': {'precision': 0.9954954954954955, 'recall': 0.9866071428571429, 'f1-score': 0.9910313901345291, 'support': 224.0}, 'accuracy': 0.9960474308300395, 'macro avg': {'precision': 0.9947151769996597, 'recall': 0.9952678571428573, 'f1-score': 0.9949788129646903, 'support': 2024.0}, 'weighted avg': {'precision': 0.9960721859147648, 'recall': 0.9960474308300395, 'f1-score': 0.9960518853901893, 'support': 2024.0}}","[[199   0   0   0   1   0]
 [  1 399   0   0   0   0]
 [  0   0 399   0   1   0]
 [  0   0   0 400   0   0]
 [  0   0   1   0 398   1]
 [  3   0   0   0   0 221]]",1.0556342601776123,0.010506391525268555
442,BoT_IoT,-1,None,MinMaxScaler,RF,0.9921949965526625,-1,-1,99.78590250329381,99.2202380952381,0.12845849802371542,99.1490065768291,99.17873032337351,-1,"{'0Normal': {'precision': 0.9660194174757282, 'recall': 0.995, 'f1-score': 0.9802955665024631, 'support': 200.0}, 'HTTP': {'precision': 1.0, 'recall': 0.9975, 'f1-score': 0.9987484355444306, 'support': 400.0}, 'TCP': {'precision': 0.9950248756218906, 'recall': 1.0, 'f1-score': 0.9975062344139651, 'support': 400.0}, 'UDP': {'precision': 1.0, 'recall': 1.0, 'f1-score': 1.0, 'support': 400.0}, 'scan': {'precision': 0.992462311557789, 'recall': 0.9875, 'f1-score': 0.9899749373433584, 'support': 400.0}, 'theft': {'precision': 0.9954337899543378, 'recall': 0.9732142857142857, 'f1-score': 0.9841986455981941, 'support': 224.0}, 'accuracy': 0.9935770750988142, 'macro avg': {'precision': 0.9914900657682909, 'recall': 0.992202380952381, 'f1-score': 0.9917873032337351, 'support': 2024.0}, 'weighted avg': {'precision': 0.9936639957098761, 'recall': 0.9935770750988142, 'f1-score': 0.9935827336142241, 'support': 2024.0}}","[[199   0   0   0   1   0]
 [  1 399   0   0   0   0]
 [  0   0 400   0   0   0]
 [  0   0   0 400   0   0]
 [  2   0   2   0 395   1]
 [  4   0   0   0   2 218]]",0.5399055480957031,0.010091781616210938
443,BoT_IoT,-1,None,MinMaxScaler,NuSVC,0.8864925603183714,-1,-1,96.87088274044797,91.09821428571429,1.8774703557312251,90.12471642952971,90.48587425865831,-1,"{'0Normal': {'precision': 0.8564814814814815, 'recall': 0.925, 'f1-score': 0.889423076923077, 'support': 200.0}, 'HTTP': {'precision': 0.8644859813084113, 'recall': 0.925, 'f1-score': 0.8937198067632851, 'support': 400.0}, 'TCP': {'precision': 0.9217171717171717, 'recall': 0.9125, 'f1-score': 0.9170854271356783, 'support': 400.0}, 'UDP': {'precision': 0.9820051413881749, 'recall': 0.955, 'f1-score': 0.9683143219264893, 'support': 400.0}, 'scan': {'precision': 0.90625, 'recall': 0.7975, 'f1-score': 0.8484042553191491, 'support': 400.0}, 'theft': {'precision': 0.8765432098765432, 'recall': 0.9508928571428571, 'f1-score': 0.9122055674518201, 'support': 224.0}, 'accuracy': 0.9061264822134387, 'macro avg': {'precision': 0.9012471642952972, 'recall': 0.9109821428571429, 'f1-score': 0.9048587425865832, 'support': 2024.0}, 'weighted avg': {'precision': 0.9078188206888069, 'recall': 0.9061264822134387, 'f1-score': 0.9057451516559603, 'support': 2024.0}}","[[185   5   1   6   1   2]
 [  0 370  18   1   0  11]
 [  0   5 365   0  30   0]
 [ 11   1   6 382   0   0]
 [ 15  45   4   0 319  17]
 [  5   2   2   0   2 213]]",0.6346797943115234,0.22243642807006836
444,BoT_IoT,-1,None,MinMaxScaler,SGD,0.7969075195717237,-1,-1,94.35111989459816,79.63988095238093,3.3893280632411065,85.46538055736373,79.36369417501848,-1,"{'0Normal': {'precision': 0.8761904761904762, 'recall': 0.92, 'f1-score': 0.8975609756097561, 'support': 200.0}, 'HTTP': {'precision': 0.7924528301886793, 'recall': 0.945, 'f1-score': 0.8620296465222348, 'support': 400.0}, 'TCP': {'precision': 0.9455958549222798, 'recall': 0.9125, 'f1-score': 0.9287531806615776, 'support': 400.0}, 'UDP': {'precision': 0.9899749373433584, 'recall': 0.9875, 'f1-score': 0.9887359198998749, 'support': 400.0}, 'scan': {'precision': 0.6160164271047228, 'recall': 0.75, 'f1-score': 0.6764374295377678, 'support': 400.0}, 'theft': {'precision': 0.9076923076923077, 'recall': 0.26339285714285715, 'f1-score': 0.40830449826989623, 'support': 224.0}, 'accuracy': 0.8305335968379447, 'macro avg': {'precision': 0.8546538055736373, 'recall': 0.7963988095238094, 'f1-score': 0.7936369417501847, 'support': 2024.0}, 'weighted avg': {'precision': 0.8479136324035516, 'recall': 0.8305335968379447, 'f1-score': 0.8168749374421889, 'support': 2024.0}}","[[184   6   0   4   3   3]
 [  5 378  13   0   4   0]
 [  0  10 365   0  25   0]
 [  0   0   5 395   0   0]
 [ 14  80   3   0 300   3]
 [  7   3   0   0 155  59]]",0.027765512466430664,0.0005035400390625
445,BoT_IoT,-1,None,MinMaxScaler,HHHv2,0.7068907853991838,-1,-1,91.86429512516469,70.50663666075195,4.8814229249011865,68.44047619047619,65.60136181818127,-1,"{'0Normal': {'precision': 0.555, 'recall': 0.7872340425531915, 'f1-score': 0.6510263929618769, 'support': 141.0}, 'HTTP': {'precision': 0.9325, 'recall': 0.7565922920892495, 'f1-score': 0.8353863381858903, 'support': 493.0}, 'TCP': {'precision': 0.9125, 'recall': 0.9034653465346535, 'f1-score': 0.9079601990049752, 'support': 404.0}, 'UDP': {'precision': 0.9575, 'recall': 0.7753036437246964, 'f1-score': 0.8568232662192394, 'support': 494.0}, 'scan': {'precision': 0.74, 'recall': 0.6078028747433265, 'f1-score': 0.6674182638105975, 'support': 487.0}, 'theft': {'precision': 0.008928571428571428, 'recall': 0.4, 'f1-score': 0.017467248908296942, 'support': 5.0}, 'accuracy': 0.7559288537549407, 'macro avg': {'precision': 0.6844047619047618, 'recall': 0.7050663666075195, 'f1-score': 0.6560136181818127, 'support': 2024.0}, 'weighted avg': {'precision': 0.8597120271033316, 'recall': 0.7559288537549407, 'f1-score': 0.7998255092706943, 'support': 2024.0}}","[[111   5   0  11  11   3]
 [  9 373  19   0  82  10]
 [  4  18 365   6   7   4]
 [ 75   0   9 383   1  26]
 [  1   4   7   0 296 179]
 [  0   0   0   0   3   2]]",306.4569275379181,0.005725383758544922
446,BoT_IoT,-1,None,MinMaxScaler,KNN,0.9645732886790279,-1,-1,99.02832674571805,96.89583333333333,0.5830039525691699,97.09770620588594,96.98607851401982,-1,"{'0Normal': {'precision': 0.9644670050761421, 'recall': 0.95, 'f1-score': 0.9571788413098236, 'support': 200.0}, 'HTTP': {'precision': 0.9652605459057072, 'recall': 0.9725, 'f1-score': 0.9688667496886675, 'support': 400.0}, 'TCP': {'precision': 0.9518072289156626, 'recall': 0.9875, 'f1-score': 0.9693251533742331, 'support': 400.0}, 'UDP': {'precision': 0.9874686716791979, 'recall': 0.985, 'f1-score': 0.986232790988736, 'support': 400.0}, 'scan': {'precision': 0.979381443298969, 'recall': 0.95, 'f1-score': 0.9644670050761421, 'support': 400.0}, 'theft': {'precision': 0.9774774774774775, 'recall': 0.96875, 'f1-score': 0.9730941704035874, 'support': 224.0}, 'accuracy': 0.9708498023715415, 'macro avg': {'precision': 0.9709770620588594, 'recall': 0.9689583333333333, 'f1-score': 0.9698607851401982, 'support': 2024.0}, 'weighted avg': {'precision': 0.9710550948073112, 'recall': 0.9708498023715415, 'f1-score': 0.970832777709229, 'support': 2024.0}}","[[190   1   1   5   2   1]
 [  2 389   6   0   3   0]
 [  0   2 395   0   3   0]
 [  0   0   6 394   0   0]
 [  2  11   3   0 380   4]
 [  3   0   4   0   0 217]]",0.0004355907440185547,0.012630701065063477
447,BoT_IoT,-1,None,MinMaxScaler,LDA,0.7375694698995892,-1,-1,92.77009222661397,75.85416666666666,4.33794466403162,76.91190619482184,75.03368112973536,-1,"{'0Normal': {'precision': 0.6578947368421053, 'recall': 0.875, 'f1-score': 0.7510729613733906, 'support': 200.0}, 'HTTP': {'precision': 0.7173396674584323, 'recall': 0.755, 'f1-score': 0.735688185140073, 'support': 400.0}, 'TCP': {'precision': 0.9125, 'recall': 0.9125, 'f1-score': 0.9125, 'support': 400.0}, 'UDP': {'precision': 0.9654320987654321, 'recall': 0.9775, 'f1-score': 0.9714285714285714, 'support': 400.0}, 'scan': {'precision': 0.6485849056603774, 'recall': 0.6875, 'f1-score': 0.6674757281553398, 'support': 400.0}, 'theft': {'precision': 0.7129629629629629, 'recall': 0.34375, 'f1-score': 0.463855421686747, 'support': 224.0}, 'accuracy': 0.783102766798419, 'macro avg': {'precision': 0.7691190619482183, 'recall': 0.7585416666666666, 'f1-score': 0.7503368112973536, 'support': 2024.0}, 'weighted avg': {'precision': 0.7849927469495165, 'recall': 0.783102766798419, 'f1-score': 0.7751754943785094, 'support': 2024.0}}","[[175   8   1  13   2   1]
 [ 76 302  18   0   4   0]
 [  0  31 365   0   4   0]
 [  3   0   6 391   0   0]
 [ 10  78   7   0 275  30]
 [  2   2   3   1 139  77]]",0.004636287689208984,0.0001876354217529297
448,BoT_IoT,-1,None,MinMaxScaler,MLP,0.9609977236332912,-1,-1,98.92951251646905,96.66369047619048,0.6422924901185771,96.21873154430833,96.42161281782374,-1,"{'0Normal': {'precision': 0.9014084507042254, 'recall': 0.96, 'f1-score': 0.9297820823244551, 'support': 200.0}, 'HTTP': {'precision': 0.9723618090452262, 'recall': 0.9675, 'f1-score': 0.9699248120300752, 'support': 400.0}, 'TCP': {'precision': 0.9728395061728395, 'recall': 0.985, 'f1-score': 0.9788819875776398, 'support': 400.0}, 'UDP': {'precision': 0.9974619289340102, 'recall': 0.9825, 'f1-score': 0.9899244332493703, 'support': 400.0}, 'scan': {'precision': 0.9692307692307692, 'recall': 0.945, 'f1-score': 0.9569620253164557, 'support': 400.0}, 'theft': {'precision': 0.9598214285714286, 'recall': 0.9598214285714286, 'f1-score': 0.9598214285714286, 'support': 224.0}, 'accuracy': 0.9678853754940712, 'macro avg': {'precision': 0.9621873154430832, 'recall': 0.9666369047619048, 'f1-score': 0.9642161281782374, 'support': 2024.0}, 'weighted avg': {'precision': 0.9683988614100707, 'recall': 0.9678853754940712, 'f1-score': 0.9680008496711004, 'support': 2024.0}}","[[192   4   0   1   2   1]
 [  4 387   2   0   3   4]
 [  0   2 394   0   4   0]
 [  3   0   4 393   0   0]
 [  8   5   5   0 378   4]
 [  6   0   0   0   3 215]]",2.2433879375457764,0.0008714199066162109
449,BoT_IoT,-1,None,MinMaxScaler,LGBM,0.9951925401563421,-1,-1,99.86824769433466,99.52678571428572,0.07905138339920949,99.47151769996597,99.49788129646903,-1,"{'0Normal': {'precision': 0.9802955665024631, 'recall': 0.995, 'f1-score': 0.9875930521091811, 'support': 200.0}, 'HTTP': {'precision': 1.0, 'recall': 0.9975, 'f1-score': 0.9987484355444306, 'support': 400.0}, 'TCP': {'precision': 0.9975, 'recall': 0.9975, 'f1-score': 0.9975, 'support': 400.0}, 'UDP': {'precision': 1.0, 'recall': 1.0, 'f1-score': 1.0, 'support': 400.0}, 'scan': {'precision': 0.995, 'recall': 0.995, 'f1-score': 0.995, 'support': 400.0}, 'theft': {'precision': 0.9954954954954955, 'recall': 0.9866071428571429, 'f1-score': 0.9910313901345291, 'support': 224.0}, 'accuracy': 0.9960474308300395, 'macro avg': {'precision': 0.9947151769996597, 'recall': 0.9952678571428573, 'f1-score': 0.9949788129646903, 'support': 2024.0}, 'weighted avg': {'precision': 0.9960721859147648, 'recall': 0.9960474308300395, 'f1-score': 0.9960518853901893, 'support': 2024.0}}","[[199   0   0   0   1   0]
 [  1 399   0   0   0   0]
 [  0   0 399   0   1   0]
 [  0   0   0 400   0   0]
 [  0   0   1   0 398   1]
 [  3   0   0   0   0 221]]",1.0346894264221191,0.00872349739074707
450,BoT_IoT,-1,None,MinMaxScaler,RF,0.9921949965526625,-1,-1,99.78590250329381,99.2202380952381,0.12845849802371542,99.1490065768291,99.17873032337351,-1,"{'0Normal': {'precision': 0.9660194174757282, 'recall': 0.995, 'f1-score': 0.9802955665024631, 'support': 200.0}, 'HTTP': {'precision': 1.0, 'recall': 0.9975, 'f1-score': 0.9987484355444306, 'support': 400.0}, 'TCP': {'precision': 0.9950248756218906, 'recall': 1.0, 'f1-score': 0.9975062344139651, 'support': 400.0}, 'UDP': {'precision': 1.0, 'recall': 1.0, 'f1-score': 1.0, 'support': 400.0}, 'scan': {'precision': 0.992462311557789, 'recall': 0.9875, 'f1-score': 0.9899749373433584, 'support': 400.0}, 'theft': {'precision': 0.9954337899543378, 'recall': 0.9732142857142857, 'f1-score': 0.9841986455981941, 'support': 224.0}, 'accuracy': 0.9935770750988142, 'macro avg': {'precision': 0.9914900657682909, 'recall': 0.992202380952381, 'f1-score': 0.9917873032337351, 'support': 2024.0}, 'weighted avg': {'precision': 0.9936639957098761, 'recall': 0.9935770750988142, 'f1-score': 0.9935827336142241, 'support': 2024.0}}","[[199   0   0   0   1   0]
 [  1 399   0   0   0   0]
 [  0   0 400   0   0   0]
 [  0   0   0 400   0   0]
 [  2   0   2   0 395   1]
 [  4   0   0   0   2 218]]",0.540593147277832,0.010134458541870117
451,BoT_IoT,-1,None,MinMaxScaler,NuSVC,0.8864925603183714,-1,-1,96.87088274044797,91.09821428571429,1.8774703557312251,90.12471642952971,90.48587425865831,-1,"{'0Normal': {'precision': 0.8564814814814815, 'recall': 0.925, 'f1-score': 0.889423076923077, 'support': 200.0}, 'HTTP': {'precision': 0.8644859813084113, 'recall': 0.925, 'f1-score': 0.8937198067632851, 'support': 400.0}, 'TCP': {'precision': 0.9217171717171717, 'recall': 0.9125, 'f1-score': 0.9170854271356783, 'support': 400.0}, 'UDP': {'precision': 0.9820051413881749, 'recall': 0.955, 'f1-score': 0.9683143219264893, 'support': 400.0}, 'scan': {'precision': 0.90625, 'recall': 0.7975, 'f1-score': 0.8484042553191491, 'support': 400.0}, 'theft': {'precision': 0.8765432098765432, 'recall': 0.9508928571428571, 'f1-score': 0.9122055674518201, 'support': 224.0}, 'accuracy': 0.9061264822134387, 'macro avg': {'precision': 0.9012471642952972, 'recall': 0.9109821428571429, 'f1-score': 0.9048587425865832, 'support': 2024.0}, 'weighted avg': {'precision': 0.9078188206888069, 'recall': 0.9061264822134387, 'f1-score': 0.9057451516559603, 'support': 2024.0}}","[[185   5   1   6   1   2]
 [  0 370  18   1   0  11]
 [  0   5 365   0  30   0]
 [ 11   1   6 382   0   0]
 [ 15  45   4   0 319  17]
 [  5   2   2   0   2 213]]",0.6345655918121338,0.22925209999084473
452,BoT_IoT,-1,None,MinMaxScaler,SGD,0.7969075195717237,-1,-1,94.35111989459816,79.63988095238093,3.3893280632411065,85.46538055736373,79.36369417501848,-1,"{'0Normal': {'precision': 0.8761904761904762, 'recall': 0.92, 'f1-score': 0.8975609756097561, 'support': 200.0}, 'HTTP': {'precision': 0.7924528301886793, 'recall': 0.945, 'f1-score': 0.8620296465222348, 'support': 400.0}, 'TCP': {'precision': 0.9455958549222798, 'recall': 0.9125, 'f1-score': 0.9287531806615776, 'support': 400.0}, 'UDP': {'precision': 0.9899749373433584, 'recall': 0.9875, 'f1-score': 0.9887359198998749, 'support': 400.0}, 'scan': {'precision': 0.6160164271047228, 'recall': 0.75, 'f1-score': 0.6764374295377678, 'support': 400.0}, 'theft': {'precision': 0.9076923076923077, 'recall': 0.26339285714285715, 'f1-score': 0.40830449826989623, 'support': 224.0}, 'accuracy': 0.8305335968379447, 'macro avg': {'precision': 0.8546538055736373, 'recall': 0.7963988095238094, 'f1-score': 0.7936369417501847, 'support': 2024.0}, 'weighted avg': {'precision': 0.8479136324035516, 'recall': 0.8305335968379447, 'f1-score': 0.8168749374421889, 'support': 2024.0}}","[[184   6   0   4   3   3]
 [  5 378  13   0   4   0]
 [  0  10 365   0  25   0]
 [  0   0   5 395   0   0]
 [ 14  80   3   0 300   3]
 [  7   3   0   0 155  59]]",0.026067018508911133,0.00044727325439453125
453,BoT_IoT,-1,rbf,MinMaxScaler,HHHv2,0.9426982583925363,-1,-1,98.41897233201581,94.61528086059907,0.9486166007905139,95.25595238095238,94.84369230723374,-1,"{'0Normal': {'precision': 0.95, 'recall': 0.95, 'f1-score': 0.9500000000000001, 'support': 200.0}, 'HTTP': {'precision': 0.98, 'recall': 0.9514563106796117, 'f1-score': 0.9655172413793104, 'support': 412.0}, 'TCP': {'precision': 0.975, 'recall': 0.9774436090225563, 'f1-score': 0.9762202753441802, 'support': 399.0}, 'UDP': {'precision': 0.995, 'recall': 0.9925187032418953, 'f1-score': 0.9937578027465668, 'support': 401.0}, 'scan': {'precision': 0.86, 'recall': 0.9529085872576177, 'f1-score': 0.9040735873850196, 'support': 361.0}, 'theft': {'precision': 0.9553571428571429, 'recall': 0.852589641434263, 'f1-score': 0.9010526315789473, 'support': 251.0}, 'accuracy': 0.9525691699604744, 'macro avg': {'precision': 0.9525595238095238, 'recall': 0.9461528086059907, 'f1-score': 0.9484369230723374, 'support': 2024.0}, 'weighted avg': {'precision': 0.9545625705815923, 'recall': 0.9525691699604744, 'f1-score': 0.952735497917137, 'support': 2024.0}}","[[190   1   0   0   5   4]
 [  4 392   2   0  13   1]
 [  0   4 390   0   4   1]
 [  2   0   0 398   1   0]
 [  3   1   7   2 344   4]
 [  1   2   1   0  33 214]]",307.1572585105896,0.12789177894592285
454,BoT_IoT,-1,None,MinMaxScaler,KNN,0.9645732886790279,-1,-1,99.02832674571805,96.89583333333333,0.5830039525691699,97.09770620588594,96.98607851401982,-1,"{'0Normal': {'precision': 0.9644670050761421, 'recall': 0.95, 'f1-score': 0.9571788413098236, 'support': 200.0}, 'HTTP': {'precision': 0.9652605459057072, 'recall': 0.9725, 'f1-score': 0.9688667496886675, 'support': 400.0}, 'TCP': {'precision': 0.9518072289156626, 'recall': 0.9875, 'f1-score': 0.9693251533742331, 'support': 400.0}, 'UDP': {'precision': 0.9874686716791979, 'recall': 0.985, 'f1-score': 0.986232790988736, 'support': 400.0}, 'scan': {'precision': 0.979381443298969, 'recall': 0.95, 'f1-score': 0.9644670050761421, 'support': 400.0}, 'theft': {'precision': 0.9774774774774775, 'recall': 0.96875, 'f1-score': 0.9730941704035874, 'support': 224.0}, 'accuracy': 0.9708498023715415, 'macro avg': {'precision': 0.9709770620588594, 'recall': 0.9689583333333333, 'f1-score': 0.9698607851401982, 'support': 2024.0}, 'weighted avg': {'precision': 0.9710550948073112, 'recall': 0.9708498023715415, 'f1-score': 0.970832777709229, 'support': 2024.0}}","[[190   1   1   5   2   1]
 [  2 389   6   0   3   0]
 [  0   2 395   0   3   0]
 [  0   0   6 394   0   0]
 [  2  11   3   0 380   4]
 [  3   0   4   0   0 217]]",0.0004413127899169922,0.01053929328918457
455,BoT_IoT,-1,None,MinMaxScaler,LDA,0.7375694698995892,-1,-1,92.77009222661397,75.85416666666666,4.33794466403162,76.91190619482184,75.03368112973536,-1,"{'0Normal': {'precision': 0.6578947368421053, 'recall': 0.875, 'f1-score': 0.7510729613733906, 'support': 200.0}, 'HTTP': {'precision': 0.7173396674584323, 'recall': 0.755, 'f1-score': 0.735688185140073, 'support': 400.0}, 'TCP': {'precision': 0.9125, 'recall': 0.9125, 'f1-score': 0.9125, 'support': 400.0}, 'UDP': {'precision': 0.9654320987654321, 'recall': 0.9775, 'f1-score': 0.9714285714285714, 'support': 400.0}, 'scan': {'precision': 0.6485849056603774, 'recall': 0.6875, 'f1-score': 0.6674757281553398, 'support': 400.0}, 'theft': {'precision': 0.7129629629629629, 'recall': 0.34375, 'f1-score': 0.463855421686747, 'support': 224.0}, 'accuracy': 0.783102766798419, 'macro avg': {'precision': 0.7691190619482183, 'recall': 0.7585416666666666, 'f1-score': 0.7503368112973536, 'support': 2024.0}, 'weighted avg': {'precision': 0.7849927469495165, 'recall': 0.783102766798419, 'f1-score': 0.7751754943785094, 'support': 2024.0}}","[[175   8   1  13   2   1]
 [ 76 302  18   0   4   0]
 [  0  31 365   0   4   0]
 [  3   0   6 391   0   0]
 [ 10  78   7   0 275  30]
 [  2   2   3   1 139  77]]",0.004664421081542969,0.00019073486328125
456,BoT_IoT,-1,None,MinMaxScaler,MLP,0.9609977236332912,-1,-1,98.92951251646905,96.66369047619048,0.6422924901185771,96.21873154430833,96.42161281782374,-1,"{'0Normal': {'precision': 0.9014084507042254, 'recall': 0.96, 'f1-score': 0.9297820823244551, 'support': 200.0}, 'HTTP': {'precision': 0.9723618090452262, 'recall': 0.9675, 'f1-score': 0.9699248120300752, 'support': 400.0}, 'TCP': {'precision': 0.9728395061728395, 'recall': 0.985, 'f1-score': 0.9788819875776398, 'support': 400.0}, 'UDP': {'precision': 0.9974619289340102, 'recall': 0.9825, 'f1-score': 0.9899244332493703, 'support': 400.0}, 'scan': {'precision': 0.9692307692307692, 'recall': 0.945, 'f1-score': 0.9569620253164557, 'support': 400.0}, 'theft': {'precision': 0.9598214285714286, 'recall': 0.9598214285714286, 'f1-score': 0.9598214285714286, 'support': 224.0}, 'accuracy': 0.9678853754940712, 'macro avg': {'precision': 0.9621873154430832, 'recall': 0.9666369047619048, 'f1-score': 0.9642161281782374, 'support': 2024.0}, 'weighted avg': {'precision': 0.9683988614100707, 'recall': 0.9678853754940712, 'f1-score': 0.9680008496711004, 'support': 2024.0}}","[[192   4   0   1   2   1]
 [  4 387   2   0   3   4]
 [  0   2 394   0   4   0]
 [  3   0   4 393   0   0]
 [  8   5   5   0 378   4]
 [  6   0   0   0   3 215]]",2.292299270629883,0.0006697177886962891
457,BoT_IoT,-1,None,MinMaxScaler,LGBM,0.9951925401563421,-1,-1,99.86824769433466,99.52678571428572,0.07905138339920949,99.47151769996597,99.49788129646903,-1,"{'0Normal': {'precision': 0.9802955665024631, 'recall': 0.995, 'f1-score': 0.9875930521091811, 'support': 200.0}, 'HTTP': {'precision': 1.0, 'recall': 0.9975, 'f1-score': 0.9987484355444306, 'support': 400.0}, 'TCP': {'precision': 0.9975, 'recall': 0.9975, 'f1-score': 0.9975, 'support': 400.0}, 'UDP': {'precision': 1.0, 'recall': 1.0, 'f1-score': 1.0, 'support': 400.0}, 'scan': {'precision': 0.995, 'recall': 0.995, 'f1-score': 0.995, 'support': 400.0}, 'theft': {'precision': 0.9954954954954955, 'recall': 0.9866071428571429, 'f1-score': 0.9910313901345291, 'support': 224.0}, 'accuracy': 0.9960474308300395, 'macro avg': {'precision': 0.9947151769996597, 'recall': 0.9952678571428573, 'f1-score': 0.9949788129646903, 'support': 2024.0}, 'weighted avg': {'precision': 0.9960721859147648, 'recall': 0.9960474308300395, 'f1-score': 0.9960518853901893, 'support': 2024.0}}","[[199   0   0   0   1   0]
 [  1 399   0   0   0   0]
 [  0   0 399   0   1   0]
 [  0   0   0 400   0   0]
 [  0   0   1   0 398   1]
 [  3   0   0   0   0 221]]",1.0142192840576172,0.009124994277954102
458,BoT_IoT,-1,None,MinMaxScaler,RF,0.9921949965526625,-1,-1,99.78590250329381,99.2202380952381,0.12845849802371542,99.1490065768291,99.17873032337351,-1,"{'0Normal': {'precision': 0.9660194174757282, 'recall': 0.995, 'f1-score': 0.9802955665024631, 'support': 200.0}, 'HTTP': {'precision': 1.0, 'recall': 0.9975, 'f1-score': 0.9987484355444306, 'support': 400.0}, 'TCP': {'precision': 0.9950248756218906, 'recall': 1.0, 'f1-score': 0.9975062344139651, 'support': 400.0}, 'UDP': {'precision': 1.0, 'recall': 1.0, 'f1-score': 1.0, 'support': 400.0}, 'scan': {'precision': 0.992462311557789, 'recall': 0.9875, 'f1-score': 0.9899749373433584, 'support': 400.0}, 'theft': {'precision': 0.9954337899543378, 'recall': 0.9732142857142857, 'f1-score': 0.9841986455981941, 'support': 224.0}, 'accuracy': 0.9935770750988142, 'macro avg': {'precision': 0.9914900657682909, 'recall': 0.992202380952381, 'f1-score': 0.9917873032337351, 'support': 2024.0}, 'weighted avg': {'precision': 0.9936639957098761, 'recall': 0.9935770750988142, 'f1-score': 0.9935827336142241, 'support': 2024.0}}","[[199   0   0   0   1   0]
 [  1 399   0   0   0   0]
 [  0   0 400   0   0   0]
 [  0   0   0 400   0   0]
 [  2   0   2   0 395   1]
 [  4   0   0   0   2 218]]",0.5390362739562988,0.010119438171386719
459,BoT_IoT,-1,None,MinMaxScaler,NuSVC,0.8864925603183714,-1,-1,96.87088274044797,91.09821428571429,1.8774703557312251,90.12471642952971,90.48587425865831,-1,"{'0Normal': {'precision': 0.8564814814814815, 'recall': 0.925, 'f1-score': 0.889423076923077, 'support': 200.0}, 'HTTP': {'precision': 0.8644859813084113, 'recall': 0.925, 'f1-score': 0.8937198067632851, 'support': 400.0}, 'TCP': {'precision': 0.9217171717171717, 'recall': 0.9125, 'f1-score': 0.9170854271356783, 'support': 400.0}, 'UDP': {'precision': 0.9820051413881749, 'recall': 0.955, 'f1-score': 0.9683143219264893, 'support': 400.0}, 'scan': {'precision': 0.90625, 'recall': 0.7975, 'f1-score': 0.8484042553191491, 'support': 400.0}, 'theft': {'precision': 0.8765432098765432, 'recall': 0.9508928571428571, 'f1-score': 0.9122055674518201, 'support': 224.0}, 'accuracy': 0.9061264822134387, 'macro avg': {'precision': 0.9012471642952972, 'recall': 0.9109821428571429, 'f1-score': 0.9048587425865832, 'support': 2024.0}, 'weighted avg': {'precision': 0.9078188206888069, 'recall': 0.9061264822134387, 'f1-score': 0.9057451516559603, 'support': 2024.0}}","[[185   5   1   6   1   2]
 [  0 370  18   1   0  11]
 [  0   5 365   0  30   0]
 [ 11   1   6 382   0   0]
 [ 15  45   4   0 319  17]
 [  5   2   2   0   2 213]]",0.6345610618591309,0.22998857498168945
460,BoT_IoT,-1,None,MinMaxScaler,SGD,0.7969075195717237,-1,-1,94.35111989459816,79.63988095238093,3.3893280632411065,85.46538055736373,79.36369417501848,-1,"{'0Normal': {'precision': 0.8761904761904762, 'recall': 0.92, 'f1-score': 0.8975609756097561, 'support': 200.0}, 'HTTP': {'precision': 0.7924528301886793, 'recall': 0.945, 'f1-score': 0.8620296465222348, 'support': 400.0}, 'TCP': {'precision': 0.9455958549222798, 'recall': 0.9125, 'f1-score': 0.9287531806615776, 'support': 400.0}, 'UDP': {'precision': 0.9899749373433584, 'recall': 0.9875, 'f1-score': 0.9887359198998749, 'support': 400.0}, 'scan': {'precision': 0.6160164271047228, 'recall': 0.75, 'f1-score': 0.6764374295377678, 'support': 400.0}, 'theft': {'precision': 0.9076923076923077, 'recall': 0.26339285714285715, 'f1-score': 0.40830449826989623, 'support': 224.0}, 'accuracy': 0.8305335968379447, 'macro avg': {'precision': 0.8546538055736373, 'recall': 0.7963988095238094, 'f1-score': 0.7936369417501847, 'support': 2024.0}, 'weighted avg': {'precision': 0.8479136324035516, 'recall': 0.8305335968379447, 'f1-score': 0.8168749374421889, 'support': 2024.0}}","[[184   6   0   4   3   3]
 [  5 378  13   0   4   0]
 [  0  10 365   0  25   0]
 [  0   0   5 395   0   0]
 [ 14  80   3   0 300   3]
 [  7   3   0   0 155  59]]",0.028095245361328125,0.00048279762268066406
461,BoT_IoT,-1,poly,MinMaxScaler,HHHv2,0.9415924313500574,-1,-1,98.38603425559947,94.49232516453945,0.9683794466403162,95.1309523809524,94.69653215139485,-1,"{'0Normal': {'precision': 0.945, 'recall': 0.949748743718593, 'f1-score': 0.9473684210526316, 'support': 199.0}, 'HTTP': {'precision': 0.9825, 'recall': 0.9492753623188406, 'f1-score': 0.9656019656019655, 'support': 414.0}, 'TCP': {'precision': 0.9775, 'recall': 0.972636815920398, 'f1-score': 0.9750623441396509, 'support': 402.0}, 'UDP': {'precision': 0.995, 'recall': 0.9974937343358395, 'f1-score': 0.9962453066332916, 'support': 399.0}, 'scan': {'precision': 0.8525, 'recall': 0.9578651685393258, 'f1-score': 0.9021164021164021, 'support': 356.0}, 'theft': {'precision': 0.9553571428571429, 'recall': 0.84251968503937, 'f1-score': 0.8953974895397488, 'support': 254.0}, 'accuracy': 0.9515810276679841, 'macro avg': {'precision': 0.9513095238095239, 'recall': 0.9449232516453945, 'f1-score': 0.9469653215139485, 'support': 2024.0}, 'weighted avg': {'precision': 0.9540122106154715, 'recall': 0.9515810276679841, 'f1-score': 0.9517524064901411, 'support': 2024.0}}","[[189   1   0   0   5   4]
 [  1 393   2   0  15   3]
 [  3   3 391   0   4   1]
 [  1   0   0 398   0   0]
 [  4   1   6   2 341   2]
 [  2   2   1   0  35 214]]",306.9193232059479,0.1785125732421875
462,BoT_IoT,-1,None,MinMaxScaler,KNN,0.9645732886790279,-1,-1,99.02832674571805,96.89583333333333,0.5830039525691699,97.09770620588594,96.98607851401982,-1,"{'0Normal': {'precision': 0.9644670050761421, 'recall': 0.95, 'f1-score': 0.9571788413098236, 'support': 200.0}, 'HTTP': {'precision': 0.9652605459057072, 'recall': 0.9725, 'f1-score': 0.9688667496886675, 'support': 400.0}, 'TCP': {'precision': 0.9518072289156626, 'recall': 0.9875, 'f1-score': 0.9693251533742331, 'support': 400.0}, 'UDP': {'precision': 0.9874686716791979, 'recall': 0.985, 'f1-score': 0.986232790988736, 'support': 400.0}, 'scan': {'precision': 0.979381443298969, 'recall': 0.95, 'f1-score': 0.9644670050761421, 'support': 400.0}, 'theft': {'precision': 0.9774774774774775, 'recall': 0.96875, 'f1-score': 0.9730941704035874, 'support': 224.0}, 'accuracy': 0.9708498023715415, 'macro avg': {'precision': 0.9709770620588594, 'recall': 0.9689583333333333, 'f1-score': 0.9698607851401982, 'support': 2024.0}, 'weighted avg': {'precision': 0.9710550948073112, 'recall': 0.9708498023715415, 'f1-score': 0.970832777709229, 'support': 2024.0}}","[[190   1   1   5   2   1]
 [  2 389   6   0   3   0]
 [  0   2 395   0   3   0]
 [  0   0   6 394   0   0]
 [  2  11   3   0 380   4]
 [  3   0   4   0   0 217]]",0.00044345855712890625,0.018755674362182617
463,BoT_IoT,-1,None,MinMaxScaler,LDA,0.7375694698995892,-1,-1,92.77009222661397,75.85416666666666,4.33794466403162,76.91190619482184,75.03368112973536,-1,"{'0Normal': {'precision': 0.6578947368421053, 'recall': 0.875, 'f1-score': 0.7510729613733906, 'support': 200.0}, 'HTTP': {'precision': 0.7173396674584323, 'recall': 0.755, 'f1-score': 0.735688185140073, 'support': 400.0}, 'TCP': {'precision': 0.9125, 'recall': 0.9125, 'f1-score': 0.9125, 'support': 400.0}, 'UDP': {'precision': 0.9654320987654321, 'recall': 0.9775, 'f1-score': 0.9714285714285714, 'support': 400.0}, 'scan': {'precision': 0.6485849056603774, 'recall': 0.6875, 'f1-score': 0.6674757281553398, 'support': 400.0}, 'theft': {'precision': 0.7129629629629629, 'recall': 0.34375, 'f1-score': 0.463855421686747, 'support': 224.0}, 'accuracy': 0.783102766798419, 'macro avg': {'precision': 0.7691190619482183, 'recall': 0.7585416666666666, 'f1-score': 0.7503368112973536, 'support': 2024.0}, 'weighted avg': {'precision': 0.7849927469495165, 'recall': 0.783102766798419, 'f1-score': 0.7751754943785094, 'support': 2024.0}}","[[175   8   1  13   2   1]
 [ 76 302  18   0   4   0]
 [  0  31 365   0   4   0]
 [  3   0   6 391   0   0]
 [ 10  78   7   0 275  30]
 [  2   2   3   1 139  77]]",0.00475764274597168,0.00018835067749023438
464,BoT_IoT,-1,None,MinMaxScaler,MLP,0.9609977236332912,-1,-1,98.92951251646905,96.66369047619048,0.6422924901185771,96.21873154430833,96.42161281782374,-1,"{'0Normal': {'precision': 0.9014084507042254, 'recall': 0.96, 'f1-score': 0.9297820823244551, 'support': 200.0}, 'HTTP': {'precision': 0.9723618090452262, 'recall': 0.9675, 'f1-score': 0.9699248120300752, 'support': 400.0}, 'TCP': {'precision': 0.9728395061728395, 'recall': 0.985, 'f1-score': 0.9788819875776398, 'support': 400.0}, 'UDP': {'precision': 0.9974619289340102, 'recall': 0.9825, 'f1-score': 0.9899244332493703, 'support': 400.0}, 'scan': {'precision': 0.9692307692307692, 'recall': 0.945, 'f1-score': 0.9569620253164557, 'support': 400.0}, 'theft': {'precision': 0.9598214285714286, 'recall': 0.9598214285714286, 'f1-score': 0.9598214285714286, 'support': 224.0}, 'accuracy': 0.9678853754940712, 'macro avg': {'precision': 0.9621873154430832, 'recall': 0.9666369047619048, 'f1-score': 0.9642161281782374, 'support': 2024.0}, 'weighted avg': {'precision': 0.9683988614100707, 'recall': 0.9678853754940712, 'f1-score': 0.9680008496711004, 'support': 2024.0}}","[[192   4   0   1   2   1]
 [  4 387   2   0   3   4]
 [  0   2 394   0   4   0]
 [  3   0   4 393   0   0]
 [  8   5   5   0 378   4]
 [  6   0   0   0   3 215]]",2.266878366470337,0.000667572021484375
465,BoT_IoT,-1,None,MinMaxScaler,LGBM,0.9951925401563421,-1,-1,99.86824769433466,99.52678571428572,0.07905138339920949,99.47151769996597,99.49788129646903,-1,"{'0Normal': {'precision': 0.9802955665024631, 'recall': 0.995, 'f1-score': 0.9875930521091811, 'support': 200.0}, 'HTTP': {'precision': 1.0, 'recall': 0.9975, 'f1-score': 0.9987484355444306, 'support': 400.0}, 'TCP': {'precision': 0.9975, 'recall': 0.9975, 'f1-score': 0.9975, 'support': 400.0}, 'UDP': {'precision': 1.0, 'recall': 1.0, 'f1-score': 1.0, 'support': 400.0}, 'scan': {'precision': 0.995, 'recall': 0.995, 'f1-score': 0.995, 'support': 400.0}, 'theft': {'precision': 0.9954954954954955, 'recall': 0.9866071428571429, 'f1-score': 0.9910313901345291, 'support': 224.0}, 'accuracy': 0.9960474308300395, 'macro avg': {'precision': 0.9947151769996597, 'recall': 0.9952678571428573, 'f1-score': 0.9949788129646903, 'support': 2024.0}, 'weighted avg': {'precision': 0.9960721859147648, 'recall': 0.9960474308300395, 'f1-score': 0.9960518853901893, 'support': 2024.0}}","[[199   0   0   0   1   0]
 [  1 399   0   0   0   0]
 [  0   0 399   0   1   0]
 [  0   0   0 400   0   0]
 [  0   0   1   0 398   1]
 [  3   0   0   0   0 221]]",1.003736972808838,0.00897216796875
466,BoT_IoT,-1,None,MinMaxScaler,RF,0.9921949965526625,-1,-1,99.78590250329381,99.2202380952381,0.12845849802371542,99.1490065768291,99.17873032337351,-1,"{'0Normal': {'precision': 0.9660194174757282, 'recall': 0.995, 'f1-score': 0.9802955665024631, 'support': 200.0}, 'HTTP': {'precision': 1.0, 'recall': 0.9975, 'f1-score': 0.9987484355444306, 'support': 400.0}, 'TCP': {'precision': 0.9950248756218906, 'recall': 1.0, 'f1-score': 0.9975062344139651, 'support': 400.0}, 'UDP': {'precision': 1.0, 'recall': 1.0, 'f1-score': 1.0, 'support': 400.0}, 'scan': {'precision': 0.992462311557789, 'recall': 0.9875, 'f1-score': 0.9899749373433584, 'support': 400.0}, 'theft': {'precision': 0.9954337899543378, 'recall': 0.9732142857142857, 'f1-score': 0.9841986455981941, 'support': 224.0}, 'accuracy': 0.9935770750988142, 'macro avg': {'precision': 0.9914900657682909, 'recall': 0.992202380952381, 'f1-score': 0.9917873032337351, 'support': 2024.0}, 'weighted avg': {'precision': 0.9936639957098761, 'recall': 0.9935770750988142, 'f1-score': 0.9935827336142241, 'support': 2024.0}}","[[199   0   0   0   1   0]
 [  1 399   0   0   0   0]
 [  0   0 400   0   0   0]
 [  0   0   0 400   0   0]
 [  2   0   2   0 395   1]
 [  4   0   0   0   2 218]]",0.5326812267303467,0.01011800765991211
467,BoT_IoT,-1,None,MinMaxScaler,NuSVC,0.8864925603183714,-1,-1,96.87088274044797,91.09821428571429,1.8774703557312251,90.12471642952971,90.48587425865831,-1,"{'0Normal': {'precision': 0.8564814814814815, 'recall': 0.925, 'f1-score': 0.889423076923077, 'support': 200.0}, 'HTTP': {'precision': 0.8644859813084113, 'recall': 0.925, 'f1-score': 0.8937198067632851, 'support': 400.0}, 'TCP': {'precision': 0.9217171717171717, 'recall': 0.9125, 'f1-score': 0.9170854271356783, 'support': 400.0}, 'UDP': {'precision': 0.9820051413881749, 'recall': 0.955, 'f1-score': 0.9683143219264893, 'support': 400.0}, 'scan': {'precision': 0.90625, 'recall': 0.7975, 'f1-score': 0.8484042553191491, 'support': 400.0}, 'theft': {'precision': 0.8765432098765432, 'recall': 0.9508928571428571, 'f1-score': 0.9122055674518201, 'support': 224.0}, 'accuracy': 0.9061264822134387, 'macro avg': {'precision': 0.9012471642952972, 'recall': 0.9109821428571429, 'f1-score': 0.9048587425865832, 'support': 2024.0}, 'weighted avg': {'precision': 0.9078188206888069, 'recall': 0.9061264822134387, 'f1-score': 0.9057451516559603, 'support': 2024.0}}","[[185   5   1   6   1   2]
 [  0 370  18   1   0  11]
 [  0   5 365   0  30   0]
 [ 11   1   6 382   0   0]
 [ 15  45   4   0 319  17]
 [  5   2   2   0   2 213]]",0.6342649459838867,0.2202293872833252
468,BoT_IoT,-1,None,MinMaxScaler,SGD,0.7969075195717237,-1,-1,94.35111989459816,79.63988095238093,3.3893280632411065,85.46538055736373,79.36369417501848,-1,"{'0Normal': {'precision': 0.8761904761904762, 'recall': 0.92, 'f1-score': 0.8975609756097561, 'support': 200.0}, 'HTTP': {'precision': 0.7924528301886793, 'recall': 0.945, 'f1-score': 0.8620296465222348, 'support': 400.0}, 'TCP': {'precision': 0.9455958549222798, 'recall': 0.9125, 'f1-score': 0.9287531806615776, 'support': 400.0}, 'UDP': {'precision': 0.9899749373433584, 'recall': 0.9875, 'f1-score': 0.9887359198998749, 'support': 400.0}, 'scan': {'precision': 0.6160164271047228, 'recall': 0.75, 'f1-score': 0.6764374295377678, 'support': 400.0}, 'theft': {'precision': 0.9076923076923077, 'recall': 0.26339285714285715, 'f1-score': 0.40830449826989623, 'support': 224.0}, 'accuracy': 0.8305335968379447, 'macro avg': {'precision': 0.8546538055736373, 'recall': 0.7963988095238094, 'f1-score': 0.7936369417501847, 'support': 2024.0}, 'weighted avg': {'precision': 0.8479136324035516, 'recall': 0.8305335968379447, 'f1-score': 0.8168749374421889, 'support': 2024.0}}","[[184   6   0   4   3   3]
 [  5 378  13   0   4   0]
 [  0  10 365   0  25   0]
 [  0   0   5 395   0   0]
 [ 14  80   3   0 300   3]
 [  7   3   0   0 155  59]]",0.02627420425415039,0.00042748451232910156
469,BoT_IoT,-1,linear,MinMaxScaler,HHHv2,0.7068907853991838,-1,-1,91.86429512516469,70.50663666075195,4.8814229249011865,68.44047619047619,65.60136181818127,-1,"{'0Normal': {'precision': 0.555, 'recall': 0.7872340425531915, 'f1-score': 0.6510263929618769, 'support': 141.0}, 'HTTP': {'precision': 0.9325, 'recall': 0.7565922920892495, 'f1-score': 0.8353863381858903, 'support': 493.0}, 'TCP': {'precision': 0.9125, 'recall': 0.9034653465346535, 'f1-score': 0.9079601990049752, 'support': 404.0}, 'UDP': {'precision': 0.9575, 'recall': 0.7753036437246964, 'f1-score': 0.8568232662192394, 'support': 494.0}, 'scan': {'precision': 0.74, 'recall': 0.6078028747433265, 'f1-score': 0.6674182638105975, 'support': 487.0}, 'theft': {'precision': 0.008928571428571428, 'recall': 0.4, 'f1-score': 0.017467248908296942, 'support': 5.0}, 'accuracy': 0.7559288537549407, 'macro avg': {'precision': 0.6844047619047618, 'recall': 0.7050663666075195, 'f1-score': 0.6560136181818127, 'support': 2024.0}, 'weighted avg': {'precision': 0.8597120271033316, 'recall': 0.7559288537549407, 'f1-score': 0.7998255092706943, 'support': 2024.0}}","[[111   5   0  11  11   3]
 [  9 373  19   0  82  10]
 [  4  18 365   6   7   4]
 [ 75   0   9 383   1  26]
 [  1   4   7   0 296 179]
 [  0   0   0   0   3   2]]",306.1865396499634,0.0363163948059082
470,BoT_IoT,-1,None,MinMaxScaler,KNN,0.9645732886790279,-1,-1,99.02832674571805,96.89583333333333,0.5830039525691699,97.09770620588594,96.98607851401982,-1,"{'0Normal': {'precision': 0.9644670050761421, 'recall': 0.95, 'f1-score': 0.9571788413098236, 'support': 200.0}, 'HTTP': {'precision': 0.9652605459057072, 'recall': 0.9725, 'f1-score': 0.9688667496886675, 'support': 400.0}, 'TCP': {'precision': 0.9518072289156626, 'recall': 0.9875, 'f1-score': 0.9693251533742331, 'support': 400.0}, 'UDP': {'precision': 0.9874686716791979, 'recall': 0.985, 'f1-score': 0.986232790988736, 'support': 400.0}, 'scan': {'precision': 0.979381443298969, 'recall': 0.95, 'f1-score': 0.9644670050761421, 'support': 400.0}, 'theft': {'precision': 0.9774774774774775, 'recall': 0.96875, 'f1-score': 0.9730941704035874, 'support': 224.0}, 'accuracy': 0.9708498023715415, 'macro avg': {'precision': 0.9709770620588594, 'recall': 0.9689583333333333, 'f1-score': 0.9698607851401982, 'support': 2024.0}, 'weighted avg': {'precision': 0.9710550948073112, 'recall': 0.9708498023715415, 'f1-score': 0.970832777709229, 'support': 2024.0}}","[[190   1   1   5   2   1]
 [  2 389   6   0   3   0]
 [  0   2 395   0   3   0]
 [  0   0   6 394   0   0]
 [  2  11   3   0 380   4]
 [  3   0   4   0   0 217]]",0.0004401206970214844,0.015326976776123047
471,BoT_IoT,-1,None,MinMaxScaler,LDA,0.7375694698995892,-1,-1,92.77009222661397,75.85416666666666,4.33794466403162,76.91190619482184,75.03368112973536,-1,"{'0Normal': {'precision': 0.6578947368421053, 'recall': 0.875, 'f1-score': 0.7510729613733906, 'support': 200.0}, 'HTTP': {'precision': 0.7173396674584323, 'recall': 0.755, 'f1-score': 0.735688185140073, 'support': 400.0}, 'TCP': {'precision': 0.9125, 'recall': 0.9125, 'f1-score': 0.9125, 'support': 400.0}, 'UDP': {'precision': 0.9654320987654321, 'recall': 0.9775, 'f1-score': 0.9714285714285714, 'support': 400.0}, 'scan': {'precision': 0.6485849056603774, 'recall': 0.6875, 'f1-score': 0.6674757281553398, 'support': 400.0}, 'theft': {'precision': 0.7129629629629629, 'recall': 0.34375, 'f1-score': 0.463855421686747, 'support': 224.0}, 'accuracy': 0.783102766798419, 'macro avg': {'precision': 0.7691190619482183, 'recall': 0.7585416666666666, 'f1-score': 0.7503368112973536, 'support': 2024.0}, 'weighted avg': {'precision': 0.7849927469495165, 'recall': 0.783102766798419, 'f1-score': 0.7751754943785094, 'support': 2024.0}}","[[175   8   1  13   2   1]
 [ 76 302  18   0   4   0]
 [  0  31 365   0   4   0]
 [  3   0   6 391   0   0]
 [ 10  78   7   0 275  30]
 [  2   2   3   1 139  77]]",0.005117177963256836,0.00019431114196777344
472,BoT_IoT,-1,None,MinMaxScaler,MLP,0.9609977236332912,-1,-1,98.92951251646905,96.66369047619048,0.6422924901185771,96.21873154430833,96.42161281782374,-1,"{'0Normal': {'precision': 0.9014084507042254, 'recall': 0.96, 'f1-score': 0.9297820823244551, 'support': 200.0}, 'HTTP': {'precision': 0.9723618090452262, 'recall': 0.9675, 'f1-score': 0.9699248120300752, 'support': 400.0}, 'TCP': {'precision': 0.9728395061728395, 'recall': 0.985, 'f1-score': 0.9788819875776398, 'support': 400.0}, 'UDP': {'precision': 0.9974619289340102, 'recall': 0.9825, 'f1-score': 0.9899244332493703, 'support': 400.0}, 'scan': {'precision': 0.9692307692307692, 'recall': 0.945, 'f1-score': 0.9569620253164557, 'support': 400.0}, 'theft': {'precision': 0.9598214285714286, 'recall': 0.9598214285714286, 'f1-score': 0.9598214285714286, 'support': 224.0}, 'accuracy': 0.9678853754940712, 'macro avg': {'precision': 0.9621873154430832, 'recall': 0.9666369047619048, 'f1-score': 0.9642161281782374, 'support': 2024.0}, 'weighted avg': {'precision': 0.9683988614100707, 'recall': 0.9678853754940712, 'f1-score': 0.9680008496711004, 'support': 2024.0}}","[[192   4   0   1   2   1]
 [  4 387   2   0   3   4]
 [  0   2 394   0   4   0]
 [  3   0   4 393   0   0]
 [  8   5   5   0 378   4]
 [  6   0   0   0   3 215]]",2.291815757751465,0.0007982254028320312
473,BoT_IoT,-1,None,MinMaxScaler,LGBM,0.9951925401563421,-1,-1,99.86824769433466,99.52678571428572,0.07905138339920949,99.47151769996597,99.49788129646903,-1,"{'0Normal': {'precision': 0.9802955665024631, 'recall': 0.995, 'f1-score': 0.9875930521091811, 'support': 200.0}, 'HTTP': {'precision': 1.0, 'recall': 0.9975, 'f1-score': 0.9987484355444306, 'support': 400.0}, 'TCP': {'precision': 0.9975, 'recall': 0.9975, 'f1-score': 0.9975, 'support': 400.0}, 'UDP': {'precision': 1.0, 'recall': 1.0, 'f1-score': 1.0, 'support': 400.0}, 'scan': {'precision': 0.995, 'recall': 0.995, 'f1-score': 0.995, 'support': 400.0}, 'theft': {'precision': 0.9954954954954955, 'recall': 0.9866071428571429, 'f1-score': 0.9910313901345291, 'support': 224.0}, 'accuracy': 0.9960474308300395, 'macro avg': {'precision': 0.9947151769996597, 'recall': 0.9952678571428573, 'f1-score': 0.9949788129646903, 'support': 2024.0}, 'weighted avg': {'precision': 0.9960721859147648, 'recall': 0.9960474308300395, 'f1-score': 0.9960518853901893, 'support': 2024.0}}","[[199   0   0   0   1   0]
 [  1 399   0   0   0   0]
 [  0   0 399   0   1   0]
 [  0   0   0 400   0   0]
 [  0   0   1   0 398   1]
 [  3   0   0   0   0 221]]",1.0172650814056396,0.008853912353515625
474,BoT_IoT,-1,None,MinMaxScaler,RF,0.9921949965526625,-1,-1,99.78590250329381,99.2202380952381,0.12845849802371542,99.1490065768291,99.17873032337351,-1,"{'0Normal': {'precision': 0.9660194174757282, 'recall': 0.995, 'f1-score': 0.9802955665024631, 'support': 200.0}, 'HTTP': {'precision': 1.0, 'recall': 0.9975, 'f1-score': 0.9987484355444306, 'support': 400.0}, 'TCP': {'precision': 0.9950248756218906, 'recall': 1.0, 'f1-score': 0.9975062344139651, 'support': 400.0}, 'UDP': {'precision': 1.0, 'recall': 1.0, 'f1-score': 1.0, 'support': 400.0}, 'scan': {'precision': 0.992462311557789, 'recall': 0.9875, 'f1-score': 0.9899749373433584, 'support': 400.0}, 'theft': {'precision': 0.9954337899543378, 'recall': 0.9732142857142857, 'f1-score': 0.9841986455981941, 'support': 224.0}, 'accuracy': 0.9935770750988142, 'macro avg': {'precision': 0.9914900657682909, 'recall': 0.992202380952381, 'f1-score': 0.9917873032337351, 'support': 2024.0}, 'weighted avg': {'precision': 0.9936639957098761, 'recall': 0.9935770750988142, 'f1-score': 0.9935827336142241, 'support': 2024.0}}","[[199   0   0   0   1   0]
 [  1 399   0   0   0   0]
 [  0   0 400   0   0   0]
 [  0   0   0 400   0   0]
 [  2   0   2   0 395   1]
 [  4   0   0   0   2 218]]",0.5413758754730225,0.010290384292602539
475,BoT_IoT,-1,None,MinMaxScaler,NuSVC,0.8864925603183714,-1,-1,96.87088274044797,91.09821428571429,1.8774703557312251,90.12471642952971,90.48587425865831,-1,"{'0Normal': {'precision': 0.8564814814814815, 'recall': 0.925, 'f1-score': 0.889423076923077, 'support': 200.0}, 'HTTP': {'precision': 0.8644859813084113, 'recall': 0.925, 'f1-score': 0.8937198067632851, 'support': 400.0}, 'TCP': {'precision': 0.9217171717171717, 'recall': 0.9125, 'f1-score': 0.9170854271356783, 'support': 400.0}, 'UDP': {'precision': 0.9820051413881749, 'recall': 0.955, 'f1-score': 0.9683143219264893, 'support': 400.0}, 'scan': {'precision': 0.90625, 'recall': 0.7975, 'f1-score': 0.8484042553191491, 'support': 400.0}, 'theft': {'precision': 0.8765432098765432, 'recall': 0.9508928571428571, 'f1-score': 0.9122055674518201, 'support': 224.0}, 'accuracy': 0.9061264822134387, 'macro avg': {'precision': 0.9012471642952972, 'recall': 0.9109821428571429, 'f1-score': 0.9048587425865832, 'support': 2024.0}, 'weighted avg': {'precision': 0.9078188206888069, 'recall': 0.9061264822134387, 'f1-score': 0.9057451516559603, 'support': 2024.0}}","[[185   5   1   6   1   2]
 [  0 370  18   1   0  11]
 [  0   5 365   0  30   0]
 [ 11   1   6 382   0   0]
 [ 15  45   4   0 319  17]
 [  5   2   2   0   2 213]]",0.6344692707061768,0.22243571281433105
476,BoT_IoT,-1,None,MinMaxScaler,SGD,0.7969075195717237,-1,-1,94.35111989459816,79.63988095238093,3.3893280632411065,85.46538055736373,79.36369417501848,-1,"{'0Normal': {'precision': 0.8761904761904762, 'recall': 0.92, 'f1-score': 0.8975609756097561, 'support': 200.0}, 'HTTP': {'precision': 0.7924528301886793, 'recall': 0.945, 'f1-score': 0.8620296465222348, 'support': 400.0}, 'TCP': {'precision': 0.9455958549222798, 'recall': 0.9125, 'f1-score': 0.9287531806615776, 'support': 400.0}, 'UDP': {'precision': 0.9899749373433584, 'recall': 0.9875, 'f1-score': 0.9887359198998749, 'support': 400.0}, 'scan': {'precision': 0.6160164271047228, 'recall': 0.75, 'f1-score': 0.6764374295377678, 'support': 400.0}, 'theft': {'precision': 0.9076923076923077, 'recall': 0.26339285714285715, 'f1-score': 0.40830449826989623, 'support': 224.0}, 'accuracy': 0.8305335968379447, 'macro avg': {'precision': 0.8546538055736373, 'recall': 0.7963988095238094, 'f1-score': 0.7936369417501847, 'support': 2024.0}, 'weighted avg': {'precision': 0.8479136324035516, 'recall': 0.8305335968379447, 'f1-score': 0.8168749374421889, 'support': 2024.0}}","[[184   6   0   4   3   3]
 [  5 378  13   0   4   0]
 [  0  10 365   0  25   0]
 [  0   0   5 395   0   0]
 [ 14  80   3   0 300   3]
 [  7   3   0   0 155  59]]",0.02752089500427246,0.00041556358337402344
477,BoT_IoT,-1,sigmoid,MinMaxScaler,HHHv2,0.8929789860666975,-1,-1,97.01910408432147,90.88265204880413,1.7885375494071147,90.96428571428574,90.52317243704375,-1,"{'0Normal': {'precision': 0.86, 'recall': 0.9247311827956989, 'f1-score': 0.8911917098445595, 'support': 186.0}, 'HTTP': {'precision': 0.945, 'recall': 0.8344370860927153, 'f1-score': 0.8862837045720984, 'support': 453.0}, 'TCP': {'precision': 0.9575, 'recall': 0.9575, 'f1-score': 0.9575, 'support': 400.0}, 'UDP': {'precision': 0.995, 'recall': 0.9827160493827161, 'f1-score': 0.9888198757763975, 'support': 405.0}, 'scan': {'precision': 0.745, 'recall': 0.952076677316294, 'f1-score': 0.8359046283309958, 'support': 313.0}, 'theft': {'precision': 0.9553571428571429, 'recall': 0.8014981273408239, 'f1-score': 0.8716904276985743, 'support': 267.0}, 'accuracy': 0.9105731225296443, 'macro avg': {'precision': 0.9096428571428573, 'recall': 0.9088265204880414, 'f1-score': 0.9052317243704375, 'support': 2024.0}, 'weighted avg': {'precision': 0.920101461038961, 'recall': 0.9105731225296443, 'f1-score': 0.9116105329816259, 'support': 2024.0}}","[[172   2   1   0   5   6]
 [ 12 378   7   2  54   0]
 [  2  12 383   0   3   0]
 [  3   0   0 398   1   3]
 [  5   5   4   0 298   1]
 [  6   3   5   0  39 214]]",306.87219190597534,0.12500405311584473
