,Data Type,Poly,Kernel,SCALER,Model,MCC,NDR,AUC_N,ACC,TPR Macro,FPR,PPV Macro,F1 Macro,AUC,CLS Report,CFS Matrix,Training time,Test time
0,IoTID20,0,rbf,QuantileTransformer,KNFST,0.6483319396271898,-1,-1,88.7,71.75,7.062499999999999,71.32715984977138,71.23928579745386,-1,"{'0Normal': {'precision': 0.7544642857142857, 'recall': 0.845, 'f1-score': 0.7971698113207547, 'support': 400.0}, 'DoS': {'precision': 1.0, 'recall': 0.9925, 'f1-score': 0.9962358845671268, 'support': 400.0}, 'MITM ARP Spoofing': {'precision': 0.5838926174496645, 'recall': 0.435, 'f1-score': 0.498567335243553, 'support': 400.0}, 'Mirai': {'precision': 0.6423529411764706, 'recall': 0.6825, 'f1-score': 0.6618181818181819, 'support': 400.0}, 'Scan': {'precision': 0.5856481481481481, 'recall': 0.6325, 'f1-score': 0.6081730769230769, 'support': 400.0}, 'accuracy': 0.7175, 'macro avg': {'precision': 0.7132715984977137, 'recall': 0.7175, 'f1-score': 0.7123928579745386, 'support': 2000.0}, 'weighted avg': {'precision': 0.7132715984977138, 'recall': 0.7175, 'f1-score': 0.7123928579745387, 'support': 2000.0}}","[[338   0   9  24  29]
 [  3 397   0   0   0]
 [ 42   0 174  89  95]
 [ 32   0  40 273  55]
 [ 33   0  75  39 253]]",317.2268512248993,0.9482331275939941
1,IoTID20,0,rbf,QuantileTransformer,KNN,0.7582776187295747,-1,-1,92.25999999999999,80.65,4.8375,80.51033442508671,80.54701847301618,-1,"{'0Normal': {'precision': 0.8694638694638694, 'recall': 0.9325, 'f1-score': 0.8998793727382388, 'support': 400.0}, 'DoS': {'precision': 0.9974874371859297, 'recall': 0.9925, 'f1-score': 0.9949874686716792, 'support': 400.0}, 'MITM ARP Spoofing': {'precision': 0.6521739130434783, 'recall': 0.6375, 'f1-score': 0.6447534766118836, 'support': 400.0}, 'Mirai': {'precision': 0.8031496062992126, 'recall': 0.765, 'f1-score': 0.7836107554417413, 'support': 400.0}, 'Scan': {'precision': 0.7032418952618454, 'recall': 0.705, 'f1-score': 0.704119850187266, 'support': 400.0}, 'accuracy': 0.8065, 'macro avg': {'precision': 0.8051033442508672, 'recall': 0.8065, 'f1-score': 0.8054701847301619, 'support': 2000.0}, 'weighted avg': {'precision': 0.8051033442508672, 'recall': 0.8065, 'f1-score': 0.805470184730162, 'support': 2000.0}}","[[373   1   8   8  10]
 [  1 397   0   2   0]
 [ 19   0 255  47  79]
 [ 19   0  45 306  30]
 [ 17   0  83  18 282]]",0.0004985332489013672,0.011870384216308594
2,IoTID20,0,rbf,QuantileTransformer,LDA,0.7138240774770779,-1,-1,90.74,76.85,5.7875000000000005,79.53140435312888,77.51243223345405,-1,"{'0Normal': {'precision': 0.9051490514905149, 'recall': 0.835, 'f1-score': 0.8686605981794538, 'support': 400.0}, 'DoS': {'precision': 0.9875621890547264, 'recall': 0.9925, 'f1-score': 0.9900249376558603, 'support': 400.0}, 'MITM ARP Spoofing': {'precision': 0.6208530805687204, 'recall': 0.655, 'f1-score': 0.6374695863746959, 'support': 400.0}, 'Mirai': {'precision': 0.9303135888501742, 'recall': 0.6675, 'f1-score': 0.777292576419214, 'support': 400.0}, 'Scan': {'precision': 0.5326923076923077, 'recall': 0.6925, 'f1-score': 0.6021739130434782, 'support': 400.0}, 'accuracy': 0.7685, 'macro avg': {'precision': 0.7953140435312888, 'recall': 0.7685, 'f1-score': 0.7751243223345404, 'support': 2000.0}, 'weighted avg': {'precision': 0.7953140435312888, 'recall': 0.7685, 'f1-score': 0.7751243223345404, 'support': 2000.0}}","[[334   1  13   3  49]
 [  2 397   0   1   0]
 [  2   0 262   8 128]
 [  8   2  57 267  66]
 [ 23   2  90   8 277]]",0.6808786392211914,0.0022716522216796875
3,IoTID20,0,rbf,QuantileTransformer,NuSVC,0.7441831901476805,-1,-1,91.78,79.45,5.137499999999999,80.54468243261607,79.75803253769061,-1,"{'0Normal': {'precision': 0.9166666666666666, 'recall': 0.935, 'f1-score': 0.9257425742574258, 'support': 400.0}, 'DoS': {'precision': 0.992462311557789, 'recall': 0.9875, 'f1-score': 0.9899749373433584, 'support': 400.0}, 'MITM ARP Spoofing': {'precision': 0.589010989010989, 'recall': 0.67, 'f1-score': 0.6269005847953216, 'support': 400.0}, 'Mirai': {'precision': 0.9074074074074074, 'recall': 0.735, 'f1-score': 0.8121546961325967, 'support': 400.0}, 'Scan': {'precision': 0.6216867469879518, 'recall': 0.645, 'f1-score': 0.6331288343558282, 'support': 400.0}, 'accuracy': 0.7945, 'macro avg': {'precision': 0.8054468243261608, 'recall': 0.7945, 'f1-score': 0.7975803253769062, 'support': 2000.0}, 'weighted avg': {'precision': 0.8054468243261608, 'recall': 0.7945, 'f1-score': 0.7975803253769062, 'support': 2000.0}}","[[374   1   9   2  14]
 [  5 395   0   0   0]
 [  9   0 268  22 101]
 [ 14   0  50 294  42]
 [  6   2 128   6 258]]",0.8465077877044678,0.2377769947052002
4,IoTID20,0,rbf,QuantileTransformer,SGD,0.7041796067547982,-1,-1,90.4,76.0,6.0,79.94253749556849,77.04671607699598,-1,"{'0Normal': {'precision': 0.9900332225913622, 'recall': 0.745, 'f1-score': 0.8502139800285307, 'support': 400.0}, 'DoS': {'precision': 1.0, 'recall': 0.995, 'f1-score': 0.9974937343358395, 'support': 400.0}, 'MITM ARP Spoofing': {'precision': 0.5511811023622047, 'recall': 0.7, 'f1-score': 0.6167400881057269, 'support': 400.0}, 'Mirai': {'precision': 0.9117647058823529, 'recall': 0.6975, 'f1-score': 0.7903682719546742, 'support': 400.0}, 'Scan': {'precision': 0.5441478439425051, 'recall': 0.6625, 'f1-score': 0.5975197294250282, 'support': 400.0}, 'accuracy': 0.76, 'macro avg': {'precision': 0.7994253749556849, 'recall': 0.76, 'f1-score': 0.7704671607699598, 'support': 2000.0}, 'weighted avg': {'precision': 0.7994253749556849, 'recall': 0.76, 'f1-score': 0.7704671607699599, 'support': 2000.0}}","[[298   0  27   6  69]
 [  0 398   0   2   0]
 [  0   0 280   8 112]
 [  3   0  77 279  41]
 [  0   0 124  11 265]]",0.20263147354125977,0.0027036666870117188
5,IoTID20,0,rbf,QuantileTransformer,GauNB,0.5473150007898376,-1,-1,82.74000000000001,56.85,10.7875,78.68389965855384,54.15915475899447,-1,"{'0Normal': {'precision': 0.9904761904761905, 'recall': 0.26, 'f1-score': 0.41188118811881186, 'support': 400.0}, 'DoS': {'precision': 0.9899749373433584, 'recall': 0.9875, 'f1-score': 0.9887359198998749, 'support': 400.0}, 'MITM ARP Spoofing': {'precision': 0.6585365853658537, 'recall': 0.0675, 'f1-score': 0.12244897959183673, 'support': 400.0}, 'Mirai': {'precision': 0.9778761061946902, 'recall': 0.5525, 'f1-score': 0.7060702875399361, 'support': 400.0}, 'Scan': {'precision': 0.31733116354759966, 'recall': 0.975, 'f1-score': 0.47882136279926335, 'support': 400.0}, 'accuracy': 0.5685, 'macro avg': {'precision': 0.7868389965855385, 'recall': 0.5685, 'f1-score': 0.5415915475899447, 'support': 2000.0}, 'weighted avg': {'precision': 0.7868389965855385, 'recall': 0.5685, 'f1-score': 0.5415915475899447, 'support': 2000.0}}","[[104   0   1   0 295]
 [  0 395   0   5   0]
 [  0   0  27   0 373]
 [  1   2   5 221 171]
 [  0   2   8   0 390]]",0.002997159957885742,0.0015969276428222656
6,IoTID20,0,rbf,QuantileTransformer,NC,0.4786585417118235,-1,-1,83.1,57.75,10.5625,58.02598532950605,55.78615822694106,-1,"{'0Normal': {'precision': 0.653179190751445, 'recall': 0.2825, 'f1-score': 0.3944153577661431, 'support': 400.0}, 'DoS': {'precision': 0.6978798586572438, 'recall': 0.9875, 'f1-score': 0.8178053830227743, 'support': 400.0}, 'MITM ARP Spoofing': {'precision': 0.4357429718875502, 'recall': 0.5425, 'f1-score': 0.48329621380846327, 'support': 400.0}, 'Mirai': {'precision': 0.6875, 'recall': 0.6875, 'f1-score': 0.6875, 'support': 400.0}, 'Scan': {'precision': 0.42699724517906334, 'recall': 0.3875, 'f1-score': 0.40629095674967236, 'support': 400.0}, 'accuracy': 0.5775, 'macro avg': {'precision': 0.5802598532950605, 'recall': 0.5775, 'f1-score': 0.5578615822694106, 'support': 2000.0}, 'weighted avg': {'precision': 0.5802598532950605, 'recall': 0.5775, 'f1-score': 0.5578615822694106, 'support': 2000.0}}","[[113 107  78  75  27]
 [  1 395   2   2   0]
 [  3  14 217  16 150]
 [  9   5  80 275  31]
 [ 47  45 121  32 155]]",0.0011188983917236328,0.03615236282348633
7,IoTID20,0,rbf,QuantileTransformer,RNC,0.707453151592653,-1,-1,90.46,76.15,5.9624999999999995,78.13399389506603,75.9431279119848,-1,"{'0Normal': {'precision': 0.6619964973730298, 'recall': 0.945, 'f1-score': 0.7785787847579815, 'support': 400.0}, 'DoS': {'precision': 1.0, 'recall': 0.9575, 'f1-score': 0.9782886334610472, 'support': 400.0}, 'MITM ARP Spoofing': {'precision': 0.6730245231607629, 'recall': 0.6175, 'f1-score': 0.6440677966101694, 'support': 400.0}, 'Mirai': {'precision': 0.9042145593869731, 'recall': 0.59, 'f1-score': 0.7140695915279879, 'support': 400.0}, 'Scan': {'precision': 0.6674641148325359, 'recall': 0.6975, 'f1-score': 0.6821515892420538, 'support': 400.0}, 'accuracy': 0.7615, 'macro avg': {'precision': 0.7813399389506603, 'recall': 0.7615000000000001, 'f1-score': 0.759431279119848, 'support': 2000.0}, 'weighted avg': {'precision': 0.7813399389506603, 'recall': 0.7615, 'f1-score': 0.7594312791198479, 'support': 2000.0}}","[[378   0   8   1  13]
 [ 17 383   0   0   0]
 [ 46   0 247  13  94]
 [ 88   0  44 236  32]
 [ 42   0  68  11 279]]",0.0005116462707519531,0.02459406852722168
8,IoTID20,0,poly,QuantileTransformer,KNN,0.7569954191617088,-1,-1,92.22,80.55,4.8625,80.39885789032202,80.44911880660213,-1,"{'0Normal': {'precision': 0.8841607565011821, 'recall': 0.935, 'f1-score': 0.9088699878493317, 'support': 400.0}, 'DoS': {'precision': 0.9974874371859297, 'recall': 0.9925, 'f1-score': 0.9949874686716792, 'support': 400.0}, 'MITM ARP Spoofing': {'precision': 0.6415584415584416, 'recall': 0.6175, 'f1-score': 0.6292993630573248, 'support': 400.0}, 'Mirai': {'precision': 0.8031088082901554, 'recall': 0.775, 'f1-score': 0.7888040712468194, 'support': 400.0}, 'Scan': {'precision': 0.6936274509803921, 'recall': 0.7075, 'f1-score': 0.7004950495049505, 'support': 400.0}, 'accuracy': 0.8055, 'macro avg': {'precision': 0.8039885789032202, 'recall': 0.8055, 'f1-score': 0.8044911880660213, 'support': 2000.0}, 'weighted avg': {'precision': 0.8039885789032202, 'recall': 0.8055, 'f1-score': 0.804491188066021, 'support': 2000.0}}","[[374   1   9   4  12]
 [  1 397   0   2   0]
 [ 19   0 247  50  84]
 [ 13   0  48 310  29]
 [ 16   0  81  20 283]]",0.0020351409912109375,0.05531811714172363
9,IoTID20,0,poly,QuantileTransformer,LDA,0.7208733877378656,-1,-1,90.98,77.45,5.6375,79.94611040632927,78.05064583205578,-1,"{'0Normal': {'precision': 0.9162162162162162, 'recall': 0.8475, 'f1-score': 0.8805194805194805, 'support': 400.0}, 'DoS': {'precision': 0.9875621890547264, 'recall': 0.9925, 'f1-score': 0.9900249376558603, 'support': 400.0}, 'MITM ARP Spoofing': {'precision': 0.6114649681528662, 'recall': 0.72, 'f1-score': 0.661308840413318, 'support': 400.0}, 'Mirai': {'precision': 0.9333333333333333, 'recall': 0.665, 'f1-score': 0.7766423357664234, 'support': 400.0}, 'Scan': {'precision': 0.548728813559322, 'recall': 0.6475, 'f1-score': 0.5940366972477065, 'support': 400.0}, 'accuracy': 0.7745, 'macro avg': {'precision': 0.7994611040632927, 'recall': 0.7745, 'f1-score': 0.7805064583205578, 'support': 2000.0}, 'weighted avg': {'precision': 0.7994611040632927, 'recall': 0.7745, 'f1-score': 0.7805064583205578, 'support': 2000.0}}","[[339   1  11   3  46]
 [  2 397   1   0   0]
 [  2   0 288   8 102]
 [  8   2  59 266  65]
 [ 19   2 112   8 259]]",0.5225286483764648,0.04096841812133789
10,IoTID20,0,poly,QuantileTransformer,NuSVC,0.7325153064126166,-1,-1,91.24,78.1,5.475,80.06237088456118,78.10352941014389,-1,"{'0Normal': {'precision': 0.9209876543209876, 'recall': 0.9325, 'f1-score': 0.9267080745341615, 'support': 400.0}, 'DoS': {'precision': 0.992462311557789, 'recall': 0.9875, 'f1-score': 0.9899749373433584, 'support': 400.0}, 'MITM ARP Spoofing': {'precision': 0.5332197614991482, 'recall': 0.7825, 'f1-score': 0.6342451874366768, 'support': 400.0}, 'Mirai': {'precision': 0.8945783132530121, 'recall': 0.7425, 'f1-score': 0.8114754098360656, 'support': 400.0}, 'Scan': {'precision': 0.6618705035971223, 'recall': 0.46, 'f1-score': 0.5427728613569321, 'support': 400.0}, 'accuracy': 0.781, 'macro avg': {'precision': 0.8006237088456117, 'recall': 0.7809999999999999, 'f1-score': 0.7810352941014389, 'support': 2000.0}, 'weighted avg': {'precision': 0.8006237088456118, 'recall': 0.781, 'f1-score': 0.7810352941014388, 'support': 2000.0}}","[[373   1  12   1  13]
 [  5 395   0   0   0]
 [  9   0 313  23  55]
 [ 16   0  61 297  26]
 [  2   2 201  11 184]]",1.0870633125305176,0.24176788330078125
11,IoTID20,0,poly,QuantileTransformer,SGD,0.734997195023517,-1,-1,91.3,78.25,5.4375,82.2320178794061,79.03055988304733,-1,"{'0Normal': {'precision': 0.9797687861271677, 'recall': 0.8475, 'f1-score': 0.9088471849865952, 'support': 400.0}, 'DoS': {'precision': 1.0, 'recall': 0.995, 'f1-score': 0.9974937343358395, 'support': 400.0}, 'MITM ARP Spoofing': {'precision': 0.6536458333333334, 'recall': 0.6275, 'f1-score': 0.6403061224489796, 'support': 400.0}, 'Mirai': {'precision': 0.9448529411764706, 'recall': 0.6425, 'f1-score': 0.7648809523809523, 'support': 400.0}, 'Scan': {'precision': 0.5333333333333333, 'recall': 0.8, 'f1-score': 0.64, 'support': 400.0}, 'accuracy': 0.7825, 'macro avg': {'precision': 0.822320178794061, 'recall': 0.7825, 'f1-score': 0.7903055988304734, 'support': 2000.0}, 'weighted avg': {'precision': 0.822320178794061, 'recall': 0.7825, 'f1-score': 0.7903055988304732, 'support': 2000.0}}","[[339   0   9   3  49]
 [  0 398   0   2   0]
 [  2   0 251   5 142]
 [  3   0  51 257  89]
 [  2   0  73   5 320]]",0.1914050579071045,0.008447647094726562
12,IoTID20,0,poly,QuantileTransformer,GauNB,0.5298268201174511,-1,-1,81.92,54.800000000000004,11.3,75.28722031125479,51.01283242335318,-1,"{'0Normal': {'precision': 0.9887640449438202, 'recall': 0.22, 'f1-score': 0.35991820040899797, 'support': 400.0}, 'DoS': {'precision': 0.9899749373433584, 'recall': 0.9875, 'f1-score': 0.9887359198998749, 'support': 400.0}, 'MITM ARP Spoofing': {'precision': 0.5, 'recall': 0.03, 'f1-score': 0.05660377358490566, 'support': 400.0}, 'Mirai': {'precision': 0.976303317535545, 'recall': 0.515, 'f1-score': 0.67430441898527, 'support': 400.0}, 'Scan': {'precision': 0.3093187157400157, 'recall': 0.9875, 'f1-score': 0.4710793082886106, 'support': 400.0}, 'accuracy': 0.548, 'macro avg': {'precision': 0.7528722031125479, 'recall': 0.548, 'f1-score': 0.5101283242335318, 'support': 2000.0}, 'weighted avg': {'precision': 0.7528722031125479, 'recall': 0.548, 'f1-score': 0.5101283242335319, 'support': 2000.0}}","[[ 88   0   1   0 311]
 [  0 395   0   5   0]
 [  0   0  12   0 388]
 [  1   2   8 206 183]
 [  0   2   3   0 395]]",0.003000497817993164,0.0015399456024169922
13,IoTID20,0,poly,QuantileTransformer,NC,0.46360939277836133,-1,-1,82.46,56.15,10.9625,60.690126324596605,52.30211251981639,-1,"{'0Normal': {'precision': 0.873015873015873, 'recall': 0.1375, 'f1-score': 0.23758099352051837, 'support': 400.0}, 'DoS': {'precision': 0.6729131175468483, 'recall': 0.9875, 'f1-score': 0.8004052684903749, 'support': 400.0}, 'MITM ARP Spoofing': {'precision': 0.44, 'recall': 0.5225, 'f1-score': 0.4777142857142857, 'support': 400.0}, 'Mirai': {'precision': 0.592436974789916, 'recall': 0.705, 'f1-score': 0.6438356164383562, 'support': 400.0}, 'Scan': {'precision': 0.45614035087719296, 'recall': 0.455, 'f1-score': 0.4555694618272841, 'support': 400.0}, 'accuracy': 0.5615, 'macro avg': {'precision': 0.606901263245966, 'recall': 0.5615, 'f1-score': 0.5230211251981639, 'support': 2000.0}, 'weighted avg': {'precision': 0.6069012632459659, 'recall': 0.5615, 'f1-score': 0.5230211251981639, 'support': 2000.0}}","[[ 55 107  76 127  35]
 [  1 395   2   2   0]
 [  1  22 209  17 151]
 [  2  10  75 282  31]
 [  4  53 113  48 182]]",0.0009109973907470703,0.0005412101745605469
14,IoTID20,0,poly,QuantileTransformer,RNC,0.6997516160733677,-1,-1,90.2,75.49999999999999,6.125,77.75385140564637,75.31598937450788,-1,"{'0Normal': {'precision': 0.6511226252158895, 'recall': 0.9425, 'f1-score': 0.7701736465781409, 'support': 400.0}, 'DoS': {'precision': 1.0, 'recall': 0.9575, 'f1-score': 0.9782886334610472, 'support': 400.0}, 'MITM ARP Spoofing': {'precision': 0.6630727762803235, 'recall': 0.615, 'f1-score': 0.6381322957198443, 'support': 400.0}, 'Mirai': {'precision': 0.9173228346456693, 'recall': 0.5825, 'f1-score': 0.7125382262996942, 'support': 400.0}, 'Scan': {'precision': 0.6561743341404358, 'recall': 0.6775, 'f1-score': 0.6666666666666666, 'support': 400.0}, 'accuracy': 0.755, 'macro avg': {'precision': 0.7775385140564637, 'recall': 0.7549999999999999, 'f1-score': 0.7531598937450787, 'support': 2000.0}, 'weighted avg': {'precision': 0.7775385140564636, 'recall': 0.755, 'f1-score': 0.7531598937450785, 'support': 2000.0}}","[[377   0   8   1  14]
 [ 17 383   0   0   0]
 [ 46   0 246  11  97]
 [ 94   0  42 233  31]
 [ 45   0  75   9 271]]",0.0004878044128417969,0.15266823768615723
15,IoTID20,0,linear,QuantileTransformer,KNN,0.5238786603499633,-1,-1,84.58,61.45,9.637500000000001,62.69278075025093,61.121229331144924,-1,"{'0Normal': {'precision': 0.6594594594594595, 'recall': 0.61, 'f1-score': 0.6337662337662338, 'support': 400.0}, 'DoS': {'precision': 0.9974874371859297, 'recall': 0.9925, 'f1-score': 0.9949874686716792, 'support': 400.0}, 'MITM ARP Spoofing': {'precision': 0.44871794871794873, 'recall': 0.7, 'f1-score': 0.546875, 'support': 400.0}, 'Mirai': {'precision': 0.6862068965517242, 'recall': 0.4975, 'f1-score': 0.5768115942028985, 'support': 400.0}, 'Scan': {'precision': 0.34276729559748426, 'recall': 0.2725, 'f1-score': 0.30362116991643456, 'support': 400.0}, 'accuracy': 0.6145, 'macro avg': {'precision': 0.6269278075025093, 'recall': 0.6145, 'f1-score': 0.6112122933114492, 'support': 2000.0}, 'weighted avg': {'precision': 0.6269278075025093, 'recall': 0.6145, 'f1-score': 0.6112122933114492, 'support': 2000.0}}","[[244   1  45  69  41]
 [  2 397   0   1   0]
 [ 36   0 280   9  75]
 [ 34   0  74 199  93]
 [ 54   0 225  12 109]]",0.00033020973205566406,0.0020601749420166016
16,IoTID20,0,linear,QuantileTransformer,LDA,0.6154759111736415,-1,-1,87.1,67.75,8.0625,76.55176707304787,69.25292622116442,-1,"{'0Normal': {'precision': 0.9657534246575342, 'recall': 0.705, 'f1-score': 0.815028901734104, 'support': 400.0}, 'DoS': {'precision': 0.9925373134328358, 'recall': 0.9975, 'f1-score': 0.9950124688279302, 'support': 400.0}, 'MITM ARP Spoofing': {'precision': 0.4918032786885246, 'recall': 0.375, 'f1-score': 0.425531914893617, 'support': 400.0}, 'Mirai': {'precision': 0.9911894273127754, 'recall': 0.5625, 'f1-score': 0.7177033492822966, 'support': 400.0}, 'Scan': {'precision': 0.3863049095607235, 'recall': 0.7475, 'f1-score': 0.5093696763202725, 'support': 400.0}, 'accuracy': 0.6775, 'macro avg': {'precision': 0.7655176707304787, 'recall': 0.6775, 'f1-score': 0.6925292622116441, 'support': 2000.0}, 'weighted avg': {'precision': 0.7655176707304786, 'recall': 0.6775, 'f1-score': 0.6925292622116441, 'support': 2000.0}}","[[282   1  24   1  92]
 [  1 399   0   0   0]
 [  2   0 150   1 247]
 [  5   0  34 225 136]
 [  2   2  97   0 299]]",0.09634757041931152,0.02040386199951172
17,IoTID20,0,linear,QuantileTransformer,NuSVC,0.6056153212066808,-1,-1,87.33999999999999,68.35,7.9125,69.52048707568163,68.6925279895015,-1,"{'0Normal': {'precision': 0.7774725274725275, 'recall': 0.7075, 'f1-score': 0.7408376963350786, 'support': 400.0}, 'DoS': {'precision': 1.0, 'recall': 0.9925, 'f1-score': 0.9962358845671268, 'support': 400.0}, 'MITM ARP Spoofing': {'precision': 0.5020746887966805, 'recall': 0.605, 'f1-score': 0.5487528344671202, 'support': 400.0}, 'Mirai': {'precision': 0.6846846846846847, 'recall': 0.57, 'f1-score': 0.6221009549795361, 'support': 400.0}, 'Scan': {'precision': 0.5117924528301887, 'recall': 0.5425, 'f1-score': 0.5266990291262136, 'support': 400.0}, 'accuracy': 0.6835, 'macro avg': {'precision': 0.6952048707568163, 'recall': 0.6835, 'f1-score': 0.6869252798950151, 'support': 2000.0}, 'weighted avg': {'precision': 0.6952048707568163, 'recall': 0.6835, 'f1-score': 0.6869252798950151, 'support': 2000.0}}","[[283   0  25  68  24]
 [  3 397   0   0   0]
 [ 31   0 242  16 111]
 [ 22   0  78 228  72]
 [ 25   0 137  21 217]]",0.016956806182861328,0.02785801887512207
18,IoTID20,0,linear,QuantileTransformer,SGD,0.5014360864586577,-1,-1,83.74000000000001,59.349999999999994,10.1625,60.160832957523745,58.15181916739949,-1,"{'0Normal': {'precision': 0.7557755775577558, 'recall': 0.5725, 'f1-score': 0.65149359886202, 'support': 400.0}, 'DoS': {'precision': 0.9950124688279302, 'recall': 0.9975, 'f1-score': 0.9962546816479401, 'support': 400.0}, 'MITM ARP Spoofing': {'precision': 0.41201716738197425, 'recall': 0.24, 'f1-score': 0.3033175355450237, 'support': 400.0}, 'Mirai': {'precision': 0.46656976744186046, 'recall': 0.8025, 'f1-score': 0.5900735294117647, 'support': 400.0}, 'Scan': {'precision': 0.37866666666666665, 'recall': 0.355, 'f1-score': 0.3664516129032258, 'support': 400.0}, 'accuracy': 0.5935, 'macro avg': {'precision': 0.6016083295752375, 'recall': 0.5934999999999999, 'f1-score': 0.5815181916739949, 'support': 2000.0}, 'weighted avg': {'precision': 0.6016083295752376, 'recall': 0.5935, 'f1-score': 0.5815181916739948, 'support': 2000.0}}","[[229   0   3  89  79]
 [  0 399   0   1   0]
 [ 21   0  96 176 107]
 [ 14   0  18 321  47]
 [ 39   2 116 101 142]]",0.004691123962402344,0.006365537643432617
19,IoTID20,0,linear,QuantileTransformer,GauNB,0.5072780458272897,-1,-1,80.84,52.1,11.975,80.20189174860228,48.007761390196904,-1,"{'0Normal': {'precision': 0.9560439560439561, 'recall': 0.2175, 'f1-score': 0.3543788187372709, 'support': 400.0}, 'DoS': {'precision': 0.9975, 'recall': 0.9975, 'f1-score': 0.9975, 'support': 400.0}, 'MITM ARP Spoofing': {'precision': 0.7692307692307693, 'recall': 0.025, 'f1-score': 0.048426150121065374, 'support': 400.0}, 'Mirai': {'precision': 0.993421052631579, 'recall': 0.3775, 'f1-score': 0.5471014492753623, 'support': 400.0}, 'Scan': {'precision': 0.29389880952380953, 'recall': 0.9875, 'f1-score': 0.45298165137614677, 'support': 400.0}, 'accuracy': 0.521, 'macro avg': {'precision': 0.8020189174860228, 'recall': 0.521, 'f1-score': 0.48007761390196907, 'support': 2000.0}, 'weighted avg': {'precision': 0.8020189174860229, 'recall': 0.521, 'f1-score': 0.480077613901969, 'support': 2000.0}}","[[ 87   0   0   0 313]
 [  0 399   0   1   0]
 [  0   0  10   0 390]
 [  3   0   0 151 246]
 [  1   1   3   0 395]]",0.00043320655822753906,0.0013778209686279297
20,IoTID20,0,linear,QuantileTransformer,NC,0.3621531076191987,-1,-1,79.4,48.5,12.875,44.63451927636342,45.27840413940499,-1,"{'0Normal': {'precision': 0.22448979591836735, 'recall': 0.11, 'f1-score': 0.1476510067114094, 'support': 400.0}, 'DoS': {'precision': 0.77431906614786, 'recall': 0.995, 'f1-score': 0.8708971553610503, 'support': 400.0}, 'MITM ARP Spoofing': {'precision': 0.40784313725490196, 'recall': 0.26, 'f1-score': 0.31755725190839695, 'support': 400.0}, 'Mirai': {'precision': 0.5542406311637081, 'recall': 0.7025, 'f1-score': 0.619625137816979, 'support': 400.0}, 'Scan': {'precision': 0.2708333333333333, 'recall': 0.3575, 'f1-score': 0.3081896551724138, 'support': 400.0}, 'accuracy': 0.485, 'macro avg': {'precision': 0.4463451927636342, 'recall': 0.485, 'f1-score': 0.45278404139404993, 'support': 2000.0}, 'weighted avg': {'precision': 0.4463451927636342, 'recall': 0.485, 'f1-score': 0.45278404139404993, 'support': 2000.0}}","[[ 44  78  32 157  89]
 [  1 398   0   1   0]
 [ 52  12 104  17 215]
 [ 12   4  22 281  81]
 [ 87  22  97  51 143]]",0.0002396106719970703,0.10670113563537598
21,IoTID20,0,linear,QuantileTransformer,RNC,0.21498153698942732,-1,-1,72.76,31.900000000000006,17.025000000000002,52.93972204266322,26.008242419012685,-1,"{'0Normal': {'precision': 0.5494505494505495, 'recall': 0.125, 'f1-score': 0.20366598778004075, 'support': 400.0}, 'DoS': {'precision': 0.2585649644473174, 'recall': 1.0, 'f1-score': 0.4108885464817668, 'support': 400.0}, 'MITM ARP Spoofing': {'precision': 0.4125, 'recall': 0.2475, 'f1-score': 0.309375, 'support': 400.0}, 'Mirai': {'precision': 0.6764705882352942, 'recall': 0.0575, 'f1-score': 0.10599078341013825, 'support': 400.0}, 'Scan': {'precision': 0.75, 'recall': 0.165, 'f1-score': 0.27049180327868855, 'support': 400.0}, 'accuracy': 0.319, 'macro avg': {'precision': 0.5293972204266322, 'recall': 0.31900000000000006, 'f1-score': 0.26008242419012684, 'support': 2000.0}, 'weighted avg': {'precision': 0.5293972204266322, 'recall': 0.319, 'f1-score': 0.26008242419012684, 'support': 2000.0}}","[[ 50 334   8   0   8]
 [  0 400   0   0   0]
 [ 22 266  99   4   9]
 [  7 339  26  23   5]
 [ 12 208 107   7  66]]",0.00024890899658203125,0.020270824432373047
22,IoTID20,0,sigmoid,QuantileTransformer,KNN,0.4960860578109505,-1,-1,83.34,58.35,10.4125,58.955749515911116,55.32378879616522,-1,"{'0Normal': {'precision': 0.6186915887850467, 'recall': 0.8275, 'f1-score': 0.7080213903743315, 'support': 400.0}, 'DoS': {'precision': 0.9974874371859297, 'recall': 0.9925, 'f1-score': 0.9949874686716792, 'support': 400.0}, 'MITM ARP Spoofing': {'precision': 0.35096153846153844, 'recall': 0.1825, 'f1-score': 0.24013157894736842, 'support': 400.0}, 'Mirai': {'precision': 0.3912429378531073, 'recall': 0.6925, 'f1-score': 0.5, 'support': 400.0}, 'Scan': {'precision': 0.5894039735099338, 'recall': 0.2225, 'f1-score': 0.32304900181488205, 'support': 400.0}, 'accuracy': 0.5835, 'macro avg': {'precision': 0.5895574951591112, 'recall': 0.5835, 'f1-score': 0.5532378879616522, 'support': 2000.0}, 'weighted avg': {'precision': 0.5895574951591112, 'recall': 0.5835, 'f1-score': 0.5532378879616523, 'support': 2000.0}}","[[331   1  12  50   6]
 [  1 397   0   2   0]
 [ 95   0  73 216  16]
 [ 31   0  52 277  40]
 [ 77   0  71 163  89]]",0.0008101463317871094,0.029572010040283203
23,IoTID20,0,sigmoid,QuantileTransformer,LDA,0.5903632095504368,-1,-1,86.86,67.15,8.2125,67.59749972620546,67.16689481255904,-1,"{'0Normal': {'precision': 0.8740740740740741, 'recall': 0.885, 'f1-score': 0.8795031055900621, 'support': 400.0}, 'DoS': {'precision': 0.9900744416873449, 'recall': 0.9975, 'f1-score': 0.9937733499377335, 'support': 400.0}, 'MITM ARP Spoofing': {'precision': 0.3900709219858156, 'recall': 0.4125, 'f1-score': 0.40097205346294046, 'support': 400.0}, 'Mirai': {'precision': 0.6190476190476191, 'recall': 0.4875, 'f1-score': 0.5454545454545454, 'support': 400.0}, 'Scan': {'precision': 0.5066079295154186, 'recall': 0.575, 'f1-score': 0.5386416861826698, 'support': 400.0}, 'accuracy': 0.6715, 'macro avg': {'precision': 0.6759749972620546, 'recall': 0.6715, 'f1-score': 0.6716689481255903, 'support': 2000.0}, 'weighted avg': {'precision': 0.6759749972620545, 'recall': 0.6715, 'f1-score': 0.6716689481255903, 'support': 2000.0}}","[[354   0  14   4  28]
 [  1 399   0   0   0]
 [  9   0 165  81 145]
 [ 18   2 134 195  51]
 [ 23   2 110  35 230]]",0.5803170204162598,0.019290685653686523
24,IoTID20,0,sigmoid,QuantileTransformer,SGD,0.49710743588280465,-1,-1,82.46,56.15,10.9625,56.49534827181467,51.1490657082164,-1,"{'0Normal': {'precision': 0.8029925187032418, 'recall': 0.805, 'f1-score': 0.8039950062421972, 'support': 400.0}, 'DoS': {'precision': 0.9974937343358395, 'recall': 0.995, 'f1-score': 0.9962453066332916, 'support': 400.0}, 'MITM ARP Spoofing': {'precision': 0.21428571428571427, 'recall': 0.0375, 'f1-score': 0.06382978723404255, 'support': 400.0}, 'Mirai': {'precision': 0.3263888888888889, 'recall': 0.8225, 'f1-score': 0.46732954545454547, 'support': 400.0}, 'Scan': {'precision': 0.48360655737704916, 'recall': 0.1475, 'f1-score': 0.2260536398467433, 'support': 400.0}, 'accuracy': 0.5615, 'macro avg': {'precision': 0.5649534827181467, 'recall': 0.5615, 'f1-score': 0.511490657082164, 'support': 2000.0}, 'weighted avg': {'precision': 0.5649534827181467, 'recall': 0.5615, 'f1-score': 0.511490657082164, 'support': 2000.0}}","[[322   1   1  68   8]
 [  0 398   0   2   0]
 [ 15   0  15 326  44]
 [ 20   0  40 329  11]
 [ 44   0  14 283  59]]",0.04907631874084473,0.009086132049560547
25,IoTID20,0,sigmoid,QuantileTransformer,GauNB,0.5056750766651392,-1,-1,80.74,51.85000000000001,12.0375,74.22526062130022,47.38419254388751,-1,"{'0Normal': {'precision': 1.0, 'recall': 0.2175, 'f1-score': 0.35728952772073924, 'support': 400.0}, 'DoS': {'precision': 0.9900990099009901, 'recall': 1.0, 'f1-score': 0.9950248756218906, 'support': 400.0}, 'MITM ARP Spoofing': {'precision': 0.42857142857142855, 'recall': 0.0075, 'f1-score': 0.014742014742014743, 'support': 400.0}, 'Mirai': {'precision': 1.0, 'recall': 0.38, 'f1-score': 0.5507246376811594, 'support': 400.0}, 'Scan': {'precision': 0.29259259259259257, 'recall': 0.9875, 'f1-score': 0.4514285714285714, 'support': 400.0}, 'accuracy': 0.5185, 'macro avg': {'precision': 0.7422526062130023, 'recall': 0.5185000000000001, 'f1-score': 0.47384192543887504, 'support': 2000.0}, 'weighted avg': {'precision': 0.7422526062130023, 'recall': 0.5185, 'f1-score': 0.47384192543887504, 'support': 2000.0}}","[[ 87   0   1   0 312]
 [  0 400   0   0   0]
 [  0   0   3   0 397]
 [  0   2   0 152 246]
 [  0   2   3   0 395]]",0.0012607574462890625,0.0031843185424804688
26,IoTID20,0,sigmoid,QuantileTransformer,NC,0.4991763916356117,-1,-1,83.22,58.050000000000004,10.487499999999999,62.90442919994307,54.47459164173579,-1,"{'0Normal': {'precision': 0.3741935483870968, 'recall': 0.725, 'f1-score': 0.49361702127659574, 'support': 400.0}, 'DoS': {'precision': 0.8984198645598194, 'recall': 0.995, 'f1-score': 0.9442467378410438, 'support': 400.0}, 'MITM ARP Spoofing': {'precision': 0.41612200435729846, 'recall': 0.4775, 'f1-score': 0.4447031431897555, 'support': 400.0}, 'Mirai': {'precision': 0.9047619047619048, 'recall': 0.665, 'f1-score': 0.7665706051873199, 'support': 400.0}, 'Scan': {'precision': 0.5517241379310345, 'recall': 0.04, 'f1-score': 0.07459207459207459, 'support': 400.0}, 'accuracy': 0.5805, 'macro avg': {'precision': 0.6290442919994307, 'recall': 0.5805, 'f1-score': 0.5447459164173579, 'support': 2000.0}, 'weighted avg': {'precision': 0.6290442919994308, 'recall': 0.5805, 'f1-score': 0.544745916417358, 'support': 2000.0}}","[[290  40  66   2   2]
 [  1 398   0   1   0]
 [184   3 191  14   8]
 [ 52   0  79 266   3]
 [248   2 123  11  16]]",0.0013325214385986328,0.03817009925842285
27,IoTID20,0,sigmoid,QuantileTransformer,RNC,0.403449407248063,-1,-1,79.02,47.55000000000001,13.112499999999999,63.397411818816465,46.63102262180008,-1,"{'0Normal': {'precision': 0.7484276729559748, 'recall': 0.595, 'f1-score': 0.6629526462395543, 'support': 400.0}, 'DoS': {'precision': 1.0, 'recall': 0.505, 'f1-score': 0.6710963455149501, 'support': 400.0}, 'MITM ARP Spoofing': {'precision': 0.40458015267175573, 'recall': 0.1325, 'f1-score': 0.19962335216572505, 'support': 400.0}, 'Mirai': {'precision': 0.30032733224222585, 'recall': 0.9175, 'f1-score': 0.4525277435265105, 'support': 400.0}, 'Scan': {'precision': 0.7165354330708661, 'recall': 0.2275, 'f1-score': 0.34535104364326374, 'support': 400.0}, 'accuracy': 0.4755, 'macro avg': {'precision': 0.6339741181881646, 'recall': 0.4755000000000001, 'f1-score': 0.4663102262180008, 'support': 2000.0}, 'weighted avg': {'precision': 0.6339741181881645, 'recall': 0.4755, 'f1-score': 0.4663102262180008, 'support': 2000.0}}","[[238   0   7 149   6]
 [  0 202   0 198   0]
 [ 34   0  53 289  24]
 [ 13   0  14 367   6]
 [ 33   0  57 219  91]]",0.00034737586975097656,0.015283346176147461
28,IoTID20,0,,QuantileTransformer,KNN,0.46763505832813307,-1,-1,82.78,56.95,10.7625,61.04146130361047,57.82290299832993,-1,"{'0Normal': {'precision': 0.5941644562334217, 'recall': 0.56, 'f1-score': 0.5765765765765766, 'support': 400.0}, 'DoS': {'precision': 0.9974937343358395, 'recall': 0.995, 'f1-score': 0.9962453066332916, 'support': 400.0}, 'MITM ARP Spoofing': {'precision': 0.32857142857142857, 'recall': 0.5175, 'f1-score': 0.40194174757281553, 'support': 400.0}, 'Mirai': {'precision': 0.8700787401574803, 'recall': 0.5525, 'f1-score': 0.6758409785932722, 'support': 400.0}, 'Scan': {'precision': 0.26176470588235295, 'recall': 0.2225, 'f1-score': 0.24054054054054055, 'support': 400.0}, 'accuracy': 0.5695, 'macro avg': {'precision': 0.6104146130361047, 'recall': 0.5695, 'f1-score': 0.5782290299832993, 'support': 2000.0}, 'weighted avg': {'precision': 0.6104146130361047, 'recall': 0.5695, 'f1-score': 0.5782290299832994, 'support': 2000.0}}","[[224   1 104   8  63]
 [  2 398   0   0   0]
 [ 43   0 207   9 141]
 [ 28   0 104 221  47]
 [ 80   0 215  16  89]]",0.0003402233123779297,0.0016624927520751953
29,IoTID20,0,,QuantileTransformer,LDA,0.5760625621709105,-1,-1,85.66,64.15,8.9625,61.358551459431055,58.26513081942649,-1,"{'0Normal': {'precision': 0.5444947209653092, 'recall': 0.9025, 'f1-score': 0.6792097836312324, 'support': 400.0}, 'DoS': {'precision': 0.9950124688279302, 'recall': 0.9975, 'f1-score': 0.9962546816479401, 'support': 400.0}, 'MITM ARP Spoofing': {'precision': 0.48080133555926546, 'recall': 0.72, 'f1-score': 0.5765765765765766, 'support': 400.0}, 'Mirai': {'precision': 0.7142857142857143, 'recall': 0.575, 'f1-score': 0.6371191135734072, 'support': 400.0}, 'Scan': {'precision': 0.3333333333333333, 'recall': 0.0125, 'f1-score': 0.024096385542168676, 'support': 400.0}, 'accuracy': 0.6415, 'macro avg': {'precision': 0.6135855145943105, 'recall': 0.6415000000000001, 'f1-score': 0.5826513081942649, 'support': 2000.0}, 'weighted avg': {'precision': 0.6135855145943104, 'recall': 0.6415, 'f1-score': 0.5826513081942649, 'support': 2000.0}}","[[361   0  30   5   4]
 [  0 399   0   1   0]
 [ 72   0 288  38   2]
 [ 90   0  76 230   4]
 [140   2 205  48   5]]",0.16022181510925293,0.012338638305664062
30,IoTID20,0,,QuantileTransformer,NuSVC,0.5228264919644074,-1,-1,84.64,61.59999999999999,9.6,65.11597897163968,62.73610350258322,-1,"{'0Normal': {'precision': 0.7586206896551724, 'recall': 0.55, 'f1-score': 0.6376811594202898, 'support': 400.0}, 'DoS': {'precision': 1.0, 'recall': 0.995, 'f1-score': 0.9974937343358395, 'support': 400.0}, 'MITM ARP Spoofing': {'precision': 0.35267857142857145, 'recall': 0.395, 'f1-score': 0.37264150943396224, 'support': 400.0}, 'Mirai': {'precision': 0.7744807121661721, 'recall': 0.6525, 'f1-score': 0.7082767978290366, 'support': 400.0}, 'Scan': {'precision': 0.3700189753320683, 'recall': 0.4875, 'f1-score': 0.42071197411003236, 'support': 400.0}, 'accuracy': 0.616, 'macro avg': {'precision': 0.6511597897163968, 'recall': 0.6159999999999999, 'f1-score': 0.6273610350258322, 'support': 2000.0}, 'weighted avg': {'precision': 0.6511597897163969, 'recall': 0.616, 'f1-score': 0.6273610350258322, 'support': 2000.0}}","[[220   0  90  17  73]
 [  2 398   0   0   0]
 [ 25   0 158  24 193]
 [ 26   0  47 261  66]
 [ 17   0 153  35 195]]",0.007683277130126953,0.036158084869384766
31,IoTID20,0,,QuantileTransformer,SGD,0.5505784843698706,-1,-1,85.06,62.650000000000006,9.3375,63.65365721252096,59.26682541680057,-1,"{'0Normal': {'precision': 0.7833333333333333, 'recall': 0.705, 'f1-score': 0.7421052631578947, 'support': 400.0}, 'DoS': {'precision': 0.9950124688279302, 'recall': 0.9975, 'f1-score': 0.9962546816479401, 'support': 400.0}, 'MITM ARP Spoofing': {'precision': 0.38117283950617287, 'recall': 0.6175, 'f1-score': 0.4713740458015267, 'support': 400.0}, 'Mirai': {'precision': 0.5588785046728972, 'recall': 0.7475, 'f1-score': 0.6395721925133689, 'support': 400.0}, 'Scan': {'precision': 0.4642857142857143, 'recall': 0.065, 'f1-score': 0.11403508771929824, 'support': 400.0}, 'accuracy': 0.6265, 'macro avg': {'precision': 0.6365365721252096, 'recall': 0.6265000000000001, 'f1-score': 0.5926682541680057, 'support': 2000.0}, 'weighted avg': {'precision': 0.6365365721252096, 'recall': 0.6265, 'f1-score': 0.5926682541680056, 'support': 2000.0}}","[[282   0  97  18   3]
 [  0 399   0   1   0]
 [ 24   0 247 105  24]
 [ 20   0  78 299   3]
 [ 34   2 226 112  26]]",0.0034224987030029297,0.0003616809844970703
32,IoTID20,0,,QuantileTransformer,GauNB,0.5012969877176504,-1,-1,80.7,51.74999999999999,12.0625,77.56806722689076,47.52508430804075,-1,"{'0Normal': {'precision': 0.87, 'recall': 0.2175, 'f1-score': 0.348, 'support': 400.0}, 'DoS': {'precision': 1.0, 'recall': 1.0, 'f1-score': 1.0, 'support': 400.0}, 'MITM ARP Spoofing': {'precision': 0.7142857142857143, 'recall': 0.025, 'f1-score': 0.04830917874396135, 'support': 400.0}, 'Mirai': {'precision': 1.0, 'recall': 0.3575, 'f1-score': 0.5267034990791897, 'support': 400.0}, 'Scan': {'precision': 0.29411764705882354, 'recall': 0.9875, 'f1-score': 0.45324153757888697, 'support': 400.0}, 'accuracy': 0.5175, 'macro avg': {'precision': 0.7756806722689076, 'recall': 0.5175, 'f1-score': 0.47525084308040755, 'support': 2000.0}, 'weighted avg': {'precision': 0.7756806722689077, 'recall': 0.5175, 'f1-score': 0.4752508430804076, 'support': 2000.0}}","[[ 87   0   1   0 312]
 [  0 400   0   0   0]
 [  0   0  10   0 390]
 [ 11   0   0 143 246]
 [  2   0   3   0 395]]",0.0005276203155517578,0.009859561920166016
33,IoTID20,0,,QuantileTransformer,NC,0.46892038129934444,-1,-1,82.76,56.900000000000006,10.775,60.552300805470615,57.19458305907834,-1,"{'0Normal': {'precision': 0.6439024390243903, 'recall': 0.33, 'f1-score': 0.43636363636363634, 'support': 400.0}, 'DoS': {'precision': 0.9107551487414187, 'recall': 0.995, 'f1-score': 0.951015531660693, 'support': 400.0}, 'MITM ARP Spoofing': {'precision': 0.4472934472934473, 'recall': 0.3925, 'f1-score': 0.4181091877496671, 'support': 400.0}, 'Mirai': {'precision': 0.7423822714681441, 'recall': 0.67, 'f1-score': 0.7043363994743759, 'support': 400.0}, 'Scan': {'precision': 0.28328173374613, 'recall': 0.4575, 'f1-score': 0.34990439770554493, 'support': 400.0}, 'accuracy': 0.569, 'macro avg': {'precision': 0.6055230080547062, 'recall': 0.5690000000000001, 'f1-score': 0.5719458305907834, 'support': 2000.0}, 'weighted avg': {'precision': 0.6055230080547062, 'recall': 0.569, 'f1-score': 0.5719458305907834, 'support': 2000.0}}","[[132  39  20  53 156]
 [  0 398   0   1   1]
 [  7   0 157  14 222]
 [ 20   0  28 268  84]
 [ 46   0 146  25 183]]",0.00028824806213378906,0.04609513282775879
34,IoTID20,0,,QuantileTransformer,RNC,0.2288981048248178,-1,-1,72.96000000000001,32.4,16.900000000000002,53.37056608177091,28.711988478105816,-1,"{'0Normal': {'precision': 0.4528301886792453, 'recall': 0.06, 'f1-score': 0.10596026490066225, 'support': 400.0}, 'DoS': {'precision': 1.0, 'recall': 0.3375, 'f1-score': 0.5046728971962616, 'support': 400.0}, 'MITM ARP Spoofing': {'precision': 0.3706896551724138, 'recall': 0.1075, 'f1-score': 0.16666666666666666, 'support': 400.0}, 'Mirai': {'precision': 0.2366751269035533, 'recall': 0.9325, 'f1-score': 0.3775303643724696, 'support': 400.0}, 'Scan': {'precision': 0.6083333333333333, 'recall': 0.1825, 'f1-score': 0.28076923076923077, 'support': 400.0}, 'accuracy': 0.324, 'macro avg': {'precision': 0.5337056608177091, 'recall': 0.324, 'f1-score': 0.28711988478105815, 'support': 2000.0}, 'weighted avg': {'precision': 0.5337056608177091, 'recall': 0.324, 'f1-score': 0.2871198847810582, 'support': 2000.0}}","[[ 24   0   6 368   2]
 [  0 135   0 265   0]
 [ 21   0  43 304  32]
 [  6   0   8 373  13]
 [  2   0  59 266  73]]",0.00020432472229003906,0.0044705867767333984
35,IoTID20,-1,rbf,QuantileTransformer,KNFST,0.6538993074052478,-1,-1,88.9,72.25,6.937500000000001,71.97933295318882,71.95748311801047,-1,"{'0Normal': {'precision': 0.7566964285714286, 'recall': 0.8475, 'f1-score': 0.7995283018867925, 'support': 400.0}, 'DoS': {'precision': 1.0, 'recall': 0.9925, 'f1-score': 0.9962358845671268, 'support': 400.0}, 'MITM ARP Spoofing': {'precision': 0.6017964071856288, 'recall': 0.5025, 'f1-score': 0.547683923705722, 'support': 400.0}, 'Mirai': {'precision': 0.6530612244897959, 'recall': 0.64, 'f1-score': 0.6464646464646465, 'support': 400.0}, 'Scan': {'precision': 0.5874125874125874, 'recall': 0.63, 'f1-score': 0.6079613992762364, 'support': 400.0}, 'accuracy': 0.7225, 'macro avg': {'precision': 0.7197933295318881, 'recall': 0.7225, 'f1-score': 0.7195748311801048, 'support': 2000.0}, 'weighted avg': {'precision': 0.719793329531888, 'recall': 0.7225, 'f1-score': 0.7195748311801049, 'support': 2000.0}}","[[339   0  22  18  21]
 [  0 397   0   0   3]
 [ 54   0 201  62  83]
 [ 23   0  51 256  70]
 [ 32   0  60  56 252]]",739.8470520973206,1.8601925373077393
36,IoTID20,-1,rbf,QuantileTransformer,KNN,0.7982524581333714,-1,-1,93.52000000000001,83.80000000000001,4.05,84.18297096473631,83.83917017661935,-1,"{'0Normal': {'precision': 0.8862559241706162, 'recall': 0.935, 'f1-score': 0.9099756690997567, 'support': 400.0}, 'DoS': {'precision': 0.9974874371859297, 'recall': 0.9925, 'f1-score': 0.9949874686716792, 'support': 400.0}, 'MITM ARP Spoofing': {'precision': 0.6837416481069042, 'recall': 0.7675, 'f1-score': 0.7232037691401649, 'support': 400.0}, 'Mirai': {'precision': 0.8728323699421965, 'recall': 0.755, 'f1-score': 0.8096514745308311, 'support': 400.0}, 'Scan': {'precision': 0.7688311688311689, 'recall': 0.74, 'f1-score': 0.7541401273885351, 'support': 400.0}, 'accuracy': 0.838, 'macro avg': {'precision': 0.8418297096473631, 'recall': 0.8380000000000001, 'f1-score': 0.8383917017661935, 'support': 2000.0}, 'weighted avg': {'precision': 0.8418297096473629, 'recall': 0.838, 'f1-score': 0.8383917017661934, 'support': 2000.0}}","[[374   1   9   4  12]
 [  1 397   0   2   0]
 [ 19   0 307  27  47]
 [ 14   0  54 302  30]
 [ 14   0  79  11 296]]",0.0005137920379638672,0.011988401412963867
37,IoTID20,-1,rbf,QuantileTransformer,LDA,0.7117386824290087,-1,-1,90.68,76.7,5.825,79.29553520461965,77.36173443293055,-1,"{'0Normal': {'precision': 0.8961748633879781, 'recall': 0.82, 'f1-score': 0.856396866840731, 'support': 400.0}, 'DoS': {'precision': 0.9900249376558603, 'recall': 0.9925, 'f1-score': 0.9912609238451935, 'support': 400.0}, 'MITM ARP Spoofing': {'precision': 0.6191588785046729, 'recall': 0.6625, 'f1-score': 0.6400966183574879, 'support': 400.0}, 'Mirai': {'precision': 0.9243986254295533, 'recall': 0.6725, 'f1-score': 0.7785817655571635, 'support': 400.0}, 'Scan': {'precision': 0.5350194552529183, 'recall': 0.6875, 'f1-score': 0.6017505470459519, 'support': 400.0}, 'accuracy': 0.767, 'macro avg': {'precision': 0.7929553520461965, 'recall': 0.767, 'f1-score': 0.7736173443293055, 'support': 2000.0}, 'weighted avg': {'precision': 0.7929553520461966, 'recall': 0.767, 'f1-score': 0.7736173443293055, 'support': 2000.0}}","[[328   0  15   5  52]
 [  2 397   0   1   0]
 [  2   0 265   8 125]
 [  7   2  60 269  62]
 [ 27   2  88   8 275]]",0.41443800926208496,0.00040078163146972656
38,IoTID20,-1,rbf,QuantileTransformer,NuSVC,0.7411987783547443,-1,-1,91.62,79.05,5.2375,80.49826821197576,79.26053853324966,-1,"{'0Normal': {'precision': 0.8916256157635468, 'recall': 0.905, 'f1-score': 0.8982630272952854, 'support': 400.0}, 'DoS': {'precision': 0.9974747474747475, 'recall': 0.9875, 'f1-score': 0.992462311557789, 'support': 400.0}, 'MITM ARP Spoofing': {'precision': 0.5714285714285714, 'recall': 0.76, 'f1-score': 0.6523605150214592, 'support': 400.0}, 'Mirai': {'precision': 0.8996960486322189, 'recall': 0.74, 'f1-score': 0.8120713305898491, 'support': 400.0}, 'Scan': {'precision': 0.6646884272997032, 'recall': 0.56, 'f1-score': 0.6078697421981004, 'support': 400.0}, 'accuracy': 0.7905, 'macro avg': {'precision': 0.8049826821197575, 'recall': 0.7905, 'f1-score': 0.7926053853324966, 'support': 2000.0}, 'weighted avg': {'precision': 0.8049826821197575, 'recall': 0.7905, 'f1-score': 0.7926053853324967, 'support': 2000.0}}","[[362   1  17   3  17]
 [  5 395   0   0   0]
 [  9   0 304  19  68]
 [ 13   0  63 296  28]
 [ 17   0 148  11 224]]",0.9861180782318115,0.24816036224365234
39,IoTID20,-1,rbf,QuantileTransformer,SGD,0.6033297374835357,-1,-1,86.5,66.25000000000001,8.4375,70.63905983383243,60.8527957035321,-1,"{'0Normal': {'precision': 0.6856617647058824, 'recall': 0.9325, 'f1-score': 0.7902542372881356, 'support': 400.0}, 'DoS': {'precision': 1.0, 'recall': 0.9975, 'f1-score': 0.9987484355444305, 'support': 400.0}, 'MITM ARP Spoofing': {'precision': 0.6300940438871473, 'recall': 0.5025, 'f1-score': 0.5591098748261474, 'support': 400.0}, 'Mirai': {'precision': 0.46619718309859154, 'recall': 0.8275, 'f1-score': 0.5963963963963964, 'support': 400.0}, 'Scan': {'precision': 0.75, 'recall': 0.0525, 'f1-score': 0.09813084112149532, 'support': 400.0}, 'accuracy': 0.6625, 'macro avg': {'precision': 0.7063905983383243, 'recall': 0.6625000000000001, 'f1-score': 0.608527957035321, 'support': 2000.0}, 'weighted avg': {'precision': 0.7063905983383243, 'recall': 0.6625, 'f1-score': 0.6085279570353209, 'support': 2000.0}}","[[373   0   5  21   1]
 [  0 399   0   1   0]
 [ 34   0 201 159   6]
 [ 31   0  38 331   0]
 [106   0  75 198  21]]",0.2334611415863037,0.00045180320739746094
40,IoTID20,-1,rbf,QuantileTransformer,GauNB,0.5514851929586586,-1,-1,83.04,57.599999999999994,10.6,77.50332892327931,54.952756323191245,-1,"{'0Normal': {'precision': 0.9906542056074766, 'recall': 0.265, 'f1-score': 0.4181459566074951, 'support': 400.0}, 'DoS': {'precision': 0.9899749373433584, 'recall': 0.9875, 'f1-score': 0.9887359198998749, 'support': 400.0}, 'MITM ARP Spoofing': {'precision': 0.6170212765957447, 'recall': 0.0725, 'f1-score': 0.1297539149888143, 'support': 400.0}, 'Mirai': {'precision': 0.9552845528455285, 'recall': 0.5875, 'f1-score': 0.7275541795665634, 'support': 400.0}, 'Scan': {'precision': 0.3222314737718568, 'recall': 0.9675, 'f1-score': 0.4834478450968145, 'support': 400.0}, 'accuracy': 0.576, 'macro avg': {'precision': 0.7750332892327931, 'recall': 0.576, 'f1-score': 0.5495275632319124, 'support': 2000.0}, 'weighted avg': {'precision': 0.7750332892327929, 'recall': 0.576, 'f1-score': 0.5495275632319125, 'support': 2000.0}}","[[106   0   1   1 292]
 [  0 395   0   5   0]
 [  0   0  29   2 369]
 [  1   2   9 235 153]
 [  0   2   8   3 387]]",0.005612850189208984,0.0015416145324707031
41,IoTID20,-1,rbf,QuantileTransformer,NC,0.45215947365112796,-1,-1,82.14,55.35,11.1625,56.864753628390055,51.53051263320319,-1,"{'0Normal': {'precision': 0.6901408450704225, 'recall': 0.1225, 'f1-score': 0.208067940552017, 'support': 400.0}, 'DoS': {'precision': 0.7314814814814815, 'recall': 0.9875, 'f1-score': 0.8404255319148937, 'support': 400.0}, 'MITM ARP Spoofing': {'precision': 0.42557651991614254, 'recall': 0.5075, 'f1-score': 0.4629418472063854, 'support': 400.0}, 'Mirai': {'precision': 0.564, 'recall': 0.705, 'f1-score': 0.6266666666666667, 'support': 400.0}, 'Scan': {'precision': 0.4320388349514563, 'recall': 0.445, 'f1-score': 0.43842364532019706, 'support': 400.0}, 'accuracy': 0.5535, 'macro avg': {'precision': 0.5686475362839005, 'recall': 0.5535, 'f1-score': 0.5153051263320318, 'support': 2000.0}, 'weighted avg': {'precision': 0.5686475362839005, 'recall': 0.5535, 'f1-score': 0.515305126332032, 'support': 2000.0}}","[[ 49 102  77 139  33]
 [  1 395   2   2   0]
 [  1  12 203  18 166]
 [  2   4  77 282  35]
 [ 18  27 118  59 178]]",0.0010232925415039062,0.0398716926574707
42,IoTID20,-1,rbf,QuantileTransformer,RNC,0.718895259232746,-1,-1,90.84,77.10000000000001,5.7250000000000005,79.36911582949514,77.01857363765079,-1,"{'0Normal': {'precision': 0.6799276672694394, 'recall': 0.94, 'f1-score': 0.789087093389297, 'support': 400.0}, 'DoS': {'precision': 1.0, 'recall': 0.9575, 'f1-score': 0.9782886334610472, 'support': 400.0}, 'MITM ARP Spoofing': {'precision': 0.6675257731958762, 'recall': 0.6475, 'f1-score': 0.6573604060913706, 'support': 400.0}, 'Mirai': {'precision': 0.952755905511811, 'recall': 0.605, 'f1-score': 0.7400611620795107, 'support': 400.0}, 'Scan': {'precision': 0.6682464454976303, 'recall': 0.705, 'f1-score': 0.6861313868613139, 'support': 400.0}, 'accuracy': 0.771, 'macro avg': {'precision': 0.7936911582949514, 'recall': 0.771, 'f1-score': 0.7701857363765079, 'support': 2000.0}, 'weighted avg': {'precision': 0.7936911582949514, 'recall': 0.771, 'f1-score': 0.7701857363765079, 'support': 2000.0}}","[[376   0   7   0  17]
 [ 17 383   0   0   0]
 [ 44   0 259   7  90]
 [ 77   0  48 242  33]
 [ 39   0  74   5 282]]",0.0004792213439941406,0.016509294509887695
43,IoTID20,-1,poly,QuantileTransformer,KNN,0.7982524581333714,-1,-1,93.52000000000001,83.80000000000001,4.05,84.18297096473631,83.83917017661935,-1,"{'0Normal': {'precision': 0.8862559241706162, 'recall': 0.935, 'f1-score': 0.9099756690997567, 'support': 400.0}, 'DoS': {'precision': 0.9974874371859297, 'recall': 0.9925, 'f1-score': 0.9949874686716792, 'support': 400.0}, 'MITM ARP Spoofing': {'precision': 0.6837416481069042, 'recall': 0.7675, 'f1-score': 0.7232037691401649, 'support': 400.0}, 'Mirai': {'precision': 0.8728323699421965, 'recall': 0.755, 'f1-score': 0.8096514745308311, 'support': 400.0}, 'Scan': {'precision': 0.7688311688311689, 'recall': 0.74, 'f1-score': 0.7541401273885351, 'support': 400.0}, 'accuracy': 0.838, 'macro avg': {'precision': 0.8418297096473631, 'recall': 0.8380000000000001, 'f1-score': 0.8383917017661935, 'support': 2000.0}, 'weighted avg': {'precision': 0.8418297096473629, 'recall': 0.838, 'f1-score': 0.8383917017661934, 'support': 2000.0}}","[[374   1   9   4  12]
 [  1 397   0   2   0]
 [ 19   0 307  27  47]
 [ 14   0  54 302  30]
 [ 14   0  79  11 296]]",0.0006506443023681641,0.01195216178894043
44,IoTID20,-1,poly,QuantileTransformer,LDA,0.7117386824290087,-1,-1,90.68,76.7,5.825,79.29553520461965,77.36173443293055,-1,"{'0Normal': {'precision': 0.8961748633879781, 'recall': 0.82, 'f1-score': 0.856396866840731, 'support': 400.0}, 'DoS': {'precision': 0.9900249376558603, 'recall': 0.9925, 'f1-score': 0.9912609238451935, 'support': 400.0}, 'MITM ARP Spoofing': {'precision': 0.6191588785046729, 'recall': 0.6625, 'f1-score': 0.6400966183574879, 'support': 400.0}, 'Mirai': {'precision': 0.9243986254295533, 'recall': 0.6725, 'f1-score': 0.7785817655571635, 'support': 400.0}, 'Scan': {'precision': 0.5350194552529183, 'recall': 0.6875, 'f1-score': 0.6017505470459519, 'support': 400.0}, 'accuracy': 0.767, 'macro avg': {'precision': 0.7929553520461965, 'recall': 0.767, 'f1-score': 0.7736173443293055, 'support': 2000.0}, 'weighted avg': {'precision': 0.7929553520461966, 'recall': 0.767, 'f1-score': 0.7736173443293055, 'support': 2000.0}}","[[328   0  15   5  52]
 [  2 397   0   1   0]
 [  2   0 265   8 125]
 [  7   2  60 269  62]
 [ 27   2  88   8 275]]",0.043459415435791016,0.036879539489746094
45,IoTID20,-1,poly,QuantileTransformer,NuSVC,0.7411987783547443,-1,-1,91.62,79.05,5.2375,80.49826821197576,79.26053853324966,-1,"{'0Normal': {'precision': 0.8916256157635468, 'recall': 0.905, 'f1-score': 0.8982630272952854, 'support': 400.0}, 'DoS': {'precision': 0.9974747474747475, 'recall': 0.9875, 'f1-score': 0.992462311557789, 'support': 400.0}, 'MITM ARP Spoofing': {'precision': 0.5714285714285714, 'recall': 0.76, 'f1-score': 0.6523605150214592, 'support': 400.0}, 'Mirai': {'precision': 0.8996960486322189, 'recall': 0.74, 'f1-score': 0.8120713305898491, 'support': 400.0}, 'Scan': {'precision': 0.6646884272997032, 'recall': 0.56, 'f1-score': 0.6078697421981004, 'support': 400.0}, 'accuracy': 0.7905, 'macro avg': {'precision': 0.8049826821197575, 'recall': 0.7905, 'f1-score': 0.7926053853324966, 'support': 2000.0}, 'weighted avg': {'precision': 0.8049826821197575, 'recall': 0.7905, 'f1-score': 0.7926053853324967, 'support': 2000.0}}","[[362   1  17   3  17]
 [  5 395   0   0   0]
 [  9   0 304  19  68]
 [ 13   0  63 296  28]
 [ 17   0 148  11 224]]",0.9729986190795898,0.24648094177246094
46,IoTID20,-1,poly,QuantileTransformer,SGD,0.6033297374835357,-1,-1,86.5,66.25000000000001,8.4375,70.63905983383243,60.8527957035321,-1,"{'0Normal': {'precision': 0.6856617647058824, 'recall': 0.9325, 'f1-score': 0.7902542372881356, 'support': 400.0}, 'DoS': {'precision': 1.0, 'recall': 0.9975, 'f1-score': 0.9987484355444305, 'support': 400.0}, 'MITM ARP Spoofing': {'precision': 0.6300940438871473, 'recall': 0.5025, 'f1-score': 0.5591098748261474, 'support': 400.0}, 'Mirai': {'precision': 0.46619718309859154, 'recall': 0.8275, 'f1-score': 0.5963963963963964, 'support': 400.0}, 'Scan': {'precision': 0.75, 'recall': 0.0525, 'f1-score': 0.09813084112149532, 'support': 400.0}, 'accuracy': 0.6625, 'macro avg': {'precision': 0.7063905983383243, 'recall': 0.6625000000000001, 'f1-score': 0.608527957035321, 'support': 2000.0}, 'weighted avg': {'precision': 0.7063905983383243, 'recall': 0.6625, 'f1-score': 0.6085279570353209, 'support': 2000.0}}","[[373   0   5  21   1]
 [  0 399   0   1   0]
 [ 34   0 201 159   6]
 [ 31   0  38 331   0]
 [106   0  75 198  21]]",0.250913143157959,0.00040721893310546875
47,IoTID20,-1,poly,QuantileTransformer,GauNB,0.5514851929586586,-1,-1,83.04,57.599999999999994,10.6,77.50332892327931,54.952756323191245,-1,"{'0Normal': {'precision': 0.9906542056074766, 'recall': 0.265, 'f1-score': 0.4181459566074951, 'support': 400.0}, 'DoS': {'precision': 0.9899749373433584, 'recall': 0.9875, 'f1-score': 0.9887359198998749, 'support': 400.0}, 'MITM ARP Spoofing': {'precision': 0.6170212765957447, 'recall': 0.0725, 'f1-score': 0.1297539149888143, 'support': 400.0}, 'Mirai': {'precision': 0.9552845528455285, 'recall': 0.5875, 'f1-score': 0.7275541795665634, 'support': 400.0}, 'Scan': {'precision': 0.3222314737718568, 'recall': 0.9675, 'f1-score': 0.4834478450968145, 'support': 400.0}, 'accuracy': 0.576, 'macro avg': {'precision': 0.7750332892327931, 'recall': 0.576, 'f1-score': 0.5495275632319124, 'support': 2000.0}, 'weighted avg': {'precision': 0.7750332892327929, 'recall': 0.576, 'f1-score': 0.5495275632319125, 'support': 2000.0}}","[[106   0   1   1 292]
 [  0 395   0   5   0]
 [  0   0  29   2 369]
 [  1   2   9 235 153]
 [  0   2   8   3 387]]",0.005537509918212891,0.0014879703521728516
48,IoTID20,-1,poly,QuantileTransformer,NC,0.45215947365112796,-1,-1,82.14,55.35,11.1625,56.864753628390055,51.53051263320319,-1,"{'0Normal': {'precision': 0.6901408450704225, 'recall': 0.1225, 'f1-score': 0.208067940552017, 'support': 400.0}, 'DoS': {'precision': 0.7314814814814815, 'recall': 0.9875, 'f1-score': 0.8404255319148937, 'support': 400.0}, 'MITM ARP Spoofing': {'precision': 0.42557651991614254, 'recall': 0.5075, 'f1-score': 0.4629418472063854, 'support': 400.0}, 'Mirai': {'precision': 0.564, 'recall': 0.705, 'f1-score': 0.6266666666666667, 'support': 400.0}, 'Scan': {'precision': 0.4320388349514563, 'recall': 0.445, 'f1-score': 0.43842364532019706, 'support': 400.0}, 'accuracy': 0.5535, 'macro avg': {'precision': 0.5686475362839005, 'recall': 0.5535, 'f1-score': 0.5153051263320318, 'support': 2000.0}, 'weighted avg': {'precision': 0.5686475362839005, 'recall': 0.5535, 'f1-score': 0.515305126332032, 'support': 2000.0}}","[[ 49 102  77 139  33]
 [  1 395   2   2   0]
 [  1  12 203  18 166]
 [  2   4  77 282  35]
 [ 18  27 118  59 178]]",0.0012192726135253906,0.04605293273925781
49,IoTID20,-1,poly,QuantileTransformer,RNC,0.718895259232746,-1,-1,90.84,77.10000000000001,5.7250000000000005,79.36911582949514,77.01857363765079,-1,"{'0Normal': {'precision': 0.6799276672694394, 'recall': 0.94, 'f1-score': 0.789087093389297, 'support': 400.0}, 'DoS': {'precision': 1.0, 'recall': 0.9575, 'f1-score': 0.9782886334610472, 'support': 400.0}, 'MITM ARP Spoofing': {'precision': 0.6675257731958762, 'recall': 0.6475, 'f1-score': 0.6573604060913706, 'support': 400.0}, 'Mirai': {'precision': 0.952755905511811, 'recall': 0.605, 'f1-score': 0.7400611620795107, 'support': 400.0}, 'Scan': {'precision': 0.6682464454976303, 'recall': 0.705, 'f1-score': 0.6861313868613139, 'support': 400.0}, 'accuracy': 0.771, 'macro avg': {'precision': 0.7936911582949514, 'recall': 0.771, 'f1-score': 0.7701857363765079, 'support': 2000.0}, 'weighted avg': {'precision': 0.7936911582949514, 'recall': 0.771, 'f1-score': 0.7701857363765079, 'support': 2000.0}}","[[376   0   7   0  17]
 [ 17 383   0   0   0]
 [ 44   0 259   7  90]
 [ 77   0  48 242  33]
 [ 39   0  74   5 282]]",0.0005042552947998047,0.015819311141967773
50,IoTID20,-1,linear,QuantileTransformer,KNN,0.7982524581333714,-1,-1,93.52000000000001,83.80000000000001,4.05,84.18297096473631,83.83917017661935,-1,"{'0Normal': {'precision': 0.8862559241706162, 'recall': 0.935, 'f1-score': 0.9099756690997567, 'support': 400.0}, 'DoS': {'precision': 0.9974874371859297, 'recall': 0.9925, 'f1-score': 0.9949874686716792, 'support': 400.0}, 'MITM ARP Spoofing': {'precision': 0.6837416481069042, 'recall': 0.7675, 'f1-score': 0.7232037691401649, 'support': 400.0}, 'Mirai': {'precision': 0.8728323699421965, 'recall': 0.755, 'f1-score': 0.8096514745308311, 'support': 400.0}, 'Scan': {'precision': 0.7688311688311689, 'recall': 0.74, 'f1-score': 0.7541401273885351, 'support': 400.0}, 'accuracy': 0.838, 'macro avg': {'precision': 0.8418297096473631, 'recall': 0.8380000000000001, 'f1-score': 0.8383917017661935, 'support': 2000.0}, 'weighted avg': {'precision': 0.8418297096473629, 'recall': 0.838, 'f1-score': 0.8383917017661934, 'support': 2000.0}}","[[374   1   9   4  12]
 [  1 397   0   2   0]
 [ 19   0 307  27  47]
 [ 14   0  54 302  30]
 [ 14   0  79  11 296]]",0.0006587505340576172,0.011960268020629883
51,IoTID20,-1,linear,QuantileTransformer,LDA,0.7117386824290087,-1,-1,90.68,76.7,5.825,79.29553520461965,77.36173443293055,-1,"{'0Normal': {'precision': 0.8961748633879781, 'recall': 0.82, 'f1-score': 0.856396866840731, 'support': 400.0}, 'DoS': {'precision': 0.9900249376558603, 'recall': 0.9925, 'f1-score': 0.9912609238451935, 'support': 400.0}, 'MITM ARP Spoofing': {'precision': 0.6191588785046729, 'recall': 0.6625, 'f1-score': 0.6400966183574879, 'support': 400.0}, 'Mirai': {'precision': 0.9243986254295533, 'recall': 0.6725, 'f1-score': 0.7785817655571635, 'support': 400.0}, 'Scan': {'precision': 0.5350194552529183, 'recall': 0.6875, 'f1-score': 0.6017505470459519, 'support': 400.0}, 'accuracy': 0.767, 'macro avg': {'precision': 0.7929553520461965, 'recall': 0.767, 'f1-score': 0.7736173443293055, 'support': 2000.0}, 'weighted avg': {'precision': 0.7929553520461966, 'recall': 0.767, 'f1-score': 0.7736173443293055, 'support': 2000.0}}","[[328   0  15   5  52]
 [  2 397   0   1   0]
 [  2   0 265   8 125]
 [  7   2  60 269  62]
 [ 27   2  88   8 275]]",0.20058465003967285,0.03682756423950195
52,IoTID20,-1,linear,QuantileTransformer,NuSVC,0.7411987783547443,-1,-1,91.62,79.05,5.2375,80.49826821197576,79.26053853324966,-1,"{'0Normal': {'precision': 0.8916256157635468, 'recall': 0.905, 'f1-score': 0.8982630272952854, 'support': 400.0}, 'DoS': {'precision': 0.9974747474747475, 'recall': 0.9875, 'f1-score': 0.992462311557789, 'support': 400.0}, 'MITM ARP Spoofing': {'precision': 0.5714285714285714, 'recall': 0.76, 'f1-score': 0.6523605150214592, 'support': 400.0}, 'Mirai': {'precision': 0.8996960486322189, 'recall': 0.74, 'f1-score': 0.8120713305898491, 'support': 400.0}, 'Scan': {'precision': 0.6646884272997032, 'recall': 0.56, 'f1-score': 0.6078697421981004, 'support': 400.0}, 'accuracy': 0.7905, 'macro avg': {'precision': 0.8049826821197575, 'recall': 0.7905, 'f1-score': 0.7926053853324966, 'support': 2000.0}, 'weighted avg': {'precision': 0.8049826821197575, 'recall': 0.7905, 'f1-score': 0.7926053853324967, 'support': 2000.0}}","[[362   1  17   3  17]
 [  5 395   0   0   0]
 [  9   0 304  19  68]
 [ 13   0  63 296  28]
 [ 17   0 148  11 224]]",0.9797389507293701,0.24799489974975586
53,IoTID20,-1,linear,QuantileTransformer,SGD,0.6033297374835357,-1,-1,86.5,66.25000000000001,8.4375,70.63905983383243,60.8527957035321,-1,"{'0Normal': {'precision': 0.6856617647058824, 'recall': 0.9325, 'f1-score': 0.7902542372881356, 'support': 400.0}, 'DoS': {'precision': 1.0, 'recall': 0.9975, 'f1-score': 0.9987484355444305, 'support': 400.0}, 'MITM ARP Spoofing': {'precision': 0.6300940438871473, 'recall': 0.5025, 'f1-score': 0.5591098748261474, 'support': 400.0}, 'Mirai': {'precision': 0.46619718309859154, 'recall': 0.8275, 'f1-score': 0.5963963963963964, 'support': 400.0}, 'Scan': {'precision': 0.75, 'recall': 0.0525, 'f1-score': 0.09813084112149532, 'support': 400.0}, 'accuracy': 0.6625, 'macro avg': {'precision': 0.7063905983383243, 'recall': 0.6625000000000001, 'f1-score': 0.608527957035321, 'support': 2000.0}, 'weighted avg': {'precision': 0.7063905983383243, 'recall': 0.6625, 'f1-score': 0.6085279570353209, 'support': 2000.0}}","[[373   0   5  21   1]
 [  0 399   0   1   0]
 [ 34   0 201 159   6]
 [ 31   0  38 331   0]
 [106   0  75 198  21]]",0.23329401016235352,0.00041031837463378906
54,IoTID20,-1,linear,QuantileTransformer,GauNB,0.5514851929586586,-1,-1,83.04,57.599999999999994,10.6,77.50332892327931,54.952756323191245,-1,"{'0Normal': {'precision': 0.9906542056074766, 'recall': 0.265, 'f1-score': 0.4181459566074951, 'support': 400.0}, 'DoS': {'precision': 0.9899749373433584, 'recall': 0.9875, 'f1-score': 0.9887359198998749, 'support': 400.0}, 'MITM ARP Spoofing': {'precision': 0.6170212765957447, 'recall': 0.0725, 'f1-score': 0.1297539149888143, 'support': 400.0}, 'Mirai': {'precision': 0.9552845528455285, 'recall': 0.5875, 'f1-score': 0.7275541795665634, 'support': 400.0}, 'Scan': {'precision': 0.3222314737718568, 'recall': 0.9675, 'f1-score': 0.4834478450968145, 'support': 400.0}, 'accuracy': 0.576, 'macro avg': {'precision': 0.7750332892327931, 'recall': 0.576, 'f1-score': 0.5495275632319124, 'support': 2000.0}, 'weighted avg': {'precision': 0.7750332892327929, 'recall': 0.576, 'f1-score': 0.5495275632319125, 'support': 2000.0}}","[[106   0   1   1 292]
 [  0 395   0   5   0]
 [  0   0  29   2 369]
 [  1   2   9 235 153]
 [  0   2   8   3 387]]",0.0033783912658691406,0.0015451908111572266
55,IoTID20,-1,linear,QuantileTransformer,NC,0.45215947365112796,-1,-1,82.14,55.35,11.1625,56.864753628390055,51.53051263320319,-1,"{'0Normal': {'precision': 0.6901408450704225, 'recall': 0.1225, 'f1-score': 0.208067940552017, 'support': 400.0}, 'DoS': {'precision': 0.7314814814814815, 'recall': 0.9875, 'f1-score': 0.8404255319148937, 'support': 400.0}, 'MITM ARP Spoofing': {'precision': 0.42557651991614254, 'recall': 0.5075, 'f1-score': 0.4629418472063854, 'support': 400.0}, 'Mirai': {'precision': 0.564, 'recall': 0.705, 'f1-score': 0.6266666666666667, 'support': 400.0}, 'Scan': {'precision': 0.4320388349514563, 'recall': 0.445, 'f1-score': 0.43842364532019706, 'support': 400.0}, 'accuracy': 0.5535, 'macro avg': {'precision': 0.5686475362839005, 'recall': 0.5535, 'f1-score': 0.5153051263320318, 'support': 2000.0}, 'weighted avg': {'precision': 0.5686475362839005, 'recall': 0.5535, 'f1-score': 0.515305126332032, 'support': 2000.0}}","[[ 49 102  77 139  33]
 [  1 395   2   2   0]
 [  1  12 203  18 166]
 [  2   4  77 282  35]
 [ 18  27 118  59 178]]",0.001046895980834961,0.04916214942932129
56,IoTID20,-1,linear,QuantileTransformer,RNC,0.718895259232746,-1,-1,90.84,77.10000000000001,5.7250000000000005,79.36911582949514,77.01857363765079,-1,"{'0Normal': {'precision': 0.6799276672694394, 'recall': 0.94, 'f1-score': 0.789087093389297, 'support': 400.0}, 'DoS': {'precision': 1.0, 'recall': 0.9575, 'f1-score': 0.9782886334610472, 'support': 400.0}, 'MITM ARP Spoofing': {'precision': 0.6675257731958762, 'recall': 0.6475, 'f1-score': 0.6573604060913706, 'support': 400.0}, 'Mirai': {'precision': 0.952755905511811, 'recall': 0.605, 'f1-score': 0.7400611620795107, 'support': 400.0}, 'Scan': {'precision': 0.6682464454976303, 'recall': 0.705, 'f1-score': 0.6861313868613139, 'support': 400.0}, 'accuracy': 0.771, 'macro avg': {'precision': 0.7936911582949514, 'recall': 0.771, 'f1-score': 0.7701857363765079, 'support': 2000.0}, 'weighted avg': {'precision': 0.7936911582949514, 'recall': 0.771, 'f1-score': 0.7701857363765079, 'support': 2000.0}}","[[376   0   7   0  17]
 [ 17 383   0   0   0]
 [ 44   0 259   7  90]
 [ 77   0  48 242  33]
 [ 39   0  74   5 282]]",0.000530242919921875,0.019225597381591797
57,IoTID20,-1,sigmoid,QuantileTransformer,KNN,0.7982524581333714,-1,-1,93.52000000000001,83.80000000000001,4.05,84.18297096473631,83.83917017661935,-1,"{'0Normal': {'precision': 0.8862559241706162, 'recall': 0.935, 'f1-score': 0.9099756690997567, 'support': 400.0}, 'DoS': {'precision': 0.9974874371859297, 'recall': 0.9925, 'f1-score': 0.9949874686716792, 'support': 400.0}, 'MITM ARP Spoofing': {'precision': 0.6837416481069042, 'recall': 0.7675, 'f1-score': 0.7232037691401649, 'support': 400.0}, 'Mirai': {'precision': 0.8728323699421965, 'recall': 0.755, 'f1-score': 0.8096514745308311, 'support': 400.0}, 'Scan': {'precision': 0.7688311688311689, 'recall': 0.74, 'f1-score': 0.7541401273885351, 'support': 400.0}, 'accuracy': 0.838, 'macro avg': {'precision': 0.8418297096473631, 'recall': 0.8380000000000001, 'f1-score': 0.8383917017661935, 'support': 2000.0}, 'weighted avg': {'precision': 0.8418297096473629, 'recall': 0.838, 'f1-score': 0.8383917017661934, 'support': 2000.0}}","[[374   1   9   4  12]
 [  1 397   0   2   0]
 [ 19   0 307  27  47]
 [ 14   0  54 302  30]
 [ 14   0  79  11 296]]",0.0006487369537353516,0.02206873893737793
58,IoTID20,-1,sigmoid,QuantileTransformer,LDA,0.7117386824290087,-1,-1,90.68,76.7,5.825,79.29553520461965,77.36173443293055,-1,"{'0Normal': {'precision': 0.8961748633879781, 'recall': 0.82, 'f1-score': 0.856396866840731, 'support': 400.0}, 'DoS': {'precision': 0.9900249376558603, 'recall': 0.9925, 'f1-score': 0.9912609238451935, 'support': 400.0}, 'MITM ARP Spoofing': {'precision': 0.6191588785046729, 'recall': 0.6625, 'f1-score': 0.6400966183574879, 'support': 400.0}, 'Mirai': {'precision': 0.9243986254295533, 'recall': 0.6725, 'f1-score': 0.7785817655571635, 'support': 400.0}, 'Scan': {'precision': 0.5350194552529183, 'recall': 0.6875, 'f1-score': 0.6017505470459519, 'support': 400.0}, 'accuracy': 0.767, 'macro avg': {'precision': 0.7929553520461965, 'recall': 0.767, 'f1-score': 0.7736173443293055, 'support': 2000.0}, 'weighted avg': {'precision': 0.7929553520461966, 'recall': 0.767, 'f1-score': 0.7736173443293055, 'support': 2000.0}}","[[328   0  15   5  52]
 [  2 397   0   1   0]
 [  2   0 265   8 125]
 [  7   2  60 269  62]
 [ 27   2  88   8 275]]",0.10020112991333008,0.018018245697021484
59,IoTID20,-1,sigmoid,QuantileTransformer,NuSVC,0.7411987783547443,-1,-1,91.62,79.05,5.2375,80.49826821197576,79.26053853324966,-1,"{'0Normal': {'precision': 0.8916256157635468, 'recall': 0.905, 'f1-score': 0.8982630272952854, 'support': 400.0}, 'DoS': {'precision': 0.9974747474747475, 'recall': 0.9875, 'f1-score': 0.992462311557789, 'support': 400.0}, 'MITM ARP Spoofing': {'precision': 0.5714285714285714, 'recall': 0.76, 'f1-score': 0.6523605150214592, 'support': 400.0}, 'Mirai': {'precision': 0.8996960486322189, 'recall': 0.74, 'f1-score': 0.8120713305898491, 'support': 400.0}, 'Scan': {'precision': 0.6646884272997032, 'recall': 0.56, 'f1-score': 0.6078697421981004, 'support': 400.0}, 'accuracy': 0.7905, 'macro avg': {'precision': 0.8049826821197575, 'recall': 0.7905, 'f1-score': 0.7926053853324966, 'support': 2000.0}, 'weighted avg': {'precision': 0.8049826821197575, 'recall': 0.7905, 'f1-score': 0.7926053853324967, 'support': 2000.0}}","[[362   1  17   3  17]
 [  5 395   0   0   0]
 [  9   0 304  19  68]
 [ 13   0  63 296  28]
 [ 17   0 148  11 224]]",0.9890756607055664,0.24665117263793945
60,IoTID20,-1,sigmoid,QuantileTransformer,SGD,0.6033297374835357,-1,-1,86.5,66.25000000000001,8.4375,70.63905983383243,60.8527957035321,-1,"{'0Normal': {'precision': 0.6856617647058824, 'recall': 0.9325, 'f1-score': 0.7902542372881356, 'support': 400.0}, 'DoS': {'precision': 1.0, 'recall': 0.9975, 'f1-score': 0.9987484355444305, 'support': 400.0}, 'MITM ARP Spoofing': {'precision': 0.6300940438871473, 'recall': 0.5025, 'f1-score': 0.5591098748261474, 'support': 400.0}, 'Mirai': {'precision': 0.46619718309859154, 'recall': 0.8275, 'f1-score': 0.5963963963963964, 'support': 400.0}, 'Scan': {'precision': 0.75, 'recall': 0.0525, 'f1-score': 0.09813084112149532, 'support': 400.0}, 'accuracy': 0.6625, 'macro avg': {'precision': 0.7063905983383243, 'recall': 0.6625000000000001, 'f1-score': 0.608527957035321, 'support': 2000.0}, 'weighted avg': {'precision': 0.7063905983383243, 'recall': 0.6625, 'f1-score': 0.6085279570353209, 'support': 2000.0}}","[[373   0   5  21   1]
 [  0 399   0   1   0]
 [ 34   0 201 159   6]
 [ 31   0  38 331   0]
 [106   0  75 198  21]]",0.22910499572753906,0.00044226646423339844
61,IoTID20,-1,sigmoid,QuantileTransformer,GauNB,0.5514851929586586,-1,-1,83.04,57.599999999999994,10.6,77.50332892327931,54.952756323191245,-1,"{'0Normal': {'precision': 0.9906542056074766, 'recall': 0.265, 'f1-score': 0.4181459566074951, 'support': 400.0}, 'DoS': {'precision': 0.9899749373433584, 'recall': 0.9875, 'f1-score': 0.9887359198998749, 'support': 400.0}, 'MITM ARP Spoofing': {'precision': 0.6170212765957447, 'recall': 0.0725, 'f1-score': 0.1297539149888143, 'support': 400.0}, 'Mirai': {'precision': 0.9552845528455285, 'recall': 0.5875, 'f1-score': 0.7275541795665634, 'support': 400.0}, 'Scan': {'precision': 0.3222314737718568, 'recall': 0.9675, 'f1-score': 0.4834478450968145, 'support': 400.0}, 'accuracy': 0.576, 'macro avg': {'precision': 0.7750332892327931, 'recall': 0.576, 'f1-score': 0.5495275632319124, 'support': 2000.0}, 'weighted avg': {'precision': 0.7750332892327929, 'recall': 0.576, 'f1-score': 0.5495275632319125, 'support': 2000.0}}","[[106   0   1   1 292]
 [  0 395   0   5   0]
 [  0   0  29   2 369]
 [  1   2   9 235 153]
 [  0   2   8   3 387]]",0.0033750534057617188,0.0015652179718017578
62,IoTID20,-1,sigmoid,QuantileTransformer,NC,0.45215947365112796,-1,-1,82.14,55.35,11.1625,56.864753628390055,51.53051263320319,-1,"{'0Normal': {'precision': 0.6901408450704225, 'recall': 0.1225, 'f1-score': 0.208067940552017, 'support': 400.0}, 'DoS': {'precision': 0.7314814814814815, 'recall': 0.9875, 'f1-score': 0.8404255319148937, 'support': 400.0}, 'MITM ARP Spoofing': {'precision': 0.42557651991614254, 'recall': 0.5075, 'f1-score': 0.4629418472063854, 'support': 400.0}, 'Mirai': {'precision': 0.564, 'recall': 0.705, 'f1-score': 0.6266666666666667, 'support': 400.0}, 'Scan': {'precision': 0.4320388349514563, 'recall': 0.445, 'f1-score': 0.43842364532019706, 'support': 400.0}, 'accuracy': 0.5535, 'macro avg': {'precision': 0.5686475362839005, 'recall': 0.5535, 'f1-score': 0.5153051263320318, 'support': 2000.0}, 'weighted avg': {'precision': 0.5686475362839005, 'recall': 0.5535, 'f1-score': 0.515305126332032, 'support': 2000.0}}","[[ 49 102  77 139  33]
 [  1 395   2   2   0]
 [  1  12 203  18 166]
 [  2   4  77 282  35]
 [ 18  27 118  59 178]]",0.0010783672332763672,0.0488433837890625
63,IoTID20,-1,sigmoid,QuantileTransformer,RNC,0.718895259232746,-1,-1,90.84,77.10000000000001,5.7250000000000005,79.36911582949514,77.01857363765079,-1,"{'0Normal': {'precision': 0.6799276672694394, 'recall': 0.94, 'f1-score': 0.789087093389297, 'support': 400.0}, 'DoS': {'precision': 1.0, 'recall': 0.9575, 'f1-score': 0.9782886334610472, 'support': 400.0}, 'MITM ARP Spoofing': {'precision': 0.6675257731958762, 'recall': 0.6475, 'f1-score': 0.6573604060913706, 'support': 400.0}, 'Mirai': {'precision': 0.952755905511811, 'recall': 0.605, 'f1-score': 0.7400611620795107, 'support': 400.0}, 'Scan': {'precision': 0.6682464454976303, 'recall': 0.705, 'f1-score': 0.6861313868613139, 'support': 400.0}, 'accuracy': 0.771, 'macro avg': {'precision': 0.7936911582949514, 'recall': 0.771, 'f1-score': 0.7701857363765079, 'support': 2000.0}, 'weighted avg': {'precision': 0.7936911582949514, 'recall': 0.771, 'f1-score': 0.7701857363765079, 'support': 2000.0}}","[[376   0   7   0  17]
 [ 17 383   0   0   0]
 [ 44   0 259   7  90]
 [ 77   0  48 242  33]
 [ 39   0  74   5 282]]",0.00042176246643066406,0.013713598251342773
64,IoTID20,-1,,QuantileTransformer,KNN,0.7982524581333714,-1,-1,93.52000000000001,83.80000000000001,4.05,84.18297096473631,83.83917017661935,-1,"{'0Normal': {'precision': 0.8862559241706162, 'recall': 0.935, 'f1-score': 0.9099756690997567, 'support': 400.0}, 'DoS': {'precision': 0.9974874371859297, 'recall': 0.9925, 'f1-score': 0.9949874686716792, 'support': 400.0}, 'MITM ARP Spoofing': {'precision': 0.6837416481069042, 'recall': 0.7675, 'f1-score': 0.7232037691401649, 'support': 400.0}, 'Mirai': {'precision': 0.8728323699421965, 'recall': 0.755, 'f1-score': 0.8096514745308311, 'support': 400.0}, 'Scan': {'precision': 0.7688311688311689, 'recall': 0.74, 'f1-score': 0.7541401273885351, 'support': 400.0}, 'accuracy': 0.838, 'macro avg': {'precision': 0.8418297096473631, 'recall': 0.8380000000000001, 'f1-score': 0.8383917017661935, 'support': 2000.0}, 'weighted avg': {'precision': 0.8418297096473629, 'recall': 0.838, 'f1-score': 0.8383917017661934, 'support': 2000.0}}","[[374   1   9   4  12]
 [  1 397   0   2   0]
 [ 19   0 307  27  47]
 [ 14   0  54 302  30]
 [ 14   0  79  11 296]]",0.0006039142608642578,0.0118865966796875
65,IoTID20,-1,,QuantileTransformer,LDA,0.7117386824290087,-1,-1,90.68,76.7,5.825,79.29553520461965,77.36173443293055,-1,"{'0Normal': {'precision': 0.8961748633879781, 'recall': 0.82, 'f1-score': 0.856396866840731, 'support': 400.0}, 'DoS': {'precision': 0.9900249376558603, 'recall': 0.9925, 'f1-score': 0.9912609238451935, 'support': 400.0}, 'MITM ARP Spoofing': {'precision': 0.6191588785046729, 'recall': 0.6625, 'f1-score': 0.6400966183574879, 'support': 400.0}, 'Mirai': {'precision': 0.9243986254295533, 'recall': 0.6725, 'f1-score': 0.7785817655571635, 'support': 400.0}, 'Scan': {'precision': 0.5350194552529183, 'recall': 0.6875, 'f1-score': 0.6017505470459519, 'support': 400.0}, 'accuracy': 0.767, 'macro avg': {'precision': 0.7929553520461965, 'recall': 0.767, 'f1-score': 0.7736173443293055, 'support': 2000.0}, 'weighted avg': {'precision': 0.7929553520461966, 'recall': 0.767, 'f1-score': 0.7736173443293055, 'support': 2000.0}}","[[328   0  15   5  52]
 [  2 397   0   1   0]
 [  2   0 265   8 125]
 [  7   2  60 269  62]
 [ 27   2  88   8 275]]",0.06868171691894531,0.0003647804260253906
66,IoTID20,-1,,QuantileTransformer,NuSVC,0.7411987783547443,-1,-1,91.62,79.05,5.2375,80.49826821197576,79.26053853324966,-1,"{'0Normal': {'precision': 0.8916256157635468, 'recall': 0.905, 'f1-score': 0.8982630272952854, 'support': 400.0}, 'DoS': {'precision': 0.9974747474747475, 'recall': 0.9875, 'f1-score': 0.992462311557789, 'support': 400.0}, 'MITM ARP Spoofing': {'precision': 0.5714285714285714, 'recall': 0.76, 'f1-score': 0.6523605150214592, 'support': 400.0}, 'Mirai': {'precision': 0.8996960486322189, 'recall': 0.74, 'f1-score': 0.8120713305898491, 'support': 400.0}, 'Scan': {'precision': 0.6646884272997032, 'recall': 0.56, 'f1-score': 0.6078697421981004, 'support': 400.0}, 'accuracy': 0.7905, 'macro avg': {'precision': 0.8049826821197575, 'recall': 0.7905, 'f1-score': 0.7926053853324966, 'support': 2000.0}, 'weighted avg': {'precision': 0.8049826821197575, 'recall': 0.7905, 'f1-score': 0.7926053853324967, 'support': 2000.0}}","[[362   1  17   3  17]
 [  5 395   0   0   0]
 [  9   0 304  19  68]
 [ 13   0  63 296  28]
 [ 17   0 148  11 224]]",0.9924044609069824,0.24563860893249512
67,IoTID20,-1,,QuantileTransformer,SGD,0.6033297374835357,-1,-1,86.5,66.25000000000001,8.4375,70.63905983383243,60.8527957035321,-1,"{'0Normal': {'precision': 0.6856617647058824, 'recall': 0.9325, 'f1-score': 0.7902542372881356, 'support': 400.0}, 'DoS': {'precision': 1.0, 'recall': 0.9975, 'f1-score': 0.9987484355444305, 'support': 400.0}, 'MITM ARP Spoofing': {'precision': 0.6300940438871473, 'recall': 0.5025, 'f1-score': 0.5591098748261474, 'support': 400.0}, 'Mirai': {'precision': 0.46619718309859154, 'recall': 0.8275, 'f1-score': 0.5963963963963964, 'support': 400.0}, 'Scan': {'precision': 0.75, 'recall': 0.0525, 'f1-score': 0.09813084112149532, 'support': 400.0}, 'accuracy': 0.6625, 'macro avg': {'precision': 0.7063905983383243, 'recall': 0.6625000000000001, 'f1-score': 0.608527957035321, 'support': 2000.0}, 'weighted avg': {'precision': 0.7063905983383243, 'recall': 0.6625, 'f1-score': 0.6085279570353209, 'support': 2000.0}}","[[373   0   5  21   1]
 [  0 399   0   1   0]
 [ 34   0 201 159   6]
 [ 31   0  38 331   0]
 [106   0  75 198  21]]",0.22898578643798828,0.0004703998565673828
68,IoTID20,-1,,QuantileTransformer,GauNB,0.5514851929586586,-1,-1,83.04,57.599999999999994,10.6,77.50332892327931,54.952756323191245,-1,"{'0Normal': {'precision': 0.9906542056074766, 'recall': 0.265, 'f1-score': 0.4181459566074951, 'support': 400.0}, 'DoS': {'precision': 0.9899749373433584, 'recall': 0.9875, 'f1-score': 0.9887359198998749, 'support': 400.0}, 'MITM ARP Spoofing': {'precision': 0.6170212765957447, 'recall': 0.0725, 'f1-score': 0.1297539149888143, 'support': 400.0}, 'Mirai': {'precision': 0.9552845528455285, 'recall': 0.5875, 'f1-score': 0.7275541795665634, 'support': 400.0}, 'Scan': {'precision': 0.3222314737718568, 'recall': 0.9675, 'f1-score': 0.4834478450968145, 'support': 400.0}, 'accuracy': 0.576, 'macro avg': {'precision': 0.7750332892327931, 'recall': 0.576, 'f1-score': 0.5495275632319124, 'support': 2000.0}, 'weighted avg': {'precision': 0.7750332892327929, 'recall': 0.576, 'f1-score': 0.5495275632319125, 'support': 2000.0}}","[[106   0   1   1 292]
 [  0 395   0   5   0]
 [  0   0  29   2 369]
 [  1   2   9 235 153]
 [  0   2   8   3 387]]",0.003412008285522461,0.0015723705291748047
69,IoTID20,-1,,QuantileTransformer,NC,0.45215947365112796,-1,-1,82.14,55.35,11.1625,56.864753628390055,51.53051263320319,-1,"{'0Normal': {'precision': 0.6901408450704225, 'recall': 0.1225, 'f1-score': 0.208067940552017, 'support': 400.0}, 'DoS': {'precision': 0.7314814814814815, 'recall': 0.9875, 'f1-score': 0.8404255319148937, 'support': 400.0}, 'MITM ARP Spoofing': {'precision': 0.42557651991614254, 'recall': 0.5075, 'f1-score': 0.4629418472063854, 'support': 400.0}, 'Mirai': {'precision': 0.564, 'recall': 0.705, 'f1-score': 0.6266666666666667, 'support': 400.0}, 'Scan': {'precision': 0.4320388349514563, 'recall': 0.445, 'f1-score': 0.43842364532019706, 'support': 400.0}, 'accuracy': 0.5535, 'macro avg': {'precision': 0.5686475362839005, 'recall': 0.5535, 'f1-score': 0.5153051263320318, 'support': 2000.0}, 'weighted avg': {'precision': 0.5686475362839005, 'recall': 0.5535, 'f1-score': 0.515305126332032, 'support': 2000.0}}","[[ 49 102  77 139  33]
 [  1 395   2   2   0]
 [  1  12 203  18 166]
 [  2   4  77 282  35]
 [ 18  27 118  59 178]]",0.0010671615600585938,0.048631906509399414
70,IoTID20,-1,,QuantileTransformer,RNC,0.718895259232746,-1,-1,90.84,77.10000000000001,5.7250000000000005,79.36911582949514,77.01857363765079,-1,"{'0Normal': {'precision': 0.6799276672694394, 'recall': 0.94, 'f1-score': 0.789087093389297, 'support': 400.0}, 'DoS': {'precision': 1.0, 'recall': 0.9575, 'f1-score': 0.9782886334610472, 'support': 400.0}, 'MITM ARP Spoofing': {'precision': 0.6675257731958762, 'recall': 0.6475, 'f1-score': 0.6573604060913706, 'support': 400.0}, 'Mirai': {'precision': 0.952755905511811, 'recall': 0.605, 'f1-score': 0.7400611620795107, 'support': 400.0}, 'Scan': {'precision': 0.6682464454976303, 'recall': 0.705, 'f1-score': 0.6861313868613139, 'support': 400.0}, 'accuracy': 0.771, 'macro avg': {'precision': 0.7936911582949514, 'recall': 0.771, 'f1-score': 0.7701857363765079, 'support': 2000.0}, 'weighted avg': {'precision': 0.7936911582949514, 'recall': 0.771, 'f1-score': 0.7701857363765079, 'support': 2000.0}}","[[376   0   7   0  17]
 [ 17 383   0   0   0]
 [ 44   0 259   7  90]
 [ 77   0  48 242  33]
 [ 39   0  74   5 282]]",0.0004067420959472656,0.015466928482055664
71,IoTID20,2,rbf,QuantileTransformer,KNN,0.7539432227106522,-1,-1,92.12,80.30000000000001,4.925,80.24871160500332,80.23165648803052,-1,"{'0Normal': {'precision': 0.8717948717948718, 'recall': 0.935, 'f1-score': 0.902291917973462, 'support': 400.0}, 'DoS': {'precision': 1.0, 'recall': 0.9875, 'f1-score': 0.9937106918238994, 'support': 400.0}, 'MITM ARP Spoofing': {'precision': 0.6372795969773299, 'recall': 0.6325, 'f1-score': 0.6348808030112923, 'support': 400.0}, 'Mirai': {'precision': 0.7989276139410187, 'recall': 0.745, 'f1-score': 0.7710219922380336, 'support': 400.0}, 'Scan': {'precision': 0.7044334975369458, 'recall': 0.715, 'f1-score': 0.7096774193548387, 'support': 400.0}, 'accuracy': 0.803, 'macro avg': {'precision': 0.8024871160500332, 'recall': 0.8030000000000002, 'f1-score': 0.8023165648803052, 'support': 2000.0}, 'weighted avg': {'precision': 0.8024871160500332, 'recall': 0.803, 'f1-score': 0.8023165648803051, 'support': 2000.0}}","[[374   0  11   5  10]
 [  3 395   0   2   0]
 [ 15   0 253  52  80]
 [ 20   0  52 298  30]
 [ 17   0  81  16 286]]",0.007688283920288086,0.31046438217163086
72,IoTID20,2,rbf,QuantileTransformer,LDA,0.7946980723542969,-1,-1,93.38,83.44999999999999,4.1375,84.19039892377238,83.4751640422931,-1,"{'0Normal': {'precision': 0.928388746803069, 'recall': 0.9075, 'f1-score': 0.9178255372945638, 'support': 400.0}, 'DoS': {'precision': 0.9827160493827161, 'recall': 0.995, 'f1-score': 0.9888198757763975, 'support': 400.0}, 'MITM ARP Spoofing': {'precision': 0.70509977827051, 'recall': 0.795, 'f1-score': 0.7473560517038778, 'support': 400.0}, 'Mirai': {'precision': 0.8709677419354839, 'recall': 0.675, 'f1-score': 0.7605633802816901, 'support': 400.0}, 'Scan': {'precision': 0.7223476297968398, 'recall': 0.8, 'f1-score': 0.7591933570581257, 'support': 400.0}, 'accuracy': 0.8345, 'macro avg': {'precision': 0.8419039892377238, 'recall': 0.8344999999999999, 'f1-score': 0.834751640422931, 'support': 2000.0}, 'weighted avg': {'precision': 0.8419039892377236, 'recall': 0.8345, 'f1-score': 0.8347516404229309, 'support': 2000.0}}","[[363   1  12   8  16]
 [  0 398   0   0   2]
 [  8   0 318  23  51]
 [ 19   2  55 270  54]
 [  1   4  66   9 320]]",62.89055013656616,0.011863231658935547
73,IoTID20,2,rbf,QuantileTransformer,NuSVC,0.7884123761041923,-1,-1,93.2,83.0,4.25,83.61563157858895,83.12875203437068,-1,"{'0Normal': {'precision': 0.9275, 'recall': 0.9275, 'f1-score': 0.9275, 'support': 400.0}, 'DoS': {'precision': 0.9974747474747475, 'recall': 0.9875, 'f1-score': 0.992462311557789, 'support': 400.0}, 'MITM ARP Spoofing': {'precision': 0.6759493670886076, 'recall': 0.6675, 'f1-score': 0.6716981132075471, 'support': 400.0}, 'Mirai': {'precision': 0.8895348837209303, 'recall': 0.765, 'f1-score': 0.8225806451612904, 'support': 400.0}, 'Scan': {'precision': 0.6903225806451613, 'recall': 0.8025, 'f1-score': 0.7421965317919075, 'support': 400.0}, 'accuracy': 0.83, 'macro avg': {'precision': 0.8361563157858894, 'recall': 0.8300000000000001, 'f1-score': 0.8312875203437068, 'support': 2000.0}, 'weighted avg': {'precision': 0.8361563157858893, 'recall': 0.83, 'f1-score': 0.8312875203437068, 'support': 2000.0}}","[[371   1   8   4  16]
 [  5 395   0   0   0]
 [  8   0 267  23 102]
 [ 13   0  55 306  26]
 [  3   0  65  11 321]]",28.418872594833374,7.961966276168823
74,IoTID20,2,rbf,QuantileTransformer,SGD,0.6529712411945418,-1,-1,87.28,68.2,7.95,80.56509678293347,67.080903368014,-1,"{'0Normal': {'precision': 0.9860627177700348, 'recall': 0.7075, 'f1-score': 0.8238719068413392, 'support': 400.0}, 'DoS': {'precision': 1.0, 'recall': 0.9925, 'f1-score': 0.9962358845671268, 'support': 400.0}, 'MITM ARP Spoofing': {'precision': 0.6835443037974683, 'recall': 0.135, 'f1-score': 0.2254697286012526, 'support': 400.0}, 'Mirai': {'precision': 0.9686274509803922, 'recall': 0.6175, 'f1-score': 0.7541984732824427, 'support': 400.0}, 'Scan': {'precision': 0.390020366598778, 'recall': 0.9575, 'f1-score': 0.5542691751085383, 'support': 400.0}, 'accuracy': 0.682, 'macro avg': {'precision': 0.8056509678293347, 'recall': 0.682, 'f1-score': 0.67080903368014, 'support': 2000.0}, 'weighted avg': {'precision': 0.8056509678293347, 'recall': 0.682, 'f1-score': 0.6708090336801399, 'support': 2000.0}}","[[283   0   1   3 113]
 [  3 397   0   0   0]
 [  0   0  54   5 341]
 [  1   0   7 247 145]
 [  0   0  17   0 383]]",7.103097200393677,0.00395965576171875
75,IoTID20,2,rbf,QuantileTransformer,GauNB,0.504645585605892,-1,-1,81.06,52.650000000000006,11.837499999999999,77.73004391157376,49.0632666562524,-1,"{'0Normal': {'precision': 0.8347826086956521, 'recall': 0.24, 'f1-score': 0.37281553398058254, 'support': 400.0}, 'DoS': {'precision': 0.9876237623762376, 'recall': 0.9975, 'f1-score': 0.9925373134328358, 'support': 400.0}, 'MITM ARP Spoofing': {'precision': 0.7777777777777778, 'recall': 0.0525, 'f1-score': 0.09836065573770492, 'support': 400.0}, 'Mirai': {'precision': 0.9863945578231292, 'recall': 0.3625, 'f1-score': 0.5301645338208409, 'support': 400.0}, 'Scan': {'precision': 0.2999234889058914, 'recall': 0.98, 'f1-score': 0.45928529584065614, 'support': 400.0}, 'accuracy': 0.5265, 'macro avg': {'precision': 0.7773004391157377, 'recall': 0.5265000000000001, 'f1-score': 0.490632666562524, 'support': 2000.0}, 'weighted avg': {'precision': 0.7773004391157377, 'recall': 0.5265, 'f1-score': 0.4906326665625241, 'support': 2000.0}}","[[ 96   0   1   1 302]
 [  0 399   0   1   0]
 [  7   0  21   0 372]
 [  8   3   3 145 241]
 [  4   2   2   0 392]]",0.1350545883178711,0.08683991432189941
76,IoTID20,2,rbf,QuantileTransformer,NC,0.43224537366744586,-1,-1,81.5,53.75,11.5625,52.45188921588586,49.40833862868818,-1,"{'0Normal': {'precision': 0.5324675324675324, 'recall': 0.1025, 'f1-score': 0.1719077568134172, 'support': 400.0}, 'DoS': {'precision': 0.6694915254237288, 'recall': 0.9875, 'f1-score': 0.797979797979798, 'support': 400.0}, 'MITM ARP Spoofing': {'precision': 0.4344978165938865, 'recall': 0.4975, 'f1-score': 0.46386946386946387, 'support': 400.0}, 'Mirai': {'precision': 0.5778688524590164, 'recall': 0.705, 'f1-score': 0.6351351351351351, 'support': 400.0}, 'Scan': {'precision': 0.4082687338501292, 'recall': 0.395, 'f1-score': 0.40152477763659467, 'support': 400.0}, 'accuracy': 0.5375, 'macro avg': {'precision': 0.5245188921588586, 'recall': 0.5375, 'f1-score': 0.49408338628688175, 'support': 2000.0}, 'weighted avg': {'precision': 0.5245188921588586, 'recall': 0.5375, 'f1-score': 0.4940833862868818, 'support': 2000.0}}","[[ 41 108  74 141  36]
 [  1 395   2   2   0]
 [  2  22 199  17 160]
 [  2  10  73 282  33]
 [ 31  55 110  46 158]]",0.030852794647216797,0.007462978363037109
77,IoTID20,2,rbf,QuantileTransformer,RNC,0.4192357090082756,-1,-1,78.46,46.150000000000006,13.462499999999999,67.08676035612721,43.568301512720474,-1,"{'0Normal': {'precision': 0.28776978417266186, 'recall': 1.0, 'f1-score': 0.44692737430167595, 'support': 400.0}, 'DoS': {'precision': 1.0, 'recall': 0.7175, 'f1-score': 0.8355167394468704, 'support': 400.0}, 'MITM ARP Spoofing': {'precision': 0.6721311475409836, 'recall': 0.205, 'f1-score': 0.31417624521072796, 'support': 400.0}, 'Mirai': {'precision': 0.56, 'recall': 0.07, 'f1-score': 0.12444444444444444, 'support': 400.0}, 'Scan': {'precision': 0.8344370860927153, 'recall': 0.315, 'f1-score': 0.4573502722323049, 'support': 400.0}, 'accuracy': 0.4615, 'macro avg': {'precision': 0.6708676035612722, 'recall': 0.4615, 'f1-score': 0.43568301512720475, 'support': 2000.0}, 'weighted avg': {'precision': 0.6708676035612722, 'recall': 0.4615, 'f1-score': 0.43568301512720475, 'support': 2000.0}}","[[400   0   0   0   0]
 [113 287   0   0   0]
 [285   0  82  15  18]
 [351   0  14  28   7]
 [241   0  26   7 126]]",0.007234811782836914,0.3808937072753906
78,IoTID20,2,poly,QuantileTransformer,KNN,0.7500993947551439,-1,-1,92.0,80.0,5.0,79.92280297145875,79.93976327685982,-1,"{'0Normal': {'precision': 0.8794326241134752, 'recall': 0.93, 'f1-score': 0.9040097205346294, 'support': 400.0}, 'DoS': {'precision': 1.0, 'recall': 0.9875, 'f1-score': 0.9937106918238994, 'support': 400.0}, 'MITM ARP Spoofing': {'precision': 0.6395061728395062, 'recall': 0.6475, 'f1-score': 0.6434782608695652, 'support': 400.0}, 'Mirai': {'precision': 0.7743589743589744, 'recall': 0.755, 'f1-score': 0.7645569620253164, 'support': 400.0}, 'Scan': {'precision': 0.7028423772609819, 'recall': 0.68, 'f1-score': 0.6912325285895807, 'support': 400.0}, 'accuracy': 0.8, 'macro avg': {'precision': 0.7992280297145875, 'recall': 0.8, 'f1-score': 0.7993976327685982, 'support': 2000.0}, 'weighted avg': {'precision': 0.7992280297145876, 'recall': 0.8, 'f1-score': 0.7993976327685982, 'support': 2000.0}}","[[372   0   9   5  14]
 [  3 395   0   2   0]
 [ 15   0 259  56  70]
 [ 13   0  54 302  31]
 [ 20   0  83  25 272]]",0.007524251937866211,0.3510477542877197
79,IoTID20,2,poly,QuantileTransformer,LDA,0.7931780308346701,-1,-1,93.32000000000001,83.3,4.175,84.2213798259461,83.36792896668477,-1,"{'0Normal': {'precision': 0.9451697127937336, 'recall': 0.905, 'f1-score': 0.9246487867177522, 'support': 400.0}, 'DoS': {'precision': 0.9827160493827161, 'recall': 0.995, 'f1-score': 0.9888198757763975, 'support': 400.0}, 'MITM ARP Spoofing': {'precision': 0.6742738589211619, 'recall': 0.8125, 'f1-score': 0.7369614512471655, 'support': 400.0}, 'Mirai': {'precision': 0.8612903225806452, 'recall': 0.6675, 'f1-score': 0.752112676056338, 'support': 400.0}, 'Scan': {'precision': 0.7476190476190476, 'recall': 0.785, 'f1-score': 0.7658536585365854, 'support': 400.0}, 'accuracy': 0.833, 'macro avg': {'precision': 0.842213798259461, 'recall': 0.833, 'f1-score': 0.8336792896668477, 'support': 2000.0}, 'weighted avg': {'precision': 0.8422137982594609, 'recall': 0.833, 'f1-score': 0.8336792896668478, 'support': 2000.0}}","[[362   1  15   6  16]
 [  0 398   2   0   0]
 [  8   0 325  28  39]
 [ 12   2  68 267  51]
 [  1   4  72   9 314]]",70.4375581741333,0.008956432342529297
80,IoTID20,2,poly,QuantileTransformer,NuSVC,0.7900561960583442,-1,-1,93.17999999999999,82.95,4.2625,84.40451090128971,83.16556523274625,-1,"{'0Normal': {'precision': 0.9432989690721649, 'recall': 0.915, 'f1-score': 0.9289340101522843, 'support': 400.0}, 'DoS': {'precision': 0.9974874371859297, 'recall': 0.9925, 'f1-score': 0.9949874686716792, 'support': 400.0}, 'MITM ARP Spoofing': {'precision': 0.6224299065420561, 'recall': 0.8325, 'f1-score': 0.7122994652406417, 'support': 400.0}, 'Mirai': {'precision': 0.892128279883382, 'recall': 0.765, 'f1-score': 0.8236877523553163, 'support': 400.0}, 'Scan': {'precision': 0.7648809523809523, 'recall': 0.6425, 'f1-score': 0.6983695652173914, 'support': 400.0}, 'accuracy': 0.8295, 'macro avg': {'precision': 0.8440451090128971, 'recall': 0.8295, 'f1-score': 0.8316556523274625, 'support': 2000.0}, 'weighted avg': {'precision': 0.844045109012897, 'recall': 0.8295, 'f1-score': 0.8316556523274625, 'support': 2000.0}}","[[366   1   9   3  21]
 [  3 397   0   0   0]
 [  3   0 333  25  39]
 [ 13   0  62 306  19]
 [  3   0 131   9 257]]",30.341122150421143,8.340965747833252
81,IoTID20,2,poly,QuantileTransformer,SGD,0.7519425678104567,-1,-1,91.97999999999999,79.94999999999999,5.0125,81.81115778859747,80.44143219227605,-1,"{'0Normal': {'precision': 0.9941002949852508, 'recall': 0.8425, 'f1-score': 0.912043301759134, 'support': 400.0}, 'DoS': {'precision': 1.0, 'recall': 0.9925, 'f1-score': 0.9962358845671268, 'support': 400.0}, 'MITM ARP Spoofing': {'precision': 0.5950570342205324, 'recall': 0.7825, 'f1-score': 0.6760259179265659, 'support': 400.0}, 'Mirai': {'precision': 0.834733893557423, 'recall': 0.745, 'f1-score': 0.7873183619550859, 'support': 400.0}, 'Scan': {'precision': 0.6666666666666666, 'recall': 0.635, 'f1-score': 0.6504481434058899, 'support': 400.0}, 'accuracy': 0.7995, 'macro avg': {'precision': 0.8181115778859747, 'recall': 0.7994999999999999, 'f1-score': 0.8044143219227605, 'support': 2000.0}, 'weighted avg': {'precision': 0.8181115778859747, 'recall': 0.7995, 'f1-score': 0.8044143219227604, 'support': 2000.0}}","[[337   0  13  26  24]
 [  2 397   0   1   0]
 [  0   0 313  15  72]
 [  0   0  71 298  31]
 [  0   0 129  17 254]]",6.658084154129028,0.011034727096557617
82,IoTID20,2,poly,QuantileTransformer,GauNB,0.5042965733100816,-1,-1,81.06,52.650000000000006,11.837499999999999,76.47457963360151,49.0839957037622,-1,"{'0Normal': {'precision': 0.8495575221238938, 'recall': 0.24, 'f1-score': 0.3742690058479532, 'support': 400.0}, 'DoS': {'precision': 0.9876237623762376, 'recall': 0.9975, 'f1-score': 0.9925373134328358, 'support': 400.0}, 'MITM ARP Spoofing': {'precision': 0.7, 'recall': 0.0525, 'f1-score': 0.09767441860465116, 'support': 400.0}, 'Mirai': {'precision': 0.9863945578231292, 'recall': 0.3625, 'f1-score': 0.5301645338208409, 'support': 400.0}, 'Scan': {'precision': 0.3001531393568147, 'recall': 0.98, 'f1-score': 0.45955451348182885, 'support': 400.0}, 'accuracy': 0.5265, 'macro avg': {'precision': 0.7647457963360151, 'recall': 0.5265000000000001, 'f1-score': 0.490839957037622, 'support': 2000.0}, 'weighted avg': {'precision': 0.7647457963360151, 'recall': 0.5265, 'f1-score': 0.490839957037622, 'support': 2000.0}}","[[ 96   0   1   1 302]
 [  0 399   0   1   0]
 [  7   0  21   0 372]
 [  8   3   4 145 240]
 [  2   2   4   0 392]]",0.15191245079040527,0.0743255615234375
83,IoTID20,2,poly,QuantileTransformer,NC,0.4730125866278536,-1,-1,82.14,55.35,11.1625,57.39627687730074,47.54897687117442,-1,"{'0Normal': {'precision': 0.6349206349206349, 'recall': 0.1, 'f1-score': 0.17278617710583152, 'support': 400.0}, 'DoS': {'precision': 0.662751677852349, 'recall': 0.9875, 'f1-score': 0.7931726907630522, 'support': 400.0}, 'MITM ARP Spoofing': {'precision': 0.44147582697201015, 'recall': 0.8675, 'f1-score': 0.5851602023608768, 'support': 400.0}, 'Mirai': {'precision': 0.5940803382663847, 'recall': 0.7025, 'f1-score': 0.6437571592210768, 'support': 400.0}, 'Scan': {'precision': 0.5365853658536586, 'recall': 0.11, 'f1-score': 0.1825726141078838, 'support': 400.0}, 'accuracy': 0.5535, 'macro avg': {'precision': 0.5739627687730074, 'recall': 0.5535, 'f1-score': 0.4754897687117442, 'support': 2000.0}, 'weighted avg': {'precision': 0.5739627687730074, 'recall': 0.5535, 'f1-score': 0.4754897687117442, 'support': 2000.0}}","[[ 40 108  92 139  21]
 [  1 395   2   2   0]
 [  1  25 347  17  10]
 [  3  12  97 281   7]
 [ 18  56 248  34  44]]",0.02958989143371582,0.017915725708007812
84,IoTID20,2,poly,QuantileTransformer,RNC,0.41706559103392216,-1,-1,78.28,45.7,13.575000000000001,67.79098157701321,43.0288367557321,-1,"{'0Normal': {'precision': 0.2833806818181818, 'recall': 0.9975, 'f1-score': 0.4413716814159292, 'support': 400.0}, 'DoS': {'precision': 1.0, 'recall': 0.7275, 'f1-score': 0.8422575976845152, 'support': 400.0}, 'MITM ARP Spoofing': {'precision': 0.711864406779661, 'recall': 0.21, 'f1-score': 0.32432432432432434, 'support': 400.0}, 'Mirai': {'precision': 0.5510204081632653, 'recall': 0.0675, 'f1-score': 0.12026726057906459, 'support': 400.0}, 'Scan': {'precision': 0.8432835820895522, 'recall': 0.2825, 'f1-score': 0.4232209737827715, 'support': 400.0}, 'accuracy': 0.457, 'macro avg': {'precision': 0.6779098157701321, 'recall': 0.457, 'f1-score': 0.430288367557321, 'support': 2000.0}, 'weighted avg': {'precision': 0.6779098157701321, 'recall': 0.457, 'f1-score': 0.43028836755732097, 'support': 2000.0}}","[[399   0   0   0   1]
 [109 291   0   0   0]
 [290   0  84  13  13]
 [354   0  12  27   7]
 [256   0  22   9 113]]",0.007403850555419922,0.3845348358154297
85,IoTID20,2,linear,QuantileTransformer,KNN,0.765706360623329,-1,-1,92.5,81.25,4.6875,81.23516492821781,81.2248381337816,-1,"{'0Normal': {'precision': 0.8949880668257757, 'recall': 0.9375, 'f1-score': 0.9157509157509157, 'support': 400.0}, 'DoS': {'precision': 1.0, 'recall': 0.9875, 'f1-score': 0.9937106918238994, 'support': 400.0}, 'MITM ARP Spoofing': {'precision': 0.6486486486486487, 'recall': 0.66, 'f1-score': 0.654275092936803, 'support': 400.0}, 'Mirai': {'precision': 0.8031088082901554, 'recall': 0.775, 'f1-score': 0.7888040712468194, 'support': 400.0}, 'Scan': {'precision': 0.7150127226463104, 'recall': 0.7025, 'f1-score': 0.7087011349306431, 'support': 400.0}, 'accuracy': 0.8125, 'macro avg': {'precision': 0.8123516492821781, 'recall': 0.8125, 'f1-score': 0.8122483813378161, 'support': 2000.0}, 'weighted avg': {'precision': 0.8123516492821781, 'recall': 0.8125, 'f1-score': 0.8122483813378161, 'support': 2000.0}}","[[375   0   7   5  13]
 [  3 395   0   2   0]
 [ 16   0 264  49  71]
 [ 14   0  48 310  28]
 [ 11   0  88  20 281]]",0.007445335388183594,0.34303760528564453
86,IoTID20,2,linear,QuantileTransformer,LDA,0.7921277550831695,-1,-1,93.30000000000001,83.25000000000001,4.1875,83.87401130601248,83.24539487105484,-1,"{'0Normal': {'precision': 0.9217171717171717, 'recall': 0.9125, 'f1-score': 0.9170854271356784, 'support': 400.0}, 'DoS': {'precision': 0.9900744416873449, 'recall': 0.9975, 'f1-score': 0.9937733499377335, 'support': 400.0}, 'MITM ARP Spoofing': {'precision': 0.6946236559139785, 'recall': 0.8075, 'f1-score': 0.7468208092485549, 'support': 400.0}, 'Mirai': {'precision': 0.8503184713375797, 'recall': 0.6675, 'f1-score': 0.7478991596638656, 'support': 400.0}, 'Scan': {'precision': 0.7369668246445498, 'recall': 0.7775, 'f1-score': 0.7566909975669099, 'support': 400.0}, 'accuracy': 0.8325, 'macro avg': {'precision': 0.8387401130601247, 'recall': 0.8325000000000001, 'f1-score': 0.8324539487105485, 'support': 2000.0}, 'weighted avg': {'precision': 0.838740113060125, 'recall': 0.8325, 'f1-score': 0.8324539487105485, 'support': 2000.0}}","[[365   0  13   5  17]
 [  0 399   0   1   0]
 [ 10   0 323  26  41]
 [ 19   2  59 267  53]
 [  2   2  70  15 311]]",104.24432349205017,0.010955810546875
87,IoTID20,2,linear,QuantileTransformer,NuSVC,0.7980631643081681,-1,-1,93.47999999999999,83.7,4.075,84.786144738198,83.93355360740837,-1,"{'0Normal': {'precision': 0.9411764705882353, 'recall': 0.92, 'f1-score': 0.9304677623261695, 'support': 400.0}, 'DoS': {'precision': 0.9949874686716792, 'recall': 0.9925, 'f1-score': 0.9937421777221527, 'support': 400.0}, 'MITM ARP Spoofing': {'precision': 0.642, 'recall': 0.8025, 'f1-score': 0.7133333333333334, 'support': 400.0}, 'Mirai': {'precision': 0.8914956011730205, 'recall': 0.76, 'f1-score': 0.8205128205128205, 'support': 400.0}, 'Scan': {'precision': 0.7696476964769647, 'recall': 0.71, 'f1-score': 0.7386215864759428, 'support': 400.0}, 'accuracy': 0.837, 'macro avg': {'precision': 0.84786144738198, 'recall': 0.837, 'f1-score': 0.8393355360740837, 'support': 2000.0}, 'weighted avg': {'precision': 0.8478614473819799, 'recall': 0.837, 'f1-score': 0.8393355360740838, 'support': 2000.0}}","[[368   1   9   2  20]
 [  3 397   0   0   0]
 [  7   0 321  30  42]
 [ 11   0  62 304  23]
 [  2   1 108   5 284]]",44.95026087760925,12.045735359191895
88,IoTID20,2,linear,QuantileTransformer,SGD,0.6840925693621983,-1,-1,88.7,71.75,7.062499999999999,80.09166880242546,70.33260389612879,-1,"{'0Normal': {'precision': 0.9968652037617555, 'recall': 0.795, 'f1-score': 0.8845618915159944, 'support': 400.0}, 'DoS': {'precision': 0.9925187032418953, 'recall': 0.995, 'f1-score': 0.9937578027465668, 'support': 400.0}, 'MITM ARP Spoofing': {'precision': 0.6666666666666666, 'recall': 0.155, 'f1-score': 0.2515212981744422, 'support': 400.0}, 'Mirai': {'precision': 0.9253246753246753, 'recall': 0.7125, 'f1-score': 0.8050847457627118, 'support': 400.0}, 'Scan': {'precision': 0.4232081911262799, 'recall': 0.93, 'f1-score': 0.581704456606724, 'support': 400.0}, 'accuracy': 0.7175, 'macro avg': {'precision': 0.8009166880242546, 'recall': 0.7175, 'f1-score': 0.7033260389612879, 'support': 2000.0}, 'weighted avg': {'precision': 0.8009166880242544, 'recall': 0.7175, 'f1-score': 0.7033260389612879, 'support': 2000.0}}","[[318   1   2   5  74]
 [  1 398   0   1   0]
 [  0   0  62  11 327]
 [  0   0   9 285 106]
 [  0   2  20   6 372]]",8.72544550895691,0.010391950607299805
89,IoTID20,2,linear,QuantileTransformer,GauNB,0.5042965733100816,-1,-1,81.06,52.650000000000006,11.837499999999999,76.47457963360151,49.0839957037622,-1,"{'0Normal': {'precision': 0.8495575221238938, 'recall': 0.24, 'f1-score': 0.3742690058479532, 'support': 400.0}, 'DoS': {'precision': 0.9876237623762376, 'recall': 0.9975, 'f1-score': 0.9925373134328358, 'support': 400.0}, 'MITM ARP Spoofing': {'precision': 0.7, 'recall': 0.0525, 'f1-score': 0.09767441860465116, 'support': 400.0}, 'Mirai': {'precision': 0.9863945578231292, 'recall': 0.3625, 'f1-score': 0.5301645338208409, 'support': 400.0}, 'Scan': {'precision': 0.3001531393568147, 'recall': 0.98, 'f1-score': 0.45955451348182885, 'support': 400.0}, 'accuracy': 0.5265, 'macro avg': {'precision': 0.7647457963360151, 'recall': 0.5265000000000001, 'f1-score': 0.490839957037622, 'support': 2000.0}, 'weighted avg': {'precision': 0.7647457963360151, 'recall': 0.5265, 'f1-score': 0.490839957037622, 'support': 2000.0}}","[[ 96   0   1   1 302]
 [  0 399   0   1   0]
 [  7   0  21   0 372]
 [  8   3   4 145 240]
 [  2   2   4   0 392]]",0.1938180923461914,0.07244038581848145
90,IoTID20,2,linear,QuantileTransformer,NC,0.5039348781016625,-1,-1,83.22,58.050000000000004,10.487499999999999,60.40829503682953,52.873357736639925,-1,"{'0Normal': {'precision': 0.7114093959731543, 'recall': 0.265, 'f1-score': 0.3861566484517304, 'support': 400.0}, 'DoS': {'precision': 0.662751677852349, 'recall': 0.9875, 'f1-score': 0.7931726907630522, 'support': 400.0}, 'MITM ARP Spoofing': {'precision': 0.43757881462799497, 'recall': 0.8675, 'f1-score': 0.5817267393126572, 'support': 400.0}, 'Mirai': {'precision': 0.7295081967213115, 'recall': 0.6675, 'f1-score': 0.6971279373368147, 'support': 400.0}, 'Scan': {'precision': 0.4791666666666667, 'recall': 0.115, 'f1-score': 0.18548387096774194, 'support': 400.0}, 'accuracy': 0.5805, 'macro avg': {'precision': 0.6040829503682953, 'recall': 0.5805, 'f1-score': 0.5287335773663993, 'support': 2000.0}, 'weighted avg': {'precision': 0.6040829503682953, 'recall': 0.5805, 'f1-score': 0.5287335773663994, 'support': 2000.0}}","[[106 108 100  59  27]
 [  1 395   1   2   1]
 [  2  25 347  14  12]
 [ 14  12  97 267  10]
 [ 26  56 248  24  46]]",0.031158924102783203,0.09452462196350098
91,IoTID20,2,linear,QuantileTransformer,RNC,0.40997804277241945,-1,-1,78.08,45.199999999999996,13.700000000000001,66.5004832162876,42.12687648380397,-1,"{'0Normal': {'precision': 0.2827781715095677, 'recall': 0.9975, 'f1-score': 0.4406405300938708, 'support': 400.0}, 'DoS': {'precision': 1.0, 'recall': 0.73, 'f1-score': 0.8439306358381503, 'support': 400.0}, 'MITM ARP Spoofing': {'precision': 0.6363636363636364, 'recall': 0.1925, 'f1-score': 0.29558541266794625, 'support': 400.0}, 'Mirai': {'precision': 0.575, 'recall': 0.0575, 'f1-score': 0.10454545454545454, 'support': 400.0}, 'Scan': {'precision': 0.8308823529411765, 'recall': 0.2825, 'f1-score': 0.4216417910447761, 'support': 400.0}, 'accuracy': 0.452, 'macro avg': {'precision': 0.6650048321628761, 'recall': 0.45199999999999996, 'f1-score': 0.42126876483803966, 'support': 2000.0}, 'weighted avg': {'precision': 0.665004832162876, 'recall': 0.452, 'f1-score': 0.4212687648380396, 'support': 2000.0}}","[[399   0   0   0   1]
 [108 292   0   0   0]
 [294   0  77  12  17]
 [358   0  14  23   5]
 [252   0  30   5 113]]",0.007843255996704102,0.4626142978668213
92,IoTID20,2,sigmoid,QuantileTransformer,KNN,0.2581240970033187,-1,-1,74.92,37.3,15.675,22.15020084610983,25.71842251991228,-1,"{'0Normal': {'precision': 0.31896551724137934, 'recall': 0.185, 'f1-score': 0.23417721518987342, 'support': 400.0}, 'DoS': {'precision': 0.34642233856893545, 'recall': 0.9925, 'f1-score': 0.5135834411384217, 'support': 400.0}, 'MITM ARP Spoofing': {'precision': 0.0, 'recall': 0.0, 'f1-score': 0.0, 'support': 400.0}, 'Mirai': {'precision': 0.44212218649517687, 'recall': 0.6875, 'f1-score': 0.538160469667319, 'support': 400.0}, 'Scan': {'precision': 0.0, 'recall': 0.0, 'f1-score': 0.0, 'support': 400.0}, 'accuracy': 0.373, 'macro avg': {'precision': 0.2215020084610983, 'recall': 0.373, 'f1-score': 0.2571842251991228, 'support': 2000.0}, 'weighted avg': {'precision': 0.22150200846109835, 'recall': 0.373, 'f1-score': 0.2571842251991228, 'support': 2000.0}}","[[ 74 153   0 173   0]
 [  1 397   0   2   0]
 [ 50 271   0  79   0]
 [ 48  77   0 275   0]
 [ 59 248   0  93   0]]",0.0003821849822998047,0.0074923038482666016
93,IoTID20,2,sigmoid,QuantileTransformer,LDA,0.29132338947015557,-1,-1,76.72,41.8,14.549999999999999,55.005341637988536,40.8402896422406,-1,"{'0Normal': {'precision': 0.8907563025210085, 'recall': 0.265, 'f1-score': 0.40847784200385356, 'support': 400.0}, 'DoS': {'precision': 1.0, 'recall': 0.4375, 'f1-score': 0.6086956521739131, 'support': 400.0}, 'MITM ARP Spoofing': {'precision': 0.3434959349593496, 'recall': 0.4225, 'f1-score': 0.3789237668161435, 'support': 400.0}, 'Mirai': {'precision': 0.3805309734513274, 'recall': 0.86, 'f1-score': 0.5276073619631901, 'support': 400.0}, 'Scan': {'precision': 0.13548387096774195, 'recall': 0.105, 'f1-score': 0.11830985915492957, 'support': 400.0}, 'accuracy': 0.418, 'macro avg': {'precision': 0.5500534163798854, 'recall': 0.418, 'f1-score': 0.40840289642240596, 'support': 2000.0}, 'weighted avg': {'precision': 0.5500534163798855, 'recall': 0.418, 'f1-score': 0.408402896422406, 'support': 2000.0}}","[[106   0  44 147 103]
 [  0 175  43  24 158]
 [ 10   0 169 218   3]
 [  2   0  50 344   4]
 [  1   0 186 171  42]]",1.8341095447540283,0.006011486053466797
94,IoTID20,2,sigmoid,QuantileTransformer,SGD,0.355890830964289,-1,-1,78.46,46.150000000000006,13.462499999999999,36.072364026936754,37.02097225991127,-1,"{'0Normal': {'precision': 0.47277936962750716, 'recall': 0.4125, 'f1-score': 0.44058744993324434, 'support': 400.0}, 'DoS': {'precision': 0.4907521578298397, 'recall': 0.995, 'f1-score': 0.6573080099091659, 'support': 400.0}, 'MITM ARP Spoofing': {'precision': 0.4076923076923077, 'recall': 0.1325, 'f1-score': 0.2, 'support': 400.0}, 'Mirai': {'precision': 0.4323943661971831, 'recall': 0.7675, 'f1-score': 0.5531531531531532, 'support': 400.0}, 'Scan': {'precision': 0.0, 'recall': 0.0, 'f1-score': 0.0, 'support': 400.0}, 'accuracy': 0.4615, 'macro avg': {'precision': 0.36072364026936754, 'recall': 0.4615, 'f1-score': 0.37020972259911267, 'support': 2000.0}, 'weighted avg': {'precision': 0.36072364026936754, 'recall': 0.4615, 'f1-score': 0.3702097225991126, 'support': 2000.0}}","[[165 127  12  96   0]
 [  0 398   0   2   0]
 [ 55 121  53 171   0]
 [ 57  27   9 307   0]
 [ 72 138  56 134   0]]",0.006139278411865234,0.012639760971069336
95,IoTID20,2,sigmoid,QuantileTransformer,GauNB,0.32628928060158396,-1,-1,76.8,42.00000000000001,14.499999999999998,29.926789182728225,31.252258514810567,-1,"{'0Normal': {'precision': 0.7142857142857143, 'recall': 0.3875, 'f1-score': 0.5024311183144247, 'support': 400.0}, 'DoS': {'precision': 0.36231884057971014, 'recall': 1.0, 'f1-score': 0.5319148936170213, 'support': 400.0}, 'MITM ARP Spoofing': {'precision': 0.0, 'recall': 0.0, 'f1-score': 0.0, 'support': 400.0}, 'Mirai': {'precision': 0.41973490427098675, 'recall': 0.7125, 'f1-score': 0.5282669138090825, 'support': 400.0}, 'Scan': {'precision': 0.0, 'recall': 0.0, 'f1-score': 0.0, 'support': 400.0}, 'accuracy': 0.42, 'macro avg': {'precision': 0.29926789182728225, 'recall': 0.42000000000000004, 'f1-score': 0.31252258514810566, 'support': 2000.0}, 'weighted avg': {'precision': 0.29926789182728225, 'recall': 0.42, 'f1-score': 0.3125225851481057, 'support': 2000.0}}","[[155 172   0  73   0]
 [  0 400   0   0   0]
 [  6 199   0 195   0]
 [  5 110   0 285   0]
 [ 51 223   0 126   0]]",0.0011191368103027344,0.2031540870666504
96,IoTID20,2,sigmoid,QuantileTransformer,NC,0.14985826302135824,-1,-1,72.42,31.050000000000004,17.2375,46.36532660307768,27.73760747555332,-1,"{'0Normal': {'precision': 0.43089430894308944, 'recall': 0.1325, 'f1-score': 0.20267686424474188, 'support': 400.0}, 'DoS': {'precision': 0.8888888888888888, 'recall': 0.02, 'f1-score': 0.039119804400977995, 'support': 400.0}, 'MITM ARP Spoofing': {'precision': 0.40100250626566414, 'recall': 0.4, 'f1-score': 0.4005006257822278, 'support': 400.0}, 'Mirai': {'precision': 0.46266233766233766, 'recall': 0.7125, 'f1-score': 0.5610236220472441, 'support': 400.0}, 'Scan': {'precision': 0.13481828839390386, 'recall': 0.2875, 'f1-score': 0.18355945730247406, 'support': 400.0}, 'accuracy': 0.3105, 'macro avg': {'precision': 0.46365326603077683, 'recall': 0.31050000000000005, 'f1-score': 0.2773760747555332, 'support': 2000.0}, 'weighted avg': {'precision': 0.4636532660307768, 'recall': 0.3105, 'f1-score': 0.27737607475553316, 'support': 2000.0}}","[[ 53   1  36 180 130]
 [  0   8  13   2 377]
 [ 20   0 160  49 171]
 [ 24   0  31 285  60]
 [ 26   0 159 100 115]]",0.0006291866302490234,0.0075070858001708984
97,IoTID20,2,sigmoid,QuantileTransformer,RNC,0.0,-1,-1,68.0,20.0,20.0,4.0,6.666666666666667,-1,"{'0Normal': {'precision': 0.0, 'recall': 0.0, 'f1-score': 0.0, 'support': 400.0}, 'DoS': {'precision': 0.2, 'recall': 1.0, 'f1-score': 0.3333333333333333, 'support': 400.0}, 'MITM ARP Spoofing': {'precision': 0.0, 'recall': 0.0, 'f1-score': 0.0, 'support': 400.0}, 'Mirai': {'precision': 0.0, 'recall': 0.0, 'f1-score': 0.0, 'support': 400.0}, 'Scan': {'precision': 0.0, 'recall': 0.0, 'f1-score': 0.0, 'support': 400.0}, 'accuracy': 0.2, 'macro avg': {'precision': 0.04, 'recall': 0.2, 'f1-score': 0.06666666666666667, 'support': 2000.0}, 'weighted avg': {'precision': 0.04, 'recall': 0.2, 'f1-score': 0.06666666666666665, 'support': 2000.0}}","[[  0 400   0   0   0]
 [  0 400   0   0   0]
 [  0 400   0   0   0]
 [  0 400   0   0   0]
 [  0 400   0   0   0]]",0.0002777576446533203,0.011059045791625977
98,IoTID20,2,,QuantileTransformer,KNN,0.7092752798632731,-1,-1,90.68,76.7,5.825,76.27252869966438,76.3795467471043,-1,"{'0Normal': {'precision': 0.8065934065934066, 'recall': 0.9175, 'f1-score': 0.8584795321637427, 'support': 400.0}, 'DoS': {'precision': 1.0, 'recall': 0.9925, 'f1-score': 0.9962358845671268, 'support': 400.0}, 'MITM ARP Spoofing': {'precision': 0.6277777777777778, 'recall': 0.565, 'f1-score': 0.5947368421052631, 'support': 400.0}, 'Mirai': {'precision': 0.7613065326633166, 'recall': 0.7575, 'f1-score': 0.7593984962406015, 'support': 400.0}, 'Scan': {'precision': 0.617948717948718, 'recall': 0.6025, 'f1-score': 0.610126582278481, 'support': 400.0}, 'accuracy': 0.767, 'macro avg': {'precision': 0.7627252869966438, 'recall': 0.767, 'f1-score': 0.763795467471043, 'support': 2000.0}, 'weighted avg': {'precision': 0.7627252869966438, 'recall': 0.767, 'f1-score': 0.7637954674710429, 'support': 2000.0}}","[[367   0   7   6  20]
 [  1 397   0   2   0]
 [ 32   0 226  53  89]
 [ 12   0  45 303  40]
 [ 43   0  82  34 241]]",0.0037331581115722656,0.24075913429260254
99,IoTID20,2,,QuantileTransformer,LDA,0.759430945270165,-1,-1,92.28,80.69999999999999,4.825,81.20787126607439,80.81742830248402,-1,"{'0Normal': {'precision': 0.9267015706806283, 'recall': 0.885, 'f1-score': 0.9053708439897699, 'support': 400.0}, 'DoS': {'precision': 0.9900497512437811, 'recall': 0.995, 'f1-score': 0.9925187032418953, 'support': 400.0}, 'MITM ARP Spoofing': {'precision': 0.6595238095238095, 'recall': 0.6925, 'f1-score': 0.675609756097561, 'support': 400.0}, 'Mirai': {'precision': 0.7988505747126436, 'recall': 0.695, 'f1-score': 0.7433155080213903, 'support': 400.0}, 'Scan': {'precision': 0.6852678571428571, 'recall': 0.7675, 'f1-score': 0.7240566037735849, 'support': 400.0}, 'accuracy': 0.807, 'macro avg': {'precision': 0.8120787126607439, 'recall': 0.8069999999999998, 'f1-score': 0.8081742830248402, 'support': 2000.0}, 'weighted avg': {'precision': 0.812078712660744, 'recall': 0.807, 'f1-score': 0.8081742830248402, 'support': 2000.0}}","[[354   0  15   9  22]
 [  0 398   1   1   0]
 [ 10   0 277  44  69]
 [ 12   2  58 278  50]
 [  6   2  69  16 307]]",42.270379304885864,0.0075833797454833984
100,IoTID20,2,,QuantileTransformer,NuSVC,0.7806191596695456,-1,-1,92.9,82.25,4.4375,83.64069863152712,82.54782652779896,-1,"{'0Normal': {'precision': 0.9502617801047121, 'recall': 0.9075, 'f1-score': 0.928388746803069, 'support': 400.0}, 'DoS': {'precision': 0.9974874371859297, 'recall': 0.9925, 'f1-score': 0.9949874686716792, 'support': 400.0}, 'MITM ARP Spoofing': {'precision': 0.6091954022988506, 'recall': 0.795, 'f1-score': 0.6898047722342733, 'support': 400.0}, 'Mirai': {'precision': 0.8908045977011494, 'recall': 0.775, 'f1-score': 0.8288770053475936, 'support': 400.0}, 'Scan': {'precision': 0.7342857142857143, 'recall': 0.6425, 'f1-score': 0.6853333333333333, 'support': 400.0}, 'accuracy': 0.8225, 'macro avg': {'precision': 0.8364069863152711, 'recall': 0.8225, 'f1-score': 0.8254782652779896, 'support': 2000.0}, 'weighted avg': {'precision': 0.8364069863152713, 'recall': 0.8225, 'f1-score': 0.8254782652779897, 'support': 2000.0}}","[[363   1  10   4  22]
 [  3 397   0   0   0]
 [  7   0 318  23  52]
 [  7   0  64 310  19]
 [  2   0 130  11 257]]",9.907262325286865,6.755285739898682
101,IoTID20,2,,QuantileTransformer,SGD,0.6568536974570912,-1,-1,88.42,71.05000000000001,7.2375,76.59715893862236,66.22420072931632,-1,"{'0Normal': {'precision': 0.6515679442508711, 'recall': 0.935, 'f1-score': 0.7679671457905544, 'support': 400.0}, 'DoS': {'precision': 1.0, 'recall': 0.9925, 'f1-score': 0.9962358845671268, 'support': 400.0}, 'MITM ARP Spoofing': {'precision': 0.5459662288930581, 'recall': 0.7275, 'f1-score': 0.6237942122186495, 'support': 400.0}, 'Mirai': {'precision': 0.7054945054945055, 'recall': 0.8025, 'f1-score': 0.7508771929824561, 'support': 400.0}, 'Scan': {'precision': 0.926829268292683, 'recall': 0.095, 'f1-score': 0.17233560090702948, 'support': 400.0}, 'accuracy': 0.7105, 'macro avg': {'precision': 0.7659715893862236, 'recall': 0.7105000000000001, 'f1-score': 0.6622420072931632, 'support': 2000.0}, 'weighted avg': {'precision': 0.7659715893862236, 'recall': 0.7105, 'f1-score': 0.6622420072931633, 'support': 2000.0}}","[[374   0  12  13   1]
 [  2 397   0   1   0]
 [ 38   0 291  71   0]
 [ 25   0  52 321   2]
 [135   0 178  49  38]]",4.01491117477417,0.0046384334564208984
102,IoTID20,2,,QuantileTransformer,GauNB,0.504316786137686,-1,-1,81.06,52.650000000000006,11.837499999999999,76.80829307497119,49.07398629337464,-1,"{'0Normal': {'precision': 0.8421052631578947, 'recall': 0.24, 'f1-score': 0.3735408560311284, 'support': 400.0}, 'DoS': {'precision': 0.9876237623762376, 'recall': 0.9975, 'f1-score': 0.9925373134328358, 'support': 400.0}, 'MITM ARP Spoofing': {'precision': 0.7241379310344828, 'recall': 0.0525, 'f1-score': 0.0979020979020979, 'support': 400.0}, 'Mirai': {'precision': 0.9863945578231292, 'recall': 0.3625, 'f1-score': 0.5301645338208409, 'support': 400.0}, 'Scan': {'precision': 0.3001531393568147, 'recall': 0.98, 'f1-score': 0.45955451348182885, 'support': 400.0}, 'accuracy': 0.5265, 'macro avg': {'precision': 0.7680829307497119, 'recall': 0.5265000000000001, 'f1-score': 0.4907398629337464, 'support': 2000.0}, 'weighted avg': {'precision': 0.7680829307497119, 'recall': 0.5265, 'f1-score': 0.49073986293374633, 'support': 2000.0}}","[[ 96   0   1   1 302]
 [  0 399   0   1   0]
 [  7   0  21   0 372]
 [  8   3   4 145 240]
 [  3   2   3   0 392]]",0.06456208229064941,0.1313791275024414
103,IoTID20,2,,QuantileTransformer,NC,0.40701861160382313,-1,-1,80.10000000000001,50.25000000000001,12.4375,55.36840033216808,46.29394265107399,-1,"{'0Normal': {'precision': 0.7874015748031497, 'recall': 0.25, 'f1-score': 0.3795066413662239, 'support': 400.0}, 'DoS': {'precision': 0.4242749731471536, 'recall': 0.9875, 'f1-score': 0.5935386927122465, 'support': 400.0}, 'MITM ARP Spoofing': {'precision': 0.4298056155507559, 'recall': 0.4975, 'f1-score': 0.46118192352259557, 'support': 400.0}, 'Mirai': {'precision': 0.7429378531073446, 'recall': 0.6575, 'f1-score': 0.6976127320954907, 'support': 400.0}, 'Scan': {'precision': 0.384, 'recall': 0.12, 'f1-score': 0.18285714285714286, 'support': 400.0}, 'accuracy': 0.5025, 'macro avg': {'precision': 0.5536840033216808, 'recall': 0.5025000000000001, 'f1-score': 0.4629394265107399, 'support': 2000.0}, 'weighted avg': {'precision': 0.5536840033216808, 'recall': 0.5025, 'f1-score': 0.4629394265107398, 'support': 2000.0}}","[[100 134  75  55  36]
 [  1 395   2   2   0]
 [  1 173 199  10  17]
 [  3  35  75 263  24]
 [ 22 194 112  24  48]]",0.021717309951782227,0.007869482040405273
104,IoTID20,2,,QuantileTransformer,RNC,0.23507172996660938,-1,-1,72.18,30.45,17.3875,69.41448814303934,26.126731592244585,-1,"{'0Normal': {'precision': 0.8125, 'recall': 0.0975, 'f1-score': 0.17410714285714285, 'support': 400.0}, 'DoS': {'precision': 1.0, 'recall': 0.195, 'f1-score': 0.3263598326359833, 'support': 400.0}, 'MITM ARP Spoofing': {'precision': 0.639344262295082, 'recall': 0.0975, 'f1-score': 0.16919739696312364, 'support': 400.0}, 'Mirai': {'precision': 0.22369942196531792, 'recall': 0.9675, 'f1-score': 0.36338028169014086, 'support': 400.0}, 'Scan': {'precision': 0.7951807228915663, 'recall': 0.165, 'f1-score': 0.2732919254658385, 'support': 400.0}, 'accuracy': 0.3045, 'macro avg': {'precision': 0.6941448814303933, 'recall': 0.3045, 'f1-score': 0.26126731592244584, 'support': 2000.0}, 'weighted avg': {'precision': 0.6941448814303933, 'recall': 0.3045, 'f1-score': 0.2612673159224458, 'support': 2000.0}}","[[ 39   0   0 361   0]
 [  0  78   0 322   0]
 [  1   0  39 346  14]
 [  0   0  10 387   3]
 [  8   0  12 314  66]]",0.0037522315979003906,0.23116588592529297
