,Data Type,Poly,Kernel,SCALER,Model,MCC,NDR,AUC_N,ACC,TPR Macro,FPR,PPV Macro,F1 Macro,AUC,CLS Report,CFS Matrix,Training time,Test time
0,N_BaIoT,0,rbf,QuantileTransformer,KNFST,0.9512559453682379,-1,-1,99.03703703703704,95.66666666666666,0.5416666666666667,95.66081562244568,95.66130873682943,-1,"{'0Normal': {'precision': 0.9852216748768473, 'recall': 1.0, 'f1-score': 0.9925558312655087, 'support': 200.0}, 'ack': {'precision': 0.9950248756218906, 'recall': 1.0, 'f1-score': 0.9975062344139651, 'support': 200.0}, 'combo': {'precision': 1.0, 'recall': 0.995, 'f1-score': 0.9974937343358395, 'support': 200.0}, 'junk': {'precision': 0.995, 'recall': 0.995, 'f1-score': 0.995, 'support': 200.0}, 'scan': {'precision': 1.0, 'recall': 0.98, 'f1-score': 0.98989898989899, 'support': 200.0}, 'syn': {'precision': 0.9900990099009901, 'recall': 1.0, 'f1-score': 0.9950248756218906, 'support': 200.0}, 'tcp': {'precision': 0.8208955223880597, 'recall': 0.825, 'f1-score': 0.8229426433915212, 'support': 200.0}, 'udp': {'precision': 0.8232323232323232, 'recall': 0.815, 'f1-score': 0.8190954773869347, 'support': 200.0}, 'udpplain': {'precision': 1.0, 'recall': 1.0, 'f1-score': 1.0, 'support': 200.0}, 'accuracy': 0.9566666666666667, 'macro avg': {'precision': 0.9566081562244568, 'recall': 0.9566666666666666, 'f1-score': 0.9566130873682943, 'support': 1800.0}, 'weighted avg': {'precision': 0.9566081562244567, 'recall': 0.9566666666666667, 'f1-score': 0.9566130873682944, 'support': 1800.0}}","[[200   0   0   0   0   0   0   0   0]
 [  0 200   0   0   0   0   0   0   0]
 [  0   0 199   1   0   0   0   0   0]
 [  1   0   0 199   0   0   0   0   0]
 [  2   0   0   0 196   2   0   0   0]
 [  0   0   0   0   0 200   0   0   0]
 [  0   0   0   0   0   0 165  35   0]
 [  0   1   0   0   0   0  36 163   0]
 [  0   0   0   0   0   0   0   0 200]]",112.29497694969177,0.3643651008605957
1,N_BaIoT,0,rbf,QuantileTransformer,KNN,0.9689091429392384,-1,-1,99.38271604938271,97.22222222222221,0.3472222222222222,97.35986519369439,97.22654646514232,-1,"{'0Normal': {'precision': 0.9898477157360406, 'recall': 0.975, 'f1-score': 0.982367758186398, 'support': 200.0}, 'ack': {'precision': 0.9560975609756097, 'recall': 0.98, 'f1-score': 0.9679012345679012, 'support': 200.0}, 'combo': {'precision': 0.9899497487437185, 'recall': 0.985, 'f1-score': 0.9874686716791979, 'support': 200.0}, 'junk': {'precision': 0.9800995024875622, 'recall': 0.985, 'f1-score': 0.9825436408977556, 'support': 200.0}, 'scan': {'precision': 0.99, 'recall': 0.99, 'f1-score': 0.99, 'support': 200.0}, 'syn': {'precision': 0.9950248756218906, 'recall': 1.0, 'f1-score': 0.9975062344139651, 'support': 200.0}, 'tcp': {'precision': 1.0, 'recall': 0.88, 'f1-score': 0.9361702127659575, 'support': 200.0}, 'udp': {'precision': 0.8761467889908257, 'recall': 0.955, 'f1-score': 0.9138755980861244, 'support': 200.0}, 'udpplain': {'precision': 0.9852216748768473, 'recall': 1.0, 'f1-score': 0.9925558312655087, 'support': 200.0}, 'accuracy': 0.9722222222222222, 'macro avg': {'precision': 0.9735986519369438, 'recall': 0.9722222222222222, 'f1-score': 0.9722654646514233, 'support': 1800.0}, 'weighted avg': {'precision': 0.9735986519369438, 'recall': 0.9722222222222222, 'f1-score': 0.9722654646514232, 'support': 1800.0}}","[[195   0   0   3   2   0   0   0   0]
 [  0 196   0   0   0   0   0   3   1]
 [  0   0 197   1   0   1   0   0   1]
 [  1   0   2 197   0   0   0   0   0]
 [  1   0   0   0 198   0   0   0   1]
 [  0   0   0   0   0 200   0   0   0]
 [  0   0   0   0   0   0 176  24   0]
 [  0   9   0   0   0   0   0 191   0]
 [  0   0   0   0   0   0   0   0 200]]",0.0004923343658447266,0.01292562484741211
2,N_BaIoT,0,rbf,QuantileTransformer,LDA,0.8933870686836799,-1,-1,97.85185185185186,90.33333333333334,1.2083333333333333,90.67024526907558,89.70711725447562,-1,"{'0Normal': {'precision': 0.9949748743718593, 'recall': 0.99, 'f1-score': 0.9924812030075187, 'support': 200.0}, 'ack': {'precision': 0.84688995215311, 'recall': 0.885, 'f1-score': 0.8655256723716381, 'support': 200.0}, 'combo': {'precision': 0.9024390243902439, 'recall': 0.925, 'f1-score': 0.9135802469135802, 'support': 200.0}, 'junk': {'precision': 0.9470899470899471, 'recall': 0.895, 'f1-score': 0.9203084832904884, 'support': 200.0}, 'scan': {'precision': 0.9850746268656716, 'recall': 0.99, 'f1-score': 0.9875311720698254, 'support': 200.0}, 'syn': {'precision': 1.0, 'recall': 0.99, 'f1-score': 0.9949748743718593, 'support': 200.0}, 'tcp': {'precision': 0.7194244604316546, 'recall': 1.0, 'f1-score': 0.8368200836820083, 'support': 200.0}, 'udp': {'precision': 0.7982456140350878, 'recall': 0.455, 'f1-score': 0.5796178343949044, 'support': 200.0}, 'udpplain': {'precision': 0.966183574879227, 'recall': 1.0, 'f1-score': 0.9828009828009828, 'support': 200.0}, 'accuracy': 0.9033333333333333, 'macro avg': {'precision': 0.9067024526907558, 'recall': 0.9033333333333334, 'f1-score': 0.8970711725447562, 'support': 1800.0}, 'weighted avg': {'precision': 0.9067024526907559, 'recall': 0.9033333333333333, 'f1-score': 0.8970711725447562, 'support': 1800.0}}","[[198   1   0   0   1   0   0   0   0]
 [  0 177   0   0   0   0   0  23   0]
 [  0   0 185  10   0   0   0   0   5]
 [  0   0  20 179   0   0   0   0   1]
 [  1   0   0   0 198   0   0   0   1]
 [  0   0   0   0   2 198   0   0   0]
 [  0   0   0   0   0   0 200   0   0]
 [  0  31   0   0   0   0  78  91   0]
 [  0   0   0   0   0   0   0   0 200]]",0.031827688217163086,0.00041794776916503906
3,N_BaIoT,0,rbf,QuantileTransformer,SGD,0.8055448438038244,-1,-1,95.85185185185185,81.33333333333333,2.3333333333333335,79.04044828844339,78.57521207479752,-1,"{'0Normal': {'precision': 0.9900497512437811, 'recall': 0.995, 'f1-score': 0.9925187032418953, 'support': 200.0}, 'ack': {'precision': 0.9949748743718593, 'recall': 0.99, 'f1-score': 0.9924812030075187, 'support': 200.0}, 'combo': {'precision': 0.9049773755656109, 'recall': 1.0, 'f1-score': 0.9501187648456056, 'support': 200.0}, 'junk': {'precision': 1.0, 'recall': 0.88, 'f1-score': 0.9361702127659575, 'support': 200.0}, 'scan': {'precision': 0.38, 'recall': 0.855, 'f1-score': 0.5261538461538462, 'support': 200.0}, 'syn': {'precision': 0.8728070175438597, 'recall': 0.995, 'f1-score': 0.9299065420560748, 'support': 200.0}, 'tcp': {'precision': 0.0, 'recall': 0.0, 'f1-score': 0.0, 'support': 200.0}, 'udp': {'precision': 0.9758064516129032, 'recall': 0.605, 'f1-score': 0.7469135802469136, 'support': 200.0}, 'udpplain': {'precision': 0.9950248756218906, 'recall': 1.0, 'f1-score': 0.9975062344139651, 'support': 200.0}, 'accuracy': 0.8133333333333334, 'macro avg': {'precision': 0.7904044828844339, 'recall': 0.8133333333333334, 'f1-score': 0.7857521207479752, 'support': 1800.0}, 'weighted avg': {'precision': 0.7904044828844339, 'recall': 0.8133333333333334, 'f1-score': 0.7857521207479753, 'support': 1800.0}}","[[199   0   0   0   1   0   0   0   0]
 [  0 198   0   0   0   1   0   1   0]
 [  0   0 200   0   0   0   0   0   0]
 [  1   0  21 176   0   1   0   1   0]
 [  1   0   0   0 171  27   0   0   1]
 [  0   0   0   0   0 199   0   1   0]
 [  0   0   0   0 200   0   0   0   0]
 [  0   1   0   0  78   0   0 121   0]
 [  0   0   0   0   0   0   0   0 200]]",0.16759753227233887,0.0004286766052246094
4,N_BaIoT,0,rbf,QuantileTransformer,GauNB,0.7230110392507432,-1,-1,94.4320987654321,74.94444444444446,3.131944444444444,79.4930785287381,74.80979597224804,-1,"{'0Normal': {'precision': 0.9845360824742269, 'recall': 0.955, 'f1-score': 0.9695431472081218, 'support': 200.0}, 'ack': {'precision': 0.6770833333333334, 'recall': 0.65, 'f1-score': 0.6632653061224489, 'support': 200.0}, 'combo': {'precision': 0.6363636363636364, 'recall': 0.98, 'f1-score': 0.7716535433070866, 'support': 200.0}, 'junk': {'precision': 0.9560439560439561, 'recall': 0.435, 'f1-score': 0.5979381443298969, 'support': 200.0}, 'scan': {'precision': 0.945054945054945, 'recall': 0.86, 'f1-score': 0.900523560209424, 'support': 200.0}, 'syn': {'precision': 1.0, 'recall': 0.99, 'f1-score': 0.9949748743718593, 'support': 200.0}, 'tcp': {'precision': 0.7194244604316546, 'recall': 1.0, 'f1-score': 0.8368200836820083, 'support': 200.0}, 'udp': {'precision': 0.25311203319502074, 'recall': 0.305, 'f1-score': 0.2766439909297052, 'support': 200.0}, 'udpplain': {'precision': 0.9827586206896551, 'recall': 0.57, 'f1-score': 0.7215189873417721, 'support': 200.0}, 'accuracy': 0.7494444444444445, 'macro avg': {'precision': 0.7949307852873809, 'recall': 0.7494444444444446, 'f1-score': 0.7480979597224804, 'support': 1800.0}, 'weighted avg': {'precision': 0.7949307852873808, 'recall': 0.7494444444444445, 'f1-score': 0.7480979597224803, 'support': 1800.0}}","[[191   0   0   0   7   0   0   2   0]
 [  0 130   0   0   1   0   0  69   0]
 [  0   0 196   4   0   0   0   0   0]
 [  1   0 112  87   0   0   0   0   0]
 [  2   0   0   0 172   0   0  24   2]
 [  0   0   0   0   2 198   0   0   0]
 [  0   0   0   0   0   0 200   0   0]
 [  0  61   0   0   0   0  78  61   0]
 [  0   1   0   0   0   0   0  85 114]]",0.0032973289489746094,0.003253936767578125
5,N_BaIoT,0,rbf,QuantileTransformer,NC,0.42882201928640923,-1,-1,88.13580246913581,46.6111111111111,6.673611111111111,35.02213142804867,36.83923363651482,-1,"{'0Normal': {'precision': 0.6339622641509434, 'recall': 0.84, 'f1-score': 0.7225806451612903, 'support': 200.0}, 'ack': {'precision': 0.0, 'recall': 0.0, 'f1-score': 0.0, 'support': 200.0}, 'combo': {'precision': 0.896, 'recall': 0.56, 'f1-score': 0.6892307692307692, 'support': 200.0}, 'junk': {'precision': 0.30658105939004815, 'recall': 0.955, 'f1-score': 0.4641555285540705, 'support': 200.0}, 'scan': {'precision': 0.3511627906976744, 'recall': 0.755, 'f1-score': 0.4793650793650794, 'support': 200.0}, 'syn': {'precision': 0.0, 'recall': 0.0, 'f1-score': 0.0, 'support': 200.0}, 'tcp': {'precision': 0.7142857142857143, 'recall': 1.0, 'f1-score': 0.8333333333333334, 'support': 200.0}, 'udp': {'precision': 0.0, 'recall': 0.0, 'f1-score': 0.0, 'support': 200.0}, 'udpplain': {'precision': 0.25, 'recall': 0.085, 'f1-score': 0.12686567164179105, 'support': 200.0}, 'accuracy': 0.4661111111111111, 'macro avg': {'precision': 0.3502213142804867, 'recall': 0.46611111111111103, 'f1-score': 0.3683923363651482, 'support': 1800.0}, 'weighted avg': {'precision': 0.3502213142804867, 'recall': 0.4661111111111111, 'f1-score': 0.3683923363651482, 'support': 1800.0}}","[[168   6   0   5  11   2   0   0   8]
 [  0   0   0 131  69   0   0   0   0]
 [  0   0 112  88   0   0   0   0   0]
 [  1   0   8 191   0   0   0   0   0]
 [  4   0   0   0 151   0   2   0  43]
 [  0   0   0 128  72   0   0   0   0]
 [  0   0   0   0   0   0 200   0   0]
 [  0   1   0  80  41   0  78   0   0]
 [ 92   0   5   0  86   0   0   0  17]]",0.0010788440704345703,0.05600738525390625
6,N_BaIoT,0,rbf,QuantileTransformer,RNC,0.6543317012122375,-1,-1,92.32098765432099,65.44444444444444,4.319444444444445,88.75824071925256,68.15129660988669,-1,"{'0Normal': {'precision': 0.26881720430107525, 'recall': 1.0, 'f1-score': 0.423728813559322, 'support': 200.0}, 'ack': {'precision': 1.0, 'recall': 0.4, 'f1-score': 0.5714285714285714, 'support': 200.0}, 'combo': {'precision': 1.0, 'recall': 0.46, 'f1-score': 0.6301369863013698, 'support': 200.0}, 'junk': {'precision': 1.0, 'recall': 0.765, 'f1-score': 0.8668555240793201, 'support': 200.0}, 'scan': {'precision': 1.0, 'recall': 0.8, 'f1-score': 0.8888888888888888, 'support': 200.0}, 'syn': {'precision': 1.0, 'recall': 0.7, 'f1-score': 0.8235294117647058, 'support': 200.0}, 'tcp': {'precision': 0.7194244604316546, 'recall': 1.0, 'f1-score': 0.8368200836820083, 'support': 200.0}, 'udp': {'precision': 1.0, 'recall': 0.285, 'f1-score': 0.44357976653696496, 'support': 200.0}, 'udpplain': {'precision': 1.0, 'recall': 0.48, 'f1-score': 0.6486486486486487, 'support': 200.0}, 'accuracy': 0.6544444444444445, 'macro avg': {'precision': 0.8875824071925256, 'recall': 0.6544444444444445, 'f1-score': 0.6815129660988668, 'support': 1800.0}, 'weighted avg': {'precision': 0.8875824071925255, 'recall': 0.6544444444444445, 'f1-score': 0.6815129660988667, 'support': 1800.0}}","[[200   0   0   0   0   0   0   0   0]
 [120  80   0   0   0   0   0   0   0]
 [108   0  92   0   0   0   0   0   0]
 [ 47   0   0 153   0   0   0   0   0]
 [ 40   0   0   0 160   0   0   0   0]
 [ 60   0   0   0   0 140   0   0   0]
 [  0   0   0   0   0   0 200   0   0]
 [ 65   0   0   0   0   0  78  57   0]
 [104   0   0   0   0   0   0   0  96]]",0.00040459632873535156,0.013903379440307617
7,N_BaIoT,0,poly,QuantileTransformer,KNN,0.9701108280189822,-1,-1,99.4074074074074,97.33333333333333,0.33333333333333337,97.43742070792875,97.34044149164691,-1,"{'0Normal': {'precision': 0.985, 'recall': 0.985, 'f1-score': 0.985, 'support': 200.0}, 'ack': {'precision': 0.9560975609756097, 'recall': 0.98, 'f1-score': 0.9679012345679012, 'support': 200.0}, 'combo': {'precision': 0.9948186528497409, 'recall': 0.96, 'f1-score': 0.9770992366412213, 'support': 200.0}, 'junk': {'precision': 0.9658536585365853, 'recall': 0.99, 'f1-score': 0.9777777777777777, 'support': 200.0}, 'scan': {'precision': 0.99, 'recall': 0.99, 'f1-score': 0.99, 'support': 200.0}, 'syn': {'precision': 0.9950248756218906, 'recall': 1.0, 'f1-score': 0.9975062344139651, 'support': 200.0}, 'tcp': {'precision': 1.0, 'recall': 0.905, 'f1-score': 0.9501312335958005, 'support': 200.0}, 'udp': {'precision': 0.8925233644859814, 'recall': 0.955, 'f1-score': 0.9227053140096618, 'support': 200.0}, 'udpplain': {'precision': 0.9900497512437811, 'recall': 0.995, 'f1-score': 0.9925187032418953, 'support': 200.0}, 'accuracy': 0.9733333333333334, 'macro avg': {'precision': 0.9743742070792876, 'recall': 0.9733333333333333, 'f1-score': 0.9734044149164691, 'support': 1800.0}, 'weighted avg': {'precision': 0.9743742070792876, 'recall': 0.9733333333333334, 'f1-score': 0.9734044149164692, 'support': 1800.0}}","[[197   0   0   1   2   0   0   0   0]
 [  0 196   0   0   0   0   0   3   1]
 [  0   0 192   6   0   1   0   0   1]
 [  1   0   1 198   0   0   0   0   0]
 [  2   0   0   0 198   0   0   0   0]
 [  0   0   0   0   0 200   0   0   0]
 [  0   0   0   0   0   0 181  19   0]
 [  0   9   0   0   0   0   0 191   0]
 [  0   0   0   0   0   0   0   1 199]]",0.0006442070007324219,0.022369384765625
8,N_BaIoT,0,poly,QuantileTransformer,LDA,0.8860146929468689,-1,-1,97.70370370370371,89.66666666666667,1.2916666666666667,90.22602817651166,89.10156347612327,-1,"{'0Normal': {'precision': 0.9899497487437185, 'recall': 0.985, 'f1-score': 0.9874686716791979, 'support': 200.0}, 'ack': {'precision': 0.7927927927927928, 'recall': 0.88, 'f1-score': 0.8341232227488151, 'support': 200.0}, 'combo': {'precision': 0.8853211009174312, 'recall': 0.965, 'f1-score': 0.9234449760765551, 'support': 200.0}, 'junk': {'precision': 0.9775280898876404, 'recall': 0.87, 'f1-score': 0.9206349206349206, 'support': 200.0}, 'scan': {'precision': 0.9850746268656716, 'recall': 0.99, 'f1-score': 0.9875311720698254, 'support': 200.0}, 'syn': {'precision': 1.0, 'recall': 0.995, 'f1-score': 0.9974937343358395, 'support': 200.0}, 'tcp': {'precision': 0.7194244604316546, 'recall': 1.0, 'f1-score': 0.8368200836820083, 'support': 200.0}, 'udp': {'precision': 0.7913043478260869, 'recall': 0.455, 'f1-score': 0.5777777777777777, 'support': 200.0}, 'udpplain': {'precision': 0.9789473684210527, 'recall': 0.93, 'f1-score': 0.9538461538461539, 'support': 200.0}, 'accuracy': 0.8966666666666666, 'macro avg': {'precision': 0.9022602817651166, 'recall': 0.8966666666666667, 'f1-score': 0.8910156347612327, 'support': 1800.0}, 'weighted avg': {'precision': 0.9022602817651165, 'recall': 0.8966666666666666, 'f1-score': 0.8910156347612326, 'support': 1800.0}}","[[197   1   0   0   2   0   0   0   0]
 [  0 176   0   0   0   0   0  24   0]
 [  0   0 193   4   0   0   0   0   3]
 [  1   0  25 174   0   0   0   0   0]
 [  1   0   0   0 198   0   0   0   1]
 [  0   0   0   0   1 199   0   0   0]
 [  0   0   0   0   0   0 200   0   0]
 [  0  31   0   0   0   0  78  91   0]
 [  0  14   0   0   0   0   0   0 186]]",0.025919198989868164,0.000774383544921875
9,N_BaIoT,0,poly,QuantileTransformer,SGD,0.8185237889809613,-1,-1,96.04938271604938,82.22222222222223,2.2222222222222223,80.23759756894245,78.8392241197829,-1,"{'0Normal': {'precision': 0.9900497512437811, 'recall': 0.995, 'f1-score': 0.9925187032418953, 'support': 200.0}, 'ack': {'precision': 0.8695652173913043, 'recall': 1.0, 'f1-score': 0.9302325581395349, 'support': 200.0}, 'combo': {'precision': 0.9851485148514851, 'recall': 0.995, 'f1-score': 0.9900497512437811, 'support': 200.0}, 'junk': {'precision': 0.98989898989899, 'recall': 0.98, 'f1-score': 0.9849246231155779, 'support': 200.0}, 'scan': {'precision': 0.4129979035639413, 'recall': 0.985, 'f1-score': 0.5819793205317577, 'support': 200.0}, 'syn': {'precision': 1.0, 'recall': 0.99, 'f1-score': 0.9949748743718593, 'support': 200.0}, 'tcp': {'precision': 0.0, 'recall': 0.0, 'f1-score': 0.0, 'support': 200.0}, 'udp': {'precision': 0.9787234042553191, 'recall': 0.46, 'f1-score': 0.6258503401360545, 'support': 200.0}, 'udpplain': {'precision': 0.995, 'recall': 0.995, 'f1-score': 0.995, 'support': 200.0}, 'accuracy': 0.8222222222222222, 'macro avg': {'precision': 0.8023759756894245, 'recall': 0.8222222222222223, 'f1-score': 0.788392241197829, 'support': 1800.0}, 'weighted avg': {'precision': 0.8023759756894245, 'recall': 0.8222222222222222, 'f1-score': 0.788392241197829, 'support': 1800.0}}","[[199   0   0   0   1   0   0   0   0]
 [  0 200   0   0   0   0   0   0   0]
 [  0   0 199   1   0   0   0   0   0]
 [  1   0   3 196   0   0   0   0   0]
 [  1   0   0   0 197   0   0   1   1]
 [  0   0   0   0   1 198   0   1   0]
 [  0   0   0   0 200   0   0   0   0]
 [  0  29   0   1  78   0   0  92   0]
 [  0   1   0   0   0   0   0   0 199]]",0.1444716453552246,0.00041985511779785156
10,N_BaIoT,0,poly,QuantileTransformer,GauNB,0.7124218278262845,-1,-1,94.22222222222221,74.0,3.25,78.67461111046588,73.79969773527628,-1,"{'0Normal': {'precision': 0.9845360824742269, 'recall': 0.955, 'f1-score': 0.9695431472081218, 'support': 200.0}, 'ack': {'precision': 0.6274509803921569, 'recall': 0.64, 'f1-score': 0.6336633663366337, 'support': 200.0}, 'combo': {'precision': 0.6334405144694534, 'recall': 0.985, 'f1-score': 0.7710371819960861, 'support': 200.0}, 'junk': {'precision': 0.9659090909090909, 'recall': 0.425, 'f1-score': 0.5902777777777778, 'support': 200.0}, 'scan': {'precision': 0.9508196721311475, 'recall': 0.87, 'f1-score': 0.9086161879895561, 'support': 200.0}, 'syn': {'precision': 1.0, 'recall': 0.985, 'f1-score': 0.9924433249370277, 'support': 200.0}, 'tcp': {'precision': 0.7194244604316546, 'recall': 1.0, 'f1-score': 0.8368200836820083, 'support': 200.0}, 'udp': {'precision': 0.19913419913419914, 'recall': 0.23, 'f1-score': 0.21345707656612528, 'support': 200.0}, 'udpplain': {'precision': 1.0, 'recall': 0.57, 'f1-score': 0.7261146496815286, 'support': 200.0}, 'accuracy': 0.74, 'macro avg': {'precision': 0.7867461111046588, 'recall': 0.74, 'f1-score': 0.7379969773527628, 'support': 1800.0}, 'weighted avg': {'precision': 0.7867461111046588, 'recall': 0.74, 'f1-score': 0.7379969773527629, 'support': 1800.0}}","[[191   0   0   0   7   0   0   2   0]
 [  0 128   0   0   0   0   0  72   0]
 [  0   0 197   3   0   0   0   0   0]
 [  1   0 114  85   0   0   0   0   0]
 [  2   0   0   0 174   0   0  24   0]
 [  0   0   0   0   2 197   0   1   0]
 [  0   0   0   0   0   0 200   0   0]
 [  0  76   0   0   0   0  78  46   0]
 [  0   0   0   0   0   0   0  86 114]]",0.0032320022583007812,0.0030303001403808594
11,N_BaIoT,0,poly,QuantileTransformer,NC,0.49556323010878595,-1,-1,89.41975308641975,52.388888888888886,5.951388888888888,50.229088855218194,45.39422065273863,-1,"{'0Normal': {'precision': 0.9882352941176471, 'recall': 0.84, 'f1-score': 0.9081081081081082, 'support': 200.0}, 'ack': {'precision': 0.5555555555555556, 'recall': 0.05, 'f1-score': 0.09174311926605505, 'support': 200.0}, 'combo': {'precision': 0.923728813559322, 'recall': 0.545, 'f1-score': 0.6855345911949685, 'support': 200.0}, 'junk': {'precision': 0.31311475409836065, 'recall': 0.955, 'f1-score': 0.47160493827160493, 'support': 200.0}, 'scan': {'precision': 0.3471264367816092, 'recall': 0.755, 'f1-score': 0.4755905511811024, 'support': 200.0}, 'syn': {'precision': 0.0, 'recall': 0.0, 'f1-score': 0.0, 'support': 200.0}, 'tcp': {'precision': 0.7142857142857143, 'recall': 1.0, 'f1-score': 0.8333333333333334, 'support': 200.0}, 'udp': {'precision': 0.0, 'recall': 0.0, 'f1-score': 0.0, 'support': 200.0}, 'udpplain': {'precision': 0.6785714285714286, 'recall': 0.57, 'f1-score': 0.6195652173913043, 'support': 200.0}, 'accuracy': 0.5238888888888888, 'macro avg': {'precision': 0.502290888552182, 'recall': 0.5238888888888888, 'f1-score': 0.4539422065273863, 'support': 1800.0}, 'weighted avg': {'precision': 0.5022908885521821, 'recall': 0.5238888888888888, 'f1-score': 0.45394220652738637, 'support': 1800.0}}","[[168   4   1   5  16   1   0   0   5]
 [  0  10   0 121  69   0   0   0   0]
 [  0   0 109  88   0   0   0   0   3]
 [  1   0   8 191   0   0   0   0   0]
 [  1   0   0   0 151   0   2   0  46]
 [  0   0   0 128  72   0   0   0   0]
 [  0   0   0   0   0   0 200   0   0]
 [  0   4   0  77  41   0  78   0   0]
 [  0   0   0   0  86   0   0   0 114]]",0.0010957717895507812,0.0005862712860107422
12,N_BaIoT,0,poly,QuantileTransformer,RNC,0.5608298738819747,-1,-1,90.44444444444444,57.00000000000001,5.375,85.13593438064737,58.06087603422064,-1,"{'0Normal': {'precision': 0.2574002574002574, 'recall': 1.0, 'f1-score': 0.4094165813715456, 'support': 200.0}, 'ack': {'precision': 1.0, 'recall': 0.4, 'f1-score': 0.5714285714285714, 'support': 200.0}, 'combo': {'precision': 1.0, 'recall': 0.34, 'f1-score': 0.5074626865671642, 'support': 200.0}, 'junk': {'precision': 1.0, 'recall': 0.71, 'f1-score': 0.8304093567251462, 'support': 200.0}, 'scan': {'precision': 1.0, 'recall': 0.8, 'f1-score': 0.8888888888888888, 'support': 200.0}, 'syn': {'precision': 1.0, 'recall': 0.71, 'f1-score': 0.8304093567251462, 'support': 200.0}, 'tcp': {'precision': 1.0, 'recall': 0.015, 'f1-score': 0.029556650246305417, 'support': 200.0}, 'udp': {'precision': 0.40483383685800606, 'recall': 0.67, 'f1-score': 0.504708097928437, 'support': 200.0}, 'udpplain': {'precision': 1.0, 'recall': 0.485, 'f1-score': 0.6531986531986532, 'support': 200.0}, 'accuracy': 0.57, 'macro avg': {'precision': 0.8513593438064737, 'recall': 0.5700000000000001, 'f1-score': 0.5806087603422064, 'support': 1800.0}, 'weighted avg': {'precision': 0.8513593438064737, 'recall': 0.57, 'f1-score': 0.5806087603422064, 'support': 1800.0}}","[[200   0   0   0   0   0   0   0   0]
 [120  80   0   0   0   0   0   0   0]
 [132   0  68   0   0   0   0   0   0]
 [ 58   0   0 142   0   0   0   0   0]
 [ 40   0   0   0 160   0   0   0   0]
 [ 58   0   0   0   0 142   0   0   0]
 [  0   0   0   0   0   0   3 197   0]
 [ 66   0   0   0   0   0   0 134   0]
 [103   0   0   0   0   0   0   0  97]]",0.0005080699920654297,0.051972150802612305
13,N_BaIoT,0,linear,QuantileTransformer,KNN,0.7595192909808315,-1,-1,95.01234567901234,77.55555555555556,2.8055555555555554,74.0099766326816,74.83980745944906,-1,"{'0Normal': {'precision': 0.9162303664921466, 'recall': 0.875, 'f1-score': 0.8951406649616368, 'support': 200.0}, 'ack': {'precision': 0.8159203980099502, 'recall': 0.82, 'f1-score': 0.8179551122194514, 'support': 200.0}, 'combo': {'precision': 0.9166666666666666, 'recall': 0.825, 'f1-score': 0.868421052631579, 'support': 200.0}, 'junk': {'precision': 0.8190045248868778, 'recall': 0.905, 'f1-score': 0.8598574821852731, 'support': 200.0}, 'scan': {'precision': 0.9242424242424242, 'recall': 0.915, 'f1-score': 0.9195979899497487, 'support': 200.0}, 'syn': {'precision': 0.9595959595959596, 'recall': 0.95, 'f1-score': 0.9547738693467337, 'support': 200.0}, 'tcp': {'precision': 0.0, 'recall': 0.0, 'f1-score': 0.0, 'support': 200.0}, 'udp': {'precision': 0.3947990543735225, 'recall': 0.835, 'f1-score': 0.536115569823435, 'support': 200.0}, 'udpplain': {'precision': 0.9144385026737968, 'recall': 0.855, 'f1-score': 0.8837209302325582, 'support': 200.0}, 'accuracy': 0.7755555555555556, 'macro avg': {'precision': 0.7400997663268161, 'recall': 0.7755555555555556, 'f1-score': 0.7483980745944906, 'support': 1800.0}, 'weighted avg': {'precision': 0.7400997663268161, 'recall': 0.7755555555555556, 'f1-score': 0.7483980745944907, 'support': 1800.0}}","[[175   0   0   7   6   2   0   4   6]
 [  0 164   0   0   0   0   0  28   8]
 [  0   0 165  31   0   3   0   0   1]
 [  1   0  15 181   0   3   0   0   0]
 [ 15   0   0   1 183   0   1   0   0]
 [  0   0   0   1   9 190   0   0   0]
 [  0   0   0   0   0   0   0 200   0]
 [  0  32   0   0   0   0   0 167   1]
 [  0   5   0   0   0   0   0  24 171]]",0.0003533363342285156,0.0025157928466796875
14,N_BaIoT,0,linear,QuantileTransformer,LDA,0.7723606437720535,-1,-1,95.43209876543209,79.44444444444446,2.569444444444444,81.64101481617374,78.82432422279871,-1,"{'0Normal': {'precision': 0.9947368421052631, 'recall': 0.945, 'f1-score': 0.9692307692307692, 'support': 200.0}, 'ack': {'precision': 0.6719367588932806, 'recall': 0.85, 'f1-score': 0.7505518763796909, 'support': 200.0}, 'combo': {'precision': 0.8301886792452831, 'recall': 0.88, 'f1-score': 0.8543689320388349, 'support': 200.0}, 'junk': {'precision': 0.8723404255319149, 'recall': 0.82, 'f1-score': 0.845360824742268, 'support': 200.0}, 'scan': {'precision': 0.9805825242718447, 'recall': 0.505, 'f1-score': 0.6666666666666666, 'support': 200.0}, 'syn': {'precision': 0.7452471482889734, 'recall': 0.98, 'f1-score': 0.8466522678185745, 'support': 200.0}, 'tcp': {'precision': 0.7194244604316546, 'recall': 1.0, 'f1-score': 0.8368200836820083, 'support': 200.0}, 'udp': {'precision': 0.5614035087719298, 'recall': 0.48, 'f1-score': 0.5175202156334232, 'support': 200.0}, 'udpplain': {'precision': 0.971830985915493, 'recall': 0.69, 'f1-score': 0.8070175438596491, 'support': 200.0}, 'accuracy': 0.7944444444444444, 'macro avg': {'precision': 0.8164101481617374, 'recall': 0.7944444444444445, 'f1-score': 0.7882432422279871, 'support': 1800.0}, 'weighted avg': {'precision': 0.8164101481617375, 'recall': 0.7944444444444444, 'f1-score': 0.7882432422279873, 'support': 1800.0}}","[[189   1   1   0   2   0   0   5   2]
 [  0 170   0   0   0   0   0  30   0]
 [  0   0 176  24   0   0   0   0   0]
 [  1   0  35 164   0   0   0   0   0]
 [  0   0   0   0 101  61   0  36   2]
 [  0   0   0   0   0 196   0   4   0]
 [  0   0   0   0   0   0 200   0   0]
 [  0  20   0   0   0   6  78  96   0]
 [  0  62   0   0   0   0   0   0 138]]",0.009783029556274414,0.027107954025268555
15,N_BaIoT,0,linear,QuantileTransformer,SGD,0.625402975042412,-1,-1,91.71604938271605,62.722222222222214,4.659722222222222,75.38784029552131,62.97423749770217,-1,"{'0Normal': {'precision': 0.9895833333333334, 'recall': 0.95, 'f1-score': 0.9693877551020408, 'support': 200.0}, 'ack': {'precision': 0.9230769230769231, 'recall': 0.48, 'f1-score': 0.631578947368421, 'support': 200.0}, 'combo': {'precision': 0.9809523809523809, 'recall': 0.515, 'f1-score': 0.6754098360655738, 'support': 200.0}, 'junk': {'precision': 0.6793103448275862, 'recall': 0.985, 'f1-score': 0.8040816326530612, 'support': 200.0}, 'scan': {'precision': 0.9902912621359223, 'recall': 0.51, 'f1-score': 0.6732673267326733, 'support': 200.0}, 'syn': {'precision': 0.9701492537313433, 'recall': 0.65, 'f1-score': 0.7784431137724551, 'support': 200.0}, 'tcp': {'precision': 0.0, 'recall': 0.0, 'f1-score': 0.0, 'support': 200.0}, 'udp': {'precision': 0.26023778071334214, 'recall': 0.985, 'f1-score': 0.4117032392894462, 'support': 200.0}, 'udpplain': {'precision': 0.991304347826087, 'recall': 0.57, 'f1-score': 0.7238095238095238, 'support': 200.0}, 'accuracy': 0.6272222222222222, 'macro avg': {'precision': 0.7538784029552131, 'recall': 0.6272222222222221, 'f1-score': 0.6297423749770217, 'support': 1800.0}, 'weighted avg': {'precision': 0.7538784029552131, 'recall': 0.6272222222222222, 'f1-score': 0.6297423749770217, 'support': 1800.0}}","[[190   0   0   3   1   0   0   6   0]
 [  0  96   0   0   0   0   0 104   0]
 [  0   0 103  90   0   1   0   6   0]
 [  1   0   2 197   0   0   0   0   0]
 [  1   0   0   0 102   2   0  94   1]
 [  0   0   0   0   0 130   0  70   0]
 [  0   0   0   0   0   0   0 200   0]
 [  0   2   0   0   0   1   0 197   0]
 [  0   6   0   0   0   0   0  80 114]]",0.012744426727294922,0.015835046768188477
16,N_BaIoT,0,linear,QuantileTransformer,GauNB,0.6831278538389014,-1,-1,93.39506172839506,70.2777777777778,3.7152777777777777,74.91513818553064,65.74742203245782,-1,"{'0Normal': {'precision': 0.9845360824742269, 'recall': 0.955, 'f1-score': 0.9695431472081218, 'support': 200.0}, 'ack': {'precision': 0.472289156626506, 'recall': 0.98, 'f1-score': 0.6373983739837399, 'support': 200.0}, 'combo': {'precision': 0.5264550264550265, 'recall': 0.995, 'f1-score': 0.6885813148788927, 'support': 200.0}, 'junk': {'precision': 0.9090909090909091, 'recall': 0.1, 'f1-score': 0.18018018018018017, 'support': 200.0}, 'scan': {'precision': 0.9551282051282052, 'recall': 0.745, 'f1-score': 0.8370786516853933, 'support': 200.0}, 'syn': {'precision': 1.0, 'recall': 0.93, 'f1-score': 0.9637305699481865, 'support': 200.0}, 'tcp': {'precision': 0.7194244604316546, 'recall': 1.0, 'f1-score': 0.8368200836820083, 'support': 200.0}, 'udp': {'precision': 0.17543859649122806, 'recall': 0.05, 'f1-score': 0.07782101167315175, 'support': 200.0}, 'udpplain': {'precision': 1.0, 'recall': 0.57, 'f1-score': 0.7261146496815286, 'support': 200.0}, 'accuracy': 0.7027777777777777, 'macro avg': {'precision': 0.7491513818553064, 'recall': 0.702777777777778, 'f1-score': 0.6574742203245781, 'support': 1800.0}, 'weighted avg': {'precision': 0.7491513818553063, 'recall': 0.7027777777777777, 'f1-score': 0.6574742203245781, 'support': 1800.0}}","[[191   0   0   1   6   0   0   2   0]
 [  0 196   0   0   0   0   0   4   0]
 [  0   0 199   1   0   0   0   0   0]
 [  1   0 179  20   0   0   0   0   0]
 [  2  10   0   0 149   0   0  39   0]
 [  0  11   0   0   1 186   0   2   0]
 [  0   0   0   0   0   0 200   0   0]
 [  0 112   0   0   0   0  78  10   0]
 [  0  86   0   0   0   0   0   0 114]]",0.0007891654968261719,0.0029287338256835938
17,N_BaIoT,0,linear,QuantileTransformer,NC,0.4914472983763504,-1,-1,89.70370370370371,53.666666666666664,5.791666666666666,67.71467236531996,52.42375724211149,-1,"{'0Normal': {'precision': 1.0, 'recall': 0.565, 'f1-score': 0.7220447284345048, 'support': 200.0}, 'ack': {'precision': 0.9285714285714286, 'recall': 0.065, 'f1-score': 0.12149532710280374, 'support': 200.0}, 'combo': {'precision': 0.9230769230769231, 'recall': 0.54, 'f1-score': 0.6813880126182965, 'support': 200.0}, 'junk': {'precision': 0.5740181268882175, 'recall': 0.95, 'f1-score': 0.7156308851224106, 'support': 200.0}, 'scan': {'precision': 0.1875, 'recall': 0.33, 'f1-score': 0.2391304347826087, 'support': 200.0}, 'syn': {'precision': 0.9666666666666667, 'recall': 0.435, 'f1-score': 0.6, 'support': 200.0}, 'tcp': {'precision': 0.4854368932038835, 'recall': 1.0, 'f1-score': 0.6535947712418301, 'support': 200.0}, 'udp': {'precision': 0.38860103626943004, 'recall': 0.375, 'f1-score': 0.3816793893129771, 'support': 200.0}, 'udpplain': {'precision': 0.6404494382022472, 'recall': 0.57, 'f1-score': 0.6031746031746031, 'support': 200.0}, 'accuracy': 0.5366666666666666, 'macro avg': {'precision': 0.6771467236531996, 'recall': 0.5366666666666666, 'f1-score': 0.5242375724211149, 'support': 1800.0}, 'weighted avg': {'precision': 0.6771467236531996, 'recall': 0.5366666666666666, 'f1-score': 0.524237572421115, 'support': 1800.0}}","[[113   0   2   1  22   1   1   7  53]
 [  0  13   0   9  69   0   0 109   0]
 [  0   0 108  86   0   2   0   0   4]
 [  0   0   7 190   0   0   0   1   2]
 [  0   0   0   0  66   0 129   0   5]
 [  0   0   0  40  68  87   4   1   0]
 [  0   0   0   0   0   0 200   0   0]
 [  0   1   0   5  41   0  78  75   0]
 [  0   0   0   0  86   0   0   0 114]]",0.0004038810729980469,0.04698681831359863
18,N_BaIoT,0,linear,QuantileTransformer,RNC,0.2592015164115361,-1,-1,83.86419753086419,27.38888888888889,9.07638888888889,71.54151637701752,24.37100911413793,-1,"{'0Normal': {'precision': 0.1530221882172915, 'recall': 1.0, 'f1-score': 0.26542800265428, 'support': 200.0}, 'ack': {'precision': 1.0, 'recall': 0.055, 'f1-score': 0.10426540284360189, 'support': 200.0}, 'combo': {'precision': 1.0, 'recall': 0.03, 'f1-score': 0.05825242718446602, 'support': 200.0}, 'junk': {'precision': 1.0, 'recall': 0.155, 'f1-score': 0.2683982683982684, 'support': 200.0}, 'scan': {'precision': 1.0, 'recall': 0.57, 'f1-score': 0.7261146496815286, 'support': 200.0}, 'syn': {'precision': 1.0, 'recall': 0.2, 'f1-score': 0.3333333333333333, 'support': 200.0}, 'tcp': {'precision': 0.0, 'recall': 0.0, 'f1-score': 0.0, 'support': 200.0}, 'udp': {'precision': 0.2857142857142857, 'recall': 0.4, 'f1-score': 0.3333333333333333, 'support': 200.0}, 'udpplain': {'precision': 1.0, 'recall': 0.055, 'f1-score': 0.10426540284360189, 'support': 200.0}, 'accuracy': 0.2738888888888889, 'macro avg': {'precision': 0.7154151637701752, 'recall': 0.2738888888888889, 'f1-score': 0.2437100911413793, 'support': 1800.0}, 'weighted avg': {'precision': 0.7154151637701752, 'recall': 0.2738888888888889, 'f1-score': 0.2437100911413793, 'support': 1800.0}}","[[200   0   0   0   0   0   0   0   0]
 [189  11   0   0   0   0   0   0   0]
 [194   0   6   0   0   0   0   0   0]
 [169   0   0  31   0   0   0   0   0]
 [ 86   0   0   0 114   0   0   0   0]
 [160   0   0   0   0  40   0   0   0]
 [  0   0   0   0   0   0   0 200   0]
 [120   0   0   0   0   0   0  80   0]
 [189   0   0   0   0   0   0   0  11]]",0.00021314620971679688,0.004215717315673828
19,N_BaIoT,0,sigmoid,QuantileTransformer,KNN,0.8671865721021543,-1,-1,97.14814814814815,87.16666666666666,1.6041666666666665,81.5354565005626,83.51551358596991,-1,"{'0Normal': {'precision': 0.9897435897435898, 'recall': 0.965, 'f1-score': 0.9772151898734177, 'support': 200.0}, 'ack': {'precision': 0.943127962085308, 'recall': 0.995, 'f1-score': 0.9683698296836983, 'support': 200.0}, 'combo': {'precision': 0.9847715736040609, 'recall': 0.97, 'f1-score': 0.9773299748110831, 'support': 200.0}, 'junk': {'precision': 0.9656862745098039, 'recall': 0.985, 'f1-score': 0.9752475247524752, 'support': 200.0}, 'scan': {'precision': 0.9949748743718593, 'recall': 0.99, 'f1-score': 0.9924812030075187, 'support': 200.0}, 'syn': {'precision': 0.9852216748768473, 'recall': 1.0, 'f1-score': 0.9925558312655087, 'support': 200.0}, 'tcp': {'precision': 0.0, 'recall': 0.0, 'f1-score': 0.0, 'support': 200.0}, 'udp': {'precision': 0.4846153846153846, 'recall': 0.945, 'f1-score': 0.6406779661016949, 'support': 200.0}, 'udpplain': {'precision': 0.9900497512437811, 'recall': 0.995, 'f1-score': 0.9925187032418953, 'support': 200.0}, 'accuracy': 0.8716666666666667, 'macro avg': {'precision': 0.815354565005626, 'recall': 0.8716666666666666, 'f1-score': 0.8351551358596991, 'support': 1800.0}, 'weighted avg': {'precision': 0.8153545650056261, 'recall': 0.8716666666666667, 'f1-score': 0.8351551358596992, 'support': 1800.0}}","[[193   0   0   3   1   2   0   1   0]
 [  0 199   0   0   0   0   0   0   1]
 [  0   0 194   4   0   1   0   0   1]
 [  1   0   2 197   0   0   0   0   0]
 [  1   0   1   0 198   0   0   0   0]
 [  0   0   0   0   0 200   0   0   0]
 [  0   0   0   0   0   0   0 200   0]
 [  0  11   0   0   0   0   0 189   0]
 [  0   1   0   0   0   0   0   0 199]]",0.0006134510040283203,0.00953364372253418
20,N_BaIoT,0,sigmoid,QuantileTransformer,LDA,0.8040071929174674,-1,-1,96.0246913580247,82.11111111111111,2.2361111111111107,84.96793759670945,81.24214982079589,-1,"{'0Normal': {'precision': 0.9898477157360406, 'recall': 0.975, 'f1-score': 0.982367758186398, 'support': 200.0}, 'ack': {'precision': 0.7584745762711864, 'recall': 0.895, 'f1-score': 0.8211009174311926, 'support': 200.0}, 'combo': {'precision': 0.9487179487179487, 'recall': 0.74, 'f1-score': 0.8314606741573034, 'support': 200.0}, 'junk': {'precision': 0.7925311203319502, 'recall': 0.955, 'f1-score': 0.8662131519274376, 'support': 200.0}, 'scan': {'precision': 0.9900990099009901, 'recall': 0.5, 'f1-score': 0.6644518272425249, 'support': 200.0}, 'syn': {'precision': 0.6711409395973155, 'recall': 1.0, 'f1-score': 0.8032128514056225, 'support': 200.0}, 'tcp': {'precision': 0.7194244604316546, 'recall': 1.0, 'f1-score': 0.8368200836820083, 'support': 200.0}, 'udp': {'precision': 0.8, 'recall': 0.48, 'f1-score': 0.6, 'support': 200.0}, 'udpplain': {'precision': 0.976878612716763, 'recall': 0.845, 'f1-score': 0.9061662198391421, 'support': 200.0}, 'accuracy': 0.8211111111111111, 'macro avg': {'precision': 0.8496793759670944, 'recall': 0.8211111111111111, 'f1-score': 0.8124214982079588, 'support': 1800.0}, 'weighted avg': {'precision': 0.8496793759670944, 'recall': 0.8211111111111111, 'f1-score': 0.8124214982079588, 'support': 1800.0}}","[[195   0   0   0   1   0   0   3   1]
 [  0 179   0   0   0   0   0  21   0]
 [  0   0 148  50   0   0   0   0   2]
 [  1   0   8 191   0   0   0   0   0]
 [  1   0   0   0 100  98   0   0   1]
 [  0   0   0   0   0 200   0   0   0]
 [  0   0   0   0   0   0 200   0   0]
 [  0  26   0   0   0   0  78  96   0]
 [  0  31   0   0   0   0   0   0 169]]",0.022158384323120117,0.009904146194458008
21,N_BaIoT,0,sigmoid,QuantileTransformer,SGD,0.791829189197817,-1,-1,95.5925925925926,80.16666666666666,2.4791666666666665,76.59764532126513,75.39493343607955,-1,"{'0Normal': {'precision': 0.9754901960784313, 'recall': 0.995, 'f1-score': 0.9851485148514851, 'support': 200.0}, 'ack': {'precision': 0.8166666666666667, 'recall': 0.98, 'f1-score': 0.8909090909090909, 'support': 200.0}, 'combo': {'precision': 0.9753694581280788, 'recall': 0.99, 'f1-score': 0.9826302729528535, 'support': 200.0}, 'junk': {'precision': 0.9563106796116505, 'recall': 0.985, 'f1-score': 0.9704433497536946, 'support': 200.0}, 'scan': {'precision': 0.4792176039119804, 'recall': 0.98, 'f1-score': 0.6436781609195402, 'support': 200.0}, 'syn': {'precision': 0.9896907216494846, 'recall': 0.96, 'f1-score': 0.9746192893401016, 'support': 200.0}, 'tcp': {'precision': 0.0, 'recall': 0.0, 'f1-score': 0.0, 'support': 200.0}, 'udp': {'precision': 0.9857142857142858, 'recall': 0.345, 'f1-score': 0.5111111111111111, 'support': 200.0}, 'udpplain': {'precision': 0.7153284671532847, 'recall': 0.98, 'f1-score': 0.8270042194092827, 'support': 200.0}, 'accuracy': 0.8016666666666666, 'macro avg': {'precision': 0.7659764532126514, 'recall': 0.8016666666666666, 'f1-score': 0.7539493343607955, 'support': 1800.0}, 'weighted avg': {'precision': 0.7659764532126514, 'recall': 0.8016666666666666, 'f1-score': 0.7539493343607956, 'support': 1800.0}}","[[199   0   0   0   1   0   0   0   0]
 [  0 196   0   0   0   0   0   0   4]
 [  0   0 198   2   0   0   0   0   0]
 [  1   0   2 197   0   0   0   0   0]
 [  1   0   0   0 196   2   0   0   1]
 [  0   0   0   0   6 192   0   1   1]
 [  0   0   0   0 128   0   0   0  72]
 [  0  44   3   6  78   0   0  69   0]
 [  3   0   0   1   0   0   0   0 196]]",0.11917519569396973,0.00036716461181640625
22,N_BaIoT,0,sigmoid,QuantileTransformer,GauNB,0.6362310677231847,-1,-1,92.44444444444444,66.0,4.25,81.49427926365911,64.61083117912445,-1,"{'0Normal': {'precision': 0.9846153846153847, 'recall': 0.96, 'f1-score': 0.9721518987341772, 'support': 200.0}, 'ack': {'precision': 0.5565476190476191, 'recall': 0.935, 'f1-score': 0.6977611940298507, 'support': 200.0}, 'combo': {'precision': 0.64, 'recall': 0.96, 'f1-score': 0.768, 'support': 200.0}, 'junk': {'precision': 0.9191919191919192, 'recall': 0.455, 'f1-score': 0.6086956521739131, 'support': 200.0}, 'scan': {'precision': 0.9487179487179487, 'recall': 0.555, 'f1-score': 0.7003154574132492, 'support': 200.0}, 'syn': {'precision': 1.0, 'recall': 0.805, 'f1-score': 0.8919667590027701, 'support': 200.0}, 'tcp': {'precision': 1.0, 'recall': 0.025, 'f1-score': 0.04878048780487805, 'support': 200.0}, 'udp': {'precision': 0.2854122621564482, 'recall': 0.675, 'f1-score': 0.4011887072808321, 'support': 200.0}, 'udpplain': {'precision': 1.0, 'recall': 0.57, 'f1-score': 0.7261146496815286, 'support': 200.0}, 'accuracy': 0.66, 'macro avg': {'precision': 0.8149427926365911, 'recall': 0.66, 'f1-score': 0.6461083117912444, 'support': 1800.0}, 'weighted avg': {'precision': 0.8149427926365911, 'recall': 0.66, 'f1-score': 0.6461083117912444, 'support': 1800.0}}","[[192   0   0   0   6   0   0   2   0]
 [  0 187   0   0   0   0   0  13   0]
 [  0   0 192   8   0   0   0   0   0]
 [  1   0 108  91   0   0   0   0   0]
 [  2   0   0   0 111   0   0  87   0]
 [  0   0   0   0   0 161   0  39   0]
 [  0   0   0   0   0   0   5 195   0]
 [  0  65   0   0   0   0   0 135   0]
 [  0  84   0   0   0   0   0   2 114]]",0.0028879642486572266,0.003371000289916992
23,N_BaIoT,0,sigmoid,QuantileTransformer,NC,0.467720693044193,-1,-1,89.04938271604938,50.72222222222222,6.159722222222222,56.2605047905439,47.48577696868984,-1,"{'0Normal': {'precision': 0.9932432432432432, 'recall': 0.735, 'f1-score': 0.8448275862068966, 'support': 200.0}, 'ack': {'precision': 0.0, 'recall': 0.0, 'f1-score': 0.0, 'support': 200.0}, 'combo': {'precision': 0.9310344827586207, 'recall': 0.54, 'f1-score': 0.6835443037974683, 'support': 200.0}, 'junk': {'precision': 0.3281786941580756, 'recall': 0.955, 'f1-score': 0.4884910485933504, 'support': 200.0}, 'scan': {'precision': 0.3333333333333333, 'recall': 0.365, 'f1-score': 0.34844868735083534, 'support': 200.0}, 'syn': {'precision': 0.8571428571428571, 'recall': 0.21, 'f1-score': 0.3373493975903614, 'support': 200.0}, 'tcp': {'precision': 0.5, 'recall': 1.0, 'f1-score': 0.6666666666666666, 'support': 200.0}, 'udp': {'precision': 0.24358974358974358, 'recall': 0.19, 'f1-score': 0.21348314606741572, 'support': 200.0}, 'udpplain': {'precision': 0.8769230769230769, 'recall': 0.57, 'f1-score': 0.6909090909090909, 'support': 200.0}, 'accuracy': 0.5072222222222222, 'macro avg': {'precision': 0.562605047905439, 'recall': 0.5072222222222222, 'f1-score': 0.4748577696868984, 'support': 1800.0}, 'weighted avg': {'precision': 0.562605047905439, 'recall': 0.5072222222222222, 'f1-score': 0.47485776968689836, 'support': 1800.0}}","[[147   0   1   5  34   7   1   1   4]
 [  0   0   0 131   5   0   0  64   0]
 [  0   0 108  88   0   0   0   0   4]
 [  1   0   7 191   0   0   0   0   1]
 [  0   0   0   0  73   0 120   0   7]
 [  0   0   0  86  71  42   1   0   0]
 [  0   0   0   0   0   0 200   0   0]
 [  0   0   0  81   3   0  78  38   0]
 [  0   0   0   0  33   0   0  53 114]]",0.0010418891906738281,0.04962778091430664
24,N_BaIoT,0,sigmoid,QuantileTransformer,RNC,0.5529896069031198,-1,-1,90.27160493827161,56.222222222222214,5.472222222222222,73.88419443720254,57.30374452729345,-1,"{'0Normal': {'precision': 0.25380710659898476, 'recall': 1.0, 'f1-score': 0.4048582995951417, 'support': 200.0}, 'ack': {'precision': 1.0, 'recall': 0.4, 'f1-score': 0.5714285714285714, 'support': 200.0}, 'combo': {'precision': 1.0, 'recall': 0.375, 'f1-score': 0.5454545454545454, 'support': 200.0}, 'junk': {'precision': 1.0, 'recall': 0.7, 'f1-score': 0.8235294117647058, 'support': 200.0}, 'scan': {'precision': 1.0, 'recall': 0.79, 'f1-score': 0.88268156424581, 'support': 200.0}, 'syn': {'precision': 1.0, 'recall': 0.695, 'f1-score': 0.8200589970501475, 'support': 200.0}, 'tcp': {'precision': 0.0, 'recall': 0.0, 'f1-score': 0.0, 'support': 200.0}, 'udp': {'precision': 0.3957703927492447, 'recall': 0.655, 'f1-score': 0.4934086629001883, 'support': 200.0}, 'udpplain': {'precision': 1.0, 'recall': 0.445, 'f1-score': 0.615916955017301, 'support': 200.0}, 'accuracy': 0.5622222222222222, 'macro avg': {'precision': 0.7388419443720254, 'recall': 0.5622222222222222, 'f1-score': 0.5730374452729345, 'support': 1800.0}, 'weighted avg': {'precision': 0.7388419443720254, 'recall': 0.5622222222222222, 'f1-score': 0.5730374452729345, 'support': 1800.0}}","[[200   0   0   0   0   0   0   0   0]
 [120  80   0   0   0   0   0   0   0]
 [125   0  75   0   0   0   0   0   0]
 [ 60   0   0 140   0   0   0   0   0]
 [ 42   0   0   0 158   0   0   0   0]
 [ 61   0   0   0   0 139   0   0   0]
 [  0   0   0   0   0   0   0 200   0]
 [ 69   0   0   0   0   0   0 131   0]
 [111   0   0   0   0   0   0   0  89]]",0.0004057884216308594,0.014317750930786133
25,N_BaIoT,0,None,QuantileTransformer,KNN,0.7263209037903973,-1,-1,94.2962962962963,74.33333333333336,3.208333333333333,71.45887768709662,71.40931181057564,-1,"{'0Normal': {'precision': 0.9942857142857143, 'recall': 0.87, 'f1-score': 0.928, 'support': 200.0}, 'ack': {'precision': 0.8439306358381503, 'recall': 0.73, 'f1-score': 0.7828418230563002, 'support': 200.0}, 'combo': {'precision': 0.9021739130434783, 'recall': 0.83, 'f1-score': 0.8645833333333334, 'support': 200.0}, 'junk': {'precision': 0.8262910798122066, 'recall': 0.88, 'f1-score': 0.8523002421307506, 'support': 200.0}, 'scan': {'precision': 0.39490445859872614, 'recall': 0.93, 'f1-score': 0.5543964232488823, 'support': 200.0}, 'syn': {'precision': 0.8928571428571429, 'recall': 1.0, 'f1-score': 0.9433962264150944, 'support': 200.0}, 'tcp': {'precision': 0.0, 'recall': 0.0, 'f1-score': 0.0, 'support': 200.0}, 'udp': {'precision': 0.6821192052980133, 'recall': 0.515, 'f1-score': 0.5868945868945868, 'support': 200.0}, 'udpplain': {'precision': 0.8947368421052632, 'recall': 0.935, 'f1-score': 0.9144254278728606, 'support': 200.0}, 'accuracy': 0.7433333333333333, 'macro avg': {'precision': 0.7145887768709661, 'recall': 0.7433333333333335, 'f1-score': 0.7140931181057565, 'support': 1800.0}, 'weighted avg': {'precision': 0.7145887768709661, 'recall': 0.7433333333333333, 'f1-score': 0.7140931181057565, 'support': 1800.0}}","[[174   0   0   8   7   1   0   5   5]
 [  0 146   0   0   0   0   0  39  15]
 [  0   0 166  28   0   5   0   0   1]
 [  1   0  18 176   0   5   0   0   0]
 [  0   0   0   1 186  13   0   0   0]
 [  0   0   0   0   0 200   0   0   0]
 [  0   0   0   0 200   0   0   0   0]
 [  0  18   0   0  78   0   0 103   1]
 [  0   9   0   0   0   0   0   4 187]]",0.00033354759216308594,0.002969026565551758
26,N_BaIoT,0,None,QuantileTransformer,LDA,0.7751583988686852,-1,-1,95.46913580246914,79.61111111111111,2.548611111111111,82.00034899567923,78.86005736944371,-1,"{'0Normal': {'precision': 0.994535519125683, 'recall': 0.91, 'f1-score': 0.9503916449086162, 'support': 200.0}, 'ack': {'precision': 0.6588235294117647, 'recall': 0.84, 'f1-score': 0.7384615384615385, 'support': 200.0}, 'combo': {'precision': 0.8387096774193549, 'recall': 0.91, 'f1-score': 0.8729016786570744, 'support': 200.0}, 'junk': {'precision': 0.8918918918918919, 'recall': 0.825, 'f1-score': 0.8571428571428571, 'support': 200.0}, 'scan': {'precision': 0.9811320754716981, 'recall': 0.52, 'f1-score': 0.6797385620915033, 'support': 200.0}, 'syn': {'precision': 0.6862068965517242, 'recall': 0.995, 'f1-score': 0.8122448979591836, 'support': 200.0}, 'tcp': {'precision': 0.7194244604316546, 'recall': 1.0, 'f1-score': 0.8368200836820083, 'support': 200.0}, 'udp': {'precision': 0.6742424242424242, 'recall': 0.445, 'f1-score': 0.536144578313253, 'support': 200.0}, 'udpplain': {'precision': 0.935064935064935, 'recall': 0.72, 'f1-score': 0.8135593220338984, 'support': 200.0}, 'accuracy': 0.7961111111111111, 'macro avg': {'precision': 0.8200034899567923, 'recall': 0.7961111111111111, 'f1-score': 0.788600573694437, 'support': 1800.0}, 'weighted avg': {'precision': 0.8200034899567922, 'recall': 0.7961111111111111, 'f1-score': 0.7886005736944369, 'support': 1800.0}}","[[182   0   1   2   1   0   0   5   9]
 [  0 168   0   0   0   0   0  32   0]
 [  0   0 182  18   0   0   0   0   0]
 [  0   0  34 165   1   0   0   0   0]
 [  1   0   0   0 104  89   0   5   1]
 [  0   0   0   0   0 199   0   1   0]
 [  0   0   0   0   0   0 200   0   0]
 [  0  31   0   0   0   2  78  89   0]
 [  0  56   0   0   0   0   0   0 144]]",0.005976200103759766,0.0003075599670410156
27,N_BaIoT,0,None,QuantileTransformer,SGD,0.628314865625947,-1,-1,92.1604938271605,64.72222222222221,4.409722222222222,68.7070978169435,62.26330197933394,-1,"{'0Normal': {'precision': 0.9948186528497409, 'recall': 0.96, 'f1-score': 0.9770992366412213, 'support': 200.0}, 'ack': {'precision': 0.9838709677419355, 'recall': 0.305, 'f1-score': 0.46564885496183206, 'support': 200.0}, 'combo': {'precision': 0.907608695652174, 'recall': 0.835, 'f1-score': 0.8697916666666666, 'support': 200.0}, 'junk': {'precision': 0.3111111111111111, 'recall': 0.91, 'f1-score': 0.4636942675159236, 'support': 200.0}, 'scan': {'precision': 0.8355263157894737, 'recall': 0.635, 'f1-score': 0.7215909090909091, 'support': 200.0}, 'syn': {'precision': 1.0, 'recall': 0.785, 'f1-score': 0.8795518207282913, 'support': 200.0}, 'tcp': {'precision': 0.0, 'recall': 0.0, 'f1-score': 0.0, 'support': 200.0}, 'udp': {'precision': 0.5096774193548387, 'recall': 0.395, 'f1-score': 0.4450704225352113, 'support': 200.0}, 'udpplain': {'precision': 0.6410256410256411, 'recall': 1.0, 'f1-score': 0.78125, 'support': 200.0}, 'accuracy': 0.6472222222222223, 'macro avg': {'precision': 0.6870709781694351, 'recall': 0.6472222222222221, 'f1-score': 0.6226330197933394, 'support': 1800.0}, 'weighted avg': {'precision': 0.687070978169435, 'recall': 0.6472222222222223, 'f1-score': 0.6226330197933395, 'support': 1800.0}}","[[192   0   0   4   0   0   0   3   1]
 [  0  61   0   0   0   0   0  70  69]
 [  0   0 167  33   0   0   0   0   0]
 [  0   0  17 182   1   0   0   0   0]
 [  1   0   0  71 127   0   0   0   1]
 [  0   0   0  16  24 157   0   3   0]
 [  0   0   0 200   0   0   0   0   0]
 [  0   1   0  79   0   0   0  79  41]
 [  0   0   0   0   0   0   0   0 200]]",0.012646675109863281,0.0065135955810546875
28,N_BaIoT,0,None,QuantileTransformer,GauNB,0.6971009060995007,-1,-1,93.82716049382715,72.22222222222221,3.4722222222222223,76.99448649012672,69.61611204314954,-1,"{'0Normal': {'precision': 0.984375, 'recall': 0.945, 'f1-score': 0.9642857142857143, 'support': 200.0}, 'ack': {'precision': 0.4444444444444444, 'recall': 0.54, 'f1-score': 0.48758465011286684, 'support': 200.0}, 'combo': {'precision': 0.5264550264550265, 'recall': 0.995, 'f1-score': 0.6885813148788927, 'support': 200.0}, 'junk': {'precision': 0.8333333333333334, 'recall': 0.1, 'f1-score': 0.17857142857142858, 'support': 200.0}, 'scan': {'precision': 0.964824120603015, 'recall': 0.96, 'f1-score': 0.9624060150375939, 'support': 200.0}, 'syn': {'precision': 1.0, 'recall': 0.995, 'f1-score': 0.9974937343358395, 'support': 200.0}, 'tcp': {'precision': 0.7194244604316546, 'recall': 1.0, 'f1-score': 0.8368200836820083, 'support': 200.0}, 'udp': {'precision': 0.45664739884393063, 'recall': 0.395, 'f1-score': 0.42359249329758714, 'support': 200.0}, 'udpplain': {'precision': 1.0, 'recall': 0.57, 'f1-score': 0.7261146496815286, 'support': 200.0}, 'accuracy': 0.7222222222222222, 'macro avg': {'precision': 0.7699448649012672, 'recall': 0.7222222222222222, 'f1-score': 0.6961611204314955, 'support': 1800.0}, 'weighted avg': {'precision': 0.7699448649012672, 'recall': 0.7222222222222222, 'f1-score': 0.6961611204314956, 'support': 1800.0}}","[[189   0   0   3   6   0   0   2   0]
 [  0 108   0   0   0   0   0  92   0]
 [  0   0 199   1   0   0   0   0   0]
 [  1   0 179  20   0   0   0   0   0]
 [  2   6   0   0 192   0   0   0   0]
 [  0   0   0   0   1 199   0   0   0]
 [  0   0   0   0   0   0 200   0   0]
 [  0  43   0   0   0   0  78  79   0]
 [  0  86   0   0   0   0   0   0 114]]",0.0007162094116210938,0.0028014183044433594
29,N_BaIoT,0,None,QuantileTransformer,NC,0.4874220301036737,-1,-1,89.62962962962962,53.33333333333334,5.833333333333333,65.38504460619315,51.877262351027895,-1,"{'0Normal': {'precision': 1.0, 'recall': 0.545, 'f1-score': 0.7055016181229773, 'support': 200.0}, 'ack': {'precision': 0.7272727272727273, 'recall': 0.04, 'f1-score': 0.07582938388625593, 'support': 200.0}, 'combo': {'precision': 0.907563025210084, 'recall': 0.54, 'f1-score': 0.677115987460815, 'support': 200.0}, 'junk': {'precision': 0.6057692307692307, 'recall': 0.945, 'f1-score': 0.73828125, 'support': 200.0}, 'scan': {'precision': 0.1875, 'recall': 0.33, 'f1-score': 0.2391304347826087, 'support': 200.0}, 'syn': {'precision': 0.9662921348314607, 'recall': 0.43, 'f1-score': 0.5951557093425606, 'support': 200.0}, 'tcp': {'precision': 0.4830917874396135, 'recall': 1.0, 'f1-score': 0.6514657980456026, 'support': 200.0}, 'udp': {'precision': 0.37383177570093457, 'recall': 0.4, 'f1-score': 0.3864734299516908, 'support': 200.0}, 'udpplain': {'precision': 0.6333333333333333, 'recall': 0.57, 'f1-score': 0.6, 'support': 200.0}, 'accuracy': 0.5333333333333333, 'macro avg': {'precision': 0.6538504460619315, 'recall': 0.5333333333333334, 'f1-score': 0.518772623510279, 'support': 1800.0}, 'weighted avg': {'precision': 0.6538504460619317, 'recall': 0.5333333333333333, 'f1-score': 0.518772623510279, 'support': 1800.0}}","[[109   2   2   1  24   2   1   4  55]
 [  0   8   0   0  69   0   0 123   0]
 [  0   0 108  87   0   1   0   0   4]
 [  0   0   7 189   0   0   0   2   2]
 [  0   0   0   0  66   0 129   0   5]
 [  0   0   2  35  66  86   6   5   0]
 [  0   0   0   0   0   0 200   0   0]
 [  0   1   0   0  41   0  78  80   0]
 [  0   0   0   0  86   0   0   0 114]]",0.0004000663757324219,0.05138516426086426
30,N_BaIoT,0,None,QuantileTransformer,RNC,0.3522966394644732,-1,-1,85.06172839506173,32.77777777777778,8.402777777777779,87.43971789535338,29.238999358691785,-1,"{'0Normal': {'precision': 0.15015015015015015, 'recall': 1.0, 'f1-score': 0.26109660574412535, 'support': 200.0}, 'ack': {'precision': 1.0, 'recall': 0.03, 'f1-score': 0.05825242718446602, 'support': 200.0}, 'combo': {'precision': 1.0, 'recall': 0.065, 'f1-score': 0.12206572769953052, 'support': 200.0}, 'junk': {'precision': 1.0, 'recall': 0.155, 'f1-score': 0.2683982683982684, 'support': 200.0}, 'scan': {'precision': 1.0, 'recall': 0.425, 'f1-score': 0.5964912280701754, 'support': 200.0}, 'syn': {'precision': 1.0, 'recall': 0.17, 'f1-score': 0.2905982905982906, 'support': 200.0}, 'tcp': {'precision': 0.7194244604316546, 'recall': 1.0, 'f1-score': 0.8368200836820083, 'support': 200.0}, 'udp': {'precision': 1.0, 'recall': 0.03, 'f1-score': 0.05825242718446602, 'support': 200.0}, 'udpplain': {'precision': 1.0, 'recall': 0.075, 'f1-score': 0.13953488372093023, 'support': 200.0}, 'accuracy': 0.3277777777777778, 'macro avg': {'precision': 0.8743971789535339, 'recall': 0.3277777777777778, 'f1-score': 0.29238999358691786, 'support': 1800.0}, 'weighted avg': {'precision': 0.8743971789535339, 'recall': 0.3277777777777778, 'f1-score': 0.29238999358691786, 'support': 1800.0}}","[[200   0   0   0   0   0   0   0   0]
 [194   6   0   0   0   0   0   0   0]
 [187   0  13   0   0   0   0   0   0]
 [169   0   0  31   0   0   0   0   0]
 [115   0   0   0  85   0   0   0   0]
 [166   0   0   0   0  34   0   0   0]
 [  0   0   0   0   0   0 200   0   0]
 [116   0   0   0   0   0  78   6   0]
 [185   0   0   0   0   0   0   0  15]]",0.0002396106719970703,0.006145477294921875
31,N_BaIoT,-1,rbf,QuantileTransformer,KNFST,0.9598607190984865,-1,-1,99.19753086419753,96.3888888888889,0.45138888888888884,96.68764676295135,96.3593885393673,-1,"{'0Normal': {'precision': 0.9851485148514851, 'recall': 0.995, 'f1-score': 0.9900497512437811, 'support': 200.0}, 'ack': {'precision': 1.0, 'recall': 1.0, 'f1-score': 1.0, 'support': 200.0}, 'combo': {'precision': 1.0, 'recall': 0.995, 'f1-score': 0.9974937343358395, 'support': 200.0}, 'junk': {'precision': 0.9900497512437811, 'recall': 0.995, 'f1-score': 0.9925187032418953, 'support': 200.0}, 'scan': {'precision': 1.0, 'recall': 0.98, 'f1-score': 0.98989898989899, 'support': 200.0}, 'syn': {'precision': 0.9900990099009901, 'recall': 1.0, 'f1-score': 0.9950248756218906, 'support': 200.0}, 'tcp': {'precision': 0.7983193277310925, 'recall': 0.95, 'f1-score': 0.867579908675799, 'support': 200.0}, 'udp': {'precision': 0.9382716049382716, 'recall': 0.76, 'f1-score': 0.8397790055248618, 'support': 200.0}, 'udpplain': {'precision': 1.0, 'recall': 1.0, 'f1-score': 1.0, 'support': 200.0}, 'accuracy': 0.9638888888888889, 'macro avg': {'precision': 0.9668764676295134, 'recall': 0.963888888888889, 'f1-score': 0.9635938853936731, 'support': 1800.0}, 'weighted avg': {'precision': 0.9668764676295134, 'recall': 0.9638888888888889, 'f1-score': 0.963593885393673, 'support': 1800.0}}","[[199   0   0   1   0   0   0   0   0]
 [  0 200   0   0   0   0   0   0   0]
 [  0   0 199   1   0   0   0   0   0]
 [  1   0   0 199   0   0   0   0   0]
 [  2   0   0   0 196   2   0   0   0]
 [  0   0   0   0   0 200   0   0   0]
 [  0   0   0   0   0   0 190  10   0]
 [  0   0   0   0   0   0  48 152   0]
 [  0   0   0   0   0   0   0   0 200]]",234.69596529006958,0.5458669662475586
32,N_BaIoT,-1,rbf,QuantileTransformer,KNN,0.9837766443115967,-1,-1,99.67901234567901,98.55555555555556,0.18055555555555555,98.57439968442007,98.55435293951231,-1,"{'0Normal': {'precision': 0.9897959183673469, 'recall': 0.97, 'f1-score': 0.9797979797979798, 'support': 200.0}, 'ack': {'precision': 0.961352657004831, 'recall': 0.995, 'f1-score': 0.9778869778869779, 'support': 200.0}, 'combo': {'precision': 0.9897959183673469, 'recall': 0.97, 'f1-score': 0.9797979797979798, 'support': 200.0}, 'junk': {'precision': 0.9656862745098039, 'recall': 0.985, 'f1-score': 0.9752475247524752, 'support': 200.0}, 'scan': {'precision': 0.99, 'recall': 0.99, 'f1-score': 0.99, 'support': 200.0}, 'syn': {'precision': 0.9950248756218906, 'recall': 1.0, 'f1-score': 0.9975062344139651, 'support': 200.0}, 'tcp': {'precision': 1.0, 'recall': 1.0, 'f1-score': 1.0, 'support': 200.0}, 'udp': {'precision': 0.9948186528497409, 'recall': 0.96, 'f1-score': 0.9770992366412213, 'support': 200.0}, 'udpplain': {'precision': 0.9852216748768473, 'recall': 1.0, 'f1-score': 0.9925558312655087, 'support': 200.0}, 'accuracy': 0.9855555555555555, 'macro avg': {'precision': 0.9857439968442008, 'recall': 0.9855555555555556, 'f1-score': 0.9855435293951231, 'support': 1800.0}, 'weighted avg': {'precision': 0.9857439968442009, 'recall': 0.9855555555555555, 'f1-score': 0.985543529395123, 'support': 1800.0}}","[[194   0   0   3   2   0   0   1   0]
 [  0 199   0   0   0   0   0   0   1]
 [  0   0 194   4   0   1   0   0   1]
 [  1   0   2 197   0   0   0   0   0]
 [  1   0   0   0 198   0   0   0   1]
 [  0   0   0   0   0 200   0   0   0]
 [  0   0   0   0   0   0 200   0   0]
 [  0   8   0   0   0   0   0 192   0]
 [  0   0   0   0   0   0   0   0 200]]",0.0005655288696289062,0.013434171676635742
33,N_BaIoT,-1,rbf,QuantileTransformer,LDA,0.883482619824731,-1,-1,97.61728395061728,89.27777777777777,1.3402777777777777,90.39217258871619,87.8215035551924,-1,"{'0Normal': {'precision': 0.9949748743718593, 'recall': 0.99, 'f1-score': 0.9924812030075187, 'support': 200.0}, 'ack': {'precision': 0.8065843621399177, 'recall': 0.98, 'f1-score': 0.8848758465011287, 'support': 200.0}, 'combo': {'precision': 0.8546255506607929, 'recall': 0.97, 'f1-score': 0.9086651053864169, 'support': 200.0}, 'junk': {'precision': 0.9940476190476191, 'recall': 0.835, 'f1-score': 0.907608695652174, 'support': 200.0}, 'scan': {'precision': 0.919431279620853, 'recall': 0.97, 'f1-score': 0.9440389294403893, 'support': 200.0}, 'syn': {'precision': 0.9900497512437811, 'recall': 0.995, 'f1-score': 0.9925187032418953, 'support': 200.0}, 'tcp': {'precision': 0.7194244604316546, 'recall': 1.0, 'f1-score': 0.8368200836820083, 'support': 200.0}, 'udp': {'precision': 0.8857142857142857, 'recall': 0.31, 'f1-score': 0.45925925925925926, 'support': 200.0}, 'udpplain': {'precision': 0.9704433497536946, 'recall': 0.985, 'f1-score': 0.9776674937965261, 'support': 200.0}, 'accuracy': 0.8927777777777778, 'macro avg': {'precision': 0.9039217258871619, 'recall': 0.8927777777777778, 'f1-score': 0.8782150355519239, 'support': 1800.0}, 'weighted avg': {'precision': 0.9039217258871619, 'recall': 0.8927777777777778, 'f1-score': 0.878215035551924, 'support': 1800.0}}","[[198   1   0   0   0   0   0   1   0]
 [  0 196   0   0   0   0   0   4   0]
 [  0   0 194   1   0   0   0   0   5]
 [  0   0  33 167   0   0   0   0   0]
 [  1   0   0   0 194   2   0   2   1]
 [  0   0   0   0   0 199   0   1   0]
 [  0   0   0   0   0   0 200   0   0]
 [  0  43   0   0  17   0  78  62   0]
 [  0   3   0   0   0   0   0   0 197]]",0.022892475128173828,0.01618337631225586
34,N_BaIoT,-1,rbf,QuantileTransformer,NuSVC,0.9762923747205964,-1,-1,99.53086419753086,97.88888888888887,0.2638888888888889,97.92232346299348,97.88874366493717,-1,"{'0Normal': {'precision': 0.9895833333333334, 'recall': 0.95, 'f1-score': 0.9693877551020408, 'support': 200.0}, 'ack': {'precision': 0.9900497512437811, 'recall': 0.995, 'f1-score': 0.9925187032418953, 'support': 200.0}, 'combo': {'precision': 0.9554455445544554, 'recall': 0.965, 'f1-score': 0.9601990049751243, 'support': 200.0}, 'junk': {'precision': 0.9795918367346939, 'recall': 0.96, 'f1-score': 0.9696969696969697, 'support': 200.0}, 'scan': {'precision': 0.9753694581280788, 'recall': 0.99, 'f1-score': 0.9826302729528535, 'support': 200.0}, 'syn': {'precision': 1.0, 'recall': 0.97, 'f1-score': 0.9847715736040609, 'support': 200.0}, 'tcp': {'precision': 1.0, 'recall': 0.99, 'f1-score': 0.9949748743718593, 'support': 200.0}, 'udp': {'precision': 0.9705882352941176, 'recall': 0.99, 'f1-score': 0.9801980198019802, 'support': 200.0}, 'udpplain': {'precision': 0.9523809523809523, 'recall': 1.0, 'f1-score': 0.975609756097561, 'support': 200.0}, 'accuracy': 0.9788888888888889, 'macro avg': {'precision': 0.9792232346299348, 'recall': 0.9788888888888887, 'f1-score': 0.9788874366493717, 'support': 1800.0}, 'weighted avg': {'precision': 0.9792232346299347, 'recall': 0.9788888888888889, 'f1-score': 0.9788874366493716, 'support': 1800.0}}","[[190   0   1   2   1   0   0   4   2]
 [  0 199   0   0   0   0   0   0   1]
 [  0   0 193   2   0   0   0   0   5]
 [  1   0   6 192   0   0   0   0   1]
 [  1   0   0   0 198   0   0   0   1]
 [  0   0   2   0   4 194   0   0   0]
 [  0   0   0   0   0   0 198   2   0]
 [  0   2   0   0   0   0   0 198   0]
 [  0   0   0   0   0   0   0   0 200]]",0.6632969379425049,0.26415133476257324
35,N_BaIoT,-1,rbf,QuantileTransformer,SGD,0.9115922456379842,-1,-1,98.22222222222223,92.0,1.0,92.67193775624854,91.78835899246134,-1,"{'0Normal': {'precision': 0.9900497512437811, 'recall': 0.995, 'f1-score': 0.9925187032418953, 'support': 200.0}, 'ack': {'precision': 0.9884393063583815, 'recall': 0.855, 'f1-score': 0.9168900804289544, 'support': 200.0}, 'combo': {'precision': 0.9751243781094527, 'recall': 0.98, 'f1-score': 0.9775561097256857, 'support': 200.0}, 'junk': {'precision': 0.98, 'recall': 0.98, 'f1-score': 0.98, 'support': 200.0}, 'scan': {'precision': 0.8761061946902655, 'recall': 0.99, 'f1-score': 0.9295774647887324, 'support': 200.0}, 'syn': {'precision': 1.0, 'recall': 0.885, 'f1-score': 0.9389920424403183, 'support': 200.0}, 'tcp': {'precision': 0.7352941176470589, 'recall': 1.0, 'f1-score': 0.847457627118644, 'support': 200.0}, 'udp': {'precision': 0.815068493150685, 'recall': 0.595, 'f1-score': 0.6878612716763006, 'support': 200.0}, 'udpplain': {'precision': 0.9803921568627451, 'recall': 1.0, 'f1-score': 0.9900990099009901, 'support': 200.0}, 'accuracy': 0.92, 'macro avg': {'precision': 0.9267193775624855, 'recall': 0.9199999999999999, 'f1-score': 0.9178835899246134, 'support': 1800.0}, 'weighted avg': {'precision': 0.9267193775624856, 'recall': 0.92, 'f1-score': 0.9178835899246135, 'support': 1800.0}}","[[199   0   0   0   1   0   0   0   0]
 [  0 171   0   0   1   0   0  25   3]
 [  0   0 196   3   0   0   0   1   0]
 [  1   0   3 196   0   0   0   0   0]
 [  1   0   0   0 198   0   0   0   1]
 [  0   0   0   0  22 177   0   1   0]
 [  0   0   0   0   0   0 200   0   0]
 [  0   2   2   1   4   0  72 119   0]
 [  0   0   0   0   0   0   0   0 200]]",0.17468762397766113,0.00037789344787597656
36,N_BaIoT,-1,rbf,QuantileTransformer,GauNB,0.7206599821809333,-1,-1,94.24691358024691,74.1111111111111,3.236111111111111,75.21540975603277,71.25873459727292,-1,"{'0Normal': {'precision': 0.9845360824742269, 'recall': 0.955, 'f1-score': 0.9695431472081218, 'support': 200.0}, 'ack': {'precision': 0.48081841432225064, 'recall': 0.94, 'f1-score': 0.6362098138747885, 'support': 200.0}, 'combo': {'precision': 0.6363636363636364, 'recall': 0.98, 'f1-score': 0.7716535433070866, 'support': 200.0}, 'junk': {'precision': 0.9560439560439561, 'recall': 0.435, 'f1-score': 0.5979381443298969, 'support': 200.0}, 'scan': {'precision': 0.9404761904761905, 'recall': 0.79, 'f1-score': 0.8586956521739131, 'support': 200.0}, 'syn': {'precision': 1.0, 'recall': 0.98, 'f1-score': 0.98989898989899, 'support': 200.0}, 'tcp': {'precision': 0.7194244604316546, 'recall': 1.0, 'f1-score': 0.8368200836820083, 'support': 200.0}, 'udp': {'precision': 0.06896551724137931, 'recall': 0.02, 'f1-score': 0.031007751937984496, 'support': 200.0}, 'udpplain': {'precision': 0.9827586206896551, 'recall': 0.57, 'f1-score': 0.7215189873417721, 'support': 200.0}, 'accuracy': 0.7411111111111112, 'macro avg': {'precision': 0.7521540975603277, 'recall': 0.741111111111111, 'f1-score': 0.7125873459727292, 'support': 1800.0}, 'weighted avg': {'precision': 0.7521540975603277, 'recall': 0.7411111111111112, 'f1-score': 0.7125873459727291, 'support': 1800.0}}","[[191   0   0   0   7   0   0   2   0]
 [  0 188   0   0   0   0   0  12   0]
 [  0   0 196   4   0   0   0   0   0]
 [  1   0 112  87   0   0   0   0   0]
 [  2   1   0   0 158   0   0  37   2]
 [  0   0   0   0   3 196   0   1   0]
 [  0   0   0   0   0   0 200   0   0]
 [  0 118   0   0   0   0  78   4   0]
 [  0  84   0   0   0   0   0   2 114]]",0.003644704818725586,0.003203868865966797
37,N_BaIoT,-1,rbf,QuantileTransformer,NC,0.4499282697054501,-1,-1,88.5432098765432,48.44444444444444,6.444444444444445,38.949876833842836,39.74024101157856,-1,"{'0Normal': {'precision': 0.7100840336134454, 'recall': 0.845, 'f1-score': 0.771689497716895, 'support': 200.0}, 'ack': {'precision': 0.0, 'recall': 0.0, 'f1-score': 0.0, 'support': 200.0}, 'combo': {'precision': 0.9256198347107438, 'recall': 0.56, 'f1-score': 0.6978193146417445, 'support': 200.0}, 'junk': {'precision': 0.3060897435897436, 'recall': 0.955, 'f1-score': 0.46359223300970875, 'support': 200.0}, 'scan': {'precision': 0.3544600938967136, 'recall': 0.755, 'f1-score': 0.48242811501597443, 'support': 200.0}, 'syn': {'precision': 0.0, 'recall': 0.0, 'f1-score': 0.0, 'support': 200.0}, 'tcp': {'precision': 0.7142857142857143, 'recall': 1.0, 'f1-score': 0.8333333333333334, 'support': 200.0}, 'udp': {'precision': 0.0, 'recall': 0.0, 'f1-score': 0.0, 'support': 200.0}, 'udpplain': {'precision': 0.494949494949495, 'recall': 0.245, 'f1-score': 0.3277591973244147, 'support': 200.0}, 'accuracy': 0.48444444444444446, 'macro avg': {'precision': 0.3894987683384284, 'recall': 0.48444444444444446, 'f1-score': 0.39740241011578564, 'support': 1800.0}, 'weighted avg': {'precision': 0.38949876833842845, 'recall': 0.48444444444444446, 'f1-score': 0.3974024101157857, 'support': 1800.0}}","[[169   6   0   5   7   1   0   5   7]
 [  0   0   0 131  69   0   0   0   0]
 [  0   0 112  88   0   0   0   0   0]
 [  1   0   8 191   0   0   0   0   0]
 [  4   0   0   0 151   0   2   0  43]
 [  0   0   0 128  72   0   0   0   0]
 [  0   0   0   0   0   0 200   0   0]
 [  0   0   0  81  41   0  78   0   0]
 [ 64   0   1   0  86   0   0   0  49]]",0.0012443065643310547,0.0005793571472167969
38,N_BaIoT,-1,rbf,QuantileTransformer,RNC,0.6974307609508709,-1,-1,93.37037037037037,70.16666666666667,3.729166666666667,89.14349552224685,72.61666407146168,-1,"{'0Normal': {'precision': 0.30349013657056145, 'recall': 1.0, 'f1-score': 0.46565774155995343, 'support': 200.0}, 'ack': {'precision': 1.0, 'recall': 0.535, 'f1-score': 0.6970684039087948, 'support': 200.0}, 'combo': {'precision': 1.0, 'recall': 0.51, 'f1-score': 0.6754966887417219, 'support': 200.0}, 'junk': {'precision': 1.0, 'recall': 0.805, 'f1-score': 0.8919667590027701, 'support': 200.0}, 'scan': {'precision': 1.0, 'recall': 0.8, 'f1-score': 0.8888888888888888, 'support': 200.0}, 'syn': {'precision': 1.0, 'recall': 0.805, 'f1-score': 0.8919667590027701, 'support': 200.0}, 'tcp': {'precision': 0.7194244604316546, 'recall': 1.0, 'f1-score': 0.8368200836820083, 'support': 200.0}, 'udp': {'precision': 1.0, 'recall': 0.325, 'f1-score': 0.49056603773584906, 'support': 200.0}, 'udpplain': {'precision': 1.0, 'recall': 0.535, 'f1-score': 0.6970684039087948, 'support': 200.0}, 'accuracy': 0.7016666666666667, 'macro avg': {'precision': 0.8914349552224685, 'recall': 0.7016666666666667, 'f1-score': 0.7261666407146169, 'support': 1800.0}, 'weighted avg': {'precision': 0.8914349552224684, 'recall': 0.7016666666666667, 'f1-score': 0.7261666407146168, 'support': 1800.0}}","[[200   0   0   0   0   0   0   0   0]
 [ 93 107   0   0   0   0   0   0   0]
 [ 98   0 102   0   0   0   0   0   0]
 [ 39   0   0 161   0   0   0   0   0]
 [ 40   0   0   0 160   0   0   0   0]
 [ 39   0   0   0   0 161   0   0   0]
 [  0   0   0   0   0   0 200   0   0]
 [ 57   0   0   0   0   0  78  65   0]
 [ 93   0   0   0   0   0   0   0 107]]",0.0004782676696777344,0.06615734100341797
39,N_BaIoT,-1,poly,QuantileTransformer,KNN,0.9837766443115967,-1,-1,99.67901234567901,98.55555555555556,0.18055555555555555,98.57439968442007,98.55435293951231,-1,"{'0Normal': {'precision': 0.9897959183673469, 'recall': 0.97, 'f1-score': 0.9797979797979798, 'support': 200.0}, 'ack': {'precision': 0.961352657004831, 'recall': 0.995, 'f1-score': 0.9778869778869779, 'support': 200.0}, 'combo': {'precision': 0.9897959183673469, 'recall': 0.97, 'f1-score': 0.9797979797979798, 'support': 200.0}, 'junk': {'precision': 0.9656862745098039, 'recall': 0.985, 'f1-score': 0.9752475247524752, 'support': 200.0}, 'scan': {'precision': 0.99, 'recall': 0.99, 'f1-score': 0.99, 'support': 200.0}, 'syn': {'precision': 0.9950248756218906, 'recall': 1.0, 'f1-score': 0.9975062344139651, 'support': 200.0}, 'tcp': {'precision': 1.0, 'recall': 1.0, 'f1-score': 1.0, 'support': 200.0}, 'udp': {'precision': 0.9948186528497409, 'recall': 0.96, 'f1-score': 0.9770992366412213, 'support': 200.0}, 'udpplain': {'precision': 0.9852216748768473, 'recall': 1.0, 'f1-score': 0.9925558312655087, 'support': 200.0}, 'accuracy': 0.9855555555555555, 'macro avg': {'precision': 0.9857439968442008, 'recall': 0.9855555555555556, 'f1-score': 0.9855435293951231, 'support': 1800.0}, 'weighted avg': {'precision': 0.9857439968442009, 'recall': 0.9855555555555555, 'f1-score': 0.985543529395123, 'support': 1800.0}}","[[194   0   0   3   2   0   0   1   0]
 [  0 199   0   0   0   0   0   0   1]
 [  0   0 194   4   0   1   0   0   1]
 [  1   0   2 197   0   0   0   0   0]
 [  1   0   0   0 198   0   0   0   1]
 [  0   0   0   0   0 200   0   0   0]
 [  0   0   0   0   0   0 200   0   0]
 [  0   8   0   0   0   0   0 192   0]
 [  0   0   0   0   0   0   0   0 200]]",0.0006389617919921875,0.01325368881225586
40,N_BaIoT,-1,poly,QuantileTransformer,LDA,0.883482619824731,-1,-1,97.61728395061728,89.27777777777777,1.3402777777777777,90.39217258871619,87.8215035551924,-1,"{'0Normal': {'precision': 0.9949748743718593, 'recall': 0.99, 'f1-score': 0.9924812030075187, 'support': 200.0}, 'ack': {'precision': 0.8065843621399177, 'recall': 0.98, 'f1-score': 0.8848758465011287, 'support': 200.0}, 'combo': {'precision': 0.8546255506607929, 'recall': 0.97, 'f1-score': 0.9086651053864169, 'support': 200.0}, 'junk': {'precision': 0.9940476190476191, 'recall': 0.835, 'f1-score': 0.907608695652174, 'support': 200.0}, 'scan': {'precision': 0.919431279620853, 'recall': 0.97, 'f1-score': 0.9440389294403893, 'support': 200.0}, 'syn': {'precision': 0.9900497512437811, 'recall': 0.995, 'f1-score': 0.9925187032418953, 'support': 200.0}, 'tcp': {'precision': 0.7194244604316546, 'recall': 1.0, 'f1-score': 0.8368200836820083, 'support': 200.0}, 'udp': {'precision': 0.8857142857142857, 'recall': 0.31, 'f1-score': 0.45925925925925926, 'support': 200.0}, 'udpplain': {'precision': 0.9704433497536946, 'recall': 0.985, 'f1-score': 0.9776674937965261, 'support': 200.0}, 'accuracy': 0.8927777777777778, 'macro avg': {'precision': 0.9039217258871619, 'recall': 0.8927777777777778, 'f1-score': 0.8782150355519239, 'support': 1800.0}, 'weighted avg': {'precision': 0.9039217258871619, 'recall': 0.8927777777777778, 'f1-score': 0.878215035551924, 'support': 1800.0}}","[[198   1   0   0   0   0   0   1   0]
 [  0 196   0   0   0   0   0   4   0]
 [  0   0 194   1   0   0   0   0   5]
 [  0   0  33 167   0   0   0   0   0]
 [  1   0   0   0 194   2   0   2   1]
 [  0   0   0   0   0 199   0   1   0]
 [  0   0   0   0   0   0 200   0   0]
 [  0  43   0   0  17   0  78  62   0]
 [  0   3   0   0   0   0   0   0 197]]",0.024309873580932617,0.00843667984008789
41,N_BaIoT,-1,poly,QuantileTransformer,NuSVC,0.9762923747205964,-1,-1,99.53086419753086,97.88888888888887,0.2638888888888889,97.92232346299348,97.88874366493717,-1,"{'0Normal': {'precision': 0.9895833333333334, 'recall': 0.95, 'f1-score': 0.9693877551020408, 'support': 200.0}, 'ack': {'precision': 0.9900497512437811, 'recall': 0.995, 'f1-score': 0.9925187032418953, 'support': 200.0}, 'combo': {'precision': 0.9554455445544554, 'recall': 0.965, 'f1-score': 0.9601990049751243, 'support': 200.0}, 'junk': {'precision': 0.9795918367346939, 'recall': 0.96, 'f1-score': 0.9696969696969697, 'support': 200.0}, 'scan': {'precision': 0.9753694581280788, 'recall': 0.99, 'f1-score': 0.9826302729528535, 'support': 200.0}, 'syn': {'precision': 1.0, 'recall': 0.97, 'f1-score': 0.9847715736040609, 'support': 200.0}, 'tcp': {'precision': 1.0, 'recall': 0.99, 'f1-score': 0.9949748743718593, 'support': 200.0}, 'udp': {'precision': 0.9705882352941176, 'recall': 0.99, 'f1-score': 0.9801980198019802, 'support': 200.0}, 'udpplain': {'precision': 0.9523809523809523, 'recall': 1.0, 'f1-score': 0.975609756097561, 'support': 200.0}, 'accuracy': 0.9788888888888889, 'macro avg': {'precision': 0.9792232346299348, 'recall': 0.9788888888888887, 'f1-score': 0.9788874366493717, 'support': 1800.0}, 'weighted avg': {'precision': 0.9792232346299347, 'recall': 0.9788888888888889, 'f1-score': 0.9788874366493716, 'support': 1800.0}}","[[190   0   1   2   1   0   0   4   2]
 [  0 199   0   0   0   0   0   0   1]
 [  0   0 193   2   0   0   0   0   5]
 [  1   0   6 192   0   0   0   0   1]
 [  1   0   0   0 198   0   0   0   1]
 [  0   0   2   0   4 194   0   0   0]
 [  0   0   0   0   0   0 198   2   0]
 [  0   2   0   0   0   0   0 198   0]
 [  0   0   0   0   0   0   0   0 200]]",0.6743676662445068,0.2695908546447754
42,N_BaIoT,-1,poly,QuantileTransformer,SGD,0.9115922456379842,-1,-1,98.22222222222223,92.0,1.0,92.67193775624854,91.78835899246134,-1,"{'0Normal': {'precision': 0.9900497512437811, 'recall': 0.995, 'f1-score': 0.9925187032418953, 'support': 200.0}, 'ack': {'precision': 0.9884393063583815, 'recall': 0.855, 'f1-score': 0.9168900804289544, 'support': 200.0}, 'combo': {'precision': 0.9751243781094527, 'recall': 0.98, 'f1-score': 0.9775561097256857, 'support': 200.0}, 'junk': {'precision': 0.98, 'recall': 0.98, 'f1-score': 0.98, 'support': 200.0}, 'scan': {'precision': 0.8761061946902655, 'recall': 0.99, 'f1-score': 0.9295774647887324, 'support': 200.0}, 'syn': {'precision': 1.0, 'recall': 0.885, 'f1-score': 0.9389920424403183, 'support': 200.0}, 'tcp': {'precision': 0.7352941176470589, 'recall': 1.0, 'f1-score': 0.847457627118644, 'support': 200.0}, 'udp': {'precision': 0.815068493150685, 'recall': 0.595, 'f1-score': 0.6878612716763006, 'support': 200.0}, 'udpplain': {'precision': 0.9803921568627451, 'recall': 1.0, 'f1-score': 0.9900990099009901, 'support': 200.0}, 'accuracy': 0.92, 'macro avg': {'precision': 0.9267193775624855, 'recall': 0.9199999999999999, 'f1-score': 0.9178835899246134, 'support': 1800.0}, 'weighted avg': {'precision': 0.9267193775624856, 'recall': 0.92, 'f1-score': 0.9178835899246135, 'support': 1800.0}}","[[199   0   0   0   1   0   0   0   0]
 [  0 171   0   0   1   0   0  25   3]
 [  0   0 196   3   0   0   0   1   0]
 [  1   0   3 196   0   0   0   0   0]
 [  1   0   0   0 198   0   0   0   1]
 [  0   0   0   0  22 177   0   1   0]
 [  0   0   0   0   0   0 200   0   0]
 [  0   2   2   1   4   0  72 119   0]
 [  0   0   0   0   0   0   0   0 200]]",0.1717836856842041,0.00038242340087890625
43,N_BaIoT,-1,poly,QuantileTransformer,GauNB,0.7206599821809333,-1,-1,94.24691358024691,74.1111111111111,3.236111111111111,75.21540975603277,71.25873459727292,-1,"{'0Normal': {'precision': 0.9845360824742269, 'recall': 0.955, 'f1-score': 0.9695431472081218, 'support': 200.0}, 'ack': {'precision': 0.48081841432225064, 'recall': 0.94, 'f1-score': 0.6362098138747885, 'support': 200.0}, 'combo': {'precision': 0.6363636363636364, 'recall': 0.98, 'f1-score': 0.7716535433070866, 'support': 200.0}, 'junk': {'precision': 0.9560439560439561, 'recall': 0.435, 'f1-score': 0.5979381443298969, 'support': 200.0}, 'scan': {'precision': 0.9404761904761905, 'recall': 0.79, 'f1-score': 0.8586956521739131, 'support': 200.0}, 'syn': {'precision': 1.0, 'recall': 0.98, 'f1-score': 0.98989898989899, 'support': 200.0}, 'tcp': {'precision': 0.7194244604316546, 'recall': 1.0, 'f1-score': 0.8368200836820083, 'support': 200.0}, 'udp': {'precision': 0.06896551724137931, 'recall': 0.02, 'f1-score': 0.031007751937984496, 'support': 200.0}, 'udpplain': {'precision': 0.9827586206896551, 'recall': 0.57, 'f1-score': 0.7215189873417721, 'support': 200.0}, 'accuracy': 0.7411111111111112, 'macro avg': {'precision': 0.7521540975603277, 'recall': 0.741111111111111, 'f1-score': 0.7125873459727292, 'support': 1800.0}, 'weighted avg': {'precision': 0.7521540975603277, 'recall': 0.7411111111111112, 'f1-score': 0.7125873459727291, 'support': 1800.0}}","[[191   0   0   0   7   0   0   2   0]
 [  0 188   0   0   0   0   0  12   0]
 [  0   0 196   4   0   0   0   0   0]
 [  1   0 112  87   0   0   0   0   0]
 [  2   1   0   0 158   0   0  37   2]
 [  0   0   0   0   3 196   0   1   0]
 [  0   0   0   0   0   0 200   0   0]
 [  0 118   0   0   0   0  78   4   0]
 [  0  84   0   0   0   0   0   2 114]]",0.003623485565185547,0.0030260086059570312
44,N_BaIoT,-1,poly,QuantileTransformer,NC,0.4499282697054501,-1,-1,88.5432098765432,48.44444444444444,6.444444444444445,38.949876833842836,39.74024101157856,-1,"{'0Normal': {'precision': 0.7100840336134454, 'recall': 0.845, 'f1-score': 0.771689497716895, 'support': 200.0}, 'ack': {'precision': 0.0, 'recall': 0.0, 'f1-score': 0.0, 'support': 200.0}, 'combo': {'precision': 0.9256198347107438, 'recall': 0.56, 'f1-score': 0.6978193146417445, 'support': 200.0}, 'junk': {'precision': 0.3060897435897436, 'recall': 0.955, 'f1-score': 0.46359223300970875, 'support': 200.0}, 'scan': {'precision': 0.3544600938967136, 'recall': 0.755, 'f1-score': 0.48242811501597443, 'support': 200.0}, 'syn': {'precision': 0.0, 'recall': 0.0, 'f1-score': 0.0, 'support': 200.0}, 'tcp': {'precision': 0.7142857142857143, 'recall': 1.0, 'f1-score': 0.8333333333333334, 'support': 200.0}, 'udp': {'precision': 0.0, 'recall': 0.0, 'f1-score': 0.0, 'support': 200.0}, 'udpplain': {'precision': 0.494949494949495, 'recall': 0.245, 'f1-score': 0.3277591973244147, 'support': 200.0}, 'accuracy': 0.48444444444444446, 'macro avg': {'precision': 0.3894987683384284, 'recall': 0.48444444444444446, 'f1-score': 0.39740241011578564, 'support': 1800.0}, 'weighted avg': {'precision': 0.38949876833842845, 'recall': 0.48444444444444446, 'f1-score': 0.3974024101157857, 'support': 1800.0}}","[[169   6   0   5   7   1   0   5   7]
 [  0   0   0 131  69   0   0   0   0]
 [  0   0 112  88   0   0   0   0   0]
 [  1   0   8 191   0   0   0   0   0]
 [  4   0   0   0 151   0   2   0  43]
 [  0   0   0 128  72   0   0   0   0]
 [  0   0   0   0   0   0 200   0   0]
 [  0   0   0  81  41   0  78   0   0]
 [ 64   0   1   0  86   0   0   0  49]]",0.0012221336364746094,0.04607057571411133
45,N_BaIoT,-1,poly,QuantileTransformer,RNC,0.6974307609508709,-1,-1,93.37037037037037,70.16666666666667,3.729166666666667,89.14349552224685,72.61666407146168,-1,"{'0Normal': {'precision': 0.30349013657056145, 'recall': 1.0, 'f1-score': 0.46565774155995343, 'support': 200.0}, 'ack': {'precision': 1.0, 'recall': 0.535, 'f1-score': 0.6970684039087948, 'support': 200.0}, 'combo': {'precision': 1.0, 'recall': 0.51, 'f1-score': 0.6754966887417219, 'support': 200.0}, 'junk': {'precision': 1.0, 'recall': 0.805, 'f1-score': 0.8919667590027701, 'support': 200.0}, 'scan': {'precision': 1.0, 'recall': 0.8, 'f1-score': 0.8888888888888888, 'support': 200.0}, 'syn': {'precision': 1.0, 'recall': 0.805, 'f1-score': 0.8919667590027701, 'support': 200.0}, 'tcp': {'precision': 0.7194244604316546, 'recall': 1.0, 'f1-score': 0.8368200836820083, 'support': 200.0}, 'udp': {'precision': 1.0, 'recall': 0.325, 'f1-score': 0.49056603773584906, 'support': 200.0}, 'udpplain': {'precision': 1.0, 'recall': 0.535, 'f1-score': 0.6970684039087948, 'support': 200.0}, 'accuracy': 0.7016666666666667, 'macro avg': {'precision': 0.8914349552224685, 'recall': 0.7016666666666667, 'f1-score': 0.7261666407146169, 'support': 1800.0}, 'weighted avg': {'precision': 0.8914349552224684, 'recall': 0.7016666666666667, 'f1-score': 0.7261666407146168, 'support': 1800.0}}","[[200   0   0   0   0   0   0   0   0]
 [ 93 107   0   0   0   0   0   0   0]
 [ 98   0 102   0   0   0   0   0   0]
 [ 39   0   0 161   0   0   0   0   0]
 [ 40   0   0   0 160   0   0   0   0]
 [ 39   0   0   0   0 161   0   0   0]
 [  0   0   0   0   0   0 200   0   0]
 [ 57   0   0   0   0   0  78  65   0]
 [ 93   0   0   0   0   0   0   0 107]]",0.0004169940948486328,0.022043466567993164
46,N_BaIoT,-1,linear,QuantileTransformer,KNN,0.9837766443115967,-1,-1,99.67901234567901,98.55555555555556,0.18055555555555555,98.57439968442007,98.55435293951231,-1,"{'0Normal': {'precision': 0.9897959183673469, 'recall': 0.97, 'f1-score': 0.9797979797979798, 'support': 200.0}, 'ack': {'precision': 0.961352657004831, 'recall': 0.995, 'f1-score': 0.9778869778869779, 'support': 200.0}, 'combo': {'precision': 0.9897959183673469, 'recall': 0.97, 'f1-score': 0.9797979797979798, 'support': 200.0}, 'junk': {'precision': 0.9656862745098039, 'recall': 0.985, 'f1-score': 0.9752475247524752, 'support': 200.0}, 'scan': {'precision': 0.99, 'recall': 0.99, 'f1-score': 0.99, 'support': 200.0}, 'syn': {'precision': 0.9950248756218906, 'recall': 1.0, 'f1-score': 0.9975062344139651, 'support': 200.0}, 'tcp': {'precision': 1.0, 'recall': 1.0, 'f1-score': 1.0, 'support': 200.0}, 'udp': {'precision': 0.9948186528497409, 'recall': 0.96, 'f1-score': 0.9770992366412213, 'support': 200.0}, 'udpplain': {'precision': 0.9852216748768473, 'recall': 1.0, 'f1-score': 0.9925558312655087, 'support': 200.0}, 'accuracy': 0.9855555555555555, 'macro avg': {'precision': 0.9857439968442008, 'recall': 0.9855555555555556, 'f1-score': 0.9855435293951231, 'support': 1800.0}, 'weighted avg': {'precision': 0.9857439968442009, 'recall': 0.9855555555555555, 'f1-score': 0.985543529395123, 'support': 1800.0}}","[[194   0   0   3   2   0   0   1   0]
 [  0 199   0   0   0   0   0   0   1]
 [  0   0 194   4   0   1   0   0   1]
 [  1   0   2 197   0   0   0   0   0]
 [  1   0   0   0 198   0   0   0   1]
 [  0   0   0   0   0 200   0   0   0]
 [  0   0   0   0   0   0 200   0   0]
 [  0   8   0   0   0   0   0 192   0]
 [  0   0   0   0   0   0   0   0 200]]",0.0006325244903564453,0.013173580169677734
47,N_BaIoT,-1,linear,QuantileTransformer,LDA,0.883482619824731,-1,-1,97.61728395061728,89.27777777777777,1.3402777777777777,90.39217258871619,87.8215035551924,-1,"{'0Normal': {'precision': 0.9949748743718593, 'recall': 0.99, 'f1-score': 0.9924812030075187, 'support': 200.0}, 'ack': {'precision': 0.8065843621399177, 'recall': 0.98, 'f1-score': 0.8848758465011287, 'support': 200.0}, 'combo': {'precision': 0.8546255506607929, 'recall': 0.97, 'f1-score': 0.9086651053864169, 'support': 200.0}, 'junk': {'precision': 0.9940476190476191, 'recall': 0.835, 'f1-score': 0.907608695652174, 'support': 200.0}, 'scan': {'precision': 0.919431279620853, 'recall': 0.97, 'f1-score': 0.9440389294403893, 'support': 200.0}, 'syn': {'precision': 0.9900497512437811, 'recall': 0.995, 'f1-score': 0.9925187032418953, 'support': 200.0}, 'tcp': {'precision': 0.7194244604316546, 'recall': 1.0, 'f1-score': 0.8368200836820083, 'support': 200.0}, 'udp': {'precision': 0.8857142857142857, 'recall': 0.31, 'f1-score': 0.45925925925925926, 'support': 200.0}, 'udpplain': {'precision': 0.9704433497536946, 'recall': 0.985, 'f1-score': 0.9776674937965261, 'support': 200.0}, 'accuracy': 0.8927777777777778, 'macro avg': {'precision': 0.9039217258871619, 'recall': 0.8927777777777778, 'f1-score': 0.8782150355519239, 'support': 1800.0}, 'weighted avg': {'precision': 0.9039217258871619, 'recall': 0.8927777777777778, 'f1-score': 0.878215035551924, 'support': 1800.0}}","[[198   1   0   0   0   0   0   1   0]
 [  0 196   0   0   0   0   0   4   0]
 [  0   0 194   1   0   0   0   0   5]
 [  0   0  33 167   0   0   0   0   0]
 [  1   0   0   0 194   2   0   2   1]
 [  0   0   0   0   0 199   0   1   0]
 [  0   0   0   0   0   0 200   0   0]
 [  0  43   0   0  17   0  78  62   0]
 [  0   3   0   0   0   0   0   0 197]]",0.023425579071044922,0.0004210472106933594
48,N_BaIoT,-1,linear,QuantileTransformer,NuSVC,0.9762923747205964,-1,-1,99.53086419753086,97.88888888888887,0.2638888888888889,97.92232346299348,97.88874366493717,-1,"{'0Normal': {'precision': 0.9895833333333334, 'recall': 0.95, 'f1-score': 0.9693877551020408, 'support': 200.0}, 'ack': {'precision': 0.9900497512437811, 'recall': 0.995, 'f1-score': 0.9925187032418953, 'support': 200.0}, 'combo': {'precision': 0.9554455445544554, 'recall': 0.965, 'f1-score': 0.9601990049751243, 'support': 200.0}, 'junk': {'precision': 0.9795918367346939, 'recall': 0.96, 'f1-score': 0.9696969696969697, 'support': 200.0}, 'scan': {'precision': 0.9753694581280788, 'recall': 0.99, 'f1-score': 0.9826302729528535, 'support': 200.0}, 'syn': {'precision': 1.0, 'recall': 0.97, 'f1-score': 0.9847715736040609, 'support': 200.0}, 'tcp': {'precision': 1.0, 'recall': 0.99, 'f1-score': 0.9949748743718593, 'support': 200.0}, 'udp': {'precision': 0.9705882352941176, 'recall': 0.99, 'f1-score': 0.9801980198019802, 'support': 200.0}, 'udpplain': {'precision': 0.9523809523809523, 'recall': 1.0, 'f1-score': 0.975609756097561, 'support': 200.0}, 'accuracy': 0.9788888888888889, 'macro avg': {'precision': 0.9792232346299348, 'recall': 0.9788888888888887, 'f1-score': 0.9788874366493717, 'support': 1800.0}, 'weighted avg': {'precision': 0.9792232346299347, 'recall': 0.9788888888888889, 'f1-score': 0.9788874366493716, 'support': 1800.0}}","[[190   0   1   2   1   0   0   4   2]
 [  0 199   0   0   0   0   0   0   1]
 [  0   0 193   2   0   0   0   0   5]
 [  1   0   6 192   0   0   0   0   1]
 [  1   0   0   0 198   0   0   0   1]
 [  0   0   2   0   4 194   0   0   0]
 [  0   0   0   0   0   0 198   2   0]
 [  0   2   0   0   0   0   0 198   0]
 [  0   0   0   0   0   0   0   0 200]]",0.6665339469909668,0.2715601921081543
49,N_BaIoT,-1,linear,QuantileTransformer,SGD,0.9115922456379842,-1,-1,98.22222222222223,92.0,1.0,92.67193775624854,91.78835899246134,-1,"{'0Normal': {'precision': 0.9900497512437811, 'recall': 0.995, 'f1-score': 0.9925187032418953, 'support': 200.0}, 'ack': {'precision': 0.9884393063583815, 'recall': 0.855, 'f1-score': 0.9168900804289544, 'support': 200.0}, 'combo': {'precision': 0.9751243781094527, 'recall': 0.98, 'f1-score': 0.9775561097256857, 'support': 200.0}, 'junk': {'precision': 0.98, 'recall': 0.98, 'f1-score': 0.98, 'support': 200.0}, 'scan': {'precision': 0.8761061946902655, 'recall': 0.99, 'f1-score': 0.9295774647887324, 'support': 200.0}, 'syn': {'precision': 1.0, 'recall': 0.885, 'f1-score': 0.9389920424403183, 'support': 200.0}, 'tcp': {'precision': 0.7352941176470589, 'recall': 1.0, 'f1-score': 0.847457627118644, 'support': 200.0}, 'udp': {'precision': 0.815068493150685, 'recall': 0.595, 'f1-score': 0.6878612716763006, 'support': 200.0}, 'udpplain': {'precision': 0.9803921568627451, 'recall': 1.0, 'f1-score': 0.9900990099009901, 'support': 200.0}, 'accuracy': 0.92, 'macro avg': {'precision': 0.9267193775624855, 'recall': 0.9199999999999999, 'f1-score': 0.9178835899246134, 'support': 1800.0}, 'weighted avg': {'precision': 0.9267193775624856, 'recall': 0.92, 'f1-score': 0.9178835899246135, 'support': 1800.0}}","[[199   0   0   0   1   0   0   0   0]
 [  0 171   0   0   1   0   0  25   3]
 [  0   0 196   3   0   0   0   1   0]
 [  1   0   3 196   0   0   0   0   0]
 [  1   0   0   0 198   0   0   0   1]
 [  0   0   0   0  22 177   0   1   0]
 [  0   0   0   0   0   0 200   0   0]
 [  0   2   2   1   4   0  72 119   0]
 [  0   0   0   0   0   0   0   0 200]]",0.17101764678955078,0.0003731250762939453
50,N_BaIoT,-1,linear,QuantileTransformer,GauNB,0.7206599821809333,-1,-1,94.24691358024691,74.1111111111111,3.236111111111111,75.21540975603277,71.25873459727292,-1,"{'0Normal': {'precision': 0.9845360824742269, 'recall': 0.955, 'f1-score': 0.9695431472081218, 'support': 200.0}, 'ack': {'precision': 0.48081841432225064, 'recall': 0.94, 'f1-score': 0.6362098138747885, 'support': 200.0}, 'combo': {'precision': 0.6363636363636364, 'recall': 0.98, 'f1-score': 0.7716535433070866, 'support': 200.0}, 'junk': {'precision': 0.9560439560439561, 'recall': 0.435, 'f1-score': 0.5979381443298969, 'support': 200.0}, 'scan': {'precision': 0.9404761904761905, 'recall': 0.79, 'f1-score': 0.8586956521739131, 'support': 200.0}, 'syn': {'precision': 1.0, 'recall': 0.98, 'f1-score': 0.98989898989899, 'support': 200.0}, 'tcp': {'precision': 0.7194244604316546, 'recall': 1.0, 'f1-score': 0.8368200836820083, 'support': 200.0}, 'udp': {'precision': 0.06896551724137931, 'recall': 0.02, 'f1-score': 0.031007751937984496, 'support': 200.0}, 'udpplain': {'precision': 0.9827586206896551, 'recall': 0.57, 'f1-score': 0.7215189873417721, 'support': 200.0}, 'accuracy': 0.7411111111111112, 'macro avg': {'precision': 0.7521540975603277, 'recall': 0.741111111111111, 'f1-score': 0.7125873459727292, 'support': 1800.0}, 'weighted avg': {'precision': 0.7521540975603277, 'recall': 0.7411111111111112, 'f1-score': 0.7125873459727291, 'support': 1800.0}}","[[191   0   0   0   7   0   0   2   0]
 [  0 188   0   0   0   0   0  12   0]
 [  0   0 196   4   0   0   0   0   0]
 [  1   0 112  87   0   0   0   0   0]
 [  2   1   0   0 158   0   0  37   2]
 [  0   0   0   0   3 196   0   1   0]
 [  0   0   0   0   0   0 200   0   0]
 [  0 118   0   0   0   0  78   4   0]
 [  0  84   0   0   0   0   0   2 114]]",0.003623485565185547,0.003012418746948242
51,N_BaIoT,-1,linear,QuantileTransformer,NC,0.4499282697054501,-1,-1,88.5432098765432,48.44444444444444,6.444444444444445,38.949876833842836,39.74024101157856,-1,"{'0Normal': {'precision': 0.7100840336134454, 'recall': 0.845, 'f1-score': 0.771689497716895, 'support': 200.0}, 'ack': {'precision': 0.0, 'recall': 0.0, 'f1-score': 0.0, 'support': 200.0}, 'combo': {'precision': 0.9256198347107438, 'recall': 0.56, 'f1-score': 0.6978193146417445, 'support': 200.0}, 'junk': {'precision': 0.3060897435897436, 'recall': 0.955, 'f1-score': 0.46359223300970875, 'support': 200.0}, 'scan': {'precision': 0.3544600938967136, 'recall': 0.755, 'f1-score': 0.48242811501597443, 'support': 200.0}, 'syn': {'precision': 0.0, 'recall': 0.0, 'f1-score': 0.0, 'support': 200.0}, 'tcp': {'precision': 0.7142857142857143, 'recall': 1.0, 'f1-score': 0.8333333333333334, 'support': 200.0}, 'udp': {'precision': 0.0, 'recall': 0.0, 'f1-score': 0.0, 'support': 200.0}, 'udpplain': {'precision': 0.494949494949495, 'recall': 0.245, 'f1-score': 0.3277591973244147, 'support': 200.0}, 'accuracy': 0.48444444444444446, 'macro avg': {'precision': 0.3894987683384284, 'recall': 0.48444444444444446, 'f1-score': 0.39740241011578564, 'support': 1800.0}, 'weighted avg': {'precision': 0.38949876833842845, 'recall': 0.48444444444444446, 'f1-score': 0.3974024101157857, 'support': 1800.0}}","[[169   6   0   5   7   1   0   5   7]
 [  0   0   0 131  69   0   0   0   0]
 [  0   0 112  88   0   0   0   0   0]
 [  1   0   8 191   0   0   0   0   0]
 [  4   0   0   0 151   0   2   0  43]
 [  0   0   0 128  72   0   0   0   0]
 [  0   0   0   0   0   0 200   0   0]
 [  0   0   0  81  41   0  78   0   0]
 [ 64   0   1   0  86   0   0   0  49]]",0.0013697147369384766,0.046291351318359375
52,N_BaIoT,-1,linear,QuantileTransformer,RNC,0.6974307609508709,-1,-1,93.37037037037037,70.16666666666667,3.729166666666667,89.14349552224685,72.61666407146168,-1,"{'0Normal': {'precision': 0.30349013657056145, 'recall': 1.0, 'f1-score': 0.46565774155995343, 'support': 200.0}, 'ack': {'precision': 1.0, 'recall': 0.535, 'f1-score': 0.6970684039087948, 'support': 200.0}, 'combo': {'precision': 1.0, 'recall': 0.51, 'f1-score': 0.6754966887417219, 'support': 200.0}, 'junk': {'precision': 1.0, 'recall': 0.805, 'f1-score': 0.8919667590027701, 'support': 200.0}, 'scan': {'precision': 1.0, 'recall': 0.8, 'f1-score': 0.8888888888888888, 'support': 200.0}, 'syn': {'precision': 1.0, 'recall': 0.805, 'f1-score': 0.8919667590027701, 'support': 200.0}, 'tcp': {'precision': 0.7194244604316546, 'recall': 1.0, 'f1-score': 0.8368200836820083, 'support': 200.0}, 'udp': {'precision': 1.0, 'recall': 0.325, 'f1-score': 0.49056603773584906, 'support': 200.0}, 'udpplain': {'precision': 1.0, 'recall': 0.535, 'f1-score': 0.6970684039087948, 'support': 200.0}, 'accuracy': 0.7016666666666667, 'macro avg': {'precision': 0.8914349552224685, 'recall': 0.7016666666666667, 'f1-score': 0.7261666407146169, 'support': 1800.0}, 'weighted avg': {'precision': 0.8914349552224684, 'recall': 0.7016666666666667, 'f1-score': 0.7261666407146168, 'support': 1800.0}}","[[200   0   0   0   0   0   0   0   0]
 [ 93 107   0   0   0   0   0   0   0]
 [ 98   0 102   0   0   0   0   0   0]
 [ 39   0   0 161   0   0   0   0   0]
 [ 40   0   0   0 160   0   0   0   0]
 [ 39   0   0   0   0 161   0   0   0]
 [  0   0   0   0   0   0 200   0   0]
 [ 57   0   0   0   0   0  78  65   0]
 [ 93   0   0   0   0   0   0   0 107]]",0.00047516822814941406,0.016820430755615234
53,N_BaIoT,-1,sigmoid,QuantileTransformer,KNN,0.9837766443115967,-1,-1,99.67901234567901,98.55555555555556,0.18055555555555555,98.57439968442007,98.55435293951231,-1,"{'0Normal': {'precision': 0.9897959183673469, 'recall': 0.97, 'f1-score': 0.9797979797979798, 'support': 200.0}, 'ack': {'precision': 0.961352657004831, 'recall': 0.995, 'f1-score': 0.9778869778869779, 'support': 200.0}, 'combo': {'precision': 0.9897959183673469, 'recall': 0.97, 'f1-score': 0.9797979797979798, 'support': 200.0}, 'junk': {'precision': 0.9656862745098039, 'recall': 0.985, 'f1-score': 0.9752475247524752, 'support': 200.0}, 'scan': {'precision': 0.99, 'recall': 0.99, 'f1-score': 0.99, 'support': 200.0}, 'syn': {'precision': 0.9950248756218906, 'recall': 1.0, 'f1-score': 0.9975062344139651, 'support': 200.0}, 'tcp': {'precision': 1.0, 'recall': 1.0, 'f1-score': 1.0, 'support': 200.0}, 'udp': {'precision': 0.9948186528497409, 'recall': 0.96, 'f1-score': 0.9770992366412213, 'support': 200.0}, 'udpplain': {'precision': 0.9852216748768473, 'recall': 1.0, 'f1-score': 0.9925558312655087, 'support': 200.0}, 'accuracy': 0.9855555555555555, 'macro avg': {'precision': 0.9857439968442008, 'recall': 0.9855555555555556, 'f1-score': 0.9855435293951231, 'support': 1800.0}, 'weighted avg': {'precision': 0.9857439968442009, 'recall': 0.9855555555555555, 'f1-score': 0.985543529395123, 'support': 1800.0}}","[[194   0   0   3   2   0   0   1   0]
 [  0 199   0   0   0   0   0   0   1]
 [  0   0 194   4   0   1   0   0   1]
 [  1   0   2 197   0   0   0   0   0]
 [  1   0   0   0 198   0   0   0   1]
 [  0   0   0   0   0 200   0   0   0]
 [  0   0   0   0   0   0 200   0   0]
 [  0   8   0   0   0   0   0 192   0]
 [  0   0   0   0   0   0   0   0 200]]",0.0006437301635742188,0.013267755508422852
54,N_BaIoT,-1,sigmoid,QuantileTransformer,LDA,0.883482619824731,-1,-1,97.61728395061728,89.27777777777777,1.3402777777777777,90.39217258871619,87.8215035551924,-1,"{'0Normal': {'precision': 0.9949748743718593, 'recall': 0.99, 'f1-score': 0.9924812030075187, 'support': 200.0}, 'ack': {'precision': 0.8065843621399177, 'recall': 0.98, 'f1-score': 0.8848758465011287, 'support': 200.0}, 'combo': {'precision': 0.8546255506607929, 'recall': 0.97, 'f1-score': 0.9086651053864169, 'support': 200.0}, 'junk': {'precision': 0.9940476190476191, 'recall': 0.835, 'f1-score': 0.907608695652174, 'support': 200.0}, 'scan': {'precision': 0.919431279620853, 'recall': 0.97, 'f1-score': 0.9440389294403893, 'support': 200.0}, 'syn': {'precision': 0.9900497512437811, 'recall': 0.995, 'f1-score': 0.9925187032418953, 'support': 200.0}, 'tcp': {'precision': 0.7194244604316546, 'recall': 1.0, 'f1-score': 0.8368200836820083, 'support': 200.0}, 'udp': {'precision': 0.8857142857142857, 'recall': 0.31, 'f1-score': 0.45925925925925926, 'support': 200.0}, 'udpplain': {'precision': 0.9704433497536946, 'recall': 0.985, 'f1-score': 0.9776674937965261, 'support': 200.0}, 'accuracy': 0.8927777777777778, 'macro avg': {'precision': 0.9039217258871619, 'recall': 0.8927777777777778, 'f1-score': 0.8782150355519239, 'support': 1800.0}, 'weighted avg': {'precision': 0.9039217258871619, 'recall': 0.8927777777777778, 'f1-score': 0.878215035551924, 'support': 1800.0}}","[[198   1   0   0   0   0   0   1   0]
 [  0 196   0   0   0   0   0   4   0]
 [  0   0 194   1   0   0   0   0   5]
 [  0   0  33 167   0   0   0   0   0]
 [  1   0   0   0 194   2   0   2   1]
 [  0   0   0   0   0 199   0   1   0]
 [  0   0   0   0   0   0 200   0   0]
 [  0  43   0   0  17   0  78  62   0]
 [  0   3   0   0   0   0   0   0 197]]",0.02292180061340332,0.0004010200500488281
55,N_BaIoT,-1,sigmoid,QuantileTransformer,NuSVC,0.9762923747205964,-1,-1,99.53086419753086,97.88888888888887,0.2638888888888889,97.92232346299348,97.88874366493717,-1,"{'0Normal': {'precision': 0.9895833333333334, 'recall': 0.95, 'f1-score': 0.9693877551020408, 'support': 200.0}, 'ack': {'precision': 0.9900497512437811, 'recall': 0.995, 'f1-score': 0.9925187032418953, 'support': 200.0}, 'combo': {'precision': 0.9554455445544554, 'recall': 0.965, 'f1-score': 0.9601990049751243, 'support': 200.0}, 'junk': {'precision': 0.9795918367346939, 'recall': 0.96, 'f1-score': 0.9696969696969697, 'support': 200.0}, 'scan': {'precision': 0.9753694581280788, 'recall': 0.99, 'f1-score': 0.9826302729528535, 'support': 200.0}, 'syn': {'precision': 1.0, 'recall': 0.97, 'f1-score': 0.9847715736040609, 'support': 200.0}, 'tcp': {'precision': 1.0, 'recall': 0.99, 'f1-score': 0.9949748743718593, 'support': 200.0}, 'udp': {'precision': 0.9705882352941176, 'recall': 0.99, 'f1-score': 0.9801980198019802, 'support': 200.0}, 'udpplain': {'precision': 0.9523809523809523, 'recall': 1.0, 'f1-score': 0.975609756097561, 'support': 200.0}, 'accuracy': 0.9788888888888889, 'macro avg': {'precision': 0.9792232346299348, 'recall': 0.9788888888888887, 'f1-score': 0.9788874366493717, 'support': 1800.0}, 'weighted avg': {'precision': 0.9792232346299347, 'recall': 0.9788888888888889, 'f1-score': 0.9788874366493716, 'support': 1800.0}}","[[190   0   1   2   1   0   0   4   2]
 [  0 199   0   0   0   0   0   0   1]
 [  0   0 193   2   0   0   0   0   5]
 [  1   0   6 192   0   0   0   0   1]
 [  1   0   0   0 198   0   0   0   1]
 [  0   0   2   0   4 194   0   0   0]
 [  0   0   0   0   0   0 198   2   0]
 [  0   2   0   0   0   0   0 198   0]
 [  0   0   0   0   0   0   0   0 200]]",0.6634304523468018,0.27031636238098145
56,N_BaIoT,-1,sigmoid,QuantileTransformer,SGD,0.9115922456379842,-1,-1,98.22222222222223,92.0,1.0,92.67193775624854,91.78835899246134,-1,"{'0Normal': {'precision': 0.9900497512437811, 'recall': 0.995, 'f1-score': 0.9925187032418953, 'support': 200.0}, 'ack': {'precision': 0.9884393063583815, 'recall': 0.855, 'f1-score': 0.9168900804289544, 'support': 200.0}, 'combo': {'precision': 0.9751243781094527, 'recall': 0.98, 'f1-score': 0.9775561097256857, 'support': 200.0}, 'junk': {'precision': 0.98, 'recall': 0.98, 'f1-score': 0.98, 'support': 200.0}, 'scan': {'precision': 0.8761061946902655, 'recall': 0.99, 'f1-score': 0.9295774647887324, 'support': 200.0}, 'syn': {'precision': 1.0, 'recall': 0.885, 'f1-score': 0.9389920424403183, 'support': 200.0}, 'tcp': {'precision': 0.7352941176470589, 'recall': 1.0, 'f1-score': 0.847457627118644, 'support': 200.0}, 'udp': {'precision': 0.815068493150685, 'recall': 0.595, 'f1-score': 0.6878612716763006, 'support': 200.0}, 'udpplain': {'precision': 0.9803921568627451, 'recall': 1.0, 'f1-score': 0.9900990099009901, 'support': 200.0}, 'accuracy': 0.92, 'macro avg': {'precision': 0.9267193775624855, 'recall': 0.9199999999999999, 'f1-score': 0.9178835899246134, 'support': 1800.0}, 'weighted avg': {'precision': 0.9267193775624856, 'recall': 0.92, 'f1-score': 0.9178835899246135, 'support': 1800.0}}","[[199   0   0   0   1   0   0   0   0]
 [  0 171   0   0   1   0   0  25   3]
 [  0   0 196   3   0   0   0   1   0]
 [  1   0   3 196   0   0   0   0   0]
 [  1   0   0   0 198   0   0   0   1]
 [  0   0   0   0  22 177   0   1   0]
 [  0   0   0   0   0   0 200   0   0]
 [  0   2   2   1   4   0  72 119   0]
 [  0   0   0   0   0   0   0   0 200]]",0.1694931983947754,0.00035643577575683594
57,N_BaIoT,-1,sigmoid,QuantileTransformer,GauNB,0.7206599821809333,-1,-1,94.24691358024691,74.1111111111111,3.236111111111111,75.21540975603277,71.25873459727292,-1,"{'0Normal': {'precision': 0.9845360824742269, 'recall': 0.955, 'f1-score': 0.9695431472081218, 'support': 200.0}, 'ack': {'precision': 0.48081841432225064, 'recall': 0.94, 'f1-score': 0.6362098138747885, 'support': 200.0}, 'combo': {'precision': 0.6363636363636364, 'recall': 0.98, 'f1-score': 0.7716535433070866, 'support': 200.0}, 'junk': {'precision': 0.9560439560439561, 'recall': 0.435, 'f1-score': 0.5979381443298969, 'support': 200.0}, 'scan': {'precision': 0.9404761904761905, 'recall': 0.79, 'f1-score': 0.8586956521739131, 'support': 200.0}, 'syn': {'precision': 1.0, 'recall': 0.98, 'f1-score': 0.98989898989899, 'support': 200.0}, 'tcp': {'precision': 0.7194244604316546, 'recall': 1.0, 'f1-score': 0.8368200836820083, 'support': 200.0}, 'udp': {'precision': 0.06896551724137931, 'recall': 0.02, 'f1-score': 0.031007751937984496, 'support': 200.0}, 'udpplain': {'precision': 0.9827586206896551, 'recall': 0.57, 'f1-score': 0.7215189873417721, 'support': 200.0}, 'accuracy': 0.7411111111111112, 'macro avg': {'precision': 0.7521540975603277, 'recall': 0.741111111111111, 'f1-score': 0.7125873459727292, 'support': 1800.0}, 'weighted avg': {'precision': 0.7521540975603277, 'recall': 0.7411111111111112, 'f1-score': 0.7125873459727291, 'support': 1800.0}}","[[191   0   0   0   7   0   0   2   0]
 [  0 188   0   0   0   0   0  12   0]
 [  0   0 196   4   0   0   0   0   0]
 [  1   0 112  87   0   0   0   0   0]
 [  2   1   0   0 158   0   0  37   2]
 [  0   0   0   0   3 196   0   1   0]
 [  0   0   0   0   0   0 200   0   0]
 [  0 118   0   0   0   0  78   4   0]
 [  0  84   0   0   0   0   0   2 114]]",0.0036363601684570312,0.003058910369873047
58,N_BaIoT,-1,sigmoid,QuantileTransformer,NC,0.4499282697054501,-1,-1,88.5432098765432,48.44444444444444,6.444444444444445,38.949876833842836,39.74024101157856,-1,"{'0Normal': {'precision': 0.7100840336134454, 'recall': 0.845, 'f1-score': 0.771689497716895, 'support': 200.0}, 'ack': {'precision': 0.0, 'recall': 0.0, 'f1-score': 0.0, 'support': 200.0}, 'combo': {'precision': 0.9256198347107438, 'recall': 0.56, 'f1-score': 0.6978193146417445, 'support': 200.0}, 'junk': {'precision': 0.3060897435897436, 'recall': 0.955, 'f1-score': 0.46359223300970875, 'support': 200.0}, 'scan': {'precision': 0.3544600938967136, 'recall': 0.755, 'f1-score': 0.48242811501597443, 'support': 200.0}, 'syn': {'precision': 0.0, 'recall': 0.0, 'f1-score': 0.0, 'support': 200.0}, 'tcp': {'precision': 0.7142857142857143, 'recall': 1.0, 'f1-score': 0.8333333333333334, 'support': 200.0}, 'udp': {'precision': 0.0, 'recall': 0.0, 'f1-score': 0.0, 'support': 200.0}, 'udpplain': {'precision': 0.494949494949495, 'recall': 0.245, 'f1-score': 0.3277591973244147, 'support': 200.0}, 'accuracy': 0.48444444444444446, 'macro avg': {'precision': 0.3894987683384284, 'recall': 0.48444444444444446, 'f1-score': 0.39740241011578564, 'support': 1800.0}, 'weighted avg': {'precision': 0.38949876833842845, 'recall': 0.48444444444444446, 'f1-score': 0.3974024101157857, 'support': 1800.0}}","[[169   6   0   5   7   1   0   5   7]
 [  0   0   0 131  69   0   0   0   0]
 [  0   0 112  88   0   0   0   0   0]
 [  1   0   8 191   0   0   0   0   0]
 [  4   0   0   0 151   0   2   0  43]
 [  0   0   0 128  72   0   0   0   0]
 [  0   0   0   0   0   0 200   0   0]
 [  0   0   0  81  41   0  78   0   0]
 [ 64   0   1   0  86   0   0   0  49]]",0.001209259033203125,0.000888824462890625
59,N_BaIoT,-1,sigmoid,QuantileTransformer,RNC,0.6974307609508709,-1,-1,93.37037037037037,70.16666666666667,3.729166666666667,89.14349552224685,72.61666407146168,-1,"{'0Normal': {'precision': 0.30349013657056145, 'recall': 1.0, 'f1-score': 0.46565774155995343, 'support': 200.0}, 'ack': {'precision': 1.0, 'recall': 0.535, 'f1-score': 0.6970684039087948, 'support': 200.0}, 'combo': {'precision': 1.0, 'recall': 0.51, 'f1-score': 0.6754966887417219, 'support': 200.0}, 'junk': {'precision': 1.0, 'recall': 0.805, 'f1-score': 0.8919667590027701, 'support': 200.0}, 'scan': {'precision': 1.0, 'recall': 0.8, 'f1-score': 0.8888888888888888, 'support': 200.0}, 'syn': {'precision': 1.0, 'recall': 0.805, 'f1-score': 0.8919667590027701, 'support': 200.0}, 'tcp': {'precision': 0.7194244604316546, 'recall': 1.0, 'f1-score': 0.8368200836820083, 'support': 200.0}, 'udp': {'precision': 1.0, 'recall': 0.325, 'f1-score': 0.49056603773584906, 'support': 200.0}, 'udpplain': {'precision': 1.0, 'recall': 0.535, 'f1-score': 0.6970684039087948, 'support': 200.0}, 'accuracy': 0.7016666666666667, 'macro avg': {'precision': 0.8914349552224685, 'recall': 0.7016666666666667, 'f1-score': 0.7261666407146169, 'support': 1800.0}, 'weighted avg': {'precision': 0.8914349552224684, 'recall': 0.7016666666666667, 'f1-score': 0.7261666407146168, 'support': 1800.0}}","[[200   0   0   0   0   0   0   0   0]
 [ 93 107   0   0   0   0   0   0   0]
 [ 98   0 102   0   0   0   0   0   0]
 [ 39   0   0 161   0   0   0   0   0]
 [ 40   0   0   0 160   0   0   0   0]
 [ 39   0   0   0   0 161   0   0   0]
 [  0   0   0   0   0   0 200   0   0]
 [ 57   0   0   0   0   0  78  65   0]
 [ 93   0   0   0   0   0   0   0 107]]",0.0005507469177246094,0.06319141387939453
60,N_BaIoT,-1,None,QuantileTransformer,KNN,0.9837766443115967,-1,-1,99.67901234567901,98.55555555555556,0.18055555555555555,98.57439968442007,98.55435293951231,-1,"{'0Normal': {'precision': 0.9897959183673469, 'recall': 0.97, 'f1-score': 0.9797979797979798, 'support': 200.0}, 'ack': {'precision': 0.961352657004831, 'recall': 0.995, 'f1-score': 0.9778869778869779, 'support': 200.0}, 'combo': {'precision': 0.9897959183673469, 'recall': 0.97, 'f1-score': 0.9797979797979798, 'support': 200.0}, 'junk': {'precision': 0.9656862745098039, 'recall': 0.985, 'f1-score': 0.9752475247524752, 'support': 200.0}, 'scan': {'precision': 0.99, 'recall': 0.99, 'f1-score': 0.99, 'support': 200.0}, 'syn': {'precision': 0.9950248756218906, 'recall': 1.0, 'f1-score': 0.9975062344139651, 'support': 200.0}, 'tcp': {'precision': 1.0, 'recall': 1.0, 'f1-score': 1.0, 'support': 200.0}, 'udp': {'precision': 0.9948186528497409, 'recall': 0.96, 'f1-score': 0.9770992366412213, 'support': 200.0}, 'udpplain': {'precision': 0.9852216748768473, 'recall': 1.0, 'f1-score': 0.9925558312655087, 'support': 200.0}, 'accuracy': 0.9855555555555555, 'macro avg': {'precision': 0.9857439968442008, 'recall': 0.9855555555555556, 'f1-score': 0.9855435293951231, 'support': 1800.0}, 'weighted avg': {'precision': 0.9857439968442009, 'recall': 0.9855555555555555, 'f1-score': 0.985543529395123, 'support': 1800.0}}","[[194   0   0   3   2   0   0   1   0]
 [  0 199   0   0   0   0   0   0   1]
 [  0   0 194   4   0   1   0   0   1]
 [  1   0   2 197   0   0   0   0   0]
 [  1   0   0   0 198   0   0   0   1]
 [  0   0   0   0   0 200   0   0   0]
 [  0   0   0   0   0   0 200   0   0]
 [  0   8   0   0   0   0   0 192   0]
 [  0   0   0   0   0   0   0   0 200]]",0.0006375312805175781,0.013396978378295898
61,N_BaIoT,-1,None,QuantileTransformer,LDA,0.883482619824731,-1,-1,97.61728395061728,89.27777777777777,1.3402777777777777,90.39217258871619,87.8215035551924,-1,"{'0Normal': {'precision': 0.9949748743718593, 'recall': 0.99, 'f1-score': 0.9924812030075187, 'support': 200.0}, 'ack': {'precision': 0.8065843621399177, 'recall': 0.98, 'f1-score': 0.8848758465011287, 'support': 200.0}, 'combo': {'precision': 0.8546255506607929, 'recall': 0.97, 'f1-score': 0.9086651053864169, 'support': 200.0}, 'junk': {'precision': 0.9940476190476191, 'recall': 0.835, 'f1-score': 0.907608695652174, 'support': 200.0}, 'scan': {'precision': 0.919431279620853, 'recall': 0.97, 'f1-score': 0.9440389294403893, 'support': 200.0}, 'syn': {'precision': 0.9900497512437811, 'recall': 0.995, 'f1-score': 0.9925187032418953, 'support': 200.0}, 'tcp': {'precision': 0.7194244604316546, 'recall': 1.0, 'f1-score': 0.8368200836820083, 'support': 200.0}, 'udp': {'precision': 0.8857142857142857, 'recall': 0.31, 'f1-score': 0.45925925925925926, 'support': 200.0}, 'udpplain': {'precision': 0.9704433497536946, 'recall': 0.985, 'f1-score': 0.9776674937965261, 'support': 200.0}, 'accuracy': 0.8927777777777778, 'macro avg': {'precision': 0.9039217258871619, 'recall': 0.8927777777777778, 'f1-score': 0.8782150355519239, 'support': 1800.0}, 'weighted avg': {'precision': 0.9039217258871619, 'recall': 0.8927777777777778, 'f1-score': 0.878215035551924, 'support': 1800.0}}","[[198   1   0   0   0   0   0   1   0]
 [  0 196   0   0   0   0   0   4   0]
 [  0   0 194   1   0   0   0   0   5]
 [  0   0  33 167   0   0   0   0   0]
 [  1   0   0   0 194   2   0   2   1]
 [  0   0   0   0   0 199   0   1   0]
 [  0   0   0   0   0   0 200   0   0]
 [  0  43   0   0  17   0  78  62   0]
 [  0   3   0   0   0   0   0   0 197]]",0.024472713470458984,0.0004494190216064453
62,N_BaIoT,-1,None,QuantileTransformer,NuSVC,0.9762923747205964,-1,-1,99.53086419753086,97.88888888888887,0.2638888888888889,97.92232346299348,97.88874366493717,-1,"{'0Normal': {'precision': 0.9895833333333334, 'recall': 0.95, 'f1-score': 0.9693877551020408, 'support': 200.0}, 'ack': {'precision': 0.9900497512437811, 'recall': 0.995, 'f1-score': 0.9925187032418953, 'support': 200.0}, 'combo': {'precision': 0.9554455445544554, 'recall': 0.965, 'f1-score': 0.9601990049751243, 'support': 200.0}, 'junk': {'precision': 0.9795918367346939, 'recall': 0.96, 'f1-score': 0.9696969696969697, 'support': 200.0}, 'scan': {'precision': 0.9753694581280788, 'recall': 0.99, 'f1-score': 0.9826302729528535, 'support': 200.0}, 'syn': {'precision': 1.0, 'recall': 0.97, 'f1-score': 0.9847715736040609, 'support': 200.0}, 'tcp': {'precision': 1.0, 'recall': 0.99, 'f1-score': 0.9949748743718593, 'support': 200.0}, 'udp': {'precision': 0.9705882352941176, 'recall': 0.99, 'f1-score': 0.9801980198019802, 'support': 200.0}, 'udpplain': {'precision': 0.9523809523809523, 'recall': 1.0, 'f1-score': 0.975609756097561, 'support': 200.0}, 'accuracy': 0.9788888888888889, 'macro avg': {'precision': 0.9792232346299348, 'recall': 0.9788888888888887, 'f1-score': 0.9788874366493717, 'support': 1800.0}, 'weighted avg': {'precision': 0.9792232346299347, 'recall': 0.9788888888888889, 'f1-score': 0.9788874366493716, 'support': 1800.0}}","[[190   0   1   2   1   0   0   4   2]
 [  0 199   0   0   0   0   0   0   1]
 [  0   0 193   2   0   0   0   0   5]
 [  1   0   6 192   0   0   0   0   1]
 [  1   0   0   0 198   0   0   0   1]
 [  0   0   2   0   4 194   0   0   0]
 [  0   0   0   0   0   0 198   2   0]
 [  0   2   0   0   0   0   0 198   0]
 [  0   0   0   0   0   0   0   0 200]]",0.6667575836181641,0.2611367702484131
63,N_BaIoT,-1,None,QuantileTransformer,SGD,0.9115922456379842,-1,-1,98.22222222222223,92.0,1.0,92.67193775624854,91.78835899246134,-1,"{'0Normal': {'precision': 0.9900497512437811, 'recall': 0.995, 'f1-score': 0.9925187032418953, 'support': 200.0}, 'ack': {'precision': 0.9884393063583815, 'recall': 0.855, 'f1-score': 0.9168900804289544, 'support': 200.0}, 'combo': {'precision': 0.9751243781094527, 'recall': 0.98, 'f1-score': 0.9775561097256857, 'support': 200.0}, 'junk': {'precision': 0.98, 'recall': 0.98, 'f1-score': 0.98, 'support': 200.0}, 'scan': {'precision': 0.8761061946902655, 'recall': 0.99, 'f1-score': 0.9295774647887324, 'support': 200.0}, 'syn': {'precision': 1.0, 'recall': 0.885, 'f1-score': 0.9389920424403183, 'support': 200.0}, 'tcp': {'precision': 0.7352941176470589, 'recall': 1.0, 'f1-score': 0.847457627118644, 'support': 200.0}, 'udp': {'precision': 0.815068493150685, 'recall': 0.595, 'f1-score': 0.6878612716763006, 'support': 200.0}, 'udpplain': {'precision': 0.9803921568627451, 'recall': 1.0, 'f1-score': 0.9900990099009901, 'support': 200.0}, 'accuracy': 0.92, 'macro avg': {'precision': 0.9267193775624855, 'recall': 0.9199999999999999, 'f1-score': 0.9178835899246134, 'support': 1800.0}, 'weighted avg': {'precision': 0.9267193775624856, 'recall': 0.92, 'f1-score': 0.9178835899246135, 'support': 1800.0}}","[[199   0   0   0   1   0   0   0   0]
 [  0 171   0   0   1   0   0  25   3]
 [  0   0 196   3   0   0   0   1   0]
 [  1   0   3 196   0   0   0   0   0]
 [  1   0   0   0 198   0   0   0   1]
 [  0   0   0   0  22 177   0   1   0]
 [  0   0   0   0   0   0 200   0   0]
 [  0   2   2   1   4   0  72 119   0]
 [  0   0   0   0   0   0   0   0 200]]",0.17194461822509766,0.0003662109375
64,N_BaIoT,-1,None,QuantileTransformer,GauNB,0.7206599821809333,-1,-1,94.24691358024691,74.1111111111111,3.236111111111111,75.21540975603277,71.25873459727292,-1,"{'0Normal': {'precision': 0.9845360824742269, 'recall': 0.955, 'f1-score': 0.9695431472081218, 'support': 200.0}, 'ack': {'precision': 0.48081841432225064, 'recall': 0.94, 'f1-score': 0.6362098138747885, 'support': 200.0}, 'combo': {'precision': 0.6363636363636364, 'recall': 0.98, 'f1-score': 0.7716535433070866, 'support': 200.0}, 'junk': {'precision': 0.9560439560439561, 'recall': 0.435, 'f1-score': 0.5979381443298969, 'support': 200.0}, 'scan': {'precision': 0.9404761904761905, 'recall': 0.79, 'f1-score': 0.8586956521739131, 'support': 200.0}, 'syn': {'precision': 1.0, 'recall': 0.98, 'f1-score': 0.98989898989899, 'support': 200.0}, 'tcp': {'precision': 0.7194244604316546, 'recall': 1.0, 'f1-score': 0.8368200836820083, 'support': 200.0}, 'udp': {'precision': 0.06896551724137931, 'recall': 0.02, 'f1-score': 0.031007751937984496, 'support': 200.0}, 'udpplain': {'precision': 0.9827586206896551, 'recall': 0.57, 'f1-score': 0.7215189873417721, 'support': 200.0}, 'accuracy': 0.7411111111111112, 'macro avg': {'precision': 0.7521540975603277, 'recall': 0.741111111111111, 'f1-score': 0.7125873459727292, 'support': 1800.0}, 'weighted avg': {'precision': 0.7521540975603277, 'recall': 0.7411111111111112, 'f1-score': 0.7125873459727291, 'support': 1800.0}}","[[191   0   0   0   7   0   0   2   0]
 [  0 188   0   0   0   0   0  12   0]
 [  0   0 196   4   0   0   0   0   0]
 [  1   0 112  87   0   0   0   0   0]
 [  2   1   0   0 158   0   0  37   2]
 [  0   0   0   0   3 196   0   1   0]
 [  0   0   0   0   0   0 200   0   0]
 [  0 118   0   0   0   0  78   4   0]
 [  0  84   0   0   0   0   0   2 114]]",0.0036122798919677734,0.003010272979736328
65,N_BaIoT,-1,None,QuantileTransformer,NC,0.4499282697054501,-1,-1,88.5432098765432,48.44444444444444,6.444444444444445,38.949876833842836,39.74024101157856,-1,"{'0Normal': {'precision': 0.7100840336134454, 'recall': 0.845, 'f1-score': 0.771689497716895, 'support': 200.0}, 'ack': {'precision': 0.0, 'recall': 0.0, 'f1-score': 0.0, 'support': 200.0}, 'combo': {'precision': 0.9256198347107438, 'recall': 0.56, 'f1-score': 0.6978193146417445, 'support': 200.0}, 'junk': {'precision': 0.3060897435897436, 'recall': 0.955, 'f1-score': 0.46359223300970875, 'support': 200.0}, 'scan': {'precision': 0.3544600938967136, 'recall': 0.755, 'f1-score': 0.48242811501597443, 'support': 200.0}, 'syn': {'precision': 0.0, 'recall': 0.0, 'f1-score': 0.0, 'support': 200.0}, 'tcp': {'precision': 0.7142857142857143, 'recall': 1.0, 'f1-score': 0.8333333333333334, 'support': 200.0}, 'udp': {'precision': 0.0, 'recall': 0.0, 'f1-score': 0.0, 'support': 200.0}, 'udpplain': {'precision': 0.494949494949495, 'recall': 0.245, 'f1-score': 0.3277591973244147, 'support': 200.0}, 'accuracy': 0.48444444444444446, 'macro avg': {'precision': 0.3894987683384284, 'recall': 0.48444444444444446, 'f1-score': 0.39740241011578564, 'support': 1800.0}, 'weighted avg': {'precision': 0.38949876833842845, 'recall': 0.48444444444444446, 'f1-score': 0.3974024101157857, 'support': 1800.0}}","[[169   6   0   5   7   1   0   5   7]
 [  0   0   0 131  69   0   0   0   0]
 [  0   0 112  88   0   0   0   0   0]
 [  1   0   8 191   0   0   0   0   0]
 [  4   0   0   0 151   0   2   0  43]
 [  0   0   0 128  72   0   0   0   0]
 [  0   0   0   0   0   0 200   0   0]
 [  0   0   0  81  41   0  78   0   0]
 [ 64   0   1   0  86   0   0   0  49]]",0.0012297630310058594,0.0005784034729003906
66,N_BaIoT,-1,None,QuantileTransformer,RNC,0.6974307609508709,-1,-1,93.37037037037037,70.16666666666667,3.729166666666667,89.14349552224685,72.61666407146168,-1,"{'0Normal': {'precision': 0.30349013657056145, 'recall': 1.0, 'f1-score': 0.46565774155995343, 'support': 200.0}, 'ack': {'precision': 1.0, 'recall': 0.535, 'f1-score': 0.6970684039087948, 'support': 200.0}, 'combo': {'precision': 1.0, 'recall': 0.51, 'f1-score': 0.6754966887417219, 'support': 200.0}, 'junk': {'precision': 1.0, 'recall': 0.805, 'f1-score': 0.8919667590027701, 'support': 200.0}, 'scan': {'precision': 1.0, 'recall': 0.8, 'f1-score': 0.8888888888888888, 'support': 200.0}, 'syn': {'precision': 1.0, 'recall': 0.805, 'f1-score': 0.8919667590027701, 'support': 200.0}, 'tcp': {'precision': 0.7194244604316546, 'recall': 1.0, 'f1-score': 0.8368200836820083, 'support': 200.0}, 'udp': {'precision': 1.0, 'recall': 0.325, 'f1-score': 0.49056603773584906, 'support': 200.0}, 'udpplain': {'precision': 1.0, 'recall': 0.535, 'f1-score': 0.6970684039087948, 'support': 200.0}, 'accuracy': 0.7016666666666667, 'macro avg': {'precision': 0.8914349552224685, 'recall': 0.7016666666666667, 'f1-score': 0.7261666407146169, 'support': 1800.0}, 'weighted avg': {'precision': 0.8914349552224684, 'recall': 0.7016666666666667, 'f1-score': 0.7261666407146168, 'support': 1800.0}}","[[200   0   0   0   0   0   0   0   0]
 [ 93 107   0   0   0   0   0   0   0]
 [ 98   0 102   0   0   0   0   0   0]
 [ 39   0   0 161   0   0   0   0   0]
 [ 40   0   0   0 160   0   0   0   0]
 [ 39   0   0   0   0 161   0   0   0]
 [  0   0   0   0   0   0 200   0   0]
 [ 57   0   0   0   0   0  78  65   0]
 [ 93   0   0   0   0   0   0   0 107]]",0.0005433559417724609,0.050809383392333984
67,N_BaIoT,2,rbf,QuantileTransformer,KNN,0.9575694928077287,-1,-1,99.1604938271605,96.22222222222221,0.4722222222222222,96.29286868557112,96.22825292942694,-1,"{'0Normal': {'precision': 0.98989898989899, 'recall': 0.98, 'f1-score': 0.9849246231155779, 'support': 200.0}, 'ack': {'precision': 0.9130434782608695, 'recall': 0.945, 'f1-score': 0.9287469287469288, 'support': 200.0}, 'combo': {'precision': 0.9507389162561576, 'recall': 0.965, 'f1-score': 0.9578163771712159, 'support': 200.0}, 'junk': {'precision': 0.9695431472081218, 'recall': 0.955, 'f1-score': 0.9622166246851386, 'support': 200.0}, 'scan': {'precision': 0.9949748743718593, 'recall': 0.99, 'f1-score': 0.9924812030075187, 'support': 200.0}, 'syn': {'precision': 0.9803921568627451, 'recall': 1.0, 'f1-score': 0.9900990099009901, 'support': 200.0}, 'tcp': {'precision': 1.0, 'recall': 0.915, 'f1-score': 0.9556135770234987, 'support': 200.0}, 'udp': {'precision': 0.8921568627450981, 'recall': 0.91, 'f1-score': 0.900990099009901, 'support': 200.0}, 'udpplain': {'precision': 0.975609756097561, 'recall': 1.0, 'f1-score': 0.9876543209876543, 'support': 200.0}, 'accuracy': 0.9622222222222222, 'macro avg': {'precision': 0.9629286868557112, 'recall': 0.9622222222222222, 'f1-score': 0.9622825292942694, 'support': 1800.0}, 'weighted avg': {'precision': 0.9629286868557114, 'recall': 0.9622222222222222, 'f1-score': 0.9622825292942693, 'support': 1800.0}}","[[196   0   1   1   1   1   0   0   0]
 [  0 189   0   0   0   1   0   5   5]
 [  0   0 193   5   0   2   0   0   0]
 [  1   0   8 191   0   0   0   0   0]
 [  1   0   1   0 198   0   0   0   0]
 [  0   0   0   0   0 200   0   0   0]
 [  0   0   0   0   0   0 183  17   0]
 [  0  18   0   0   0   0   0 182   0]
 [  0   0   0   0   0   0   0   0 200]]",0.011524438858032227,0.491652250289917
68,N_BaIoT,2,rbf,QuantileTransformer,LDA,0.960859571785074,-1,-1,99.22222222222223,96.50000000000001,0.43750000000000006,96.63177866843688,96.4709691329263,-1,"{'0Normal': {'precision': 0.9830508474576272, 'recall': 0.87, 'f1-score': 0.9230769230769231, 'support': 200.0}, 'ack': {'precision': 0.9383886255924171, 'recall': 0.99, 'f1-score': 0.9635036496350365, 'support': 200.0}, 'combo': {'precision': 0.9707317073170731, 'recall': 0.995, 'f1-score': 0.9827160493827161, 'support': 200.0}, 'junk': {'precision': 0.9660194174757282, 'recall': 0.995, 'f1-score': 0.9802955665024631, 'support': 200.0}, 'scan': {'precision': 0.9798994974874372, 'recall': 0.975, 'f1-score': 0.9774436090225563, 'support': 200.0}, 'syn': {'precision': 0.9707317073170731, 'recall': 0.995, 'f1-score': 0.9827160493827161, 'support': 200.0}, 'tcp': {'precision': 0.9789473684210527, 'recall': 0.93, 'f1-score': 0.9538461538461539, 'support': 200.0}, 'udp': {'precision': 0.9090909090909091, 'recall': 1.0, 'f1-score': 0.9523809523809523, 'support': 200.0}, 'udpplain': {'precision': 1.0, 'recall': 0.935, 'f1-score': 0.9664082687338501, 'support': 200.0}, 'accuracy': 0.965, 'macro avg': {'precision': 0.9663177866843687, 'recall': 0.9650000000000001, 'f1-score': 0.964709691329263, 'support': 1800.0}, 'weighted avg': {'precision': 0.9663177866843686, 'recall': 0.965, 'f1-score': 0.964709691329263, 'support': 1800.0}}","[[174   6   6   5   3   3   3   0   0]
 [  0 198   0   0   0   0   0   2   0]
 [  0   0 199   1   0   0   0   0   0]
 [  1   0   0 199   0   0   0   0   0]
 [  2   0   0   0 195   3   0   0   0]
 [  0   0   0   0   1 199   0   0   0]
 [  0   0   0   0   0   0 186  14   0]
 [  0   0   0   0   0   0   0 200   0]
 [  0   7   0   1   0   0   1   4 187]]",39.604310750961304,0.02012920379638672
69,N_BaIoT,2,rbf,QuantileTransformer,SGD,0.8784246010612694,-1,-1,97.35802469135803,88.1111111111111,1.4861111111111112,82.54030271919213,84.41473992216993,-1,"{'0Normal': {'precision': 0.995, 'recall': 0.995, 'f1-score': 0.995, 'support': 200.0}, 'ack': {'precision': 0.98989898989899, 'recall': 0.98, 'f1-score': 0.9849246231155779, 'support': 200.0}, 'combo': {'precision': 0.9803921568627451, 'recall': 1.0, 'f1-score': 0.9900990099009901, 'support': 200.0}, 'junk': {'precision': 1.0, 'recall': 0.98, 'f1-score': 0.98989898989899, 'support': 200.0}, 'scan': {'precision': 0.9949748743718593, 'recall': 0.99, 'f1-score': 0.9924812030075187, 'support': 200.0}, 'syn': {'precision': 1.0, 'recall': 0.995, 'f1-score': 0.9974937343358395, 'support': 200.0}, 'tcp': {'precision': 0.0, 'recall': 0.0, 'f1-score': 0.0, 'support': 200.0}, 'udp': {'precision': 0.49748743718592964, 'recall': 0.99, 'f1-score': 0.6622073578595318, 'support': 200.0}, 'udpplain': {'precision': 0.970873786407767, 'recall': 1.0, 'f1-score': 0.9852216748768473, 'support': 200.0}, 'accuracy': 0.8811111111111111, 'macro avg': {'precision': 0.8254030271919213, 'recall': 0.8811111111111111, 'f1-score': 0.8441473992216993, 'support': 1800.0}, 'weighted avg': {'precision': 0.8254030271919212, 'recall': 0.8811111111111111, 'f1-score': 0.8441473992216996, 'support': 1800.0}}","[[199   0   0   0   0   0   0   0   1]
 [  0 196   0   0   0   0   0   0   4]
 [  0   0 200   0   0   0   0   0   0]
 [  0   0   3 196   0   0   0   0   1]
 [  1   0   1   0 198   0   0   0   0]
 [  0   0   0   0   1 199   0   0   0]
 [  0   0   0   0   0   0   0 200   0]
 [  0   2   0   0   0   0   0 198   0]
 [  0   0   0   0   0   0   0   0 200]]",3.8626692295074463,0.00729823112487793
70,N_BaIoT,2,rbf,QuantileTransformer,GauNB,0.7511268888290352,-1,-1,94.95061728395062,77.27777777777777,2.8402777777777777,78.49674708120976,75.31333462716944,-1,"{'0Normal': {'precision': 0.9744897959183674, 'recall': 0.955, 'f1-score': 0.9646464646464646, 'support': 200.0}, 'ack': {'precision': 0.5672131147540984, 'recall': 0.865, 'f1-score': 0.6851485148514852, 'support': 200.0}, 'combo': {'precision': 0.9716981132075472, 'recall': 0.515, 'f1-score': 0.673202614379085, 'support': 200.0}, 'junk': {'precision': 0.6735395189003437, 'recall': 0.98, 'f1-score': 0.7983706720977597, 'support': 200.0}, 'scan': {'precision': 0.908256880733945, 'recall': 0.99, 'f1-score': 0.9473684210526315, 'support': 200.0}, 'syn': {'precision': 1.0, 'recall': 0.945, 'f1-score': 0.9717223650385605, 'support': 200.0}, 'tcp': {'precision': 0.7194244604316546, 'recall': 1.0, 'f1-score': 0.8368200836820083, 'support': 200.0}, 'udp': {'precision': 0.26732673267326734, 'recall': 0.135, 'f1-score': 0.17940199335548174, 'support': 200.0}, 'udpplain': {'precision': 0.9827586206896551, 'recall': 0.57, 'f1-score': 0.7215189873417721, 'support': 200.0}, 'accuracy': 0.7727777777777778, 'macro avg': {'precision': 0.7849674708120976, 'recall': 0.7727777777777778, 'f1-score': 0.7531333462716944, 'support': 1800.0}, 'weighted avg': {'precision': 0.7849674708120976, 'recall': 0.7727777777777778, 'f1-score': 0.7531333462716943, 'support': 1800.0}}","[[191   0   0   0   5   0   0   2   2]
 [  0 173   0   0   4   0   0  23   0]
 [  2   0 103  95   0   0   0   0   0]
 [  1   0   3 196   0   0   0   0   0]
 [  2   0   0   0 198   0   0   0   0]
 [  0   0   0   0  10 189   0   1   0]
 [  0   0   0   0   0   0 200   0   0]
 [  0  95   0   0   0   0  78  27   0]
 [  0  37   0   0   1   0   0  48 114]]",0.20302844047546387,0.2798922061920166
71,N_BaIoT,2,rbf,QuantileTransformer,NC,0.5141837151241956,-1,-1,90.0493827160494,55.222222222222214,5.597222222222222,51.193700908692044,49.74408512752062,-1,"{'0Normal': {'precision': 0.9506172839506173, 'recall': 0.77, 'f1-score': 0.850828729281768, 'support': 200.0}, 'ack': {'precision': 0.6206896551724138, 'recall': 0.27, 'f1-score': 0.37630662020905925, 'support': 200.0}, 'combo': {'precision': 0.6598360655737705, 'recall': 0.805, 'f1-score': 0.7252252252252253, 'support': 200.0}, 'junk': {'precision': 0.38571428571428573, 'recall': 0.81, 'f1-score': 0.5225806451612903, 'support': 200.0}, 'scan': {'precision': 0.3447488584474886, 'recall': 0.755, 'f1-score': 0.47335423197492166, 'support': 200.0}, 'syn': {'precision': 0.044444444444444446, 'recall': 0.01, 'f1-score': 0.0163265306122449, 'support': 200.0}, 'tcp': {'precision': 0.7142857142857143, 'recall': 1.0, 'f1-score': 0.8333333333333334, 'support': 200.0}, 'udp': {'precision': 0.0, 'recall': 0.0, 'f1-score': 0.0, 'support': 200.0}, 'udpplain': {'precision': 0.8870967741935484, 'recall': 0.55, 'f1-score': 0.6790123456790124, 'support': 200.0}, 'accuracy': 0.5522222222222222, 'macro avg': {'precision': 0.5119370090869204, 'recall': 0.5522222222222222, 'f1-score': 0.4974408512752062, 'support': 1800.0}, 'weighted avg': {'precision': 0.5119370090869203, 'recall': 0.5522222222222222, 'f1-score': 0.4974408512752061, 'support': 1800.0}}","[[154   0   4   7  19  15   0   0   1]
 [  0  54   9  68  69   0   0   0   0]
 [  0   0 161  39   0   0   0   0   0]
 [  1   0  37 162   0   0   0   0   0]
 [  3   0   2   1 151  28   2   0  13]
 [  0   0  16 110  72   2   0   0   0]
 [  0   0   0   0   0   0 200   0   0]
 [  0  33  15  33  41   0  78   0   0]
 [  4   0   0   0  86   0   0   0 110]]",0.046587228775024414,0.014345645904541016
72,N_BaIoT,2,rbf,QuantileTransformer,RNC,0.33927644220818454,-1,-1,84.37037037037037,29.666666666666668,8.791666666666668,88.64735007893798,26.48845064589186,-1,"{'0Normal': {'precision': 0.13783597518952448, 'recall': 1.0, 'f1-score': 0.24227740763173833, 'support': 200.0}, 'ack': {'precision': 1.0, 'recall': 0.01, 'f1-score': 0.019801980198019802, 'support': 200.0}, 'combo': {'precision': 1.0, 'recall': 0.04, 'f1-score': 0.07692307692307693, 'support': 200.0}, 'junk': {'precision': 1.0, 'recall': 0.135, 'f1-score': 0.23788546255506607, 'support': 200.0}, 'scan': {'precision': 1.0, 'recall': 0.09, 'f1-score': 0.1651376146788991, 'support': 200.0}, 'syn': {'precision': 1.0, 'recall': 0.055, 'f1-score': 0.10426540284360189, 'support': 200.0}, 'tcp': {'precision': 1.0, 'recall': 0.925, 'f1-score': 0.961038961038961, 'support': 200.0}, 'udp': {'precision': 0.8404255319148937, 'recall': 0.395, 'f1-score': 0.5374149659863946, 'support': 200.0}, 'udpplain': {'precision': 1.0, 'recall': 0.02, 'f1-score': 0.0392156862745098, 'support': 200.0}, 'accuracy': 0.2966666666666667, 'macro avg': {'precision': 0.8864735007893798, 'recall': 0.2966666666666667, 'f1-score': 0.2648845064589186, 'support': 1800.0}, 'weighted avg': {'precision': 0.8864735007893797, 'recall': 0.2966666666666667, 'f1-score': 0.2648845064589186, 'support': 1800.0}}","[[200   0   0   0   0   0   0   0   0]
 [198   2   0   0   0   0   0   0   0]
 [192   0   8   0   0   0   0   0   0]
 [173   0   0  27   0   0   0   0   0]
 [182   0   0   0  18   0   0   0   0]
 [189   0   0   0   0  11   0   0   0]
 [  0   0   0   0   0   0 185  15   0]
 [121   0   0   0   0   0   0  79   0]
 [196   0   0   0   0   0   0   0   4]]",0.011502981185913086,0.5261280536651611
73,N_BaIoT,2,poly,QuantileTransformer,KNN,0.9556525417722107,-1,-1,99.12345679012346,96.05555555555554,0.4930555555555555,96.09369136447708,96.06329244364476,-1,"{'0Normal': {'precision': 0.9899497487437185, 'recall': 0.985, 'f1-score': 0.9874686716791979, 'support': 200.0}, 'ack': {'precision': 0.8883495145631068, 'recall': 0.915, 'f1-score': 0.9014778325123153, 'support': 200.0}, 'combo': {'precision': 0.964824120603015, 'recall': 0.96, 'f1-score': 0.9624060150375939, 'support': 200.0}, 'junk': {'precision': 0.9601990049751243, 'recall': 0.965, 'f1-score': 0.9625935162094763, 'support': 200.0}, 'scan': {'precision': 0.9949748743718593, 'recall': 0.99, 'f1-score': 0.9924812030075187, 'support': 200.0}, 'syn': {'precision': 0.9802955665024631, 'recall': 0.995, 'f1-score': 0.9875930521091811, 'support': 200.0}, 'tcp': {'precision': 1.0, 'recall': 0.95, 'f1-score': 0.9743589743589743, 'support': 200.0}, 'udp': {'precision': 0.8894472361809045, 'recall': 0.885, 'f1-score': 0.8872180451127819, 'support': 200.0}, 'udpplain': {'precision': 0.9803921568627451, 'recall': 1.0, 'f1-score': 0.9900990099009901, 'support': 200.0}, 'accuracy': 0.9605555555555556, 'macro avg': {'precision': 0.9609369136447707, 'recall': 0.9605555555555555, 'f1-score': 0.9606329244364475, 'support': 1800.0}, 'weighted avg': {'precision': 0.9609369136447707, 'recall': 0.9605555555555556, 'f1-score': 0.9606329244364478, 'support': 1800.0}}","[[197   0   0   2   0   1   0   0   0]
 [  0 183   0   0   0   1   0  12   4]
 [  0   0 192   6   0   2   0   0   0]
 [  1   0   6 193   0   0   0   0   0]
 [  1   0   1   0 198   0   0   0   0]
 [  0   0   0   0   1 199   0   0   0]
 [  0   0   0   0   0   0 190  10   0]
 [  0  23   0   0   0   0   0 177   0]
 [  0   0   0   0   0   0   0   0 200]]",0.01187753677368164,0.5007781982421875
74,N_BaIoT,2,poly,QuantileTransformer,LDA,0.9632842226347547,-1,-1,99.27160493827161,96.72222222222221,0.40972222222222227,96.81705555293402,96.70599029772143,-1,"{'0Normal': {'precision': 0.9836956521739131, 'recall': 0.905, 'f1-score': 0.9427083333333334, 'support': 200.0}, 'ack': {'precision': 0.9563106796116505, 'recall': 0.985, 'f1-score': 0.9704433497536946, 'support': 200.0}, 'combo': {'precision': 0.9707317073170731, 'recall': 0.995, 'f1-score': 0.9827160493827161, 'support': 200.0}, 'junk': {'precision': 0.9802955665024631, 'recall': 0.995, 'f1-score': 0.9875930521091811, 'support': 200.0}, 'scan': {'precision': 0.9701492537313433, 'recall': 0.975, 'f1-score': 0.972568578553616, 'support': 200.0}, 'syn': {'precision': 0.9660194174757282, 'recall': 0.995, 'f1-score': 0.9802955665024631, 'support': 200.0}, 'tcp': {'precision': 0.9893617021276596, 'recall': 0.93, 'f1-score': 0.9587628865979382, 'support': 200.0}, 'udp': {'precision': 0.9128440366972477, 'recall': 0.995, 'f1-score': 0.9521531100478469, 'support': 200.0}, 'udpplain': {'precision': 0.9841269841269841, 'recall': 0.93, 'f1-score': 0.9562982005141388, 'support': 200.0}, 'accuracy': 0.9672222222222222, 'macro avg': {'precision': 0.9681705555293403, 'recall': 0.9672222222222222, 'f1-score': 0.9670599029772142, 'support': 1800.0}, 'weighted avg': {'precision': 0.9681705555293404, 'recall': 0.9672222222222222, 'f1-score': 0.9670599029772142, 'support': 1800.0}}","[[181   1   6   2   5   4   0   0   1]
 [  0 197   0   0   0   0   0   1   2]
 [  0   0 199   1   0   0   0   0   0]
 [  1   0   0 199   0   0   0   0   0]
 [  2   0   0   0 195   3   0   0   0]
 [  0   0   0   0   1 199   0   0   0]
 [  0   0   0   0   0   0 186  14   0]
 [  0   1   0   0   0   0   0 199   0]
 [  0   7   0   1   0   0   2   4 186]]",40.30066275596619,0.018399477005004883
75,N_BaIoT,2,poly,QuantileTransformer,SGD,0.9369184176697234,-1,-1,98.71604938271605,94.22222222222223,0.7222222222222222,95.29475003182897,94.05324787270288,-1,"{'0Normal': {'precision': 0.9949748743718593, 'recall': 0.99, 'f1-score': 0.9924812030075187, 'support': 200.0}, 'ack': {'precision': 0.9947916666666666, 'recall': 0.955, 'f1-score': 0.9744897959183674, 'support': 200.0}, 'combo': {'precision': 0.9948186528497409, 'recall': 0.96, 'f1-score': 0.9770992366412213, 'support': 200.0}, 'junk': {'precision': 0.9567307692307693, 'recall': 0.995, 'f1-score': 0.9754901960784313, 'support': 200.0}, 'scan': {'precision': 0.99, 'recall': 0.99, 'f1-score': 0.99, 'support': 200.0}, 'syn': {'precision': 1.0, 'recall': 0.985, 'f1-score': 0.9924433249370277, 'support': 200.0}, 'tcp': {'precision': 0.7168458781362007, 'recall': 1.0, 'f1-score': 0.8350730688935282, 'support': 200.0}, 'udp': {'precision': 0.952755905511811, 'recall': 0.605, 'f1-score': 0.7400611620795107, 'support': 200.0}, 'udpplain': {'precision': 0.975609756097561, 'recall': 1.0, 'f1-score': 0.9876543209876543, 'support': 200.0}, 'accuracy': 0.9422222222222222, 'macro avg': {'precision': 0.9529475003182897, 'recall': 0.9422222222222223, 'f1-score': 0.9405324787270288, 'support': 1800.0}, 'weighted avg': {'precision': 0.9529475003182898, 'recall': 0.9422222222222222, 'f1-score': 0.9405324787270288, 'support': 1800.0}}","[[198   0   0   0   0   0   0   1   1]
 [  0 191   0   0   0   0   1   5   3]
 [  0   0 192   8   0   0   0   0   0]
 [  0   0   0 199   0   0   0   0   1]
 [  1   0   1   0 198   0   0   0   0]
 [  0   0   0   1   2 197   0   0   0]
 [  0   0   0   0   0   0 200   0   0]
 [  0   1   0   0   0   0  78 121   0]
 [  0   0   0   0   0   0   0   0 200]]",4.326576232910156,0.006971597671508789
76,N_BaIoT,2,poly,QuantileTransformer,GauNB,0.7530532092601577,-1,-1,94.90123456790124,77.05555555555557,2.868055555555556,77.98907170136215,73.97383108489792,-1,"{'0Normal': {'precision': 0.9744897959183674, 'recall': 0.955, 'f1-score': 0.9646464646464646, 'support': 200.0}, 'ack': {'precision': 0.5068119891008175, 'recall': 0.93, 'f1-score': 0.656084656084656, 'support': 200.0}, 'combo': {'precision': 0.9807692307692307, 'recall': 0.51, 'f1-score': 0.6710526315789473, 'support': 200.0}, 'junk': {'precision': 0.6723549488054608, 'recall': 0.985, 'f1-score': 0.7991886409736308, 'support': 200.0}, 'scan': {'precision': 0.9074074074074074, 'recall': 0.98, 'f1-score': 0.9423076923076923, 'support': 200.0}, 'syn': {'precision': 1.0, 'recall': 0.95, 'f1-score': 0.9743589743589743, 'support': 200.0}, 'tcp': {'precision': 0.7194244604316546, 'recall': 1.0, 'f1-score': 0.8368200836820083, 'support': 200.0}, 'udp': {'precision': 0.275, 'recall': 0.055, 'f1-score': 0.09166666666666666, 'support': 200.0}, 'udpplain': {'precision': 0.9827586206896551, 'recall': 0.57, 'f1-score': 0.7215189873417721, 'support': 200.0}, 'accuracy': 0.7705555555555555, 'macro avg': {'precision': 0.7798907170136214, 'recall': 0.7705555555555557, 'f1-score': 0.7397383108489792, 'support': 1800.0}, 'weighted avg': {'precision': 0.7798907170136213, 'recall': 0.7705555555555555, 'f1-score': 0.7397383108489791, 'support': 1800.0}}","[[191   0   0   0   5   0   0   2   2]
 [  0 186   0   0   4   0   0  10   0]
 [  2   0 102  96   0   0   0   0   0]
 [  1   0   2 197   0   0   0   0   0]
 [  2   0   0   0 196   0   0   2   0]
 [  0   0   0   0  10 190   0   0   0]
 [  0   0   0   0   0   0 200   0   0]
 [  0 111   0   0   0   0  78  11   0]
 [  0  70   0   0   1   0   0  15 114]]",0.22591686248779297,0.314422607421875
77,N_BaIoT,2,poly,QuantileTransformer,NC,0.5337165026647216,-1,-1,90.4074074074074,56.833333333333336,5.395833333333333,54.628698086927145,51.581075151411994,-1,"{'0Normal': {'precision': 0.9617834394904459, 'recall': 0.755, 'f1-score': 0.84593837535014, 'support': 200.0}, 'ack': {'precision': 0.6, 'recall': 0.255, 'f1-score': 0.35789473684210527, 'support': 200.0}, 'combo': {'precision': 0.7072072072072072, 'recall': 0.785, 'f1-score': 0.7440758293838863, 'support': 200.0}, 'junk': {'precision': 0.43287037037037035, 'recall': 0.935, 'f1-score': 0.5917721518987342, 'support': 200.0}, 'scan': {'precision': 0.34075723830734966, 'recall': 0.765, 'f1-score': 0.4714946070878274, 'support': 200.0}, 'syn': {'precision': 0.21052631578947367, 'recall': 0.06, 'f1-score': 0.0933852140077821, 'support': 200.0}, 'tcp': {'precision': 0.7142857142857143, 'recall': 1.0, 'f1-score': 0.8333333333333334, 'support': 200.0}, 'udp': {'precision': 0.0, 'recall': 0.0, 'f1-score': 0.0, 'support': 200.0}, 'udpplain': {'precision': 0.9491525423728814, 'recall': 0.56, 'f1-score': 0.7044025157232704, 'support': 200.0}, 'accuracy': 0.5683333333333334, 'macro avg': {'precision': 0.5462869808692714, 'recall': 0.5683333333333334, 'f1-score': 0.5158107515141199, 'support': 1800.0}, 'weighted avg': {'precision': 0.5462869808692713, 'recall': 0.5683333333333334, 'f1-score': 0.5158107515141199, 'support': 1800.0}}","[[151   0   4   6  28  10   0   0   1]
 [  0  51   8  72  69   0   0   0   0]
 [  0   0 157  43   0   0   0   0   0]
 [  1   0  12 187   0   0   0   0   0]
 [  3   0   2   0 153  35   2   0   5]
 [  0   0  29  87  72  12   0   0   0]
 [  0   0   0   0   0   0 200   0   0]
 [  0  34  10  37  41   0  78   0   0]
 [  2   0   0   0  86   0   0   0 112]]",0.0577394962310791,0.014160871505737305
78,N_BaIoT,2,poly,QuantileTransformer,RNC,0.34356235260000345,-1,-1,84.34567901234567,29.55555555555555,8.805555555555555,89.8713250085954,25.773401276373654,-1,"{'0Normal': {'precision': 0.1366120218579235, 'recall': 1.0, 'f1-score': 0.2403846153846154, 'support': 200.0}, 'ack': {'precision': 1.0, 'recall': 0.005, 'f1-score': 0.009950248756218905, 'support': 200.0}, 'combo': {'precision': 1.0, 'recall': 0.035, 'f1-score': 0.06763285024154589, 'support': 200.0}, 'junk': {'precision': 1.0, 'recall': 0.1, 'f1-score': 0.18181818181818182, 'support': 200.0}, 'scan': {'precision': 1.0, 'recall': 0.09, 'f1-score': 0.1651376146788991, 'support': 200.0}, 'syn': {'precision': 1.0, 'recall': 0.04, 'f1-score': 0.07692307692307693, 'support': 200.0}, 'tcp': {'precision': 1.0, 'recall': 0.98, 'f1-score': 0.98989898989899, 'support': 200.0}, 'udp': {'precision': 0.9518072289156626, 'recall': 0.395, 'f1-score': 0.558303886925795, 'support': 200.0}, 'udpplain': {'precision': 1.0, 'recall': 0.015, 'f1-score': 0.029556650246305417, 'support': 200.0}, 'accuracy': 0.29555555555555557, 'macro avg': {'precision': 0.898713250085954, 'recall': 0.2955555555555555, 'f1-score': 0.25773401276373653, 'support': 1800.0}, 'weighted avg': {'precision': 0.898713250085954, 'recall': 0.29555555555555557, 'f1-score': 0.25773401276373653, 'support': 1800.0}}","[[200   0   0   0   0   0   0   0   0]
 [199   1   0   0   0   0   0   0   0]
 [193   0   7   0   0   0   0   0   0]
 [180   0   0  20   0   0   0   0   0]
 [182   0   0   0  18   0   0   0   0]
 [192   0   0   0   0   8   0   0   0]
 [  0   0   0   0   0   0 196   4   0]
 [121   0   0   0   0   0   0  79   0]
 [197   0   0   0   0   0   0   0   3]]",0.011780500411987305,0.5253739356994629
79,N_BaIoT,2,linear,QuantileTransformer,KNN,0.9519090445780967,-1,-1,99.04938271604938,95.72222222222221,0.5347222222222222,95.72079745137043,95.70830181139543,-1,"{'0Normal': {'precision': 0.9899497487437185, 'recall': 0.985, 'f1-score': 0.9874686716791979, 'support': 200.0}, 'ack': {'precision': 0.8592233009708737, 'recall': 0.885, 'f1-score': 0.8719211822660099, 'support': 200.0}, 'combo': {'precision': 0.9593908629441624, 'recall': 0.945, 'f1-score': 0.9521410579345088, 'support': 200.0}, 'junk': {'precision': 0.9458128078817734, 'recall': 0.96, 'f1-score': 0.9528535980148883, 'support': 200.0}, 'scan': {'precision': 0.9949748743718593, 'recall': 0.99, 'f1-score': 0.9924812030075187, 'support': 200.0}, 'syn': {'precision': 0.9851485148514851, 'recall': 0.995, 'f1-score': 0.9900497512437811, 'support': 200.0}, 'tcp': {'precision': 1.0, 'recall': 1.0, 'f1-score': 1.0, 'support': 200.0}, 'udp': {'precision': 0.9047619047619048, 'recall': 0.855, 'f1-score': 0.8791773778920309, 'support': 200.0}, 'udpplain': {'precision': 0.975609756097561, 'recall': 1.0, 'f1-score': 0.9876543209876543, 'support': 200.0}, 'accuracy': 0.9572222222222222, 'macro avg': {'precision': 0.9572079745137043, 'recall': 0.9572222222222222, 'f1-score': 0.9570830181139544, 'support': 1800.0}, 'weighted avg': {'precision': 0.9572079745137042, 'recall': 0.9572222222222222, 'f1-score': 0.9570830181139545, 'support': 1800.0}}","[[197   0   0   1   0   1   0   1   0]
 [  0 177   0   0   0   1   0  17   5]
 [  0   0 189  10   0   1   0   0   0]
 [  1   0   7 192   0   0   0   0   0]
 [  1   0   1   0 198   0   0   0   0]
 [  0   0   0   0   1 199   0   0   0]
 [  0   0   0   0   0   0 200   0   0]
 [  0  29   0   0   0   0   0 171   0]
 [  0   0   0   0   0   0   0   0 200]]",0.014867544174194336,0.5302321910858154
80,N_BaIoT,2,linear,QuantileTransformer,LDA,0.9559553263595449,-1,-1,99.12345679012346,96.05555555555554,0.4930555555555555,96.24908820594023,96.01576187728139,-1,"{'0Normal': {'precision': 0.9888888888888889, 'recall': 0.89, 'f1-score': 0.9368421052631579, 'support': 200.0}, 'ack': {'precision': 0.8995433789954338, 'recall': 0.985, 'f1-score': 0.9403341288782816, 'support': 200.0}, 'combo': {'precision': 0.99, 'recall': 0.99, 'f1-score': 0.99, 'support': 200.0}, 'junk': {'precision': 0.9569377990430622, 'recall': 1.0, 'f1-score': 0.9779951100244498, 'support': 200.0}, 'scan': {'precision': 0.9800995024875622, 'recall': 0.985, 'f1-score': 0.9825436408977556, 'support': 200.0}, 'syn': {'precision': 0.961352657004831, 'recall': 0.995, 'f1-score': 0.9778869778869779, 'support': 200.0}, 'tcp': {'precision': 0.9743589743589743, 'recall': 0.95, 'f1-score': 0.9620253164556962, 'support': 200.0}, 'udp': {'precision': 0.9170506912442397, 'recall': 0.995, 'f1-score': 0.9544364508393285, 'support': 200.0}, 'udpplain': {'precision': 0.9941860465116279, 'recall': 0.855, 'f1-score': 0.9193548387096774, 'support': 200.0}, 'accuracy': 0.9605555555555556, 'macro avg': {'precision': 0.9624908820594023, 'recall': 0.9605555555555555, 'f1-score': 0.9601576187728139, 'support': 1800.0}, 'weighted avg': {'precision': 0.9624908820594023, 'recall': 0.9605555555555556, 'f1-score': 0.9601576187728139, 'support': 1800.0}}","[[178   4   2   8   3   5   0   0   0]
 [  0 197   0   0   0   0   0   2   1]
 [  0   0 198   1   0   1   0   0   0]
 [  0   0   0 200   0   0   0   0   0]
 [  2   0   0   0 197   1   0   0   0]
 [  0   0   0   0   1 199   0   0   0]
 [  0   0   0   0   0   0 190  10   0]
 [  0   1   0   0   0   0   0 199   0]
 [  0  17   0   0   0   1   5   6 171]]",61.005722999572754,0.016757488250732422
81,N_BaIoT,2,linear,QuantileTransformer,NuSVC,0.8775325680142397,-1,-1,97.49382716049382,88.72222222222223,1.4097222222222223,91.96212283035527,88.72635212704468,-1,"{'0Normal': {'precision': 0.9846938775510204, 'recall': 0.965, 'f1-score': 0.9747474747474747, 'support': 200.0}, 'ack': {'precision': 1.0, 'recall': 0.655, 'f1-score': 0.7915407854984894, 'support': 200.0}, 'combo': {'precision': 0.9656862745098039, 'recall': 0.985, 'f1-score': 0.9752475247524752, 'support': 200.0}, 'junk': {'precision': 0.9747474747474747, 'recall': 0.965, 'f1-score': 0.9698492462311558, 'support': 200.0}, 'scan': {'precision': 0.7216117216117216, 'recall': 0.985, 'f1-score': 0.8329809725158562, 'support': 200.0}, 'syn': {'precision': 1.0, 'recall': 0.635, 'f1-score': 0.7767584097859327, 'support': 200.0}, 'tcp': {'precision': 0.9950248756218906, 'recall': 1.0, 'f1-score': 0.9975062344139651, 'support': 200.0}, 'udp': {'precision': 0.9875776397515528, 'recall': 0.795, 'f1-score': 0.8808864265927978, 'support': 200.0}, 'udpplain': {'precision': 0.6472491909385113, 'recall': 1.0, 'f1-score': 0.7858546168958742, 'support': 200.0}, 'accuracy': 0.8872222222222222, 'macro avg': {'precision': 0.9196212283035528, 'recall': 0.8872222222222222, 'f1-score': 0.8872635212704467, 'support': 1800.0}, 'weighted avg': {'precision': 0.9196212283035528, 'recall': 0.8872222222222222, 'f1-score': 0.8872635212704467, 'support': 1800.0}}","[[193   0   0   2   3   0   0   2   0]
 [  0 131   0   0   1   0   0   0  68]
 [  0   0 197   3   0   0   0   0   0]
 [  1   0   6 193   0   0   0   0   0]
 [  2   0   0   0 197   0   1   0   0]
 [  0   0   1   0  72 127   0   0   0]
 [  0   0   0   0   0   0 200   0   0]
 [  0   0   0   0   0   0   0 159  41]
 [  0   0   0   0   0   0   0   0 200]]",58.30287528038025,18.68811845779419
82,N_BaIoT,2,linear,QuantileTransformer,SGD,0.9407003822331892,-1,-1,98.79012345679013,94.55555555555554,0.6805555555555555,95.72070889397398,94.37816082306054,-1,"{'0Normal': {'precision': 0.995, 'recall': 0.995, 'f1-score': 0.995, 'support': 200.0}, 'ack': {'precision': 0.9800995024875622, 'recall': 0.985, 'f1-score': 0.9825436408977556, 'support': 200.0}, 'combo': {'precision': 0.9897959183673469, 'recall': 0.97, 'f1-score': 0.9797979797979798, 'support': 200.0}, 'junk': {'precision': 0.9658536585365853, 'recall': 0.99, 'f1-score': 0.9777777777777777, 'support': 200.0}, 'scan': {'precision': 0.9850746268656716, 'recall': 0.99, 'f1-score': 0.9875311720698254, 'support': 200.0}, 'syn': {'precision': 1.0, 'recall': 0.975, 'f1-score': 0.9873417721518988, 'support': 200.0}, 'tcp': {'precision': 0.7220216606498195, 'recall': 1.0, 'f1-score': 0.8385744234800838, 'support': 200.0}, 'udp': {'precision': 0.991869918699187, 'recall': 0.61, 'f1-score': 0.7554179566563467, 'support': 200.0}, 'udpplain': {'precision': 0.9851485148514851, 'recall': 0.995, 'f1-score': 0.9900497512437811, 'support': 200.0}, 'accuracy': 0.9455555555555556, 'macro avg': {'precision': 0.9572070889397397, 'recall': 0.9455555555555555, 'f1-score': 0.9437816082306054, 'support': 1800.0}, 'weighted avg': {'precision': 0.9572070889397397, 'recall': 0.9455555555555556, 'f1-score': 0.9437816082306054, 'support': 1800.0}}","[[199   0   0   0   0   0   1   0   0]
 [  0 197   0   0   0   0   0   0   3]
 [  0   0 194   6   0   0   0   0   0]
 [  0   0   1 198   0   0   1   0   0]
 [  1   0   1   0 198   0   0   0   0]
 [  0   0   0   1   3 195   0   1   0]
 [  0   0   0   0   0   0 200   0   0]
 [  0   3   0   0   0   0  75 122   0]
 [  0   1   0   0   0   0   0   0 199]]",5.120484828948975,0.006878376007080078
83,N_BaIoT,2,linear,QuantileTransformer,GauNB,0.7266091395567443,-1,-1,94.51851851851852,75.33333333333334,3.0833333333333335,78.41717827072941,74.754061153472,-1,"{'0Normal': {'precision': 0.9744897959183674, 'recall': 0.955, 'f1-score': 0.9646464646464646, 'support': 200.0}, 'ack': {'precision': 0.6179245283018868, 'recall': 0.655, 'f1-score': 0.6359223300970874, 'support': 200.0}, 'combo': {'precision': 0.9901960784313726, 'recall': 0.505, 'f1-score': 0.6688741721854304, 'support': 200.0}, 'junk': {'precision': 0.6711864406779661, 'recall': 0.99, 'f1-score': 0.8, 'support': 200.0}, 'scan': {'precision': 0.8944954128440367, 'recall': 0.975, 'f1-score': 0.9330143540669856, 'support': 200.0}, 'syn': {'precision': 1.0, 'recall': 0.925, 'f1-score': 0.961038961038961, 'support': 200.0}, 'tcp': {'precision': 0.7194244604316546, 'recall': 1.0, 'f1-score': 0.8368200836820083, 'support': 200.0}, 'udp': {'precision': 0.20707070707070707, 'recall': 0.205, 'f1-score': 0.20603015075376885, 'support': 200.0}, 'udpplain': {'precision': 0.9827586206896551, 'recall': 0.57, 'f1-score': 0.7215189873417721, 'support': 200.0}, 'accuracy': 0.7533333333333333, 'macro avg': {'precision': 0.784171782707294, 'recall': 0.7533333333333334, 'f1-score': 0.74754061153472, 'support': 1800.0}, 'weighted avg': {'precision': 0.784171782707294, 'recall': 0.7533333333333333, 'f1-score': 0.7475406115347198, 'support': 1800.0}}","[[191   0   0   0   5   0   0   2   2]
 [  0 131   0   0   4   0   0  65   0]
 [  2   0 101  97   0   0   0   0   0]
 [  1   0   1 198   0   0   0   0   0]
 [  2   0   0   0 195   0   0   3   0]
 [  0   0   0   0  13 185   0   2   0]
 [  0   0   0   0   0   0 200   0   0]
 [  0  81   0   0   0   0  78  41   0]
 [  0   0   0   0   1   0   0  85 114]]",0.25449371337890625,0.31821608543395996
84,N_BaIoT,2,linear,QuantileTransformer,NC,0.5765539437795527,-1,-1,91.37037037037037,61.16666666666668,4.854166666666666,59.945195511140135,57.976982112669695,-1,"{'0Normal': {'precision': 0.975, 'recall': 0.585, 'f1-score': 0.73125, 'support': 200.0}, 'ack': {'precision': 0.6179245283018868, 'recall': 0.655, 'f1-score': 0.6359223300970874, 'support': 200.0}, 'combo': {'precision': 0.7857142857142857, 'recall': 0.77, 'f1-score': 0.7777777777777778, 'support': 200.0}, 'junk': {'precision': 0.5956678700361011, 'recall': 0.825, 'f1-score': 0.6918238993710691, 'support': 200.0}, 'scan': {'precision': 0.3436123348017621, 'recall': 0.78, 'f1-score': 0.47706422018348627, 'support': 200.0}, 'syn': {'precision': 0.5925925925925926, 'recall': 0.32, 'f1-score': 0.4155844155844156, 'support': 200.0}, 'tcp': {'precision': 0.7142857142857143, 'recall': 1.0, 'f1-score': 0.8333333333333334, 'support': 200.0}, 'udp': {'precision': 0.0, 'recall': 0.0, 'f1-score': 0.0, 'support': 200.0}, 'udpplain': {'precision': 0.7702702702702703, 'recall': 0.57, 'f1-score': 0.6551724137931034, 'support': 200.0}, 'accuracy': 0.6116666666666667, 'macro avg': {'precision': 0.5994519551114014, 'recall': 0.6116666666666668, 'f1-score': 0.579769821126697, 'support': 1800.0}, 'weighted avg': {'precision': 0.5994519551114015, 'recall': 0.6116666666666667, 'f1-score': 0.5797698211266971, 'support': 1800.0}}","[[117   0   5   6  30   7   0   5  30]
 [  0 131   0   0  69   0   0   0   0]
 [  0   0 154  44   0   2   0   0   0]
 [  0   0  34 165   0   0   0   0   1]
 [  3   0   1   0 156  35   2   0   3]
 [  0   0   2  62  72  64   0   0   0]
 [  0   0   0   0   0   0 200   0   0]
 [  0  81   0   0  41   0  78   0   0]
 [  0   0   0   0  86   0   0   0 114]]",0.05621170997619629,0.014587640762329102
85,N_BaIoT,2,linear,QuantileTransformer,RNC,0.34286215934727987,-1,-1,84.28395061728395,29.27777777777778,8.840277777777777,79.28641472429659,25.028140590261934,-1,"{'0Normal': {'precision': 0.13577732518669383, 'recall': 1.0, 'f1-score': 0.2390914524805738, 'support': 200.0}, 'ack': {'precision': 0.0, 'recall': 0.0, 'f1-score': 0.0, 'support': 200.0}, 'combo': {'precision': 1.0, 'recall': 0.025, 'f1-score': 0.04878048780487805, 'support': 200.0}, 'junk': {'precision': 1.0, 'recall': 0.105, 'f1-score': 0.19004524886877827, 'support': 200.0}, 'scan': {'precision': 1.0, 'recall': 0.075, 'f1-score': 0.13953488372093023, 'support': 200.0}, 'syn': {'precision': 1.0, 'recall': 0.015, 'f1-score': 0.029556650246305417, 'support': 200.0}, 'tcp': {'precision': 1.0, 'recall': 1.0, 'f1-score': 1.0, 'support': 200.0}, 'udp': {'precision': 1.0, 'recall': 0.395, 'f1-score': 0.5663082437275986, 'support': 200.0}, 'udpplain': {'precision': 1.0, 'recall': 0.02, 'f1-score': 0.0392156862745098, 'support': 200.0}, 'accuracy': 0.2927777777777778, 'macro avg': {'precision': 0.7928641472429659, 'recall': 0.2927777777777778, 'f1-score': 0.2502814059026193, 'support': 1800.0}, 'weighted avg': {'precision': 0.7928641472429659, 'recall': 0.2927777777777778, 'f1-score': 0.2502814059026193, 'support': 1800.0}}","[[200   0   0   0   0   0   0   0   0]
 [200   0   0   0   0   0   0   0   0]
 [195   0   5   0   0   0   0   0   0]
 [179   0   0  21   0   0   0   0   0]
 [185   0   0   0  15   0   0   0   0]
 [197   0   0   0   0   3   0   0   0]
 [  0   0   0   0   0   0 200   0   0]
 [121   0   0   0   0   0   0  79   0]
 [196   0   0   0   0   0   0   0   4]]",0.014919757843017578,0.5349857807159424
86,N_BaIoT,2,sigmoid,QuantileTransformer,KNN,0.8415578658897616,-1,-1,96.64197530864197,84.88888888888889,1.8888888888888888,79.80966363603778,81.53916100828064,-1,"{'0Normal': {'precision': 0.9899497487437185, 'recall': 0.985, 'f1-score': 0.9874686716791979, 'support': 200.0}, 'ack': {'precision': 0.8838383838383839, 'recall': 0.875, 'f1-score': 0.8793969849246231, 'support': 200.0}, 'combo': {'precision': 0.9689119170984456, 'recall': 0.935, 'f1-score': 0.9516539440203562, 'support': 200.0}, 'junk': {'precision': 0.9371980676328503, 'recall': 0.97, 'f1-score': 0.9533169533169533, 'support': 200.0}, 'scan': {'precision': 1.0, 'recall': 0.99, 'f1-score': 0.9949748743718593, 'support': 200.0}, 'syn': {'precision': 0.9803921568627451, 'recall': 1.0, 'f1-score': 0.9900990099009901, 'support': 200.0}, 'tcp': {'precision': 0.0, 'recall': 0.0, 'f1-score': 0.0, 'support': 200.0}, 'udp': {'precision': 0.44696969696969696, 'recall': 0.885, 'f1-score': 0.5939597315436241, 'support': 200.0}, 'udpplain': {'precision': 0.975609756097561, 'recall': 1.0, 'f1-score': 0.9876543209876543, 'support': 200.0}, 'accuracy': 0.8488888888888889, 'macro avg': {'precision': 0.7980966363603779, 'recall': 0.8488888888888888, 'f1-score': 0.8153916100828065, 'support': 1800.0}, 'weighted avg': {'precision': 0.7980966363603779, 'recall': 0.8488888888888889, 'f1-score': 0.8153916100828066, 'support': 1800.0}}","[[197   0   0   2   0   1   0   0   0]
 [  0 175   0   0   0   1   0  19   5]
 [  0   0 187  11   0   2   0   0   0]
 [  1   0   5 194   0   0   0   0   0]
 [  1   0   1   0 198   0   0   0   0]
 [  0   0   0   0   0 200   0   0   0]
 [  0   0   0   0   0   0   0 200   0]
 [  0  23   0   0   0   0   0 177   0]
 [  0   0   0   0   0   0   0   0 200]]",0.010454416275024414,0.4924964904785156
87,N_BaIoT,2,sigmoid,QuantileTransformer,LDA,0.9504410013316071,-1,-1,99.01234567901234,95.55555555555554,0.5555555555555556,95.73385049993232,95.45312511035071,-1,"{'0Normal': {'precision': 0.9888268156424581, 'recall': 0.885, 'f1-score': 0.9340369393139841, 'support': 200.0}, 'ack': {'precision': 0.9333333333333333, 'recall': 0.98, 'f1-score': 0.9560975609756097, 'support': 200.0}, 'combo': {'precision': 0.9611650485436893, 'recall': 0.99, 'f1-score': 0.9753694581280788, 'support': 200.0}, 'junk': {'precision': 0.961352657004831, 'recall': 0.995, 'f1-score': 0.9778869778869779, 'support': 200.0}, 'scan': {'precision': 0.9752475247524752, 'recall': 0.985, 'f1-score': 0.9800995024875622, 'support': 200.0}, 'syn': {'precision': 0.9754901960784313, 'recall': 0.995, 'f1-score': 0.9851485148514851, 'support': 200.0}, 'tcp': {'precision': 0.91324200913242, 'recall': 1.0, 'f1-score': 0.954653937947494, 'support': 200.0}, 'udp': {'precision': 0.9198113207547169, 'recall': 0.975, 'f1-score': 0.9466019417475728, 'support': 200.0}, 'udpplain': {'precision': 0.9875776397515528, 'recall': 0.795, 'f1-score': 0.8808864265927978, 'support': 200.0}, 'accuracy': 0.9555555555555556, 'macro avg': {'precision': 0.9573385049993232, 'recall': 0.9555555555555555, 'f1-score': 0.9545312511035071, 'support': 1800.0}, 'weighted avg': {'precision': 0.957338504999323, 'recall': 0.9555555555555556, 'f1-score': 0.954531251103507, 'support': 1800.0}}","[[177   3   6   5   3   4   2   0   0]
 [  0 196   0   0   0   0   2   1   1]
 [  0   0 198   2   0   0   0   0   0]
 [  1   0   0 199   0   0   0   0   0]
 [  1   0   1   0 197   1   0   0   0]
 [  0   0   0   0   1 199   0   0   0]
 [  0   0   0   0   0   0 200   0   0]
 [  0   1   0   0   0   0   3 195   1]
 [  0  10   1   1   1   0  12  16 159]]",94.10048580169678,0.012272834777832031
88,N_BaIoT,2,sigmoid,QuantileTransformer,SGD,0.9072995159172313,-1,-1,98.12345679012346,91.55555555555556,1.0555555555555556,92.84485950695628,91.3762497949501,-1,"{'0Normal': {'precision': 1.0, 'recall': 0.99, 'f1-score': 0.9949748743718593, 'support': 200.0}, 'ack': {'precision': 0.9943820224719101, 'recall': 0.885, 'f1-score': 0.9365079365079365, 'support': 200.0}, 'combo': {'precision': 0.9900497512437811, 'recall': 0.995, 'f1-score': 0.9925187032418953, 'support': 200.0}, 'junk': {'precision': 0.9949748743718593, 'recall': 0.99, 'f1-score': 0.9924812030075187, 'support': 200.0}, 'scan': {'precision': 0.8024193548387096, 'recall': 0.995, 'f1-score': 0.8883928571428571, 'support': 200.0}, 'syn': {'precision': 1.0, 'recall': 0.785, 'f1-score': 0.8795518207282913, 'support': 200.0}, 'tcp': {'precision': 0.7194244604316546, 'recall': 1.0, 'f1-score': 0.8368200836820083, 'support': 200.0}, 'udp': {'precision': 0.8695652173913043, 'recall': 0.6, 'f1-score': 0.7100591715976331, 'support': 200.0}, 'udpplain': {'precision': 0.9852216748768473, 'recall': 1.0, 'f1-score': 0.9925558312655087, 'support': 200.0}, 'accuracy': 0.9155555555555556, 'macro avg': {'precision': 0.9284485950695629, 'recall': 0.9155555555555556, 'f1-score': 0.9137624979495009, 'support': 1800.0}, 'weighted avg': {'precision': 0.928448595069563, 'recall': 0.9155555555555556, 'f1-score': 0.9137624979495009, 'support': 1800.0}}","[[198   0   0   0   1   0   0   0   1]
 [  0 177   0   0   4   0   0  18   1]
 [  0   0 199   1   0   0   0   0   0]
 [  0   0   1 198   0   0   0   0   1]
 [  0   0   1   0 199   0   0   0   0]
 [  0   0   0   0  43 157   0   0   0]
 [  0   0   0   0   0   0 200   0   0]
 [  0   1   0   0   1   0  78 120   0]
 [  0   0   0   0   0   0   0   0 200]]",3.540403127670288,0.007409095764160156
89,N_BaIoT,2,sigmoid,QuantileTransformer,GauNB,0.6367511126606586,-1,-1,92.41975308641976,65.88888888888889,4.263888888888888,82.19737992191482,65.5712180643701,-1,"{'0Normal': {'precision': 0.9744897959183674, 'recall': 0.955, 'f1-score': 0.9646464646464646, 'support': 200.0}, 'ack': {'precision': 0.6238095238095238, 'recall': 0.655, 'f1-score': 0.6390243902439025, 'support': 200.0}, 'combo': {'precision': 0.9901960784313726, 'recall': 0.505, 'f1-score': 0.6688741721854304, 'support': 200.0}, 'junk': {'precision': 0.6711864406779661, 'recall': 0.99, 'f1-score': 0.8, 'support': 200.0}, 'scan': {'precision': 0.9295774647887324, 'recall': 0.99, 'f1-score': 0.9588377723970944, 'support': 200.0}, 'syn': {'precision': 1.0, 'recall': 0.64, 'f1-score': 0.7804878048780488, 'support': 200.0}, 'tcp': {'precision': 1.0, 'recall': 0.02, 'f1-score': 0.0392156862745098, 'support': 200.0}, 'udp': {'precision': 0.22574626865671643, 'recall': 0.605, 'f1-score': 0.328804347826087, 'support': 200.0}, 'udpplain': {'precision': 0.9827586206896551, 'recall': 0.57, 'f1-score': 0.7215189873417721, 'support': 200.0}, 'accuracy': 0.6588888888888889, 'macro avg': {'precision': 0.8219737992191481, 'recall': 0.6588888888888889, 'f1-score': 0.6557121806437011, 'support': 1800.0}, 'weighted avg': {'precision': 0.821973799219148, 'recall': 0.6588888888888889, 'f1-score': 0.655712180643701, 'support': 1800.0}}","[[191   0   0   0   5   0   0   2   2]
 [  0 131   0   0   0   0   0  69   0]
 [  2   0 101  97   0   0   0   0   0]
 [  1   0   1 198   0   0   0   0   0]
 [  2   0   0   0 198   0   0   0   0]
 [  0   0   0   0  10 128   0  62   0]
 [  0   0   0   0   0   0   4 196   0]
 [  0  79   0   0   0   0   0 121   0]
 [  0   0   0   0   0   0   0  86 114]]",0.19912004470825195,0.29624366760253906
90,N_BaIoT,2,sigmoid,QuantileTransformer,NC,0.5957638017315023,-1,-1,91.66666666666666,62.5,4.6875,64.32913064264953,59.586724223285756,-1,"{'0Normal': {'precision': 0.9928057553956835, 'recall': 0.69, 'f1-score': 0.8141592920353983, 'support': 200.0}, 'ack': {'precision': 0.6262135922330098, 'recall': 0.645, 'f1-score': 0.6354679802955665, 'support': 200.0}, 'combo': {'precision': 0.8102189781021898, 'recall': 0.555, 'f1-score': 0.658753709198813, 'support': 200.0}, 'junk': {'precision': 0.5750798722044729, 'recall': 0.9, 'f1-score': 0.7017543859649122, 'support': 200.0}, 'scan': {'precision': 0.3581780538302277, 'recall': 0.865, 'f1-score': 0.5065885797950219, 'support': 200.0}, 'syn': {'precision': 0.7692307692307693, 'recall': 0.4, 'f1-score': 0.5263157894736842, 'support': 200.0}, 'tcp': {'precision': 0.6578947368421053, 'recall': 1.0, 'f1-score': 0.7936507936507936, 'support': 200.0}, 'udp': {'precision': 0.0, 'recall': 0.0, 'f1-score': 0.0, 'support': 200.0}, 'udpplain': {'precision': 1.0, 'recall': 0.57, 'f1-score': 0.7261146496815286, 'support': 200.0}, 'accuracy': 0.625, 'macro avg': {'precision': 0.6432913064264953, 'recall': 0.625, 'f1-score': 0.5958672422328576, 'support': 1800.0}, 'weighted avg': {'precision': 0.6432913064264953, 'recall': 0.625, 'f1-score': 0.5958672422328576, 'support': 1800.0}}","[[138   0   7   6  42   7   0   0   0]
 [  0 129   0   2  69   0   0   0   0]
 [  0   0 111  74   0  15   0   0   0]
 [  1   0  17 180   0   2   0   0   0]
 [  0   0   1   0 173   0  26   0   0]
 [  0   0   1  47  72  80   0   0   0]
 [  0   0   0   0   0   0 200   0   0]
 [  0  77   0   4  41   0  78   0   0]
 [  0   0   0   0  86   0   0   0 114]]",0.04644012451171875,0.013814926147460938
91,N_BaIoT,2,sigmoid,QuantileTransformer,RNC,0.21936315068691079,-1,-1,82.23456790123457,20.055555555555554,9.993055555555555,76.90569825632623,16.055486143584403,-1,"{'0Normal': {'precision': 0.12353304508956146, 'recall': 1.0, 'f1-score': 0.2199010445299615, 'support': 200.0}, 'ack': {'precision': 0.0, 'recall': 0.0, 'f1-score': 0.0, 'support': 200.0}, 'combo': {'precision': 1.0, 'recall': 0.015, 'f1-score': 0.029556650246305417, 'support': 200.0}, 'junk': {'precision': 1.0, 'recall': 0.1, 'f1-score': 0.18181818181818182, 'support': 200.0}, 'scan': {'precision': 1.0, 'recall': 0.01, 'f1-score': 0.019801980198019802, 'support': 200.0}, 'syn': {'precision': 1.0, 'recall': 0.015, 'f1-score': 0.029556650246305417, 'support': 200.0}, 'tcp': {'precision': 1.0, 'recall': 0.255, 'f1-score': 0.4063745019920319, 'support': 200.0}, 'udp': {'precision': 0.797979797979798, 'recall': 0.395, 'f1-score': 0.5284280936454849, 'support': 200.0}, 'udpplain': {'precision': 1.0, 'recall': 0.015, 'f1-score': 0.029556650246305417, 'support': 200.0}, 'accuracy': 0.20055555555555554, 'macro avg': {'precision': 0.7690569825632623, 'recall': 0.20055555555555554, 'f1-score': 0.16055486143584402, 'support': 1800.0}, 'weighted avg': {'precision': 0.7690569825632622, 'recall': 0.20055555555555554, 'f1-score': 0.16055486143584402, 'support': 1800.0}}","[[200   0   0   0   0   0   0   0   0]
 [200   0   0   0   0   0   0   0   0]
 [197   0   3   0   0   0   0   0   0]
 [180   0   0  20   0   0   0   0   0]
 [198   0   0   0   2   0   0   0   0]
 [197   0   0   0   0   3   0   0   0]
 [129   0   0   0   0   0  51  20   0]
 [121   0   0   0   0   0   0  79   0]
 [197   0   0   0   0   0   0   0   3]]",0.010448455810546875,0.5189292430877686
92,N_BaIoT,2,None,QuantileTransformer,KNN,0.9010368807629535,-1,-1,98.01234567901234,91.05555555555556,1.1180555555555554,91.51774628945536,90.74363680807289,-1,"{'0Normal': {'precision': 0.9899497487437185, 'recall': 0.985, 'f1-score': 0.9874686716791979, 'support': 200.0}, 'ack': {'precision': 0.9310344827586207, 'recall': 0.81, 'f1-score': 0.8663101604278075, 'support': 200.0}, 'combo': {'precision': 0.9726775956284153, 'recall': 0.89, 'f1-score': 0.9295039164490861, 'support': 200.0}, 'junk': {'precision': 0.8986175115207373, 'recall': 0.975, 'f1-score': 0.935251798561151, 'support': 200.0}, 'scan': {'precision': 0.9949748743718593, 'recall': 0.99, 'f1-score': 0.9924812030075187, 'support': 200.0}, 'syn': {'precision': 0.9802955665024631, 'recall': 0.995, 'f1-score': 0.9875930521091811, 'support': 200.0}, 'tcp': {'precision': 0.7194244604316546, 'recall': 1.0, 'f1-score': 0.8368200836820083, 'support': 200.0}, 'udp': {'precision': 0.7692307692307693, 'recall': 0.55, 'f1-score': 0.641399416909621, 'support': 200.0}, 'udpplain': {'precision': 0.9803921568627451, 'recall': 1.0, 'f1-score': 0.9900990099009901, 'support': 200.0}, 'accuracy': 0.9105555555555556, 'macro avg': {'precision': 0.9151774628945536, 'recall': 0.9105555555555556, 'f1-score': 0.9074363680807289, 'support': 1800.0}, 'weighted avg': {'precision': 0.9151774628945537, 'recall': 0.9105555555555556, 'f1-score': 0.907436368080729, 'support': 1800.0}}","[[197   0   0   2   0   1   0   0   0]
 [  0 162   0   0   0   1   0  33   4]
 [  0   0 178  20   0   2   0   0   0]
 [  1   0   4 195   0   0   0   0   0]
 [  1   0   1   0 198   0   0   0   0]
 [  0   0   0   0   1 199   0   0   0]
 [  0   0   0   0   0   0 200   0   0]
 [  0  12   0   0   0   0  78 110   0]
 [  0   0   0   0   0   0   0   0 200]]",0.007921934127807617,0.37592053413391113
93,N_BaIoT,2,None,QuantileTransformer,LDA,0.9166804266608618,-1,-1,98.33333333333333,92.50000000000001,0.9375,93.02337588312675,92.26914815610908,-1,"{'0Normal': {'precision': 0.9830508474576272, 'recall': 0.87, 'f1-score': 0.9230769230769231, 'support': 200.0}, 'ack': {'precision': 0.8716814159292036, 'recall': 0.985, 'f1-score': 0.9248826291079812, 'support': 200.0}, 'combo': {'precision': 0.9800995024875622, 'recall': 0.985, 'f1-score': 0.9825436408977556, 'support': 200.0}, 'junk': {'precision': 0.9660194174757282, 'recall': 0.995, 'f1-score': 0.9802955665024631, 'support': 200.0}, 'scan': {'precision': 0.9278846153846154, 'recall': 0.965, 'f1-score': 0.946078431372549, 'support': 200.0}, 'syn': {'precision': 0.9611650485436893, 'recall': 0.99, 'f1-score': 0.9753694581280788, 'support': 200.0}, 'tcp': {'precision': 0.8658008658008658, 'recall': 1.0, 'f1-score': 0.9280742459396751, 'support': 200.0}, 'udp': {'precision': 0.8238095238095238, 'recall': 0.865, 'f1-score': 0.8439024390243902, 'support': 200.0}, 'udpplain': {'precision': 0.9925925925925926, 'recall': 0.67, 'f1-score': 0.8, 'support': 200.0}, 'accuracy': 0.925, 'macro avg': {'precision': 0.9302337588312675, 'recall': 0.9250000000000002, 'f1-score': 0.9226914815610908, 'support': 1800.0}, 'weighted avg': {'precision': 0.9302337588312676, 'recall': 0.925, 'f1-score': 0.9226914815610907, 'support': 1800.0}}","[[174   5   4   4   7   3   1   2   0]
 [  0 197   0   0   0   0   0   2   1]
 [  0   0 197   2   1   0   0   0   0]
 [  1   0   0 199   0   0   0   0   0]
 [  2   0   0   0 193   3   0   2   0]
 [  0   0   0   0   2 198   0   0   0]
 [  0   0   0   0   0   0 200   0   0]
 [  0   0   0   0   0   0  27 173   0]
 [  0  24   0   1   5   2   3  31 134]]",146.22040247917175,0.04590964317321777
94,N_BaIoT,2,None,QuantileTransformer,SGD,0.8759233437900965,-1,-1,97.50617283950618,88.77777777777777,1.4027777777777777,90.14327942886185,88.59724802929351,-1,"{'0Normal': {'precision': 0.9949748743718593, 'recall': 0.99, 'f1-score': 0.9924812030075187, 'support': 200.0}, 'ack': {'precision': 1.0, 'recall': 0.71, 'f1-score': 0.8304093567251462, 'support': 200.0}, 'combo': {'precision': 0.98989898989899, 'recall': 0.98, 'f1-score': 0.9849246231155779, 'support': 200.0}, 'junk': {'precision': 0.9611650485436893, 'recall': 0.99, 'f1-score': 0.9753694581280788, 'support': 200.0}, 'scan': {'precision': 0.825, 'recall': 0.99, 'f1-score': 0.9, 'support': 200.0}, 'syn': {'precision': 0.993103448275862, 'recall': 0.72, 'f1-score': 0.8347826086956521, 'support': 200.0}, 'tcp': {'precision': 0.7194244604316546, 'recall': 1.0, 'f1-score': 0.8368200836820083, 'support': 200.0}, 'udp': {'precision': 0.648936170212766, 'recall': 0.61, 'f1-score': 0.6288659793814433, 'support': 200.0}, 'udpplain': {'precision': 0.9803921568627451, 'recall': 1.0, 'f1-score': 0.9900990099009901, 'support': 200.0}, 'accuracy': 0.8877777777777778, 'macro avg': {'precision': 0.9014327942886184, 'recall': 0.8877777777777778, 'f1-score': 0.8859724802929351, 'support': 1800.0}, 'weighted avg': {'precision': 0.9014327942886183, 'recall': 0.8877777777777778, 'f1-score': 0.8859724802929351, 'support': 1800.0}}","[[198   0   0   0   0   1   0   1   0]
 [  0 142   0   0   0   0   0  54   4]
 [  0   0 196   4   0   0   0   0   0]
 [  0   0   1 198   1   0   0   0   0]
 [  1   0   1   0 198   0   0   0   0]
 [  0   0   0   4  41 144   0  11   0]
 [  0   0   0   0   0   0 200   0   0]
 [  0   0   0   0   0   0  78 122   0]
 [  0   0   0   0   0   0   0   0 200]]",2.9105324745178223,0.014106512069702148
95,N_BaIoT,2,None,QuantileTransformer,GauNB,0.727741174395844,-1,-1,94.51851851851852,75.33333333333334,3.0833333333333335,79.10573254874048,74.48477044113582,-1,"{'0Normal': {'precision': 0.9744897959183674, 'recall': 0.955, 'f1-score': 0.9646464646464646, 'support': 200.0}, 'ack': {'precision': 0.6616161616161617, 'recall': 0.655, 'f1-score': 0.6582914572864321, 'support': 200.0}, 'combo': {'precision': 0.9876543209876543, 'recall': 0.4, 'f1-score': 0.5693950177935944, 'support': 200.0}, 'junk': {'precision': 0.6265822784810127, 'recall': 0.99, 'f1-score': 0.7674418604651163, 'support': 200.0}, 'scan': {'precision': 0.9, 'recall': 0.99, 'f1-score': 0.9428571428571428, 'support': 200.0}, 'syn': {'precision': 1.0, 'recall': 0.945, 'f1-score': 0.9717223650385605, 'support': 200.0}, 'tcp': {'precision': 0.7194244604316546, 'recall': 1.0, 'f1-score': 0.8368200836820083, 'support': 200.0}, 'udp': {'precision': 0.2669902912621359, 'recall': 0.275, 'f1-score': 0.270935960591133, 'support': 200.0}, 'udpplain': {'precision': 0.9827586206896551, 'recall': 0.57, 'f1-score': 0.7215189873417721, 'support': 200.0}, 'accuracy': 0.7533333333333333, 'macro avg': {'precision': 0.7910573254874047, 'recall': 0.7533333333333334, 'f1-score': 0.7448477044113583, 'support': 1800.0}, 'weighted avg': {'precision': 0.7910573254874046, 'recall': 0.7533333333333333, 'f1-score': 0.7448477044113582, 'support': 1800.0}}","[[191   0   0   0   6   0   0   1   2]
 [  0 131   0   0   4   0   0  65   0]
 [  2   0  80 118   0   0   0   0   0]
 [  1   0   1 198   0   0   0   0   0]
 [  2   0   0   0 198   0   0   0   0]
 [  0   0   0   0  11 189   0   0   0]
 [  0   0   0   0   0   0 200   0   0]
 [  0  67   0   0   0   0  78  55   0]
 [  0   0   0   0   1   0   0  85 114]]",0.16610169410705566,0.3324592113494873
96,N_BaIoT,2,None,QuantileTransformer,NC,0.6219327801339227,-1,-1,92.14814814814815,64.66666666666667,4.416666666666667,65.89137581795335,60.9132164690146,-1,"{'0Normal': {'precision': 0.9862068965517241, 'recall': 0.715, 'f1-score': 0.8289855072463768, 'support': 200.0}, 'ack': {'precision': 0.6201117318435754, 'recall': 0.555, 'f1-score': 0.5857519788918206, 'support': 200.0}, 'combo': {'precision': 0.8852459016393442, 'recall': 0.81, 'f1-score': 0.8459530026109661, 'support': 200.0}, 'junk': {'precision': 0.5658682634730539, 'recall': 0.945, 'f1-score': 0.7078651685393258, 'support': 200.0}, 'scan': {'precision': 0.38414634146341464, 'recall': 0.945, 'f1-score': 0.546242774566474, 'support': 200.0}, 'syn': {'precision': 0.8, 'recall': 0.28, 'f1-score': 0.4148148148148148, 'support': 200.0}, 'tcp': {'precision': 0.7142857142857143, 'recall': 1.0, 'f1-score': 0.8333333333333334, 'support': 200.0}, 'udp': {'precision': 0.0, 'recall': 0.0, 'f1-score': 0.0, 'support': 200.0}, 'udpplain': {'precision': 0.9743589743589743, 'recall': 0.57, 'f1-score': 0.7192429022082019, 'support': 200.0}, 'accuracy': 0.6466666666666666, 'macro avg': {'precision': 0.6589137581795335, 'recall': 0.6466666666666667, 'f1-score': 0.609132164690146, 'support': 1800.0}, 'weighted avg': {'precision': 0.6589137581795335, 'recall': 0.6466666666666666, 'f1-score': 0.6091321646901459, 'support': 1800.0}}","[[143   0   4   6  35  11   0   0   1]
 [  0 111   0  20  69   0   0   0   0]
 [  0   0 162  38   0   0   0   0   0]
 [  1   0  10 189   0   0   0   0   0]
 [  1   0   3   0 189   3   2   0   2]
 [  0   0   4  68  72  56   0   0   0]
 [  0   0   0   0   0   0 200   0   0]
 [  0  68   0  13  41   0  78   0   0]
 [  0   0   0   0  86   0   0   0 114]]",0.0340113639831543,0.014843940734863281
97,N_BaIoT,2,None,QuantileTransformer,RNC,0.3065464644247388,-1,-1,83.80246913580247,27.111111111111107,9.11111111111111,77.74671222947084,21.422201586994532,-1,"{'0Normal': {'precision': 0.13513513513513514, 'recall': 1.0, 'f1-score': 0.23809523809523808, 'support': 200.0}, 'ack': {'precision': 0.0, 'recall': 0.0, 'f1-score': 0.0, 'support': 200.0}, 'combo': {'precision': 1.0, 'recall': 0.01, 'f1-score': 0.019801980198019802, 'support': 200.0}, 'junk': {'precision': 1.0, 'recall': 0.1, 'f1-score': 0.18181818181818182, 'support': 200.0}, 'scan': {'precision': 1.0, 'recall': 0.06, 'f1-score': 0.11320754716981132, 'support': 200.0}, 'syn': {'precision': 1.0, 'recall': 0.025, 'f1-score': 0.04878048780487805, 'support': 200.0}, 'tcp': {'precision': 0.8620689655172413, 'recall': 1.0, 'f1-score': 0.9259259259259259, 'support': 200.0}, 'udp': {'precision': 1.0, 'recall': 0.235, 'f1-score': 0.3805668016194332, 'support': 200.0}, 'udpplain': {'precision': 1.0, 'recall': 0.01, 'f1-score': 0.019801980198019802, 'support': 200.0}, 'accuracy': 0.27111111111111114, 'macro avg': {'precision': 0.7774671222947085, 'recall': 0.2711111111111111, 'f1-score': 0.21422201586994533, 'support': 1800.0}, 'weighted avg': {'precision': 0.7774671222947085, 'recall': 0.27111111111111114, 'f1-score': 0.21422201586994533, 'support': 1800.0}}","[[200   0   0   0   0   0   0   0   0]
 [200   0   0   0   0   0   0   0   0]
 [198   0   2   0   0   0   0   0   0]
 [180   0   0  20   0   0   0   0   0]
 [188   0   0   0  12   0   0   0   0]
 [195   0   0   0   0   5   0   0   0]
 [  0   0   0   0   0   0 200   0   0]
 [121   0   0   0   0   0  32  47   0]
 [198   0   0   0   0   0   0   0   2]]",0.007942676544189453,0.379422664642334
