,Data Type,Poly,Kernel,SCALER,Model,MCC,NDR,AUC_N,ACC,TPR Macro,FPR,PPV Macro,F1 Macro,AUC,CLS Report,CFS Matrix,Training time,Test time
0,UNSW_NB15,0,rbf,QuantileTransformer,KNFST,0.32316900277585614,-1,-1,85.27874564459931,42.47321428571429,8.412145345943255,40.54137963023056,40.42635910014285,-1,"{'0Normal': {'precision': 0.98989898989899, 'recall': 0.98, 'f1-score': 0.9849246231155779, 'support': 200.0}, 'Analysis': {'precision': 0.2, 'recall': 0.18, 'f1-score': 0.18947368421052632, 'support': 200.0}, 'Backdoor': {'precision': 0.14655172413793102, 'recall': 0.085, 'f1-score': 0.10759493670886076, 'support': 200.0}, 'Exploits': {'precision': 0.2453416149068323, 'recall': 0.395, 'f1-score': 0.30268199233716475, 'support': 200.0}, 'Fuzzers': {'precision': 0.2150170648464164, 'recall': 0.315, 'f1-score': 0.25557809330628806, 'support': 200.0}, 'Reconnaissance': {'precision': 0.26666666666666666, 'recall': 0.1, 'f1-score': 0.14545454545454545, 'support': 200.0}, 'Shellcode': {'precision': 0.7920792079207921, 'recall': 0.8, 'f1-score': 0.7960199004975125, 'support': 200.0}, 'Worms': {'precision': 0.3877551020408163, 'recall': 0.5428571428571428, 'f1-score': 0.4523809523809524, 'support': 35.0}, 'accuracy': 0.41114982578397213, 'macro avg': {'precision': 0.40541379630230556, 'recall': 0.4247321428571429, 'f1-score': 0.4042635910014285, 'support': 1435.0}, 'weighted avg': {'precision': 0.4074442384996197, 'recall': 0.41114982578397213, 'f1-score': 0.39873093272434035, 'support': 1435.0}}","[[196   0   0   1   1   0   0   2]
 [  0  36  44  41  60  19   0   0]
 [  0  55  17  53  42  18  10   5]
 [  1  14  15  79  65   7   6  13]
 [  0  30  29  57  63  11   7   3]
 [  1  35   8  72  44  20  16   4]
 [  0  10   3  12  12   0 160   3]
 [  0   0   0   7   6   0   3  19]]",161.5681209564209,0.3352046012878418
1,UNSW_NB15,0,rbf,QuantileTransformer,KNN,0.469881052662297,-1,-1,88.55400696864112,51.27678571428571,6.540567446490791,53.122235273716825,51.50470918638901,-1,"{'0Normal': {'precision': 0.985, 'recall': 0.985, 'f1-score': 0.985, 'support': 200.0}, 'Analysis': {'precision': 0.38188976377952755, 'recall': 0.485, 'f1-score': 0.42731277533039647, 'support': 200.0}, 'Backdoor': {'precision': 0.32323232323232326, 'recall': 0.32, 'f1-score': 0.32160804020100503, 'support': 200.0}, 'Exploits': {'precision': 0.46808510638297873, 'recall': 0.44, 'f1-score': 0.4536082474226804, 'support': 200.0}, 'Fuzzers': {'precision': 0.30985915492957744, 'recall': 0.22, 'f1-score': 0.2573099415204678, 'support': 200.0}, 'Reconnaissance': {'precision': 0.5953488372093023, 'recall': 0.64, 'f1-score': 0.6168674698795181, 'support': 200.0}, 'Shellcode': {'precision': 0.6863636363636364, 'recall': 0.755, 'f1-score': 0.719047619047619, 'support': 200.0}, 'Worms': {'precision': 0.5, 'recall': 0.2571428571428571, 'f1-score': 0.33962264150943394, 'support': 35.0}, 'accuracy': 0.5421602787456447, 'macro avg': {'precision': 0.5312223527371682, 'recall': 0.5127678571428571, 'f1-score': 0.5150470918638901, 'support': 1435.0}, 'weighted avg': {'precision': 0.5348123793585151, 'recall': 0.5421602787456447, 'f1-score': 0.5352178474795592, 'support': 1435.0}}","[[197   1   0   0   0   0   2   0]
 [  0  97  52  20  28   3   0   0]
 [  0  56  64  15  30  12  20   3]
 [  2  35  25  88  26  15   7   2]
 [  1  51  49  36  44   6  11   2]
 [  0  14   6  15  10 128  25   2]
 [  0   0   1   3   1  44 151   0]
 [  0   0   1  11   3   7   4   9]]",0.0004372596740722656,0.006653547286987305
2,UNSW_NB15,0,rbf,QuantileTransformer,LDA,0.5220360380301594,-1,-1,89.49477351916376,60.25,6.00298656047785,56.95342389606009,56.04555690484556,-1,"{'0Normal': {'precision': 0.9702970297029703, 'recall': 0.98, 'f1-score': 0.9751243781094527, 'support': 200.0}, 'Analysis': {'precision': 0.4808743169398907, 'recall': 0.44, 'f1-score': 0.4595300261096606, 'support': 200.0}, 'Backdoor': {'precision': 0.2873900293255132, 'recall': 0.49, 'f1-score': 0.36229205175600737, 'support': 200.0}, 'Exploits': {'precision': 0.6666666666666666, 'recall': 0.46, 'f1-score': 0.5443786982248521, 'support': 200.0}, 'Fuzzers': {'precision': 0.3611111111111111, 'recall': 0.13, 'f1-score': 0.19117647058823528, 'support': 200.0}, 'Reconnaissance': {'precision': 0.6735751295336787, 'recall': 0.65, 'f1-score': 0.6615776081424937, 'support': 200.0}, 'Shellcode': {'precision': 0.7945205479452054, 'recall': 0.87, 'f1-score': 0.8305489260143198, 'support': 200.0}, 'Worms': {'precision': 0.3218390804597701, 'recall': 0.8, 'f1-score': 0.45901639344262296, 'support': 35.0}, 'accuracy': 0.5797909407665506, 'macro avg': {'precision': 0.5695342389606008, 'recall': 0.6025, 'f1-score': 0.5604555690484556, 'support': 1435.0}, 'weighted avg': {'precision': 0.5980148669415325, 'recall': 0.5797909407665506, 'f1-score': 0.5721193070101018, 'support': 1435.0}}","[[196   2   0   0   0   1   1   0]
 [  1  88  94   1  15   0   0   1]
 [  1  36  98  11  15  26   6   7]
 [  1  16  47  92  12   3   7  22]
 [  2  33  85  32  26   5  10   7]
 [  1   8  17   1   4 130  17  22]
 [  0   0   0   0   0  26 174   0]
 [  0   0   0   1   0   2   4  28]]",0.17670917510986328,0.020702600479125977
3,UNSW_NB15,0,rbf,QuantileTransformer,NuSVC,0.5573193413827369,-1,-1,90.29616724738676,60.473214285714285,5.5450472872075665,62.30730895624729,59.92091787687814,-1,"{'0Normal': {'precision': 0.9752475247524752, 'recall': 0.985, 'f1-score': 0.9800995024875622, 'support': 200.0}, 'Analysis': {'precision': 0.35376044568245124, 'recall': 0.635, 'f1-score': 0.4543828264758497, 'support': 200.0}, 'Backdoor': {'precision': 0.3382352941176471, 'recall': 0.345, 'f1-score': 0.3415841584158416, 'support': 200.0}, 'Exploits': {'precision': 0.6518518518518519, 'recall': 0.44, 'f1-score': 0.5253731343283582, 'support': 200.0}, 'Fuzzers': {'precision': 0.3333333333333333, 'recall': 0.135, 'f1-score': 0.19217081850533807, 'support': 200.0}, 'Reconnaissance': {'precision': 0.851063829787234, 'recall': 0.8, 'f1-score': 0.8247422680412371, 'support': 200.0}, 'Shellcode': {'precision': 0.8025210084033614, 'recall': 0.955, 'f1-score': 0.8721461187214612, 'support': 200.0}, 'Worms': {'precision': 0.6785714285714286, 'recall': 0.5428571428571428, 'f1-score': 0.6031746031746031, 'support': 35.0}, 'accuracy': 0.6118466898954704, 'macro avg': {'precision': 0.6230730895624729, 'recall': 0.6047321428571428, 'f1-score': 0.5992091787687814, 'support': 1435.0}, 'weighted avg': {'precision': 0.6166917474464605, 'recall': 0.6118466898954704, 'f1-score': 0.5987532240461607, 'support': 1435.0}}","[[197   1   0   0   0   0   2   0]
 [  0 127  63   3   7   0   0   0]
 [  2  78  69  10  16   5  18   2]
 [  2  49  21  88  20   6   9   5]
 [  1  85  44  25  27   6  10   2]
 [  0  19   6   3   8 160   4   0]
 [  0   0   0   0   0   9 191   0]
 [  0   0   1   6   3   2   4  19]]",0.6439270973205566,0.1651468276977539
4,UNSW_NB15,0,rbf,QuantileTransformer,SGD,0.49581001634297245,-1,-1,88.5191637630662,49.38392857142857,6.560477849676456,58.209237043106675,46.37692431058798,-1,"{'0Normal': {'precision': 0.9899497487437185, 'recall': 0.985, 'f1-score': 0.9874686716791979, 'support': 200.0}, 'Analysis': {'precision': 0.723404255319149, 'recall': 0.34, 'f1-score': 0.46258503401360546, 'support': 200.0}, 'Backdoor': {'precision': 0.24, 'recall': 0.03, 'f1-score': 0.05333333333333334, 'support': 200.0}, 'Exploits': {'precision': 0.5137614678899083, 'recall': 0.56, 'f1-score': 0.5358851674641149, 'support': 200.0}, 'Fuzzers': {'precision': 0.30864197530864196, 'recall': 0.125, 'f1-score': 0.17793594306049823, 'support': 200.0}, 'Reconnaissance': {'precision': 0.28842832469775476, 'recall': 0.835, 'f1-score': 0.4287548138639281, 'support': 200.0}, 'Shellcode': {'precision': 0.8425531914893617, 'recall': 0.99, 'f1-score': 0.9103448275862069, 'support': 200.0}, 'Worms': {'precision': 0.75, 'recall': 0.08571428571428572, 'f1-score': 0.15384615384615385, 'support': 35.0}, 'accuracy': 0.5407665505226481, 'macro avg': {'precision': 0.5820923704310668, 'recall': 0.4938392857142857, 'f1-score': 0.4637692431058798, 'support': 1435.0}, 'weighted avg': {'precision': 0.5627859182506668, 'recall': 0.5407665505226481, 'f1-score': 0.4994049990137926, 'support': 1435.0}}","[[197   1   1   0   0   0   1   0]
 [  0  68  11   6  13 102   0   0]
 [  0  23   6  21  31 106  13   0]
 [  1   1   3 112   9  69   5   0]
 [  1   1   0  38  25 129   5   1]
 [  0   0   4  17   3 167   9   0]
 [  0   0   0   0   0   2 198   0]
 [  0   0   0  24   0   4   4   3]]",0.1443936824798584,0.00038933753967285156
5,UNSW_NB15,0,rbf,QuantileTransformer,GauNB,0.3732988859955721,-1,-1,85.60975609756098,46.3125,8.222996515679442,41.06680585488428,33.85312117674195,-1,"{'0Normal': {'precision': 0.9942196531791907, 'recall': 0.86, 'f1-score': 0.9222520107238605, 'support': 200.0}, 'Analysis': {'precision': 0.0, 'recall': 0.0, 'f1-score': 0.0, 'support': 200.0}, 'Backdoor': {'precision': 0.4057971014492754, 'recall': 0.14, 'f1-score': 0.20817843866171004, 'support': 200.0}, 'Exploits': {'precision': 0.463768115942029, 'recall': 0.16, 'f1-score': 0.2379182156133829, 'support': 200.0}, 'Fuzzers': {'precision': 0.28294573643410853, 'recall': 0.73, 'f1-score': 0.40782122905027934, 'support': 200.0}, 'Reconnaissance': {'precision': 0.5, 'recall': 0.015, 'f1-score': 0.02912621359223301, 'support': 200.0}, 'Shellcode': {'precision': 0.5, 'recall': 1.0, 'f1-score': 0.6666666666666666, 'support': 200.0}, 'Worms': {'precision': 0.13861386138613863, 'recall': 0.8, 'f1-score': 0.23628691983122363, 'support': 35.0}, 'accuracy': 0.424390243902439, 'macro avg': {'precision': 0.4106680585488428, 'recall': 0.463125, 'f1-score': 0.3385312117674195, 'support': 1435.0}, 'weighted avg': {'precision': 0.44194955160239413, 'recall': 0.424390243902439, 'f1-score': 0.3502875240806407, 'support': 1435.0}}","[[172   0   0   0  25   0   2   1]
 [  0   0  41  25 116   0   0  18]
 [  0   0  28   7 123   0  27  15]
 [  0   0   0  32  75   0   9  84]
 [  1   0   0   5 146   2  14  32]
 [  0   0   0   0  31   3 142  24]
 [  0   0   0   0   0   0 200   0]
 [  0   0   0   0   0   1   6  28]]",0.001984119415283203,0.0012598037719726562
6,UNSW_NB15,0,rbf,QuantileTransformer,NC,0.16502400978320417,-1,-1,80.71428571428572,29.044642857142854,11.020408163265307,23.03138882783393,19.271951900916427,-1,"{'0Normal': {'precision': 0.9924812030075187, 'recall': 0.66, 'f1-score': 0.7927927927927928, 'support': 200.0}, 'Analysis': {'precision': 0.46987951807228917, 'recall': 0.195, 'f1-score': 0.2756183745583039, 'support': 200.0}, 'Backdoor': {'precision': 0.20618556701030927, 'recall': 0.6, 'f1-score': 0.3069053708439898, 'support': 200.0}, 'Exploits': {'precision': 0.06060606060606061, 'recall': 0.01, 'f1-score': 0.017167381974248927, 'support': 200.0}, 'Fuzzers': {'precision': 0.05405405405405406, 'recall': 0.03, 'f1-score': 0.03858520900321544, 'support': 200.0}, 'Reconnaissance': {'precision': 0.0, 'recall': 0.0, 'f1-score': 0.0, 'support': 200.0}, 'Shellcode': {'precision': 0.0, 'recall': 0.0, 'f1-score': 0.0, 'support': 200.0}, 'Worms': {'precision': 0.05930470347648262, 'recall': 0.8285714285714286, 'f1-score': 0.11068702290076336, 'support': 35.0}, 'accuracy': 0.22857142857142856, 'macro avg': {'precision': 0.2303138882783393, 'recall': 0.29044642857142855, 'f1-score': 0.1927195190091643, 'support': 1435.0}, 'weighted avg': {'precision': 0.24997696527646224, 'recall': 0.22857142857142856, 'f1-score': 0.20215182692406752, 'support': 1435.0}}","[[132  16   0   5  21   2   0  24]
 [  0  39 116   0   2   0   0  43]
 [  0  28 120   4   2   0   2  44]
 [  0   0  73   2   4   0   0 121]
 [  1   0 142   1   6   0   0  50]
 [  0   0  70   8  24   0   0  98]
 [  0   0  59  13  48   0   0  80]
 [  0   0   2   0   4   0   0  29]]",0.0008764266967773438,0.052167415618896484
7,UNSW_NB15,0,rbf,QuantileTransformer,RNC,0.21246000624037573,-1,-1,82.36933797909408,26.437500000000004,10.074664011946242,38.1836086978712,23.158630789749214,-1,"{'0Normal': {'precision': 0.2386634844868735, 'recall': 1.0, 'f1-score': 0.3853564547206166, 'support': 200.0}, 'Analysis': {'precision': 0.28488372093023256, 'recall': 0.245, 'f1-score': 0.26344086021505375, 'support': 200.0}, 'Backdoor': {'precision': 0.275, 'recall': 0.22, 'f1-score': 0.24444444444444444, 'support': 200.0}, 'Exploits': {'precision': 0.17391304347826086, 'recall': 0.04, 'f1-score': 0.06504065040650407, 'support': 200.0}, 'Fuzzers': {'precision': 0.3277310924369748, 'recall': 0.195, 'f1-score': 0.2445141065830721, 'support': 200.0}, 'Reconnaissance': {'precision': 0.8285714285714286, 'recall': 0.29, 'f1-score': 0.42962962962962964, 'support': 200.0}, 'Shellcode': {'precision': 0.9259259259259259, 'recall': 0.125, 'f1-score': 0.22026431718061673, 'support': 200.0}, 'Worms': {'precision': 0.0, 'recall': 0.0, 'f1-score': 0.0, 'support': 35.0}, 'accuracy': 0.29477351916376304, 'macro avg': {'precision': 0.381836086978712, 'recall': 0.264375, 'f1-score': 0.23158630789749216, 'support': 1435.0}, 'weighted avg': {'precision': 0.42574058478462673, 'recall': 0.29477351916376304, 'f1-score': 0.2582146987010366, 'support': 1435.0}}","[[200   0   0   0   0   0   0   0]
 [ 54  49  48  12  34   3   0   0]
 [ 71  45  44  10  27   2   0   1]
 [131  22  22   8  13   2   1   1]
 [ 65  47  38  10  39   1   0   0]
 [114   9   8   6   4  58   1   0]
 [169   0   0   0   1   4  25   1]
 [ 34   0   0   0   1   0   0   0]]",0.0005674362182617188,0.007833003997802734
8,UNSW_NB15,0,poly,QuantileTransformer,KNN,0.44022139954149747,-1,-1,87.92682926829268,47.55357142857143,6.898954703832752,49.35127248065607,47.75191515429389,-1,"{'0Normal': {'precision': 0.985, 'recall': 0.985, 'f1-score': 0.985, 'support': 200.0}, 'Analysis': {'precision': 0.3611111111111111, 'recall': 0.455, 'f1-score': 0.4026548672566372, 'support': 200.0}, 'Backdoor': {'precision': 0.2995169082125604, 'recall': 0.31, 'f1-score': 0.3046683046683047, 'support': 200.0}, 'Exploits': {'precision': 0.4484848484848485, 'recall': 0.37, 'f1-score': 0.4054794520547945, 'support': 200.0}, 'Fuzzers': {'precision': 0.2937853107344633, 'recall': 0.26, 'f1-score': 0.27586206896551724, 'support': 200.0}, 'Reconnaissance': {'precision': 0.5475113122171946, 'recall': 0.605, 'f1-score': 0.5748218527315915, 'support': 200.0}, 'Shellcode': {'precision': 0.705, 'recall': 0.705, 'f1-score': 0.705, 'support': 200.0}, 'Worms': {'precision': 0.3076923076923077, 'recall': 0.11428571428571428, 'f1-score': 0.16666666666666666, 'support': 35.0}, 'accuracy': 0.5170731707317073, 'macro avg': {'precision': 0.4935127248065607, 'recall': 0.4755357142857143, 'f1-score': 0.4775191515429389, 'support': 1435.0}, 'weighted avg': {'precision': 0.514878835485203, 'recall': 0.5170731707317073, 'f1-score': 0.5132617717551933, 'support': 1435.0}}","[[197   1   0   0   0   1   1   0]
 [  0  91  59  15  32   3   0   0]
 [  0  53  62  18  39  13  14   1]
 [  2  36  25  74  34  20   7   2]
 [  0  55  41  30  52  12   9   1]
 [  1  16   8  13  14 121  24   3]
 [  0   0   7  10   4  36 141   2]
 [  0   0   5   5   2  15   4   4]]",0.0005834102630615234,0.09901762008666992
9,UNSW_NB15,0,poly,QuantileTransformer,LDA,0.5100375958414879,-1,-1,89.26829268292683,58.25892857142857,6.132404181184669,55.60794694877978,55.044119017046626,-1,"{'0Normal': {'precision': 0.9752475247524752, 'recall': 0.985, 'f1-score': 0.9800995024875622, 'support': 200.0}, 'Analysis': {'precision': 0.424390243902439, 'recall': 0.435, 'f1-score': 0.42962962962962964, 'support': 200.0}, 'Backdoor': {'precision': 0.29754601226993865, 'recall': 0.485, 'f1-score': 0.3688212927756654, 'support': 200.0}, 'Exploits': {'precision': 0.676923076923077, 'recall': 0.44, 'f1-score': 0.5333333333333333, 'support': 200.0}, 'Fuzzers': {'precision': 0.3108108108108108, 'recall': 0.115, 'f1-score': 0.1678832116788321, 'support': 200.0}, 'Reconnaissance': {'precision': 0.6629213483146067, 'recall': 0.59, 'f1-score': 0.6243386243386243, 'support': 200.0}, 'Shellcode': {'precision': 0.7198443579766537, 'recall': 0.925, 'f1-score': 0.8096280087527352, 'support': 200.0}, 'Worms': {'precision': 0.38095238095238093, 'recall': 0.6857142857142857, 'f1-score': 0.4897959183673469, 'support': 35.0}, 'accuracy': 0.5707317073170731, 'macro avg': {'precision': 0.5560794694877977, 'recall': 0.5825892857142857, 'f1-score': 0.5504411901704662, 'support': 1435.0}, 'weighted avg': {'precision': 0.5762160336747969, 'recall': 0.5707317073170731, 'f1-score': 0.5574143398899885, 'support': 1435.0}}","[[197   1   0   0   0   0   2   0]
 [  1  87  97   1  13   0   0   1]
 [  1  35  97  10  18  27   7   5]
 [  0  25  41  88  15   9   8  14]
 [  2  48  75  29  23   5  11   7]
 [  1   9  16   0   4 118  40  12]
 [  0   0   0   0   0  15 185   0]
 [  0   0   0   2   1   4   4  24]]",0.1300666332244873,0.009638547897338867
10,UNSW_NB15,0,poly,QuantileTransformer,NuSVC,0.5377682175904193,-1,-1,89.79094076655052,53.94642857142857,5.833748133399701,57.61759320552453,52.56726111004586,-1,"{'0Normal': {'precision': 0.9752475247524752, 'recall': 0.985, 'f1-score': 0.9800995024875622, 'support': 200.0}, 'Analysis': {'precision': 0.3394495412844037, 'recall': 0.74, 'f1-score': 0.46540880503144655, 'support': 200.0}, 'Backdoor': {'precision': 0.3465346534653465, 'recall': 0.175, 'f1-score': 0.23255813953488372, 'support': 200.0}, 'Exploits': {'precision': 0.5891472868217055, 'recall': 0.38, 'f1-score': 0.46200607902735563, 'support': 200.0}, 'Fuzzers': {'precision': 0.3046875, 'recall': 0.195, 'f1-score': 0.23780487804878048, 'support': 200.0}, 'Reconnaissance': {'precision': 0.817258883248731, 'recall': 0.805, 'f1-score': 0.8110831234256927, 'support': 200.0}, 'Shellcode': {'precision': 0.8085106382978723, 'recall': 0.95, 'f1-score': 0.8735632183908046, 'support': 200.0}, 'Worms': {'precision': 0.42857142857142855, 'recall': 0.08571428571428572, 'f1-score': 0.14285714285714285, 'support': 35.0}, 'accuracy': 0.5916376306620209, 'macro avg': {'precision': 0.5761759320552453, 'recall': 0.5394642857142857, 'f1-score': 0.5256726111004586, 'support': 1435.0}, 'weighted avg': {'precision': 0.5931478784488549, 'recall': 0.5916376306620209, 'f1-score': 0.5696897206894113, 'support': 1435.0}}","[[197   1   0   1   0   0   1   0]
 [  0 148  28   5  19   0   0   0]
 [  2 102  35   9  26   5  20   1]
 [  2  58  12  76  30  11   8   3]
 [  1 107  19  21  39   5   8   0]
 [  0  20   4   3   8 161   4   0]
 [  0   0   1   0   0   9 190   0]
 [  0   0   2  14   6   6   4   3]]",0.6578340530395508,0.16944122314453125
11,UNSW_NB15,0,poly,QuantileTransformer,SGD,0.5511917296639941,-1,-1,89.61672473867596,53.026785714285715,5.933300149328024,65.64605484671274,48.20745052084423,-1,"{'0Normal': {'precision': 0.985, 'recall': 0.985, 'f1-score': 0.985, 'support': 200.0}, 'Analysis': {'precision': 0.32105263157894737, 'recall': 0.915, 'f1-score': 0.4753246753246753, 'support': 200.0}, 'Backdoor': {'precision': 0.28888888888888886, 'recall': 0.065, 'f1-score': 0.10612244897959183, 'support': 200.0}, 'Exploits': {'precision': 0.6515151515151515, 'recall': 0.43, 'f1-score': 0.5180722891566265, 'support': 200.0}, 'Fuzzers': {'precision': 0.8333333333333334, 'recall': 0.025, 'f1-score': 0.04854368932038835, 'support': 200.0}, 'Reconnaissance': {'precision': 0.6296296296296297, 'recall': 0.85, 'f1-score': 0.723404255319149, 'support': 200.0}, 'Shellcode': {'precision': 0.8755980861244019, 'recall': 0.915, 'f1-score': 0.8948655256723717, 'support': 200.0}, 'Worms': {'precision': 0.6666666666666666, 'recall': 0.05714285714285714, 'f1-score': 0.10526315789473684, 'support': 35.0}, 'accuracy': 0.5846689895470383, 'macro avg': {'precision': 0.6564605484671274, 'recall': 0.5302678571428572, 'f1-score': 0.48207450520844236, 'support': 1435.0}, 'weighted avg': {'precision': 0.6552870226811177, 'recall': 0.5846689895470383, 'f1-score': 0.5254012454918998, 'support': 1435.0}}","[[197   1   1   0   0   0   1   0]
 [  0 183  10   5   0   1   0   1]
 [  1 146  13   5   1  23  11   0]
 [  1  73  11  86   0  23   6   0]
 [  1 138   7  31   5  12   6   0]
 [  0  29   1   0   0 170   0   0]
 [  0   0   0   0   0  17 183   0]
 [  0   0   2   5   0  24   2   2]]",0.1337757110595703,0.0003559589385986328
12,UNSW_NB15,0,poly,QuantileTransformer,GauNB,0.3811744792887584,-1,-1,85.85365853658537,47.18750000000001,8.08362369337979,43.69421656651834,37.16217355781936,-1,"{'0Normal': {'precision': 1.0, 'recall': 0.705, 'f1-score': 0.8269794721407625, 'support': 200.0}, 'Analysis': {'precision': 0.0, 'recall': 0.0, 'f1-score': 0.0, 'support': 200.0}, 'Backdoor': {'precision': 0.4, 'recall': 0.14, 'f1-score': 0.2074074074074074, 'support': 200.0}, 'Exploits': {'precision': 0.5982142857142857, 'recall': 0.335, 'f1-score': 0.42948717948717946, 'support': 200.0}, 'Fuzzers': {'precision': 0.2600349040139616, 'recall': 0.745, 'f1-score': 0.3855109961190168, 'support': 200.0}, 'Reconnaissance': {'precision': 0.5, 'recall': 0.05, 'f1-score': 0.09090909090909091, 'support': 200.0}, 'Shellcode': {'precision': 0.5, 'recall': 1.0, 'f1-score': 0.6666666666666666, 'support': 200.0}, 'Worms': {'precision': 0.23728813559322035, 'recall': 0.8, 'f1-score': 0.3660130718954248, 'support': 35.0}, 'accuracy': 0.43414634146341463, 'macro avg': {'precision': 0.43694216566518346, 'recall': 0.47187500000000004, 'f1-score': 0.37162173557819356, 'support': 1435.0}, 'weighted avg': {'precision': 0.4598989008302523, 'recall': 0.43414634146341463, 'f1-score': 0.37226663418980116, 'support': 1435.0}}","[[141   1   1   3  52   0   2   0]
 [  0   0  41  21 135   0   0   3]
 [  0   0  28   7 128   1  27   9]
 [  0   0   0  67  78   5   9  41]
 [  0   0   0  14 149   3  14  20]
 [  0   0   0   0  31  10 142  17]
 [  0   0   0   0   0   0 200   0]
 [  0   0   0   0   0   1   6  28]]",0.0017886161804199219,0.0011780261993408203
13,UNSW_NB15,0,poly,QuantileTransformer,NC,0.1482262664185122,-1,-1,80.76655052264809,28.9375,10.99054255848681,20.45604678036881,17.9244480621321,-1,"{'0Normal': {'precision': 0.9917355371900827, 'recall': 0.6, 'f1-score': 0.7476635514018691, 'support': 200.0}, 'Analysis': {'precision': 0.16666666666666666, 'recall': 0.02, 'f1-score': 0.03571428571428571, 'support': 200.0}, 'Backdoor': {'precision': 0.20192307692307693, 'recall': 0.735, 'f1-score': 0.3168103448275862, 'support': 200.0}, 'Exploits': {'precision': 0.11494252873563218, 'recall': 0.15, 'f1-score': 0.1301518438177874, 'support': 200.0}, 'Fuzzers': {'precision': 0.05555555555555555, 'recall': 0.01, 'f1-score': 0.01694915254237288, 'support': 200.0}, 'Reconnaissance': {'precision': 0.0, 'recall': 0.0, 'f1-score': 0.0, 'support': 200.0}, 'Shellcode': {'precision': 0.0, 'recall': 0.0, 'f1-score': 0.0, 'support': 200.0}, 'Worms': {'precision': 0.10566037735849057, 'recall': 0.8, 'f1-score': 0.18666666666666668, 'support': 35.0}, 'accuracy': 0.23066202090592333, 'macro avg': {'precision': 0.20456046780368808, 'recall': 0.289375, 'f1-score': 0.179244480621321, 'support': 1435.0}, 'weighted avg': {'precision': 0.2159322552067944, 'recall': 0.23066202090592333, 'f1-score': 0.17839105853248333, 'support': 1435.0}}","[[120  16   0  13  31   0   0  20]
 [  0   4 153   0   0   0   0  43]
 [  0   2 147  33   3   0   0  15]
 [  0   2  75  30   0   0   0  93]
 [  1   0 146  21   2   0   0  30]
 [  0   0  94  78   0   0   0  28]
 [  0   0 107  85   0   0   0   8]
 [  0   0   6   1   0   0   0  28]]",0.0007512569427490234,0.05415844917297363
14,UNSW_NB15,0,poly,QuantileTransformer,RNC,0.18606378838989066,-1,-1,81.81184668989548,24.4375,10.393230462916874,35.53999932540526,20.328242360551503,-1,"{'0Normal': {'precision': 0.22805017103762829, 'recall': 1.0, 'f1-score': 0.3714020427112349, 'support': 200.0}, 'Analysis': {'precision': 0.2822085889570552, 'recall': 0.23, 'f1-score': 0.2534435261707989, 'support': 200.0}, 'Backdoor': {'precision': 0.28187919463087246, 'recall': 0.21, 'f1-score': 0.24068767908309455, 'support': 200.0}, 'Exploits': {'precision': 0.07692307692307693, 'recall': 0.02, 'f1-score': 0.031746031746031744, 'support': 200.0}, 'Fuzzers': {'precision': 0.308411214953271, 'recall': 0.165, 'f1-score': 0.21498371335504887, 'support': 200.0}, 'Reconnaissance': {'precision': 0.7323943661971831, 'recall': 0.26, 'f1-score': 0.3837638376383764, 'support': 200.0}, 'Shellcode': {'precision': 0.9333333333333333, 'recall': 0.07, 'f1-score': 0.13023255813953488, 'support': 200.0}, 'Worms': {'precision': 0.0, 'recall': 0.0, 'f1-score': 0.0, 'support': 35.0}, 'accuracy': 0.2724738675958188, 'macro avg': {'precision': 0.3553999932540526, 'recall': 0.244375, 'f1-score': 0.20328242360551502, 'support': 1435.0}, 'weighted avg': {'precision': 0.39626480084075544, 'recall': 0.2724738675958188, 'f1-score': 0.2266563608145115, 'support': 1435.0}}","[[200   0   0   0   0   0   0   0]
 [ 58  46  49  16  27   4   0   0]
 [ 74  47  42  16  18   3   0   0]
 [133  21  19   4  18   3   1   1]
 [ 71  42  34  13  33   7   0   0]
 [124   7   5   3   9  52   0   0]
 [183   0   0   0   1   2  14   0]
 [ 34   0   0   0   1   0   0   0]]",0.0004467964172363281,0.00752711296081543
15,UNSW_NB15,0,linear,QuantileTransformer,KNN,0.32727665839997905,-1,-1,85.26132404181185,41.82142857142858,8.422100547536088,40.850403107613964,39.05171131119758,-1,"{'0Normal': {'precision': 0.84688995215311, 'recall': 0.885, 'f1-score': 0.8655256723716381, 'support': 200.0}, 'Analysis': {'precision': 0.3953488372093023, 'recall': 0.425, 'f1-score': 0.40963855421686746, 'support': 200.0}, 'Backdoor': {'precision': 0.24096385542168675, 'recall': 0.5, 'f1-score': 0.3252032520325203, 'support': 200.0}, 'Exploits': {'precision': 0.44537815126050423, 'recall': 0.265, 'f1-score': 0.3322884012539185, 'support': 200.0}, 'Fuzzers': {'precision': 0.3108108108108108, 'recall': 0.115, 'f1-score': 0.1678832116788321, 'support': 200.0}, 'Reconnaissance': {'precision': 0.30201342281879195, 'recall': 0.225, 'f1-score': 0.25787965616045844, 'support': 200.0}, 'Shellcode': {'precision': 0.5266272189349113, 'recall': 0.445, 'f1-score': 0.4823848238482385, 'support': 200.0}, 'Worms': {'precision': 0.2, 'recall': 0.4857142857142857, 'f1-score': 0.2833333333333333, 'support': 35.0}, 'accuracy': 0.41045296167247386, 'macro avg': {'precision': 0.40850403107613964, 'recall': 0.41821428571428576, 'f1-score': 0.3905171131119758, 'support': 1435.0}, 'weighted avg': {'precision': 0.4324783621754867, 'recall': 0.41045296167247386, 'f1-score': 0.4028413804732831, 'support': 1435.0}}","[[177   5   6   1   1   6   0   4]
 [  0  85  83  11  13   7   0   1]
 [  2  47 100  16  13  10   7   5]
 [ 14  30  50  53  12  15   3  23]
 [  3  37  74  32  23  16  10   5]
 [  4  10  56   4   3  45  58  20]
 [  8   0  43   1   6  43  89  10]
 [  1   1   3   1   3   7   2  17]]",0.00036406517028808594,0.06268668174743652
16,UNSW_NB15,0,linear,QuantileTransformer,LDA,0.4394354005864591,-1,-1,87.50871080139373,51.94642857142857,7.137879542060727,52.71685859791215,48.03030323691054,-1,"{'0Normal': {'precision': 0.9752475247524752, 'recall': 0.985, 'f1-score': 0.9800995024875622, 'support': 200.0}, 'Analysis': {'precision': 0.4550561797752809, 'recall': 0.405, 'f1-score': 0.42857142857142855, 'support': 200.0}, 'Backdoor': {'precision': 0.23799582463465555, 'recall': 0.57, 'f1-score': 0.33578792341678937, 'support': 200.0}, 'Exploits': {'precision': 0.7777777777777778, 'recall': 0.35, 'f1-score': 0.4827586206896552, 'support': 200.0}, 'Fuzzers': {'precision': 0.3333333333333333, 'recall': 0.06, 'f1-score': 0.1016949152542373, 'support': 200.0}, 'Reconnaissance': {'precision': 0.46808510638297873, 'recall': 0.33, 'f1-score': 0.3870967741935484, 'support': 200.0}, 'Shellcode': {'precision': 0.6875, 'recall': 0.77, 'f1-score': 0.7264150943396226, 'support': 200.0}, 'Worms': {'precision': 0.2823529411764706, 'recall': 0.6857142857142857, 'f1-score': 0.4, 'support': 35.0}, 'accuracy': 0.5003484320557491, 'macro avg': {'precision': 0.5271685859791215, 'recall': 0.5194642857142857, 'f1-score': 0.48030303236910543, 'support': 1435.0}, 'weighted avg': {'precision': 0.5553181200505065, 'recall': 0.5003484320557491, 'f1-score': 0.48953648208401995, 'support': 1435.0}}","[[197   1   0   1   0   0   1   0]
 [  1  81 101   1   4  12   0   0]
 [  1  33 114   0   7  31   7   7]
 [  0  23  68  70   2   9   7  21]
 [  2  36 109  15  12  13   6   7]
 [  1   4  53   1   7  66  45  23]
 [  0   0  33   2   4   4 154   3]
 [  0   0   1   0   0   6   4  24]]",0.10161757469177246,0.008309125900268555
17,UNSW_NB15,0,linear,QuantileTransformer,NuSVC,0.42979504306246696,-1,-1,87.50871080139373,51.062500000000014,7.137879542060727,49.10554063503334,47.96557125317362,-1,"{'0Normal': {'precision': 0.9704433497536946, 'recall': 0.985, 'f1-score': 0.9776674937965261, 'support': 200.0}, 'Analysis': {'precision': 0.4973544973544973, 'recall': 0.47, 'f1-score': 0.4832904884318766, 'support': 200.0}, 'Backdoor': {'precision': 0.2845303867403315, 'recall': 0.515, 'f1-score': 0.3665480427046263, 'support': 200.0}, 'Exploits': {'precision': 0.47368421052631576, 'recall': 0.27, 'f1-score': 0.34394904458598724, 'support': 200.0}, 'Fuzzers': {'precision': 0.35537190082644626, 'recall': 0.215, 'f1-score': 0.26791277258566976, 'support': 200.0}, 'Reconnaissance': {'precision': 0.44755244755244755, 'recall': 0.32, 'f1-score': 0.37317784256559766, 'support': 200.0}, 'Shellcode': {'precision': 0.6635514018691588, 'recall': 0.71, 'f1-score': 0.6859903381642513, 'support': 200.0}, 'Worms': {'precision': 0.23595505617977527, 'recall': 0.6, 'f1-score': 0.3387096774193548, 'support': 35.0}, 'accuracy': 0.5003484320557491, 'macro avg': {'precision': 0.4910554063503334, 'recall': 0.5106250000000001, 'f1-score': 0.4796557125317362, 'support': 1435.0}, 'weighted avg': {'precision': 0.520387502362976, 'recall': 0.5003484320557491, 'f1-score': 0.49586205106382186, 'support': 1435.0}}","[[197   1   0   0   0   0   0   2]
 [  0  94  69  17  12   8   0   0]
 [  0  35 103   9  25  15   6   7]
 [  4  24  44  54  34  15   7  18]
 [  2  25  72  24  43  19   9   6]
 [  0  10  47   8   7  64  46  18]
 [  0   0  24   0   0  17 142  17]
 [  0   0   3   2   0   5   4  21]]",0.03435778617858887,0.030978679656982422
18,UNSW_NB15,0,linear,QuantileTransformer,SGD,0.28399323938699567,-1,-1,83.50174216027875,31.089285714285715,9.427575908412145,53.332214218150796,27.587035623734852,-1,"{'0Normal': {'precision': 0.7786561264822134, 'recall': 0.985, 'f1-score': 0.869757174392936, 'support': 200.0}, 'Analysis': {'precision': 0.7058823529411765, 'recall': 0.18, 'f1-score': 0.2868525896414343, 'support': 200.0}, 'Backdoor': {'precision': 0.3275862068965517, 'recall': 0.095, 'f1-score': 0.14728682170542637, 'support': 200.0}, 'Exploits': {'precision': 0.17119244391971664, 'recall': 0.725, 'f1-score': 0.276981852913085, 'support': 200.0}, 'Fuzzers': {'precision': 1.0, 'recall': 0.005, 'f1-score': 0.009950248756218905, 'support': 200.0}, 'Reconnaissance': {'precision': 0.48936170212765956, 'recall': 0.345, 'f1-score': 0.4046920821114369, 'support': 200.0}, 'Shellcode': {'precision': 0.76, 'recall': 0.095, 'f1-score': 0.1688888888888889, 'support': 200.0}, 'Worms': {'precision': 0.03389830508474576, 'recall': 0.05714285714285714, 'f1-score': 0.0425531914893617, 'support': 35.0}, 'accuracy': 0.3400696864111498, 'macro avg': {'precision': 0.533322142181508, 'recall': 0.31089285714285714, 'f1-score': 0.2758703562373485, 'support': 1435.0}, 'weighted avg': {'precision': 0.5907471826839231, 'recall': 0.3400696864111498, 'f1-score': 0.30269776542439925, 'support': 1435.0}}","[[197   0   0   2   0   0   1   0]
 [  3  36   7 151   0   3   0   0]
 [  7  12  19 145   0  15   1   1]
 [ 19   2  10 145   0  18   2   4]
 [  4   1   7 179   1   6   1   1]
 [  8   0   8 102   0  69   1  12]
 [ 14   0   7 106   0  15  19  39]
 [  1   0   0  17   0  15   0   2]]",0.008491039276123047,0.007734537124633789
19,UNSW_NB15,0,linear,QuantileTransformer,GauNB,0.23250567925434243,-1,-1,82.78745644599303,31.473214285714285,9.835739173718268,51.37938355570184,23.132543337526588,-1,"{'0Normal': {'precision': 0.9090909090909091, 'recall': 0.2, 'f1-score': 0.32786885245901637, 'support': 200.0}, 'Analysis': {'precision': 1.0, 'recall': 0.005, 'f1-score': 0.009950248756218905, 'support': 200.0}, 'Backdoor': {'precision': 1.0, 'recall': 0.005, 'f1-score': 0.009950248756218905, 'support': 200.0}, 'Exploits': {'precision': 0.02564102564102564, 'recall': 0.005, 'f1-score': 0.008368200836820083, 'support': 200.0}, 'Fuzzers': {'precision': 0.22759601706970128, 'recall': 0.8, 'f1-score': 0.35437430786268, 'support': 200.0}, 'Reconnaissance': {'precision': 0.1553398058252427, 'recall': 0.16, 'f1-score': 0.15763546798029557, 'support': 200.0}, 'Shellcode': {'precision': 0.5, 'recall': 1.0, 'f1-score': 0.6666666666666666, 'support': 200.0}, 'Worms': {'precision': 0.2926829268292683, 'recall': 0.34285714285714286, 'f1-score': 0.3157894736842105, 'support': 35.0}, 'accuracy': 0.31149825783972124, 'macro avg': {'precision': 0.5137938355570184, 'recall': 0.31473214285714285, 'f1-score': 0.23132543337526587, 'support': 1435.0}, 'weighted avg': {'precision': 0.5392177379542858, 'recall': 0.31149825783972124, 'f1-score': 0.22161354023869734, 'support': 1435.0}}","[[ 40   0   0  38 120   0   2   0]
 [  1   1   0   0 136  62   0   0]
 [  1   0   1   0 115  52  27   4]
 [  0   0   0   1 141  28   9  21]
 [  1   0   0   0 160  24  14   1]
 [  1   0   0   0  22  32 142   3]
 [  0   0   0   0   0   0 200   0]
 [  0   0   0   0   9   8   6  12]]",0.0006113052368164062,0.0011608600616455078
20,UNSW_NB15,0,linear,QuantileTransformer,NC,0.1925438586310996,-1,-1,81.09756097560977,30.419642857142858,10.801393728222997,33.66925504022279,19.75502240111106,-1,"{'0Normal': {'precision': 1.0, 'recall': 0.63, 'f1-score': 0.7730061349693251, 'support': 200.0}, 'Analysis': {'precision': 0.8461538461538461, 'recall': 0.11, 'f1-score': 0.19469026548672566, 'support': 200.0}, 'Backdoor': {'precision': 0.1956241956241956, 'recall': 0.76, 'f1-score': 0.3111566018423746, 'support': 200.0}, 'Exploits': {'precision': 0.07142857142857142, 'recall': 0.01, 'f1-score': 0.017543859649122806, 'support': 200.0}, 'Fuzzers': {'precision': 0.0, 'recall': 0.0, 'f1-score': 0.0, 'support': 200.0}, 'Reconnaissance': {'precision': 0.0, 'recall': 0.0, 'f1-score': 0.0, 'support': 200.0}, 'Shellcode': {'precision': 0.5135135135135135, 'recall': 0.095, 'f1-score': 0.16033755274261605, 'support': 200.0}, 'Worms': {'precision': 0.06682027649769585, 'recall': 0.8285714285714286, 'f1-score': 0.12366737739872068, 'support': 35.0}, 'accuracy': 0.24390243902439024, 'macro avg': {'precision': 0.33669255040222784, 'recall': 0.3041964285714286, 'f1-score': 0.1975502240111106, 'support': 1435.0}, 'weighted avg': {'precision': 0.36772316029368973, 'recall': 0.24390243902439024, 'f1-score': 0.20604546421392897, 'support': 1435.0}}","[[126   1  37   2   6   0   1  27]
 [  0  22 157   0   0   0   0  21]
 [  0   0 152   4   0   0  11  33]
 [  0   1  76   2   1   0   0 120]
 [  0   1 148   4   0   0   2  45]
 [  0   1  94  11   0   0   4  90]
 [  0   0 107   5   0   0  19  69]
 [  0   0   6   0   0   0   0  29]]",0.0003445148468017578,0.08112287521362305
21,UNSW_NB15,0,linear,QuantileTransformer,RNC,0.027340866829230655,-1,-1,78.6411149825784,13.0625,12.205077152812345,18.99374810404975,4.602135345766437,-1,"{'0Normal': {'precision': 0.0, 'recall': 0.0, 'f1-score': 0.0, 'support': 200.0}, 'Analysis': {'precision': 0.3157894736842105, 'recall': 0.03, 'f1-score': 0.0547945205479452, 'support': 200.0}, 'Backdoor': {'precision': 0.1875, 'recall': 0.015, 'f1-score': 0.027777777777777776, 'support': 200.0}, 'Exploits': {'precision': 0.14121037463976946, 'recall': 0.98, 'f1-score': 0.24685138539042822, 'support': 200.0}, 'Fuzzers': {'precision': 0.375, 'recall': 0.015, 'f1-score': 0.028846153846153848, 'support': 200.0}, 'Reconnaissance': {'precision': 0.5, 'recall': 0.005, 'f1-score': 0.009900990099009901, 'support': 200.0}, 'Shellcode': {'precision': 0.0, 'recall': 0.0, 'f1-score': 0.0, 'support': 200.0}, 'Worms': {'precision': 0.0, 'recall': 0.0, 'f1-score': 0.0, 'support': 35.0}, 'accuracy': 0.1456445993031359, 'macro avg': {'precision': 0.1899374810404975, 'recall': 0.130625, 'f1-score': 0.04602135345766437, 'support': 1435.0}, 'weighted avg': {'precision': 0.21177698234480558, 'recall': 0.1456445993031359, 'f1-score': 0.051313007339556085, 'support': 1435.0}}","[[  0   0   0 200   0   0   0   0]
 [  0   6   4 188   2   0   0   0]
 [  0   7   3 188   2   0   0   0]
 [  0   2   0 196   1   0   0   1]
 [  0   4   9 183   3   1   0   0]
 [  0   0   0 199   0   1   0   0]
 [  0   0   0 199   0   0   0   1]
 [  0   0   0  35   0   0   0   0]]",0.000392913818359375,0.002846240997314453
22,UNSW_NB15,0,sigmoid,QuantileTransformer,KNN,0.4086005035032621,-1,-1,87.1602787456446,45.6875,7.336983573917371,47.9950550519637,45.46451793460548,-1,"{'0Normal': {'precision': 0.98, 'recall': 0.98, 'f1-score': 0.98, 'support': 200.0}, 'Analysis': {'precision': 0.3716216216216216, 'recall': 0.275, 'f1-score': 0.3160919540229885, 'support': 200.0}, 'Backdoor': {'precision': 0.376, 'recall': 0.235, 'f1-score': 0.28923076923076924, 'support': 200.0}, 'Exploits': {'precision': 0.28700906344410876, 'recall': 0.475, 'f1-score': 0.3578154425612053, 'support': 200.0}, 'Fuzzers': {'precision': 0.2846153846153846, 'recall': 0.185, 'f1-score': 0.22424242424242424, 'support': 200.0}, 'Reconnaissance': {'precision': 0.42657342657342656, 'recall': 0.61, 'f1-score': 0.5020576131687243, 'support': 200.0}, 'Shellcode': {'precision': 0.702020202020202, 'recall': 0.695, 'f1-score': 0.6984924623115578, 'support': 200.0}, 'Worms': {'precision': 0.4117647058823529, 'recall': 0.2, 'f1-score': 0.2692307692307692, 'support': 35.0}, 'accuracy': 0.486411149825784, 'macro avg': {'precision': 0.47995055051963703, 'recall': 0.456875, 'f1-score': 0.4546451793460548, 'support': 1435.0}, 'weighted avg': {'precision': 0.48779073474622375, 'recall': 0.486411149825784, 'f1-score': 0.47596460629310855, 'support': 1435.0}}","[[196   1   0   0   1   0   2   0]
 [  0  55  45  56  26  18   0   0]
 [  0  32  47  53  12  43  11   2]
 [  2  25   7  95  37  29   4   1]
 [  0  29  10  85  37  29   8   2]
 [  2   6   3  25   8 122  31   3]
 [  0   0  10   8   7  34 139   2]
 [  0   0   3   9   2  11   3   7]]",0.0005178451538085938,0.05573320388793945
23,UNSW_NB15,0,sigmoid,QuantileTransformer,LDA,0.46960455926761163,-1,-1,88.2404181184669,51.62500000000001,6.719761075161772,51.796426311088716,49.20665596514452,-1,"{'0Normal': {'precision': 0.9704433497536946, 'recall': 0.985, 'f1-score': 0.9776674937965261, 'support': 200.0}, 'Analysis': {'precision': 0.44545454545454544, 'recall': 0.245, 'f1-score': 0.3161290322580645, 'support': 200.0}, 'Backdoor': {'precision': 0.33695652173913043, 'recall': 0.155, 'f1-score': 0.21232876712328766, 'support': 200.0}, 'Exploits': {'precision': 0.2894168466522678, 'recall': 0.67, 'f1-score': 0.4042232277526395, 'support': 200.0}, 'Fuzzers': {'precision': 0.3, 'recall': 0.105, 'f1-score': 0.15555555555555556, 'support': 200.0}, 'Reconnaissance': {'precision': 0.6132075471698113, 'recall': 0.65, 'f1-score': 0.6310679611650486, 'support': 200.0}, 'Shellcode': {'precision': 0.7215686274509804, 'recall': 0.92, 'f1-score': 0.8087912087912088, 'support': 200.0}, 'Worms': {'precision': 0.4666666666666667, 'recall': 0.4, 'f1-score': 0.4307692307692308, 'support': 35.0}, 'accuracy': 0.5296167247386759, 'macro avg': {'precision': 0.5179642631108872, 'recall': 0.5162500000000001, 'f1-score': 0.4920665596514452, 'support': 1435.0}, 'weighted avg': {'precision': 0.5238625930156232, 'recall': 0.5296167247386759, 'f1-score': 0.49911468457518415, 'support': 1435.0}}","[[197   1   0   0   0   0   2   0]
 [  1  49  44  92  13   0   0   1]
 [  1  22  31  83  21  29  10   3]
 [  1  15   5 134  15  14   8   8]
 [  2  21  10 125  21   9  10   2]
 [  1   2   2  26   0 130  37   2]
 [  0   0   0   0   0  16 184   0]
 [  0   0   0   3   0  14   4  14]]",0.23610639572143555,0.0005249977111816406
24,UNSW_NB15,0,sigmoid,QuantileTransformer,NuSVC,0.49599917599310656,-1,-1,88.9198606271777,52.88392857142858,6.331508213041315,57.44379024442825,52.59825925056426,-1,"{'0Normal': {'precision': 0.9752475247524752, 'recall': 0.985, 'f1-score': 0.9800995024875622, 'support': 200.0}, 'Analysis': {'precision': 0.40476190476190477, 'recall': 0.255, 'f1-score': 0.3128834355828221, 'support': 200.0}, 'Backdoor': {'precision': 0.42452830188679247, 'recall': 0.225, 'f1-score': 0.29411764705882354, 'support': 200.0}, 'Exploits': {'precision': 0.2583732057416268, 'recall': 0.54, 'f1-score': 0.34951456310679613, 'support': 200.0}, 'Fuzzers': {'precision': 0.3394495412844037, 'recall': 0.185, 'f1-score': 0.23948220064724918, 'support': 200.0}, 'Reconnaissance': {'precision': 0.7339449541284404, 'recall': 0.8, 'f1-score': 0.7655502392344498, 'support': 200.0}, 'Shellcode': {'precision': 0.7925311203319502, 'recall': 0.955, 'f1-score': 0.8662131519274376, 'support': 200.0}, 'Worms': {'precision': 0.6666666666666666, 'recall': 0.2857142857142857, 'f1-score': 0.4, 'support': 35.0}, 'accuracy': 0.556794425087108, 'macro avg': {'precision': 0.5744379024442825, 'recall': 0.5288392857142857, 'f1-score': 0.5259825925056426, 'support': 1435.0}, 'weighted avg': {'precision': 0.5638332013316043, 'recall': 0.556794425087108, 'f1-score': 0.5404683958251066, 'support': 1435.0}}","[[197   1   0   0   0   0   2   0]
 [  0  51  44  87  12   6   0   0]
 [  2  26  45  83   9  12  21   2]
 [  2  22   5 108  43  10   8   2]
 [  1  21   5 107  37  18  10   1]
 [  0   5   3  23   4 160   5   0]
 [  0   0   1   0   0   8 191   0]
 [  0   0   3  10   4   4   4  10]]",0.44455409049987793,0.12786102294921875
25,UNSW_NB15,0,sigmoid,QuantileTransformer,SGD,0.5222606372095583,-1,-1,88.98954703832752,51.660714285714285,6.291687406669985,57.51626695552127,47.41547121154136,-1,"{'0Normal': {'precision': 0.9899497487437185, 'recall': 0.985, 'f1-score': 0.9874686716791979, 'support': 200.0}, 'Analysis': {'precision': 0.32229965156794427, 'recall': 0.925, 'f1-score': 0.4780361757105943, 'support': 200.0}, 'Backdoor': {'precision': 0.2857142857142857, 'recall': 0.01, 'f1-score': 0.01932367149758454, 'support': 200.0}, 'Exploits': {'precision': 0.6230769230769231, 'recall': 0.405, 'f1-score': 0.4909090909090909, 'support': 200.0}, 'Fuzzers': {'precision': 0.3333333333333333, 'recall': 0.065, 'f1-score': 0.1087866108786611, 'support': 200.0}, 'Reconnaissance': {'precision': 0.5606557377049181, 'recall': 0.855, 'f1-score': 0.6772277227722773, 'support': 200.0}, 'Shellcode': {'precision': 0.861271676300578, 'recall': 0.745, 'f1-score': 0.7989276139410187, 'support': 200.0}, 'Worms': {'precision': 0.625, 'recall': 0.14285714285714285, 'f1-score': 0.23255813953488372, 'support': 35.0}, 'accuracy': 0.5595818815331011, 'macro avg': {'precision': 0.5751626695552127, 'recall': 0.5166071428571428, 'f1-score': 0.4741547121154136, 'support': 1435.0}, 'weighted avg': {'precision': 0.569432244800237, 'recall': 0.5595818815331011, 'f1-score': 0.5019341089626521, 'support': 1435.0}}","[[197   1   1   0   0   0   1   0]
 [  0 185   0   6   8   1   0   0]
 [  0 148   2  10   4  22  12   2]
 [  1  73   1  81  14  24   6   0]
 [  1 138   2  27  13  13   5   1]
 [  0  29   0   0   0 171   0   0]
 [  0   0   0   2   0  49 149   0]
 [  0   0   1   4   0  25   0   5]]",0.08492827415466309,0.00029850006103515625
26,UNSW_NB15,0,sigmoid,QuantileTransformer,GauNB,0.19213964533180025,-1,-1,82.1602787456446,33.05357142857143,10.194126431060228,30.836143318831112,25.868075291593772,-1,"{'0Normal': {'precision': 1.0, 'recall': 0.39, 'f1-score': 0.5611510791366906, 'support': 200.0}, 'Analysis': {'precision': 0.0, 'recall': 0.0, 'f1-score': 0.0, 'support': 200.0}, 'Backdoor': {'precision': 0.47368421052631576, 'recall': 0.09, 'f1-score': 0.15126050420168066, 'support': 200.0}, 'Exploits': {'precision': 0.0, 'recall': 0.0, 'f1-score': 0.0, 'support': 200.0}, 'Fuzzers': {'precision': 0.14578005115089515, 'recall': 0.285, 'f1-score': 0.19289340101522842, 'support': 200.0}, 'Reconnaissance': {'precision': 0.07568807339449542, 'recall': 0.165, 'f1-score': 0.10377358490566038, 'support': 200.0}, 'Shellcode': {'precision': 0.5, 'recall': 1.0, 'f1-score': 0.6666666666666666, 'support': 200.0}, 'Worms': {'precision': 0.2717391304347826, 'recall': 0.7142857142857143, 'f1-score': 0.3937007874015748, 'support': 35.0}, 'accuracy': 0.286411149825784, 'macro avg': {'precision': 0.3083614331883111, 'recall': 0.3305357142857143, 'f1-score': 0.25868075291593773, 'support': 1435.0}, 'weighted avg': {'precision': 0.3125723599857551, 'recall': 0.286411149825784, 'f1-score': 0.24315580121549857, 'support': 1435.0}}","[[ 78   0   0   0 120   0   2   0]
 [  0   0  20   0  60 120   0   0]
 [  0   0  18   0  51  97  27   7]
 [  0   0   0   0  94  62   9  35]
 [  0   0   0   0  57 123  14   6]
 [  0   0   0   0   6  33 142  19]
 [  0   0   0   0   0   0 200   0]
 [  0   0   0   0   3   1   6  25]]",0.0014867782592773438,0.0010976791381835938
27,UNSW_NB15,0,sigmoid,QuantileTransformer,NC,0.19854954583547524,-1,-1,81.27177700348433,31.044642857142858,10.701841712294675,26.925116061325422,20.439492345216323,-1,"{'0Normal': {'precision': 0.9925925925925926, 'recall': 0.67, 'f1-score': 0.8, 'support': 200.0}, 'Analysis': {'precision': 0.0, 'recall': 0.0, 'f1-score': 0.0, 'support': 200.0}, 'Backdoor': {'precision': 0.25443786982248523, 'recall': 0.645, 'f1-score': 0.3649222065063649, 'support': 200.0}, 'Exploits': {'precision': 0.0, 'recall': 0.0, 'f1-score': 0.0, 'support': 200.0}, 'Fuzzers': {'precision': 0.0, 'recall': 0.0, 'f1-score': 0.0, 'support': 200.0}, 'Reconnaissance': {'precision': 0.2648401826484018, 'recall': 0.29, 'f1-score': 0.27684964200477324, 'support': 200.0}, 'Shellcode': {'precision': 0.5882352941176471, 'recall': 0.05, 'f1-score': 0.09216589861751152, 'support': 200.0}, 'Worms': {'precision': 0.05390334572490706, 'recall': 0.8285714285714286, 'f1-score': 0.1012216404886562, 'support': 35.0}, 'accuracy': 0.2508710801393728, 'macro avg': {'precision': 0.2692511606132542, 'recall': 0.31044642857142857, 'f1-score': 0.20439492345216323, 'support': 1435.0}, 'weighted avg': {'precision': 0.294012407621322, 'recall': 0.2508710801393728, 'f1-score': 0.21625805354901248, 'support': 1435.0}}","[[134  11   3   2   3   0   0  47]
 [  0   0 147   0   0  10   0  43]
 [  0   0 129   0   0  21   2  48]
 [  1   0  65   0   0  11   0 123]
 [  0   1 130   1   0  18   0  50]
 [  0   0  32   1   0  58   4 105]
 [  0   0   1   0   0  96  10  93]
 [  0   0   0   0   0   5   1  29]]",0.000690460205078125,0.05364227294921875
28,UNSW_NB15,0,sigmoid,QuantileTransformer,RNC,0.1411141615854503,-1,-1,80.88850174216027,21.125,10.920856147336984,29.632307388226316,16.31275097512232,-1,"{'0Normal': {'precision': 0.21164021164021163, 'recall': 1.0, 'f1-score': 0.34934497816593885, 'support': 200.0}, 'Analysis': {'precision': 0.3493975903614458, 'recall': 0.145, 'f1-score': 0.2049469964664311, 'support': 200.0}, 'Backdoor': {'precision': 0.21951219512195122, 'recall': 0.045, 'f1-score': 0.07468879668049792, 'support': 200.0}, 'Exploits': {'precision': 0.14917127071823205, 'recall': 0.135, 'f1-score': 0.14173228346456693, 'support': 200.0}, 'Fuzzers': {'precision': 0.23529411764705882, 'recall': 0.06, 'f1-score': 0.09561752988047809, 'support': 200.0}, 'Reconnaissance': {'precision': 0.38738738738738737, 'recall': 0.215, 'f1-score': 0.2765273311897106, 'support': 200.0}, 'Shellcode': {'precision': 0.8181818181818182, 'recall': 0.09, 'f1-score': 0.16216216216216217, 'support': 200.0}, 'Worms': {'precision': 0.0, 'recall': 0.0, 'f1-score': 0.0, 'support': 35.0}, 'accuracy': 0.23554006968641114, 'macro avg': {'precision': 0.29632307388226314, 'recall': 0.21125, 'f1-score': 0.1631275097512232, 'support': 1435.0}, 'weighted avg': {'precision': 0.3303950649558335, 'recall': 0.23554006968641114, 'f1-score': 0.18188433142993526, 'support': 1435.0}}","[[200   0   0   0   0   0   0   0]
 [ 76  29  23  41  16  15   0   0]
 [101  20   9  41   8  21   0   0]
 [143   9   1  27  10   9   1   0]
 [ 79  21   8  60  12  20   0   0]
 [135   4   0  12   3  43   3   0]
 [177   0   0   0   1   3  18   1]
 [ 34   0   0   0   1   0   0   0]]",0.00031876564025878906,0.00734400749206543
29,UNSW_NB15,0,None,QuantileTransformer,KNN,0.2429265803664922,-1,-1,83.36236933797909,32.651785714285715,9.507217521154804,32.83827196847536,29.401268021740268,-1,"{'0Normal': {'precision': 0.8290155440414507, 'recall': 0.8, 'f1-score': 0.8142493638676844, 'support': 200.0}, 'Analysis': {'precision': 0.3438320209973753, 'recall': 0.655, 'f1-score': 0.4509466437177281, 'support': 200.0}, 'Backdoor': {'precision': 0.15841584158415842, 'recall': 0.24, 'f1-score': 0.1908548707753479, 'support': 200.0}, 'Exploits': {'precision': 0.37254901960784315, 'recall': 0.095, 'f1-score': 0.15139442231075698, 'support': 200.0}, 'Fuzzers': {'precision': 0.25, 'recall': 0.045, 'f1-score': 0.07627118644067797, 'support': 200.0}, 'Reconnaissance': {'precision': 0.10059171597633136, 'recall': 0.085, 'f1-score': 0.0921409214092141, 'support': 200.0}, 'Shellcode': {'precision': 0.5028901734104047, 'recall': 0.435, 'f1-score': 0.46648793565683644, 'support': 200.0}, 'Worms': {'precision': 0.06976744186046512, 'recall': 0.2571428571428571, 'f1-score': 0.10975609756097561, 'support': 35.0}, 'accuracy': 0.3344947735191638, 'macro avg': {'precision': 0.32838271968475363, 'recall': 0.32651785714285714, 'f1-score': 0.2940126802174027, 'support': 1435.0}, 'weighted avg': {'precision': 0.3581189711419018, 'recall': 0.3344947735191638, 'f1-score': 0.3151989771778978, 'support': 1435.0}}","[[160   5  13   3   0   8  10   1]
 [  0 131  31   2   0  32   0   4]
 [  4  99  48   7   1  26  10   5]
 [  5  56  46  19  20  26   5  23]
 [  2  75  41   7   9  48   5  13]
 [ 11  14  74   4   0  17  54  26]
 [  9   0  46   2   5   3  87  48]
 [  2   1   4   7   1   9   2   9]]",0.0003445148468017578,0.0013165473937988281
30,UNSW_NB15,0,None,QuantileTransformer,LDA,0.41221201292743814,-1,-1,86.98606271777003,47.71428571428571,7.436535589845694,52.166701390593516,45.073154768837284,-1,"{'0Normal': {'precision': 0.9752475247524752, 'recall': 0.985, 'f1-score': 0.9800995024875622, 'support': 200.0}, 'Analysis': {'precision': 0.49612403100775193, 'recall': 0.32, 'f1-score': 0.3890577507598784, 'support': 200.0}, 'Backdoor': {'precision': 0.22146118721461186, 'recall': 0.485, 'f1-score': 0.30407523510971785, 'support': 200.0}, 'Exploits': {'precision': 0.7682926829268293, 'recall': 0.315, 'f1-score': 0.44680851063829785, 'support': 200.0}, 'Fuzzers': {'precision': 0.5, 'recall': 0.055, 'f1-score': 0.0990990990990991, 'support': 200.0}, 'Reconnaissance': {'precision': 0.30677290836653387, 'recall': 0.385, 'f1-score': 0.34146341463414637, 'support': 200.0}, 'Shellcode': {'precision': 0.6735537190082644, 'recall': 0.815, 'f1-score': 0.7375565610859729, 'support': 200.0}, 'Worms': {'precision': 0.2318840579710145, 'recall': 0.45714285714285713, 'f1-score': 0.3076923076923077, 'support': 35.0}, 'accuracy': 0.4794425087108014, 'macro avg': {'precision': 0.5216670139059352, 'recall': 0.4771428571428571, 'f1-score': 0.4507315476883728, 'support': 1435.0}, 'weighted avg': {'precision': 0.5549870053548981, 'recall': 0.4794425087108014, 'f1-score': 0.4671785683150981, 'support': 1435.0}}","[[197   1   0   0   0   0   2   0]
 [  1  64  87   1   1  46   0   0]
 [  1  25  97   1   4  52  15   5]
 [  0  19  66  63   4  28   7  13]
 [  2  18 113  16  11  27   5   8]
 [  1   2  57   0   1  77  48  14]
 [  0   0  16   1   1   6 163  13]
 [  0   0   2   0   0  15   2  16]]",0.10935664176940918,0.012248039245605469
31,UNSW_NB15,0,None,QuantileTransformer,NuSVC,0.328776645549858,-1,-1,85.26132404181185,40.64285714285714,8.422100547536088,42.26535506986471,37.909718044275984,-1,"{'0Normal': {'precision': 0.8716814159292036, 'recall': 0.985, 'f1-score': 0.9248826291079812, 'support': 200.0}, 'Analysis': {'precision': 0.39669421487603307, 'recall': 0.48, 'f1-score': 0.4343891402714932, 'support': 200.0}, 'Backdoor': {'precision': 0.2727272727272727, 'recall': 0.255, 'f1-score': 0.26356589147286824, 'support': 200.0}, 'Exploits': {'precision': 0.7037037037037037, 'recall': 0.19, 'f1-score': 0.2992125984251969, 'support': 200.0}, 'Fuzzers': {'precision': 0.23529411764705882, 'recall': 0.08, 'f1-score': 0.11940298507462686, 'support': 200.0}, 'Reconnaissance': {'precision': 0.1951219512195122, 'recall': 0.36, 'f1-score': 0.2530755711775044, 'support': 200.0}, 'Shellcode': {'precision': 0.585635359116022, 'recall': 0.53, 'f1-score': 0.5564304461942258, 'support': 200.0}, 'Worms': {'precision': 0.12037037037037036, 'recall': 0.37142857142857144, 'f1-score': 0.18181818181818182, 'support': 35.0}, 'accuracy': 0.41045296167247386, 'macro avg': {'precision': 0.4226535506986471, 'recall': 0.4064285714285714, 'f1-score': 0.3790971804427598, 'support': 1435.0}, 'weighted avg': {'precision': 0.4574108501789019, 'recall': 0.41045296167247386, 'f1-score': 0.401780828368234, 'support': 1435.0}}","[[197   1   0   0   0   0   2   0]
 [  0  96  35   3   5  61   0   0]
 [  3  59  51   4   8  63  10   2]
 [  3  36  21  38  24  57   7  14]
 [  3  46  28   7  16  89   6   5]
 [  7   4  27   2   9  72  48  31]
 [ 13   0  24   0   3  11 106  43]
 [  0   0   1   0   3  16   2  13]]",0.01959538459777832,0.027502059936523438
32,UNSW_NB15,0,None,QuantileTransformer,SGD,0.21832762509242745,-1,-1,82.22996515679442,33.892857142857146,10.1543056246889,31.265878634536325,25.12696905963318,-1,"{'0Normal': {'precision': 0.22916666666666666, 'recall': 0.99, 'f1-score': 0.37218045112781956, 'support': 200.0}, 'Analysis': {'precision': 0.6893203883495146, 'recall': 0.355, 'f1-score': 0.46864686468646866, 'support': 200.0}, 'Backdoor': {'precision': 0.13253012048192772, 'recall': 0.055, 'f1-score': 0.07773851590106007, 'support': 200.0}, 'Exploits': {'precision': 0.4217687074829932, 'recall': 0.31, 'f1-score': 0.3573487031700288, 'support': 200.0}, 'Fuzzers': {'precision': 0.24489795918367346, 'recall': 0.06, 'f1-score': 0.0963855421686747, 'support': 200.0}, 'Reconnaissance': {'precision': 0.0, 'recall': 0.0, 'f1-score': 0.0, 'support': 200.0}, 'Shellcode': {'precision': 0.53125, 'recall': 0.17, 'f1-score': 0.25757575757575757, 'support': 200.0}, 'Worms': {'precision': 0.2523364485981308, 'recall': 0.7714285714285715, 'f1-score': 0.38028169014084506, 'support': 35.0}, 'accuracy': 0.289198606271777, 'macro avg': {'precision': 0.31265878634536326, 'recall': 0.33892857142857147, 'f1-score': 0.2512696905963318, 'support': 1435.0}, 'weighted avg': {'precision': 0.3195948042744876, 'recall': 0.289198606271777, 'f1-score': 0.23643555824452364, 'support': 1435.0}}","[[198   0   0   1   0   0   1   0]
 [108  71   3   1   8   5   0   4]
 [109  25  11   6  18   9  12  10]
 [ 85   2   5  62   9   1   3  33]
 [137   3   9  23  12   3   2  11]
 [103   2  32  31   0   0  12  20]
 [118   0  22  23   1   0  34   2]
 [  6   0   1   0   1   0   0  27]]",0.006214618682861328,0.018955469131469727
33,UNSW_NB15,0,None,QuantileTransformer,GauNB,0.16710058709891287,-1,-1,81.74216027874564,24.1875,10.433051269288203,36.248371485004974,19.843921217450333,-1,"{'0Normal': {'precision': 0.9183673469387755, 'recall': 0.225, 'f1-score': 0.3614457831325301, 'support': 200.0}, 'Analysis': {'precision': 1.0, 'recall': 0.075, 'f1-score': 0.13953488372093023, 'support': 200.0}, 'Backdoor': {'precision': 0.0, 'recall': 0.0, 'f1-score': 0.0, 'support': 200.0}, 'Exploits': {'precision': 0.25, 'recall': 0.055, 'f1-score': 0.09016393442622951, 'support': 200.0}, 'Fuzzers': {'precision': 0.17723880597014927, 'recall': 0.475, 'f1-score': 0.25815217391304346, 'support': 200.0}, 'Reconnaissance': {'precision': 0.05426356589147287, 'recall': 0.105, 'f1-score': 0.07155025553662692, 'support': 200.0}, 'Shellcode': {'precision': 0.5, 'recall': 1.0, 'f1-score': 0.6666666666666666, 'support': 200.0}, 'Worms': {'precision': 0.0, 'recall': 0.0, 'f1-score': 0.0, 'support': 35.0}, 'accuracy': 0.2696864111498258, 'macro avg': {'precision': 0.3624837148500497, 'recall': 0.241875, 'f1-score': 0.19843921217450333, 'support': 1435.0}, 'weighted avg': {'precision': 0.40416302701050844, 'recall': 0.2696864111498258, 'f1-score': 0.22125626444543925, 'support': 1435.0}}","[[ 45   0   0  33 120   0   2   0]
 [  1  15   0   0  65 119   0   0]
 [  1   0   0   0  66 105  27   1]
 [  0   0   0  11 127  51   9   2]
 [  1   0   0   0  95  89  14   1]
 [  1   0   0   0  36  21 142   0]
 [  0   0   0   0   0   0 200   0]
 [  0   0   0   0  27   2   6   0]]",0.008483171463012695,0.0024261474609375
34,UNSW_NB15,0,None,QuantileTransformer,NC,0.22563633337189698,-1,-1,82.45644599303135,35.0,10.024888003982081,38.59786403702811,29.362228791766505,-1,"{'0Normal': {'precision': 1.0, 'recall': 0.645, 'f1-score': 0.78419452887538, 'support': 200.0}, 'Analysis': {'precision': 0.7674418604651163, 'recall': 0.165, 'f1-score': 0.2716049382716049, 'support': 200.0}, 'Backdoor': {'precision': 0.07894736842105263, 'recall': 0.015, 'f1-score': 0.025210084033613446, 'support': 200.0}, 'Exploits': {'precision': 0.525, 'recall': 0.315, 'f1-score': 0.39375, 'support': 200.0}, 'Fuzzers': {'precision': 0.0, 'recall': 0.0, 'f1-score': 0.0, 'support': 200.0}, 'Reconnaissance': {'precision': 0.12550066755674233, 'recall': 0.47, 'f1-score': 0.19810326659641728, 'support': 200.0}, 'Shellcode': {'precision': 0.430939226519337, 'recall': 0.39, 'f1-score': 0.4094488188976378, 'support': 200.0}, 'Worms': {'precision': 0.16, 'recall': 0.8, 'f1-score': 0.26666666666666666, 'support': 35.0}, 'accuracy': 0.29825783972125436, 'macro avg': {'precision': 0.38597864037028107, 'recall': 0.35, 'f1-score': 0.29362228791766504, 'support': 1435.0}, 'weighted avg': {'precision': 0.41196224710275237, 'recall': 0.29825783972125436, 'f1-score': 0.29672171475140346, 'support': 1435.0}}","[[129   4  31   6   0  15   1  14]
 [  0  33   0   1   0 157   0   9]
 [  0   0   3   7   0 149  27  14]
 [  0   2   2  63   0  75   4  54]
 [  0   3   2  20   0 146   9  20]
 [  0   1   0  15   0  94  62  28]
 [  0   0   0   7   0 107  78   8]
 [  0   0   0   1   0   6   0  28]]",0.0005352497100830078,0.026900768280029297
35,UNSW_NB15,0,None,QuantileTransformer,RNC,0.038013202682867626,-1,-1,78.71080139372822,13.3125,12.165256346441016,13.363025166117303,4.644345636510928,-1,"{'0Normal': {'precision': 0.1444043321299639, 'recall': 1.0, 'f1-score': 0.25236593059936907, 'support': 200.0}, 'Analysis': {'precision': 0.391304347826087, 'recall': 0.045, 'f1-score': 0.08071748878923767, 'support': 200.0}, 'Backdoor': {'precision': 0.0, 'recall': 0.0, 'f1-score': 0.0, 'support': 200.0}, 'Exploits': {'precision': 0.0, 'recall': 0.0, 'f1-score': 0.0, 'support': 200.0}, 'Fuzzers': {'precision': 0.2, 'recall': 0.005, 'f1-score': 0.00975609756097561, 'support': 200.0}, 'Reconnaissance': {'precision': 0.3333333333333333, 'recall': 0.015, 'f1-score': 0.028708133971291867, 'support': 200.0}, 'Shellcode': {'precision': 0.0, 'recall': 0.0, 'f1-score': 0.0, 'support': 200.0}, 'Worms': {'precision': 0.0, 'recall': 0.0, 'f1-score': 0.0, 'support': 35.0}, 'accuracy': 0.14843205574912893, 'macro avg': {'precision': 0.13363025166117304, 'recall': 0.133125, 'f1-score': 0.04644345636510928, 'support': 1435.0}, 'weighted avg': {'precision': 0.1489954025490431, 'recall': 0.14843205574912893, 'f1-score': 0.05178364472764797, 'support': 1435.0}}","[[200   0   0   0   0   0   0   0]
 [186   9   1   3   1   0   0   0]
 [189   7   0   1   1   2   0   0]
 [192   4   1   0   1   1   0   1]
 [189   3   1   3   1   3   0   0]
 [195   0   0   1   1   3   0   0]
 [199   0   0   0   0   0   0   1]
 [ 35   0   0   0   0   0   0   0]]",0.0002009868621826172,0.0033135414123535156
36,UNSW_NB15,-1,rbf,QuantileTransformer,KNFST,0.3506339351993037,-1,-1,85.92334494773519,44.785714285714285,8.043802887008463,42.57886424345379,43.14729068626674,-1,"{'0Normal': {'precision': 0.9949238578680203, 'recall': 0.98, 'f1-score': 0.9874055415617129, 'support': 200.0}, 'Analysis': {'precision': 0.2158273381294964, 'recall': 0.15, 'f1-score': 0.17699115044247787, 'support': 200.0}, 'Backdoor': {'precision': 0.1497326203208556, 'recall': 0.14, 'f1-score': 0.14470284237726097, 'support': 200.0}, 'Exploits': {'precision': 0.2974683544303797, 'recall': 0.235, 'f1-score': 0.26256983240223464, 'support': 200.0}, 'Fuzzers': {'precision': 0.23668639053254437, 'recall': 0.2, 'f1-score': 0.21680216802168023, 'support': 200.0}, 'Reconnaissance': {'precision': 0.3302752293577982, 'recall': 0.54, 'f1-score': 0.4098671726755218, 'support': 200.0}, 'Shellcode': {'precision': 0.7395348837209302, 'recall': 0.795, 'f1-score': 0.7662650602409639, 'support': 200.0}, 'Worms': {'precision': 0.4418604651162791, 'recall': 0.5428571428571428, 'f1-score': 0.48717948717948717, 'support': 35.0}, 'accuracy': 0.4369337979094077, 'macro avg': {'precision': 0.42578864243453796, 'recall': 0.44785714285714284, 'f1-score': 0.4314729068626674, 'support': 1435.0}, 'weighted avg': {'precision': 0.4239406628230486, 'recall': 0.4369337979094077, 'f1-score': 0.4250676206241481, 'support': 1435.0}}","[[196   0   1   0   0   1   0   2]
 [  0  30  68  23  40  39   0   0]
 [  0  54  28  24  33  45  14   2]
 [  1  12  23  47  31  65  12   9]
 [  0  24  31  41  40  52  10   2]
 [  0  13  22  16  18 108  16   7]
 [  0   6  11   7   7   8 159   2]
 [  0   0   3   0   0   9   4  19]]",323.4145164489746,0.4922661781311035
37,UNSW_NB15,-1,rbf,QuantileTransformer,KNN,0.42769936390902574,-1,-1,87.63066202090593,48.55357142857143,7.068193130910901,49.3751083337859,48.55087837318387,-1,"{'0Normal': {'precision': 0.985, 'recall': 0.985, 'f1-score': 0.985, 'support': 200.0}, 'Analysis': {'precision': 0.3029197080291971, 'recall': 0.415, 'f1-score': 0.350210970464135, 'support': 200.0}, 'Backdoor': {'precision': 0.21621621621621623, 'recall': 0.2, 'f1-score': 0.2077922077922078, 'support': 200.0}, 'Exploits': {'precision': 0.45698924731182794, 'recall': 0.425, 'f1-score': 0.44041450777202074, 'support': 200.0}, 'Fuzzers': {'precision': 0.24444444444444444, 'recall': 0.165, 'f1-score': 0.19701492537313434, 'support': 200.0}, 'Reconnaissance': {'precision': 0.5822222222222222, 'recall': 0.655, 'f1-score': 0.6164705882352941, 'support': 200.0}, 'Shellcode': {'precision': 0.7038834951456311, 'recall': 0.725, 'f1-score': 0.7142857142857143, 'support': 200.0}, 'Worms': {'precision': 0.4583333333333333, 'recall': 0.3142857142857143, 'f1-score': 0.3728813559322034, 'support': 35.0}, 'accuracy': 0.5052264808362369, 'macro avg': {'precision': 0.49375108333785905, 'recall': 0.4855357142857143, 'f1-score': 0.4855087837318387, 'support': 1435.0}, 'weighted avg': {'precision': 0.4978235075544073, 'recall': 0.5052264808362369, 'f1-score': 0.4984589757784867, 'support': 1435.0}}","[[197   1   0   0   0   0   2   0]
 [  0  83  66  16  35   0   0   0]
 [  0  77  40  17  33  14  16   3]
 [  2  32  29  85  26  14   6   6]
 [  1  66  41  38  33   9  10   2]
 [  0  15   7  14   8 131  23   2]
 [  0   0   1   3   0  51 145   0]
 [  0   0   1  13   0   6   4  11]]",0.0004265308380126953,0.006672382354736328
38,UNSW_NB15,-1,rbf,QuantileTransformer,LDA,0.5126242741569221,-1,-1,89.37282229965156,59.8125,6.072672971627675,57.13761386012111,56.521184447738236,-1,"{'0Normal': {'precision': 0.9704433497536946, 'recall': 0.985, 'f1-score': 0.9776674937965261, 'support': 200.0}, 'Analysis': {'precision': 0.5327868852459017, 'recall': 0.325, 'f1-score': 0.40372670807453415, 'support': 200.0}, 'Backdoor': {'precision': 0.2851851851851852, 'recall': 0.385, 'f1-score': 0.3276595744680851, 'support': 200.0}, 'Exploits': {'precision': 0.6766917293233082, 'recall': 0.45, 'f1-score': 0.5405405405405406, 'support': 200.0}, 'Fuzzers': {'precision': 0.25728155339805825, 'recall': 0.265, 'f1-score': 0.26108374384236455, 'support': 200.0}, 'Reconnaissance': {'precision': 0.6822429906542056, 'recall': 0.73, 'f1-score': 0.7053140096618358, 'support': 200.0}, 'Shellcode': {'precision': 0.8407960199004975, 'recall': 0.845, 'f1-score': 0.8428927680798005, 'support': 200.0}, 'Worms': {'precision': 0.32558139534883723, 'recall': 0.8, 'f1-score': 0.4628099173553719, 'support': 35.0}, 'accuracy': 0.5749128919860628, 'macro avg': {'precision': 0.5713761386012111, 'recall': 0.598125, 'f1-score': 0.5652118444773824, 'support': 1435.0}, 'weighted avg': {'precision': 0.5996382519368498, 'recall': 0.5749128919860628, 'f1-score': 0.5769862820907145, 'support': 1435.0}}","[[197   1   0   0   0   0   2   0]
 [  1  65  72   1  60   0   0   1]
 [  1  28  77  10  45  25   7   7]
 [  1   7  36  90  35   3   7  21]
 [  2  17  73  30  53   7  11   7]
 [  1   4  12   1  13 146   1  22]
 [  0   0   0   0   0  31 169   0]
 [  0   0   0   1   0   2   4  28]]",0.15055227279663086,0.000339508056640625
39,UNSW_NB15,-1,rbf,QuantileTransformer,NuSVC,0.5354804366945208,-1,-1,89.80836236933798,59.31249999999999,5.823792931806869,59.56510551524134,58.17978049805787,-1,"{'0Normal': {'precision': 0.9752475247524752, 'recall': 0.985, 'f1-score': 0.9800995024875622, 'support': 200.0}, 'Analysis': {'precision': 0.30933333333333335, 'recall': 0.58, 'f1-score': 0.40347826086956523, 'support': 200.0}, 'Backdoor': {'precision': 0.3277777777777778, 'recall': 0.295, 'f1-score': 0.3105263157894737, 'support': 200.0}, 'Exploits': {'precision': 0.6363636363636364, 'recall': 0.42, 'f1-score': 0.5060240963855421, 'support': 200.0}, 'Fuzzers': {'precision': 0.25, 'recall': 0.105, 'f1-score': 0.14788732394366197, 'support': 200.0}, 'Reconnaissance': {'precision': 0.8429319371727748, 'recall': 0.805, 'f1-score': 0.8235294117647058, 'support': 200.0}, 'Shellcode': {'precision': 0.8059071729957806, 'recall': 0.955, 'f1-score': 0.8741418764302059, 'support': 200.0}, 'Worms': {'precision': 0.6176470588235294, 'recall': 0.6, 'f1-score': 0.6086956521739131, 'support': 35.0}, 'accuracy': 0.5923344947735192, 'macro avg': {'precision': 0.5956510551524135, 'recall': 0.5931249999999999, 'f1-score': 0.5817978049805788, 'support': 1435.0}, 'weighted avg': {'precision': 0.5931218979358739, 'recall': 0.5923344947735192, 'f1-score': 0.578705021156955, 'support': 1435.0}}","[[197   1   0   0   0   0   2   0]
 [  0 116  71   5   8   0   0   0]
 [  2  81  59   8  26   4  18   2]
 [  2  50  20  84  20   7   8   9]
 [  1 108  22  29  21   8   9   2]
 [  0  19   7   2   6 161   5   0]
 [  0   0   0   0   0   9 191   0]
 [  0   0   1   4   3   2   4  21]]",0.662893533706665,0.17581963539123535
40,UNSW_NB15,-1,rbf,QuantileTransformer,SGD,0.4838989005498931,-1,-1,87.73519163763066,46.86607142857143,7.008461921353907,63.68925923623726,45.174577248665855,-1,"{'0Normal': {'precision': 0.9563106796116505, 'recall': 0.985, 'f1-score': 0.9704433497536946, 'support': 200.0}, 'Analysis': {'precision': 0.8888888888888888, 'recall': 0.16, 'f1-score': 0.2711864406779661, 'support': 200.0}, 'Backdoor': {'precision': 0.2381596752368065, 'recall': 0.88, 'f1-score': 0.37486687965921195, 'support': 200.0}, 'Exploits': {'precision': 0.6143790849673203, 'recall': 0.47, 'f1-score': 0.5325779036827195, 'support': 200.0}, 'Fuzzers': {'precision': 0.25, 'recall': 0.05, 'f1-score': 0.08333333333333333, 'support': 200.0}, 'Reconnaissance': {'precision': 0.8297872340425532, 'recall': 0.195, 'f1-score': 0.3157894736842105, 'support': 200.0}, 'Shellcode': {'precision': 0.8731707317073171, 'recall': 0.895, 'f1-score': 0.8839506172839506, 'support': 200.0}, 'Worms': {'precision': 0.4444444444444444, 'recall': 0.11428571428571428, 'f1-score': 0.18181818181818182, 'support': 35.0}, 'accuracy': 0.5094076655052264, 'macro avg': {'precision': 0.6368925923623726, 'recall': 0.4686607142857143, 'f1-score': 0.45174577248665854, 'support': 1435.0}, 'weighted avg': {'precision': 0.6590207766177442, 'recall': 0.5094076655052264, 'f1-score': 0.48278274284226735, 'support': 1435.0}}","[[197   1   2   0   0   0   0   0]
 [  1  32 156   9   2   0   0   0]
 [  2   0 176   4   7   2   7   2]
 [  2   2  84  94  12   2   3   1]
 [  2   1 153  28  10   1   4   1]
 [  2   0 142   7   2  39   8   0]
 [  0   0  19   0   0   1 179   1]
 [  0   0   7  11   7   2   4   4]]",0.1552295684814453,0.00037741661071777344
41,UNSW_NB15,-1,rbf,QuantileTransformer,GauNB,0.3718968526140326,-1,-1,85.57491289198606,46.1875,8.242906918865108,39.862986650104865,33.22010796699007,-1,"{'0Normal': {'precision': 0.9786096256684492, 'recall': 0.915, 'f1-score': 0.9457364341085271, 'support': 200.0}, 'Analysis': {'precision': 0.0, 'recall': 0.0, 'f1-score': 0.0, 'support': 200.0}, 'Backdoor': {'precision': 0.4057971014492754, 'recall': 0.14, 'f1-score': 0.20817843866171004, 'support': 200.0}, 'Exploits': {'precision': 0.3898305084745763, 'recall': 0.115, 'f1-score': 0.1776061776061776, 'support': 200.0}, 'Fuzzers': {'precision': 0.2845691382765531, 'recall': 0.71, 'f1-score': 0.4062947067238913, 'support': 200.0}, 'Reconnaissance': {'precision': 0.5, 'recall': 0.015, 'f1-score': 0.02912621359223301, 'support': 200.0}, 'Shellcode': {'precision': 0.5, 'recall': 1.0, 'f1-score': 0.6666666666666666, 'support': 200.0}, 'Worms': {'precision': 0.13023255813953488, 'recall': 0.8, 'f1-score': 0.224, 'support': 35.0}, 'accuracy': 0.4229965156794425, 'macro avg': {'precision': 0.39862986650104865, 'recall': 0.461875, 'f1-score': 0.3322010796699007, 'support': 1435.0}, 'weighted avg': {'precision': 0.4294908810513272, 'recall': 0.4229965156794425, 'f1-score': 0.3446423187957081, 'support': 1435.0}}","[[183   0   0   0  14   0   2   1]
 [  0   0  41  23 115   0   0  21]
 [  0   0  28   7 123   0  27  15]
 [  0   0   0  23  75   0   9  93]
 [  4   0   0   5 142   2  14  33]
 [  0   0   0   1  30   3 142  24]
 [  0   0   0   0   0   0 200   0]
 [  0   0   0   0   0   1   6  28]]",0.0018854141235351562,0.0012028217315673828
42,UNSW_NB15,-1,rbf,QuantileTransformer,NC,0.1414767108463733,-1,-1,80.26132404181185,27.419642857142858,11.279243404678944,20.997723740443732,18.012664492009034,-1,"{'0Normal': {'precision': 0.9924242424242424, 'recall': 0.655, 'f1-score': 0.7891566265060241, 'support': 200.0}, 'Analysis': {'precision': 0.3275862068965517, 'recall': 0.095, 'f1-score': 0.14728682170542637, 'support': 200.0}, 'Backdoor': {'precision': 0.21518987341772153, 'recall': 0.51, 'f1-score': 0.3026706231454006, 'support': 200.0}, 'Exploits': {'precision': 0.0, 'recall': 0.0, 'f1-score': 0.0, 'support': 200.0}, 'Fuzzers': {'precision': 0.08786610878661087, 'recall': 0.105, 'f1-score': 0.09567198177676538, 'support': 200.0}, 'Reconnaissance': {'precision': 0.0, 'recall': 0.0, 'f1-score': 0.0, 'support': 200.0}, 'Shellcode': {'precision': 0.0, 'recall': 0.0, 'f1-score': 0.0, 'support': 200.0}, 'Worms': {'precision': 0.05675146771037182, 'recall': 0.8285714285714286, 'f1-score': 0.10622710622710622, 'support': 35.0}, 'accuracy': 0.21045296167247388, 'macro avg': {'precision': 0.2099772374044373, 'recall': 0.27419642857142856, 'f1-score': 0.18012664492009034, 'support': 1435.0}, 'weighted avg': {'precision': 0.2275955314807584, 'recall': 0.21045296167247388, 'f1-score': 0.18862380442137427, 'support': 1435.0}}","[[131  16   0   0  17   7   0  29]
 [  0  19 125   0  13   0   0  43]
 [  0  22 102   0  25   1   2  48]
 [  0   1  63   0  13   0   0 123]
 [  1   0 127   1  21   0   0  50]
 [  0   0  42   4  52   0   0 102]
 [  0   0  14   6  93   0   0  87]
 [  0   0   1   0   5   0   0  29]]",0.0007886886596679688,0.08831143379211426
43,UNSW_NB15,-1,rbf,QuantileTransformer,RNC,0.21573667808817787,-1,-1,82.5609756097561,27.419642857142858,9.965156794425086,40.02769221557139,24.8496668706765,-1,"{'0Normal': {'precision': 0.25839793281653745, 'recall': 1.0, 'f1-score': 0.4106776180698152, 'support': 200.0}, 'Analysis': {'precision': 0.25380710659898476, 'recall': 0.25, 'f1-score': 0.2518891687657431, 'support': 200.0}, 'Backdoor': {'precision': 0.16774193548387098, 'recall': 0.13, 'f1-score': 0.14647887323943662, 'support': 200.0}, 'Exploits': {'precision': 0.24324324324324326, 'recall': 0.045, 'f1-score': 0.0759493670886076, 'support': 200.0}, 'Fuzzers': {'precision': 0.23529411764705882, 'recall': 0.16, 'f1-score': 0.19047619047619047, 'support': 200.0}, 'Reconnaissance': {'precision': 0.8372093023255814, 'recall': 0.36, 'f1-score': 0.5034965034965035, 'support': 200.0}, 'Shellcode': {'precision': 0.9565217391304348, 'recall': 0.22, 'f1-score': 0.35772357723577236, 'support': 200.0}, 'Worms': {'precision': 0.25, 'recall': 0.02857142857142857, 'f1-score': 0.05128205128205128, 'support': 35.0}, 'accuracy': 0.3024390243902439, 'macro avg': {'precision': 0.4002769221557139, 'recall': 0.27419642857142856, 'f1-score': 0.248496668706765, 'support': 1435.0}, 'weighted avg': {'precision': 0.4175561501387751, 'recall': 0.3024390243902439, 'f1-score': 0.27117291391587844, 'support': 1435.0}}","[[200   0   0   0   0   0   0   0]
 [ 41  50  61  10  38   0   0   0]
 [ 67  65  26   7  32   2   0   1]
 [124  21  17   9  23   3   2   1]
 [ 62  53  44   8  32   1   0   0]
 [100   8   7   3  10  72   0   0]
 [147   0   0   0   0   8  44   1]
 [ 33   0   0   0   1   0   0   1]]",0.00045490264892578125,0.0077288150787353516
44,UNSW_NB15,-1,poly,QuantileTransformer,KNN,0.42769936390902574,-1,-1,87.63066202090593,48.55357142857143,7.068193130910901,49.3751083337859,48.55087837318387,-1,"{'0Normal': {'precision': 0.985, 'recall': 0.985, 'f1-score': 0.985, 'support': 200.0}, 'Analysis': {'precision': 0.3029197080291971, 'recall': 0.415, 'f1-score': 0.350210970464135, 'support': 200.0}, 'Backdoor': {'precision': 0.21621621621621623, 'recall': 0.2, 'f1-score': 0.2077922077922078, 'support': 200.0}, 'Exploits': {'precision': 0.45698924731182794, 'recall': 0.425, 'f1-score': 0.44041450777202074, 'support': 200.0}, 'Fuzzers': {'precision': 0.24444444444444444, 'recall': 0.165, 'f1-score': 0.19701492537313434, 'support': 200.0}, 'Reconnaissance': {'precision': 0.5822222222222222, 'recall': 0.655, 'f1-score': 0.6164705882352941, 'support': 200.0}, 'Shellcode': {'precision': 0.7038834951456311, 'recall': 0.725, 'f1-score': 0.7142857142857143, 'support': 200.0}, 'Worms': {'precision': 0.4583333333333333, 'recall': 0.3142857142857143, 'f1-score': 0.3728813559322034, 'support': 35.0}, 'accuracy': 0.5052264808362369, 'macro avg': {'precision': 0.49375108333785905, 'recall': 0.4855357142857143, 'f1-score': 0.4855087837318387, 'support': 1435.0}, 'weighted avg': {'precision': 0.4978235075544073, 'recall': 0.5052264808362369, 'f1-score': 0.4984589757784867, 'support': 1435.0}}","[[197   1   0   0   0   0   2   0]
 [  0  83  66  16  35   0   0   0]
 [  0  77  40  17  33  14  16   3]
 [  2  32  29  85  26  14   6   6]
 [  1  66  41  38  33   9  10   2]
 [  0  15   7  14   8 131  23   2]
 [  0   0   1   3   0  51 145   0]
 [  0   0   1  13   0   6   4  11]]",0.0005762577056884766,0.006699323654174805
45,UNSW_NB15,-1,poly,QuantileTransformer,LDA,0.5126242741569221,-1,-1,89.37282229965156,59.8125,6.072672971627675,57.13761386012111,56.521184447738236,-1,"{'0Normal': {'precision': 0.9704433497536946, 'recall': 0.985, 'f1-score': 0.9776674937965261, 'support': 200.0}, 'Analysis': {'precision': 0.5327868852459017, 'recall': 0.325, 'f1-score': 0.40372670807453415, 'support': 200.0}, 'Backdoor': {'precision': 0.2851851851851852, 'recall': 0.385, 'f1-score': 0.3276595744680851, 'support': 200.0}, 'Exploits': {'precision': 0.6766917293233082, 'recall': 0.45, 'f1-score': 0.5405405405405406, 'support': 200.0}, 'Fuzzers': {'precision': 0.25728155339805825, 'recall': 0.265, 'f1-score': 0.26108374384236455, 'support': 200.0}, 'Reconnaissance': {'precision': 0.6822429906542056, 'recall': 0.73, 'f1-score': 0.7053140096618358, 'support': 200.0}, 'Shellcode': {'precision': 0.8407960199004975, 'recall': 0.845, 'f1-score': 0.8428927680798005, 'support': 200.0}, 'Worms': {'precision': 0.32558139534883723, 'recall': 0.8, 'f1-score': 0.4628099173553719, 'support': 35.0}, 'accuracy': 0.5749128919860628, 'macro avg': {'precision': 0.5713761386012111, 'recall': 0.598125, 'f1-score': 0.5652118444773824, 'support': 1435.0}, 'weighted avg': {'precision': 0.5996382519368498, 'recall': 0.5749128919860628, 'f1-score': 0.5769862820907145, 'support': 1435.0}}","[[197   1   0   0   0   0   2   0]
 [  1  65  72   1  60   0   0   1]
 [  1  28  77  10  45  25   7   7]
 [  1   7  36  90  35   3   7  21]
 [  2  17  73  30  53   7  11   7]
 [  1   4  12   1  13 146   1  22]
 [  0   0   0   0   0  31 169   0]
 [  0   0   0   1   0   2   4  28]]",0.19268321990966797,0.08499813079833984
46,UNSW_NB15,-1,poly,QuantileTransformer,NuSVC,0.5354804366945208,-1,-1,89.80836236933798,59.31249999999999,5.823792931806869,59.56510551524134,58.17978049805787,-1,"{'0Normal': {'precision': 0.9752475247524752, 'recall': 0.985, 'f1-score': 0.9800995024875622, 'support': 200.0}, 'Analysis': {'precision': 0.30933333333333335, 'recall': 0.58, 'f1-score': 0.40347826086956523, 'support': 200.0}, 'Backdoor': {'precision': 0.3277777777777778, 'recall': 0.295, 'f1-score': 0.3105263157894737, 'support': 200.0}, 'Exploits': {'precision': 0.6363636363636364, 'recall': 0.42, 'f1-score': 0.5060240963855421, 'support': 200.0}, 'Fuzzers': {'precision': 0.25, 'recall': 0.105, 'f1-score': 0.14788732394366197, 'support': 200.0}, 'Reconnaissance': {'precision': 0.8429319371727748, 'recall': 0.805, 'f1-score': 0.8235294117647058, 'support': 200.0}, 'Shellcode': {'precision': 0.8059071729957806, 'recall': 0.955, 'f1-score': 0.8741418764302059, 'support': 200.0}, 'Worms': {'precision': 0.6176470588235294, 'recall': 0.6, 'f1-score': 0.6086956521739131, 'support': 35.0}, 'accuracy': 0.5923344947735192, 'macro avg': {'precision': 0.5956510551524135, 'recall': 0.5931249999999999, 'f1-score': 0.5817978049805788, 'support': 1435.0}, 'weighted avg': {'precision': 0.5931218979358739, 'recall': 0.5923344947735192, 'f1-score': 0.578705021156955, 'support': 1435.0}}","[[197   1   0   0   0   0   2   0]
 [  0 116  71   5   8   0   0   0]
 [  2  81  59   8  26   4  18   2]
 [  2  50  20  84  20   7   8   9]
 [  1 108  22  29  21   8   9   2]
 [  0  19   7   2   6 161   5   0]
 [  0   0   0   0   0   9 191   0]
 [  0   0   1   4   3   2   4  21]]",0.7100703716278076,0.1815814971923828
47,UNSW_NB15,-1,poly,QuantileTransformer,SGD,0.4838989005498931,-1,-1,87.73519163763066,46.86607142857143,7.008461921353907,63.68925923623726,45.174577248665855,-1,"{'0Normal': {'precision': 0.9563106796116505, 'recall': 0.985, 'f1-score': 0.9704433497536946, 'support': 200.0}, 'Analysis': {'precision': 0.8888888888888888, 'recall': 0.16, 'f1-score': 0.2711864406779661, 'support': 200.0}, 'Backdoor': {'precision': 0.2381596752368065, 'recall': 0.88, 'f1-score': 0.37486687965921195, 'support': 200.0}, 'Exploits': {'precision': 0.6143790849673203, 'recall': 0.47, 'f1-score': 0.5325779036827195, 'support': 200.0}, 'Fuzzers': {'precision': 0.25, 'recall': 0.05, 'f1-score': 0.08333333333333333, 'support': 200.0}, 'Reconnaissance': {'precision': 0.8297872340425532, 'recall': 0.195, 'f1-score': 0.3157894736842105, 'support': 200.0}, 'Shellcode': {'precision': 0.8731707317073171, 'recall': 0.895, 'f1-score': 0.8839506172839506, 'support': 200.0}, 'Worms': {'precision': 0.4444444444444444, 'recall': 0.11428571428571428, 'f1-score': 0.18181818181818182, 'support': 35.0}, 'accuracy': 0.5094076655052264, 'macro avg': {'precision': 0.6368925923623726, 'recall': 0.4686607142857143, 'f1-score': 0.45174577248665854, 'support': 1435.0}, 'weighted avg': {'precision': 0.6590207766177442, 'recall': 0.5094076655052264, 'f1-score': 0.48278274284226735, 'support': 1435.0}}","[[197   1   2   0   0   0   0   0]
 [  1  32 156   9   2   0   0   0]
 [  2   0 176   4   7   2   7   2]
 [  2   2  84  94  12   2   3   1]
 [  2   1 153  28  10   1   4   1]
 [  2   0 142   7   2  39   8   0]
 [  0   0  19   0   0   1 179   1]
 [  0   0   7  11   7   2   4   4]]",0.15349531173706055,0.0003402233123779297
48,UNSW_NB15,-1,poly,QuantileTransformer,GauNB,0.3718968526140326,-1,-1,85.57491289198606,46.1875,8.242906918865108,39.862986650104865,33.22010796699007,-1,"{'0Normal': {'precision': 0.9786096256684492, 'recall': 0.915, 'f1-score': 0.9457364341085271, 'support': 200.0}, 'Analysis': {'precision': 0.0, 'recall': 0.0, 'f1-score': 0.0, 'support': 200.0}, 'Backdoor': {'precision': 0.4057971014492754, 'recall': 0.14, 'f1-score': 0.20817843866171004, 'support': 200.0}, 'Exploits': {'precision': 0.3898305084745763, 'recall': 0.115, 'f1-score': 0.1776061776061776, 'support': 200.0}, 'Fuzzers': {'precision': 0.2845691382765531, 'recall': 0.71, 'f1-score': 0.4062947067238913, 'support': 200.0}, 'Reconnaissance': {'precision': 0.5, 'recall': 0.015, 'f1-score': 0.02912621359223301, 'support': 200.0}, 'Shellcode': {'precision': 0.5, 'recall': 1.0, 'f1-score': 0.6666666666666666, 'support': 200.0}, 'Worms': {'precision': 0.13023255813953488, 'recall': 0.8, 'f1-score': 0.224, 'support': 35.0}, 'accuracy': 0.4229965156794425, 'macro avg': {'precision': 0.39862986650104865, 'recall': 0.461875, 'f1-score': 0.3322010796699007, 'support': 1435.0}, 'weighted avg': {'precision': 0.4294908810513272, 'recall': 0.4229965156794425, 'f1-score': 0.3446423187957081, 'support': 1435.0}}","[[183   0   0   0  14   0   2   1]
 [  0   0  41  23 115   0   0  21]
 [  0   0  28   7 123   0  27  15]
 [  0   0   0  23  75   0   9  93]
 [  4   0   0   5 142   2  14  33]
 [  0   0   0   1  30   3 142  24]
 [  0   0   0   0   0   0 200   0]
 [  0   0   0   0   0   1   6  28]]",0.003656148910522461,0.001474142074584961
49,UNSW_NB15,-1,poly,QuantileTransformer,NC,0.1414767108463733,-1,-1,80.26132404181185,27.419642857142858,11.279243404678944,20.997723740443732,18.012664492009034,-1,"{'0Normal': {'precision': 0.9924242424242424, 'recall': 0.655, 'f1-score': 0.7891566265060241, 'support': 200.0}, 'Analysis': {'precision': 0.3275862068965517, 'recall': 0.095, 'f1-score': 0.14728682170542637, 'support': 200.0}, 'Backdoor': {'precision': 0.21518987341772153, 'recall': 0.51, 'f1-score': 0.3026706231454006, 'support': 200.0}, 'Exploits': {'precision': 0.0, 'recall': 0.0, 'f1-score': 0.0, 'support': 200.0}, 'Fuzzers': {'precision': 0.08786610878661087, 'recall': 0.105, 'f1-score': 0.09567198177676538, 'support': 200.0}, 'Reconnaissance': {'precision': 0.0, 'recall': 0.0, 'f1-score': 0.0, 'support': 200.0}, 'Shellcode': {'precision': 0.0, 'recall': 0.0, 'f1-score': 0.0, 'support': 200.0}, 'Worms': {'precision': 0.05675146771037182, 'recall': 0.8285714285714286, 'f1-score': 0.10622710622710622, 'support': 35.0}, 'accuracy': 0.21045296167247388, 'macro avg': {'precision': 0.2099772374044373, 'recall': 0.27419642857142856, 'f1-score': 0.18012664492009034, 'support': 1435.0}, 'weighted avg': {'precision': 0.2275955314807584, 'recall': 0.21045296167247388, 'f1-score': 0.18862380442137427, 'support': 1435.0}}","[[131  16   0   0  17   7   0  29]
 [  0  19 125   0  13   0   0  43]
 [  0  22 102   0  25   1   2  48]
 [  0   1  63   0  13   0   0 123]
 [  1   0 127   1  21   0   0  50]
 [  0   0  42   4  52   0   0 102]
 [  0   0  14   6  93   0   0  87]
 [  0   0   1   0   5   0   0  29]]",0.0009479522705078125,0.08414721488952637
50,UNSW_NB15,-1,poly,QuantileTransformer,RNC,0.21573667808817787,-1,-1,82.5609756097561,27.419642857142858,9.965156794425086,40.02769221557139,24.8496668706765,-1,"{'0Normal': {'precision': 0.25839793281653745, 'recall': 1.0, 'f1-score': 0.4106776180698152, 'support': 200.0}, 'Analysis': {'precision': 0.25380710659898476, 'recall': 0.25, 'f1-score': 0.2518891687657431, 'support': 200.0}, 'Backdoor': {'precision': 0.16774193548387098, 'recall': 0.13, 'f1-score': 0.14647887323943662, 'support': 200.0}, 'Exploits': {'precision': 0.24324324324324326, 'recall': 0.045, 'f1-score': 0.0759493670886076, 'support': 200.0}, 'Fuzzers': {'precision': 0.23529411764705882, 'recall': 0.16, 'f1-score': 0.19047619047619047, 'support': 200.0}, 'Reconnaissance': {'precision': 0.8372093023255814, 'recall': 0.36, 'f1-score': 0.5034965034965035, 'support': 200.0}, 'Shellcode': {'precision': 0.9565217391304348, 'recall': 0.22, 'f1-score': 0.35772357723577236, 'support': 200.0}, 'Worms': {'precision': 0.25, 'recall': 0.02857142857142857, 'f1-score': 0.05128205128205128, 'support': 35.0}, 'accuracy': 0.3024390243902439, 'macro avg': {'precision': 0.4002769221557139, 'recall': 0.27419642857142856, 'f1-score': 0.248496668706765, 'support': 1435.0}, 'weighted avg': {'precision': 0.4175561501387751, 'recall': 0.3024390243902439, 'f1-score': 0.27117291391587844, 'support': 1435.0}}","[[200   0   0   0   0   0   0   0]
 [ 41  50  61  10  38   0   0   0]
 [ 67  65  26   7  32   2   0   1]
 [124  21  17   9  23   3   2   1]
 [ 62  53  44   8  32   1   0   0]
 [100   8   7   3  10  72   0   0]
 [147   0   0   0   0   8  44   1]
 [ 33   0   0   0   1   0   0   1]]",0.0005879402160644531,0.06577754020690918
51,UNSW_NB15,-1,linear,QuantileTransformer,KNN,0.42769936390902574,-1,-1,87.63066202090593,48.55357142857143,7.068193130910901,49.3751083337859,48.55087837318387,-1,"{'0Normal': {'precision': 0.985, 'recall': 0.985, 'f1-score': 0.985, 'support': 200.0}, 'Analysis': {'precision': 0.3029197080291971, 'recall': 0.415, 'f1-score': 0.350210970464135, 'support': 200.0}, 'Backdoor': {'precision': 0.21621621621621623, 'recall': 0.2, 'f1-score': 0.2077922077922078, 'support': 200.0}, 'Exploits': {'precision': 0.45698924731182794, 'recall': 0.425, 'f1-score': 0.44041450777202074, 'support': 200.0}, 'Fuzzers': {'precision': 0.24444444444444444, 'recall': 0.165, 'f1-score': 0.19701492537313434, 'support': 200.0}, 'Reconnaissance': {'precision': 0.5822222222222222, 'recall': 0.655, 'f1-score': 0.6164705882352941, 'support': 200.0}, 'Shellcode': {'precision': 0.7038834951456311, 'recall': 0.725, 'f1-score': 0.7142857142857143, 'support': 200.0}, 'Worms': {'precision': 0.4583333333333333, 'recall': 0.3142857142857143, 'f1-score': 0.3728813559322034, 'support': 35.0}, 'accuracy': 0.5052264808362369, 'macro avg': {'precision': 0.49375108333785905, 'recall': 0.4855357142857143, 'f1-score': 0.4855087837318387, 'support': 1435.0}, 'weighted avg': {'precision': 0.4978235075544073, 'recall': 0.5052264808362369, 'f1-score': 0.4984589757784867, 'support': 1435.0}}","[[197   1   0   0   0   0   2   0]
 [  0  83  66  16  35   0   0   0]
 [  0  77  40  17  33  14  16   3]
 [  2  32  29  85  26  14   6   6]
 [  1  66  41  38  33   9  10   2]
 [  0  15   7  14   8 131  23   2]
 [  0   0   1   3   0  51 145   0]
 [  0   0   1  13   0   6   4  11]]",0.00044798851013183594,0.006476163864135742
52,UNSW_NB15,-1,linear,QuantileTransformer,LDA,0.5126242741569221,-1,-1,89.37282229965156,59.8125,6.072672971627675,57.13761386012111,56.521184447738236,-1,"{'0Normal': {'precision': 0.9704433497536946, 'recall': 0.985, 'f1-score': 0.9776674937965261, 'support': 200.0}, 'Analysis': {'precision': 0.5327868852459017, 'recall': 0.325, 'f1-score': 0.40372670807453415, 'support': 200.0}, 'Backdoor': {'precision': 0.2851851851851852, 'recall': 0.385, 'f1-score': 0.3276595744680851, 'support': 200.0}, 'Exploits': {'precision': 0.6766917293233082, 'recall': 0.45, 'f1-score': 0.5405405405405406, 'support': 200.0}, 'Fuzzers': {'precision': 0.25728155339805825, 'recall': 0.265, 'f1-score': 0.26108374384236455, 'support': 200.0}, 'Reconnaissance': {'precision': 0.6822429906542056, 'recall': 0.73, 'f1-score': 0.7053140096618358, 'support': 200.0}, 'Shellcode': {'precision': 0.8407960199004975, 'recall': 0.845, 'f1-score': 0.8428927680798005, 'support': 200.0}, 'Worms': {'precision': 0.32558139534883723, 'recall': 0.8, 'f1-score': 0.4628099173553719, 'support': 35.0}, 'accuracy': 0.5749128919860628, 'macro avg': {'precision': 0.5713761386012111, 'recall': 0.598125, 'f1-score': 0.5652118444773824, 'support': 1435.0}, 'weighted avg': {'precision': 0.5996382519368498, 'recall': 0.5749128919860628, 'f1-score': 0.5769862820907145, 'support': 1435.0}}","[[197   1   0   0   0   0   2   0]
 [  1  65  72   1  60   0   0   1]
 [  1  28  77  10  45  25   7   7]
 [  1   7  36  90  35   3   7  21]
 [  2  17  73  30  53   7  11   7]
 [  1   4  12   1  13 146   1  22]
 [  0   0   0   0   0  31 169   0]
 [  0   0   0   1   0   2   4  28]]",0.11240553855895996,0.02037334442138672
53,UNSW_NB15,-1,linear,QuantileTransformer,NuSVC,0.5354804366945208,-1,-1,89.80836236933798,59.31249999999999,5.823792931806869,59.56510551524134,58.17978049805787,-1,"{'0Normal': {'precision': 0.9752475247524752, 'recall': 0.985, 'f1-score': 0.9800995024875622, 'support': 200.0}, 'Analysis': {'precision': 0.30933333333333335, 'recall': 0.58, 'f1-score': 0.40347826086956523, 'support': 200.0}, 'Backdoor': {'precision': 0.3277777777777778, 'recall': 0.295, 'f1-score': 0.3105263157894737, 'support': 200.0}, 'Exploits': {'precision': 0.6363636363636364, 'recall': 0.42, 'f1-score': 0.5060240963855421, 'support': 200.0}, 'Fuzzers': {'precision': 0.25, 'recall': 0.105, 'f1-score': 0.14788732394366197, 'support': 200.0}, 'Reconnaissance': {'precision': 0.8429319371727748, 'recall': 0.805, 'f1-score': 0.8235294117647058, 'support': 200.0}, 'Shellcode': {'precision': 0.8059071729957806, 'recall': 0.955, 'f1-score': 0.8741418764302059, 'support': 200.0}, 'Worms': {'precision': 0.6176470588235294, 'recall': 0.6, 'f1-score': 0.6086956521739131, 'support': 35.0}, 'accuracy': 0.5923344947735192, 'macro avg': {'precision': 0.5956510551524135, 'recall': 0.5931249999999999, 'f1-score': 0.5817978049805788, 'support': 1435.0}, 'weighted avg': {'precision': 0.5931218979358739, 'recall': 0.5923344947735192, 'f1-score': 0.578705021156955, 'support': 1435.0}}","[[197   1   0   0   0   0   2   0]
 [  0 116  71   5   8   0   0   0]
 [  2  81  59   8  26   4  18   2]
 [  2  50  20  84  20   7   8   9]
 [  1 108  22  29  21   8   9   2]
 [  0  19   7   2   6 161   5   0]
 [  0   0   0   0   0   9 191   0]
 [  0   0   1   4   3   2   4  21]]",0.7090332508087158,0.17376017570495605
54,UNSW_NB15,-1,linear,QuantileTransformer,SGD,0.4838989005498931,-1,-1,87.73519163763066,46.86607142857143,7.008461921353907,63.68925923623726,45.174577248665855,-1,"{'0Normal': {'precision': 0.9563106796116505, 'recall': 0.985, 'f1-score': 0.9704433497536946, 'support': 200.0}, 'Analysis': {'precision': 0.8888888888888888, 'recall': 0.16, 'f1-score': 0.2711864406779661, 'support': 200.0}, 'Backdoor': {'precision': 0.2381596752368065, 'recall': 0.88, 'f1-score': 0.37486687965921195, 'support': 200.0}, 'Exploits': {'precision': 0.6143790849673203, 'recall': 0.47, 'f1-score': 0.5325779036827195, 'support': 200.0}, 'Fuzzers': {'precision': 0.25, 'recall': 0.05, 'f1-score': 0.08333333333333333, 'support': 200.0}, 'Reconnaissance': {'precision': 0.8297872340425532, 'recall': 0.195, 'f1-score': 0.3157894736842105, 'support': 200.0}, 'Shellcode': {'precision': 0.8731707317073171, 'recall': 0.895, 'f1-score': 0.8839506172839506, 'support': 200.0}, 'Worms': {'precision': 0.4444444444444444, 'recall': 0.11428571428571428, 'f1-score': 0.18181818181818182, 'support': 35.0}, 'accuracy': 0.5094076655052264, 'macro avg': {'precision': 0.6368925923623726, 'recall': 0.4686607142857143, 'f1-score': 0.45174577248665854, 'support': 1435.0}, 'weighted avg': {'precision': 0.6590207766177442, 'recall': 0.5094076655052264, 'f1-score': 0.48278274284226735, 'support': 1435.0}}","[[197   1   2   0   0   0   0   0]
 [  1  32 156   9   2   0   0   0]
 [  2   0 176   4   7   2   7   2]
 [  2   2  84  94  12   2   3   1]
 [  2   1 153  28  10   1   4   1]
 [  2   0 142   7   2  39   8   0]
 [  0   0  19   0   0   1 179   1]
 [  0   0   7  11   7   2   4   4]]",0.16074371337890625,0.00038814544677734375
55,UNSW_NB15,-1,linear,QuantileTransformer,GauNB,0.3718968526140326,-1,-1,85.57491289198606,46.1875,8.242906918865108,39.862986650104865,33.22010796699007,-1,"{'0Normal': {'precision': 0.9786096256684492, 'recall': 0.915, 'f1-score': 0.9457364341085271, 'support': 200.0}, 'Analysis': {'precision': 0.0, 'recall': 0.0, 'f1-score': 0.0, 'support': 200.0}, 'Backdoor': {'precision': 0.4057971014492754, 'recall': 0.14, 'f1-score': 0.20817843866171004, 'support': 200.0}, 'Exploits': {'precision': 0.3898305084745763, 'recall': 0.115, 'f1-score': 0.1776061776061776, 'support': 200.0}, 'Fuzzers': {'precision': 0.2845691382765531, 'recall': 0.71, 'f1-score': 0.4062947067238913, 'support': 200.0}, 'Reconnaissance': {'precision': 0.5, 'recall': 0.015, 'f1-score': 0.02912621359223301, 'support': 200.0}, 'Shellcode': {'precision': 0.5, 'recall': 1.0, 'f1-score': 0.6666666666666666, 'support': 200.0}, 'Worms': {'precision': 0.13023255813953488, 'recall': 0.8, 'f1-score': 0.224, 'support': 35.0}, 'accuracy': 0.4229965156794425, 'macro avg': {'precision': 0.39862986650104865, 'recall': 0.461875, 'f1-score': 0.3322010796699007, 'support': 1435.0}, 'weighted avg': {'precision': 0.4294908810513272, 'recall': 0.4229965156794425, 'f1-score': 0.3446423187957081, 'support': 1435.0}}","[[183   0   0   0  14   0   2   1]
 [  0   0  41  23 115   0   0  21]
 [  0   0  28   7 123   0  27  15]
 [  0   0   0  23  75   0   9  93]
 [  4   0   0   5 142   2  14  33]
 [  0   0   0   1  30   3 142  24]
 [  0   0   0   0   0   0 200   0]
 [  0   0   0   0   0   1   6  28]]",0.0018684864044189453,0.001210927963256836
56,UNSW_NB15,-1,linear,QuantileTransformer,NC,0.1414767108463733,-1,-1,80.26132404181185,27.419642857142858,11.279243404678944,20.997723740443732,18.012664492009034,-1,"{'0Normal': {'precision': 0.9924242424242424, 'recall': 0.655, 'f1-score': 0.7891566265060241, 'support': 200.0}, 'Analysis': {'precision': 0.3275862068965517, 'recall': 0.095, 'f1-score': 0.14728682170542637, 'support': 200.0}, 'Backdoor': {'precision': 0.21518987341772153, 'recall': 0.51, 'f1-score': 0.3026706231454006, 'support': 200.0}, 'Exploits': {'precision': 0.0, 'recall': 0.0, 'f1-score': 0.0, 'support': 200.0}, 'Fuzzers': {'precision': 0.08786610878661087, 'recall': 0.105, 'f1-score': 0.09567198177676538, 'support': 200.0}, 'Reconnaissance': {'precision': 0.0, 'recall': 0.0, 'f1-score': 0.0, 'support': 200.0}, 'Shellcode': {'precision': 0.0, 'recall': 0.0, 'f1-score': 0.0, 'support': 200.0}, 'Worms': {'precision': 0.05675146771037182, 'recall': 0.8285714285714286, 'f1-score': 0.10622710622710622, 'support': 35.0}, 'accuracy': 0.21045296167247388, 'macro avg': {'precision': 0.2099772374044373, 'recall': 0.27419642857142856, 'f1-score': 0.18012664492009034, 'support': 1435.0}, 'weighted avg': {'precision': 0.2275955314807584, 'recall': 0.21045296167247388, 'f1-score': 0.18862380442137427, 'support': 1435.0}}","[[131  16   0   0  17   7   0  29]
 [  0  19 125   0  13   0   0  43]
 [  0  22 102   0  25   1   2  48]
 [  0   1  63   0  13   0   0 123]
 [  1   0 127   1  21   0   0  50]
 [  0   0  42   4  52   0   0 102]
 [  0   0  14   6  93   0   0  87]
 [  0   0   1   0   5   0   0  29]]",0.0009212493896484375,0.06398582458496094
57,UNSW_NB15,-1,linear,QuantileTransformer,RNC,0.21573667808817787,-1,-1,82.5609756097561,27.419642857142858,9.965156794425086,40.02769221557139,24.8496668706765,-1,"{'0Normal': {'precision': 0.25839793281653745, 'recall': 1.0, 'f1-score': 0.4106776180698152, 'support': 200.0}, 'Analysis': {'precision': 0.25380710659898476, 'recall': 0.25, 'f1-score': 0.2518891687657431, 'support': 200.0}, 'Backdoor': {'precision': 0.16774193548387098, 'recall': 0.13, 'f1-score': 0.14647887323943662, 'support': 200.0}, 'Exploits': {'precision': 0.24324324324324326, 'recall': 0.045, 'f1-score': 0.0759493670886076, 'support': 200.0}, 'Fuzzers': {'precision': 0.23529411764705882, 'recall': 0.16, 'f1-score': 0.19047619047619047, 'support': 200.0}, 'Reconnaissance': {'precision': 0.8372093023255814, 'recall': 0.36, 'f1-score': 0.5034965034965035, 'support': 200.0}, 'Shellcode': {'precision': 0.9565217391304348, 'recall': 0.22, 'f1-score': 0.35772357723577236, 'support': 200.0}, 'Worms': {'precision': 0.25, 'recall': 0.02857142857142857, 'f1-score': 0.05128205128205128, 'support': 35.0}, 'accuracy': 0.3024390243902439, 'macro avg': {'precision': 0.4002769221557139, 'recall': 0.27419642857142856, 'f1-score': 0.248496668706765, 'support': 1435.0}, 'weighted avg': {'precision': 0.4175561501387751, 'recall': 0.3024390243902439, 'f1-score': 0.27117291391587844, 'support': 1435.0}}","[[200   0   0   0   0   0   0   0]
 [ 41  50  61  10  38   0   0   0]
 [ 67  65  26   7  32   2   0   1]
 [124  21  17   9  23   3   2   1]
 [ 62  53  44   8  32   1   0   0]
 [100   8   7   3  10  72   0   0]
 [147   0   0   0   0   8  44   1]
 [ 33   0   0   0   1   0   0   1]]",0.0004813671112060547,0.012910842895507812
58,UNSW_NB15,-1,sigmoid,QuantileTransformer,KNN,0.42769936390902574,-1,-1,87.63066202090593,48.55357142857143,7.068193130910901,49.3751083337859,48.55087837318387,-1,"{'0Normal': {'precision': 0.985, 'recall': 0.985, 'f1-score': 0.985, 'support': 200.0}, 'Analysis': {'precision': 0.3029197080291971, 'recall': 0.415, 'f1-score': 0.350210970464135, 'support': 200.0}, 'Backdoor': {'precision': 0.21621621621621623, 'recall': 0.2, 'f1-score': 0.2077922077922078, 'support': 200.0}, 'Exploits': {'precision': 0.45698924731182794, 'recall': 0.425, 'f1-score': 0.44041450777202074, 'support': 200.0}, 'Fuzzers': {'precision': 0.24444444444444444, 'recall': 0.165, 'f1-score': 0.19701492537313434, 'support': 200.0}, 'Reconnaissance': {'precision': 0.5822222222222222, 'recall': 0.655, 'f1-score': 0.6164705882352941, 'support': 200.0}, 'Shellcode': {'precision': 0.7038834951456311, 'recall': 0.725, 'f1-score': 0.7142857142857143, 'support': 200.0}, 'Worms': {'precision': 0.4583333333333333, 'recall': 0.3142857142857143, 'f1-score': 0.3728813559322034, 'support': 35.0}, 'accuracy': 0.5052264808362369, 'macro avg': {'precision': 0.49375108333785905, 'recall': 0.4855357142857143, 'f1-score': 0.4855087837318387, 'support': 1435.0}, 'weighted avg': {'precision': 0.4978235075544073, 'recall': 0.5052264808362369, 'f1-score': 0.4984589757784867, 'support': 1435.0}}","[[197   1   0   0   0   0   2   0]
 [  0  83  66  16  35   0   0   0]
 [  0  77  40  17  33  14  16   3]
 [  2  32  29  85  26  14   6   6]
 [  1  66  41  38  33   9  10   2]
 [  0  15   7  14   8 131  23   2]
 [  0   0   1   3   0  51 145   0]
 [  0   0   1  13   0   6   4  11]]",0.0005030632019042969,0.1061089038848877
59,UNSW_NB15,-1,sigmoid,QuantileTransformer,LDA,0.5126242741569221,-1,-1,89.37282229965156,59.8125,6.072672971627675,57.13761386012111,56.521184447738236,-1,"{'0Normal': {'precision': 0.9704433497536946, 'recall': 0.985, 'f1-score': 0.9776674937965261, 'support': 200.0}, 'Analysis': {'precision': 0.5327868852459017, 'recall': 0.325, 'f1-score': 0.40372670807453415, 'support': 200.0}, 'Backdoor': {'precision': 0.2851851851851852, 'recall': 0.385, 'f1-score': 0.3276595744680851, 'support': 200.0}, 'Exploits': {'precision': 0.6766917293233082, 'recall': 0.45, 'f1-score': 0.5405405405405406, 'support': 200.0}, 'Fuzzers': {'precision': 0.25728155339805825, 'recall': 0.265, 'f1-score': 0.26108374384236455, 'support': 200.0}, 'Reconnaissance': {'precision': 0.6822429906542056, 'recall': 0.73, 'f1-score': 0.7053140096618358, 'support': 200.0}, 'Shellcode': {'precision': 0.8407960199004975, 'recall': 0.845, 'f1-score': 0.8428927680798005, 'support': 200.0}, 'Worms': {'precision': 0.32558139534883723, 'recall': 0.8, 'f1-score': 0.4628099173553719, 'support': 35.0}, 'accuracy': 0.5749128919860628, 'macro avg': {'precision': 0.5713761386012111, 'recall': 0.598125, 'f1-score': 0.5652118444773824, 'support': 1435.0}, 'weighted avg': {'precision': 0.5996382519368498, 'recall': 0.5749128919860628, 'f1-score': 0.5769862820907145, 'support': 1435.0}}","[[197   1   0   0   0   0   2   0]
 [  1  65  72   1  60   0   0   1]
 [  1  28  77  10  45  25   7   7]
 [  1   7  36  90  35   3   7  21]
 [  2  17  73  30  53   7  11   7]
 [  1   4  12   1  13 146   1  22]
 [  0   0   0   0   0  31 169   0]
 [  0   0   0   1   0   2   4  28]]",0.16635727882385254,0.03904891014099121
60,UNSW_NB15,-1,sigmoid,QuantileTransformer,NuSVC,0.5354804366945208,-1,-1,89.80836236933798,59.31249999999999,5.823792931806869,59.56510551524134,58.17978049805787,-1,"{'0Normal': {'precision': 0.9752475247524752, 'recall': 0.985, 'f1-score': 0.9800995024875622, 'support': 200.0}, 'Analysis': {'precision': 0.30933333333333335, 'recall': 0.58, 'f1-score': 0.40347826086956523, 'support': 200.0}, 'Backdoor': {'precision': 0.3277777777777778, 'recall': 0.295, 'f1-score': 0.3105263157894737, 'support': 200.0}, 'Exploits': {'precision': 0.6363636363636364, 'recall': 0.42, 'f1-score': 0.5060240963855421, 'support': 200.0}, 'Fuzzers': {'precision': 0.25, 'recall': 0.105, 'f1-score': 0.14788732394366197, 'support': 200.0}, 'Reconnaissance': {'precision': 0.8429319371727748, 'recall': 0.805, 'f1-score': 0.8235294117647058, 'support': 200.0}, 'Shellcode': {'precision': 0.8059071729957806, 'recall': 0.955, 'f1-score': 0.8741418764302059, 'support': 200.0}, 'Worms': {'precision': 0.6176470588235294, 'recall': 0.6, 'f1-score': 0.6086956521739131, 'support': 35.0}, 'accuracy': 0.5923344947735192, 'macro avg': {'precision': 0.5956510551524135, 'recall': 0.5931249999999999, 'f1-score': 0.5817978049805788, 'support': 1435.0}, 'weighted avg': {'precision': 0.5931218979358739, 'recall': 0.5923344947735192, 'f1-score': 0.578705021156955, 'support': 1435.0}}","[[197   1   0   0   0   0   2   0]
 [  0 116  71   5   8   0   0   0]
 [  2  81  59   8  26   4  18   2]
 [  2  50  20  84  20   7   8   9]
 [  1 108  22  29  21   8   9   2]
 [  0  19   7   2   6 161   5   0]
 [  0   0   0   0   0   9 191   0]
 [  0   0   1   4   3   2   4  21]]",0.6411921977996826,0.1782550811767578
61,UNSW_NB15,-1,sigmoid,QuantileTransformer,SGD,0.4838989005498931,-1,-1,87.73519163763066,46.86607142857143,7.008461921353907,63.68925923623726,45.174577248665855,-1,"{'0Normal': {'precision': 0.9563106796116505, 'recall': 0.985, 'f1-score': 0.9704433497536946, 'support': 200.0}, 'Analysis': {'precision': 0.8888888888888888, 'recall': 0.16, 'f1-score': 0.2711864406779661, 'support': 200.0}, 'Backdoor': {'precision': 0.2381596752368065, 'recall': 0.88, 'f1-score': 0.37486687965921195, 'support': 200.0}, 'Exploits': {'precision': 0.6143790849673203, 'recall': 0.47, 'f1-score': 0.5325779036827195, 'support': 200.0}, 'Fuzzers': {'precision': 0.25, 'recall': 0.05, 'f1-score': 0.08333333333333333, 'support': 200.0}, 'Reconnaissance': {'precision': 0.8297872340425532, 'recall': 0.195, 'f1-score': 0.3157894736842105, 'support': 200.0}, 'Shellcode': {'precision': 0.8731707317073171, 'recall': 0.895, 'f1-score': 0.8839506172839506, 'support': 200.0}, 'Worms': {'precision': 0.4444444444444444, 'recall': 0.11428571428571428, 'f1-score': 0.18181818181818182, 'support': 35.0}, 'accuracy': 0.5094076655052264, 'macro avg': {'precision': 0.6368925923623726, 'recall': 0.4686607142857143, 'f1-score': 0.45174577248665854, 'support': 1435.0}, 'weighted avg': {'precision': 0.6590207766177442, 'recall': 0.5094076655052264, 'f1-score': 0.48278274284226735, 'support': 1435.0}}","[[197   1   2   0   0   0   0   0]
 [  1  32 156   9   2   0   0   0]
 [  2   0 176   4   7   2   7   2]
 [  2   2  84  94  12   2   3   1]
 [  2   1 153  28  10   1   4   1]
 [  2   0 142   7   2  39   8   0]
 [  0   0  19   0   0   1 179   1]
 [  0   0   7  11   7   2   4   4]]",0.17333245277404785,0.025522232055664062
62,UNSW_NB15,-1,sigmoid,QuantileTransformer,GauNB,0.3718968526140326,-1,-1,85.57491289198606,46.1875,8.242906918865108,39.862986650104865,33.22010796699007,-1,"{'0Normal': {'precision': 0.9786096256684492, 'recall': 0.915, 'f1-score': 0.9457364341085271, 'support': 200.0}, 'Analysis': {'precision': 0.0, 'recall': 0.0, 'f1-score': 0.0, 'support': 200.0}, 'Backdoor': {'precision': 0.4057971014492754, 'recall': 0.14, 'f1-score': 0.20817843866171004, 'support': 200.0}, 'Exploits': {'precision': 0.3898305084745763, 'recall': 0.115, 'f1-score': 0.1776061776061776, 'support': 200.0}, 'Fuzzers': {'precision': 0.2845691382765531, 'recall': 0.71, 'f1-score': 0.4062947067238913, 'support': 200.0}, 'Reconnaissance': {'precision': 0.5, 'recall': 0.015, 'f1-score': 0.02912621359223301, 'support': 200.0}, 'Shellcode': {'precision': 0.5, 'recall': 1.0, 'f1-score': 0.6666666666666666, 'support': 200.0}, 'Worms': {'precision': 0.13023255813953488, 'recall': 0.8, 'f1-score': 0.224, 'support': 35.0}, 'accuracy': 0.4229965156794425, 'macro avg': {'precision': 0.39862986650104865, 'recall': 0.461875, 'f1-score': 0.3322010796699007, 'support': 1435.0}, 'weighted avg': {'precision': 0.4294908810513272, 'recall': 0.4229965156794425, 'f1-score': 0.3446423187957081, 'support': 1435.0}}","[[183   0   0   0  14   0   2   1]
 [  0   0  41  23 115   0   0  21]
 [  0   0  28   7 123   0  27  15]
 [  0   0   0  23  75   0   9  93]
 [  4   0   0   5 142   2  14  33]
 [  0   0   0   1  30   3 142  24]
 [  0   0   0   0   0   0 200   0]
 [  0   0   0   0   0   1   6  28]]",0.009626150131225586,0.001325845718383789
63,UNSW_NB15,-1,sigmoid,QuantileTransformer,NC,0.1414767108463733,-1,-1,80.26132404181185,27.419642857142858,11.279243404678944,20.997723740443732,18.012664492009034,-1,"{'0Normal': {'precision': 0.9924242424242424, 'recall': 0.655, 'f1-score': 0.7891566265060241, 'support': 200.0}, 'Analysis': {'precision': 0.3275862068965517, 'recall': 0.095, 'f1-score': 0.14728682170542637, 'support': 200.0}, 'Backdoor': {'precision': 0.21518987341772153, 'recall': 0.51, 'f1-score': 0.3026706231454006, 'support': 200.0}, 'Exploits': {'precision': 0.0, 'recall': 0.0, 'f1-score': 0.0, 'support': 200.0}, 'Fuzzers': {'precision': 0.08786610878661087, 'recall': 0.105, 'f1-score': 0.09567198177676538, 'support': 200.0}, 'Reconnaissance': {'precision': 0.0, 'recall': 0.0, 'f1-score': 0.0, 'support': 200.0}, 'Shellcode': {'precision': 0.0, 'recall': 0.0, 'f1-score': 0.0, 'support': 200.0}, 'Worms': {'precision': 0.05675146771037182, 'recall': 0.8285714285714286, 'f1-score': 0.10622710622710622, 'support': 35.0}, 'accuracy': 0.21045296167247388, 'macro avg': {'precision': 0.2099772374044373, 'recall': 0.27419642857142856, 'f1-score': 0.18012664492009034, 'support': 1435.0}, 'weighted avg': {'precision': 0.2275955314807584, 'recall': 0.21045296167247388, 'f1-score': 0.18862380442137427, 'support': 1435.0}}","[[131  16   0   0  17   7   0  29]
 [  0  19 125   0  13   0   0  43]
 [  0  22 102   0  25   1   2  48]
 [  0   1  63   0  13   0   0 123]
 [  1   0 127   1  21   0   0  50]
 [  0   0  42   4  52   0   0 102]
 [  0   0  14   6  93   0   0  87]
 [  0   0   1   0   5   0   0  29]]",0.0009784698486328125,0.019924402236938477
64,UNSW_NB15,-1,sigmoid,QuantileTransformer,RNC,0.21573667808817787,-1,-1,82.5609756097561,27.419642857142858,9.965156794425086,40.02769221557139,24.8496668706765,-1,"{'0Normal': {'precision': 0.25839793281653745, 'recall': 1.0, 'f1-score': 0.4106776180698152, 'support': 200.0}, 'Analysis': {'precision': 0.25380710659898476, 'recall': 0.25, 'f1-score': 0.2518891687657431, 'support': 200.0}, 'Backdoor': {'precision': 0.16774193548387098, 'recall': 0.13, 'f1-score': 0.14647887323943662, 'support': 200.0}, 'Exploits': {'precision': 0.24324324324324326, 'recall': 0.045, 'f1-score': 0.0759493670886076, 'support': 200.0}, 'Fuzzers': {'precision': 0.23529411764705882, 'recall': 0.16, 'f1-score': 0.19047619047619047, 'support': 200.0}, 'Reconnaissance': {'precision': 0.8372093023255814, 'recall': 0.36, 'f1-score': 0.5034965034965035, 'support': 200.0}, 'Shellcode': {'precision': 0.9565217391304348, 'recall': 0.22, 'f1-score': 0.35772357723577236, 'support': 200.0}, 'Worms': {'precision': 0.25, 'recall': 0.02857142857142857, 'f1-score': 0.05128205128205128, 'support': 35.0}, 'accuracy': 0.3024390243902439, 'macro avg': {'precision': 0.4002769221557139, 'recall': 0.27419642857142856, 'f1-score': 0.248496668706765, 'support': 1435.0}, 'weighted avg': {'precision': 0.4175561501387751, 'recall': 0.3024390243902439, 'f1-score': 0.27117291391587844, 'support': 1435.0}}","[[200   0   0   0   0   0   0   0]
 [ 41  50  61  10  38   0   0   0]
 [ 67  65  26   7  32   2   0   1]
 [124  21  17   9  23   3   2   1]
 [ 62  53  44   8  32   1   0   0]
 [100   8   7   3  10  72   0   0]
 [147   0   0   0   0   8  44   1]
 [ 33   0   0   0   1   0   0   1]]",0.0007078647613525391,0.09101104736328125
65,UNSW_NB15,-1,None,QuantileTransformer,KNN,0.42769936390902574,-1,-1,87.63066202090593,48.55357142857143,7.068193130910901,49.3751083337859,48.55087837318387,-1,"{'0Normal': {'precision': 0.985, 'recall': 0.985, 'f1-score': 0.985, 'support': 200.0}, 'Analysis': {'precision': 0.3029197080291971, 'recall': 0.415, 'f1-score': 0.350210970464135, 'support': 200.0}, 'Backdoor': {'precision': 0.21621621621621623, 'recall': 0.2, 'f1-score': 0.2077922077922078, 'support': 200.0}, 'Exploits': {'precision': 0.45698924731182794, 'recall': 0.425, 'f1-score': 0.44041450777202074, 'support': 200.0}, 'Fuzzers': {'precision': 0.24444444444444444, 'recall': 0.165, 'f1-score': 0.19701492537313434, 'support': 200.0}, 'Reconnaissance': {'precision': 0.5822222222222222, 'recall': 0.655, 'f1-score': 0.6164705882352941, 'support': 200.0}, 'Shellcode': {'precision': 0.7038834951456311, 'recall': 0.725, 'f1-score': 0.7142857142857143, 'support': 200.0}, 'Worms': {'precision': 0.4583333333333333, 'recall': 0.3142857142857143, 'f1-score': 0.3728813559322034, 'support': 35.0}, 'accuracy': 0.5052264808362369, 'macro avg': {'precision': 0.49375108333785905, 'recall': 0.4855357142857143, 'f1-score': 0.4855087837318387, 'support': 1435.0}, 'weighted avg': {'precision': 0.4978235075544073, 'recall': 0.5052264808362369, 'f1-score': 0.4984589757784867, 'support': 1435.0}}","[[197   1   0   0   0   0   2   0]
 [  0  83  66  16  35   0   0   0]
 [  0  77  40  17  33  14  16   3]
 [  2  32  29  85  26  14   6   6]
 [  1  66  41  38  33   9  10   2]
 [  0  15   7  14   8 131  23   2]
 [  0   0   1   3   0  51 145   0]
 [  0   0   1  13   0   6   4  11]]",0.0004680156707763672,0.0067026615142822266
66,UNSW_NB15,-1,None,QuantileTransformer,LDA,0.5126242741569221,-1,-1,89.37282229965156,59.8125,6.072672971627675,57.13761386012111,56.521184447738236,-1,"{'0Normal': {'precision': 0.9704433497536946, 'recall': 0.985, 'f1-score': 0.9776674937965261, 'support': 200.0}, 'Analysis': {'precision': 0.5327868852459017, 'recall': 0.325, 'f1-score': 0.40372670807453415, 'support': 200.0}, 'Backdoor': {'precision': 0.2851851851851852, 'recall': 0.385, 'f1-score': 0.3276595744680851, 'support': 200.0}, 'Exploits': {'precision': 0.6766917293233082, 'recall': 0.45, 'f1-score': 0.5405405405405406, 'support': 200.0}, 'Fuzzers': {'precision': 0.25728155339805825, 'recall': 0.265, 'f1-score': 0.26108374384236455, 'support': 200.0}, 'Reconnaissance': {'precision': 0.6822429906542056, 'recall': 0.73, 'f1-score': 0.7053140096618358, 'support': 200.0}, 'Shellcode': {'precision': 0.8407960199004975, 'recall': 0.845, 'f1-score': 0.8428927680798005, 'support': 200.0}, 'Worms': {'precision': 0.32558139534883723, 'recall': 0.8, 'f1-score': 0.4628099173553719, 'support': 35.0}, 'accuracy': 0.5749128919860628, 'macro avg': {'precision': 0.5713761386012111, 'recall': 0.598125, 'f1-score': 0.5652118444773824, 'support': 1435.0}, 'weighted avg': {'precision': 0.5996382519368498, 'recall': 0.5749128919860628, 'f1-score': 0.5769862820907145, 'support': 1435.0}}","[[197   1   0   0   0   0   2   0]
 [  1  65  72   1  60   0   0   1]
 [  1  28  77  10  45  25   7   7]
 [  1   7  36  90  35   3   7  21]
 [  2  17  73  30  53   7  11   7]
 [  1   4  12   1  13 146   1  22]
 [  0   0   0   0   0  31 169   0]
 [  0   0   0   1   0   2   4  28]]",0.3058631420135498,0.021795272827148438
67,UNSW_NB15,-1,None,QuantileTransformer,NuSVC,0.5354804366945208,-1,-1,89.80836236933798,59.31249999999999,5.823792931806869,59.56510551524134,58.17978049805787,-1,"{'0Normal': {'precision': 0.9752475247524752, 'recall': 0.985, 'f1-score': 0.9800995024875622, 'support': 200.0}, 'Analysis': {'precision': 0.30933333333333335, 'recall': 0.58, 'f1-score': 0.40347826086956523, 'support': 200.0}, 'Backdoor': {'precision': 0.3277777777777778, 'recall': 0.295, 'f1-score': 0.3105263157894737, 'support': 200.0}, 'Exploits': {'precision': 0.6363636363636364, 'recall': 0.42, 'f1-score': 0.5060240963855421, 'support': 200.0}, 'Fuzzers': {'precision': 0.25, 'recall': 0.105, 'f1-score': 0.14788732394366197, 'support': 200.0}, 'Reconnaissance': {'precision': 0.8429319371727748, 'recall': 0.805, 'f1-score': 0.8235294117647058, 'support': 200.0}, 'Shellcode': {'precision': 0.8059071729957806, 'recall': 0.955, 'f1-score': 0.8741418764302059, 'support': 200.0}, 'Worms': {'precision': 0.6176470588235294, 'recall': 0.6, 'f1-score': 0.6086956521739131, 'support': 35.0}, 'accuracy': 0.5923344947735192, 'macro avg': {'precision': 0.5956510551524135, 'recall': 0.5931249999999999, 'f1-score': 0.5817978049805788, 'support': 1435.0}, 'weighted avg': {'precision': 0.5931218979358739, 'recall': 0.5923344947735192, 'f1-score': 0.578705021156955, 'support': 1435.0}}","[[197   1   0   0   0   0   2   0]
 [  0 116  71   5   8   0   0   0]
 [  2  81  59   8  26   4  18   2]
 [  2  50  20  84  20   7   8   9]
 [  1 108  22  29  21   8   9   2]
 [  0  19   7   2   6 161   5   0]
 [  0   0   0   0   0   9 191   0]
 [  0   0   1   4   3   2   4  21]]",0.6700112819671631,0.1770336627960205
68,UNSW_NB15,-1,None,QuantileTransformer,SGD,0.4838989005498931,-1,-1,87.73519163763066,46.86607142857143,7.008461921353907,63.68925923623726,45.174577248665855,-1,"{'0Normal': {'precision': 0.9563106796116505, 'recall': 0.985, 'f1-score': 0.9704433497536946, 'support': 200.0}, 'Analysis': {'precision': 0.8888888888888888, 'recall': 0.16, 'f1-score': 0.2711864406779661, 'support': 200.0}, 'Backdoor': {'precision': 0.2381596752368065, 'recall': 0.88, 'f1-score': 0.37486687965921195, 'support': 200.0}, 'Exploits': {'precision': 0.6143790849673203, 'recall': 0.47, 'f1-score': 0.5325779036827195, 'support': 200.0}, 'Fuzzers': {'precision': 0.25, 'recall': 0.05, 'f1-score': 0.08333333333333333, 'support': 200.0}, 'Reconnaissance': {'precision': 0.8297872340425532, 'recall': 0.195, 'f1-score': 0.3157894736842105, 'support': 200.0}, 'Shellcode': {'precision': 0.8731707317073171, 'recall': 0.895, 'f1-score': 0.8839506172839506, 'support': 200.0}, 'Worms': {'precision': 0.4444444444444444, 'recall': 0.11428571428571428, 'f1-score': 0.18181818181818182, 'support': 35.0}, 'accuracy': 0.5094076655052264, 'macro avg': {'precision': 0.6368925923623726, 'recall': 0.4686607142857143, 'f1-score': 0.45174577248665854, 'support': 1435.0}, 'weighted avg': {'precision': 0.6590207766177442, 'recall': 0.5094076655052264, 'f1-score': 0.48278274284226735, 'support': 1435.0}}","[[197   1   2   0   0   0   0   0]
 [  1  32 156   9   2   0   0   0]
 [  2   0 176   4   7   2   7   2]
 [  2   2  84  94  12   2   3   1]
 [  2   1 153  28  10   1   4   1]
 [  2   0 142   7   2  39   8   0]
 [  0   0  19   0   0   1 179   1]
 [  0   0   7  11   7   2   4   4]]",0.15033531188964844,0.008322715759277344
69,UNSW_NB15,-1,None,QuantileTransformer,GauNB,0.3718968526140326,-1,-1,85.57491289198606,46.1875,8.242906918865108,39.862986650104865,33.22010796699007,-1,"{'0Normal': {'precision': 0.9786096256684492, 'recall': 0.915, 'f1-score': 0.9457364341085271, 'support': 200.0}, 'Analysis': {'precision': 0.0, 'recall': 0.0, 'f1-score': 0.0, 'support': 200.0}, 'Backdoor': {'precision': 0.4057971014492754, 'recall': 0.14, 'f1-score': 0.20817843866171004, 'support': 200.0}, 'Exploits': {'precision': 0.3898305084745763, 'recall': 0.115, 'f1-score': 0.1776061776061776, 'support': 200.0}, 'Fuzzers': {'precision': 0.2845691382765531, 'recall': 0.71, 'f1-score': 0.4062947067238913, 'support': 200.0}, 'Reconnaissance': {'precision': 0.5, 'recall': 0.015, 'f1-score': 0.02912621359223301, 'support': 200.0}, 'Shellcode': {'precision': 0.5, 'recall': 1.0, 'f1-score': 0.6666666666666666, 'support': 200.0}, 'Worms': {'precision': 0.13023255813953488, 'recall': 0.8, 'f1-score': 0.224, 'support': 35.0}, 'accuracy': 0.4229965156794425, 'macro avg': {'precision': 0.39862986650104865, 'recall': 0.461875, 'f1-score': 0.3322010796699007, 'support': 1435.0}, 'weighted avg': {'precision': 0.4294908810513272, 'recall': 0.4229965156794425, 'f1-score': 0.3446423187957081, 'support': 1435.0}}","[[183   0   0   0  14   0   2   1]
 [  0   0  41  23 115   0   0  21]
 [  0   0  28   7 123   0  27  15]
 [  0   0   0  23  75   0   9  93]
 [  4   0   0   5 142   2  14  33]
 [  0   0   0   1  30   3 142  24]
 [  0   0   0   0   0   0 200   0]
 [  0   0   0   0   0   1   6  28]]",0.002148151397705078,0.001239776611328125
70,UNSW_NB15,-1,None,QuantileTransformer,NC,0.1414767108463733,-1,-1,80.26132404181185,27.419642857142858,11.279243404678944,20.997723740443732,18.012664492009034,-1,"{'0Normal': {'precision': 0.9924242424242424, 'recall': 0.655, 'f1-score': 0.7891566265060241, 'support': 200.0}, 'Analysis': {'precision': 0.3275862068965517, 'recall': 0.095, 'f1-score': 0.14728682170542637, 'support': 200.0}, 'Backdoor': {'precision': 0.21518987341772153, 'recall': 0.51, 'f1-score': 0.3026706231454006, 'support': 200.0}, 'Exploits': {'precision': 0.0, 'recall': 0.0, 'f1-score': 0.0, 'support': 200.0}, 'Fuzzers': {'precision': 0.08786610878661087, 'recall': 0.105, 'f1-score': 0.09567198177676538, 'support': 200.0}, 'Reconnaissance': {'precision': 0.0, 'recall': 0.0, 'f1-score': 0.0, 'support': 200.0}, 'Shellcode': {'precision': 0.0, 'recall': 0.0, 'f1-score': 0.0, 'support': 200.0}, 'Worms': {'precision': 0.05675146771037182, 'recall': 0.8285714285714286, 'f1-score': 0.10622710622710622, 'support': 35.0}, 'accuracy': 0.21045296167247388, 'macro avg': {'precision': 0.2099772374044373, 'recall': 0.27419642857142856, 'f1-score': 0.18012664492009034, 'support': 1435.0}, 'weighted avg': {'precision': 0.2275955314807584, 'recall': 0.21045296167247388, 'f1-score': 0.18862380442137427, 'support': 1435.0}}","[[131  16   0   0  17   7   0  29]
 [  0  19 125   0  13   0   0  43]
 [  0  22 102   0  25   1   2  48]
 [  0   1  63   0  13   0   0 123]
 [  1   0 127   1  21   0   0  50]
 [  0   0  42   4  52   0   0 102]
 [  0   0  14   6  93   0   0  87]
 [  0   0   1   0   5   0   0  29]]",0.0010039806365966797,0.048401594161987305
71,UNSW_NB15,-1,None,QuantileTransformer,RNC,0.21573667808817787,-1,-1,82.5609756097561,27.419642857142858,9.965156794425086,40.02769221557139,24.8496668706765,-1,"{'0Normal': {'precision': 0.25839793281653745, 'recall': 1.0, 'f1-score': 0.4106776180698152, 'support': 200.0}, 'Analysis': {'precision': 0.25380710659898476, 'recall': 0.25, 'f1-score': 0.2518891687657431, 'support': 200.0}, 'Backdoor': {'precision': 0.16774193548387098, 'recall': 0.13, 'f1-score': 0.14647887323943662, 'support': 200.0}, 'Exploits': {'precision': 0.24324324324324326, 'recall': 0.045, 'f1-score': 0.0759493670886076, 'support': 200.0}, 'Fuzzers': {'precision': 0.23529411764705882, 'recall': 0.16, 'f1-score': 0.19047619047619047, 'support': 200.0}, 'Reconnaissance': {'precision': 0.8372093023255814, 'recall': 0.36, 'f1-score': 0.5034965034965035, 'support': 200.0}, 'Shellcode': {'precision': 0.9565217391304348, 'recall': 0.22, 'f1-score': 0.35772357723577236, 'support': 200.0}, 'Worms': {'precision': 0.25, 'recall': 0.02857142857142857, 'f1-score': 0.05128205128205128, 'support': 35.0}, 'accuracy': 0.3024390243902439, 'macro avg': {'precision': 0.4002769221557139, 'recall': 0.27419642857142856, 'f1-score': 0.248496668706765, 'support': 1435.0}, 'weighted avg': {'precision': 0.4175561501387751, 'recall': 0.3024390243902439, 'f1-score': 0.27117291391587844, 'support': 1435.0}}","[[200   0   0   0   0   0   0   0]
 [ 41  50  61  10  38   0   0   0]
 [ 67  65  26   7  32   2   0   1]
 [124  21  17   9  23   3   2   1]
 [ 62  53  44   8  32   1   0   0]
 [100   8   7   3  10  72   0   0]
 [147   0   0   0   0   8  44   1]
 [ 33   0   0   0   1   0   0   1]]",0.00039386749267578125,0.007662296295166016
72,UNSW_NB15,2,rbf,QuantileTransformer,KNN,0.4736832914791008,-1,-1,88.62369337979094,52.41071428571429,6.500746640119462,53.87632146034278,52.596206850265844,-1,"{'0Normal': {'precision': 0.9704433497536946, 'recall': 0.985, 'f1-score': 0.9776674937965261, 'support': 200.0}, 'Analysis': {'precision': 0.3490909090909091, 'recall': 0.48, 'f1-score': 0.40421052631578946, 'support': 200.0}, 'Backdoor': {'precision': 0.31351351351351353, 'recall': 0.29, 'f1-score': 0.3012987012987013, 'support': 200.0}, 'Exploits': {'precision': 0.49171270718232046, 'recall': 0.445, 'f1-score': 0.4671916010498688, 'support': 200.0}, 'Fuzzers': {'precision': 0.2867132867132867, 'recall': 0.205, 'f1-score': 0.239067055393586, 'support': 200.0}, 'Reconnaissance': {'precision': 0.6213592233009708, 'recall': 0.64, 'f1-score': 0.6305418719211823, 'support': 200.0}, 'Shellcode': {'precision': 0.7318181818181818, 'recall': 0.805, 'f1-score': 0.7666666666666667, 'support': 200.0}, 'Worms': {'precision': 0.5454545454545454, 'recall': 0.34285714285714286, 'f1-score': 0.42105263157894735, 'support': 35.0}, 'accuracy': 0.5449477351916376, 'macro avg': {'precision': 0.5387632146034278, 'recall': 0.5241071428571429, 'f1-score': 0.5259620685026585, 'support': 1435.0}, 'weighted avg': {'precision': 0.5379938281292576, 'recall': 0.5449477351916376, 'f1-score': 0.5380248260583466, 'support': 1435.0}}","[[197   1   0   0   0   0   2   0]
 [  0  96  49  18  32   5   0   0]
 [  0  67  58  17  30  11  14   3]
 [  2  34  20  89  32  12   8   3]
 [  4  60  45  31  41   9   8   2]
 [  0  17  11  16   4 128  23   1]
 [  0   0   1   2   4  31 161   1]
 [  0   0   1   8   0  10   4  12]]",0.0020928382873535156,0.33484339714050293
73,UNSW_NB15,2,rbf,QuantileTransformer,LDA,0.5706927869219782,-1,-1,90.6794425087108,63.61607142857143,5.326032852165256,62.71690916397389,62.32809647595508,-1,"{'0Normal': {'precision': 0.985, 'recall': 0.985, 'f1-score': 0.985, 'support': 200.0}, 'Analysis': {'precision': 0.4540540540540541, 'recall': 0.42, 'f1-score': 0.43636363636363634, 'support': 200.0}, 'Backdoor': {'precision': 0.34801762114537443, 'recall': 0.395, 'f1-score': 0.3700234192037471, 'support': 200.0}, 'Exploits': {'precision': 0.6495726495726496, 'recall': 0.38, 'f1-score': 0.4794952681388013, 'support': 200.0}, 'Fuzzers': {'precision': 0.32806324110671936, 'recall': 0.415, 'f1-score': 0.36644591611479027, 'support': 200.0}, 'Reconnaissance': {'precision': 0.8563829787234043, 'recall': 0.805, 'f1-score': 0.8298969072164949, 'support': 200.0}, 'Shellcode': {'precision': 0.9154929577464789, 'recall': 0.975, 'f1-score': 0.9443099273607748, 'support': 200.0}, 'Worms': {'precision': 0.4807692307692308, 'recall': 0.7142857142857143, 'f1-score': 0.5747126436781609, 'support': 35.0}, 'accuracy': 0.627177700348432, 'macro avg': {'precision': 0.6271690916397389, 'recall': 0.6361607142857143, 'f1-score': 0.6232809647595507, 'support': 1435.0}, 'weighted avg': {'precision': 0.6440025251196232, 'recall': 0.627177700348432, 'f1-score': 0.6288654755459127, 'support': 1435.0}}","[[197   1   0   1   0   1   0   0]
 [  0  84  57   2  55   2   0   0]
 [  0  52  79   5  48   4   6   6]
 [  0  17  31  76  48  10   2  16]
 [  3  26  52  20  83   7   5   4]
 [  0   5   8   7  17 161   1   1]
 [  0   0   0   2   0   3 195   0]
 [  0   0   0   4   2   0   4  25]]",87.82428169250488,0.01630091667175293
74,UNSW_NB15,2,rbf,QuantileTransformer,NuSVC,0.54649262344385,-1,-1,90.1567944250871,56.14285714285714,5.624688899950224,62.209619233093896,56.106809967932534,-1,"{'0Normal': {'precision': 0.9609756097560975, 'recall': 0.985, 'f1-score': 0.9728395061728395, 'support': 200.0}, 'Analysis': {'precision': 0.4033898305084746, 'recall': 0.595, 'f1-score': 0.4808080808080808, 'support': 200.0}, 'Backdoor': {'precision': 0.3246753246753247, 'recall': 0.375, 'f1-score': 0.3480278422273782, 'support': 200.0}, 'Exploits': {'precision': 0.5833333333333334, 'recall': 0.42, 'f1-score': 0.4883720930232558, 'support': 200.0}, 'Fuzzers': {'precision': 0.3305084745762712, 'recall': 0.195, 'f1-score': 0.24528301886792453, 'support': 200.0}, 'Reconnaissance': {'precision': 0.8469945355191257, 'recall': 0.775, 'f1-score': 0.8093994778067886, 'support': 200.0}, 'Shellcode': {'precision': 0.7768924302788844, 'recall': 0.975, 'f1-score': 0.8647450110864745, 'support': 200.0}, 'Worms': {'precision': 0.75, 'recall': 0.17142857142857143, 'f1-score': 0.27906976744186046, 'support': 35.0}, 'accuracy': 0.6062717770034843, 'macro avg': {'precision': 0.6220961923309389, 'recall': 0.5614285714285714, 'f1-score': 0.5610680996793254, 'support': 1435.0}, 'weighted avg': {'precision': 0.6073894827383292, 'recall': 0.6062717770034843, 'f1-score': 0.5934929950237028, 'support': 1435.0}}","[[197   1   0   0   0   0   2   0]
 [  0 119  60   5  16   0   0   0]
 [  2  58  75  11  26   4  24   0]
 [  2  39  29  84  29   6  10   1]
 [  4  63  55  21  39   3  14   1]
 [  0  15  12  11   5 155   2   0]
 [  0   0   0   0   0   5 195   0]
 [  0   0   0  12   3  10   4   6]]",4.088732481002808,2.341510534286499
75,UNSW_NB15,2,rbf,QuantileTransformer,SGD,0.5743308513537668,-1,-1,90.1567944250871,54.96428571428572,5.624688899950224,67.28725721332113,52.379962293087345,-1,"{'0Normal': {'precision': 0.9563106796116505, 'recall': 0.985, 'f1-score': 0.9704433497536946, 'support': 200.0}, 'Analysis': {'precision': 0.95, 'recall': 0.19, 'f1-score': 0.31666666666666665, 'support': 200.0}, 'Backdoor': {'precision': 0.2918149466192171, 'recall': 0.82, 'f1-score': 0.4304461942257218, 'support': 200.0}, 'Exploits': {'precision': 0.632258064516129, 'recall': 0.49, 'f1-score': 0.5521126760563381, 'support': 200.0}, 'Fuzzers': {'precision': 0.41935483870967744, 'recall': 0.065, 'f1-score': 0.11255411255411256, 'support': 200.0}, 'Reconnaissance': {'precision': 0.7821782178217822, 'recall': 0.79, 'f1-score': 0.7860696517412935, 'support': 200.0}, 'Shellcode': {'precision': 0.851063829787234, 'recall': 1.0, 'f1-score': 0.9195402298850575, 'support': 200.0}, 'Worms': {'precision': 0.5, 'recall': 0.05714285714285714, 'f1-score': 0.10256410256410256, 'support': 35.0}, 'accuracy': 0.6062717770034843, 'macro avg': {'precision': 0.6728725721332113, 'recall': 0.5496428571428572, 'f1-score': 0.5237996229308735, 'support': 1435.0}, 'weighted avg': {'precision': 0.692749906211246, 'recall': 0.6062717770034843, 'f1-score': 0.5722343691751364, 'support': 1435.0}}","[[197   1   0   1   0   1   0   0]
 [  1  38 156   4   1   0   0   0]
 [  2   0 164  12   2   9  11   0]
 [  2   0  73  98  10  13   4   0]
 [  3   1 140  26  13   7   8   2]
 [  1   0  29   1   3 158   8   0]
 [  0   0   0   0   0   0 200   0]
 [  0   0   0  13   2  14   4   2]]",2.900188446044922,0.009096384048461914
76,UNSW_NB15,2,rbf,QuantileTransformer,GauNB,0.34897828121058194,-1,-1,84.96515679442508,44.294642857142854,8.591338974614237,51.46534086173271,32.314048659426554,-1,"{'0Normal': {'precision': 0.9724137931034482, 'recall': 0.705, 'f1-score': 0.8173913043478261, 'support': 200.0}, 'Analysis': {'precision': 0.6153846153846154, 'recall': 0.12, 'f1-score': 0.200836820083682, 'support': 200.0}, 'Backdoor': {'precision': 0.43333333333333335, 'recall': 0.065, 'f1-score': 0.11304347826086956, 'support': 200.0}, 'Exploits': {'precision': 0.6129032258064516, 'recall': 0.095, 'f1-score': 0.1645021645021645, 'support': 200.0}, 'Fuzzers': {'precision': 0.2653061224489796, 'recall': 0.715, 'f1-score': 0.3870094722598105, 'support': 200.0}, 'Reconnaissance': {'precision': 0.6, 'recall': 0.015, 'f1-score': 0.02926829268292683, 'support': 200.0}, 'Shellcode': {'precision': 0.5, 'recall': 1.0, 'f1-score': 0.6666666666666666, 'support': 200.0}, 'Worms': {'precision': 0.11788617886178862, 'recall': 0.8285714285714286, 'f1-score': 0.20640569395017794, 'support': 35.0}, 'accuracy': 0.3986062717770035, 'macro avg': {'precision': 0.5146534086173271, 'recall': 0.4429464285714286, 'f1-score': 0.32314048659426553, 'support': 1435.0}, 'weighted avg': {'precision': 0.5602747277181381, 'recall': 0.3986062717770035, 'f1-score': 0.33656295404114667, 'support': 1435.0}}","[[141   0   0   6  50   0   2   1]
 [  0  24  17   1 116   0   0  42]
 [  0  15  13   4 124   0  27  17]
 [  0   0   0  19  75   0   9  97]
 [  4   0   0   1 143   2  14  36]
 [  0   0   0   0  31   3 142  24]
 [  0   0   0   0   0   0 200   0]
 [  0   0   0   0   0   0   6  29]]",0.05638885498046875,0.029223203659057617
77,UNSW_NB15,2,rbf,QuantileTransformer,NC,0.1554465139948118,-1,-1,80.5574912891986,28.482142857142854,11.110004977600795,15.9850512327988,15.795370866475814,-1,"{'0Normal': {'precision': 0.912751677852349, 'recall': 0.68, 'f1-score': 0.7793696275071633, 'support': 200.0}, 'Analysis': {'precision': 0.0, 'recall': 0.0, 'f1-score': 0.0, 'support': 200.0}, 'Backdoor': {'precision': 0.19866666666666666, 'recall': 0.745, 'f1-score': 0.3136842105263158, 'support': 200.0}, 'Exploits': {'precision': 0.028037383177570093, 'recall': 0.015, 'f1-score': 0.019543973941368076, 'support': 200.0}, 'Fuzzers': {'precision': 0.06666666666666667, 'recall': 0.01, 'f1-score': 0.017391304347826087, 'support': 200.0}, 'Reconnaissance': {'precision': 0.0, 'recall': 0.0, 'f1-score': 0.0, 'support': 200.0}, 'Shellcode': {'precision': 0.0, 'recall': 0.0, 'f1-score': 0.0, 'support': 200.0}, 'Worms': {'precision': 0.07268170426065163, 'recall': 0.8285714285714286, 'f1-score': 0.1336405529953917, 'support': 35.0}, 'accuracy': 0.22229965156794426, 'macro avg': {'precision': 0.159850512327988, 'recall': 0.28482142857142856, 'f1-score': 0.15795370866475814, 'support': 1435.0}, 'weighted avg': {'precision': 0.16987340663538208, 'recall': 0.22229965156794426, 'f1-score': 0.1607492979925947, 'support': 1435.0}}","[[136   0  16   0  23   0   0  25]
 [  0   0 157   0   0   0   0  43]
 [  1   0 149  15   3   0   0  32]
 [  1   0  75   3   2   0   0 119]
 [  2   0 146   4   2   0   0  46]
 [  2   0  94  40   0   0   0  64]
 [  7   0 107  45   0   0   0  41]
 [  0   0   6   0   0   0   0  29]]",0.006647825241088867,0.002208709716796875
78,UNSW_NB15,2,rbf,QuantileTransformer,RNC,0.07967662172521012,-1,-1,79.63414634146342,16.624999999999996,11.637630662020907,14.942091578531219,9.77681138585394,-1,"{'0Normal': {'precision': 0.17985611510791366, 'recall': 1.0, 'f1-score': 0.3048780487804878, 'support': 200.0}, 'Analysis': {'precision': 0.19791666666666666, 'recall': 0.095, 'f1-score': 0.12837837837837837, 'support': 200.0}, 'Backdoor': {'precision': 0.08536585365853659, 'recall': 0.035, 'f1-score': 0.04964539007092199, 'support': 200.0}, 'Exploits': {'precision': 0.22857142857142856, 'recall': 0.04, 'f1-score': 0.06808510638297872, 'support': 200.0}, 'Fuzzers': {'precision': 0.3218390804597701, 'recall': 0.14, 'f1-score': 0.1951219512195122, 'support': 200.0}, 'Reconnaissance': {'precision': 0.18181818181818182, 'recall': 0.02, 'f1-score': 0.036036036036036036, 'support': 200.0}, 'Shellcode': {'precision': 0.0, 'recall': 0.0, 'f1-score': 0.0, 'support': 200.0}, 'Worms': {'precision': 0.0, 'recall': 0.0, 'f1-score': 0.0, 'support': 35.0}, 'accuracy': 0.18536585365853658, 'macro avg': {'precision': 0.1494209157853122, 'recall': 0.16624999999999998, 'f1-score': 0.0977681138585394, 'support': 1435.0}, 'weighted avg': {'precision': 0.16660171794878012, 'recall': 0.18536585365853658, 'f1-score': 0.1090097436750265, 'support': 1435.0}}","[[200   0   0   0   0   0   0   0]
 [108  19  38   7  23   5   0   0]
 [117  40   7  11  18   7   0   0]
 [156  11  11   8  12   1   0   1]
 [113  23  24   7  28   5   0   0]
 [183   3   2   2   6   4   0   0]
 [200   0   0   0   0   0   0   0]
 [ 35   0   0   0   0   0   0   0]]",0.002373218536376953,0.18973851203918457
79,UNSW_NB15,2,poly,QuantileTransformer,KNN,0.464401065460395,-1,-1,88.43205574912892,51.72321428571429,6.610253857640617,52.52569476502297,51.700787373796665,-1,"{'0Normal': {'precision': 0.9656862745098039, 'recall': 0.985, 'f1-score': 0.9752475247524752, 'support': 200.0}, 'Analysis': {'precision': 0.3543307086614173, 'recall': 0.45, 'f1-score': 0.3964757709251101, 'support': 200.0}, 'Backdoor': {'precision': 0.2832369942196532, 'recall': 0.245, 'f1-score': 0.26273458445040215, 'support': 200.0}, 'Exploits': {'precision': 0.478494623655914, 'recall': 0.445, 'f1-score': 0.46113989637305697, 'support': 200.0}, 'Fuzzers': {'precision': 0.2838709677419355, 'recall': 0.22, 'f1-score': 0.24788732394366197, 'support': 200.0}, 'Reconnaissance': {'precision': 0.5934579439252337, 'recall': 0.635, 'f1-score': 0.6135265700483091, 'support': 200.0}, 'Shellcode': {'precision': 0.7212389380530974, 'recall': 0.815, 'f1-score': 0.7652582159624414, 'support': 200.0}, 'Worms': {'precision': 0.5217391304347826, 'recall': 0.34285714285714286, 'f1-score': 0.41379310344827586, 'support': 35.0}, 'accuracy': 0.5372822299651568, 'macro avg': {'precision': 0.5252569476502297, 'recall': 0.5172321428571429, 'f1-score': 0.5170078737379666, 'support': 1435.0}, 'weighted avg': {'precision': 0.5256614353439919, 'recall': 0.5372822299651568, 'f1-score': 0.5288757741545512, 'support': 1435.0}}","[[197   1   0   0   0   0   2   0]
 [  0  90  54  15  36   5   0   0]
 [  0  59  49  22  33  18  17   2]
 [  2  33  21  89  30  16   7   2]
 [  4  58  39  34  44  12   8   1]
 [  1  13   7  14  10 127  25   3]
 [  0   0   3   4   0  27 163   3]
 [  0   0   0   8   2   9   4  12]]",0.0021936893463134766,0.15817904472351074
80,UNSW_NB15,2,poly,QuantileTransformer,LDA,0.547512819877319,-1,-1,90.17421602787456,62.09821428571429,5.614733698357392,60.286032529460364,60.32382682842563,-1,"{'0Normal': {'precision': 0.9800995024875622, 'recall': 0.985, 'f1-score': 0.9825436408977556, 'support': 200.0}, 'Analysis': {'precision': 0.37656903765690375, 'recall': 0.45, 'f1-score': 0.41002277904328016, 'support': 200.0}, 'Backdoor': {'precision': 0.3475609756097561, 'recall': 0.285, 'f1-score': 0.3131868131868132, 'support': 200.0}, 'Exploits': {'precision': 0.5806451612903226, 'recall': 0.36, 'f1-score': 0.4444444444444444, 'support': 200.0}, 'Fuzzers': {'precision': 0.2908366533864542, 'recall': 0.365, 'f1-score': 0.3237250554323725, 'support': 200.0}, 'Reconnaissance': {'precision': 0.8804347826086957, 'recall': 0.81, 'f1-score': 0.84375, 'support': 200.0}, 'Shellcode': {'precision': 0.8940092165898618, 'recall': 0.97, 'f1-score': 0.9304556354916067, 'support': 200.0}, 'Worms': {'precision': 0.4727272727272727, 'recall': 0.7428571428571429, 'f1-score': 0.5777777777777777, 'support': 35.0}, 'accuracy': 0.6069686411149826, 'macro avg': {'precision': 0.6028603252946036, 'recall': 0.6209821428571429, 'f1-score': 0.6032382682842563, 'support': 1435.0}, 'weighted avg': {'precision': 0.6178233592134953, 'recall': 0.6069686411149826, 'f1-score': 0.6061657811299489, 'support': 1435.0}}","[[197   1   0   1   0   1   0   0]
 [  0  90  45   9  54   1   0   1]
 [  0  64  57  12  52   3   6   6]
 [  2  29  15  72  54   9   4  15]
 [  2  45  40  20  73   7   9   4]
 [  0  10   5   4  16 162   1   2]
 [  0   0   2   2   0   1 194   1]
 [  0   0   0   4   2   0   3  26]]",87.12648463249207,0.0020613670349121094
81,UNSW_NB15,2,poly,QuantileTransformer,NuSVC,0.5408367182107944,-1,-1,89.96515679442508,55.45535714285714,5.734196117471379,62.06969258575624,54.73489420413533,-1,"{'0Normal': {'precision': 0.9609756097560975, 'recall': 0.985, 'f1-score': 0.9728395061728395, 'support': 200.0}, 'Analysis': {'precision': 0.375, 'recall': 0.69, 'f1-score': 0.4859154929577465, 'support': 200.0}, 'Backdoor': {'precision': 0.32098765432098764, 'recall': 0.26, 'f1-score': 0.287292817679558, 'support': 200.0}, 'Exploits': {'precision': 0.5673758865248227, 'recall': 0.4, 'f1-score': 0.46920821114369504, 'support': 200.0}, 'Fuzzers': {'precision': 0.25688073394495414, 'recall': 0.14, 'f1-score': 0.18122977346278318, 'support': 200.0}, 'Reconnaissance': {'precision': 0.8534031413612565, 'recall': 0.815, 'f1-score': 0.8337595907928389, 'support': 200.0}, 'Shellcode': {'precision': 0.7738095238095238, 'recall': 0.975, 'f1-score': 0.8628318584070797, 'support': 200.0}, 'Worms': {'precision': 0.8571428571428571, 'recall': 0.17142857142857143, 'f1-score': 0.2857142857142857, 'support': 35.0}, 'accuracy': 0.5986062717770034, 'macro avg': {'precision': 0.6206969258575624, 'recall': 0.5545535714285714, 'f1-score': 0.5473489420413533, 'support': 1435.0}, 'weighted avg': {'precision': 0.5935097630268492, 'recall': 0.5986062717770034, 'f1-score': 0.5774323694239081, 'support': 1435.0}}","[[197   1   0   0   0   0   2   0]
 [  0 138  39   6  17   0   0   0]
 [  2  82  52  12  25   3  24   0]
 [  2  41  24  80  29  11  12   1]
 [  4  90  37  24  28   3  14   0]
 [  0  16  10   3   7 163   1   0]
 [  0   0   0   0   0   5 195   0]
 [  0   0   0  16   3   6   4   6]]",3.331108331680298,1.7289223670959473
82,UNSW_NB15,2,poly,QuantileTransformer,SGD,0.5451652896194181,-1,-1,89.96515679442508,54.86607142857143,5.734196117471379,63.93269527389393,55.05317851002442,-1,"{'0Normal': {'precision': 0.9516908212560387, 'recall': 0.985, 'f1-score': 0.9680589680589681, 'support': 200.0}, 'Analysis': {'precision': 0.41134751773049644, 'recall': 0.58, 'f1-score': 0.48132780082987553, 'support': 200.0}, 'Backdoor': {'precision': 0.43478260869565216, 'recall': 0.15, 'f1-score': 0.22304832713754646, 'support': 200.0}, 'Exploits': {'precision': 0.7211538461538461, 'recall': 0.375, 'f1-score': 0.4934210526315789, 'support': 200.0}, 'Fuzzers': {'precision': 0.30357142857142855, 'recall': 0.595, 'f1-score': 0.40202702702702703, 'support': 200.0}, 'Reconnaissance': {'precision': 0.7819905213270142, 'recall': 0.825, 'f1-score': 0.8029197080291971, 'support': 200.0}, 'Shellcode': {'precision': 0.9386503067484663, 'recall': 0.765, 'f1-score': 0.8429752066115702, 'support': 200.0}, 'Worms': {'precision': 0.5714285714285714, 'recall': 0.11428571428571428, 'f1-score': 0.19047619047619047, 'support': 35.0}, 'accuracy': 0.5986062717770034, 'macro avg': {'precision': 0.6393269527389392, 'recall': 0.5486607142857143, 'f1-score': 0.5505317851002443, 'support': 1435.0}, 'weighted avg': {'precision': 0.6471340836910024, 'recall': 0.5986062717770034, 'f1-score': 0.5919319057364594, 'support': 1435.0}}","[[197   1   0   1   0   1   0   0]
 [  1 116  14   1  68   0   0   0]
 [  3  75  30   3  81   6   2   0]
 [  2  30   4  75  77   9   3   0]
 [  3  47   3  14 119  10   2   2]
 [  1  13   1   1  19 165   0   0]
 [  0   0  17   4  11  14 153   1]
 [  0   0   0   5  17   6   3   4]]",2.2372379302978516,0.0012478828430175781
83,UNSW_NB15,2,poly,QuantileTransformer,GauNB,0.3558119268913524,-1,-1,85.08710801393728,44.732142857142854,8.52165256346441,55.332311388410794,32.639956342537026,-1,"{'0Normal': {'precision': 0.9791666666666666, 'recall': 0.705, 'f1-score': 0.8197674418604651, 'support': 200.0}, 'Analysis': {'precision': 0.6190476190476191, 'recall': 0.195, 'f1-score': 0.2965779467680608, 'support': 200.0}, 'Backdoor': {'precision': 0.6666666666666666, 'recall': 0.02, 'f1-score': 0.038834951456310676, 'support': 200.0}, 'Exploits': {'precision': 0.6785714285714286, 'recall': 0.095, 'f1-score': 0.16666666666666666, 'support': 200.0}, 'Fuzzers': {'precision': 0.26666666666666666, 'recall': 0.72, 'f1-score': 0.3891891891891892, 'support': 200.0}, 'Reconnaissance': {'precision': 0.6, 'recall': 0.015, 'f1-score': 0.02926829268292683, 'support': 200.0}, 'Shellcode': {'precision': 0.5, 'recall': 1.0, 'f1-score': 0.6666666666666666, 'support': 200.0}, 'Worms': {'precision': 0.11646586345381527, 'recall': 0.8285714285714286, 'f1-score': 0.20422535211267606, 'support': 35.0}, 'accuracy': 0.4034843205574913, 'macro avg': {'precision': 0.5533231138841079, 'recall': 0.44732142857142854, 'f1-score': 0.32639956342537024, 'support': 1435.0}, 'weighted avg': {'precision': 0.6035540869300996, 'recall': 0.4034843205574913, 'f1-score': 0.34044746925574976, 'support': 1435.0}}","[[141   0   0   6  50   0   2   1]
 [  0  39   2   0 116   0   0  43]
 [  0  24   4   2 124   0  27  19]
 [  0   0   0  19  75   0   9  97]
 [  3   0   0   1 144   2  14  36]
 [  0   0   0   0  31   3 142  24]
 [  0   0   0   0   0   0 200   0]
 [  0   0   0   0   0   0   6  29]]",0.024779081344604492,0.04040265083312988
84,UNSW_NB15,2,poly,QuantileTransformer,NC,0.16647855031834638,-1,-1,80.41811846689896,27.98214285714286,11.189646590343456,15.063868677964699,14.988323585129104,-1,"{'0Normal': {'precision': 0.9496402877697842, 'recall': 0.66, 'f1-score': 0.7787610619469026, 'support': 200.0}, 'Analysis': {'precision': 0.0, 'recall': 0.0, 'f1-score': 0.0, 'support': 200.0}, 'Backdoor': {'precision': 0.1989389920424403, 'recall': 0.75, 'f1-score': 0.31446540880503143, 'support': 200.0}, 'Exploits': {'precision': 0.0, 'recall': 0.0, 'f1-score': 0.0, 'support': 200.0}, 'Fuzzers': {'precision': 0.0, 'recall': 0.0, 'f1-score': 0.0, 'support': 200.0}, 'Reconnaissance': {'precision': 0.0, 'recall': 0.0, 'f1-score': 0.0, 'support': 200.0}, 'Shellcode': {'precision': 0.0, 'recall': 0.0, 'f1-score': 0.0, 'support': 200.0}, 'Worms': {'precision': 0.056530214424951264, 'recall': 0.8285714285714286, 'f1-score': 0.10583941605839416, 'support': 35.0}, 'accuracy': 0.21672473867595818, 'macro avg': {'precision': 0.15063868677964698, 'recall': 0.2798214285714286, 'f1-score': 0.14988323585129104, 'support': 1435.0}, 'weighted avg': {'precision': 0.16145952158001267, 'recall': 0.21672473867595818, 'f1-score': 0.15494750781354047, 'support': 1435.0}}","[[132   0  17   0  23   0   0  28]
 [  0   0 157   0   0   0   0  43]
 [  0   0 150   0   2   0   0  48]
 [  1   0  75   0   2   0   0 122]
 [  2   0 148   1   0   0   0  49]
 [  1   0  94   0   0   0   0 105]
 [  3   0 107   1   0   0   0  89]
 [  0   0   6   0   0   0   0  29]]",0.005743503570556641,0.0018563270568847656
85,UNSW_NB15,2,poly,QuantileTransformer,RNC,0.07473680919005574,-1,-1,79.49477351916376,16.125,11.717272274763564,15.385455528752162,9.192608903537664,-1,"{'0Normal': {'precision': 0.17271157167530224, 'recall': 1.0, 'f1-score': 0.29455081001472755, 'support': 200.0}, 'Analysis': {'precision': 0.20512820512820512, 'recall': 0.08, 'f1-score': 0.11510791366906475, 'support': 200.0}, 'Backdoor': {'precision': 0.08108108108108109, 'recall': 0.03, 'f1-score': 0.043795620437956206, 'support': 200.0}, 'Exploits': {'precision': 0.1875, 'recall': 0.03, 'f1-score': 0.05172413793103448, 'support': 200.0}, 'Fuzzers': {'precision': 0.35714285714285715, 'recall': 0.125, 'f1-score': 0.18518518518518517, 'support': 200.0}, 'Reconnaissance': {'precision': 0.22727272727272727, 'recall': 0.025, 'f1-score': 0.04504504504504504, 'support': 200.0}, 'Shellcode': {'precision': 0.0, 'recall': 0.0, 'f1-score': 0.0, 'support': 200.0}, 'Worms': {'precision': 0.0, 'recall': 0.0, 'f1-score': 0.0, 'support': 35.0}, 'accuracy': 0.17979094076655053, 'macro avg': {'precision': 0.15385455528752162, 'recall': 0.16125, 'f1-score': 0.09192608903537663, 'support': 1435.0}, 'weighted avg': {'precision': 0.17154514875263732, 'recall': 0.17979094076655053, 'f1-score': 0.10249598777463598, 'support': 1435.0}}","[[200   0   0   0   0   0   0   0]
 [118  16  35   8  19   4   0   0]
 [126  35   6  14  13   6   0   0]
 [165   9   8   6   9   2   0   1]
 [129  16  22   3  25   5   0   0]
 [185   2   3   1   4   5   0   0]
 [200   0   0   0   0   0   0   0]
 [ 35   0   0   0   0   0   0   0]]",0.0023107528686523438,0.08598208427429199
86,UNSW_NB15,2,linear,QuantileTransformer,KNN,0.44815133165788323,-1,-1,88.06620209059234,48.642857142857146,6.819313091090094,49.727998204296405,48.023704423596456,-1,"{'0Normal': {'precision': 0.9607843137254902, 'recall': 0.98, 'f1-score': 0.9702970297029703, 'support': 200.0}, 'Analysis': {'precision': 0.38823529411764707, 'recall': 0.495, 'f1-score': 0.4351648351648352, 'support': 200.0}, 'Backdoor': {'precision': 0.2947976878612717, 'recall': 0.255, 'f1-score': 0.2734584450402145, 'support': 200.0}, 'Exploits': {'precision': 0.48484848484848486, 'recall': 0.4, 'f1-score': 0.4383561643835616, 'support': 200.0}, 'Fuzzers': {'precision': 0.25396825396825395, 'recall': 0.16, 'f1-score': 0.19631901840490798, 'support': 200.0}, 'Reconnaissance': {'precision': 0.4626865671641791, 'recall': 0.62, 'f1-score': 0.5299145299145299, 'support': 200.0}, 'Shellcode': {'precision': 0.7043478260869566, 'recall': 0.81, 'f1-score': 0.7534883720930232, 'support': 200.0}, 'Worms': {'precision': 0.42857142857142855, 'recall': 0.17142857142857143, 'f1-score': 0.24489795918367346, 'support': 35.0}, 'accuracy': 0.5226480836236934, 'macro avg': {'precision': 0.49727998204296403, 'recall': 0.48642857142857143, 'f1-score': 0.4802370442359645, 'support': 1435.0}, 'weighted avg': {'precision': 0.5051802686790638, 'recall': 0.5226480836236934, 'f1-score': 0.5072969390329178, 'support': 1435.0}}","[[196   1   0   1   0   0   2   0]
 [  0  99  44  12  25  20   0   0]
 [  0  57  51  23  27  31  10   1]
 [  3  31  22  80  31  23   7   3]
 [  4  59  43  24  32  30   7   1]
 [  1   8   8  13   8 124  38   0]
 [  0   0   3   2   1  29 162   3]
 [  0   0   2  10   2  11   4   6]]",0.0018668174743652344,0.0666971206665039
87,UNSW_NB15,2,linear,QuantileTransformer,LDA,0.555347222378281,-1,-1,90.34843205574913,61.83928571428572,5.515181682429069,62.59634103024321,61.634234602330785,-1,"{'0Normal': {'precision': 0.9800995024875622, 'recall': 0.985, 'f1-score': 0.9825436408977556, 'support': 200.0}, 'Analysis': {'precision': 0.48344370860927155, 'recall': 0.365, 'f1-score': 0.41595441595441596, 'support': 200.0}, 'Backdoor': {'precision': 0.3472803347280335, 'recall': 0.415, 'f1-score': 0.37813211845102507, 'support': 200.0}, 'Exploits': {'precision': 0.5714285714285714, 'recall': 0.36, 'f1-score': 0.44171779141104295, 'support': 200.0}, 'Fuzzers': {'precision': 0.29411764705882354, 'recall': 0.4, 'f1-score': 0.3389830508474576, 'support': 200.0}, 'Reconnaissance': {'precision': 0.8315789473684211, 'recall': 0.79, 'f1-score': 0.8102564102564103, 'support': 200.0}, 'Shellcode': {'precision': 0.8944954128440367, 'recall': 0.975, 'f1-score': 0.9330143540669856, 'support': 200.0}, 'Worms': {'precision': 0.6052631578947368, 'recall': 0.6571428571428571, 'f1-score': 0.6301369863013698, 'support': 35.0}, 'accuracy': 0.6139372822299651, 'macro avg': {'precision': 0.6259634103024321, 'recall': 0.6183928571428572, 'f1-score': 0.6163423460233078, 'support': 1435.0}, 'weighted avg': {'precision': 0.6283435786977419, 'recall': 0.6139372822299651, 'f1-score': 0.6147562027160742, 'support': 1435.0}}","[[197   1   0   1   0   1   0   0]
 [  0  73  56   5  63   3   0   0]
 [  0  36  83  14  51   7   6   3]
 [  1  18  31  72  55  12   5   6]
 [  3  19  61  18  80   7   9   3]
 [  0   3   8   7  21 158   1   2]
 [  0   1   0   2   0   1 195   1]
 [  0   0   0   7   2   1   2  23]]",68.70188856124878,0.0018911361694335938
88,UNSW_NB15,2,linear,QuantileTransformer,NuSVC,0.5179449465350479,-1,-1,89.44250871080139,53.28571428571429,6.0328521652563465,58.69682474397813,52.25783542351612,-1,"{'0Normal': {'precision': 0.9609756097560975, 'recall': 0.985, 'f1-score': 0.9728395061728395, 'support': 200.0}, 'Analysis': {'precision': 0.32041343669250644, 'recall': 0.62, 'f1-score': 0.42248722316865417, 'support': 200.0}, 'Backdoor': {'precision': 0.36585365853658536, 'recall': 0.225, 'f1-score': 0.2786377708978328, 'support': 200.0}, 'Exploits': {'precision': 0.5594405594405595, 'recall': 0.4, 'f1-score': 0.46647230320699706, 'support': 200.0}, 'Fuzzers': {'precision': 0.2545454545454545, 'recall': 0.14, 'f1-score': 0.18064516129032257, 'support': 200.0}, 'Reconnaissance': {'precision': 0.7536945812807881, 'recall': 0.765, 'f1-score': 0.7593052109181141, 'support': 200.0}, 'Shellcode': {'precision': 0.7665369649805448, 'recall': 0.985, 'f1-score': 0.862144420131291, 'support': 200.0}, 'Worms': {'precision': 0.7142857142857143, 'recall': 0.14285714285714285, 'f1-score': 0.23809523809523808, 'support': 35.0}, 'accuracy': 0.5777003484320558, 'macro avg': {'precision': 0.5869682474397813, 'recall': 0.5328571428571429, 'f1-score': 0.5225783542351612, 'support': 1435.0}, 'weighted avg': {'precision': 0.5723289568268343, 'recall': 0.5777003484320558, 'f1-score': 0.5552889564394032, 'support': 1435.0}}","[[197   1   0   0   0   0   2   0]
 [  0 124  43   9  15   9   0   0]
 [  2  76  45  17  24  11  25   0]
 [  2  56  10  80  30  12   9   1]
 [  4 110  15  16  28  13  13   1]
 [  0  20   5   7   8 153   7   0]
 [  0   0   0   0   2   1 197   0]
 [  0   0   5  14   3   4   4   5]]",2.40604305267334,1.6288034915924072
89,UNSW_NB15,2,linear,QuantileTransformer,SGD,0.5725678681394222,-1,-1,90.2439024390244,60.580357142857146,5.574912891986063,71.37527390942952,60.90525653096558,-1,"{'0Normal': {'precision': 0.9563106796116505, 'recall': 0.985, 'f1-score': 0.9704433497536946, 'support': 200.0}, 'Analysis': {'precision': 0.9090909090909091, 'recall': 0.2, 'f1-score': 0.32786885245901637, 'support': 200.0}, 'Backdoor': {'precision': 0.4573643410852713, 'recall': 0.295, 'f1-score': 0.3586626139817629, 'support': 200.0}, 'Exploits': {'precision': 0.7345132743362832, 'recall': 0.415, 'f1-score': 0.5303514376996805, 'support': 200.0}, 'Fuzzers': {'precision': 0.291044776119403, 'recall': 0.78, 'f1-score': 0.42391304347826086, 'support': 200.0}, 'Reconnaissance': {'precision': 0.8032786885245902, 'recall': 0.735, 'f1-score': 0.7676240208877284, 'support': 200.0}, 'Shellcode': {'precision': 0.8917525773195877, 'recall': 0.865, 'f1-score': 0.8781725888324873, 'support': 200.0}, 'Worms': {'precision': 0.6666666666666666, 'recall': 0.5714285714285714, 'f1-score': 0.6153846153846154, 'support': 35.0}, 'accuracy': 0.6097560975609756, 'macro avg': {'precision': 0.7137527390942953, 'recall': 0.6058035714285714, 'f1-score': 0.6090525653096558, 'support': 1435.0}, 'weighted avg': {'precision': 0.7191668171086218, 'recall': 0.6097560975609756, 'f1-score': 0.6083244898654967, 'support': 1435.0}}","[[197   1   0   1   0   1   0   0]
 [  1  40  41   2 116   0   0   0]
 [  2   0  59   3 124   6   4   2]
 [  1   2   7  83  89  10   3   5]
 [  4   1   6  19 156   9   2   3]
 [  1   0   1   0  43 147   8   0]
 [  0   0  12   1   6   8 173   0]
 [  0   0   3   4   2   2   4  20]]",1.8816304206848145,0.001321554183959961
90,UNSW_NB15,2,linear,QuantileTransformer,GauNB,0.3431442162228292,-1,-1,84.86062717770034,43.625,8.65107018417123,41.650376206062234,31.325488871160335,-1,"{'0Normal': {'precision': 0.9927536231884058, 'recall': 0.685, 'f1-score': 0.8106508875739645, 'support': 200.0}, 'Analysis': {'precision': 0.0, 'recall': 0.0, 'f1-score': 0.0, 'support': 200.0}, 'Backdoor': {'precision': 0.39436619718309857, 'recall': 0.14, 'f1-score': 0.2066420664206642, 'support': 200.0}, 'Exploits': {'precision': 0.76, 'recall': 0.095, 'f1-score': 0.1688888888888889, 'support': 200.0}, 'Fuzzers': {'precision': 0.26798561151079137, 'recall': 0.745, 'f1-score': 0.3941798941798942, 'support': 200.0}, 'Reconnaissance': {'precision': 0.29411764705882354, 'recall': 0.025, 'f1-score': 0.04608294930875576, 'support': 200.0}, 'Shellcode': {'precision': 0.5, 'recall': 1.0, 'f1-score': 0.6666666666666666, 'support': 200.0}, 'Worms': {'precision': 0.12280701754385964, 'recall': 0.8, 'f1-score': 0.21292775665399238, 'support': 35.0}, 'accuracy': 0.39442508710801394, 'macro avg': {'precision': 0.41650376206062234, 'recall': 0.43625, 'f1-score': 0.31325488871160334, 'support': 1435.0}, 'weighted avg': {'precision': 0.45027377101202715, 'recall': 0.39442508710801394, 'f1-score': 0.324790761038785, 'support': 1435.0}}","[[137   0   2   5  53   0   2   1]
 [  0   0  41   1 116   0   0  42]
 [  0   0  28   0 130   2  27  13]
 [  0   0   0  19  77   5   9  90]
 [  1   0   0   0 149   4  14  32]
 [  0   0   0   0  31   5 142  22]
 [  0   0   0   0   0   0 200   0]
 [  0   0   0   0   0   1   6  28]]",0.024289369583129883,0.025730609893798828
91,UNSW_NB15,2,linear,QuantileTransformer,NC,0.15686877356150555,-1,-1,80.90592334494774,29.437500000000007,10.910900945744151,29.309772672670587,17.520361753191217,-1,"{'0Normal': {'precision': 0.8306451612903226, 'recall': 0.515, 'f1-score': 0.6358024691358025, 'support': 200.0}, 'Analysis': {'precision': 0.0, 'recall': 0.0, 'f1-score': 0.0, 'support': 200.0}, 'Backdoor': {'precision': 0.18581907090464547, 'recall': 0.76, 'f1-score': 0.29862475442043224, 'support': 200.0}, 'Exploits': {'precision': 0.19434628975265017, 'recall': 0.275, 'f1-score': 0.2277432712215321, 'support': 200.0}, 'Fuzzers': {'precision': 0.0, 'recall': 0.0, 'f1-score': 0.0, 'support': 200.0}, 'Reconnaissance': {'precision': 0.0, 'recall': 0.0, 'f1-score': 0.0, 'support': 200.0}, 'Shellcode': {'precision': 1.0, 'recall': 0.005, 'f1-score': 0.009950248756218905, 'support': 200.0}, 'Worms': {'precision': 0.1339712918660287, 'recall': 0.8, 'f1-score': 0.22950819672131148, 'support': 35.0}, 'accuracy': 0.23623693379790942, 'macro avg': {'precision': 0.29309772672670587, 'recall': 0.29437500000000005, 'f1-score': 0.17520361753191216, 'support': 1435.0}, 'weighted avg': {'precision': 0.3113944944981426, 'recall': 0.23623693379790942, 'f1-score': 0.1689595369979394, 'support': 1435.0}}","[[103   0  77   4   0   0   0  16]
 [  0   0 157   1   0   0   0  42]
 [  1   0 152  34   0   0   0  13]
 [  4   0  77  55   0   0   0  64]
 [  2   0 148  26   0   0   0  24]
 [  6   0  94  78   0   0   0  22]
 [  8   0 107  84   0   0   1   0]
 [  0   0   6   1   0   0   0  28]]",0.006139993667602539,0.0018658638000488281
92,UNSW_NB15,2,linear,QuantileTransformer,RNC,0.05827586717493472,-1,-1,79.18118466898954,15.0,11.896465903434544,14.237758267558231,7.58590051011859,-1,"{'0Normal': {'precision': 0.16326530612244897, 'recall': 1.0, 'f1-score': 0.2807017543859649, 'support': 200.0}, 'Analysis': {'precision': 0.24074074074074073, 'recall': 0.065, 'f1-score': 0.10236220472440945, 'support': 200.0}, 'Backdoor': {'precision': 0.08928571428571429, 'recall': 0.025, 'f1-score': 0.0390625, 'support': 200.0}, 'Exploits': {'precision': 0.28, 'recall': 0.035, 'f1-score': 0.06222222222222222, 'support': 200.0}, 'Fuzzers': {'precision': 0.23529411764705882, 'recall': 0.06, 'f1-score': 0.09561752988047809, 'support': 200.0}, 'Reconnaissance': {'precision': 0.13043478260869565, 'recall': 0.015, 'f1-score': 0.026905829596412557, 'support': 200.0}, 'Shellcode': {'precision': 0.0, 'recall': 0.0, 'f1-score': 0.0, 'support': 200.0}, 'Worms': {'precision': 0.0, 'recall': 0.0, 'f1-score': 0.0, 'support': 35.0}, 'accuracy': 0.1672473867595819, 'macro avg': {'precision': 0.14237758267558231, 'recall': 0.15, 'f1-score': 0.0758590051011859, 'support': 1435.0}, 'weighted avg': {'precision': 0.15874852423758307, 'recall': 0.1672473867595819, 'f1-score': 0.08458146910236755, 'support': 1435.0}}","[[200   0   0   0   0   0   0   0]
 [133  13  29   5  14   6   0   0]
 [141  21   5   9  16   8   0   0]
 [169   7   8   7   7   1   0   1]
 [155  12  12   4  12   5   0   0]
 [192   1   2   0   2   3   0   0]
 [200   0   0   0   0   0   0   0]
 [ 35   0   0   0   0   0   0   0]]",0.0017757415771484375,0.06884098052978516
93,UNSW_NB15,2,sigmoid,QuantileTransformer,KNN,0.44831051612693873,-1,-1,87.92682926829268,48.732142857142854,6.898954703832752,50.62447867821056,47.27850045059061,-1,"{'0Normal': {'precision': 0.9607843137254902, 'recall': 0.98, 'f1-score': 0.9702970297029703, 'support': 200.0}, 'Analysis': {'precision': 0.44654088050314467, 'recall': 0.355, 'f1-score': 0.3955431754874652, 'support': 200.0}, 'Backdoor': {'precision': 0.4444444444444444, 'recall': 0.2, 'f1-score': 0.27586206896551724, 'support': 200.0}, 'Exploits': {'precision': 0.32732732732732733, 'recall': 0.545, 'f1-score': 0.4090056285178236, 'support': 200.0}, 'Fuzzers': {'precision': 0.24050632911392406, 'recall': 0.095, 'f1-score': 0.13620071684587814, 'support': 200.0}, 'Reconnaissance': {'precision': 0.41690962099125367, 'recall': 0.715, 'f1-score': 0.5267034990791897, 'support': 200.0}, 'Shellcode': {'precision': 0.7428571428571429, 'recall': 0.78, 'f1-score': 0.7609756097560976, 'support': 200.0}, 'Worms': {'precision': 0.47058823529411764, 'recall': 0.22857142857142856, 'f1-score': 0.3076923076923077, 'support': 35.0}, 'accuracy': 0.5170731707317073, 'macro avg': {'precision': 0.5062447867821056, 'recall': 0.48732142857142857, 'f1-score': 0.47278500450590616, 'support': 1435.0}, 'weighted avg': {'precision': 0.5103446690089474, 'recall': 0.5170731707317073, 'f1-score': 0.491767788460083, 'support': 1435.0}}","[[196   1   0   1   0   0   2   0]
 [  0  71  33  62   9  25   0   0]
 [  0  33  40  54  16  45  11   1]
 [  2  14   2 109  23  40   6   4]
 [  5  34   5  82  19  47   6   2]
 [  1   6   3  15   6 143  25   1]
 [  0   0   6   4   4  29 156   1]
 [  0   0   1   6   2  14   4   8]]",0.0018553733825683594,0.06731653213500977
94,UNSW_NB15,2,sigmoid,QuantileTransformer,LDA,0.5192351095775335,-1,-1,89.42508710801394,57.9375,6.042807366849178,57.04622316257344,55.53781935679687,-1,"{'0Normal': {'precision': 0.9847715736040609, 'recall': 0.97, 'f1-score': 0.9773299748110831, 'support': 200.0}, 'Analysis': {'precision': 0.47058823529411764, 'recall': 0.28, 'f1-score': 0.3510971786833856, 'support': 200.0}, 'Backdoor': {'precision': 0.5181818181818182, 'recall': 0.285, 'f1-score': 0.36774193548387096, 'support': 200.0}, 'Exploits': {'precision': 0.29705882352941176, 'recall': 0.505, 'f1-score': 0.37407407407407406, 'support': 200.0}, 'Fuzzers': {'precision': 0.3010752688172043, 'recall': 0.14, 'f1-score': 0.19112627986348124, 'support': 200.0}, 'Reconnaissance': {'precision': 0.546583850931677, 'recall': 0.88, 'f1-score': 0.6743295019157088, 'support': 200.0}, 'Shellcode': {'precision': 0.9069767441860465, 'recall': 0.975, 'f1-score': 0.9397590361445783, 'support': 200.0}, 'Worms': {'precision': 0.5384615384615384, 'recall': 0.6, 'f1-score': 0.5675675675675675, 'support': 35.0}, 'accuracy': 0.5770034843205575, 'macro avg': {'precision': 0.5704622316257344, 'recall': 0.579375, 'f1-score': 0.5553781935679687, 'support': 1435.0}, 'weighted avg': {'precision': 0.5741417538362515, 'recall': 0.5770034843205575, 'f1-score': 0.5539766279164469, 'support': 1435.0}}","[[194   2   0   0   1   2   0   1]
 [  0  56  41  63   7  33   0   0]
 [  0  24  57  63  12  34   7   3]
 [  2  14   6 101  42  27   3   5]
 [  1  20   4  85  28  48   7   7]
 [  0   3   2  15   2 176   1   1]
 [  0   0   0   3   0   1 195   1]
 [  0   0   0  10   1   1   2  21]]",70.87486004829407,0.005091428756713867
95,UNSW_NB15,2,sigmoid,QuantileTransformer,NuSVC,0.48432318276411496,-1,-1,88.55400696864112,49.50892857142858,6.540567446490791,59.662700999814966,46.18287802439046,-1,"{'0Normal': {'precision': 0.9471153846153846, 'recall': 0.985, 'f1-score': 0.9656862745098039, 'support': 200.0}, 'Analysis': {'precision': 0.5384615384615384, 'recall': 0.21, 'f1-score': 0.302158273381295, 'support': 200.0}, 'Backdoor': {'precision': 0.4578313253012048, 'recall': 0.19, 'f1-score': 0.26855123674911663, 'support': 200.0}, 'Exploits': {'precision': 0.3581081081081081, 'recall': 0.53, 'f1-score': 0.4274193548387097, 'support': 200.0}, 'Fuzzers': {'precision': 0.29333333333333333, 'recall': 0.11, 'f1-score': 0.16, 'support': 200.0}, 'Reconnaissance': {'precision': 0.39503386004514673, 'recall': 0.875, 'f1-score': 0.5443234836702955, 'support': 200.0}, 'Shellcode': {'precision': 0.7831325301204819, 'recall': 0.975, 'f1-score': 0.8685968819599109, 'support': 200.0}, 'Worms': {'precision': 1.0, 'recall': 0.08571428571428572, 'f1-score': 0.15789473684210525, 'support': 35.0}, 'accuracy': 0.5421602787456447, 'macro avg': {'precision': 0.5966270099981497, 'recall': 0.49508928571428573, 'f1-score': 0.4618287802439046, 'support': 1435.0}, 'weighted avg': {'precision': 0.5502461435519439, 'recall': 0.5421602787456447, 'f1-score': 0.4967759002169338, 'support': 1435.0}}","[[197   1   0   0   0   1   1   0]
 [  0  42  41  50   6  61   0   0]
 [  3  12  38  51  12  60  24   0]
 [  2  11   0 106  28  44   9   0]
 [  6  10   3  58  22  89  12   0]
 [  0   2   1  13   5 175   4   0]
 [  0   0   0   0   0   5 195   0]
 [  0   0   0  18   2   8   4   3]]",1.894235610961914,1.1255147457122803
96,UNSW_NB15,2,sigmoid,QuantileTransformer,SGD,0.5135473186947923,-1,-1,88.76306620209058,50.55357142857143,6.421105027376804,60.71815194346162,48.532607911176754,-1,"{'0Normal': {'precision': 0.9752475247524752, 'recall': 0.985, 'f1-score': 0.9800995024875622, 'support': 200.0}, 'Analysis': {'precision': 0.5789473684210527, 'recall': 0.22, 'f1-score': 0.3188405797101449, 'support': 200.0}, 'Backdoor': {'precision': 0.48760330578512395, 'recall': 0.295, 'f1-score': 0.367601246105919, 'support': 200.0}, 'Exploits': {'precision': 0.6014492753623188, 'recall': 0.415, 'f1-score': 0.4911242603550296, 'support': 200.0}, 'Fuzzers': {'precision': 0.3333333333333333, 'recall': 0.08, 'f1-score': 0.12903225806451613, 'support': 200.0}, 'Reconnaissance': {'precision': 0.30854430379746833, 'recall': 0.975, 'f1-score': 0.46875, 'support': 200.0}, 'Shellcode': {'precision': 0.9056603773584906, 'recall': 0.96, 'f1-score': 0.9320388349514563, 'support': 200.0}, 'Worms': {'precision': 0.6666666666666666, 'recall': 0.11428571428571428, 'f1-score': 0.1951219512195122, 'support': 35.0}, 'accuracy': 0.5505226480836237, 'macro avg': {'precision': 0.6071815194346162, 'recall': 0.5055357142857143, 'f1-score': 0.48532607911176756, 'support': 1435.0}, 'weighted avg': {'precision': 0.6003417638295372, 'recall': 0.5505226480836237, 'f1-score': 0.5186944979983334, 'support': 1435.0}}","[[197   1   0   2   0   0   0   0]
 [  0  44  41   8   2 105   0   0]
 [  2  12  59  11   3 105   8   0]
 [  1   7   5  83  21  79   4   0]
 [  2  10   9  21  16 136   4   2]
 [  0   2   0   0   3 195   0   0]
 [  0   0   5   0   0   3 192   0]
 [  0   0   2  13   3   9   4   4]]",1.3114628791809082,0.006501674652099609
97,UNSW_NB15,2,sigmoid,QuantileTransformer,GauNB,0.19119700361006672,-1,-1,82.05574912891987,33.56250000000001,10.253857640617223,40.786056303320755,25.420028142823135,-1,"{'0Normal': {'precision': 1.0, 'recall': 0.385, 'f1-score': 0.555956678700361, 'support': 200.0}, 'Analysis': {'precision': 0.0, 'recall': 0.0, 'f1-score': 0.0, 'support': 200.0}, 'Backdoor': {'precision': 0.4, 'recall': 0.14, 'f1-score': 0.2074074074074074, 'support': 200.0}, 'Exploits': {'precision': 1.0, 'recall': 0.045, 'f1-score': 0.0861244019138756, 'support': 200.0}, 'Fuzzers': {'precision': 0.11507936507936507, 'recall': 0.145, 'f1-score': 0.12831858407079647, 'support': 200.0}, 'Reconnaissance': {'precision': 0.0728051391862955, 'recall': 0.17, 'f1-score': 0.10194902548725637, 'support': 200.0}, 'Shellcode': {'precision': 0.5, 'recall': 1.0, 'f1-score': 0.6666666666666666, 'support': 200.0}, 'Worms': {'precision': 0.175, 'recall': 0.8, 'f1-score': 0.28717948717948716, 'support': 35.0}, 'accuracy': 0.28222996515679444, 'macro avg': {'precision': 0.40786056303320756, 'recall': 0.33562500000000006, 'f1-score': 0.25420028142823137, 'support': 1435.0}, 'weighted avg': {'precision': 0.43463547097779237, 'recall': 0.28222996515679444, 'f1-score': 0.25040824731745975, 'support': 1435.0}}","[[ 77   0   1   0 119   0   2   1]
 [  0   0  41   0  18 112   0  29]
 [  0   0  28   0  19 114  27  12]
 [  0   0   0   9  63  70   9  49]
 [  0   0   0   0  29 136  14  21]
 [  0   0   0   0   4  34 142  20]
 [  0   0   0   0   0   0 200   0]
 [  0   0   0   0   0   1   6  28]]",0.01870107650756836,0.0205075740814209
98,UNSW_NB15,2,sigmoid,QuantileTransformer,NC,0.152844707595221,-1,-1,80.47038327526133,28.169642857142858,11.159780985564957,32.272620880645235,18.219555862737515,-1,"{'0Normal': {'precision': 0.9512195121951219, 'recall': 0.78, 'f1-score': 0.8571428571428571, 'support': 200.0}, 'Analysis': {'precision': 0.0, 'recall': 0.0, 'f1-score': 0.0, 'support': 200.0}, 'Backdoor': {'precision': 0.3972602739726027, 'recall': 0.145, 'f1-score': 0.21245421245421245, 'support': 200.0}, 'Exploits': {'precision': 0.030303030303030304, 'recall': 0.01, 'f1-score': 0.015037593984962405, 'support': 200.0}, 'Fuzzers': {'precision': 0.0, 'recall': 0.0, 'f1-score': 0.0, 'support': 200.0}, 'Reconnaissance': {'precision': 0.13843888070692195, 'recall': 0.47, 'f1-score': 0.21387940841865757, 'support': 200.0}, 'Shellcode': {'precision': 1.0, 'recall': 0.02, 'f1-score': 0.0392156862745098, 'support': 200.0}, 'Worms': {'precision': 0.0645879732739421, 'recall': 0.8285714285714286, 'f1-score': 0.11983471074380166, 'support': 35.0}, 'accuracy': 0.21881533101045297, 'macro avg': {'precision': 0.32272620880645236, 'recall': 0.28169642857142857, 'f1-score': 0.18219555862737513, 'support': 1435.0}, 'weighted avg': {'precision': 0.3524076087108874, 'recall': 0.21881533101045297, 'f1-score': 0.18936596970806477, 'support': 1435.0}}","[[156   0   1   0   0  15   0  28]
 [  0   0  41   0   0 116   0  43]
 [  0   0  29  10   0 123   0  38]
 [  2   0   0   2   0  76   0 120]
 [  2   0   2   3   0 146   0  47]
 [  1   0   0  19   0  94   0  86]
 [  3   0   0  32   0 103   4  58]
 [  0   0   0   0   0   6   0  29]]",0.005496501922607422,0.02489304542541504
99,UNSW_NB15,2,sigmoid,QuantileTransformer,RNC,0.050465795754830345,-1,-1,78.98954703832753,14.3125,12.0059731209557,13.884858267460698,6.471803326528517,-1,"{'0Normal': {'precision': 0.15479876160990713, 'recall': 1.0, 'f1-score': 0.2680965147453083, 'support': 200.0}, 'Analysis': {'precision': 0.41379310344827586, 'recall': 0.06, 'f1-score': 0.10480349344978165, 'support': 200.0}, 'Backdoor': {'precision': 0.05263157894736842, 'recall': 0.005, 'f1-score': 0.0091324200913242, 'support': 200.0}, 'Exploits': {'precision': 0.1956521739130435, 'recall': 0.045, 'f1-score': 0.07317073170731707, 'support': 200.0}, 'Fuzzers': {'precision': 0.17391304347826086, 'recall': 0.02, 'f1-score': 0.03587443946188341, 'support': 200.0}, 'Reconnaissance': {'precision': 0.12, 'recall': 0.015, 'f1-score': 0.02666666666666667, 'support': 200.0}, 'Shellcode': {'precision': 0.0, 'recall': 0.0, 'f1-score': 0.0, 'support': 200.0}, 'Worms': {'precision': 0.0, 'recall': 0.0, 'f1-score': 0.0, 'support': 35.0}, 'accuracy': 0.15958188153310104, 'macro avg': {'precision': 0.13884858267460698, 'recall': 0.143125, 'f1-score': 0.06471803326528516, 'support': 1435.0}, 'weighted avg': {'precision': 0.1548137507173318, 'recall': 0.15958188153310104, 'f1-score': 0.07215947959892423, 'support': 1435.0}}","[[200   0   0   0   0   0   0   0]
 [156  12  11   9   7   5   0   0]
 [161  10   1  15   6   7   0   0]
 [179   3   2   9   4   2   0   1]
 [170   3   4  11   4   8   0   0]
 [191   1   1   2   2   3   0   0]
 [200   0   0   0   0   0   0   0]
 [ 35   0   0   0   0   0   0   0]]",0.001630544662475586,0.09901237487792969
100,UNSW_NB15,2,None,QuantileTransformer,KNN,0.46263892096004927,-1,-1,88.31010452961672,48.92857142857143,6.6799402687904434,49.75168759553685,47.40433971131508,-1,"{'0Normal': {'precision': 0.9655172413793104, 'recall': 0.98, 'f1-score': 0.9727047146401985, 'support': 200.0}, 'Analysis': {'precision': 0.46255506607929514, 'recall': 0.525, 'f1-score': 0.4918032786885246, 'support': 200.0}, 'Backdoor': {'precision': 0.40217391304347827, 'recall': 0.185, 'f1-score': 0.2534246575342466, 'support': 200.0}, 'Exploits': {'precision': 0.40425531914893614, 'recall': 0.475, 'f1-score': 0.4367816091954023, 'support': 200.0}, 'Fuzzers': {'precision': 0.2962962962962963, 'recall': 0.16, 'f1-score': 0.2077922077922078, 'support': 200.0}, 'Reconnaissance': {'precision': 0.4036144578313253, 'recall': 0.67, 'f1-score': 0.5037593984962406, 'support': 200.0}, 'Shellcode': {'precision': 0.7123893805309734, 'recall': 0.805, 'f1-score': 0.755868544600939, 'support': 200.0}, 'Worms': {'precision': 0.3333333333333333, 'recall': 0.11428571428571428, 'f1-score': 0.1702127659574468, 'support': 35.0}, 'accuracy': 0.532404181184669, 'macro avg': {'precision': 0.49751687595536853, 'recall': 0.4892857142857143, 'f1-score': 0.4740433971131508, 'support': 1435.0}, 'weighted avg': {'precision': 0.5163951230164388, 'recall': 0.532404181184669, 'f1-score': 0.5089786264794861, 'support': 1435.0}}","[[196   1   0   1   0   0   2   0]
 [  0 105  16  28  15  36   0   0]
 [  0  57  37  32  23  40  10   1]
 [  1  20  11  95  30  34   7   2]
 [  5  39  18  47  32  50   7   2]
 [  1   5   4  16   5 134  34   1]
 [  0   0   4   6   1  26 161   2]
 [  0   0   2  10   2  12   5   4]]",0.0016846656799316406,0.03829145431518555
101,UNSW_NB15,2,None,QuantileTransformer,LDA,0.5434362702161711,-1,-1,90.06968641114983,59.95535714285714,5.674464907914385,58.7483934688867,58.46086756156503,-1,"{'0Normal': {'precision': 0.9948979591836735, 'recall': 0.975, 'f1-score': 0.9848484848484849, 'support': 200.0}, 'Analysis': {'precision': 0.5693430656934306, 'recall': 0.39, 'f1-score': 0.4629080118694362, 'support': 200.0}, 'Backdoor': {'precision': 0.46511627906976744, 'recall': 0.3, 'f1-score': 0.364741641337386, 'support': 200.0}, 'Exploits': {'precision': 0.41346153846153844, 'recall': 0.43, 'f1-score': 0.4215686274509804, 'support': 200.0}, 'Fuzzers': {'precision': 0.29441624365482233, 'recall': 0.29, 'f1-score': 0.29219143576826195, 'support': 200.0}, 'Reconnaissance': {'precision': 0.5548387096774193, 'recall': 0.86, 'f1-score': 0.6745098039215687, 'support': 200.0}, 'Shellcode': {'precision': 0.8949771689497716, 'recall': 0.98, 'f1-score': 0.9355608591885441, 'support': 200.0}, 'Worms': {'precision': 0.5128205128205128, 'recall': 0.5714285714285714, 'f1-score': 0.5405405405405406, 'support': 35.0}, 'accuracy': 0.6027874564459931, 'macro avg': {'precision': 0.587483934688867, 'recall': 0.5995535714285714, 'f1-score': 0.5846086756156503, 'support': 1435.0}, 'weighted avg': {'precision': 0.5960689274472492, 'recall': 0.6027874564459931, 'f1-score': 0.5896757434117432, 'support': 1435.0}}","[[195   1   0   0   2   2   0   0]
 [  0  78  20  29  35  37   1   0]
 [  0  26  60  28  42  31   7   6]
 [  1  18  17  86  49  19   3   7]
 [  0  10  26  46  58  48   9   3]
 [  0   4   5   9   8 172   1   1]
 [  0   0   0   1   0   1 196   2]
 [  0   0   1   9   3   0   2  20]]",60.63702869415283,0.019938945770263672
102,UNSW_NB15,2,None,QuantileTransformer,NuSVC,0.5263398779887731,-1,-1,89.56445993031359,54.3125,5.96316575410652,59.41955074257722,53.32922857187305,-1,"{'0Normal': {'precision': 0.9609756097560975, 'recall': 0.985, 'f1-score': 0.9728395061728395, 'support': 200.0}, 'Analysis': {'precision': 0.625, 'recall': 0.4, 'f1-score': 0.4878048780487805, 'support': 200.0}, 'Backdoor': {'precision': 0.54, 'recall': 0.27, 'f1-score': 0.36, 'support': 200.0}, 'Exploits': {'precision': 0.4660633484162896, 'recall': 0.515, 'f1-score': 0.48931116389548696, 'support': 200.0}, 'Fuzzers': {'precision': 0.2916666666666667, 'recall': 0.175, 'f1-score': 0.21875, 'support': 200.0}, 'Reconnaissance': {'precision': 0.40380047505938244, 'recall': 0.85, 'f1-score': 0.5475040257648953, 'support': 200.0}, 'Shellcode': {'precision': 0.8296943231441049, 'recall': 0.95, 'f1-score': 0.8857808857808858, 'support': 200.0}, 'Worms': {'precision': 0.6363636363636364, 'recall': 0.2, 'f1-score': 0.30434782608695654, 'support': 35.0}, 'accuracy': 0.5825783972125436, 'macro avg': {'precision': 0.5941955074257722, 'recall': 0.543125, 'f1-score': 0.5332922857187306, 'support': 1435.0}, 'weighted avg': {'precision': 0.5893469072343105, 'recall': 0.5825783972125436, 'f1-score': 0.5596169099969485, 'support': 1435.0}}","[[197   1   0   1   0   1   0   0]
 [  0  80  16  30  21  53   0   0]
 [  2  32  54  19  26  58   8   1]
 [  2   8  12 103  25  41   7   2]
 [  4   7  16  44  35  82  12   0]
 [  0   0   2  11   8 170   8   1]
 [  0   0   0   0   1   9 190   0]
 [  0   0   0  13   4   7   4   7]]",1.4558327198028564,0.8666179180145264
103,UNSW_NB15,2,None,QuantileTransformer,SGD,0.5303520870482296,-1,-1,89.21602787456446,54.830357142857146,6.162269785963166,61.754114188772036,53.30487758461994,-1,"{'0Normal': {'precision': 0.9701492537313433, 'recall': 0.975, 'f1-score': 0.972568578553616, 'support': 200.0}, 'Analysis': {'precision': 0.335042735042735, 'recall': 0.98, 'f1-score': 0.49936305732484076, 'support': 200.0}, 'Backdoor': {'precision': 0.5076923076923077, 'recall': 0.165, 'f1-score': 0.2490566037735849, 'support': 200.0}, 'Exploits': {'precision': 0.7211538461538461, 'recall': 0.375, 'f1-score': 0.4934210526315789, 'support': 200.0}, 'Fuzzers': {'precision': 0.28735632183908044, 'recall': 0.125, 'f1-score': 0.17421602787456447, 'support': 200.0}, 'Reconnaissance': {'precision': 0.6693548387096774, 'recall': 0.83, 'f1-score': 0.7410714285714286, 'support': 200.0}, 'Shellcode': {'precision': 0.9495798319327731, 'recall': 0.565, 'f1-score': 0.7084639498432602, 'support': 200.0}, 'Worms': {'precision': 0.5, 'recall': 0.37142857142857144, 'f1-score': 0.4262295081967213, 'support': 35.0}, 'accuracy': 0.5686411149825784, 'macro avg': {'precision': 0.6175411418877204, 'recall': 0.5483035714285714, 'f1-score': 0.5330487758461994, 'support': 1435.0}, 'weighted avg': {'precision': 0.631056325449723, 'recall': 0.5686411149825784, 'f1-score': 0.5453311306630383, 'support': 1435.0}}","[[195   1   0   1   2   1   0   0]
 [  1 196   0   1   1   0   0   1]
 [  1 148  33   2   6   5   2   3]
 [  0  73   3  75  31  11   2   5]
 [  3 138   7  13  25  10   1   3]
 [  1  29   0   0   3 166   0   1]
 [  0   0  22  10   8  47 113   0]
 [  0   0   0   2  11   8   1  13]]",1.1234354972839355,0.001138448715209961
104,UNSW_NB15,2,None,QuantileTransformer,GauNB,0.3017113925611109,-1,-1,84.0766550522648,35.214285714285715,9.09905425584868,49.9045054140106,28.83871138415653,-1,"{'0Normal': {'precision': 1.0, 'recall': 0.38, 'f1-score': 0.5507246376811594, 'support': 200.0}, 'Analysis': {'precision': 0.6351351351351351, 'recall': 0.235, 'f1-score': 0.34306569343065696, 'support': 200.0}, 'Backdoor': {'precision': 0.25, 'recall': 0.005, 'f1-score': 0.00980392156862745, 'support': 200.0}, 'Exploits': {'precision': 1.0, 'recall': 0.045, 'f1-score': 0.0861244019138756, 'support': 200.0}, 'Fuzzers': {'precision': 0.23565891472868217, 'recall': 0.76, 'f1-score': 0.35976331360946745, 'support': 200.0}, 'Reconnaissance': {'precision': 0.3068181818181818, 'recall': 0.135, 'f1-score': 0.1875, 'support': 200.0}, 'Shellcode': {'precision': 0.5, 'recall': 1.0, 'f1-score': 0.6666666666666666, 'support': 200.0}, 'Worms': {'precision': 0.06474820143884892, 'recall': 0.2571428571428571, 'f1-score': 0.10344827586206896, 'support': 35.0}, 'accuracy': 0.3630662020905923, 'macro avg': {'precision': 0.499045054140106, 'recall': 0.35214285714285715, 'f1-score': 0.2883871138415653, 'support': 1435.0}, 'weighted avg': {'precision': 0.548981626053491, 'recall': 0.3630662020905923, 'f1-score': 0.30965185827823216, 'support': 1435.0}}","[[ 76   0   2   0 119   0   2   1]
 [  0  47   1   0 116   1   0  35]
 [  0  27   1   0 130   7  27   8]
 [  0   0   0   9  97  23   9  62]
 [  0   0   0   0 152  10  14  24]
 [  0   0   0   0  31  27 142   0]
 [  0   0   0   0   0   0 200   0]
 [  0   0   0   0   0  20   6   9]]",0.031046628952026367,0.021912336349487305
105,UNSW_NB15,2,None,QuantileTransformer,NC,0.21885128437762363,-1,-1,82.07317073170731,33.62500000000001,10.24390243902439,26.914049612891706,23.258048051223028,-1,"{'0Normal': {'precision': 0.8429752066115702, 'recall': 0.51, 'f1-score': 0.6355140186915887, 'support': 200.0}, 'Analysis': {'precision': 0.0, 'recall': 0.0, 'f1-score': 0.0, 'support': 200.0}, 'Backdoor': {'precision': 0.18627450980392157, 'recall': 0.76, 'f1-score': 0.2992125984251969, 'support': 200.0}, 'Exploits': {'precision': 0.609375, 'recall': 0.195, 'f1-score': 0.29545454545454547, 'support': 200.0}, 'Fuzzers': {'precision': 0.0, 'recall': 0.0, 'f1-score': 0.0, 'support': 200.0}, 'Reconnaissance': {'precision': 0.0, 'recall': 0.0, 'f1-score': 0.0, 'support': 200.0}, 'Shellcode': {'precision': 0.3811659192825112, 'recall': 0.425, 'f1-score': 0.40189125295508277, 'support': 200.0}, 'Worms': {'precision': 0.13333333333333333, 'recall': 0.8, 'f1-score': 0.22857142857142856, 'support': 35.0}, 'accuracy': 0.28292682926829266, 'macro avg': {'precision': 0.26914049612891705, 'recall': 0.33625000000000005, 'f1-score': 0.2325804805122303, 'support': 1435.0}, 'weighted avg': {'precision': 0.28475595387196323, 'recall': 0.28292682926829266, 'f1-score': 0.23304145164131204, 'support': 1435.0}}","[[102   0  75   7   0   0   0  16]
 [  0   0 157   1   0   0   0  42]
 [  1   0 152   2   0   0  32  13]
 [  4   0  77  39   0   0  14  66]
 [  0   1 148  12   0   0  16  23]
 [  6   0  94   2   0   0  76  22]
 [  8   0 107   0   0   0  85   0]
 [  0   0   6   1   0   0   0  28]]",0.005227804183959961,0.011495590209960938
106,UNSW_NB15,2,None,QuantileTransformer,RNC,0.04632510926152921,-1,-1,78.93728222996515,14.124999999999998,12.035838725734196,12.670589097840832,6.149810185017124,-1,"{'0Normal': {'precision': 0.15396458814472672, 'recall': 1.0, 'f1-score': 0.266844563042028, 'support': 200.0}, 'Analysis': {'precision': 0.3611111111111111, 'recall': 0.065, 'f1-score': 0.11016949152542373, 'support': 200.0}, 'Backdoor': {'precision': 0.0, 'recall': 0.0, 'f1-score': 0.0, 'support': 200.0}, 'Exploits': {'precision': 0.17857142857142858, 'recall': 0.025, 'f1-score': 0.043859649122807015, 'support': 200.0}, 'Fuzzers': {'precision': 0.32, 'recall': 0.04, 'f1-score': 0.07111111111111111, 'support': 200.0}, 'Reconnaissance': {'precision': 0.0, 'recall': 0.0, 'f1-score': 0.0, 'support': 200.0}, 'Shellcode': {'precision': 0.0, 'recall': 0.0, 'f1-score': 0.0, 'support': 200.0}, 'Worms': {'precision': 0.0, 'recall': 0.0, 'f1-score': 0.0, 'support': 35.0}, 'accuracy': 0.15749128919860628, 'macro avg': {'precision': 0.12670589097840831, 'recall': 0.14125, 'f1-score': 0.06149810185017124, 'support': 1435.0}, 'weighted avg': {'precision': 0.1412748610212218, 'recall': 0.15749128919860628, 'f1-score': 0.06856931216743832, 'support': 1435.0}}","[[200   0   0   0   0   0   0   0]
 [159  13   9   7   3   9   0   0]
 [161  13   0   9   9   8   0   0]
 [185   2   4   5   3   0   0   1]
 [165   7   9   5   8   6   0   0]
 [194   1   1   2   2   0   0   0]
 [200   0   0   0   0   0   0   0]
 [ 35   0   0   0   0   0   0   0]]",0.0026807785034179688,0.044800519943237305
