,Data Type,Poly,Kernel,SCALER,Model,MCC,NDR,AUC_N,ACC,TPR Macro,FPR,PPV Macro,F1 Macro,AUC,CLS Report,CFS Matrix,Training time,Test time
0,ToN_IoT,-1,rbf,QuantileTransformer,HHH,0.832296126152941,-1,-1,96.71296296296296,78.83431039547342,1.8489583333333333,75.27777777777777,76.37652239506473,-1,"{'0Normal': {'precision': 0.885, 'recall': 0.9315789473684211, 'f1-score': 0.9076923076923077, 'support': 190.0}, 'BruteForce': {'precision': 0.675, 'recall': 0.8617021276595744, 'f1-score': 0.7570093457943925, 'support': 94.0}, 'DDoS': {'precision': 0.9, 'recall': 0.8411214953271028, 'f1-score': 0.8695652173913043, 'support': 214.0}, 'DoS': {'precision': 0.97, 'recall': 0.8362068965517241, 'f1-score': 0.8981481481481481, 'support': 232.0}, 'MITM': {'precision': 0.725, 'recall': 0.9294871794871795, 'f1-score': 0.8146067415730337, 'support': 156.0}, 'Malware': {'precision': 0.9675, 'recall': 0.9214285714285714, 'f1-score': 0.9439024390243902, 'support': 420.0}, 'Scan': {'precision': 0.945, 'recall': 0.7875, 'f1-score': 0.8590909090909091, 'support': 240.0}, 'WebAttack': {'precision': 0.7075, 'recall': 0.9860627177700348, 'f1-score': 0.8238719068413392, 'support': 287.0}, 'micro avg': {'precision': 0.8520833333333333, 'recall': 0.8925259138025096, 'f1-score': 0.87183586464162, 'support': 1833.0}, 'macro avg': {'precision': 0.846875, 'recall': 0.886885991949076, 'f1-score': 0.8592358769444781, 'support': 1833.0}, 'weighted avg': {'precision': 0.8720908346972177, 'recall': 0.8925259138025096, 'f1-score': 0.8751928398140973, 'support': 1833.0}}","[[  0  11   7   4   2   7   1   6  49]
 [  0 177   4   2   1   5   1   0   0]
 [  0   7  81   2   0   1   1   0   2]
 [  0   2  21 180   2   7   1   0   1]
 [  0   1   7   8 194  17   0   0   5]
 [  0   1   0   0   1 145   4   1   4]
 [  0   0   0   3   0  15 387   2  13]
 [  0   1   0   1   0   1   5 189  43]
 [  0   0   0   0   0   2   0   2 283]]",14.391680002212524,0.15207433700561523
1,ToN_IoT,-1,poly,QuantileTransformer,HHH,0.7461913230817725,-1,-1,94.95370370370371,74.59908995102819,2.8385416666666665,66.83333333333333,68.24416209653407,-1,"{'0Normal': {'precision': 0.79, 'recall': 0.9461077844311377, 'f1-score': 0.8610354223433242, 'support': 167.0}, 'BruteForce': {'precision': 0.375, 'recall': 0.8333333333333334, 'f1-score': 0.5172413793103449, 'support': 54.0}, 'DDoS': {'precision': 0.88, 'recall': 0.7857142857142857, 'f1-score': 0.8301886792452831, 'support': 224.0}, 'DoS': {'precision': 0.96, 'recall': 0.7164179104477612, 'f1-score': 0.8205128205128205, 'support': 268.0}, 'MITM': {'precision': 0.53, 'recall': 0.8688524590163934, 'f1-score': 0.6583850931677019, 'support': 122.0}, 'Malware': {'precision': 0.975, 'recall': 0.8647450110864745, 'f1-score': 0.9165687426556992, 'support': 451.0}, 'Scan': {'precision': 0.925, 'recall': 0.7198443579766537, 'f1-score': 0.8096280087527352, 'support': 257.0}, 'WebAttack': {'precision': 0.58, 'recall': 0.9789029535864979, 'f1-score': 0.728414442700157, 'support': 237.0}, 'micro avg': {'precision': 0.7729166666666667, 'recall': 0.8337078651685393, 'f1-score': 0.8021621621621622, 'support': 1780.0}, 'macro avg': {'precision': 0.751875, 'recall': 0.8392397619490672, 'f1-score': 0.7677468235860082, 'support': 1780.0}, 'weighted avg': {'precision': 0.8349157303370786, 'recall': 0.8337078651685393, 'f1-score': 0.8157234581663163, 'support': 1780.0}}","[[  0  28   0   6   4  26   4   4  68]
 [  0 158   7   1   1   0   0   0   0]
 [  0   4  45   4   0   1   0   0   0]
 [  0   5  38 176   0   4   0   0   1]
 [  0   1  30   8 192  28   1   2   6]
 [  0   1   0   1   2 106   1   1  10]
 [  0   0   0   4   0  29 390   6  22]
 [  0   3   0   0   0   5   3 185  61]
 [  0   0   0   0   1   1   1   2 232]]",14.715462923049927,0.1980600357055664
2,ToN_IoT,-1,linear,QuantileTransformer,HHH,0.1362943059039154,-1,-1,83.37962962962962,32.95802861988487,9.348958333333334,23.259259259259263,21.244233799966455,-1,"{'0Normal': {'precision': 0.26, 'recall': 0.9811320754716981, 'f1-score': 0.41106719367588934, 'support': 53.0}, 'BruteForce': {'precision': 0.008333333333333333, 'recall': 0.013513513513513514, 'f1-score': 0.010309278350515464, 'support': 74.0}, 'DDoS': {'precision': 0.175, 'recall': 0.40229885057471265, 'f1-score': 0.24390243902439024, 'support': 87.0}, 'DoS': {'precision': 0.93, 'recall': 0.5585585585585585, 'f1-score': 0.6979362101313321, 'support': 333.0}, 'MITM': {'precision': 0.365, 'recall': 0.18717948717948718, 'f1-score': 0.24745762711864408, 'support': 390.0}, 'Malware': {'precision': 0.295, 'recall': 0.16434540389972144, 'f1-score': 0.2110912343470483, 'support': 718.0}, 'Scan': {'precision': 0.025, 'recall': 0.0228310502283105, 'f1-score': 0.02386634844868735, 'support': 219.0}, 'WebAttack': {'precision': 0.035, 'recall': 0.6363636363636364, 'f1-score': 0.06635071090047394, 'support': 22.0}, 'micro avg': {'precision': 0.2520833333333333, 'recall': 0.2552742616033755, 'f1-score': 0.25366876310272535, 'support': 1896.0}, 'macro avg': {'precision': 0.26166666666666666, 'recall': 0.3707778219737048, 'f1-score': 0.23899763024962262, 'support': 1896.0}, 'weighted avg': {'precision': 0.3690488748241913, 'recall': 0.2552742616033755, 'f1-score': 0.28003172195102355, 'support': 1896.0}}","[[  0  21   0   0   0   3   0   0   0]
 [  0  52   0   1   0   0   0   0   0]
 [  0  44   1  23   3   1   1   0   1]
 [  0  43   0  35   8   1   0   0   0]
 [  0   2  18  86 186   6   1  20  14]
 [  0   9  27  41   0  73 160  53  27]
 [  0  13  73  11   2  98 118 121 282]
 [  0  16   1   1   1  15 118   5  62]
 [  0   0   0   2   0   3   2   1  14]]",14.910224914550781,0.06413078308105469
3,ToN_IoT,-1,sigmoid,QuantileTransformer,HHH,0.3850447351305222,-1,-1,87.69675925925927,45.379031653236446,6.920572916666666,37.74074074074074,38.598318267375944,-1,"{'0Normal': {'precision': 0.275, 'recall': 0.7638888888888888, 'f1-score': 0.40441176470588236, 'support': 72.0}, 'BruteForce': {'precision': 0.19166666666666668, 'recall': 0.22115384615384615, 'f1-score': 0.20535714285714285, 'support': 104.0}, 'DDoS': {'precision': 0.435, 'recall': 0.5686274509803921, 'f1-score': 0.49291784702549574, 'support': 153.0}, 'DoS': {'precision': 0.87, 'recall': 0.5838926174496645, 'f1-score': 0.6987951807228916, 'support': 298.0}, 'MITM': {'precision': 0.15, 'recall': 0.1875, 'f1-score': 0.16666666666666666, 'support': 160.0}, 'Malware': {'precision': 0.71, 'recall': 0.6859903381642513, 'f1-score': 0.6977886977886978, 'support': 414.0}, 'Scan': {'precision': 0.51, 'recall': 0.379182156133829, 'f1-score': 0.4349680170575693, 'support': 269.0}, 'WebAttack': {'precision': 0.255, 'recall': 0.6938775510204082, 'f1-score': 0.37294332723948814, 'support': 147.0}, 'micro avg': {'precision': 0.44635416666666666, 'recall': 0.5299938157081014, 'f1-score': 0.48459146169069833, 'support': 1617.0}, 'macro avg': {'precision': 0.4245833333333333, 'recall': 0.51051410609891, 'f1-score': 0.4342310805079793, 'support': 1617.0}, 'weighted avg': {'precision': 0.5307132549989694, 'recall': 0.5299938157081014, 'f1-score': 0.5080472712493305, 'support': 1617.0}}","[[  0  78   5  12   3  61   3  10 131]
 [  0  55   4   7   2   2   1   0   1]
 [  0  36  23  29   1  13   0   1   1]
 [  0   9  32  87   3  19   0   1   2]
 [  0   5  37  41 174  26   3   2  10]
 [  0   4  13  20  13  30  49   8  23]
 [  0   9   4   4   4  24 284  44  41]
 [  0   3   1   0   0  18  56 102  89]
 [  0   1   1   0   0   7   4  32 102]]",15.103630065917969,0.1520833969116211
4,ToN_IoT,-1,None,QuantileTransformer,HHH,0.1362943059039154,-1,-1,83.37962962962962,32.95802861988487,9.348958333333334,23.259259259259263,21.244233799966455,-1,"{'0Normal': {'precision': 0.26, 'recall': 0.9811320754716981, 'f1-score': 0.41106719367588934, 'support': 53.0}, 'BruteForce': {'precision': 0.008333333333333333, 'recall': 0.013513513513513514, 'f1-score': 0.010309278350515464, 'support': 74.0}, 'DDoS': {'precision': 0.175, 'recall': 0.40229885057471265, 'f1-score': 0.24390243902439024, 'support': 87.0}, 'DoS': {'precision': 0.93, 'recall': 0.5585585585585585, 'f1-score': 0.6979362101313321, 'support': 333.0}, 'MITM': {'precision': 0.365, 'recall': 0.18717948717948718, 'f1-score': 0.24745762711864408, 'support': 390.0}, 'Malware': {'precision': 0.295, 'recall': 0.16434540389972144, 'f1-score': 0.2110912343470483, 'support': 718.0}, 'Scan': {'precision': 0.025, 'recall': 0.0228310502283105, 'f1-score': 0.02386634844868735, 'support': 219.0}, 'WebAttack': {'precision': 0.035, 'recall': 0.6363636363636364, 'f1-score': 0.06635071090047394, 'support': 22.0}, 'micro avg': {'precision': 0.2520833333333333, 'recall': 0.2552742616033755, 'f1-score': 0.25366876310272535, 'support': 1896.0}, 'macro avg': {'precision': 0.26166666666666666, 'recall': 0.3707778219737048, 'f1-score': 0.23899763024962262, 'support': 1896.0}, 'weighted avg': {'precision': 0.3690488748241913, 'recall': 0.2552742616033755, 'f1-score': 0.28003172195102355, 'support': 1896.0}}","[[  0  21   0   0   0   3   0   0   0]
 [  0  52   0   1   0   0   0   0   0]
 [  0  44   1  23   3   1   1   0   1]
 [  0  43   0  35   8   1   0   0   0]
 [  0   2  18  86 186   6   1  20  14]
 [  0   9  27  41   0  73 160  53  27]
 [  0  13  73  11   2  98 118 121 282]
 [  0  16   1   1   1  15 118   5  62]
 [  0   0   0   2   0   3   2   1  14]]",15.254812479019165,0.007454633712768555
5,ToN_IoT,0,rbf,QuantileTransformer,HHH,0.7708080243020962,-1,-1,95.48611111111111,74.09262463652566,2.5390625,69.2037037037037,69.90730833557456,-1,"{'0Normal': {'precision': 0.895, 'recall': 0.9132653061224489, 'f1-score': 0.9040404040404041, 'support': 196.0}, 'BruteForce': {'precision': 0.38333333333333336, 'recall': 0.8070175438596491, 'f1-score': 0.519774011299435, 'support': 57.0}, 'DDoS': {'precision': 0.825, 'recall': 0.7300884955752213, 'f1-score': 0.7746478873239436, 'support': 226.0}, 'DoS': {'precision': 0.96, 'recall': 0.8067226890756303, 'f1-score': 0.8767123287671232, 'support': 238.0}, 'MITM': {'precision': 0.675, 'recall': 0.8598726114649682, 'f1-score': 0.7563025210084033, 'support': 157.0}, 'Malware': {'precision': 0.965, 'recall': 0.9039812646370023, 'f1-score': 0.9334945586457074, 'support': 427.0}, 'Scan': {'precision': 0.915, 'recall': 0.6752767527675276, 'f1-score': 0.7770700636942676, 'support': 271.0}, 'WebAttack': {'precision': 0.61, 'recall': 0.9721115537848606, 'f1-score': 0.7496159754224271, 'support': 251.0}, 'micro avg': {'precision': 0.796875, 'recall': 0.8392759188151399, 'f1-score': 0.8175260486240983, 'support': 1823.0}, 'macro avg': {'precision': 0.7785416666666667, 'recall': 0.8335420271609135, 'f1-score': 0.7864572187752139, 'support': 1823.0}, 'weighted avg': {'precision': 0.8399917718047174, 'recall': 0.8392759188151399, 'f1-score': 0.8264554383159549, 'support': 1823.0}}","[[  0  11   7   5   3   8   1   6  56]
 [  0 179   9   2   1   3   1   1   0]
 [  0   4  46   3   1   1   1   0   1]
 [  0   4  47 165   3   6   0   0   1]
 [  0   0  10  11 192  21   1   1   2]
 [  0   1   1   9   0 135   6   1   4]
 [  0   0   0   4   0  20 386   4  13]
 [  0   1   0   1   0   3   4 183  79]
 [  0   0   0   0   0   3   0   4 244]]",1.2332561016082764,0.05928373336791992
6,ToN_IoT,0,poly,QuantileTransformer,HHH,0.6331418420512748,-1,-1,92.76620370370371,64.88027202786361,4.069010416666666,59.64814814814815,60.36855260975989,-1,"{'0Normal': {'precision': 0.765, 'recall': 0.9807692307692307, 'f1-score': 0.8595505617977528, 'support': 156.0}, 'BruteForce': {'precision': 0.35833333333333334, 'recall': 0.6615384615384615, 'f1-score': 0.4648648648648649, 'support': 65.0}, 'DDoS': {'precision': 0.79, 'recall': 0.7417840375586855, 'f1-score': 0.7651331719128329, 'support': 213.0}, 'DoS': {'precision': 0.945, 'recall': 0.6774193548387096, 'f1-score': 0.7891440501043842, 'support': 279.0}, 'MITM': {'precision': 0.58, 'recall': 0.6987951807228916, 'f1-score': 0.6338797814207651, 'support': 166.0}, 'Malware': {'precision': 0.8275, 'recall': 0.7806603773584906, 'f1-score': 0.8033980582524272, 'support': 424.0}, 'Scan': {'precision': 0.68, 'recall': 0.4738675958188153, 'f1-score': 0.5585215605749486, 'support': 287.0}, 'WebAttack': {'precision': 0.4225, 'recall': 0.824390243902439, 'f1-score': 0.5586776859504132, 'support': 205.0}, 'micro avg': {'precision': 0.6744791666666666, 'recall': 0.7214484679665738, 'f1-score': 0.6971736204576043, 'support': 1795.0}, 'macro avg': {'precision': 0.6710416666666666, 'recall': 0.7299030603134655, 'f1-score': 0.6791462168597986, 'support': 1795.0}, 'weighted avg': {'precision': 0.7261666666666667, 'recall': 0.7214484679665738, 'f1-score': 0.706484731684091, 'support': 1795.0}}","[[  0  24   7   6   5  23   2   4  54]
 [  0 153   1   0   1   0   0   0   1]
 [  0   7  43  10   1   2   1   0   1]
 [  0  10  35 158   0   5   2   1   2]
 [  0   1  34  11 189  25  13   2   4]
 [  0   2   0   8   4 116  18   3  15]
 [  0   3   0   3   0  24 331  20  43]
 [  0   0   0   4   0   3  33 136 111]
 [  0   0   0   0   0   2   0  34 169]]",0.34828829765319824,0.05182075500488281
7,ToN_IoT,0,linear,QuantileTransformer,HHH,0.02704423465227151,-1,-1,78.66279069767442,31.61138818946584,12.192691029900333,9.11111111111111,8.757747831592082,-1,"{'0Normal': {'precision': 0.015, 'recall': 1.0, 'f1-score': 0.029556650246305417, 'support': 3.0}, 'BruteForce': {'precision': 0.0, 'recall': 0.0, 'f1-score': 0.0, 'support': 64.0}, 'DDoS': {'precision': 0.01, 'recall': 0.11764705882352941, 'f1-score': 0.018433179723502304, 'support': 17.0}, 'DoS': {'precision': 0.065, 'recall': 0.016029593094944512, 'f1-score': 0.025717111770524232, 'support': 811.0}, 'MITM': {'precision': 0.29, 'recall': 0.0741687979539642, 'f1-score': 0.11812627291242363, 'support': 782.0}, 'Malware': {'precision': 0.4325, 'recall': 0.8871794871794871, 'f1-score': 0.5815126050420169, 'support': 195.0}, 'Scan': {'precision': 0.0, 'recall': 0.0, 'f1-score': 0.0, 'support': 0.0}, 'WebAttack': {'precision': 0.0075, 'recall': 0.75, 'f1-score': 0.01485148514851485, 'support': 4.0}, 'micro avg': {'precision': 0.13125, 'recall': 0.13432835820895522, 'f1-score': 0.1327713382507903, 'support': 1876.0}, 'macro avg': {'precision': 0.10249999999999998, 'recall': 0.3556281171314907, 'f1-score': 0.09852466310541091, 'support': 1876.0}, 'weighted avg': {'precision': 0.19407116204690827, 'recall': 0.13432835820895522, 'f1-score': 0.12104889178743934, 'support': 1876.0}}","[[  0  43   0   0   0   1   0   0]
 [  0   3   0   0   0   0   0   0]
 [  0  32   0  31   0   0   0   1]
 [  0   6   1   2   1   6   0   1]
 [  0  72  92 146  13 121   1 351]
 [  0  44  27  17 186  58 226  40]
 [  0   0   0   4   0  13 173   4]
 [  0   0   0   0   0   1   0   3]]",0.0007431507110595703,0.007559537887573242
8,ToN_IoT,0,sigmoid,QuantileTransformer,HHH,0.14573028447769698,-1,-1,82.1412037037037,28.650194071183595,10.045572916666666,19.537037037037035,21.068317498795682,-1,"{'0Normal': {'precision': 0.26, 'recall': 0.5306122448979592, 'f1-score': 0.348993288590604, 'support': 98.0}, 'BruteForce': {'precision': 0.15833333333333333, 'recall': 0.1557377049180328, 'f1-score': 0.15702479338842976, 'support': 122.0}, 'DDoS': {'precision': 0.305, 'recall': 0.33152173913043476, 'f1-score': 0.3177083333333333, 'support': 184.0}, 'DoS': {'precision': 0.58, 'recall': 0.40418118466898956, 'f1-score': 0.47638603696098564, 'support': 287.0}, 'MITM': {'precision': 0.225, 'recall': 0.25, 'f1-score': 0.23684210526315788, 'support': 180.0}, 'Malware': {'precision': 0.04, 'recall': 0.10738255033557047, 'f1-score': 0.058287795992714025, 'support': 149.0}, 'Scan': {'precision': 0.04, 'recall': 0.0761904761904762, 'f1-score': 0.05245901639344262, 'support': 105.0}, 'WebAttack': {'precision': 0.15, 'recall': 0.7228915662650602, 'f1-score': 0.2484472049689441, 'support': 83.0}, 'micro avg': {'precision': 0.19635416666666666, 'recall': 0.3120860927152318, 'f1-score': 0.24104859335038364, 'support': 1208.0}, 'macro avg': {'precision': 0.21979166666666666, 'recall': 0.3223146833008154, 'f1-score': 0.23701857186145142, 'support': 1208.0}, 'weighted avg': {'precision': 0.2735816777041943, 'recall': 0.3120860927152318, 'f1-score': 0.2698553545533282, 'support': 1208.0}}","[[  0  97  20  19   6  35 262 123 150]
 [  0  52   4   5   1   1  24  11   0]
 [  0  28  19  19   2   6  33  13   2]
 [  0  12  12  61  46  11  23  11   8]
 [  0   4  31  46 116  45  13  13  19]
 [  0   1  20  29  22  45  15   9  39]
 [  0   4   7  17   6  33  16   7  59]
 [  0   1   5   0   1  20   7   8  63]
 [  0   1   2   4   0   4   7   5  60]]",0.16161894798278809,0.02872014045715332
9,ToN_IoT,0,None,QuantileTransformer,HHH,-0.0750646647004297,-1,-1,78.92361111111111,5.064106341218289,11.85546875,5.305555555555555,2.092624052112661,-1,"{'0Normal': {'precision': 0.005, 'recall': 0.07692307692307693, 'f1-score': 0.009389671361502348, 'support': 13.0}, 'BruteForce': {'precision': 0.0, 'recall': 0.0, 'f1-score': 0.0, 'support': 29.0}, 'DDoS': {'precision': 0.0, 'recall': 0.0, 'f1-score': 0.0, 'support': 31.0}, 'DoS': {'precision': 0.035, 'recall': 0.010115606936416185, 'f1-score': 0.01569506726457399, 'support': 692.0}, 'MITM': {'precision': 0.42, 'recall': 0.07706422018348624, 'f1-score': 0.13023255813953488, 'support': 1090.0}, 'Malware': {'precision': 0.0175, 'recall': 0.2916666666666667, 'f1-score': 0.0330188679245283, 'support': 24.0}, 'Scan': {'precision': 0.0, 'recall': 0.0, 'f1-score': 0.0, 'support': 3.0}, 'WebAttack': {'precision': 0.0, 'recall': 0.0, 'f1-score': 0.0, 'support': 1.0}, 'micro avg': {'precision': 0.0515625, 'recall': 0.0525756771109931, 'f1-score': 0.052064159873783857, 'support': 1883.0}, 'macro avg': {'precision': 0.0596875, 'recall': 0.05697119633870575, 'f1-score': 0.02354202058626744, 'support': 1883.0}, 'weighted avg': {'precision': 0.2562426978226235, 'recall': 0.0525756771109931, 'f1-score': 0.08164046387523444, 'support': 1883.0}}","[[  0  36   0   0   0   1   0   0   0]
 [  0   1   0  12   0   0   0   0   0]
 [  0   9   0  19   0   0   0   0   1]
 [  0  27   0   0   0   3   1   0   0]
 [  0  52  35 146   7 103 174   7 168]
 [  0  70  85  22 193  84 218 190 228]
 [  0   5   0   1   0   8   7   3   0]
 [  0   0   0   0   0   0   0   0   3]
 [  0   0   0   0   0   1   0   0   0]]",0.0008678436279296875,0.003912687301635742
10,ToN_IoT,2,rbf,QuantileTransformer,HHH,0.8447504993951575,-1,-1,96.97916666666667,79.1336174534045,1.6992187499999998,76.30555555555554,77.23599293294606,-1,"{'0Normal': {'precision': 0.86, 'recall': 0.9398907103825137, 'f1-score': 0.8981723237597912, 'support': 183.0}, 'BruteForce': {'precision': 0.825, 'recall': 0.825, 'f1-score': 0.825, 'support': 120.0}, 'DDoS': {'precision': 0.91, 'recall': 0.896551724137931, 'f1-score': 0.9032258064516129, 'support': 203.0}, 'DoS': {'precision': 0.965, 'recall': 0.8464912280701754, 'f1-score': 0.9018691588785047, 'support': 228.0}, 'MITM': {'precision': 0.63, 'recall': 0.8936170212765957, 'f1-score': 0.7390029325513197, 'support': 141.0}, 'Malware': {'precision': 0.9675, 'recall': 0.9084507042253521, 'f1-score': 0.937046004842615, 'support': 426.0}, 'Scan': {'precision': 0.92, 'recall': 0.8214285714285714, 'f1-score': 0.8679245283018868, 'support': 224.0}, 'WebAttack': {'precision': 0.79, 'recall': 0.9905956112852664, 'f1-score': 0.8789986091794159, 'support': 319.0}, 'micro avg': {'precision': 0.8640625, 'recall': 0.8996746203904555, 'f1-score': 0.8815090329436769, 'support': 1844.0}, 'macro avg': {'precision': 0.8584375, 'recall': 0.8902531963508007, 'f1-score': 0.8689049204956433, 'support': 1844.0}, 'weighted avg': {'precision': 0.8786361171366593, 'recall': 0.8996746203904555, 'f1-score': 0.8842425186564884, 'support': 1844.0}}","[[  0  10   1   4   0  10   3   8  40]
 [  0 172   1   2   4   3   0   1   0]
 [  0  14  99   1   2   4   0   0   0]
 [  0   0  13 182   0   4   2   0   2]
 [  0   1   0   6 193  26   0   0   2]
 [  0   1   0   4   0 126   4   1   5]
 [  0   2   6   1   1  18 387   4   7]
 [  0   0   0   0   0   8   4 184  28]
 [  0   0   0   0   0   1   0   2 316]]",5.613482713699341,0.14459943771362305
11,ToN_IoT,2,poly,QuantileTransformer,HHH,0.7771679264358823,-1,-1,95.55555555555556,77.67813028941286,2.5,70.3425925925926,72.74040097323126,-1,"{'0Normal': {'precision': 0.65, 'recall': 0.9774436090225563, 'f1-score': 0.7807807807807807, 'support': 133.0}, 'BruteForce': {'precision': 0.8333333333333334, 'recall': 0.7518796992481203, 'f1-score': 0.7905138339920948, 'support': 133.0}, 'DDoS': {'precision': 0.84, 'recall': 0.8795811518324608, 'f1-score': 0.8593350383631714, 'support': 191.0}, 'DoS': {'precision': 0.965, 'recall': 0.8427947598253275, 'f1-score': 0.8997668997668997, 'support': 229.0}, 'MITM': {'precision': 0.46, 'recall': 0.8440366972477065, 'f1-score': 0.5954692556634305, 'support': 109.0}, 'Malware': {'precision': 0.9525, 'recall': 0.9202898550724637, 'f1-score': 0.9361179361179361, 'support': 414.0}, 'Scan': {'precision': 0.9, 'recall': 0.8144796380090498, 'f1-score': 0.8551068883610451, 'support': 221.0}, 'WebAttack': {'precision': 0.73, 'recall': 0.9605263157894737, 'f1-score': 0.8295454545454546, 'support': 304.0}, 'micro avg': {'precision': 0.8, 'recall': 0.8858131487889274, 'f1-score': 0.8407224958949097, 'support': 1734.0}, 'macro avg': {'precision': 0.7913541666666666, 'recall': 0.8738789657558947, 'f1-score': 0.8183295109488516, 'support': 1734.0}, 'weighted avg': {'precision': 0.8327585544021529, 'recall': 0.8858131487889274, 'f1-score': 0.849354793003764, 'support': 1734.0}}","[[  0  46   7   7   4  46   8   8  60]
 [  0 130   1   0   0   2   0   0   0]
 [  0  13 100  11   0   8   1   0   0]
 [  0   2  10 168   1   8   0   1   1]
 [  0   5   2  10 193  13   2   0   4]
 [  0   1   0   1   2  92   4   3   6]
 [  0   1   0   2   0  19 381   4   7]
 [  0   2   0   1   0   4   4 180  30]
 [  0   0   0   0   0   8   0   4 292]]",8.163879871368408,0.18010354042053223
12,ToN_IoT,2,linear,QuantileTransformer,HHH,0.21775652814860183,-1,-1,84.56018518518519,37.621672929899105,8.684895833333334,26.037037037037038,25.984099790561576,-1,"{'0Normal': {'precision': 0.54, 'recall': 0.972972972972973, 'f1-score': 0.6945337620578779, 'support': 111.0}, 'BruteForce': {'precision': 0.15833333333333333, 'recall': 0.2878787878787879, 'f1-score': 0.20430107526881722, 'support': 66.0}, 'DDoS': {'precision': 0.33, 'recall': 0.358695652173913, 'f1-score': 0.34375, 'support': 184.0}, 'DoS': {'precision': 0.16, 'recall': 0.0955223880597015, 'f1-score': 0.11962616822429907, 'support': 335.0}, 'MITM': {'precision': 0.465, 'recall': 0.16006884681583478, 'f1-score': 0.23815620998719592, 'support': 581.0}, 'Malware': {'precision': 0.585, 'recall': 0.5531914893617021, 'f1-score': 0.56865127582017, 'support': 423.0}, 'Scan': {'precision': 0.04, 'recall': 0.061068702290076333, 'f1-score': 0.04833836858006042, 'support': 131.0}, 'WebAttack': {'precision': 0.065, 'recall': 0.896551724137931, 'f1-score': 0.12121212121212122, 'support': 29.0}, 'micro avg': {'precision': 0.30520833333333336, 'recall': 0.3150537634408602, 'f1-score': 0.3100529100529101, 'support': 1860.0}, 'macro avg': {'precision': 0.2929166666666667, 'recall': 0.423243820461365, 'f1-score': 0.2923211226438177, 'support': 1860.0}, 'weighted avg': {'precision': 0.38142741935483876, 'recall': 0.3150537634408602, 'f1-score': 0.31325677977684885, 'support': 1860.0}}","[[  0  37   0   3   3   8   1   1   7]
 [  0 108   0   0   1   0   1   0   1]
 [  0  31  19   5   2   9   0   0   0]
 [  0  10  62  66   2  33   1   3   7]
 [  0   2  36 103  32  40  72   3  47]
 [  0   7   3  18 160  93  73 137  90]
 [  0   5   0   4   0  14 234  46 120]
 [  0   0   0   1   0   2  18   8 102]
 [  0   0   0   0   0   1   0   2  26]]",0.05058002471923828,0.014546871185302734
13,ToN_IoT,2,sigmoid,QuantileTransformer,HHH,0.004692540480637056,-1,-1,78.63425925925925,12.102392590187108,12.018229166666666,3.685185185185185,5.477056921439241,-1,"{'0Normal': {'precision': 0.055, 'recall': 0.1774193548387097, 'f1-score': 0.08396946564885496, 'support': 62.0}, 'BruteForce': {'precision': 0.06666666666666667, 'recall': 0.11428571428571428, 'f1-score': 0.08421052631578947, 'support': 70.0}, 'DDoS': {'precision': 0.06, 'recall': 0.16666666666666666, 'f1-score': 0.08823529411764706, 'support': 72.0}, 'DoS': {'precision': 0.055, 'recall': 0.16417910447761194, 'f1-score': 0.08239700374531835, 'support': 67.0}, 'MITM': {'precision': 0.03, 'recall': 0.07317073170731707, 'f1-score': 0.0425531914893617, 'support': 82.0}, 'Malware': {'precision': 0.0025, 'recall': 0.014705882352941176, 'f1-score': 0.004273504273504274, 'support': 68.0}, 'Scan': {'precision': 0.0, 'recall': 0.0, 'f1-score': 0.0, 'support': 62.0}, 'WebAttack': {'precision': 0.0625, 'recall': 0.3787878787878788, 'f1-score': 0.1072961373390558, 'support': 66.0}, 'micro avg': {'precision': 0.03854166666666667, 'recall': 0.13479052823315119, 'f1-score': 0.059943296881328476, 'support': 549.0}, 'macro avg': {'precision': 0.04145833333333333, 'recall': 0.13615191663960496, 'f1-score': 0.06161689036619145, 'support': 549.0}, 'weighted avg': {'precision': 0.04159684274438373, 'recall': 0.13479052823315119, 'f1-score': 0.06163185646055524, 'support': 549.0}}","[[  0 157  48 115  98 140 385 189 239]
 [  0  11   9  10  13   4   1   3  11]
 [  0   7   8  11  18  11   0   2  13]
 [  0   1  12  12  14   7   4   1  21]
 [  0   6   8  10  11   6   4   0  22]
 [  0   6  13   8  13   6   3   2  31]
 [  0   5   8  11  12   6   1   2  23]
 [  0   5   8   9   9  14   2   0  15]
 [  0   2   6  14  12   6   0   1  25]]",0.3762943744659424,0.04948258399963379
14,ToN_IoT,2,None,QuantileTransformer,HHH,0.15172477109408777,-1,-1,83.25231481481481,34.561777742555776,9.420572916666666,20.62037037037037,20.301674721352303,-1,"{'0Normal': {'precision': 0.21, 'recall': 0.9130434782608695, 'f1-score': 0.34146341463414637, 'support': 46.0}, 'BruteForce': {'precision': 0.20833333333333334, 'recall': 0.25, 'f1-score': 0.22727272727272727, 'support': 100.0}, 'DDoS': {'precision': 0.26, 'recall': 0.34210526315789475, 'f1-score': 0.29545454545454547, 'support': 152.0}, 'DoS': {'precision': 0.135, 'recall': 0.08571428571428572, 'f1-score': 0.10485436893203884, 'support': 315.0}, 'MITM': {'precision': 0.42, 'recall': 0.13636363636363635, 'f1-score': 0.20588235294117646, 'support': 616.0}, 'Malware': {'precision': 0.5425, 'recall': 0.5, 'f1-score': 0.5203836930455635, 'support': 434.0}, 'Scan': {'precision': 0.03, 'recall': 0.05, 'f1-score': 0.0375, 'support': 120.0}, 'WebAttack': {'precision': 0.05, 'recall': 0.8333333333333334, 'f1-score': 0.09433962264150944, 'support': 24.0}, 'micro avg': {'precision': 0.24635416666666668, 'recall': 0.26175982291090205, 'f1-score': 0.2538234504963778, 'support': 1807.0}, 'macro avg': {'precision': 0.23197916666666668, 'recall': 0.38881999960375246, 'f1-score': 0.22839384061521345, 'support': 1807.0}, 'weighted avg': {'precision': 0.338408042796532, 'recall': 0.26175982291090205, 'f1-score': 0.2633132319092762, 'support': 1807.0}}","[[  0  82   0   4   6   8   1   1  11]
 [  0  42   1   0   0   2   1   0   0]
 [  0  47  25   8   0  18   0   1   1]
 [  0  14  57  52   2  19   1   2   5]
 [  0   3  37  58  27  45  81   6  58]
 [  0   6   0  70 165  84  90 116  85]
 [  0   4   0   8   0  21 217  66 118]
 [  0   1   0   0   0   2   9   6 102]
 [  0   1   0   0   0   1   0   2  20]]",0.034528493881225586,0.007274627685546875
15,ToN_IoT,3,rbf,QuantileTransformer,HHH,0.8415576984514025,-1,-1,96.9212962962963,78.70633348884033,1.7317708333333335,76.57407407407408,77.27029752337378,-1,"{'0Normal': {'precision': 0.895, 'recall': 0.9572192513368984, 'f1-score': 0.9250645994832042, 'support': 187.0}, 'BruteForce': {'precision': 0.8166666666666667, 'recall': 0.8448275862068966, 'f1-score': 0.8305084745762712, 'support': 116.0}, 'DDoS': {'precision': 0.91, 'recall': 0.8544600938967136, 'f1-score': 0.8813559322033898, 'support': 213.0}, 'DoS': {'precision': 0.96, 'recall': 0.8847926267281107, 'f1-score': 0.920863309352518, 'support': 217.0}, 'MITM': {'precision': 0.68, 'recall': 0.8607594936708861, 'f1-score': 0.7597765363128491, 'support': 158.0}, 'Malware': {'precision': 0.945, 'recall': 0.9, 'f1-score': 0.9219512195121952, 'support': 420.0}, 'Scan': {'precision': 0.925, 'recall': 0.8008658008658008, 'f1-score': 0.8584686774941995, 'support': 231.0}, 'WebAttack': {'precision': 0.76, 'recall': 0.9806451612903225, 'f1-score': 0.856338028169014, 'support': 310.0}, 'micro avg': {'precision': 0.8614583333333333, 'recall': 0.8930885529157667, 'f1-score': 0.8769883351007424, 'support': 1852.0}, 'macro avg': {'precision': 0.8614583333333334, 'recall': 0.8854462517494536, 'f1-score': 0.8692908471379551, 'support': 1852.0}, 'weighted avg': {'precision': 0.8735763138948883, 'recall': 0.8930885529157667, 'f1-score': 0.8790051150157299, 'support': 1852.0}}","[[  0   8   0   4   2  11   4   3  36]
 [  0 179   1   0   4   2   0   0   1]
 [  0   9  98   5   0   2   0   1   1]
 [  0   2  20 182   0   8   0   0   1]
 [  0   1   0   4 192  12   2   2   4]
 [  0   0   0   4   1 136  12   1   4]
 [  0   0   1   1   1  21 378   6  12]
 [  0   1   0   0   0   5   3 185  37]
 [  0   0   0   0   0   3   1   2 304]]",8.520695686340332,0.35736632347106934
16,ToN_IoT,3,poly,QuantileTransformer,HHH,0.8016043968842538,-1,-1,96.06481481481481,78.4550117268928,2.213541666666667,73.35185185185185,74.72866539543361,-1,"{'0Normal': {'precision': 0.735, 'recall': 0.9363057324840764, 'f1-score': 0.8235294117647058, 'support': 157.0}, 'BruteForce': {'precision': 0.9416666666666667, 'recall': 0.7793103448275862, 'f1-score': 0.8528301886792453, 'support': 145.0}, 'DDoS': {'precision': 0.895, 'recall': 0.9179487179487179, 'f1-score': 0.9063291139240506, 'support': 195.0}, 'DoS': {'precision': 0.965, 'recall': 0.8502202643171806, 'f1-score': 0.9039812646370023, 'support': 227.0}, 'MITM': {'precision': 0.49, 'recall': 0.8990825688073395, 'f1-score': 0.6343042071197411, 'support': 109.0}, 'Malware': {'precision': 0.96, 'recall': 0.9186602870813397, 'f1-score': 0.9388753056234719, 'support': 418.0}, 'Scan': {'precision': 0.9, 'recall': 0.7964601769911505, 'f1-score': 0.8450704225352113, 'support': 226.0}, 'WebAttack': {'precision': 0.715, 'recall': 0.9629629629629629, 'f1-score': 0.8206599713055954, 'support': 297.0}, 'micro avg': {'precision': 0.8229166666666666, 'recall': 0.8906426155580609, 'f1-score': 0.8554412560909583, 'support': 1774.0}, 'macro avg': {'precision': 0.8252083333333333, 'recall': 0.8826188819275442, 'f1-score': 0.840697485698628, 'support': 1774.0}, 'weighted avg': {'precision': 0.8545443442314918, 'recall': 0.8906426155580609, 'f1-score': 0.8631360668493356, 'support': 1774.0}}","[[  0  27   0   4   4  39   5   7  60]
 [  0 147   1   0   1   4   0   1   3]
 [  0  15 113   7   0   5   0   1   4]
 [  0   3   5 179   1   4   1   0   2]
 [  0   4   0   7 193  20   2   0   1]
 [  0   0   0   2   0  98   5   0   4]
 [  0   1   0   0   1  19 384   6   7]
 [  0   1   0   1   0   8   3 180  33]
 [  0   2   1   0   0   3   0   5 286]]",13.638236999511719,0.4906485080718994
17,ToN_IoT,3,linear,QuantileTransformer,HHH,0.49428699716854435,-1,-1,90.06944444444444,54.27466588572452,5.5859375,47.27777777777777,48.57866959963462,-1,"{'0Normal': {'precision': 0.575, 'recall': 0.9126984126984127, 'f1-score': 0.7055214723926381, 'support': 126.0}, 'BruteForce': {'precision': 0.3, 'recall': 0.48, 'f1-score': 0.36923076923076925, 'support': 75.0}, 'DDoS': {'precision': 0.685, 'recall': 0.5905172413793104, 'f1-score': 0.6342592592592593, 'support': 232.0}, 'DoS': {'precision': 0.85, 'recall': 0.6343283582089553, 'f1-score': 0.7264957264957265, 'support': 268.0}, 'MITM': {'precision': 0.395, 'recall': 0.4114583333333333, 'f1-score': 0.4030612244897959, 'support': 192.0}, 'Malware': {'precision': 0.7675, 'recall': 0.6177062374245473, 'f1-score': 0.6845039018952063, 'support': 497.0}, 'Scan': {'precision': 0.275, 'recall': 0.27918781725888325, 'f1-score': 0.2770780856423174, 'support': 197.0}, 'WebAttack': {'precision': 0.4075, 'recall': 0.9588235294117647, 'f1-score': 0.5719298245614035, 'support': 170.0}, 'micro avg': {'precision': 0.553125, 'recall': 0.6044393853158794, 'f1-score': 0.5776448191460429, 'support': 1757.0}, 'macro avg': {'precision': 0.5318750000000001, 'recall': 0.6105899912144008, 'f1-score': 0.5465100329958895, 'support': 1757.0}, 'weighted avg': {'precision': 0.6046713147410359, 'recall': 0.6044393853158794, 'f1-score': 0.5849946860863497, 'support': 1757.0}}","[[  0  50   1   6   1  20   2   2  81]
 [  0 115   5   1   2   1   1   0   1]
 [  0  17  36  13   3   4   0   0   2]
 [  0   6  64 137   7  14   2   1   1]
 [  0   3  12  34 170  38   1   4   6]
 [  0   2   2   2  17  79  69   7  14]
 [  0   5   0   7   0  30 307 127  21]
 [  0   2   0   0   0  11  18  55 111]
 [  0   0   0   0   0   3   0   4 163]]",2.115656614303589,0.19330644607543945
18,ToN_IoT,3,sigmoid,QuantileTransformer,HHH,-0.003201077073901117,-1,-1,77.98611111111111,10.155708489041821,12.3828125,0.7314814814814814,1.3435576924048471,-1,"{'0Normal': {'precision': 0.005, 'recall': 0.047619047619047616, 'f1-score': 0.00904977375565611, 'support': 21.0}, 'BruteForce': {'precision': 0.008333333333333333, 'recall': 0.05555555555555555, 'f1-score': 0.014492753623188406, 'support': 18.0}, 'DDoS': {'precision': 0.005, 'recall': 0.045454545454545456, 'f1-score': 0.009009009009009009, 'support': 22.0}, 'DoS': {'precision': 0.0, 'recall': 0.0, 'f1-score': 0.0, 'support': 24.0}, 'MITM': {'precision': 0.005, 'recall': 0.06666666666666667, 'f1-score': 0.009302325581395349, 'support': 15.0}, 'Malware': {'precision': 0.0125, 'recall': 0.25, 'f1-score': 0.023809523809523808, 'support': 20.0}, 'Scan': {'precision': 0.015, 'recall': 0.11538461538461539, 'f1-score': 0.02654867256637168, 'support': 26.0}, 'WebAttack': {'precision': 0.015, 'recall': 0.3333333333333333, 'f1-score': 0.028708133971291867, 'support': 18.0}, 'micro avg': {'precision': 0.009375, 'recall': 0.10975609756097561, 'f1-score': 0.01727447216890595, 'support': 164.0}, 'macro avg': {'precision': 0.008229166666666666, 'recall': 0.1142517205017205, 'f1-score': 0.015115024039554528, 'support': 164.0}, 'weighted avg': {'precision': 0.008231707317073171, 'recall': 0.10975609756097561, 'f1-score': 0.01507225774637007, 'support': 164.0}}","[[  0 187 109 186 184 180 369 183 358]
 [  0   1   1   2   8   4   1   3   1]
 [  0   1   1   2   2   1   3   5   3]
 [  0   3   2   1   3   4   4   2   3]
 [  0   0   4   2   0   2   8   0   8]
 [  0   2   0   3   0   1   2   1   6]
 [  0   3   1   0   1   5   5   2   3]
 [  0   2   1   2   0   2   4   3  12]
 [  0   1   1   2   2   1   4   1   6]]",0.3726506233215332,0.10846447944641113
19,ToN_IoT,3,None,QuantileTransformer,HHH,0.4350381979092808,-1,-1,88.88888888888889,50.5618843218784,6.25,43.138888888888886,44.86489814863226,-1,"{'0Normal': {'precision': 0.565, 'recall': 0.8560606060606061, 'f1-score': 0.6807228915662651, 'support': 132.0}, 'BruteForce': {'precision': 0.35, 'recall': 0.46153846153846156, 'f1-score': 0.3981042654028436, 'support': 91.0}, 'DDoS': {'precision': 0.655, 'recall': 0.6208530805687204, 'f1-score': 0.6374695863746959, 'support': 211.0}, 'DoS': {'precision': 0.625, 'recall': 0.5040322580645161, 'f1-score': 0.5580357142857143, 'support': 248.0}, 'MITM': {'precision': 0.305, 'recall': 0.23282442748091603, 'f1-score': 0.26406926406926406, 'support': 262.0}, 'Malware': {'precision': 0.7, 'recall': 0.6167400881057269, 'f1-score': 0.6557377049180327, 'support': 454.0}, 'Scan': {'precision': 0.325, 'recall': 0.3299492385786802, 'f1-score': 0.327455919395466, 'support': 197.0}, 'WebAttack': {'precision': 0.3575, 'recall': 0.9285714285714286, 'f1-score': 0.516245487364621, 'support': 154.0}, 'micro avg': {'precision': 0.5, 'recall': 0.548885077186964, 'f1-score': 0.5233033524121014, 'support': 1749.0}, 'macro avg': {'precision': 0.4853125, 'recall': 0.568821198621132, 'f1-score': 0.5047301041721128, 'support': 1749.0}, 'weighted avg': {'precision': 0.5239708404802744, 'recall': 0.548885077186964, 'f1-score': 0.5202307238995518, 'support': 1749.0}}","[[  0  52   1   6   1  21   2   2  86]
 [  0 113   4   3   2   7   0   0   3]
 [  0  21  42  18   3   3   1   0   3]
 [  0   5  49 131   7  15   2   1   1]
 [  0   3  19  36 125  52   1   5   7]
 [  0   4   5   3  62  61  91  20  16]
 [  0   0   0   3   0  27 280 103  41]
 [  0   1   0   0   0   9  22  65 100]
 [  0   1   0   0   0   5   1   4 143]]",0.62361741065979,0.009382963180541992
20,ToN_IoT,-1,rbf,StandardScaler,HHH,0.5790282989320122,-1,-1,91.64351851851852,55.70719840562662,4.700520833333333,53.16666666666667,50.8453612788922,-1,"{'0Normal': {'precision': 0.835, 'recall': 0.9653179190751445, 'f1-score': 0.8954423592493298, 'support': 173.0}, 'BruteForce': {'precision': 0.0, 'recall': 0.0, 'f1-score': 0.0, 'support': 15.0}, 'DDoS': {'precision': 0.64, 'recall': 0.9411764705882353, 'f1-score': 0.7619047619047619, 'support': 136.0}, 'DoS': {'precision': 0.955, 'recall': 0.6701754385964912, 'f1-score': 0.7876288659793814, 'support': 285.0}, 'MITM': {'precision': 0.59, 'recall': 0.41843971631205673, 'f1-score': 0.4896265560165975, 'support': 282.0}, 'Malware': {'precision': 0.9725, 'recall': 0.5858433734939759, 'f1-score': 0.731203007518797, 'support': 664.0}, 'Scan': {'precision': 0.56, 'recall': 0.5209302325581395, 'f1-score': 0.5397590361445783, 'support': 215.0}, 'WebAttack': {'precision': 0.2325, 'recall': 0.9117647058823529, 'f1-score': 0.3705179282868526, 'support': 102.0}, 'micro avg': {'precision': 0.6239583333333333, 'recall': 0.6399572649572649, 'f1-score': 0.6318565400843882, 'support': 1872.0}, 'macro avg': {'precision': 0.598125, 'recall': 0.6267059820632995, 'f1-score': 0.5720103143875372, 'support': 1872.0}, 'weighted avg': {'precision': 0.779863782051282, 'recall': 0.6399572649572649, 'f1-score': 0.6733115971254328, 'support': 1872.0}}","[[  0   8   0   1   3  12   0   0  24]
 [  0 167   0   1   0   5   0   0   0]
 [  0   6   0   6   3   0   0   0   0]
 [  0   2   0 128   0   3   2   0   1]
 [  0   5  13  39 191  28   0   2   7]
 [  0   5  72  18   3 118   2  12  52]
 [  0   4  33   6   0  21 389  70 141]
 [  0   2   2   1   0  11   5 112  82]
 [  0   1   0   0   0   2   2   4  93]]",13.926320791244507,0.1439521312713623
21,ToN_IoT,-1,poly,StandardScaler,HHH,0.5415150173790585,-1,-1,90.91435185185185,54.511871762657925,5.110677083333334,49.66666666666668,48.26048389372351,-1,"{'0Normal': {'precision': 0.785, 'recall': 0.9936708860759493, 'f1-score': 0.8770949720670391, 'support': 158.0}, 'BruteForce': {'precision': 0.0, 'recall': 0.0, 'f1-score': 0.0, 'support': 16.0}, 'DDoS': {'precision': 0.625, 'recall': 0.9259259259259259, 'f1-score': 0.746268656716418, 'support': 135.0}, 'DoS': {'precision': 0.96, 'recall': 0.6956521739130435, 'f1-score': 0.8067226890756303, 'support': 276.0}, 'MITM': {'precision': 0.56, 'recall': 0.3957597173144876, 'f1-score': 0.463768115942029, 'support': 283.0}, 'Malware': {'precision': 0.955, 'recall': 0.5225718194254446, 'f1-score': 0.6755083996463307, 'support': 731.0}, 'Scan': {'precision': 0.335, 'recall': 0.43790849673202614, 'f1-score': 0.37960339943342775, 'support': 153.0}, 'WebAttack': {'precision': 0.25, 'recall': 0.9345794392523364, 'f1-score': 0.39447731755424065, 'support': 107.0}, 'micro avg': {'precision': 0.5911458333333334, 'recall': 0.6105433028509951, 'f1-score': 0.600688012701773, 'support': 1859.0}, 'macro avg': {'precision': 0.5587500000000001, 'recall': 0.6132585573299016, 'f1-score': 0.5429304438043895, 'support': 1859.0}, 'weighted avg': {'precision': 0.7573722431414739, 'recall': 0.6105433028509951, 'f1-score': 0.6386843176292969, 'support': 1859.0}}","[[  0  15   0   2   3  16   1   0  24]
 [  0 157   0   0   0   1   0   0   0]
 [  0   9   0   1   3   2   1   0   0]
 [  0   3   3 125   0   3   1   0   0]
 [  0   5  10  24 192  28   0   2  15]
 [  0   5  67  40   2 112  12   1  44]
 [  0   3  40   7   0  28 382 125 146]
 [  0   2   0   1   0   9   3  67  71]
 [  0   1   0   0   0   1   0   5 100]]",14.858643054962158,0.19199037551879883
22,ToN_IoT,-1,linear,StandardScaler,HHH,0.20995146034080953,-1,-1,84.65277777777777,29.686984664701356,8.6328125,23.194444444444443,21.456408880684563,-1,"{'0Normal': {'precision': 0.325, 'recall': 0.9027777777777778, 'f1-score': 0.47794117647058826, 'support': 72.0}, 'BruteForce': {'precision': 0.0, 'recall': 0.0, 'f1-score': 0.0, 'support': 62.0}, 'DDoS': {'precision': 0.155, 'recall': 0.6458333333333334, 'f1-score': 0.25, 'support': 48.0}, 'DoS': {'precision': 0.345, 'recall': 0.5111111111111111, 'f1-score': 0.41194029850746267, 'support': 135.0}, 'MITM': {'precision': 0.335, 'recall': 0.11092715231788079, 'f1-score': 0.16666666666666666, 'support': 604.0}, 'Malware': {'precision': 0.8825, 'recall': 0.41627358490566035, 'f1-score': 0.5657051282051282, 'support': 848.0}, 'Scan': {'precision': 0.045, 'recall': 0.08490566037735849, 'f1-score': 0.058823529411764705, 'support': 106.0}, 'WebAttack': {'precision': 0.0, 'recall': 0.0, 'f1-score': 0.0, 'support': 11.0}, 'micro avg': {'precision': 0.309375, 'recall': 0.3149522799575822, 'f1-score': 0.31213872832369943, 'support': 1886.0}, 'macro avg': {'precision': 0.2609375, 'recall': 0.3339785774778902, 'f1-score': 0.24138459990770134, 'support': 1886.0}, 'weighted avg': {'precision': 0.5476590668080594, 'recall': 0.3149522799575822, 'f1-score': 0.36513447216683576, 'support': 1886.0}}","[[  0  26   0   2   3   3   0   0   0]
 [  0  65   0   0   0   6   1   0   0]
 [  0  58   0   0   3   1   0   0   0]
 [  0  13   0  31   0   3   0   0   1]
 [  0   5   3  21  69  18   2   7  10]
 [  0   6  38 127 123  67  43 109  91]
 [  0  15  79  19   0  68 353  75 239]
 [  0  11   0   0   2  25   0   9  59]
 [  0   1   0   0   0   9   1   0   0]]",14.411235094070435,0.06042933464050293
23,ToN_IoT,-1,sigmoid,StandardScaler,HHH,0.21335111652318317,-1,-1,84.38657407407408,29.87358273934771,8.782552083333334,24.703703703703706,23.387536436498685,-1,"{'0Normal': {'precision': 0.15, 'recall': 0.5882352941176471, 'f1-score': 0.23904382470119523, 'support': 51.0}, 'BruteForce': {'precision': 0.008333333333333333, 'recall': 0.014084507042253521, 'f1-score': 0.010471204188481676, 'support': 71.0}, 'DDoS': {'precision': 0.15, 'recall': 0.4225352112676056, 'f1-score': 0.22140221402214022, 'support': 71.0}, 'DoS': {'precision': 0.96, 'recall': 0.5092838196286472, 'f1-score': 0.6655112651646448, 'support': 377.0}, 'MITM': {'precision': 0.12, 'recall': 0.10126582278481013, 'f1-score': 0.10983981693363844, 'support': 237.0}, 'Malware': {'precision': 0.51, 'recall': 0.4563758389261745, 'f1-score': 0.4817001180637544, 'support': 447.0}, 'Scan': {'precision': 0.2, 'recall': 0.1694915254237288, 'f1-score': 0.1834862385321101, 'support': 236.0}, 'WebAttack': {'precision': 0.125, 'recall': 0.42735042735042733, 'f1-score': 0.19342359767891681, 'support': 117.0}, 'micro avg': {'precision': 0.29739583333333336, 'recall': 0.35532047293092717, 'f1-score': 0.3237879217465268, 'support': 1607.0}, 'macro avg': {'precision': 0.27791666666666665, 'recall': 0.3360778058176618, 'f1-score': 0.2631097849106102, 'support': 1607.0}, 'weighted avg': {'precision': 0.4350010371292263, 'recall': 0.35532047293092717, 'f1-score': 0.3651756672866011, 'support': 1607.0}}","[[  0  89   0  26   4  73  36  25  60]
 [  0  30   1  12   0   5   2   0   1]
 [  0  41   1  15   1   7   1   1   4]
 [  0  13   2  30   0  14   3   4   5]
 [  0   7  27  50 192  20  43  24  14]
 [  0   8  32  29   1  24  35  40  68]
 [  0   3  40  17   0  29 204  47 107]
 [  0   6  16  13   1  17  52  40  91]
 [  0   3   1   8   1  11  24  19  50]]",15.674272775650024,0.1514873504638672
24,ToN_IoT,-1,None,StandardScaler,HHH,0.20995146034080953,-1,-1,84.65277777777777,29.686984664701356,8.6328125,23.194444444444443,21.456408880684563,-1,"{'0Normal': {'precision': 0.325, 'recall': 0.9027777777777778, 'f1-score': 0.47794117647058826, 'support': 72.0}, 'BruteForce': {'precision': 0.0, 'recall': 0.0, 'f1-score': 0.0, 'support': 62.0}, 'DDoS': {'precision': 0.155, 'recall': 0.6458333333333334, 'f1-score': 0.25, 'support': 48.0}, 'DoS': {'precision': 0.345, 'recall': 0.5111111111111111, 'f1-score': 0.41194029850746267, 'support': 135.0}, 'MITM': {'precision': 0.335, 'recall': 0.11092715231788079, 'f1-score': 0.16666666666666666, 'support': 604.0}, 'Malware': {'precision': 0.8825, 'recall': 0.41627358490566035, 'f1-score': 0.5657051282051282, 'support': 848.0}, 'Scan': {'precision': 0.045, 'recall': 0.08490566037735849, 'f1-score': 0.058823529411764705, 'support': 106.0}, 'WebAttack': {'precision': 0.0, 'recall': 0.0, 'f1-score': 0.0, 'support': 11.0}, 'micro avg': {'precision': 0.309375, 'recall': 0.3149522799575822, 'f1-score': 0.31213872832369943, 'support': 1886.0}, 'macro avg': {'precision': 0.2609375, 'recall': 0.3339785774778902, 'f1-score': 0.24138459990770134, 'support': 1886.0}, 'weighted avg': {'precision': 0.5476590668080594, 'recall': 0.3149522799575822, 'f1-score': 0.36513447216683576, 'support': 1886.0}}","[[  0  26   0   2   3   3   0   0   0]
 [  0  65   0   0   0   6   1   0   0]
 [  0  58   0   0   3   1   0   0   0]
 [  0  13   0  31   0   3   0   0   1]
 [  0   5   3  21  69  18   2   7  10]
 [  0   6  38 127 123  67  43 109  91]
 [  0  15  79  19   0  68 353  75 239]
 [  0  11   0   0   2  25   0   9  59]
 [  0   1   0   0   0   9   1   0   0]]",14.551230430603027,0.007479429244995117
25,ToN_IoT,0,rbf,StandardScaler,HHH,0.3945364710645702,-1,-1,87.92824074074073,45.995329828898605,6.790364583333333,40.19444444444444,36.53785819791199,-1,"{'0Normal': {'precision': 0.815, 'recall': 0.9588235294117647, 'f1-score': 0.8810810810810811, 'support': 170.0}, 'BruteForce': {'precision': 0.0, 'recall': 0.0, 'f1-score': 0.0, 'support': 16.0}, 'DDoS': {'precision': 0.29, 'recall': 0.7631578947368421, 'f1-score': 0.42028985507246375, 'support': 76.0}, 'DoS': {'precision': 0.97, 'recall': 0.35793357933579334, 'f1-score': 0.522911051212938, 'support': 542.0}, 'MITM': {'precision': 0.38, 'recall': 0.1919191919191919, 'f1-score': 0.2550335570469799, 'support': 396.0}, 'Malware': {'precision': 0.68, 'recall': 0.5506072874493927, 'f1-score': 0.6085011185682326, 'support': 494.0}, 'Scan': {'precision': 0.395, 'recall': 0.5031847133757962, 'f1-score': 0.4425770308123249, 'support': 157.0}, 'WebAttack': {'precision': 0.0875, 'recall': 0.813953488372093, 'f1-score': 0.1580135440180587, 'support': 43.0}, 'micro avg': {'precision': 0.45677083333333335, 'recall': 0.46304118268215416, 'f1-score': 0.45988463555322495, 'support': 1894.0}, 'macro avg': {'precision': 0.4521875, 'recall': 0.5174474605751093, 'f1-score': 0.41105090472650985, 'support': 1894.0}, 'weighted avg': {'precision': 0.6539110348468848, 'recall': 0.46304118268215416, 'f1-score': 0.4978963146358637, 'support': 1894.0}}","[[  0  12   0   1   3   9   1   0   0]
 [  0 163   0   2   0   5   0   0   0]
 [  0   5   0   6   2   2   0   0   1]
 [  0   6   0  58   1   5   3   0   3]
 [  0   5  67  85 194  71  12   1 107]
 [  0   4  45  29   0  76  98  33 111]
 [  0   4   8  19   0  28 272  80  83]
 [  0   1   0   0   0   4  13  79  60]
 [  0   0   0   0   0   0   1   7  35]]",0.1354067325592041,0.026139497756958008
26,ToN_IoT,0,poly,StandardScaler,HHH,0.26141636813175984,-1,-1,85.41666666666666,35.94161776057456,8.203125,28.305555555555557,27.578614368121684,-1,"{'0Normal': {'precision': 0.75, 'recall': 0.9933774834437086, 'f1-score': 0.8547008547008547, 'support': 151.0}, 'BruteForce': {'precision': 0.0, 'recall': 0.0, 'f1-score': 0.0, 'support': 25.0}, 'DDoS': {'precision': 0.215, 'recall': 0.5657894736842105, 'f1-score': 0.3115942028985507, 'support': 76.0}, 'DoS': {'precision': 0.32, 'recall': 0.1285140562248996, 'f1-score': 0.1833810888252149, 'support': 498.0}, 'MITM': {'precision': 0.32, 'recall': 0.1306122448979592, 'f1-score': 0.1855072463768116, 'support': 490.0}, 'Malware': {'precision': 0.715, 'recall': 0.6203904555314533, 'f1-score': 0.6643437862950058, 'support': 461.0}, 'Scan': {'precision': 0.19, 'recall': 0.24050632911392406, 'f1-score': 0.2122905027932961, 'support': 158.0}, 'WebAttack': {'precision': 0.0375, 'recall': 0.5555555555555556, 'f1-score': 0.0702576112412178, 'support': 27.0}, 'micro avg': {'precision': 0.34375, 'recall': 0.34994697773064687, 'f1-score': 0.3468208092485549, 'support': 1886.0}, 'macro avg': {'precision': 0.31843750000000004, 'recall': 0.4043431998064638, 'f1-score': 0.31025941164136894, 'support': 1886.0}, 'weighted avg': {'precision': 0.4275702545068929, 'recall': 0.34994697773064687, 'f1-score': 0.35878295963232504, 'support': 1886.0}}","[[  0  12   0   2   3  12   1   1   3]
 [  0 150   0   0   0   0   1   0   0]
 [  0  14   0   5   3   3   0   0   0]
 [  0  10   0  43  12   8   0   0   3]
 [  0   6  93 101  64  81   4  10 139]
 [  0   4  20  31 118  64 102  46 105]
 [  0   2   7  18   0  23 286  94  31]
 [  0   1   0   0   0   9   6  38 104]
 [  0   1   0   0   0   0   0  11  15]]",0.06720900535583496,0.03917694091796875
27,ToN_IoT,0,linear,StandardScaler,HHH,0.12168019370431217,-1,-1,82.77777777777777,23.980077555066742,9.6875,13.694444444444443,13.258745862138522,-1,"{'0Normal': {'precision': 0.055, 'recall': 1.0, 'f1-score': 0.10426540284360189, 'support': 11.0}, 'BruteForce': {'precision': 0.0, 'recall': 0.0, 'f1-score': 0.0, 'support': 30.0}, 'DDoS': {'precision': 0.155, 'recall': 0.3924050632911392, 'f1-score': 0.2222222222222222, 'support': 79.0}, 'DoS': {'precision': 0.015, 'recall': 0.004658385093167702, 'f1-score': 0.0071090047393364926, 'support': 644.0}, 'MITM': {'precision': 0.08, 'recall': 0.026490066225165563, 'f1-score': 0.03980099502487562, 'support': 604.0}, 'Malware': {'precision': 0.9275, 'recall': 0.7346534653465346, 'f1-score': 0.8198895027624309, 'support': 505.0}, 'Scan': {'precision': 0.0, 'recall': 0.0, 'f1-score': 0.0, 'support': 9.0}, 'WebAttack': {'precision': 0.0, 'recall': 0.0, 'f1-score': 0.0, 'support': 8.0}, 'micro avg': {'precision': 0.225, 'recall': 0.22857142857142856, 'f1-score': 0.22677165354330708, 'support': 1890.0}, 'macro avg': {'precision': 0.1540625, 'recall': 0.2697758724945009, 'f1-score': 0.14916089094905838, 'support': 1890.0}, 'weighted avg': {'precision': 0.2853002645502645, 'recall': 0.22857142857142856, 'f1-score': 0.24410829308413776, 'support': 1890.0}}","[[  0  27   0   1   0   2   0   0   0]
 [  0  11   0   0   0   0   0   0   0]
 [  0  30   0   0   0   0   0   0   0]
 [  0  37   0  31   0   9   1   0   1]
 [  0  40  92  14   3 152   0   1 342]
 [  0  52  20 148 151  16  27 140  50]
 [  0   2   8   5  46   7 371  59   7]
 [  0   1   0   1   0   7   0   0   0]
 [  0   0   0   0   0   7   1   0   0]]",0.0007998943328857422,0.0075283050537109375
28,ToN_IoT,0,sigmoid,StandardScaler,HHH,0.042632982996400524,-1,-1,80.86805555555556,16.969108987064175,10.76171875,12.046296296296296,13.733105664911108,-1,"{'0Normal': {'precision': 0.14, 'recall': 0.3010752688172043, 'f1-score': 0.19112627986348124, 'support': 93.0}, 'BruteForce': {'precision': 0.11666666666666667, 'recall': 0.12612612612612611, 'f1-score': 0.12121212121212122, 'support': 111.0}, 'DDoS': {'precision': 0.23, 'recall': 0.2754491017964072, 'f1-score': 0.2506811989100817, 'support': 167.0}, 'DoS': {'precision': 0.01, 'recall': 0.008333333333333333, 'f1-score': 0.00909090909090909, 'support': 240.0}, 'MITM': {'precision': 0.1, 'recall': 0.06309148264984227, 'f1-score': 0.07736943907156674, 'support': 317.0}, 'Malware': {'precision': 0.245, 'recall': 0.3643122676579926, 'f1-score': 0.2929745889387145, 'support': 269.0}, 'Scan': {'precision': 0.19, 'recall': 0.25675675675675674, 'f1-score': 0.21839080459770116, 'support': 148.0}, 'WebAttack': {'precision': 0.0525, 'recall': 0.1320754716981132, 'f1-score': 0.07513416815742398, 'support': 159.0}, 'micro avg': {'precision': 0.1390625, 'recall': 0.17752659574468085, 'f1-score': 0.15595794392523366, 'support': 1504.0}, 'macro avg': {'precision': 0.1355208333333333, 'recall': 0.19090247610447197, 'f1-score': 0.15449743873024996, 'support': 1504.0}, 'weighted avg': {'precision': 0.13354554521276596, 'recall': 0.17752659574468085, 'f1-score': 0.14819103478014767, 'support': 1504.0}}","[[  0  74  11  12  39 104  36  33 107]
 [  0  28  21   3   1   6   0   0  34]
 [  0  34  14   7   0   6   2   1  47]
 [  0  14  21  46   1  16  21   6  42]
 [  0  13  28  64   2  15  43  18  57]
 [  0  11  12  39  53  20 101  36  45]
 [  0  11   8  16  48  13  98  41  34]
 [  0   4   4   8  30  13  38  38  13]
 [  0  11   1   5  26   7  61  27  21]]",0.10091209411621094,0.025455236434936523
29,ToN_IoT,0,None,StandardScaler,HHH,0.12952485149748924,-1,-1,82.08881578947368,25.174329693332968,10.234962406015038,15.611111111111112,15.490721843056829,-1,"{'0Normal': {'precision': 0.15, 'recall': 0.967741935483871, 'f1-score': 0.2597402597402597, 'support': 31.0}, 'BruteForce': {'precision': 0.0, 'recall': 0.0, 'f1-score': 0.0, 'support': 1.0}, 'DDoS': {'precision': 0.155, 'recall': 0.4492753623188406, 'f1-score': 0.23048327137546468, 'support': 69.0}, 'DoS': {'precision': 0.035, 'recall': 0.010189228529839884, 'f1-score': 0.015783540022547914, 'support': 687.0}, 'MITM': {'precision': 0.315, 'recall': 0.08848314606741572, 'f1-score': 0.13815789473684212, 'support': 712.0}, 'Malware': {'precision': 0.75, 'recall': 0.75, 'f1-score': 0.75, 'support': 400.0}, 'Scan': {'precision': 0.0, 'recall': 0.0, 'f1-score': 0.0, 'support': 5.0}, 'WebAttack': {'precision': 0.0, 'recall': 0.0, 'f1-score': 0.0, 'support': 0.0}, 'micro avg': {'precision': 0.22447916666666667, 'recall': 0.226246719160105, 'f1-score': 0.225359477124183, 'support': 1905.0}, 'macro avg': {'precision': 0.17562499999999998, 'recall': 0.2832112090499959, 'f1-score': 0.17427062073438931, 'support': 1905.0}, 'weighted avg': {'precision': 0.2958897637795275, 'recall': 0.226246719160105, 'f1-score': 0.22738425555116906, 'support': 1905.0}}","[[  0  13   0   1   0   1   0   0]
 [  0  30   0   0   0   1   0   0]
 [  0   1   0   0   0   0   0   0]
 [  0  36   0  31   0   1   0   0]
 [  0  95  92  80   7 113   9  14]
 [  0  21  20  82 193  63  91 133]
 [  0   4   8   6   0  19 300  53]
 [  0   0   0   0   0   2   0   0]]",0.0005383491516113281,0.0039031505584716797
30,ToN_IoT,2,rbf,StandardScaler,HHH,0.4619040022453478,-1,-1,89.34027777777777,49.70910772022448,5.99609375,43.44444444444445,42.70496417751529,-1,"{'0Normal': {'precision': 0.84, 'recall': 0.9385474860335196, 'f1-score': 0.8865435356200527, 'support': 179.0}, 'BruteForce': {'precision': 0.0, 'recall': 0.0, 'f1-score': 0.0, 'support': 18.0}, 'DDoS': {'precision': 0.57, 'recall': 0.8507462686567164, 'f1-score': 0.6826347305389222, 'support': 134.0}, 'DoS': {'precision': 0.54, 'recall': 0.375, 'f1-score': 0.4426229508196721, 'support': 288.0}, 'MITM': {'precision': 0.52, 'recall': 0.20634920634920634, 'f1-score': 0.29545454545454547, 'support': 504.0}, 'Malware': {'precision': 0.845, 'recall': 0.6666666666666666, 'f1-score': 0.7453142227122381, 'support': 507.0}, 'Scan': {'precision': 0.355, 'recall': 0.47651006711409394, 'f1-score': 0.4068767908309456, 'support': 149.0}, 'WebAttack': {'precision': 0.24, 'recall': 0.96, 'f1-score': 0.384, 'support': 100.0}, 'micro avg': {'precision': 0.5203125, 'recall': 0.5316657796700373, 'f1-score': 0.5259278757567781, 'support': 1879.0}, 'macro avg': {'precision': 0.48874999999999996, 'recall': 0.5592274618525254, 'f1-score': 0.4804308469970471, 'support': 1879.0}, 'weighted avg': {'precision': 0.6118414050026609, 'recall': 0.5316657796700373, 'f1-score': 0.534032889974602, 'support': 1879.0}}","[[  0  12   0   0   0  10   1   1  17]
 [  0 168   0   2   2   7   0   0   0]
 [  0   6   0   6   2   2   1   0   1]
 [  0   5   7 114   2   3   3   0   0]
 [  0   1  71  31 108  41  20   1  15]
 [  0   5  34  37  86 104  37  56 145]
 [  0   3   8   9   0  24 338  67  58]
 [  0   0   0   1   0   9   0  71  68]
 [  0   0   0   0   0   0   0   4  96]]",0.2421865463256836,0.040342092514038086
31,ToN_IoT,2,poly,StandardScaler,HHH,0.4304489230631217,-1,-1,88.73842592592592,49.4985893311043,6.334635416666666,41.52777777777778,41.12438620235628,-1,"{'0Normal': {'precision': 0.755, 'recall': 0.9805194805194806, 'f1-score': 0.8531073446327684, 'support': 154.0}, 'BruteForce': {'precision': 0.0, 'recall': 0.0, 'f1-score': 0.0, 'support': 19.0}, 'DDoS': {'precision': 0.57, 'recall': 0.890625, 'f1-score': 0.6951219512195121, 'support': 128.0}, 'DoS': {'precision': 0.605, 'recall': 0.3805031446540881, 'f1-score': 0.4671814671814672, 'support': 318.0}, 'MITM': {'precision': 0.48, 'recall': 0.2, 'f1-score': 0.2823529411764706, 'support': 480.0}, 'Malware': {'precision': 0.78, 'recall': 0.6046511627906976, 'f1-score': 0.6812227074235808, 'support': 516.0}, 'Scan': {'precision': 0.33, 'recall': 0.40993788819875776, 'f1-score': 0.3656509695290859, 'support': 161.0}, 'WebAttack': {'precision': 0.2175, 'recall': 0.9886363636363636, 'f1-score': 0.35655737704918034, 'support': 88.0}, 'micro avg': {'precision': 0.49322916666666666, 'recall': 0.5080472103004292, 'f1-score': 0.5005285412262156, 'support': 1864.0}, 'macro avg': {'precision': 0.4671875, 'recall': 0.5568591299749235, 'f1-score': 0.46264934477650815, 'support': 1864.0}, 'weighted avg': {'precision': 0.5830311158798284, 'recall': 0.5080472103004292, 'f1-score': 0.5076207250338169, 'support': 1864.0}}","[[  0  19   0   3   0  17   2   1  14]
 [  0 151   0   0   3   0   0   0   0]
 [  0  13   0   5   0   1   0   0   0]
 [  0   7   2 114   2   3   0   0   0]
 [  0   3  77  28 121  46   4   0  39]
 [  0   3  33  26  74  96  78  38 132]
 [  0   3   8  23   0  29 312  94  47]
 [  0   1   0   1   0   8   4  66  81]
 [  0   0   0   0   0   0   0   1  87]]",0.18117570877075195,0.0472109317779541
32,ToN_IoT,2,linear,StandardScaler,HHH,0.30243330392503953,-1,-1,85.94907407407408,39.80647458701512,7.903645833333334,30.58333333333333,26.44934364028947,-1,"{'0Normal': {'precision': 0.545, 'recall': 0.9732142857142857, 'f1-score': 0.6987179487179487, 'support': 112.0}, 'BruteForce': {'precision': 0.0, 'recall': 0.0, 'f1-score': 0.0, 'support': 15.0}, 'DDoS': {'precision': 0.19, 'recall': 0.35514018691588783, 'f1-score': 0.247557003257329, 'support': 107.0}, 'DoS': {'precision': 0.965, 'recall': 0.29510703363914376, 'f1-score': 0.4519906323185012, 'support': 654.0}, 'MITM': {'precision': 0.235, 'recall': 0.09494949494949495, 'f1-score': 0.13525179856115108, 'support': 495.0}, 'Malware': {'precision': 0.7675, 'recall': 0.7772151898734178, 'f1-score': 0.7723270440251573, 'support': 395.0}, 'Scan': {'precision': 0.04, 'recall': 0.08695652173913043, 'f1-score': 0.0547945205479452, 'support': 92.0}, 'WebAttack': {'precision': 0.01, 'recall': 1.0, 'f1-score': 0.019801980198019802, 'support': 4.0}, 'micro avg': {'precision': 0.36770833333333336, 'recall': 0.3767342582710779, 'f1-score': 0.37216657880864523, 'support': 1874.0}, 'macro avg': {'precision': 0.34406250000000005, 'recall': 0.44782283910392007, 'f1-score': 0.2975551159532565, 'support': 1874.0}, 'weighted avg': {'precision': 0.606023212379936, 'recall': 0.3767342582710779, 'f1-score': 0.4148804747226009, 'support': 1874.0}}","[[  0  24   0   3   3  13   0   0   3]
 [  0 109   0   0   2   1   0   0   0]
 [  0  13   0   0   1   1   0   0   0]
 [  0  39   2  38   0  25   1   0   2]
 [  0  10 103  58 193  86   2   7 195]
 [  0   2  15  98   1  47  62 150 120]
 [  0   3   0   3   0  22 307  35  25]
 [  0   0   0   0   0   5  28   8  51]
 [  0   0   0   0   0   0   0   0   4]]",0.015395879745483398,0.019895315170288086
33,ToN_IoT,2,sigmoid,StandardScaler,HHH,0.29635992509761677,-1,-1,86.0300925925926,37.44126567112554,7.858072916666667,31.5,30.23881682950037,-1,"{'0Normal': {'precision': 0.39, 'recall': 0.8764044943820225, 'f1-score': 0.5397923875432526, 'support': 89.0}, 'BruteForce': {'precision': 0.0, 'recall': 0.0, 'f1-score': 0.0, 'support': 59.0}, 'DDoS': {'precision': 0.185, 'recall': 0.4805194805194805, 'f1-score': 0.26714801444043323, 'support': 77.0}, 'DoS': {'precision': 0.9, 'recall': 0.4265402843601896, 'f1-score': 0.5787781350482315, 'support': 422.0}, 'MITM': {'precision': 0.275, 'recall': 0.16819571865443425, 'f1-score': 0.20872865275142316, 'support': 327.0}, 'Malware': {'precision': 0.61, 'recall': 0.5622119815668203, 'f1-score': 0.5851318944844125, 'support': 434.0}, 'Scan': {'precision': 0.355, 'recall': 0.3397129186602871, 'f1-score': 0.3471882640586797, 'support': 209.0}, 'WebAttack': {'precision': 0.12, 'recall': 0.5161290322580645, 'f1-score': 0.1947261663286004, 'support': 93.0}, 'micro avg': {'precision': 0.37135416666666665, 'recall': 0.41695906432748536, 'f1-score': 0.3928374655647383, 'support': 1710.0}, 'macro avg': {'precision': 0.354375, 'recall': 0.42121423880016234, 'f1-score': 0.3401866893318791, 'support': 1710.0}, 'weighted avg': {'precision': 0.5080555555555556, 'recall': 0.41695906432748536, 'f1-score': 0.4244033245066613, 'support': 1710.0}}","[[  0  61   0   7   3  45   4   3  87]
 [  0  78   0   9   0   1   0   0   1]
 [  0  31   0  20   2   2   2   0   2]
 [  0   9  13  37   3  12   1   1   1]
 [  0   1  65  51 180  34  24   1  66]
 [  0   3  28  43  12  55  41  31 114]
 [  0   5  13  18   0  26 244  85  43]
 [  0  10   1  15   0  17  57  71  38]
 [  0   2   0   0   0   8  27   8  48]]",0.1564784049987793,0.03652787208557129
34,ToN_IoT,2,None,StandardScaler,HHH,0.24074733810963458,-1,-1,84.9074074074074,36.1484599543086,8.489583333333334,26.111111111111114,24.737998520448677,-1,"{'0Normal': {'precision': 0.525, 'recall': 0.9722222222222222, 'f1-score': 0.6818181818181818, 'support': 108.0}, 'BruteForce': {'precision': 0.0, 'recall': 0.0, 'f1-score': 0.0, 'support': 47.0}, 'DDoS': {'precision': 0.22, 'recall': 0.13793103448275862, 'f1-score': 0.16955684007707128, 'support': 319.0}, 'DoS': {'precision': 0.67, 'recall': 0.25621414913957935, 'f1-score': 0.3706777316735823, 'support': 523.0}, 'MITM': {'precision': 0.17, 'recall': 0.07981220657276995, 'f1-score': 0.10862619808306709, 'support': 426.0}, 'Malware': {'precision': 0.6675, 'recall': 0.8090909090909091, 'f1-score': 0.7315068493150685, 'support': 330.0}, 'Scan': {'precision': 0.035, 'recall': 0.07216494845360824, 'f1-score': 0.04713804713804714, 'support': 97.0}, 'WebAttack': {'precision': 0.0625, 'recall': 0.9259259259259259, 'f1-score': 0.117096018735363, 'support': 27.0}, 'micro avg': {'precision': 0.32083333333333336, 'recall': 0.32818327117741075, 'f1-score': 0.3244666842243877, 'support': 1877.0}, 'macro avg': {'precision': 0.29375, 'recall': 0.40667017448597165, 'f1-score': 0.27830248335504765, 'support': 1877.0}, 'weighted avg': {'precision': 0.41292887586574323, 'recall': 0.32818327117741075, 'f1-score': 0.3287136137569725, 'support': 1877.0}}","[[  0  20   0   2   3  15   0   0   3]
 [  0 105   0   0   2   1   0   0   0]
 [  0  39   0   0   1   6   1   0   0]
 [  0  21  67  44  59  41   1   0  86]
 [  0   9  38  99 134  73  11  32 127]
 [  0   3  15  53   1  34  84 134 102]
 [  0   3   0   2   0  20 267  27  11]
 [  0   0   0   0   0   8  36   7  46]
 [  0   0   0   0   0   2   0   0  25]]",0.01604771614074707,0.00735020637512207
35,ToN_IoT,3,rbf,StandardScaler,HHH,0.4335676026797889,-1,-1,88.83101851851852,48.184857191906055,6.282552083333333,40.444444444444436,40.45482676258689,-1,"{'0Normal': {'precision': 0.825, 'recall': 0.9482758620689655, 'f1-score': 0.8823529411764706, 'support': 174.0}, 'BruteForce': {'precision': 0.0, 'recall': 0.0, 'f1-score': 0.0, 'support': 24.0}, 'DDoS': {'precision': 0.585, 'recall': 0.9069767441860465, 'f1-score': 0.7112462006079028, 'support': 129.0}, 'DoS': {'precision': 0.265, 'recall': 0.24651162790697675, 'f1-score': 0.25542168674698795, 'support': 215.0}, 'MITM': {'precision': 0.545, 'recall': 0.19926873857404023, 'f1-score': 0.2918340026773762, 'support': 547.0}, 'Malware': {'precision': 0.855, 'recall': 0.6074600355239786, 'f1-score': 0.7102803738317757, 'support': 563.0}, 'Scan': {'precision': 0.285, 'recall': 0.4789915966386555, 'f1-score': 0.3573667711598746, 'support': 119.0}, 'WebAttack': {'precision': 0.28, 'recall': 0.9491525423728814, 'f1-score': 0.43243243243243246, 'support': 118.0}, 'micro avg': {'precision': 0.4973958333333333, 'recall': 0.505558496559026, 'f1-score': 0.5014439485429246, 'support': 1889.0}, 'macro avg': {'precision': 0.45499999999999996, 'recall': 0.542079643408943, 'f1-score': 0.4551168010791025, 'support': 1889.0}, 'weighted avg': {'precision': 0.5941900476442563, 'recall': 0.505558496559026, 'f1-score': 0.5046429629542585, 'support': 1889.0}}","[[  0   4   0   0   3   8   1   1  14]
 [  0 165   0   3   0   5   0   0   1]
 [  0  17   0   2   3   2   0   0   0]
 [  0   7   0 117   0   5   0   0   0]
 [  0   1  74  22  53  39   2   0  24]
 [  0   3  35  32 141 109  49  26 152]
 [  0   2  11  24   0  26 342 111  47]
 [  0   0   0   0   0   6   6  57  50]
 [  0   1   0   0   0   0   0   5 112]]",0.3035745620727539,0.18602776527404785
36,ToN_IoT,3,poly,StandardScaler,HHH,0.43466878491692984,-1,-1,88.86574074074073,48.95972554907766,6.263020833333334,40.94444444444444,41.00664874818223,-1,"{'0Normal': {'precision': 0.78, 'recall': 0.9811320754716981, 'f1-score': 0.8690807799442897, 'support': 159.0}, 'BruteForce': {'precision': 0.0, 'recall': 0.0, 'f1-score': 0.0, 'support': 25.0}, 'DDoS': {'precision': 0.59, 'recall': 0.9147286821705426, 'f1-score': 0.7173252279635258, 'support': 129.0}, 'DoS': {'precision': 0.435, 'recall': 0.3686440677966102, 'f1-score': 0.39908256880733944, 'support': 236.0}, 'MITM': {'precision': 0.5, 'recall': 0.20040080160320642, 'f1-score': 0.2861230329041488, 'support': 499.0}, 'Malware': {'precision': 0.855, 'recall': 0.5876288659793815, 'f1-score': 0.6965376782077393, 'support': 582.0}, 'Scan': {'precision': 0.275, 'recall': 0.40145985401459855, 'f1-score': 0.3264094955489614, 'support': 137.0}, 'WebAttack': {'precision': 0.25, 'recall': 0.9523809523809523, 'f1-score': 0.39603960396039606, 'support': 105.0}, 'micro avg': {'precision': 0.49895833333333334, 'recall': 0.5117521367521367, 'f1-score': 0.5052742616033755, 'support': 1872.0}, 'macro avg': {'precision': 0.46062499999999995, 'recall': 0.5507969124271237, 'f1-score': 0.4613247984170501, 'support': 1872.0}, 'weighted avg': {'precision': 0.5949919871794871, 'recall': 0.5117521367521367, 'f1-score': 0.512481231890541, 'support': 1872.0}}","[[  0  14   0   3   3  16   0   1  11]
 [  0 156   0   0   0   2   0   0   1]
 [  0  18   0   3   3   1   0   0   0]
 [  0   5   1 118   0   5   0   0   0]
 [  0   1  70  18  87  38   2   0  20]
 [  0   3  36  30 107 100  49  22 152]
 [  0   2  13  28   0  31 342 119  47]
 [  0   0   0   0   0   6   7  55  69]
 [  0   1   0   0   0   1   0   3 100]]",0.2721741199493408,0.17444920539855957
37,ToN_IoT,3,linear,StandardScaler,HHH,0.20880337075994132,-1,-1,84.43287037037037,33.363296478960166,8.756510416666668,23.611111111111114,24.250966096496985,-1,"{'0Normal': {'precision': 0.68, 'recall': 0.9714285714285714, 'f1-score': 0.8, 'support': 140.0}, 'BruteForce': {'precision': 0.0, 'recall': 0.0, 'f1-score': 0.0, 'support': 32.0}, 'DDoS': {'precision': 0.36, 'recall': 0.6, 'f1-score': 0.45, 'support': 120.0}, 'DoS': {'precision': 0.01, 'recall': 0.0051813471502590676, 'f1-score': 0.006825938566552901, 'support': 386.0}, 'MITM': {'precision': 0.285, 'recall': 0.09982486865148861, 'f1-score': 0.14785992217898833, 'support': 571.0}, 'Malware': {'precision': 0.7125, 'recall': 0.6115879828326181, 'f1-score': 0.6581986143187067, 'support': 466.0}, 'Scan': {'precision': 0.04, 'recall': 0.0625, 'f1-score': 0.04878048780487805, 'support': 128.0}, 'WebAttack': {'precision': 0.0375, 'recall': 0.6521739130434783, 'f1-score': 0.07092198581560284, 'support': 23.0}, 'micro avg': {'precision': 0.2994791666666667, 'recall': 0.30814576634512325, 'f1-score': 0.30375066032752246, 'support': 1866.0}, 'macro avg': {'precision': 0.265625, 'recall': 0.3753370853883019, 'f1-score': 0.27282336858559114, 'support': 1866.0}, 'weighted avg': {'precision': 0.34458869239013934, 'recall': 0.30814576634512325, 'f1-score': 0.30421140955851683, 'support': 1866.0}}","[[  0  20   0   3   2  18   1   1   9]
 [  0 136   0   0   3   1   0   0   0]
 [  0  28   0   0   1   2   1   0   0]
 [  0   5   4  72   0  34   0   0   5]
 [  0   4  88  65   2  51  21   1 154]
 [  0   5  21  59 192  57  56 116  65]
 [  0   2   7   1   0  28 285  74  69]
 [  0   0   0   0   0   7  30   8  83]
 [  0   0   0   0   0   2   6   0  15]]",0.09432363510131836,0.09207725524902344
38,ToN_IoT,3,sigmoid,StandardScaler,HHH,0.0007530689739206598,-1,-1,78.91203703703704,11.454828713938731,11.861979166666666,4.027777777777778,5.56305642519777,-1,"{'0Normal': {'precision': 0.045, 'recall': 0.16666666666666666, 'f1-score': 0.07086614173228346, 'support': 54.0}, 'BruteForce': {'precision': 0.0, 'recall': 0.0, 'f1-score': 0.0, 'support': 86.0}, 'DDoS': {'precision': 0.06, 'recall': 0.08108108108108109, 'f1-score': 0.06896551724137931, 'support': 148.0}, 'DoS': {'precision': 0.085, 'recall': 0.09826589595375723, 'f1-score': 0.09115281501340483, 'support': 173.0}, 'MITM': {'precision': 0.015, 'recall': 0.025210084033613446, 'f1-score': 0.018808777429467086, 'support': 119.0}, 'Malware': {'precision': 0.105, 'recall': 0.358974358974359, 'f1-score': 0.16247582205029013, 'support': 117.0}, 'Scan': {'precision': 0.03, 'recall': 0.1276595744680851, 'f1-score': 0.048582995951417005, 'support': 47.0}, 'WebAttack': {'precision': 0.0225, 'recall': 0.17307692307692307, 'f1-score': 0.03982300884955752, 'support': 52.0}, 'micro avg': {'precision': 0.051041666666666666, 'recall': 0.12311557788944724, 'f1-score': 0.07216494845360824, 'support': 796.0}, 'macro avg': {'precision': 0.0453125, 'recall': 0.12886682303181068, 'f1-score': 0.06258438478347492, 'support': 796.0}, 'weighted avg': {'precision': 0.05359924623115578, 'recall': 0.12311557788944724, 'f1-score': 0.06960454543526456, 'support': 796.0}}","[[  0 164  93 129  73 170 102  64 329]
 [  0   9   5   7  13   1   4   9   6]
 [  0   5   0   2   9   8  41  12   9]
 [  0   8   4  12  17   4  80  15   8]
 [  0   0  12  12  17   5  81  33  13]
 [  0   4   2  10  20   3  41  32   7]
 [  0   3   1  16  19   4  42  26   6]
 [  0   4   1   7  13   3   0   6  13]
 [  0   3   2   5  19   2   9   3   9]]",0.245513916015625,0.14879894256591797
39,ToN_IoT,3,None,StandardScaler,HHH,0.2388607156961328,-1,-1,84.97685185185185,38.319185440807125,8.450520833333334,25.55555555555556,27.742926884412526,-1,"{'0Normal': {'precision': 0.605, 'recall': 0.983739837398374, 'f1-score': 0.7492260061919505, 'support': 123.0}, 'BruteForce': {'precision': 0.0, 'recall': 0.0, 'f1-score': 0.0, 'support': 45.0}, 'DDoS': {'precision': 0.515, 'recall': 0.7463768115942029, 'f1-score': 0.6094674556213018, 'support': 138.0}, 'DoS': {'precision': 0.015, 'recall': 0.010067114093959731, 'f1-score': 0.012048192771084338, 'support': 298.0}, 'MITM': {'precision': 0.275, 'recall': 0.08620689655172414, 'f1-score': 0.13126491646778043, 'support': 638.0}, 'Malware': {'precision': 0.665, 'recall': 0.6363636363636364, 'f1-score': 0.6503667481662592, 'support': 418.0}, 'Scan': {'precision': 0.08, 'recall': 0.12030075187969924, 'f1-score': 0.0960960960960961, 'support': 133.0}, 'WebAttack': {'precision': 0.145, 'recall': 0.8656716417910447, 'f1-score': 0.24839400428265523, 'support': 67.0}, 'micro avg': {'precision': 0.32395833333333335, 'recall': 0.33440860215053764, 'f1-score': 0.3291005291005291, 'support': 1860.0}, 'macro avg': {'precision': 0.2875, 'recall': 0.4310908362090801, 'f1-score': 0.31210792744964094, 'support': 1860.0}, 'weighted avg': {'precision': 0.33533870967741936, 'recall': 0.33440860215053764, 'f1-score': 0.3036963255864471, 'support': 1860.0}}","[[  0  26   0   3   3  16   1   1  10]
 [  0 121   0   0   0   2   0   0   0]
 [  0  35   0   2   3   4   1   0   0]
 [  0   8   0 103   0  23   0   0   4]
 [  0   3  80  21   3  58  21   1 111]
 [  0   4  40  71 191  55  70 122  85]
 [  0   2   0   0   0  30 266  60  60]
 [  0   1   0   0   0   9  35  16  72]
 [  0   0   0   0   0   3   6   0  58]]",0.0901482105255127,0.009303808212280273
40,ToN_IoT,-1,rbf,MinMaxScaler,HHH,0.43803366938684396,-1,-1,88.81944444444444,49.74599848971263,6.289062500000001,41.583333333333336,38.86591637729309,-1,"{'0Normal': {'precision': 0.7, 'recall': 0.958904109589041, 'f1-score': 0.8092485549132948, 'support': 146.0}, 'BruteForce': {'precision': 0.0, 'recall': 0.0, 'f1-score': 0.0, 'support': 28.0}, 'DDoS': {'precision': 0.38, 'recall': 0.7916666666666666, 'f1-score': 0.5135135135135135, 'support': 96.0}, 'DoS': {'precision': 0.93, 'recall': 0.5269121813031161, 'f1-score': 0.6726943942133815, 'support': 353.0}, 'MITM': {'precision': 0.47, 'recall': 0.4069264069264069, 'f1-score': 0.4361948955916473, 'support': 231.0}, 'Malware': {'precision': 0.9325, 'recall': 0.41261061946902655, 'f1-score': 0.5720858895705522, 'support': 904.0}, 'Scan': {'precision': 0.235, 'recall': 0.5164835164835165, 'f1-score': 0.3230240549828179, 'support': 91.0}, 'WebAttack': {'precision': 0.095, 'recall': 0.8636363636363636, 'f1-score': 0.17117117117117117, 'support': 44.0}, 'micro avg': {'precision': 0.496875, 'recall': 0.5039619651347068, 'f1-score': 0.5003933910306845, 'support': 1893.0}, 'macro avg': {'precision': 0.46781249999999996, 'recall': 0.5596424830092672, 'f1-score': 0.43724155924454733, 'support': 1893.0}, 'weighted avg': {'precision': 0.7628552562070787, 'recall': 0.5039619651347068, 'f1-score': 0.5598320618385525, 'support': 1893.0}}","[[  0  12   0   2   3   7   1   1   1]
 [  0 140   0   0   1   4   0   0   1]
 [  0  22   0   0   2   4   0   0   0]
 [  0   9   0  76   1   8   2   0   0]
 [  0   3  13  66 186  38   7   2  38]
 [  0   8   7  47   5  94  17  48   5]
 [  0   5 100   9   2  33 373  98 284]
 [  0   0   0   0   0  11   0  47  33]
 [  0   1   0   0   0   1   0   4  38]]",14.615973711013794,0.1511845588684082
41,ToN_IoT,-1,poly,MinMaxScaler,HHH,0.43347061264774767,-1,-1,88.75,49.15684966404972,6.328125,41.25,38.68179242940098,-1,"{'0Normal': {'precision': 0.725, 'recall': 0.9602649006622517, 'f1-score': 0.8262108262108262, 'support': 151.0}, 'BruteForce': {'precision': 0.0, 'recall': 0.0, 'f1-score': 0.0, 'support': 24.0}, 'DDoS': {'precision': 0.39, 'recall': 0.7722772277227723, 'f1-score': 0.5182724252491694, 'support': 101.0}, 'DoS': {'precision': 0.865, 'recall': 0.5103244837758112, 'f1-score': 0.6419294990723562, 'support': 339.0}, 'MITM': {'precision': 0.465, 'recall': 0.3875, 'f1-score': 0.42272727272727273, 'support': 240.0}, 'Malware': {'precision': 0.9325, 'recall': 0.413984461709212, 'f1-score': 0.5734050730207533, 'support': 901.0}, 'Scan': {'precision': 0.24, 'recall': 0.5161290322580645, 'f1-score': 0.32764505119453924, 'support': 93.0}, 'WebAttack': {'precision': 0.095, 'recall': 0.8636363636363636, 'f1-score': 0.17117117117117117, 'support': 44.0}, 'micro avg': {'precision': 0.49375, 'recall': 0.5007923930269413, 'f1-score': 0.4972462627852085, 'support': 1893.0}, 'macro avg': {'precision': 0.4640625, 'recall': 0.5530145587205595, 'f1-score': 0.43517016483076104, 'support': 1893.0}, 'weighted avg': {'precision': 0.7503341257263604, 'recall': 0.5007923930269413, 'f1-score': 0.5551043251095601, 'support': 1893.0}}","[[  0  12   0   2   3   7   1   1   1]
 [  0 145   0   0   1   5   0   0   0]
 [  0  18   0   0   2   3   0   0   1]
 [  0   8   0  78   5   8   2   0   0]
 [  0   4  13  64 173  38   7   2  38]
 [  0   8   7  47  14  93  17  49   5]
 [  0   4 100   9   2  33 373  96 284]
 [  0   0   0   0   0  12   0  48  33]
 [  0   1   0   0   0   1   0   4  38]]",14.028289318084717,0.1899406909942627
42,ToN_IoT,-1,linear,MinMaxScaler,HHH,0.042067441270776045,-1,-1,81.49305555555556,16.74838215607974,10.41015625,12.055555555555555,10.702448585457008,-1,"{'0Normal': {'precision': 0.085, 'recall': 0.5483870967741935, 'f1-score': 0.1471861471861472, 'support': 31.0}, 'BruteForce': {'precision': 0.0, 'recall': 0.0, 'f1-score': 0.0, 'support': 66.0}, 'DDoS': {'precision': 0.19, 'recall': 0.1412639405204461, 'f1-score': 0.16204690831556504, 'support': 269.0}, 'DoS': {'precision': 0.0, 'recall': 0.0, 'f1-score': 0.0, 'support': 248.0}, 'MITM': {'precision': 0.235, 'recall': 0.08333333333333333, 'f1-score': 0.12303664921465969, 'support': 564.0}, 'Malware': {'precision': 0.495, 'recall': 0.36065573770491804, 'f1-score': 0.4172813487881981, 'support': 549.0}, 'Scan': {'precision': 0.055, 'recall': 0.088, 'f1-score': 0.06769230769230769, 'support': 125.0}, 'WebAttack': {'precision': 0.025, 'recall': 0.2857142857142857, 'f1-score': 0.04597701149425287, 'support': 35.0}, 'micro avg': {'precision': 0.1671875, 'recall': 0.17011128775834658, 'f1-score': 0.16863672182821118, 'support': 1887.0}, 'macro avg': {'precision': 0.135625, 'recall': 0.18841929925589707, 'f1-score': 0.12040254658639132, 'support': 1887.0}, 'weighted avg': {'precision': 0.2468415474297827, 'recall': 0.17011128775834658, 'f1-score': 0.18903246073411958, 'support': 1887.0}}","[[  0  24   0   2   0   7   0   0   0]
 [  0  17   0   0   3  10   1   0   0]
 [  0  54   0   8   3   1   0   0   0]
 [  0  13   2  38 191   9   2   9   5]
 [  0   8  12  97   0  31  22  47  31]
 [  0   7  61  40   1  47 171  92 145]
 [  0  36  45  11   0  56 198  40 163]
 [  0  24   0   4   2  32   6  11  46]
 [  0  17   0   0   0   7   0   1  10]]",15.776350259780884,0.06134629249572754
43,ToN_IoT,-1,sigmoid,MinMaxScaler,HHH,0.4155872041832779,-1,-1,88.4375,46.35218889991835,6.503906249999999,39.77777777777777,36.53597908267569,-1,"{'0Normal': {'precision': 0.73, 'recall': 0.9733333333333334, 'f1-score': 0.8342857142857143, 'support': 150.0}, 'BruteForce': {'precision': 0.0, 'recall': 0.0, 'f1-score': 0.0, 'support': 28.0}, 'DDoS': {'precision': 0.31, 'recall': 0.8493150684931506, 'f1-score': 0.4542124542124542, 'support': 73.0}, 'DoS': {'precision': 0.945, 'recall': 0.5294117647058824, 'f1-score': 0.6786355475763016, 'support': 357.0}, 'MITM': {'precision': 0.325, 'recall': 0.30092592592592593, 'f1-score': 0.3125, 'support': 216.0}, 'Malware': {'precision': 0.955, 'recall': 0.43958573072497126, 'f1-score': 0.6020488573680063, 'support': 869.0}, 'Scan': {'precision': 0.245, 'recall': 0.3223684210526316, 'f1-score': 0.2784090909090909, 'support': 152.0}, 'WebAttack': {'precision': 0.07, 'recall': 0.7567567567567568, 'f1-score': 0.12814645308924486, 'support': 37.0}, 'micro avg': {'precision': 0.4796875, 'recall': 0.4893730074388948, 'f1-score': 0.4844818516570226, 'support': 1882.0}, 'macro avg': {'precision': 0.4475, 'recall': 0.5214621251240815, 'f1-score': 0.41102976468010155, 'support': 1882.0}, 'weighted avg': {'precision': 0.7488947927736451, 'recall': 0.4893730074388948, 'f1-score': 0.5517073934220974, 'support': 1882.0}}","[[  0  16   0   1   3  13   1   1   3]
 [  0 146   0   0   0   4   0   0   0]
 [  0  11   0   0   3  13   1   0   0]
 [  0   2   0  62   0   9   0   0   0]
 [  0   4  10  67 189  49   7   1  30]
 [  0  14  10  61   3  65   9  41  13]
 [  0   4 100   9   2  35 382 102 235]
 [  0   3   0   0   0   9   0  49  91]
 [  0   0   0   0   0   3   0   6  28]]",16.08454918861389,0.1519184112548828
44,ToN_IoT,-1,None,MinMaxScaler,HHH,0.042067441270776045,-1,-1,81.49305555555556,16.74838215607974,10.41015625,12.055555555555555,10.702448585457008,-1,"{'0Normal': {'precision': 0.085, 'recall': 0.5483870967741935, 'f1-score': 0.1471861471861472, 'support': 31.0}, 'BruteForce': {'precision': 0.0, 'recall': 0.0, 'f1-score': 0.0, 'support': 66.0}, 'DDoS': {'precision': 0.19, 'recall': 0.1412639405204461, 'f1-score': 0.16204690831556504, 'support': 269.0}, 'DoS': {'precision': 0.0, 'recall': 0.0, 'f1-score': 0.0, 'support': 248.0}, 'MITM': {'precision': 0.235, 'recall': 0.08333333333333333, 'f1-score': 0.12303664921465969, 'support': 564.0}, 'Malware': {'precision': 0.495, 'recall': 0.36065573770491804, 'f1-score': 0.4172813487881981, 'support': 549.0}, 'Scan': {'precision': 0.055, 'recall': 0.088, 'f1-score': 0.06769230769230769, 'support': 125.0}, 'WebAttack': {'precision': 0.025, 'recall': 0.2857142857142857, 'f1-score': 0.04597701149425287, 'support': 35.0}, 'micro avg': {'precision': 0.1671875, 'recall': 0.17011128775834658, 'f1-score': 0.16863672182821118, 'support': 1887.0}, 'macro avg': {'precision': 0.135625, 'recall': 0.18841929925589707, 'f1-score': 0.12040254658639132, 'support': 1887.0}, 'weighted avg': {'precision': 0.2468415474297827, 'recall': 0.17011128775834658, 'f1-score': 0.18903246073411958, 'support': 1887.0}}","[[  0  24   0   2   0   7   0   0   0]
 [  0  17   0   0   3  10   1   0   0]
 [  0  54   0   8   3   1   0   0   0]
 [  0  13   2  38 191   9   2   9   5]
 [  0   8  12  97   0  31  22  47  31]
 [  0   7  61  40   1  47 171  92 145]
 [  0  36  45  11   0  56 198  40 163]
 [  0  24   0   4   2  32   6  11  46]
 [  0  17   0   0   0   7   0   1  10]]",13.729128122329712,0.00743865966796875
45,ToN_IoT,0,rbf,MinMaxScaler,HHH,0.2889485145385032,-1,-1,85.83333333333333,41.58278230826808,7.968749999999999,28.499999999999993,27.100707726825686,-1,"{'0Normal': {'precision': 0.57, 'recall': 0.9661016949152542, 'f1-score': 0.7169811320754716, 'support': 118.0}, 'BruteForce': {'precision': 0.0, 'recall': 0.0, 'f1-score': 0.0, 'support': 39.0}, 'DDoS': {'precision': 0.185, 'recall': 0.29133858267716534, 'f1-score': 0.22629969418960244, 'support': 127.0}, 'DoS': {'precision': 0.59, 'recall': 0.2099644128113879, 'f1-score': 0.30971128608923887, 'support': 562.0}, 'MITM': {'precision': 0.145, 'recall': 0.053406998158379376, 'f1-score': 0.07806191117092867, 'support': 543.0}, 'Malware': {'precision': 0.905, 'recall': 0.7685774946921444, 'f1-score': 0.8312284730195177, 'support': 471.0}, 'Scan': {'precision': 0.16, 'recall': 0.6530612244897959, 'f1-score': 0.2570281124497992, 'support': 49.0}, 'WebAttack': {'precision': 0.01, 'recall': 0.8, 'f1-score': 0.019753086419753086, 'support': 5.0}, 'micro avg': {'precision': 0.3625, 'recall': 0.36363636363636365, 'f1-score': 0.36306729264475746, 'support': 1914.0}, 'macro avg': {'precision': 0.32062499999999994, 'recall': 0.46780630096801595, 'f1-score': 0.30488296192678893, 'support': 1914.0}, 'weighted avg': {'precision': 0.4886180773249738, 'recall': 0.36363636363636365, 'f1-score': 0.38348534432041975, 'support': 1914.0}}","[[  0   1   0   1   0   3   1   0   0]
 [  0 114   0   0   0   4   0   0   0]
 [  0  30   0   0   3   5   0   0   1]
 [  0  38   0  37  24  21   2   1   4]
 [  0  12  61  54 118 129   8   4 176]
 [  0   2  51 103  55  29  27 102 174]
 [  0   3   8   5   0   8 362  60  25]
 [  0   0   0   0   0   1   0  32  16]
 [  0   0   0   0   0   0   0   1   4]]",0.01790928840637207,0.015243768692016602
46,ToN_IoT,0,poly,MinMaxScaler,HHH,0.29083619030203767,-1,-1,85.81018518518519,39.81627683743124,7.981770833333333,29.277777777777775,27.221615575308554,-1,"{'0Normal': {'precision': 0.565, 'recall': 0.9576271186440678, 'f1-score': 0.710691823899371, 'support': 118.0}, 'BruteForce': {'precision': 0.0, 'recall': 0.0, 'f1-score': 0.0, 'support': 49.0}, 'DDoS': {'precision': 0.185, 'recall': 0.27611940298507465, 'f1-score': 0.2215568862275449, 'support': 134.0}, 'DoS': {'precision': 0.715, 'recall': 0.31919642857142855, 'f1-score': 0.44135802469135804, 'support': 448.0}, 'MITM': {'precision': 0.235, 'recall': 0.07004470938897168, 'f1-score': 0.1079219288174512, 'support': 671.0}, 'Malware': {'precision': 0.825, 'recall': 0.738255033557047, 'f1-score': 0.7792207792207793, 'support': 447.0}, 'Scan': {'precision': 0.1, 'recall': 0.5555555555555556, 'f1-score': 0.1694915254237288, 'support': 36.0}, 'WebAttack': {'precision': 0.01, 'recall': 0.6666666666666666, 'f1-score': 0.019704433497536946, 'support': 6.0}, 'micro avg': {'precision': 0.3614583333333333, 'recall': 0.3635411210057622, 'f1-score': 0.36249673544006267, 'support': 1909.0}, 'macro avg': {'precision': 0.329375, 'recall': 0.4479331144211015, 'f1-score': 0.3062431752222213, 'support': 1909.0}, 'weighted avg': {'precision': 0.493399685699319, 'recall': 0.3635411210057622, 'f1-score': 0.38670815982230633, 'support': 1909.0}}","[[  0   5   0   1   0   4   1   0   0]
 [  0 113   0   0   0   5   0   0   0]
 [  0  40   0   0   3   5   0   0   1]
 [  0  30   0  37  23  34   2   2   6]
 [  0   5  45  19 143  96   1   7 132]
 [  0   4  67 138  31  47  66 105 213]
 [  0   3   8   5   0   8 330  64  29]
 [  0   0   0   0   0   1   0  20  15]
 [  0   0   0   0   0   0   0   2   4]]",0.013430595397949219,0.023702621459960938
47,ToN_IoT,0,linear,MinMaxScaler,HHH,-0.03727787194803404,-1,-1,79.54861111111111,11.261652994691707,11.50390625,6.777777777777779,5.931852498002109,-1,"{'0Normal': {'precision': 0.03, 'recall': 0.3, 'f1-score': 0.05454545454545454, 'support': 20.0}, 'BruteForce': {'precision': 0.0, 'recall': 0.0, 'f1-score': 0.0, 'support': 28.0}, 'DDoS': {'precision': 0.13, 'recall': 0.08150470219435736, 'f1-score': 0.1001926782273603, 'support': 319.0}, 'DoS': {'precision': 0.015, 'recall': 0.004267425320056899, 'f1-score': 0.006644518272425249, 'support': 703.0}, 'MITM': {'precision': 0.275, 'recall': 0.08308157099697885, 'f1-score': 0.12761020881670534, 'support': 662.0}, 'Malware': {'precision': 0.155, 'recall': 0.49206349206349204, 'f1-score': 0.23574144486692014, 'support': 126.0}, 'Scan': {'precision': 0.005, 'recall': 0.05263157894736842, 'f1-score': 0.0091324200913242, 'support': 19.0}, 'WebAttack': {'precision': 0.0, 'recall': 0.0, 'f1-score': 0.0, 'support': 7.0}, 'micro avg': {'precision': 0.0796875, 'recall': 0.08121019108280254, 'f1-score': 0.0804416403785489, 'support': 1884.0}, 'macro avg': {'precision': 0.07625000000000001, 'recall': 0.1266935961902817, 'f1-score': 0.06673334060252373, 'support': 1884.0}, 'weighted avg': {'precision': 0.1349734607218684, 'recall': 0.08121019108280254, 'f1-score': 0.08072100109478664, 'support': 1884.0}}","[[  0  34   0   0   0   2   0   0   0]
 [  0   6   0   0   0  13   1   0   0]
 [  0  19   0   7   1   0   0   0   1]
 [  0  33   0  26 196  14   2  16  32]
 [  0  19  67 115   3 109 119  68 203]
 [  0  33  53  51   0  55 216  98 156]
 [  0  35   0   1   0   5  62  17   6]
 [  0  14   0   0   0   2   0   1   2]
 [  0   7   0   0   0   0   0   0   0]]",0.0007123947143554688,0.00749659538269043
48,ToN_IoT,0,sigmoid,MinMaxScaler,HHH,0.23378916557924587,-1,-1,84.87268518518518,33.00437813878674,8.509114583333334,23.722222222222218,21.75720582376185,-1,"{'0Normal': {'precision': 0.405, 'recall': 0.9642857142857143, 'f1-score': 0.5704225352112676, 'support': 84.0}, 'BruteForce': {'precision': 0.0, 'recall': 0.0, 'f1-score': 0.0, 'support': 48.0}, 'DDoS': {'precision': 0.16, 'recall': 0.1523809523809524, 'f1-score': 0.15609756097560976, 'support': 210.0}, 'DoS': {'precision': 0.245, 'recall': 0.175, 'f1-score': 0.20416666666666666, 'support': 280.0}, 'MITM': {'precision': 0.345, 'recall': 0.09956709956709957, 'f1-score': 0.15453527435610304, 'support': 693.0}, 'Malware': {'precision': 0.9275, 'recall': 0.6648745519713262, 'f1-score': 0.7745302713987474, 'support': 558.0}, 'Scan': {'precision': 0.05, 'recall': 0.7142857142857143, 'f1-score': 0.09345794392523364, 'support': 14.0}, 'WebAttack': {'precision': 0.0025, 'recall': 0.2, 'f1-score': 0.0049382716049382715, 'support': 5.0}, 'micro avg': {'precision': 0.31927083333333334, 'recall': 0.3239957716701903, 'f1-score': 0.3216159496327387, 'support': 1892.0}, 'macro avg': {'precision': 0.266875, 'recall': 0.3712992540613509, 'f1-score': 0.2447685655173208, 'support': 1892.0}, 'weighted avg': {'precision': 0.4722846194503171, 'recall': 0.3239957716701903, 'f1-score': 0.35860284702513195, 'support': 1892.0}}","[[  0  10   0   2   0  13   1   0   2]
 [  0  81   0   0   0   3   0   0   0]
 [  0  40   0   0   0   4   0   3   1]
 [  0   6   0  32 143  17   2   5   5]
 [  0  11  15  60  49  38   7   7  93]
 [  0  34  97 101   4  69  18 116 254]
 [  0  18   8   5   1  52 371  59  44]
 [  0   0   0   0   0   3   1  10   0]
 [  0   0   0   0   3   1   0   0   1]]",0.010771512985229492,0.021068334579467773
49,ToN_IoT,0,None,MinMaxScaler,HHH,0.18729706176890437,-1,-1,83.44907407407408,20.954218764399457,9.309895833333332,23.416666666666668,16.47860832469574,-1,"{'0Normal': {'precision': 0.07, 'recall': 0.5, 'f1-score': 0.12280701754385964, 'support': 28.0}, 'BruteForce': {'precision': 0.0, 'recall': 0.0, 'f1-score': 0.0, 'support': 3.0}, 'DDoS': {'precision': 0.31, 'recall': 0.31313131313131315, 'f1-score': 0.31155778894472363, 'support': 198.0}, 'DoS': {'precision': 0.955, 'recall': 0.19390862944162437, 'f1-score': 0.32236286919831225, 'support': 985.0}, 'MITM': {'precision': 0.43, 'recall': 0.19724770642201836, 'f1-score': 0.27044025157232704, 'support': 436.0}, 'Malware': {'precision': 0.3425, 'recall': 0.681592039800995, 'f1-score': 0.4559068219633943, 'support': 201.0}, 'Scan': {'precision': 0.0, 'recall': 0.0, 'f1-score': 0.0, 'support': 18.0}, 'WebAttack': {'precision': 0.0, 'recall': 0.0, 'f1-score': 0.0, 'support': 18.0}, 'micro avg': {'precision': 0.2552083333333333, 'recall': 0.25967143614202437, 'f1-score': 0.2574205411084844, 'support': 1887.0}, 'macro avg': {'precision': 0.2634375, 'recall': 0.23573496109949388, 'f1-score': 0.1853843436528271, 'support': 1887.0}, 'weighted avg': {'precision': 0.6679054054054054, 'recall': 0.25967143614202437, 'f1-score': 0.31383343177678735, 'support': 1887.0}}","[[  0  31   0   0   0   2   0   0   0]
 [  0  14   0   0   0  13   1   0   0]
 [  0   0   0   2   0   0   1   0   0]
 [  0  47  11  62   6  14   7  13  38]
 [  0  26  99 125 191  80  89  89 286]
 [  0  18  10   9   3  86 164  79  67]
 [  0  31   0   2   0   3 137  19   9]
 [  0  15   0   0   0   2   1   0   0]
 [  0  18   0   0   0   0   0   0   0]]",0.0005412101745605469,0.0038907527923583984
50,ToN_IoT,2,rbf,MinMaxScaler,HHH,0.271187628587513,-1,-1,85.46296296296296,39.414318323205386,8.177083333333334,26.472222222222218,25.764268364185096,-1,"{'0Normal': {'precision': 0.67, 'recall': 0.9852941176470589, 'f1-score': 0.7976190476190477, 'support': 136.0}, 'BruteForce': {'precision': 0.0, 'recall': 0.0, 'f1-score': 0.0, 'support': 38.0}, 'DDoS': {'precision': 0.165, 'recall': 0.4520547945205479, 'f1-score': 0.24175824175824176, 'support': 73.0}, 'DoS': {'precision': 0.3, 'recall': 0.1941747572815534, 'f1-score': 0.2357563850687623, 'support': 309.0}, 'MITM': {'precision': 0.23, 'recall': 0.060209424083769635, 'f1-score': 0.0954356846473029, 'support': 764.0}, 'Malware': {'precision': 0.9275, 'recall': 0.7, 'f1-score': 0.7978494623655914, 'support': 530.0}, 'Scan': {'precision': 0.08, 'recall': 0.35555555555555557, 'f1-score': 0.1306122448979592, 'support': 45.0}, 'WebAttack': {'precision': 0.01, 'recall': 0.8, 'f1-score': 0.019753086419753086, 'support': 5.0}, 'micro avg': {'precision': 0.3458333333333333, 'recall': 0.3494736842105263, 'f1-score': 0.34764397905759165, 'support': 1900.0}, 'macro avg': {'precision': 0.29781250000000004, 'recall': 0.44341108113606065, 'f1-score': 0.2898480190970823, 'support': 1900.0}, 'weighted avg': {'precision': 0.4562157894736842, 'recall': 0.3494736842105263, 'f1-score': 0.36880139983557864, 'support': 1900.0}}","[[  0  13   0   1   3   2   1   0   0]
 [  0 134   0   0   1   1   0   0   0]
 [  0  31   0   0   2   5   0   0   0]
 [  0   9   0  33   0  26   2   0   3]
 [  0   6  37  28  60 105   2   2  69]
 [  0   4  75 133 134  46  24 105 243]
 [  0   2   8   5   0  11 371  76  57]
 [  0   1   0   0   0   4   0  16  24]
 [  0   0   0   0   0   0   0   1   4]]",0.036954641342163086,0.02169656753540039
51,ToN_IoT,2,poly,MinMaxScaler,HHH,0.29673998117845285,-1,-1,85.91435185185186,41.04495525429679,7.923177083333334,28.72222222222222,27.636400601996353,-1,"{'0Normal': {'precision': 0.68, 'recall': 1.0, 'f1-score': 0.8095238095238095, 'support': 136.0}, 'BruteForce': {'precision': 0.0, 'recall': 0.0, 'f1-score': 0.0, 'support': 42.0}, 'DDoS': {'precision': 0.17, 'recall': 0.4657534246575342, 'f1-score': 0.2490842490842491, 'support': 73.0}, 'DoS': {'precision': 0.48, 'recall': 0.3380281690140845, 'f1-score': 0.39669421487603307, 'support': 284.0}, 'MITM': {'precision': 0.245, 'recall': 0.06347150259067358, 'f1-score': 0.10082304526748971, 'support': 772.0}, 'Malware': {'precision': 0.92, 'recall': 0.6789667896678967, 'f1-score': 0.7813163481953291, 'support': 542.0}, 'Scan': {'precision': 0.08, 'recall': 0.34782608695652173, 'f1-score': 0.13008130081300814, 'support': 46.0}, 'WebAttack': {'precision': 0.01, 'recall': 0.8, 'f1-score': 0.019753086419753086, 'support': 5.0}, 'micro avg': {'precision': 0.36614583333333334, 'recall': 0.37, 'f1-score': 0.3680628272251309, 'support': 1900.0}, 'macro avg': {'precision': 0.323125, 'recall': 0.46175574661083885, 'f1-score': 0.310909506772459, 'support': 1900.0}, 'weighted avg': {'precision': 0.49090526315789473, 'recall': 0.37, 'f1-score': 0.3938583696005522, 'support': 1900.0}}","[[  0  12   0   1   3   3   1   0   0]
 [  0 136   0   0   0   0   0   0   0]
 [  0  33   0   0   3   6   0   0   0]
 [  0   6   0  34   0  26   2   0   5]
 [  0   6  17  37  96 101   3   2  22]
 [  0   4  95 123  98  49  26 103 274]
 [  0   2   8   5   0  11 368  78  70]
 [  0   1   0   0   0   4   0  16  25]
 [  0   0   0   0   0   0   0   1   4]]",0.04001665115356445,0.03749394416809082
52,ToN_IoT,2,linear,MinMaxScaler,HHH,0.3210598864762755,-1,-1,86.29629629629629,38.36907418349882,7.708333333333334,31.944444444444443,27.51438882016806,-1,"{'0Normal': {'precision': 0.68, 'recall': 0.9784172661870504, 'f1-score': 0.8023598820058997, 'support': 139.0}, 'BruteForce': {'precision': 0.0, 'recall': 0.0, 'f1-score': 0.0, 'support': 11.0}, 'DDoS': {'precision': 0.185, 'recall': 0.3557692307692308, 'f1-score': 0.24342105263157895, 'support': 104.0}, 'DoS': {'precision': 0.97, 'recall': 0.2861356932153392, 'f1-score': 0.4419134396355353, 'support': 678.0}, 'MITM': {'precision': 0.205, 'recall': 0.0835030549898167, 'f1-score': 0.11866859623733719, 'support': 491.0}, 'Malware': {'precision': 0.7875, 'recall': 0.7974683544303798, 'f1-score': 0.7924528301886793, 'support': 395.0}, 'Scan': {'precision': 0.03, 'recall': 0.07692307692307693, 'f1-score': 0.04316546762589928, 'support': 78.0}, 'WebAttack': {'precision': 0.0175, 'recall': 0.875, 'f1-score': 0.03431372549019608, 'support': 8.0}, 'micro avg': {'precision': 0.38333333333333336, 'recall': 0.3865546218487395, 'f1-score': 0.38493723849372385, 'support': 1904.0}, 'macro avg': {'precision': 0.359375, 'recall': 0.4316520845643617, 'f1-score': 0.3095368742268907, 'support': 1904.0}, 'weighted avg': {'precision': 0.6226982668067226, 'recall': 0.3865546218487395, 'f1-score': 0.4261489969018906, 'support': 1904.0}}","[[  0   3   0   2   3   6   0   0   2]
 [  0 136   0   0   2   1   0   0   0]
 [  0   6   0   0   1   4   0   0   0]
 [  0  35   0  37   0  30   2   0   0]
 [  0  14  95  10 194  92   1  13 259]
 [  0   3  23 139   0  41  75 141  69]
 [  0   3   2  12   0  19 315  40   4]
 [  0   0   0   0   0   6   7   6  59]
 [  0   0   0   0   0   1   0   0   7]]",0.008298397064208984,0.014867305755615234
53,ToN_IoT,2,sigmoid,MinMaxScaler,HHH,0.06283712334618607,-1,-1,81.66666666666667,17.815126978288795,10.3125,12.5,11.813434851127742,-1,"{'0Normal': {'precision': 0.15, 'recall': 0.15789473684210525, 'f1-score': 0.15384615384615385, 'support': 190.0}, 'BruteForce': {'precision': 0.0, 'recall': 0.0, 'f1-score': 0.0, 'support': 60.0}, 'DDoS': {'precision': 0.06, 'recall': 0.09090909090909091, 'f1-score': 0.07228915662650602, 'support': 132.0}, 'DoS': {'precision': 0.015, 'recall': 0.011152416356877323, 'f1-score': 0.01279317697228145, 'support': 269.0}, 'MITM': {'precision': 0.18, 'recall': 0.07982261640798226, 'f1-score': 0.11059907834101383, 'support': 451.0}, 'Malware': {'precision': 0.535, 'recall': 0.4171539961013645, 'f1-score': 0.4687842278203724, 'support': 513.0}, 'Scan': {'precision': 0.165, 'recall': 0.275, 'f1-score': 0.20625, 'support': 120.0}, 'WebAttack': {'precision': 0.02, 'recall': 0.5714285714285714, 'f1-score': 0.03864734299516908, 'support': 14.0}, 'micro avg': {'precision': 0.175, 'recall': 0.19210977701543738, 'f1-score': 0.18315617334423548, 'support': 1749.0}, 'macro avg': {'precision': 0.140625, 'recall': 0.20042017850574895, 'f1-score': 0.13290114207518708, 'support': 1749.0}, 'weighted avg': {'precision': 0.23794739851343627, 'recall': 0.19210977701543738, 'f1-score': 0.20461512779679378, 'support': 1749.0}}","[[  0  86   0   1  49  12   0  16   7]
 [  0  30   0   1 148   2   0   9   0]
 [  0  21   0  20   0   9   0   8   2]
 [  0  29   0  12   0  42  27   9  13]
 [  0  11  16  27   3  48  46  24  94]
 [  0  15  46  43   0  36  92  40 179]
 [  0   6  48  67   0  36 214  57  85]
 [  0   2  10  29   0  13  21  33  12]
 [  0   0   0   0   0   2   0   4   8]]",0.02468705177307129,0.02279973030090332
54,ToN_IoT,2,None,MinMaxScaler,HHH,0.28540305177625397,-1,-1,85.52083333333333,40.25486399142523,8.14453125,29.916666666666664,26.26109436095404,-1,"{'0Normal': {'precision': 0.625, 'recall': 0.984251968503937, 'f1-score': 0.764525993883792, 'support': 127.0}, 'BruteForce': {'precision': 0.0, 'recall': 0.0, 'f1-score': 0.0, 'support': 34.0}, 'DDoS': {'precision': 0.19, 'recall': 0.3958333333333333, 'f1-score': 0.25675675675675674, 'support': 96.0}, 'DoS': {'precision': 0.965, 'recall': 0.26805555555555555, 'f1-score': 0.41956521739130437, 'support': 720.0}, 'MITM': {'precision': 0.23, 'recall': 0.09218436873747494, 'f1-score': 0.13161659513590845, 'support': 499.0}, 'Malware': {'precision': 0.635, 'recall': 0.8220064724919094, 'f1-score': 0.7165021156558533, 'support': 309.0}, 'Scan': {'precision': 0.03, 'recall': 0.06060606060606061, 'f1-score': 0.04013377926421405, 'support': 99.0}, 'WebAttack': {'precision': 0.0175, 'recall': 1.0, 'f1-score': 0.0343980343980344, 'support': 7.0}, 'micro avg': {'precision': 0.3484375, 'recall': 0.35378106821787414, 'f1-score': 0.3510889530307006, 'support': 1891.0}, 'macro avg': {'precision': 0.3365625, 'recall': 0.45286721990353385, 'f1-score': 0.29543731156073294, 'support': 1891.0}, 'weighted avg': {'precision': 0.5851361713379164, 'recall': 0.35378106821787414, 'f1-score': 0.37817042384561067, 'support': 1891.0}}","[[  0  14   0   3   3   7   0   0   2]
 [  0 125   0   0   2   0   0   0   0]
 [  0  26   0   0   1   6   1   0   0]
 [  0  23   0  38   0  31   1   0   3]
 [  0   6 100  42 193  82   0  21 276]
 [  0   3  20 115   1  46 118 147  49]
 [  0   3   0   2   0  20 254  26   4]
 [  0   0   0   0   0   8  26   6  59]
 [  0   0   0   0   0   0   0   0   7]]",0.01516103744506836,0.007352113723754883
55,ToN_IoT,3,rbf,MinMaxScaler,HHH,0.21180001732233456,-1,-1,84.40972222222223,36.85582612139055,8.76953125,21.499999999999996,21.571913859288923,-1,"{'0Normal': {'precision': 0.515, 'recall': 0.9903846153846154, 'f1-score': 0.6776315789473685, 'support': 104.0}, 'BruteForce': {'precision': 0.0, 'recall': 0.0, 'f1-score': 0.0, 'support': 71.0}, 'DDoS': {'precision': 0.175, 'recall': 0.47297297297297297, 'f1-score': 0.25547445255474455, 'support': 74.0}, 'DoS': {'precision': 0.015, 'recall': 0.01060070671378092, 'f1-score': 0.012422360248447204, 'support': 283.0}, 'MITM': {'precision': 0.24, 'recall': 0.061381074168797956, 'f1-score': 0.09775967413441955, 'support': 782.0}, 'Malware': {'precision': 0.92, 'recall': 0.673992673992674, 'f1-score': 0.7780126849894292, 'support': 546.0}, 'Scan': {'precision': 0.06, 'recall': 0.3076923076923077, 'f1-score': 0.100418410041841, 'support': 39.0}, 'WebAttack': {'precision': 0.01, 'recall': 0.8, 'f1-score': 0.019753086419753086, 'support': 5.0}, 'micro avg': {'precision': 0.2984375, 'recall': 0.3009453781512605, 'f1-score': 0.2996861924686193, 'support': 1904.0}, 'macro avg': {'precision': 0.24187500000000003, 'recall': 0.4146280438656436, 'f1-score': 0.2426840309170004, 'support': 1904.0}, 'weighted avg': {'precision': 0.40081144957983195, 'recall': 0.3009453781512605, 'f1-score': 0.3141556702998755, 'support': 1904.0}}","[[  0   8   0   1   3   4   0   0   0]
 [  0 103   0   0   0   1   0   0   0]
 [  0  62   0   1   3   5   0   0   0]
 [  0  12   0  35   0  21   1   0   5]
 [  0   8  37  51   3 104   3   3  74]
 [  0   4  75 107 191  48  26 119 212]
 [  0   3   8   5   0  13 368  65  84]
 [  0   0   0   0   0   4   2  12  21]
 [  0   0   0   0   0   0   0   1   4]]",0.04538369178771973,0.1056070327758789
56,ToN_IoT,3,poly,MinMaxScaler,HHH,0.22687201144521185,-1,-1,84.65277777777777,35.98039681432576,8.6328125,22.666666666666668,22.144153575332933,-1,"{'0Normal': {'precision': 0.615, 'recall': 1.0, 'f1-score': 0.7616099071207431, 'support': 123.0}, 'BruteForce': {'precision': 0.0, 'recall': 0.0, 'f1-score': 0.0, 'support': 52.0}, 'DDoS': {'precision': 0.17, 'recall': 0.4927536231884058, 'f1-score': 0.2527881040892193, 'support': 69.0}, 'DoS': {'precision': 0.01, 'recall': 0.008695652173913044, 'f1-score': 0.009302325581395349, 'support': 230.0}, 'MITM': {'precision': 0.27, 'recall': 0.06561360874848117, 'f1-score': 0.10557184750733138, 'support': 823.0}, 'Malware': {'precision': 0.92, 'recall': 0.6618705035971223, 'f1-score': 0.7698744769874477, 'support': 556.0}, 'Scan': {'precision': 0.045, 'recall': 0.20930232558139536, 'f1-score': 0.07407407407407407, 'support': 43.0}, 'WebAttack': {'precision': 0.01, 'recall': 0.8, 'f1-score': 0.019753086419753086, 'support': 5.0}, 'micro avg': {'precision': 0.309375, 'recall': 0.31246712256707, 'f1-score': 0.3109133734624444, 'support': 1901.0}, 'macro avg': {'precision': 0.255, 'recall': 0.4047794641611647, 'f1-score': 0.2491217277224955, 'support': 1901.0}, 'weighted avg': {'precision': 0.43418726985796946, 'recall': 0.31246712256707, 'f1-score': 0.3321829158140805, 'support': 1901.0}}","[[  0  11   0   1   3   4   0   0   0]
 [  0 123   0   0   0   0   0   0   0]
 [  0  43   0   1   3   4   1   0   0]
 [  0  11   0  34   0  21   0   0   3]
 [  0   6  20  62   2 101   3   5  31]
 [  0   3  92  97 192  54  26 118 241]
 [  0   3   8   5   0  13 368  67  92]
 [  0   0   0   0   0   3   2   9  29]
 [  0   0   0   0   0   0   0   1   4]]",0.0496828556060791,0.05969524383544922
57,ToN_IoT,3,linear,MinMaxScaler,HHH,0.20724770135061968,-1,-1,84.4212962962963,34.9915010385014,8.763020833333334,22.36111111111111,23.21003337404469,-1,"{'0Normal': {'precision': 0.675, 'recall': 0.9854014598540146, 'f1-score': 0.8011869436201781, 'support': 137.0}, 'BruteForce': {'precision': 0.0, 'recall': 0.0, 'f1-score': 0.0, 'support': 32.0}, 'DDoS': {'precision': 0.24, 'recall': 0.5581395348837209, 'f1-score': 0.3356643356643357, 'support': 86.0}, 'DoS': {'precision': 0.01, 'recall': 0.0045351473922902496, 'f1-score': 0.0062402496099844, 'support': 441.0}, 'MITM': {'precision': 0.21, 'recall': 0.07106598984771574, 'f1-score': 0.10619469026548672, 'support': 591.0}, 'Malware': {'precision': 0.8075, 'recall': 0.6434262948207171, 'f1-score': 0.7161862527716186, 'support': 502.0}, 'Scan': {'precision': 0.02, 'recall': 0.05333333333333334, 'f1-score': 0.02909090909090909, 'support': 75.0}, 'WebAttack': {'precision': 0.05, 'recall': 0.8333333333333334, 'f1-score': 0.09433962264150944, 'support': 24.0}, 'micro avg': {'precision': 0.2989583333333333, 'recall': 0.3040254237288136, 'f1-score': 0.3014705882352941, 'support': 1888.0}, 'macro avg': {'precision': 0.2515625, 'recall': 0.3936543866831407, 'f1-score': 0.26111287545800277, 'support': 1888.0}, 'weighted avg': {'precision': 0.3441207627118644, 'recall': 0.3040254237288136, 'f1-score': 0.30090795772487816, 'support': 1888.0}}","[[  0  12   0   3   3   8   0   1   5]
 [  0 135   0   0   1   1   0   0   0]
 [  0  26   0   0   2   4   0   0   0]
 [  0  16   0  48   0  18   1   0   3]
 [  0   5  92  88   2  85   3   1 165]
 [  0   3  20  56 192  42  64 116  98]
 [  0   3   8   5   0  32 323  76  55]
 [  0   0   0   0   0   9   8   4  54]
 [  0   0   0   0   0   1   1   2  20]]",0.048388004302978516,0.10915660858154297
58,ToN_IoT,3,sigmoid,MinMaxScaler,HHH,0.221207150859433,-1,-1,84.49074074074075,30.826180894109644,8.723958333333332,24.777777777777775,22.20343952671239,-1,"{'0Normal': {'precision': 0.195, 'recall': 0.7959183673469388, 'f1-score': 0.3132530120481928, 'support': 49.0}, 'BruteForce': {'precision': 0.0, 'recall': 0.0, 'f1-score': 0.0, 'support': 90.0}, 'DDoS': {'precision': 0.04, 'recall': 0.0182648401826484, 'f1-score': 0.025078369905956112, 'support': 438.0}, 'DoS': {'precision': 0.96, 'recall': 0.5663716814159292, 'f1-score': 0.712430426716141, 'support': 339.0}, 'MITM': {'precision': 0.335, 'recall': 0.127134724857685, 'f1-score': 0.1843191196698762, 'support': 527.0}, 'Malware': {'precision': 0.66, 'recall': 0.7333333333333333, 'f1-score': 0.6947368421052632, 'support': 360.0}, 'Scan': {'precision': 0.03, 'recall': 0.13333333333333333, 'f1-score': 0.04897959183673469, 'support': 45.0}, 'WebAttack': {'precision': 0.01, 'recall': 0.4, 'f1-score': 0.01951219512195122, 'support': 10.0}, 'micro avg': {'precision': 0.3020833333333333, 'recall': 0.31216361679224974, 'f1-score': 0.3070407623080995, 'support': 1858.0}, 'macro avg': {'precision': 0.27875000000000005, 'recall': 0.3467945350587335, 'f1-score': 0.2497886946755144, 'support': 1858.0}, 'weighted avg': {'precision': 0.41340688912809476, 'recall': 0.31216361679224974, 'f1-score': 0.33234030197725195, 'support': 1858.0}}","[[  0  43   0  12   0   5   0   0   2]
 [  0  39   0   7   0   3   0   0   0]
 [  0  47   0   1   4  36   1   0   1]
 [  0  53  92   8   3  23   0   0 259]
 [  0   4   3  43 192  31   1  12  53]
 [  0   8  24 117   0  67 118 136  57]
 [  0   4   1  12   0  25 264  44  10]
 [  0   2   0   0   1   6  16   6  14]
 [  0   0   0   0   0   4   0   2   4]]",0.03351402282714844,0.04521298408508301
59,ToN_IoT,3,None,MinMaxScaler,HHH,0.17827797008113444,-1,-1,83.77314814814815,34.74289780623954,9.127604166666666,21.97222222222222,23.1848531028235,-1,"{'0Normal': {'precision': 0.59, 'recall': 0.9752066115702479, 'f1-score': 0.735202492211838, 'support': 121.0}, 'BruteForce': {'precision': 0.0, 'recall': 0.0, 'f1-score': 0.0, 'support': 49.0}, 'DDoS': {'precision': 0.435, 'recall': 0.7310924369747899, 'f1-score': 0.5454545454545454, 'support': 119.0}, 'DoS': {'precision': 0.01, 'recall': 0.006557377049180328, 'f1-score': 0.007920792079207921, 'support': 305.0}, 'MITM': {'precision': 0.29, 'recall': 0.07956104252400549, 'f1-score': 0.12486544671689989, 'support': 729.0}, 'Malware': {'precision': 0.58, 'recall': 0.5407925407925408, 'f1-score': 0.5597104945717732, 'support': 429.0}, 'Scan': {'precision': 0.04, 'recall': 0.07142857142857142, 'f1-score': 0.05128205128205128, 'support': 112.0}, 'WebAttack': {'precision': 0.0325, 'recall': 0.7222222222222222, 'f1-score': 0.06220095693779904, 'support': 18.0}, 'micro avg': {'precision': 0.26979166666666665, 'recall': 0.27523910733262485, 'f1-score': 0.27248816412414517, 'support': 1882.0}, 'macro avg': {'precision': 0.24718749999999998, 'recall': 0.39085760032019473, 'f1-score': 0.26082959740676437, 'support': 1882.0}, 'weighted avg': {'precision': 0.3142933049946865, 'recall': 0.27523910733262485, 'f1-score': 0.262640995668046, 'support': 1882.0}}","[[  0  17   0   3   3   7   0   2   6]
 [  0 118   0   0   0   2   0   0   1]
 [  0  43   0   0   2   3   1   0   0]
 [  0  10   0  87   1  18   0   0   3]
 [  0   5  77  30   2  70   0   0 121]
 [  0   3  41  77 192  58 144 125  89]
 [  0   4   2   3   0  29 232  64  95]
 [  0   0   0   0   0  11  21   8  72]
 [  0   0   0   0   0   2   2   1  13]]",0.09733939170837402,0.009290695190429688
