,Data Type,Poly,Kernel,SCALER,Model,MCC,NDR,AUC_N,ACC,TPR Macro,FPR,PPV Macro,F1 Macro,AUC,CLS Report,CFS Matrix,Training time,Test time
0,BoT_IoT,3,None,QuantileTransformer,KNN,0.9203035847813272,-1,-1,98.3201581027668,88.69791666666667,0.9599096555618294,90.05459338127599,89.33026732754527,-1,"{'0Normal': {'precision': 0.949748743718593, 'recall': 0.945, 'f1-score': 0.9473684210526316, 'support': 200.0}, 'Data_Exfiltration': {'precision': 0.8095238095238095, 'recall': 0.7083333333333334, 'f1-score': 0.7555555555555556, 'support': 24.0}, 'HTTP': {'precision': 0.9707317073170731, 'recall': 0.995, 'f1-score': 0.982716049382716, 'support': 400.0}, 'Keylogging': {'precision': 0.964824120603015, 'recall': 0.96, 'f1-score': 0.9624060150375939, 'support': 200.0}, 'OS_Fingerprint': {'precision': 0.7692307692307693, 'recall': 0.75, 'f1-score': 0.7594936708860761, 'support': 200.0}, 'Service_Scan': {'precision': 0.7727272727272727, 'recall': 0.765, 'f1-score': 0.7688442211055277, 'support': 200.0}, 'TCP': {'precision': 0.9800498753117207, 'recall': 0.9825, 'f1-score': 0.9812734082397004, 'support': 400.0}, 'UDP': {'precision': 0.9875311720698254, 'recall': 0.99, 'f1-score': 0.9887640449438203, 'support': 400.0}, 'accuracy': 0.932806324110672, 'macro avg': {'precision': 0.9005459338127599, 'recall': 0.8869791666666667, 'f1-score': 0.8933026732754528, 'support': 2024.0}, 'weighted avg': {'precision': 0.9318477542312001, 'recall': 0.932806324110672, 'f1-score': 0.9322416995929812, 'support': 2024.0}}","[[189   0   2   2   2   0   0   5]
 [  2  17   2   3   0   0   0   0]
 [  1   0 398   1   0   0   0   0]
 [  3   3   2 192   0   0   0   0]
 [  0   1   1   1 150  44   3   0]
 [  1   0   0   0  42 153   4   0]
 [  0   0   5   0   1   1 393   0]
 [  3   0   0   0   0   0   1 396]]",0.003636598587036133,0.1618061065673828
1,BoT_IoT,3,None,QuantileTransformer,LDA,0.9333552233948978,-1,-1,98.59189723320159,90.89583333333333,0.8046301524562394,92.11127582026614,91.39924823154864,-1,"{'0Normal': {'precision': 0.9894736842105263, 'recall': 0.94, 'f1-score': 0.964102564102564, 'support': 200.0}, 'Data_Exfiltration': {'precision': 0.8636363636363636, 'recall': 0.7916666666666666, 'f1-score': 0.8260869565217391, 'support': 24.0}, 'HTTP': {'precision': 0.9731051344743277, 'recall': 0.995, 'f1-score': 0.9839307787391842, 'support': 400.0}, 'Keylogging': {'precision': 0.9514563106796117, 'recall': 0.98, 'f1-score': 0.9655172413793104, 'support': 200.0}, 'OS_Fingerprint': {'precision': 0.7853881278538812, 'recall': 0.86, 'f1-score': 0.8210023866348448, 'support': 200.0}, 'Service_Scan': {'precision': 0.838150289017341, 'recall': 0.725, 'f1-score': 0.7774798927613941, 'support': 200.0}, 'TCP': {'precision': 0.9825436408977556, 'recall': 0.985, 'f1-score': 0.9837702871410736, 'support': 400.0}, 'UDP': {'precision': 0.9851485148514851, 'recall': 0.995, 'f1-score': 0.9900497512437811, 'support': 400.0}, 'accuracy': 0.9436758893280632, 'macro avg': {'precision': 0.9211127582026615, 'recall': 0.9089583333333333, 'f1-score': 0.9139924823154864, 'support': 2024.0}, 'weighted avg': {'precision': 0.9436461814075949, 'recall': 0.9436758893280632, 'f1-score': 0.9429579203467195, 'support': 2024.0}}","[[188   1   3   3   1   1   0   3]
 [  1  19   1   3   0   0   0   0]
 [  1   0 398   0   0   0   1   0]
 [  0   1   0 196   0   1   1   1]
 [  0   0   0   2 172  25   1   0]
 [  0   1   1   1  46 145   4   2]
 [  0   0   6   0   0   0 394   0]
 [  0   0   0   1   0   1   0 398]]",0.9542014598846436,0.003363370895385742
2,BoT_IoT,3,None,QuantileTransformer,MLP,0.8941554824276988,-1,-1,97.69021739130434,86.30208333333333,1.3198757763975155,91.52032770421326,86.81325906600189,-1,"{'0Normal': {'precision': 0.9651162790697675, 'recall': 0.83, 'f1-score': 0.8924731182795699, 'support': 200.0}, 'Data_Exfiltration': {'precision': 1.0, 'recall': 0.7916666666666666, 'f1-score': 0.8837209302325582, 'support': 24.0}, 'HTTP': {'precision': 1.0, 'recall': 0.995, 'f1-score': 0.9974937343358395, 'support': 400.0}, 'Keylogging': {'precision': 0.9609756097560975, 'recall': 0.985, 'f1-score': 0.9728395061728395, 'support': 200.0}, 'OS_Fingerprint': {'precision': 0.8780487804878049, 'recall': 0.36, 'f1-score': 0.5106382978723404, 'support': 200.0}, 'Service_Scan': {'precision': 0.6037735849056604, 'recall': 0.96, 'f1-score': 0.7413127413127413, 'support': 200.0}, 'TCP': {'precision': 0.9899244332493703, 'recall': 0.9825, 'f1-score': 0.986198243412798, 'support': 400.0}, 'UDP': {'precision': 0.9237875288683602, 'recall': 1.0, 'f1-score': 0.9603841536614646, 'support': 400.0}, 'accuracy': 0.907608695652174, 'macro avg': {'precision': 0.9152032770421326, 'recall': 0.8630208333333333, 'f1-score': 0.8681325906600189, 'support': 2024.0}, 'weighted avg': {'precision': 0.9244405314678649, 'recall': 0.907608695652174, 'f1-score': 0.9003421381507513, 'support': 2024.0}}","[[166   0   0   0   2   0   0  32]
 [  1  19   0   4   0   0   0   0]
 [  1   0 398   1   0   0   0   0]
 [  3   0   0 197   0   0   0   0]
 [  1   0   0   1  72 125   1   0]
 [  0   0   0   1   4 192   3   0]
 [  0   0   0   1   4   1 393   1]
 [  0   0   0   0   0   0   0 400]]",2.9930639266967773,0.005286216735839844
3,BoT_IoT,3,None,QuantileTransformer,LGBM,0.9661030899221301,-1,-1,99.28359683794467,96.07291666666666,0.409373235460192,96.57024948301995,96.2809968083098,-1,"{'0Normal': {'precision': 0.9705882352941176, 'recall': 0.99, 'f1-score': 0.9801980198019802, 'support': 200.0}, 'Data_Exfiltration': {'precision': 1.0, 'recall': 0.9583333333333334, 'f1-score': 0.9787234042553191, 'support': 24.0}, 'HTTP': {'precision': 0.9925187032418953, 'recall': 0.995, 'f1-score': 0.9937578027465668, 'support': 400.0}, 'Keylogging': {'precision': 0.9899497487437185, 'recall': 0.985, 'f1-score': 0.9874686716791979, 'support': 200.0}, 'OS_Fingerprint': {'precision': 0.8511627906976744, 'recall': 0.915, 'f1-score': 0.8819277108433735, 'support': 200.0}, 'Service_Scan': {'precision': 0.9239130434782609, 'recall': 0.85, 'f1-score': 0.8854166666666666, 'support': 200.0}, 'TCP': {'precision': 0.9974874371859297, 'recall': 0.9925, 'f1-score': 0.9949874686716792, 'support': 400.0}, 'UDP': {'precision': 1.0, 'recall': 1.0, 'f1-score': 1.0, 'support': 400.0}, 'accuracy': 0.9713438735177866, 'macro avg': {'precision': 0.9657024948301995, 'recall': 0.9607291666666666, 'f1-score': 0.9628099680830979, 'support': 2024.0}, 'weighted avg': {'precision': 0.97189981216101, 'recall': 0.9713438735177866, 'f1-score': 0.9713387767132755, 'support': 2024.0}}","[[198   0   0   0   2   0   0   0]
 [  1  23   0   0   0   0   0   0]
 [  2   0 398   0   0   0   0   0]
 [  3   0   0 197   0   0   0   0]
 [  0   0   1   2 183  14   0   0]
 [  0   0   0   0  29 170   1   0]
 [  0   0   2   0   1   0 397   0]
 [  0   0   0   0   0   0   0 400]]",14.877859592437744,0.013616323471069336
4,BoT_IoT,3,None,QuantileTransformer,RF,0.957916547700625,-1,-1,99.1106719367589,93.88541666666667,0.5081874647092038,95.70852819123587,94.66432337114348,-1,"{'0Normal': {'precision': 0.9701492537313433, 'recall': 0.975, 'f1-score': 0.972568578553616, 'support': 200.0}, 'Data_Exfiltration': {'precision': 1.0, 'recall': 0.8333333333333334, 'f1-score': 0.9090909090909091, 'support': 24.0}, 'HTTP': {'precision': 0.9974937343358395, 'recall': 0.995, 'f1-score': 0.9962453066332916, 'support': 400.0}, 'Keylogging': {'precision': 0.9656862745098039, 'recall': 0.985, 'f1-score': 0.9752475247524752, 'support': 200.0}, 'OS_Fingerprint': {'precision': 0.8256880733944955, 'recall': 0.9, 'f1-score': 0.861244019138756, 'support': 200.0}, 'Service_Scan': {'precision': 0.9027027027027027, 'recall': 0.835, 'f1-score': 0.8675324675324674, 'support': 200.0}, 'TCP': {'precision': 0.9949622166246851, 'recall': 0.9875, 'f1-score': 0.9912170639899623, 'support': 400.0}, 'UDP': {'precision': 1.0, 'recall': 1.0, 'f1-score': 1.0, 'support': 400.0}, 'accuracy': 0.9644268774703557, 'macro avg': {'precision': 0.9570852819123588, 'recall': 0.9388541666666667, 'f1-score': 0.9466432337114348, 'support': 2024.0}, 'weighted avg': {'precision': 0.9653298622785963, 'recall': 0.9644268774703557, 'f1-score': 0.9644869802682542, 'support': 2024.0}}","[[195   0   1   1   3   0   0   0]
 [  1  20   0   3   0   0   0   0]
 [  2   0 398   0   0   0   0   0]
 [  3   0   0 197   0   0   0   0]
 [  0   0   0   2 180  18   0   0]
 [  0   0   0   0  31 167   2   0]
 [  0   0   0   1   4   0 395   0]
 [  0   0   0   0   0   0   0 400]]",3.9735591411590576,0.01856374740600586
5,BoT_IoT,3,None,QuantileTransformer,SGD,0.8808425186481732,-1,-1,97.48023715415019,78.01041666666666,1.4398644833427443,83.01816766421419,78.47456335700733,-1,"{'0Normal': {'precision': 0.8787878787878788, 'recall': 0.725, 'f1-score': 0.7945205479452054, 'support': 200.0}, 'Data_Exfiltration': {'precision': 0.5, 'recall': 0.08333333333333333, 'f1-score': 0.14285714285714285, 'support': 24.0}, 'HTTP': {'precision': 0.9900497512437811, 'recall': 0.995, 'f1-score': 0.9925187032418954, 'support': 400.0}, 'Keylogging': {'precision': 0.8711111111111111, 'recall': 0.98, 'f1-score': 0.9223529411764706, 'support': 200.0}, 'OS_Fingerprint': {'precision': 0.765, 'recall': 0.765, 'f1-score': 0.765, 'support': 200.0}, 'Service_Scan': {'precision': 0.7587939698492462, 'recall': 0.755, 'f1-score': 0.7568922305764411, 'support': 200.0}, 'TCP': {'precision': 0.9868421052631579, 'recall': 0.9375, 'f1-score': 0.9615384615384615, 'support': 400.0}, 'UDP': {'precision': 0.89086859688196, 'recall': 1.0, 'f1-score': 0.9422850412249705, 'support': 400.0}, 'accuracy': 0.8992094861660079, 'macro avg': {'precision': 0.8301816766421419, 'recall': 0.7801041666666666, 'f1-score': 0.7847456335700733, 'support': 2024.0}, 'weighted avg': {'precision': 0.8961673781152207, 'recall': 0.8992094861660079, 'f1-score': 0.8941297419813862, 'support': 2024.0}}","[[145   0   0   1   4   0   1  49]
 [  2   2   0  20   0   0   0   0]
 [  1   0 398   0   0   0   1   0]
 [  3   1   0 196   0   0   0   0]
 [  0   0   0   4 153  43   0   0]
 [  0   0   0   3  43 151   3   0]
 [ 14   1   4   1   0   5 375   0]
 [  0   0   0   0   0   0   0 400]]",2.100931406021118,0.0028450489044189453
6,BoT_IoT,3,None,QuantileTransformer,HHHv2,0.914726455981882,-1,-1,98.19664031620553,88.64613290053522,1.0304912478825523,88.84375,88.63661063973117,-1,"{'0Normal': {'precision': 0.885, 'recall': 0.9619565217391305, 'f1-score': 0.921875, 'support': 184.0}, 'Data_Exfiltration': {'precision': 0.75, 'recall': 0.72, 'f1-score': 0.7346938775510204, 'support': 25.0}, 'HTTP': {'precision': 0.985, 'recall': 0.9776674937965261, 'f1-score': 0.9813200498132004, 'support': 403.0}, 'Keylogging': {'precision': 0.97, 'recall': 0.9023255813953488, 'f1-score': 0.9349397590361446, 'support': 215.0}, 'OS_Fingerprint': {'precision': 0.845, 'recall': 0.7544642857142857, 'f1-score': 0.7971698113207546, 'support': 224.0}, 'Service_Scan': {'precision': 0.715, 'recall': 0.807909604519774, 'f1-score': 0.7586206896551723, 'support': 177.0}, 'TCP': {'precision': 0.965, 'recall': 0.9846938775510204, 'f1-score': 0.9747474747474748, 'support': 392.0}, 'UDP': {'precision': 0.9925, 'recall': 0.9826732673267327, 'f1-score': 0.9875621890547265, 'support': 404.0}, 'accuracy': 0.9278656126482213, 'macro avg': {'precision': 0.8884375, 'recall': 0.8864613290053522, 'f1-score': 0.8863661063973117, 'support': 2024.0}, 'weighted avg': {'precision': 0.9299308300395257, 'recall': 0.9278656126482213, 'f1-score': 0.9280604789971346, 'support': 2024.0}}","[[177   0   3   1   2   1   0   0]
 [  2  18   0   2   0   1   2   0]
 [  2   0 394   0   2   2   3   0]
 [  4   4   1 194   0   3   7   2]
 [  5   0   2   1 169  46   1   0]
 [  6   0   0   1  26 143   0   1]
 [  2   1   0   0   1   2 386   0]
 [  2   1   0   1   0   2   1 397]]",136.3759799003601,0.09098601341247559
7,BoT_IoT,3,None,QuantileTransformer,KNN,0.9297212496791427,-1,-1,98.51778656126481,91.10416666666667,0.846979107848673,91.81420939980678,91.4328176060437,-1,"{'0Normal': {'precision': 0.9591836734693877, 'recall': 0.94, 'f1-score': 0.9494949494949495, 'support': 200.0}, 'Data_Exfiltration': {'precision': 0.8695652173913043, 'recall': 0.8333333333333334, 'f1-score': 0.851063829787234, 'support': 24.0}, 'HTTP': {'precision': 0.9730392156862745, 'recall': 0.9925, 'f1-score': 0.9826732673267328, 'support': 400.0}, 'Keylogging': {'precision': 0.97, 'recall': 0.97, 'f1-score': 0.97, 'support': 200.0}, 'OS_Fingerprint': {'precision': 0.7836538461538461, 'recall': 0.815, 'f1-score': 0.7990196078431372, 'support': 200.0}, 'Service_Scan': {'precision': 0.827027027027027, 'recall': 0.765, 'f1-score': 0.7948051948051948, 'support': 200.0}, 'TCP': {'precision': 0.9775561097256857, 'recall': 0.98, 'f1-score': 0.978776529338327, 'support': 400.0}, 'UDP': {'precision': 0.9851116625310173, 'recall': 0.9925, 'f1-score': 0.9887920298879203, 'support': 400.0}, 'accuracy': 0.9407114624505929, 'macro avg': {'precision': 0.9181420939980678, 'recall': 0.9110416666666667, 'f1-score': 0.9143281760604369, 'support': 2024.0}, 'weighted avg': {'precision': 0.9402792834607878, 'recall': 0.9407114624505929, 'f1-score': 0.9403093937572836, 'support': 2024.0}}","[[188   0   2   2   2   0   0   6]
 [  2  20   0   2   0   0   0   0]
 [  2   0 397   1   0   0   0   0]
 [  2   2   2 194   0   0   0   0]
 [  0   1   2   1 163  30   3   0]
 [  1   0   0   0  42 153   4   0]
 [  0   0   5   0   1   2 392   0]
 [  1   0   0   0   0   0   2 397]]",0.004990816116333008,0.22811317443847656
8,BoT_IoT,3,None,QuantileTransformer,LDA,0.9369146291925493,-1,-1,98.66600790513834,92.15625,0.7622811970638058,93.64536587358747,92.76808583637384,-1,"{'0Normal': {'precision': 0.9790575916230366, 'recall': 0.935, 'f1-score': 0.9565217391304348, 'support': 200.0}, 'Data_Exfiltration': {'precision': 0.9545454545454546, 'recall': 0.875, 'f1-score': 0.9130434782608695, 'support': 24.0}, 'HTTP': {'precision': 0.9660194174757282, 'recall': 0.995, 'f1-score': 0.9802955665024631, 'support': 400.0}, 'Keylogging': {'precision': 0.9651741293532339, 'recall': 0.97, 'f1-score': 0.9675810473815462, 'support': 200.0}, 'OS_Fingerprint': {'precision': 0.7892376681614349, 'recall': 0.88, 'f1-score': 0.8321513002364066, 'support': 200.0}, 'Service_Scan': {'precision': 0.8698224852071006, 'recall': 0.735, 'f1-score': 0.7967479674796747, 'support': 200.0}, 'TCP': {'precision': 0.9777227722772277, 'recall': 0.9875, 'f1-score': 0.9825870646766169, 'support': 400.0}, 'UDP': {'precision': 0.9900497512437811, 'recall': 0.995, 'f1-score': 0.9925187032418954, 'support': 400.0}, 'accuracy': 0.9466403162055336, 'macro avg': {'precision': 0.9364536587358747, 'recall': 0.9215625000000001, 'f1-score': 0.9276808583637384, 'support': 2024.0}, 'weighted avg': {'precision': 0.9471760089806063, 'recall': 0.9466403162055336, 'f1-score': 0.9459851719823437, 'support': 2024.0}}","[[187   0   5   3   0   1   1   3]
 [  1  21   1   1   0   0   0   0]
 [  2   0 398   0   0   0   0   0]
 [  0   1   1 194   1   2   1   0]
 [  1   0   1   2 176  18   2   0]
 [  0   0   1   0  46 147   5   1]
 [  0   0   5   0   0   0 395   0]
 [  0   0   0   1   0   1   0 398]]",1.2139990329742432,0.0027773380279541016
9,BoT_IoT,3,None,QuantileTransformer,MLP,0.9350272838584097,-1,-1,98.61660079051383,84.11458333333334,0.7905138339920948,91.46233088619911,84.88373961896706,-1,"{'0Normal': {'precision': 0.965, 'recall': 0.965, 'f1-score': 0.965, 'support': 200.0}, 'Data_Exfiltration': {'precision': 0.8, 'recall': 0.16666666666666666, 'f1-score': 0.27586206896551724, 'support': 24.0}, 'HTTP': {'precision': 0.9974874371859297, 'recall': 0.9925, 'f1-score': 0.9949874686716792, 'support': 400.0}, 'Keylogging': {'precision': 0.8954545454545455, 'recall': 0.985, 'f1-score': 0.9380952380952382, 'support': 200.0}, 'OS_Fingerprint': {'precision': 0.7479674796747967, 'recall': 0.92, 'f1-score': 0.8251121076233183, 'support': 200.0}, 'Service_Scan': {'precision': 0.9285714285714286, 'recall': 0.715, 'f1-score': 0.807909604519774, 'support': 200.0}, 'TCP': {'precision': 0.9899497487437185, 'recall': 0.985, 'f1-score': 0.9874686716791979, 'support': 400.0}, 'UDP': {'precision': 0.9925558312655087, 'recall': 1.0, 'f1-score': 0.9962640099626401, 'support': 400.0}, 'accuracy': 0.9446640316205533, 'macro avg': {'precision': 0.9146233088619911, 'recall': 0.8411458333333334, 'f1-score': 0.8488373961896706, 'support': 2024.0}, 'weighted avg': {'precision': 0.9479228743173009, 'recall': 0.9446640316205533, 'f1-score': 0.9413696343024928, 'support': 2024.0}}","[[193   0   0   1   3   0   0   3]
 [  2   4   0  18   0   0   0   0]
 [  2   1 397   0   0   0   0   0]
 [  3   0   0 197   0   0   0   0]
 [  0   0   1   3 184  11   1   0]
 [  0   0   0   0  54 143   3   0]
 [  0   0   0   1   5   0 394   0]
 [  0   0   0   0   0   0   0 400]]",6.537111043930054,0.005304098129272461
10,BoT_IoT,3,None,QuantileTransformer,LGBM,0.9661788288834101,-1,-1,99.28359683794467,95.58333333333333,0.409373235460192,96.58958747456768,95.98854039831146,-1,"{'0Normal': {'precision': 0.9660194174757282, 'recall': 0.995, 'f1-score': 0.9802955665024631, 'support': 200.0}, 'Data_Exfiltration': {'precision': 1.0, 'recall': 0.9166666666666666, 'f1-score': 0.9565217391304348, 'support': 24.0}, 'HTTP': {'precision': 0.9974937343358395, 'recall': 0.995, 'f1-score': 0.9962453066332916, 'support': 400.0}, 'Keylogging': {'precision': 0.985, 'recall': 0.985, 'f1-score': 0.985, 'support': 200.0}, 'OS_Fingerprint': {'precision': 0.8461538461538461, 'recall': 0.935, 'f1-score': 0.8883610451306413, 'support': 200.0}, 'Service_Scan': {'precision': 0.9375, 'recall': 0.825, 'f1-score': 0.8776595744680852, 'support': 200.0}, 'TCP': {'precision': 0.995, 'recall': 0.995, 'f1-score': 0.995, 'support': 400.0}, 'UDP': {'precision': 1.0, 'recall': 1.0, 'f1-score': 1.0, 'support': 400.0}, 'accuracy': 0.9713438735177866, 'macro avg': {'precision': 0.9658958747456767, 'recall': 0.9558333333333333, 'f1-score': 0.9598854039831145, 'support': 2024.0}, 'weighted avg': {'precision': 0.972298491334116, 'recall': 0.9713438735177866, 'f1-score': 0.9712044869627889, 'support': 2024.0}}","[[199   0   0   0   1   0   0   0]
 [  1  22   0   1   0   0   0   0]
 [  2   0 398   0   0   0   0   0]
 [  3   0   0 197   0   0   0   0]
 [  1   0   0   2 187  10   0   0]
 [  0   0   0   0  33 165   2   0]
 [  0   0   1   0   0   1 398   0]
 [  0   0   0   0   0   0   0 400]]",17.587605476379395,0.01404261589050293
11,BoT_IoT,3,None,QuantileTransformer,RF,0.9644632941391926,-1,-1,99.24654150197628,95.03125,0.43054771315640883,96.57582341607599,95.65492879838125,-1,"{'0Normal': {'precision': 0.9653465346534653, 'recall': 0.975, 'f1-score': 0.9701492537313433, 'support': 200.0}, 'Data_Exfiltration': {'precision': 1.0, 'recall': 0.875, 'f1-score': 0.9333333333333333, 'support': 24.0}, 'HTTP': {'precision': 0.9974937343358395, 'recall': 0.995, 'f1-score': 0.9962453066332916, 'support': 400.0}, 'Keylogging': {'precision': 0.9752475247524752, 'recall': 0.985, 'f1-score': 0.9800995024875623, 'support': 200.0}, 'OS_Fingerprint': {'precision': 0.8407079646017699, 'recall': 0.95, 'f1-score': 0.892018779342723, 'support': 200.0}, 'Service_Scan': {'precision': 0.9597701149425287, 'recall': 0.835, 'f1-score': 0.893048128342246, 'support': 200.0}, 'TCP': {'precision': 0.9875, 'recall': 0.9875, 'f1-score': 0.9875, 'support': 400.0}, 'UDP': {'precision': 1.0, 'recall': 1.0, 'f1-score': 1.0, 'support': 400.0}, 'accuracy': 0.9698616600790514, 'macro avg': {'precision': 0.9657582341607599, 'recall': 0.9503125, 'f1-score': 0.9565492879838124, 'support': 2024.0}, 'weighted avg': {'precision': 0.9714485778282528, 'recall': 0.9698616600790514, 'f1-score': 0.9698425175069623, 'support': 2024.0}}","[[195   0   1   1   2   0   1   0]
 [  2  21   0   1   0   0   0   0]
 [  2   0 398   0   0   0   0   0]
 [  3   0   0 197   0   0   0   0]
 [  0   0   0   2 190   7   1   0]
 [  0   0   0   0  30 167   3   0]
 [  0   0   0   1   4   0 395   0]
 [  0   0   0   0   0   0   0 400]]",5.115649938583374,0.018841266632080078
12,BoT_IoT,3,None,QuantileTransformer,SGD,0.9309625043592694,-1,-1,98.51778656126481,91.35416666666667,0.846979107848673,91.98152740727578,91.09878562483466,-1,"{'0Normal': {'precision': 0.9545454545454546, 'recall': 0.945, 'f1-score': 0.949748743718593, 'support': 200.0}, 'Data_Exfiltration': {'precision': 0.8333333333333334, 'recall': 0.8333333333333334, 'f1-score': 0.8333333333333334, 'support': 24.0}, 'HTTP': {'precision': 0.9950124688279302, 'recall': 0.9975, 'f1-score': 0.9962546816479401, 'support': 400.0}, 'Keylogging': {'precision': 0.9375, 'recall': 0.975, 'f1-score': 0.9558823529411764, 'support': 200.0}, 'OS_Fingerprint': {'precision': 0.7137546468401487, 'recall': 0.96, 'f1-score': 0.8187633262260127, 'support': 200.0}, 'Service_Scan': {'precision': 0.9420289855072463, 'recall': 0.65, 'f1-score': 0.7692307692307692, 'support': 200.0}, 'TCP': {'precision': 0.9849246231155779, 'recall': 0.98, 'f1-score': 0.9824561403508771, 'support': 400.0}, 'UDP': {'precision': 0.9974226804123711, 'recall': 0.9675, 'f1-score': 0.9822335025380711, 'support': 400.0}, 'accuracy': 0.9407114624505929, 'macro avg': {'precision': 0.9198152740727578, 'recall': 0.9135416666666667, 'f1-score': 0.9109878562483467, 'support': 2024.0}, 'weighted avg': {'precision': 0.9488684418581628, 'recall': 0.9407114624505929, 'f1-score': 0.9402681661255265, 'support': 2024.0}}","[[189   0   1   4   5   0   0   1]
 [  1  20   0   3   0   0   0   0]
 [  1   0 399   0   0   0   0   0]
 [  1   4   0 195   0   0   0   0]
 [  0   0   0   4 192   3   1   0]
 [  0   0   0   1  65 130   4   0]
 [  0   0   1   1   5   1 392   0]
 [  6   0   0   0   2   4   1 387]]",3.7949516773223877,0.0029740333557128906
13,BoT_IoT,3,rbf,QuantileTransformer,HHHv2,0.9444395450672645,-1,-1,98.82658102766798,94.60775888574777,0.6705251270468662,92.9375,93.66300436009377,-1,"{'0Normal': {'precision': 0.97, 'recall': 0.9509803921568627, 'f1-score': 0.9603960396039604, 'support': 204.0}, 'Data_Exfiltration': {'precision': 0.875, 'recall': 1.0, 'f1-score': 0.9333333333333333, 'support': 21.0}, 'HTTP': {'precision': 0.9925, 'recall': 0.9754299754299754, 'f1-score': 0.9838909541511772, 'support': 407.0}, 'Keylogging': {'precision': 0.97, 'recall': 0.9603960396039604, 'f1-score': 0.9651741293532338, 'support': 202.0}, 'OS_Fingerprint': {'precision': 0.865, 'recall': 0.8160377358490566, 'f1-score': 0.8398058252427184, 'support': 212.0}, 'Service_Scan': {'precision': 0.775, 'recall': 0.8857142857142857, 'f1-score': 0.8266666666666667, 'support': 175.0}, 'TCP': {'precision': 0.9875, 'recall': 0.9850374064837906, 'f1-score': 0.9862671660424469, 'support': 401.0}, 'UDP': {'precision': 1.0, 'recall': 0.9950248756218906, 'f1-score': 0.9975062344139651, 'support': 402.0}, 'accuracy': 0.9530632411067194, 'macro avg': {'precision': 0.9293750000000001, 'recall': 0.9460775888574777, 'f1-score': 0.9366300436009377, 'support': 2024.0}, 'weighted avg': {'precision': 0.9551062252964426, 'recall': 0.9530632411067194, 'f1-score': 0.9536194298338184, 'support': 2024.0}}","[[194   2   2   4   1   1   0   0]
 [  0  21   0   0   0   0   0   0]
 [  1   0 397   2   2   0   5   0]
 [  2   1   1 194   2   2   0   0]
 [  1   0   0   0 173  38   0   0]
 [  1   0   0   0  19 155   0   0]
 [  0   0   0   0   3   3 395   0]
 [  1   0   0   0   0   1   0 400]]",408.7312972545624,0.2893526554107666
14,BoT_IoT,3,None,QuantileTransformer,KNN,0.9197170911680151,-1,-1,98.30780632411067,89.125,0.9669678147939018,90.57075960495278,89.7968656924401,-1,"{'0Normal': {'precision': 0.9593908629441624, 'recall': 0.945, 'f1-score': 0.9521410579345088, 'support': 200.0}, 'Data_Exfiltration': {'precision': 0.8571428571428571, 'recall': 0.75, 'f1-score': 0.7999999999999999, 'support': 24.0}, 'HTTP': {'precision': 0.9706601466992665, 'recall': 0.9925, 'f1-score': 0.9814585908529048, 'support': 400.0}, 'Keylogging': {'precision': 0.9651741293532339, 'recall': 0.97, 'f1-score': 0.9675810473815462, 'support': 200.0}, 'OS_Fingerprint': {'precision': 0.765625, 'recall': 0.735, 'f1-score': 0.7500000000000001, 'support': 200.0}, 'Service_Scan': {'precision': 0.765, 'recall': 0.765, 'f1-score': 0.765, 'support': 200.0}, 'TCP': {'precision': 0.9775561097256857, 'recall': 0.98, 'f1-score': 0.978776529338327, 'support': 400.0}, 'UDP': {'precision': 0.9851116625310173, 'recall': 0.9925, 'f1-score': 0.9887920298879203, 'support': 400.0}, 'accuracy': 0.9323122529644269, 'macro avg': {'precision': 0.9057075960495279, 'recall': 0.89125, 'f1-score': 0.8979686569244009, 'support': 2024.0}, 'weighted avg': {'precision': 0.9312947601844346, 'recall': 0.9323122529644269, 'f1-score': 0.9316972732682172, 'support': 2024.0}}","[[189   0   2   1   2   0   0   6]
 [  2  18   0   4   0   0   0   0]
 [  2   0 397   1   0   0   0   0]
 [  2   2   2 194   0   0   0   0]
 [  0   1   2   1 147  46   3   0]
 [  1   0   0   0  42 153   4   0]
 [  0   0   6   0   1   1 392   0]
 [  1   0   0   0   0   0   2 397]]",0.00493311882019043,0.226898193359375
15,BoT_IoT,3,None,QuantileTransformer,LDA,0.9245657404360014,-1,-1,98.40662055335969,91.48958333333334,0.9105025409373236,89.27824157052655,90.07909660155251,-1,"{'0Normal': {'precision': 0.9946524064171123, 'recall': 0.93, 'f1-score': 0.9612403100775193, 'support': 200.0}, 'Data_Exfiltration': {'precision': 0.6666666666666666, 'recall': 0.9166666666666666, 'f1-score': 0.7719298245614035, 'support': 24.0}, 'HTTP': {'precision': 0.9730392156862745, 'recall': 0.9925, 'f1-score': 0.9826732673267328, 'support': 400.0}, 'Keylogging': {'precision': 0.975, 'recall': 0.975, 'f1-score': 0.975, 'support': 200.0}, 'OS_Fingerprint': {'precision': 0.7605633802816901, 'recall': 0.81, 'f1-score': 0.7845036319612592, 'support': 200.0}, 'Service_Scan': {'precision': 0.8146067415730337, 'recall': 0.725, 'f1-score': 0.7671957671957672, 'support': 200.0}, 'TCP': {'precision': 0.9773869346733668, 'recall': 0.9725, 'f1-score': 0.9749373433583959, 'support': 400.0}, 'UDP': {'precision': 0.9803439803439803, 'recall': 0.9975, 'f1-score': 0.9888475836431228, 'support': 400.0}, 'accuracy': 0.9362648221343873, 'macro avg': {'precision': 0.8927824157052655, 'recall': 0.9148958333333335, 'f1-score': 0.9007909660155251, 'support': 2024.0}, 'weighted avg': {'precision': 0.9373876274386442, 'recall': 0.9362648221343873, 'f1-score': 0.9361153830868001, 'support': 2024.0}}","[[186   2   4   2   1   1   1   3]
 [  0  22   1   1   0   0   0   0]
 [  1   0 397   0   0   0   1   1]
 [  0   1   0 195   1   0   1   2]
 [  0   1   0   2 162  32   2   1]
 [  0   1   1   0  48 145   4   1]
 [  0   6   5   0   0   0 389   0]
 [  0   0   0   0   1   0   0 399]]",1.1832869052886963,0.0027277469635009766
16,BoT_IoT,3,None,QuantileTransformer,MLP,0.9380301872661312,-1,-1,98.6907114624506,92.80208333333333,0.7481648785996612,93.75018219907507,93.20593541206739,-1,"{'0Normal': {'precision': 0.9701492537313433, 'recall': 0.975, 'f1-score': 0.972568578553616, 'support': 200.0}, 'Data_Exfiltration': {'precision': 1.0, 'recall': 0.9166666666666666, 'f1-score': 0.9565217391304348, 'support': 24.0}, 'HTTP': {'precision': 0.9949874686716792, 'recall': 0.9925, 'f1-score': 0.9937421777221527, 'support': 400.0}, 'Keylogging': {'precision': 0.9801980198019802, 'recall': 0.99, 'f1-score': 0.9850746268656716, 'support': 200.0}, 'OS_Fingerprint': {'precision': 0.7545454545454545, 'recall': 0.83, 'f1-score': 0.7904761904761904, 'support': 200.0}, 'Service_Scan': {'precision': 0.8176795580110497, 'recall': 0.74, 'f1-score': 0.7769028871391076, 'support': 200.0}, 'TCP': {'precision': 0.98989898989899, 'recall': 0.98, 'f1-score': 0.9849246231155778, 'support': 400.0}, 'UDP': {'precision': 0.9925558312655087, 'recall': 1.0, 'f1-score': 0.9962640099626401, 'support': 400.0}, 'accuracy': 0.9476284584980237, 'macro avg': {'precision': 0.9375018219907507, 'recall': 0.9280208333333333, 'f1-score': 0.9320593541206739, 'support': 2024.0}, 'weighted avg': {'precision': 0.9483653029409271, 'recall': 0.9476284584980237, 'f1-score': 0.9475955052698598, 'support': 2024.0}}","[[195   0   1   0   2   0   0   2]
 [  1  22   0   1   0   0   0   0]
 [  2   0 397   1   0   0   0   0]
 [  2   0   0 198   0   0   0   0]
 [  0   0   1   1 166  31   1   0]
 [  1   0   0   0  48 148   3   0]
 [  0   0   0   1   4   2 392   1]
 [  0   0   0   0   0   0   0 400]]",8.523423671722412,0.005285501480102539
17,BoT_IoT,3,None,QuantileTransformer,LGBM,0.9690208021554743,-1,-1,99.3453557312253,95.92708333333333,0.3740824392998306,96.84600728283691,96.33481741902861,-1,"{'0Normal': {'precision': 0.9611650485436893, 'recall': 0.99, 'f1-score': 0.9753694581280788, 'support': 200.0}, 'Data_Exfiltration': {'precision': 1.0, 'recall': 0.9166666666666666, 'f1-score': 0.9565217391304348, 'support': 24.0}, 'HTTP': {'precision': 0.9925373134328358, 'recall': 0.9975, 'f1-score': 0.9950124688279303, 'support': 400.0}, 'Keylogging': {'precision': 0.9899497487437185, 'recall': 0.985, 'f1-score': 0.9874686716791979, 'support': 200.0}, 'OS_Fingerprint': {'precision': 0.8685446009389671, 'recall': 0.925, 'f1-score': 0.8958837772397094, 'support': 200.0}, 'Service_Scan': {'precision': 0.9354838709677419, 'recall': 0.87, 'f1-score': 0.9015544041450777, 'support': 200.0}, 'TCP': {'precision': 1.0, 'recall': 0.99, 'f1-score': 0.9949748743718593, 'support': 400.0}, 'UDP': {'precision': 1.0, 'recall': 1.0, 'f1-score': 1.0, 'support': 400.0}, 'accuracy': 0.9738142292490118, 'macro avg': {'precision': 0.9684600728283691, 'recall': 0.9592708333333333, 'f1-score': 0.9633481741902861, 'support': 2024.0}, 'weighted avg': {'precision': 0.9743298316264613, 'recall': 0.9738142292490118, 'f1-score': 0.9738175500283889, 'support': 2024.0}}","[[198   0   0   0   2   0   0   0]
 [  2  22   0   0   0   0   0   0]
 [  1   0 399   0   0   0   0   0]
 [  3   0   0 197   0   0   0   0]
 [  2   0   0   2 185  11   0   0]
 [  0   0   0   0  26 174   0   0]
 [  0   0   3   0   0   1 396   0]
 [  0   0   0   0   0   0   0 400]]",18.129672527313232,0.01397848129272461
18,BoT_IoT,3,None,QuantileTransformer,RF,0.9625872150402578,-1,-1,99.2094861660079,95.30208333333334,0.4517221908526256,96.3197085185293,95.75129522251498,-1,"{'0Normal': {'precision': 0.9701492537313433, 'recall': 0.975, 'f1-score': 0.972568578553616, 'support': 200.0}, 'Data_Exfiltration': {'precision': 1.0, 'recall': 0.9166666666666666, 'f1-score': 0.9565217391304348, 'support': 24.0}, 'HTTP': {'precision': 0.9875930521091811, 'recall': 0.995, 'f1-score': 0.991282689912827, 'support': 400.0}, 'Keylogging': {'precision': 0.9752475247524752, 'recall': 0.985, 'f1-score': 0.9800995024875623, 'support': 200.0}, 'OS_Fingerprint': {'precision': 0.8511627906976744, 'recall': 0.915, 'f1-score': 0.8819277108433735, 'support': 200.0}, 'Service_Scan': {'precision': 0.9289617486338798, 'recall': 0.85, 'f1-score': 0.8877284595300261, 'support': 200.0}, 'TCP': {'precision': 0.992462311557789, 'recall': 0.9875, 'f1-score': 0.9899749373433584, 'support': 400.0}, 'UDP': {'precision': 1.0, 'recall': 1.0, 'f1-score': 1.0, 'support': 400.0}, 'accuracy': 0.9683794466403162, 'macro avg': {'precision': 0.9631970851852929, 'recall': 0.9530208333333334, 'f1-score': 0.9575129522251498, 'support': 2024.0}, 'weighted avg': {'precision': 0.9689359728408413, 'recall': 0.9683794466403162, 'f1-score': 0.968342106188004, 'support': 2024.0}}","[[195   0   1   1   3   0   0   0]
 [  1  22   0   1   0   0   0   0]
 [  2   0 398   0   0   0   0   0]
 [  3   0   0 197   0   0   0   0]
 [  0   0   1   2 183  13   1   0]
 [  0   0   0   0  28 170   2   0]
 [  0   0   3   1   1   0 395   0]
 [  0   0   0   0   0   0   0 400]]",4.950258493423462,0.018874406814575195
19,BoT_IoT,3,None,QuantileTransformer,SGD,0.9158528973324839,-1,-1,98.22134387351778,90.45833333333333,1.0163749294184077,89.04951787754281,89.53052563164532,-1,"{'0Normal': {'precision': 0.978021978021978, 'recall': 0.89, 'f1-score': 0.9319371727748691, 'support': 200.0}, 'Data_Exfiltration': {'precision': 0.7333333333333333, 'recall': 0.9166666666666666, 'f1-score': 0.8148148148148148, 'support': 24.0}, 'HTTP': {'precision': 0.9875930521091811, 'recall': 0.995, 'f1-score': 0.991282689912827, 'support': 400.0}, 'Keylogging': {'precision': 0.9746192893401016, 'recall': 0.96, 'f1-score': 0.9672544080604534, 'support': 200.0}, 'OS_Fingerprint': {'precision': 0.7740112994350282, 'recall': 0.685, 'f1-score': 0.726790450928382, 'support': 200.0}, 'Service_Scan': {'precision': 0.7276785714285714, 'recall': 0.815, 'f1-score': 0.7688679245283018, 'support': 200.0}, 'TCP': {'precision': 0.9848484848484849, 'recall': 0.975, 'f1-score': 0.9798994974874371, 'support': 400.0}, 'UDP': {'precision': 0.963855421686747, 'recall': 1.0, 'f1-score': 0.9815950920245399, 'support': 400.0}, 'accuracy': 0.9288537549407114, 'macro avg': {'precision': 0.8904951787754282, 'recall': 0.9045833333333333, 'f1-score': 0.8953052563164532, 'support': 2024.0}, 'weighted avg': {'precision': 0.930328562797876, 'recall': 0.9288537549407114, 'f1-score': 0.9286741396165407, 'support': 2024.0}}","[[178   0   2   1   4   0   1  14]
 [  1  22   0   1   0   0   0   0]
 [  1   0 398   0   0   0   1   0]
 [  2   6   0 192   0   0   0   0]
 [  0   1   1   2 137  58   1   0]
 [  0   0   0   0  34 163   3   0]
 [  0   1   2   1   2   3 390   1]
 [  0   0   0   0   0   0   0 400]]",3.349562644958496,0.002805948257446289
20,BoT_IoT,3,poly,QuantileTransformer,HHHv2,0.9227810272346834,-1,-1,98.36956521739131,89.15403843256998,0.9316770186335404,91.14583333333333,89.93502869532023,-1,"{'0Normal': {'precision': 0.945, 'recall': 0.949748743718593, 'f1-score': 0.9473684210526316, 'support': 199.0}, 'Data_Exfiltration': {'precision': 0.9166666666666666, 'recall': 0.7096774193548387, 'f1-score': 0.7999999999999999, 'support': 31.0}, 'HTTP': {'precision': 0.9925, 'recall': 0.980246913580247, 'f1-score': 0.9863354037267081, 'support': 405.0}, 'Keylogging': {'precision': 0.97, 'recall': 0.9509803921568627, 'f1-score': 0.9603960396039604, 'support': 204.0}, 'OS_Fingerprint': {'precision': 0.72, 'recall': 0.8275862068965517, 'f1-score': 0.7700534759358287, 'support': 174.0}, 'Service_Scan': {'precision': 0.765, 'recall': 0.7463414634146341, 'f1-score': 0.7555555555555555, 'support': 205.0}, 'TCP': {'precision': 0.985, 'recall': 0.9776674937965261, 'f1-score': 0.9813200498132004, 'support': 403.0}, 'UDP': {'precision': 0.9975, 'recall': 0.9900744416873449, 'f1-score': 0.9937733499377336, 'support': 403.0}, 'accuracy': 0.9347826086956522, 'macro avg': {'precision': 0.9114583333333333, 'recall': 0.8915403843256997, 'f1-score': 0.8993502869532023, 'support': 2024.0}, 'weighted avg': {'precision': 0.9374341238471673, 'recall': 0.9347826086956522, 'f1-score': 0.9355502866498755, 'support': 2024.0}}","[[189   1   2   2   2   3   0   0]
 [  3  22   0   1   3   2   0   0]
 [  2   0 397   2   1   1   2   0]
 [  3   1   0 194   2   4   0   0]
 [  1   0   0   0 144  28   0   1]
 [  1   0   1   1  45 153   4   0]
 [  0   0   0   0   3   6 394   0]
 [  1   0   0   0   0   3   0 399]]",409.57598781585693,0.3316977024078369
21,BoT_IoT,3,None,QuantileTransformer,KNN,0.9261894170017666,-1,-1,98.44367588932806,90.23958333333333,0.8893280632411068,91.36488441378113,90.7633560886397,-1,"{'0Normal': {'precision': 0.9543147208121827, 'recall': 0.94, 'f1-score': 0.947103274559194, 'support': 200.0}, 'Data_Exfiltration': {'precision': 0.8636363636363636, 'recall': 0.7916666666666666, 'f1-score': 0.8260869565217391, 'support': 24.0}, 'HTTP': {'precision': 0.9730392156862745, 'recall': 0.9925, 'f1-score': 0.9826732673267328, 'support': 400.0}, 'Keylogging': {'precision': 0.965, 'recall': 0.965, 'f1-score': 0.965, 'support': 200.0}, 'OS_Fingerprint': {'precision': 0.7766990291262136, 'recall': 0.8, 'f1-score': 0.788177339901478, 'support': 200.0}, 'Service_Scan': {'precision': 0.8162162162162162, 'recall': 0.755, 'f1-score': 0.7844155844155843, 'support': 200.0}, 'TCP': {'precision': 0.9776119402985075, 'recall': 0.9825, 'f1-score': 0.9800498753117208, 'support': 400.0}, 'UDP': {'precision': 0.9826732673267327, 'recall': 0.9925, 'f1-score': 0.9875621890547265, 'support': 400.0}, 'accuracy': 0.9377470355731226, 'macro avg': {'precision': 0.9136488441378113, 'recall': 0.9023958333333333, 'f1-score': 0.9076335608863969, 'support': 2024.0}, 'weighted avg': {'precision': 0.9370074284994077, 'recall': 0.9377470355731226, 'f1-score': 0.9371934087989353, 'support': 2024.0}}","[[188   0   2   2   1   0   0   7]
 [  2  19   0   3   0   0   0   0]
 [  2   0 397   1   0   0   0   0]
 [  3   2   2 193   0   0   0   0]
 [  0   1   2   1 160  33   3   0]
 [  1   0   0   0  44 151   4   0]
 [  0   0   5   0   1   1 393   0]
 [  1   0   0   0   0   0   2 397]]",0.005261421203613281,0.23927855491638184
22,BoT_IoT,3,None,QuantileTransformer,LDA,0.9344888252067796,-1,-1,98.61660079051383,91.90625,0.7905138339920948,92.27410582744805,92.03041687905504,-1,"{'0Normal': {'precision': 0.9792746113989638, 'recall': 0.945, 'f1-score': 0.9618320610687023, 'support': 200.0}, 'Data_Exfiltration': {'precision': 0.875, 'recall': 0.875, 'f1-score': 0.875, 'support': 24.0}, 'HTTP': {'precision': 0.973170731707317, 'recall': 0.9975, 'f1-score': 0.9851851851851853, 'support': 400.0}, 'Keylogging': {'precision': 0.9605911330049262, 'recall': 0.975, 'f1-score': 0.9677419354838709, 'support': 200.0}, 'OS_Fingerprint': {'precision': 0.786046511627907, 'recall': 0.845, 'f1-score': 0.8144578313253013, 'support': 200.0}, 'Service_Scan': {'precision': 0.8352272727272727, 'recall': 0.735, 'f1-score': 0.7819148936170213, 'support': 200.0}, 'TCP': {'precision': 0.9800995024875622, 'recall': 0.985, 'f1-score': 0.9825436408977556, 'support': 400.0}, 'UDP': {'precision': 0.9925187032418953, 'recall': 0.995, 'f1-score': 0.9937578027465668, 'support': 400.0}, 'accuracy': 0.9446640316205533, 'macro avg': {'precision': 0.9227410582744805, 'recall': 0.9190625, 'f1-score': 0.9203041687905504, 'support': 2024.0}, 'weighted avg': {'precision': 0.944438478619824, 'recall': 0.9446640316205533, 'f1-score': 0.9440632390468292, 'support': 2024.0}}","[[189   1   3   3   0   1   2   1]
 [  1  21   1   1   0   0   0   0]
 [  1   0 399   0   0   0   0   0]
 [  2   1   0 195   0   2   0   0]
 [  0   1   1   2 169  25   1   1]
 [  0   0   1   0  46 147   5   1]
 [  0   0   5   1   0   0 394   0]
 [  0   0   0   1   0   1   0 398]]",1.150564432144165,0.0030901432037353516
23,BoT_IoT,3,None,QuantileTransformer,MLP,0.9346564075155777,-1,-1,98.61660079051383,91.84375,0.7905138339920948,93.580336056569,92.52112936730339,-1,"{'0Normal': {'precision': 0.964824120603015, 'recall': 0.96, 'f1-score': 0.9624060150375939, 'support': 200.0}, 'Data_Exfiltration': {'precision': 1.0, 'recall': 0.875, 'f1-score': 0.9333333333333333, 'support': 24.0}, 'HTTP': {'precision': 0.9900497512437811, 'recall': 0.995, 'f1-score': 0.9925187032418954, 'support': 400.0}, 'Keylogging': {'precision': 0.9656862745098039, 'recall': 0.985, 'f1-score': 0.9752475247524752, 'support': 200.0}, 'OS_Fingerprint': {'precision': 0.7456140350877193, 'recall': 0.85, 'f1-score': 0.7943925233644861, 'support': 200.0}, 'Service_Scan': {'precision': 0.8475609756097561, 'recall': 0.695, 'f1-score': 0.7637362637362637, 'support': 200.0}, 'TCP': {'precision': 0.9850374064837906, 'recall': 0.9875, 'f1-score': 0.9862671660424469, 'support': 400.0}, 'UDP': {'precision': 0.9876543209876543, 'recall': 1.0, 'f1-score': 0.9937888198757764, 'support': 400.0}, 'accuracy': 0.9446640316205533, 'macro avg': {'precision': 0.93580336056569, 'recall': 0.9184375, 'f1-score': 0.9252112936730339, 'support': 2024.0}, 'weighted avg': {'precision': 0.9455699963676627, 'recall': 0.9446640316205533, 'f1-score': 0.943965583518879, 'support': 2024.0}}","[[192   0   2   1   2   0   0   3]
 [  1  21   0   2   0   0   0   0]
 [  1   0 398   0   0   0   1   0]
 [  3   0   0 197   0   0   0   0]
 [  0   0   1   2 170  25   2   0]
 [  2   0   0   1  55 139   3   0]
 [  0   0   1   1   1   0 395   2]
 [  0   0   0   0   0   0   0 400]]",6.525981664657593,0.005658388137817383
24,BoT_IoT,3,None,QuantileTransformer,LGBM,0.9725070889207886,-1,-1,99.41946640316206,96.72916666666667,0.33173348390739693,97.1844653904266,96.93470399511499,-1,"{'0Normal': {'precision': 0.9658536585365853, 'recall': 0.99, 'f1-score': 0.9777777777777777, 'support': 200.0}, 'Data_Exfiltration': {'precision': 1.0, 'recall': 0.9583333333333334, 'f1-score': 0.9787234042553191, 'support': 24.0}, 'HTTP': {'precision': 0.9974937343358395, 'recall': 0.995, 'f1-score': 0.9962453066332916, 'support': 400.0}, 'Keylogging': {'precision': 0.9899497487437185, 'recall': 0.985, 'f1-score': 0.9874686716791979, 'support': 200.0}, 'OS_Fingerprint': {'precision': 0.8899521531100478, 'recall': 0.93, 'f1-score': 0.9095354523227384, 'support': 200.0}, 'Service_Scan': {'precision': 0.9365079365079365, 'recall': 0.885, 'f1-score': 0.910025706940874, 'support': 200.0}, 'TCP': {'precision': 0.995, 'recall': 0.995, 'f1-score': 0.995, 'support': 400.0}, 'UDP': {'precision': 1.0, 'recall': 1.0, 'f1-score': 1.0, 'support': 400.0}, 'accuracy': 0.9767786561264822, 'macro avg': {'precision': 0.971844653904266, 'recall': 0.9672916666666667, 'f1-score': 0.9693470399511499, 'support': 2024.0}, 'weighted avg': {'precision': 0.9770010835543446, 'recall': 0.9767786561264822, 'f1-score': 0.9767534615116412, 'support': 2024.0}}","[[198   0   0   0   2   0   0   0]
 [  1  23   0   0   0   0   0   0]
 [  2   0 398   0   0   0   0   0]
 [  3   0   0 197   0   0   0   0]
 [  1   0   1   2 186  10   0   0]
 [  0   0   0   0  21 177   2   0]
 [  0   0   0   0   0   2 398   0]
 [  0   0   0   0   0   0   0 400]]",16.382393836975098,0.01910400390625
25,BoT_IoT,3,None,QuantileTransformer,RF,0.9597796177768768,-1,-1,99.14772727272727,95.02083333333333,0.487012987012987,96.0087846303177,95.40192439154688,-1,"{'0Normal': {'precision': 0.9702970297029703, 'recall': 0.98, 'f1-score': 0.9751243781094527, 'support': 200.0}, 'Data_Exfiltration': {'precision': 1.0, 'recall': 0.9166666666666666, 'f1-score': 0.9565217391304348, 'support': 24.0}, 'HTTP': {'precision': 0.9974874371859297, 'recall': 0.9925, 'f1-score': 0.9949874686716792, 'support': 400.0}, 'Keylogging': {'precision': 0.9704433497536946, 'recall': 0.985, 'f1-score': 0.977667493796526, 'support': 200.0}, 'OS_Fingerprint': {'precision': 0.8185840707964602, 'recall': 0.925, 'f1-score': 0.8685446009389671, 'support': 200.0}, 'Service_Scan': {'precision': 0.9314285714285714, 'recall': 0.815, 'f1-score': 0.8693333333333332, 'support': 200.0}, 'TCP': {'precision': 0.992462311557789, 'recall': 0.9875, 'f1-score': 0.9899749373433584, 'support': 400.0}, 'UDP': {'precision': 1.0, 'recall': 1.0, 'f1-score': 1.0, 'support': 400.0}, 'accuracy': 0.9659090909090909, 'macro avg': {'precision': 0.960087846303177, 'recall': 0.9502083333333333, 'f1-score': 0.9540192439154689, 'support': 2024.0}, 'weighted avg': {'precision': 0.9674557825265941, 'recall': 0.9659090909090909, 'f1-score': 0.9659463662948622, 'support': 2024.0}}","[[196   0   0   1   3   0   0   0]
 [  1  22   0   1   0   0   0   0]
 [  2   0 397   1   0   0   0   0]
 [  3   0   0 197   0   0   0   0]
 [  0   0   1   2 185  12   0   0]
 [  0   0   0   0  34 163   3   0]
 [  0   0   0   1   4   0 395   0]
 [  0   0   0   0   0   0   0 400]]",5.079943418502808,0.01780414581298828
26,BoT_IoT,3,None,QuantileTransformer,SGD,0.9234547272835323,-1,-1,98.34486166007905,87.78125,0.945793337097685,93.090809934496,88.90481248983846,-1,"{'0Normal': {'precision': 0.9547738693467337, 'recall': 0.95, 'f1-score': 0.9523809523809523, 'support': 200.0}, 'Data_Exfiltration': {'precision': 0.9375, 'recall': 0.625, 'f1-score': 0.75, 'support': 24.0}, 'HTTP': {'precision': 0.9708029197080292, 'recall': 0.9975, 'f1-score': 0.9839704069050556, 'support': 400.0}, 'Keylogging': {'precision': 0.9289099526066351, 'recall': 0.98, 'f1-score': 0.9537712895377128, 'support': 200.0}, 'OS_Fingerprint': {'precision': 0.6845878136200717, 'recall': 0.955, 'f1-score': 0.7974947807933194, 'support': 200.0}, 'Service_Scan': {'precision': 0.9907407407407407, 'recall': 0.535, 'f1-score': 0.6948051948051949, 'support': 200.0}, 'TCP': {'precision': 0.9849246231155779, 'recall': 0.98, 'f1-score': 0.9824561403508771, 'support': 400.0}, 'UDP': {'precision': 0.9950248756218906, 'recall': 1.0, 'f1-score': 0.9975062344139651, 'support': 400.0}, 'accuracy': 0.9337944664031621, 'macro avg': {'precision': 0.9309080993449599, 'recall': 0.8778125, 'f1-score': 0.8890481248983847, 'support': 2024.0}, 'weighted avg': {'precision': 0.9459503175103929, 'recall': 0.9337944664031621, 'f1-score': 0.9304661838791478, 'support': 2024.0}}","[[190   0   3   1   3   0   1   2]
 [  2  15   0   7   0   0   0   0]
 [  1   0 399   0   0   0   0   0]
 [  2   1   1 196   0   0   0   0]
 [  0   0   3   3 191   1   2   0]
 [  4   0   0   2  84 107   3   0]
 [  0   0   5   2   1   0 392   0]
 [  0   0   0   0   0   0   0 400]]",3.5209743976593018,0.0028274059295654297
27,BoT_IoT,3,linear,QuantileTransformer,HHHv2,0.9147181318884043,-1,-1,98.19664031620553,89.7712509809784,1.0304912478825523,90.21874999999999,89.87918875422598,-1,"{'0Normal': {'precision': 0.86, 'recall': 0.9608938547486033, 'f1-score': 0.9076517150395778, 'support': 179.0}, 'Data_Exfiltration': {'precision': 0.875, 'recall': 0.8076923076923077, 'f1-score': 0.8400000000000001, 'support': 26.0}, 'HTTP': {'precision': 0.98, 'recall': 0.9775561097256857, 'f1-score': 0.978776529338327, 'support': 401.0}, 'Keylogging': {'precision': 0.975, 'recall': 0.9512195121951219, 'f1-score': 0.9629629629629629, 'support': 205.0}, 'OS_Fingerprint': {'precision': 0.845, 'recall': 0.7412280701754386, 'f1-score': 0.7897196261682242, 'support': 228.0}, 'Service_Scan': {'precision': 0.72, 'recall': 0.782608695652174, 'f1-score': 0.7499999999999999, 'support': 184.0}, 'TCP': {'precision': 0.9675, 'recall': 0.989769820971867, 'f1-score': 0.9785082174462706, 'support': 391.0}, 'UDP': {'precision': 0.995, 'recall': 0.9707317073170731, 'f1-score': 0.982716049382716, 'support': 410.0}, 'accuracy': 0.9278656126482213, 'macro avg': {'precision': 0.9021874999999999, 'recall': 0.8977125098097839, 'f1-score': 0.8987918875422598, 'support': 2024.0}, 'weighted avg': {'precision': 0.9293120059288539, 'recall': 0.9278656126482213, 'f1-score': 0.9277533699105343, 'support': 2024.0}}","[[172   0   3   2   2   0   0   0]
 [  2  21   0   1   0   1   1   0]
 [  4   1 392   0   0   0   4   0]
 [  4   1   2 195   1   2   0   0]
 [  6   0   2   0 169  49   2   0]
 [  9   0   1   2  26 144   0   2]
 [  0   0   0   0   1   3 387   0]
 [  3   1   0   0   1   1   6 398]]",374.90019249916077,0.17857098579406738
28,BoT_IoT,3,None,QuantileTransformer,KNN,0.7523667659657702,-1,-1,94.50345849802372,70.5,3.1408808582721623,77.05930454838261,69.07788923107283,-1,"{'0Normal': {'precision': 0.6855123674911661, 'recall': 0.97, 'f1-score': 0.8033126293995859, 'support': 200.0}, 'Data_Exfiltration': {'precision': 0.5, 'recall': 0.125, 'f1-score': 0.2, 'support': 24.0}, 'HTTP': {'precision': 0.9659367396593674, 'recall': 0.9925, 'f1-score': 0.9790382244143033, 'support': 400.0}, 'Keylogging': {'precision': 0.6508474576271186, 'recall': 0.96, 'f1-score': 0.7757575757575758, 'support': 200.0}, 'OS_Fingerprint': {'precision': 0.7191011235955056, 'recall': 0.64, 'f1-score': 0.6772486772486772, 'support': 200.0}, 'Service_Scan': {'precision': 0.9586776859504132, 'recall': 0.58, 'f1-score': 0.7227414330218069, 'support': 200.0}, 'TCP': {'precision': 0.6846689895470384, 'recall': 0.9825, 'f1-score': 0.806981519507187, 'support': 400.0}, 'UDP': {'precision': 1.0, 'recall': 0.39, 'f1-score': 0.5611510791366906, 'support': 400.0}, 'accuracy': 0.7801383399209486, 'macro avg': {'precision': 0.7705930454838261, 'recall': 0.7050000000000001, 'f1-score': 0.6907788923107283, 'support': 2024.0}, 'weighted avg': {'precision': 0.8276037641380449, 'recall': 0.7801383399209486, 'f1-score': 0.7606128420498032, 'support': 2024.0}}","[[194   0   2   1   3   0   0   0]
 [  2   3   2  17   0   0   0   0]
 [  2   0 397   1   0   0   0   0]
 [  3   3   2 192   0   0   0   0]
 [  0   0   3  62 128   4   3   0]
 [  6   0   0  22  46 116  10   0]
 [  0   0   5   0   1   1 393   0]
 [ 76   0   0   0   0   0 168 156]]",0.0021283626556396484,0.11092281341552734
29,BoT_IoT,3,None,QuantileTransformer,LDA,0.9082840329785609,-1,-1,98.06077075098814,89.5625,1.1081309994353472,88.56893911890839,88.93023809670801,-1,"{'0Normal': {'precision': 0.9270833333333334, 'recall': 0.89, 'f1-score': 0.9081632653061226, 'support': 200.0}, 'Data_Exfiltration': {'precision': 0.7777777777777778, 'recall': 0.875, 'f1-score': 0.823529411764706, 'support': 24.0}, 'HTTP': {'precision': 0.9850374064837906, 'recall': 0.9875, 'f1-score': 0.9862671660424469, 'support': 400.0}, 'Keylogging': {'precision': 0.9468599033816425, 'recall': 0.98, 'f1-score': 0.9631449631449631, 'support': 200.0}, 'OS_Fingerprint': {'precision': 0.7300884955752213, 'recall': 0.825, 'f1-score': 0.7746478873239435, 'support': 200.0}, 'Service_Scan': {'precision': 0.7660818713450293, 'recall': 0.655, 'f1-score': 0.7061994609164421, 'support': 200.0}, 'TCP': {'precision': 0.9728395061728395, 'recall': 0.985, 'f1-score': 0.9788819875776398, 'support': 400.0}, 'UDP': {'precision': 0.979746835443038, 'recall': 0.9675, 'f1-score': 0.9735849056603773, 'support': 400.0}, 'accuracy': 0.9224308300395256, 'macro avg': {'precision': 0.885689391189084, 'recall': 0.895625, 'f1-score': 0.8893023809670801, 'support': 2024.0}, 'weighted avg': {'precision': 0.9227958926055233, 'recall': 0.9224308300395256, 'f1-score': 0.9217833225952731, 'support': 2024.0}}","[[178   2   1   3   1   7   3   5]
 [  1  21   0   2   0   0   0   0]
 [  1   1 395   0   2   0   1   0]
 [  0   2   0 196   1   0   1   0]
 [  0   1   0   2 165  30   2   0]
 [  1   0   0   4  57 131   4   3]
 [  0   0   5   0   0   1 394   0]
 [ 11   0   0   0   0   2   0 387]]",0.6604392528533936,0.003316640853881836
30,BoT_IoT,3,None,QuantileTransformer,MLP,0.8647502581637017,-1,-1,97.04792490118577,80.64583333333333,1.686900056465274,85.15363247945756,79.50140749469283,-1,"{'0Normal': {'precision': 0.8834080717488789, 'recall': 0.985, 'f1-score': 0.9314420803782506, 'support': 200.0}, 'Data_Exfiltration': {'precision': 0.8666666666666667, 'recall': 0.5416666666666666, 'f1-score': 0.6666666666666667, 'support': 24.0}, 'HTTP': {'precision': 0.9974874371859297, 'recall': 0.9925, 'f1-score': 0.9949874686716792, 'support': 400.0}, 'Keylogging': {'precision': 0.6555183946488294, 'recall': 0.98, 'f1-score': 0.7855711422845691, 'support': 200.0}, 'OS_Fingerprint': {'precision': 0.782608695652174, 'recall': 0.18, 'f1-score': 0.2926829268292683, 'support': 200.0}, 'Service_Scan': {'precision': 0.6392156862745098, 'recall': 0.815, 'f1-score': 0.7164835164835164, 'support': 200.0}, 'TCP': {'precision': 0.9899497487437185, 'recall': 0.985, 'f1-score': 0.9874686716791979, 'support': 400.0}, 'UDP': {'precision': 0.9974358974358974, 'recall': 0.9725, 'f1-score': 0.9848101265822785, 'support': 400.0}, 'accuracy': 0.8819169960474308, 'macro avg': {'precision': 0.8515363247945755, 'recall': 0.8064583333333333, 'f1-score': 0.7950140749469283, 'support': 2024.0}, 'weighted avg': {'precision': 0.8927368591952058, 'recall': 0.8819169960474308, 'f1-score': 0.8637067391148139, 'support': 2024.0}}","[[197   0   1   0   1   0   0   1]
 [  1  13   0  10   0   0   0   0]
 [  2   0 397   1   0   0   0   0]
 [  3   1   0 196   0   0   0   0]
 [  2   1   0  68  36  92   1   0]
 [  7   0   0  23   4 163   3   0]
 [  0   0   0   1   5   0 394   0]
 [ 11   0   0   0   0   0   0 389]]",2.2493362426757812,0.005585193634033203
31,BoT_IoT,3,None,QuantileTransformer,LGBM,0.9541780725007045,-1,-1,99.024209486166,94.20833333333334,0.5575945793337098,95.46451346996004,94.5946210206232,-1,"{'0Normal': {'precision': 0.9707317073170731, 'recall': 0.995, 'f1-score': 0.982716049382716, 'support': 200.0}, 'Data_Exfiltration': {'precision': 1.0, 'recall': 0.9166666666666666, 'f1-score': 0.9565217391304348, 'support': 24.0}, 'HTTP': {'precision': 1.0, 'recall': 0.9975, 'f1-score': 0.9987484355444306, 'support': 400.0}, 'Keylogging': {'precision': 0.985, 'recall': 0.985, 'f1-score': 0.985, 'support': 200.0}, 'OS_Fingerprint': {'precision': 0.7656903765690377, 'recall': 0.915, 'f1-score': 0.8337129840546696, 'support': 200.0}, 'Service_Scan': {'precision': 0.9182389937106918, 'recall': 0.73, 'f1-score': 0.8133704735376044, 'support': 200.0}, 'TCP': {'precision': 0.9975, 'recall': 0.9975, 'f1-score': 0.9975, 'support': 400.0}, 'UDP': {'precision': 1.0, 'recall': 1.0, 'f1-score': 1.0, 'support': 400.0}, 'accuracy': 0.9609683794466403, 'macro avg': {'precision': 0.9546451346996003, 'recall': 0.9420833333333334, 'f1-score': 0.9459462102062319, 'support': 2024.0}, 'weighted avg': {'precision': 0.9638993159680634, 'recall': 0.9609683794466403, 'f1-score': 0.9606797417746544, 'support': 2024.0}}","[[199   0   0   0   1   0   0   0]
 [  1  22   0   1   0   0   0   0]
 [  1   0 399   0   0   0   0   0]
 [  3   0   0 197   0   0   0   0]
 [  1   0   0   2 183  13   1   0]
 [  0   0   0   0  54 146   0   0]
 [  0   0   0   0   1   0 399   0]
 [  0   0   0   0   0   0   0 400]]",11.877919912338257,0.016852378845214844
32,BoT_IoT,3,None,QuantileTransformer,RF,0.9436814114784275,-1,-1,98.78952569169961,91.4375,0.691699604743083,94.92464145344042,92.40626046062255,-1,"{'0Normal': {'precision': 0.9466019417475728, 'recall': 0.975, 'f1-score': 0.9605911330049262, 'support': 200.0}, 'Data_Exfiltration': {'precision': 1.0, 'recall': 0.75, 'f1-score': 0.8571428571428571, 'support': 24.0}, 'HTTP': {'precision': 0.995, 'recall': 0.995, 'f1-score': 0.995, 'support': 400.0}, 'Keylogging': {'precision': 0.9471153846153846, 'recall': 0.985, 'f1-score': 0.965686274509804, 'support': 200.0}, 'OS_Fingerprint': {'precision': 0.7394636015325671, 'recall': 0.965, 'f1-score': 0.8373101952277658, 'support': 200.0}, 'Service_Scan': {'precision': 0.9708029197080292, 'recall': 0.665, 'f1-score': 0.7893175074183976, 'support': 200.0}, 'TCP': {'precision': 0.9949874686716792, 'recall': 0.9925, 'f1-score': 0.9937421777221527, 'support': 400.0}, 'UDP': {'precision': 1.0, 'recall': 0.9875, 'f1-score': 0.9937106918238994, 'support': 400.0}, 'accuracy': 0.9515810276679841, 'macro avg': {'precision': 0.9492464145344042, 'recall': 0.9143749999999999, 'f1-score': 0.9240626046062255, 'support': 2024.0}, 'weighted avg': {'precision': 0.9588892079987068, 'recall': 0.9515810276679841, 'f1-score': 0.9506588925010021, 'support': 2024.0}}","[[195   0   1   1   3   0   0   0]
 [  1  18   0   5   0   0   0   0]
 [  2   0 398   0   0   0   0   0]
 [  3   0   0 197   0   0   0   0]
 [  0   0   1   2 193   4   0   0]
 [  0   0   0   2  63 133   2   0]
 [  0   0   0   1   2   0 397   0]
 [  5   0   0   0   0   0   0 395]]",2.1365013122558594,0.017145872116088867
33,BoT_IoT,3,None,QuantileTransformer,SGD,0.7996403203841628,-1,-1,95.57806324110672,70.09375,2.526821005081875,72.21889727174344,65.1591764708998,-1,"{'0Normal': {'precision': 0.620253164556962, 'recall': 0.98, 'f1-score': 0.7596899224806202, 'support': 200.0}, 'Data_Exfiltration': {'precision': 0.0, 'recall': 0.0, 'f1-score': 0.0, 'support': 24.0}, 'HTTP': {'precision': 0.9636803874092009, 'recall': 0.995, 'f1-score': 0.979089790897909, 'support': 400.0}, 'Keylogging': {'precision': 0.7519083969465649, 'recall': 0.985, 'f1-score': 0.8528138528138528, 'support': 200.0}, 'OS_Fingerprint': {'precision': 0.9285714285714286, 'recall': 0.065, 'f1-score': 0.12149532710280375, 'support': 200.0}, 'Service_Scan': {'precision': 0.534375, 'recall': 0.855, 'f1-score': 0.6576923076923078, 'support': 200.0}, 'TCP': {'precision': 0.9787234042553191, 'recall': 0.92, 'f1-score': 0.9484536082474226, 'support': 400.0}, 'UDP': {'precision': 1.0, 'recall': 0.8075, 'f1-score': 0.8934993084370677, 'support': 400.0}, 'accuracy': 0.8231225296442688, 'macro avg': {'precision': 0.7221889727174344, 'recall': 0.7009375, 'f1-score': 0.6515917647089979, 'support': 2024.0}, 'weighted avg': {'precision': 0.8616517365023711, 'recall': 0.8231225296442688, 'f1-score': 0.7938514649460853, 'support': 2024.0}}","[[196   0   2   0   1   0   1   0]
 [  2   0   2  20   0   0   0   0]
 [  1   0 398   0   0   0   1   0]
 [  3   0   0 197   0   0   0   0]
 [  7   0   5  28  13 145   2   0]
 [ 10   0   0  16   0 171   3   0]
 [ 21   0   6   1   0   4 368   0]
 [ 76   0   0   0   0   0   1 323]]",0.978701114654541,0.0030333995819091797
34,BoT_IoT,3,sigmoid,QuantileTransformer,HHHv2,0.48411274658357484,-1,-1,88.82164031620553,48.344933118912216,6.38763410502541,52.35416666666667,48.0411411277885,-1,"{'0Normal': {'precision': 0.535, 'recall': 0.5047169811320755, 'f1-score': 0.5194174757281554, 'support': 212.0}, 'Data_Exfiltration': {'precision': 0.3333333333333333, 'recall': 0.0761904761904762, 'f1-score': 0.12403100775193798, 'support': 105.0}, 'HTTP': {'precision': 0.875, 'recall': 0.674373795761079, 'f1-score': 0.7616974972796519, 'support': 519.0}, 'Keylogging': {'precision': 0.855, 'recall': 0.6356877323420075, 'f1-score': 0.7292110874200427, 'support': 269.0}, 'OS_Fingerprint': {'precision': 0.38, 'recall': 0.3584905660377358, 'f1-score': 0.3689320388349514, 'support': 212.0}, 'Service_Scan': {'precision': 0.385, 'recall': 0.3532110091743119, 'f1-score': 0.3684210526315789, 'support': 218.0}, 'TCP': {'precision': 0.6225, 'recall': 0.7522658610271903, 'f1-score': 0.6812585499316005, 'support': 331.0}, 'UDP': {'precision': 0.2025, 'recall': 0.5126582278481012, 'f1-score': 0.2903225806451613, 'support': 158.0}, 'accuracy': 0.5528656126482213, 'macro avg': {'precision': 0.5235416666666667, 'recall': 0.48344933118912214, 'f1-score': 0.480411411277885, 'support': 2024.0}, 'weighted avg': {'precision': 0.610213685770751, 'recall': 0.5528656126482213, 'f1-score': 0.5654720720101, 'support': 2024.0}}","[[107   0   1   2  16  16  25  45]
 [ 11   8   6   3  30   8  27  12]
 [ 18   2 350   3   8   7  12 119]
 [ 13   4  10 171  13  13  21  24]
 [  6   3  12   6  76  62  24  23]
 [ 11   3   7   9  29  77  22  60]
 [ 17   1   7   1  12   8 249  36]
 [ 17   3   7   5  16   9  20  81]]",18.877377033233643,0.10017085075378418
35,BoT_IoT,2,None,QuantileTransformer,KNN,0.9156709791338385,-1,-1,98.22134387351778,88.75,1.0163749294184077,87.90149148947013,88.26336175360726,-1,"{'0Normal': {'precision': 0.9481865284974094, 'recall': 0.915, 'f1-score': 0.9312977099236642, 'support': 200.0}, 'Data_Exfiltration': {'precision': 0.6428571428571429, 'recall': 0.75, 'f1-score': 0.6923076923076924, 'support': 24.0}, 'HTTP': {'precision': 0.9777777777777777, 'recall': 0.99, 'f1-score': 0.9838509316770186, 'support': 400.0}, 'Keylogging': {'precision': 0.9435897435897436, 'recall': 0.92, 'f1-score': 0.9316455696202531, 'support': 200.0}, 'OS_Fingerprint': {'precision': 0.7707317073170732, 'recall': 0.79, 'f1-score': 0.780246913580247, 'support': 200.0}, 'Service_Scan': {'precision': 0.788659793814433, 'recall': 0.765, 'f1-score': 0.7766497461928934, 'support': 200.0}, 'TCP': {'precision': 0.9848866498740554, 'recall': 0.9775, 'f1-score': 0.9811794228356336, 'support': 400.0}, 'UDP': {'precision': 0.9754299754299754, 'recall': 0.9925, 'f1-score': 0.9838909541511772, 'support': 400.0}, 'accuracy': 0.9288537549407114, 'macro avg': {'precision': 0.8790149148947013, 'recall': 0.8875000000000001, 'f1-score': 0.8826336175360725, 'support': 2024.0}, 'weighted avg': {'precision': 0.9292983632929974, 'recall': 0.9288537549407114, 'f1-score': 0.9289288023440355, 'support': 2024.0}}","[[183   0   1   2   4   0   0  10]
 [  2  18   0   4   0   0   0   0]
 [  3   0 396   1   0   0   0   0]
 [  3  10   2 184   0   1   0   0]
 [  0   0   1   2 158  36   3   0]
 [  1   0   0   2  41 153   3   0]
 [  0   0   5   0   2   2 391   0]
 [  1   0   0   0   0   2   0 397]]",0.0008327960968017578,0.011502742767333984
36,BoT_IoT,2,None,QuantileTransformer,LDA,0.9237309050006848,-1,-1,98.38191699604744,91.23958333333333,0.924618859401468,87.46427392977711,88.4340557425364,-1,"{'0Normal': {'precision': 0.979381443298969, 'recall': 0.95, 'f1-score': 0.9644670050761421, 'support': 200.0}, 'Data_Exfiltration': {'precision': 0.5, 'recall': 0.9166666666666666, 'f1-score': 0.6470588235294118, 'support': 24.0}, 'HTTP': {'precision': 0.9803439803439803, 'recall': 0.9975, 'f1-score': 0.9888475836431228, 'support': 400.0}, 'Keylogging': {'precision': 0.967032967032967, 'recall': 0.88, 'f1-score': 0.9214659685863875, 'support': 200.0}, 'OS_Fingerprint': {'precision': 0.7510729613733905, 'recall': 0.875, 'f1-score': 0.8083140877598153, 'support': 200.0}, 'Service_Scan': {'precision': 0.8294117647058824, 'recall': 0.705, 'f1-score': 0.7621621621621621, 'support': 200.0}, 'TCP': {'precision': 0.9924050632911392, 'recall': 0.98, 'f1-score': 0.9861635220125786, 'support': 400.0}, 'UDP': {'precision': 0.9974937343358395, 'recall': 0.995, 'f1-score': 0.9962453066332916, 'support': 400.0}, 'accuracy': 0.9352766798418972, 'macro avg': {'precision': 0.874642739297771, 'recall': 0.9123958333333333, 'f1-score': 0.884340557425364, 'support': 2024.0}, 'weighted avg': {'precision': 0.9414411751337081, 'recall': 0.9352766798418972, 'f1-score': 0.9364198722318204, 'support': 2024.0}}","[[190   0   2   2   2   3   0   1]
 [  0  22   0   1   1   0   0   0]
 [  1   0 399   0   0   0   0   0]
 [  1  22   1 176   0   0   0   0]
 [  0   0   1   1 175  21   2   0]
 [  2   0   0   1  55 141   1   0]
 [  0   0   4   1   0   3 392   0]
 [  0   0   0   0   0   2   0 398]]",0.014778852462768555,0.0007588863372802734
37,BoT_IoT,2,None,QuantileTransformer,MLP,0.9327979005714656,-1,-1,98.56719367588933,91.19791666666667,0.818746470920384,90.84643246345647,90.59368910057034,-1,"{'0Normal': {'precision': 0.953125, 'recall': 0.915, 'f1-score': 0.9336734693877552, 'support': 200.0}, 'Data_Exfiltration': {'precision': 0.7142857142857143, 'recall': 0.8333333333333334, 'f1-score': 0.7692307692307692, 'support': 24.0}, 'HTTP': {'precision': 0.9974874371859297, 'recall': 0.9925, 'f1-score': 0.9949874686716792, 'support': 400.0}, 'Keylogging': {'precision': 0.9692307692307692, 'recall': 0.945, 'f1-score': 0.9569620253164557, 'support': 200.0}, 'OS_Fingerprint': {'precision': 0.7450199203187251, 'recall': 0.935, 'f1-score': 0.8292682926829268, 'support': 200.0}, 'Service_Scan': {'precision': 0.9324324324324325, 'recall': 0.69, 'f1-score': 0.793103448275862, 'support': 200.0}, 'TCP': {'precision': 0.9899497487437185, 'recall': 0.985, 'f1-score': 0.9874686716791979, 'support': 400.0}, 'UDP': {'precision': 0.966183574879227, 'recall': 1.0, 'f1-score': 0.9828009828009828, 'support': 400.0}, 'accuracy': 0.9426877470355731, 'macro avg': {'precision': 0.9084643246345646, 'recall': 0.9119791666666667, 'f1-score': 0.9059368910057035, 'support': 2024.0}, 'weighted avg': {'precision': 0.9479015740428817, 'recall': 0.9426877470355731, 'f1-score': 0.9422756101061673, 'support': 2024.0}}","[[183   0   0   1   2   0   0  14]
 [  2  20   0   2   0   0   0   0]
 [  3   0 397   0   0   0   0   0]
 [  3   8   0 189   0   0   0   0]
 [  0   0   1   2 187   9   1   0]
 [  1   0   0   0  58 138   3   0]
 [  0   0   0   1   4   1 394   0]
 [  0   0   0   0   0   0   0 400]]",0.7543196678161621,0.0015757083892822266
38,BoT_IoT,2,None,QuantileTransformer,LGBM,0.9590609692826355,-1,-1,99.13537549407114,94.83333333333334,0.4940711462450593,95.76260924307887,95.24606319394995,-1,"{'0Normal': {'precision': 0.9611650485436893, 'recall': 0.99, 'f1-score': 0.9753694581280788, 'support': 200.0}, 'Data_Exfiltration': {'precision': 1.0, 'recall': 0.9166666666666666, 'f1-score': 0.9565217391304348, 'support': 24.0}, 'HTTP': {'precision': 0.9974811083123426, 'recall': 0.99, 'f1-score': 0.9937264742785445, 'support': 400.0}, 'Keylogging': {'precision': 0.9850746268656716, 'recall': 0.99, 'f1-score': 0.9875311720698254, 'support': 200.0}, 'OS_Fingerprint': {'precision': 0.8388625592417062, 'recall': 0.885, 'f1-score': 0.8613138686131386, 'support': 200.0}, 'Service_Scan': {'precision': 0.8858695652173914, 'recall': 0.815, 'f1-score': 0.8489583333333334, 'support': 200.0}, 'TCP': {'precision': 0.9925558312655087, 'recall': 1.0, 'f1-score': 0.9962640099626401, 'support': 400.0}, 'UDP': {'precision': 1.0, 'recall': 1.0, 'f1-score': 1.0, 'support': 400.0}, 'accuracy': 0.9654150197628458, 'macro avg': {'precision': 0.9576260924307887, 'recall': 0.9483333333333334, 'f1-score': 0.9524606319394995, 'support': 2024.0}, 'weighted avg': {'precision': 0.9655183477296602, 'recall': 0.9654150197628458, 'f1-score': 0.9652111076405533, 'support': 2024.0}}","[[198   0   0   0   1   1   0   0]
 [  1  22   0   1   0   0   0   0]
 [  4   0 396   0   0   0   0   0]
 [  2   0   0 198   0   0   0   0]
 [  1   0   0   2 177  20   0   0]
 [  0   0   1   0  33 163   3   0]
 [  0   0   0   0   0   0 400   0]
 [  0   0   0   0   0   0   0 400]]",2.145078420639038,0.012828350067138672
39,BoT_IoT,2,None,QuantileTransformer,RF,0.9551428091795483,-1,-1,99.04891304347827,93.96875,0.5434782608695652,95.48408789457858,94.55698281847104,-1,"{'0Normal': {'precision': 0.9609756097560975, 'recall': 0.985, 'f1-score': 0.9728395061728395, 'support': 200.0}, 'Data_Exfiltration': {'precision': 1.0, 'recall': 0.875, 'f1-score': 0.9333333333333333, 'support': 24.0}, 'HTTP': {'precision': 0.9974811083123426, 'recall': 0.99, 'f1-score': 0.9937264742785445, 'support': 400.0}, 'Keylogging': {'precision': 0.9752475247524752, 'recall': 0.985, 'f1-score': 0.9800995024875623, 'support': 200.0}, 'OS_Fingerprint': {'precision': 0.7982456140350878, 'recall': 0.91, 'f1-score': 0.8504672897196263, 'support': 200.0}, 'Service_Scan': {'precision': 0.9117647058823529, 'recall': 0.775, 'f1-score': 0.8378378378378379, 'support': 200.0}, 'TCP': {'precision': 0.9950124688279302, 'recall': 0.9975, 'f1-score': 0.9962546816479401, 'support': 400.0}, 'UDP': {'precision': 1.0, 'recall': 1.0, 'f1-score': 1.0, 'support': 400.0}, 'accuracy': 0.9619565217391305, 'macro avg': {'precision': 0.9548408789457858, 'recall': 0.9396875, 'f1-score': 0.9455698281847105, 'support': 2024.0}, 'weighted avg': {'precision': 0.9635593486864189, 'recall': 0.9619565217391305, 'f1-score': 0.9617792932876319, 'support': 2024.0}}","[[197   0   0   0   3   0   0   0]
 [  1  21   0   2   0   0   0   0]
 [  4   0 396   0   0   0   0   0]
 [  3   0   0 197   0   0   0   0]
 [  0   0   1   2 182  15   0   0]
 [  0   0   0   0  43 155   2   0]
 [  0   0   0   1   0   0 399   0]
 [  0   0   0   0   0   0   0 400]]",0.5199882984161377,0.013961553573608398
40,BoT_IoT,2,None,QuantileTransformer,NuSVC,0.8686186142208534,-1,-1,97.22084980237155,85.63541666666667,1.588085827216262,87.6827406010484,86.45551391317841,-1,"{'0Normal': {'precision': 0.7043010752688172, 'recall': 0.655, 'f1-score': 0.6787564766839379, 'support': 200.0}, 'Data_Exfiltration': {'precision': 0.9523809523809523, 'recall': 0.8333333333333334, 'f1-score': 0.888888888888889, 'support': 24.0}, 'HTTP': {'precision': 0.9797979797979798, 'recall': 0.97, 'f1-score': 0.9748743718592964, 'support': 400.0}, 'Keylogging': {'precision': 0.9423076923076923, 'recall': 0.98, 'f1-score': 0.9607843137254902, 'support': 200.0}, 'OS_Fingerprint': {'precision': 0.8273809523809523, 'recall': 0.695, 'f1-score': 0.7554347826086956, 'support': 200.0}, 'Service_Scan': {'precision': 0.7677725118483413, 'recall': 0.81, 'f1-score': 0.7883211678832117, 'support': 200.0}, 'TCP': {'precision': 0.9788359788359788, 'recall': 0.925, 'f1-score': 0.9511568123393317, 'support': 400.0}, 'UDP': {'precision': 0.8618421052631579, 'recall': 0.9825, 'f1-score': 0.9182242990654206, 'support': 400.0}, 'accuracy': 0.8888339920948617, 'macro avg': {'precision': 0.8768274060104839, 'recall': 0.8563541666666667, 'f1-score': 0.8645551391317841, 'support': 2024.0}, 'weighted avg': {'precision': 0.8890316278543232, 'recall': 0.8888339920948617, 'f1-score': 0.8872010251083102, 'support': 2024.0}}","[[131   0   0   2   4   0   0  63]
 [  2  20   0   2   0   0   0   0]
 [  6   1 388   4   0   0   1   0]
 [  2   0   2 196   0   0   0   0]
 [  8   0   1   3 139  46   3   0]
 [ 10   0   0   0  25 162   3   0]
 [ 21   0   5   1   0   3 370   0]
 [  6   0   0   0   0   0   1 393]]",0.05855679512023926,0.15832877159118652
41,BoT_IoT,2,None,QuantileTransformer,SGD,0.8730329797768775,-1,-1,97.1961462450593,77.85416666666667,1.6022021456804065,88.18034678964204,77.23243728533419,-1,"{'0Normal': {'precision': 0.941747572815534, 'recall': 0.97, 'f1-score': 0.9556650246305418, 'support': 200.0}, 'Data_Exfiltration': {'precision': 1.0, 'recall': 0.20833333333333334, 'f1-score': 0.3448275862068966, 'support': 24.0}, 'HTTP': {'precision': 0.9875621890547264, 'recall': 0.9925, 'f1-score': 0.9900249376558605, 'support': 400.0}, 'Keylogging': {'precision': 0.9095238095238095, 'recall': 0.955, 'f1-score': 0.9317073170731708, 'support': 200.0}, 'OS_Fingerprint': {'precision': 0.6964285714285714, 'recall': 0.195, 'f1-score': 0.3046875, 'support': 200.0}, 'Service_Scan': {'precision': 0.5318559556786704, 'recall': 0.96, 'f1-score': 0.6844919786096257, 'support': 200.0}, 'TCP': {'precision': 0.9873096446700508, 'recall': 0.9725, 'f1-score': 0.9798488664987406, 'support': 400.0}, 'UDP': {'precision': 1.0, 'recall': 0.975, 'f1-score': 0.9873417721518987, 'support': 400.0}, 'accuracy': 0.8878458498023716, 'macro avg': {'precision': 0.8818034678964204, 'recall': 0.7785416666666667, 'f1-score': 0.7723243728533419, 'support': 2024.0}, 'weighted avg': {'precision': 0.9040809858593023, 'recall': 0.8878458498023716, 'f1-score': 0.8727630714694827, 'support': 2024.0}}","[[194   0   0   1   4   1   0   0]
 [  2   5   0  16   1   0   0   0]
 [  3   0 397   0   0   0   0   0]
 [  3   0   0 191   4   2   0   0]
 [  0   0   1   1  39 157   2   0]
 [  0   0   0   0   5 192   3   0]
 [  0   0   4   1   3   3 389   0]
 [  4   0   0   0   0   6   0 390]]",0.06567835807800293,0.0009274482727050781
42,BoT_IoT,2,None,QuantileTransformer,HHHv2,0.9263802010095473,-1,-1,98.44367588932806,89.05636758965487,0.8893280632411068,88.80208333333334,88.83823764443169,-1,"{'0Normal': {'precision': 0.95, 'recall': 0.979381443298969, 'f1-score': 0.9644670050761421, 'support': 194.0}, 'Data_Exfiltration': {'precision': 0.6666666666666666, 'recall': 0.6666666666666666, 'f1-score': 0.6666666666666666, 'support': 24.0}, 'HTTP': {'precision': 0.9975, 'recall': 0.9755501222493888, 'f1-score': 0.9864029666254636, 'support': 409.0}, 'Keylogging': {'precision': 0.95, 'recall': 0.926829268292683, 'f1-score': 0.9382716049382716, 'support': 205.0}, 'OS_Fingerprint': {'precision': 0.85, 'recall': 0.7623318385650224, 'f1-score': 0.8037825059101654, 'support': 223.0}, 'Service_Scan': {'precision': 0.715, 'recall': 0.8313953488372093, 'f1-score': 0.7688172043010754, 'support': 172.0}, 'TCP': {'precision': 0.975, 'recall': 0.9848484848484849, 'f1-score': 0.9798994974874371, 'support': 396.0}, 'UDP': {'precision': 1.0, 'recall': 0.9975062344139651, 'f1-score': 0.9987515605493134, 'support': 401.0}, 'accuracy': 0.9377470355731226, 'macro avg': {'precision': 0.8880208333333334, 'recall': 0.8905636758965487, 'f1-score': 0.8883823764443168, 'support': 2024.0}, 'weighted avg': {'precision': 0.9400481719367588, 'recall': 0.9377470355731226, 'f1-score': 0.9381969990563159, 'support': 2024.0}}","[[190   0   1   1   0   2   0   0]
 [  0  16   0   8   0   0   0   0]
 [  3   1 399   0   2   0   4   0]
 [  3   7   0 190   1   2   2   0]
 [  1   0   0   1 170  51   0   0]
 [  1   0   0   0  25 143   3   0]
 [  2   0   0   0   2   2 390   0]
 [  0   0   0   0   0   0   1 400]]",2.6615772247314453,0.006876945495605469
43,BoT_IoT,2,None,QuantileTransformer,KNN,0.9274199680641811,-1,-1,98.46837944664031,90.79166666666667,0.8752117447769622,89.36079314735626,89.93514818116445,-1,"{'0Normal': {'precision': 0.9545454545454546, 'recall': 0.945, 'f1-score': 0.949748743718593, 'support': 200.0}, 'Data_Exfiltration': {'precision': 0.6666666666666666, 'recall': 0.8333333333333334, 'f1-score': 0.7407407407407408, 'support': 24.0}, 'HTTP': {'precision': 0.9777777777777777, 'recall': 0.99, 'f1-score': 0.9838509316770186, 'support': 400.0}, 'Keylogging': {'precision': 0.9682539682539683, 'recall': 0.915, 'f1-score': 0.9408740359897171, 'support': 200.0}, 'OS_Fingerprint': {'precision': 0.7894736842105263, 'recall': 0.825, 'f1-score': 0.8068459657701711, 'support': 200.0}, 'Service_Scan': {'precision': 0.824468085106383, 'recall': 0.775, 'f1-score': 0.7989690721649484, 'support': 200.0}, 'TCP': {'precision': 0.9824561403508771, 'recall': 0.98, 'f1-score': 0.981226533166458, 'support': 400.0}, 'UDP': {'precision': 0.9852216748768473, 'recall': 1.0, 'f1-score': 0.9925558312655086, 'support': 400.0}, 'accuracy': 0.9387351778656127, 'macro avg': {'precision': 0.8936079314735627, 'recall': 0.9079166666666667, 'f1-score': 0.8993514818116445, 'support': 2024.0}, 'weighted avg': {'precision': 0.9394913417121874, 'recall': 0.9387351778656127, 'f1-score': 0.9387938042243369, 'support': 2024.0}}","[[189   0   1   2   2   0   0   6]
 [  2  20   0   2   0   0   0   0]
 [  3   0 396   1   0   0   0   0]
 [  3  10   2 183   1   1   0   0]
 [  0   0   1   1 165  30   3   0]
 [  1   0   0   0  40 155   4   0]
 [  0   0   5   0   1   2 392   0]
 [  0   0   0   0   0   0   0 400]]",0.0012483596801757812,0.04389357566833496
44,BoT_IoT,2,None,QuantileTransformer,LDA,0.9136741790344307,-1,-1,98.17193675889328,89.19791666666667,1.0446075663466967,85.85731228941206,86.66427134136154,-1,"{'0Normal': {'precision': 0.9791666666666666, 'recall': 0.94, 'f1-score': 0.9591836734693877, 'support': 200.0}, 'Data_Exfiltration': {'precision': 0.4444444444444444, 'recall': 0.8333333333333334, 'f1-score': 0.5797101449275363, 'support': 24.0}, 'HTTP': {'precision': 0.9851851851851852, 'recall': 0.9975, 'f1-score': 0.991304347826087, 'support': 400.0}, 'Keylogging': {'precision': 0.91005291005291, 'recall': 0.86, 'f1-score': 0.884318766066838, 'support': 200.0}, 'OS_Fingerprint': {'precision': 0.7567567567567568, 'recall': 0.84, 'f1-score': 0.7962085308056872, 'support': 200.0}, 'Service_Scan': {'precision': 0.8253012048192772, 'recall': 0.685, 'f1-score': 0.7486338797814208, 'support': 200.0}, 'TCP': {'precision': 0.9824561403508771, 'recall': 0.98, 'f1-score': 0.981226533166458, 'support': 400.0}, 'UDP': {'precision': 0.9852216748768473, 'recall': 1.0, 'f1-score': 0.9925558312655086, 'support': 400.0}, 'accuracy': 0.9268774703557312, 'macro avg': {'precision': 0.8585731228941206, 'recall': 0.8919791666666667, 'f1-score': 0.8666427134136154, 'support': 2024.0}, 'weighted avg': {'precision': 0.9318514696101545, 'recall': 0.9268774703557312, 'f1-score': 0.9276762343903899, 'support': 2024.0}}","[[188   0   1   3   0   3   0   5]
 [  1  20   0   2   0   1   0   0]
 [  1   0 399   0   0   0   0   0]
 [  2  25   0 172   1   0   0   0]
 [  0   0   1   3 168  25   3   0]
 [  0   0   0   5  53 137   4   1]
 [  0   0   4   4   0   0 392   0]
 [  0   0   0   0   0   0   0 400]]",0.07073402404785156,0.0007050037384033203
45,BoT_IoT,2,None,QuantileTransformer,MLP,0.940914556600373,-1,-1,98.75247035573122,92.56249999999999,0.7128740824392998,90.75538804335818,91.51491851159578,-1,"{'0Normal': {'precision': 0.9656862745098039, 'recall': 0.985, 'f1-score': 0.9752475247524752, 'support': 200.0}, 'Data_Exfiltration': {'precision': 0.7, 'recall': 0.875, 'f1-score': 0.7777777777777777, 'support': 24.0}, 'HTTP': {'precision': 0.9875621890547264, 'recall': 0.9925, 'f1-score': 0.9900249376558605, 'support': 400.0}, 'Keylogging': {'precision': 0.9639175257731959, 'recall': 0.935, 'f1-score': 0.949238578680203, 'support': 200.0}, 'OS_Fingerprint': {'precision': 0.8038277511961722, 'recall': 0.84, 'f1-score': 0.8215158924205378, 'support': 200.0}, 'Service_Scan': {'precision': 0.8494623655913979, 'recall': 0.79, 'f1-score': 0.8186528497409327, 'support': 200.0}, 'TCP': {'precision': 0.9899749373433584, 'recall': 0.9875, 'f1-score': 0.9887359198998749, 'support': 400.0}, 'UDP': {'precision': 1.0, 'recall': 1.0, 'f1-score': 1.0, 'support': 400.0}, 'accuracy': 0.950098814229249, 'macro avg': {'precision': 0.9075538804335819, 'recall': 0.9256249999999999, 'f1-score': 0.9151491851159578, 'support': 2024.0}, 'weighted avg': {'precision': 0.950787368563907, 'recall': 0.950098814229249, 'f1-score': 0.9501491990157068, 'support': 2024.0}}","[[197   0   1   1   1   0   0   0]
 [  1  21   0   2   0   0   0   0]
 [  3   0 397   0   0   0   0   0]
 [  3   9   1 187   0   0   0   0]
 [  0   0   0   3 168  28   1   0]
 [  0   0   0   0  39 158   3   0]
 [  0   0   3   1   1   0 395   0]
 [  0   0   0   0   0   0   0 400]]",2.1132161617279053,0.0014948844909667969
46,BoT_IoT,2,None,QuantileTransformer,LGBM,0.9672931848224698,-1,-1,99.30830039525692,95.83333333333333,0.3952569169960474,96.15835487121642,95.95215499918892,-1,"{'0Normal': {'precision': 0.9342723004694836, 'recall': 0.995, 'f1-score': 0.963680387409201, 'support': 200.0}, 'Data_Exfiltration': {'precision': 0.9565217391304348, 'recall': 0.9166666666666666, 'f1-score': 0.9361702127659574, 'support': 24.0}, 'HTTP': {'precision': 1.0, 'recall': 0.9825, 'f1-score': 0.991172761664565, 'support': 400.0}, 'Keylogging': {'precision': 0.9949494949494949, 'recall': 0.985, 'f1-score': 0.9899497487437187, 'support': 200.0}, 'OS_Fingerprint': {'precision': 0.8767772511848341, 'recall': 0.925, 'f1-score': 0.900243309002433, 'support': 200.0}, 'Service_Scan': {'precision': 0.9351351351351351, 'recall': 0.865, 'f1-score': 0.8987012987012988, 'support': 200.0}, 'TCP': {'precision': 0.9950124688279302, 'recall': 0.9975, 'f1-score': 0.9962546816479401, 'support': 400.0}, 'UDP': {'precision': 1.0, 'recall': 1.0, 'f1-score': 1.0, 'support': 400.0}, 'accuracy': 0.9723320158102767, 'macro avg': {'precision': 0.9615835487121641, 'recall': 0.9583333333333333, 'f1-score': 0.9595215499918892, 'support': 2024.0}, 'weighted avg': {'precision': 0.9729191430919427, 'recall': 0.9723320158102767, 'f1-score': 0.9723092940724878, 'support': 2024.0}}","[[199   0   0   0   1   0   0   0]
 [  2  22   0   0   0   0   0   0]
 [  7   0 393   0   0   0   0   0]
 [  3   0   0 197   0   0   0   0]
 [  1   1   0   1 185  12   0   0]
 [  0   0   0   0  25 173   2   0]
 [  1   0   0   0   0   0 399   0]
 [  0   0   0   0   0   0   0 400]]",3.0184521675109863,0.014801025390625
47,BoT_IoT,2,None,QuantileTransformer,RF,0.9602562260784168,-1,-1,99.1600790513834,95.08333333333334,0.4799548277809147,95.55090746729307,95.27128439028714,-1,"{'0Normal': {'precision': 0.9609756097560975, 'recall': 0.985, 'f1-score': 0.9728395061728395, 'support': 200.0}, 'Data_Exfiltration': {'precision': 0.9565217391304348, 'recall': 0.9166666666666666, 'f1-score': 0.9361702127659574, 'support': 24.0}, 'HTTP': {'precision': 0.99, 'recall': 0.99, 'f1-score': 0.99, 'support': 400.0}, 'Keylogging': {'precision': 0.98, 'recall': 0.98, 'f1-score': 0.98, 'support': 200.0}, 'OS_Fingerprint': {'precision': 0.8465116279069768, 'recall': 0.91, 'f1-score': 0.8771084337349399, 'support': 200.0}, 'Service_Scan': {'precision': 0.9175824175824175, 'recall': 0.835, 'f1-score': 0.87434554973822, 'support': 200.0}, 'TCP': {'precision': 0.9924812030075187, 'recall': 0.99, 'f1-score': 0.9912390488110137, 'support': 400.0}, 'UDP': {'precision': 1.0, 'recall': 1.0, 'f1-score': 1.0, 'support': 400.0}, 'accuracy': 0.9664031620553359, 'macro avg': {'precision': 0.9555090746729307, 'recall': 0.9508333333333334, 'f1-score': 0.9527128439028714, 'support': 2024.0}, 'weighted avg': {'precision': 0.9668789199561444, 'recall': 0.9664031620553359, 'f1-score': 0.9663154162845793, 'support': 2024.0}}","[[197   0   0   1   2   0   0   0]
 [  1  22   0   1   0   0   0   0]
 [  4   0 396   0   0   0   0   0]
 [  3   1   0 196   0   0   0   0]
 [  0   0   1   2 182  15   0   0]
 [  0   0   0   0  30 167   3   0]
 [  0   0   3   0   1   0 396   0]
 [  0   0   0   0   0   0   0 400]]",1.9454350471496582,0.013384580612182617
48,BoT_IoT,2,None,QuantileTransformer,SGD,0.9168661125461652,-1,-1,98.24604743083005,87.04166666666666,1.0022586109542633,86.71717302649593,86.86810880010974,-1,"{'0Normal': {'precision': 0.9554455445544554, 'recall': 0.965, 'f1-score': 0.9601990049751244, 'support': 200.0}, 'Data_Exfiltration': {'precision': 0.56, 'recall': 0.5833333333333334, 'f1-score': 0.5714285714285714, 'support': 24.0}, 'HTTP': {'precision': 0.9850746268656716, 'recall': 0.99, 'f1-score': 0.9875311720698254, 'support': 400.0}, 'Keylogging': {'precision': 0.8980582524271845, 'recall': 0.925, 'f1-score': 0.9113300492610837, 'support': 200.0}, 'OS_Fingerprint': {'precision': 0.7761194029850746, 'recall': 0.78, 'f1-score': 0.7780548628428928, 'support': 200.0}, 'Service_Scan': {'precision': 0.7853403141361257, 'recall': 0.75, 'f1-score': 0.7672634271099744, 'support': 200.0}, 'TCP': {'precision': 0.9823232323232324, 'recall': 0.9725, 'f1-score': 0.9773869346733668, 'support': 400.0}, 'UDP': {'precision': 0.9950124688279302, 'recall': 0.9975, 'f1-score': 0.9962546816479401, 'support': 400.0}, 'accuracy': 0.9298418972332015, 'macro avg': {'precision': 0.8671717302649593, 'recall': 0.8704166666666666, 'f1-score': 0.8686810880010973, 'support': 2024.0}, 'weighted avg': {'precision': 0.9295438903296945, 'recall': 0.9298418972332015, 'f1-score': 0.9296209831564, 'support': 2024.0}}","[[193   0   0   1   3   1   0   2]
 [  1  14   0   9   0   0   0   0]
 [  3   0 396   0   0   0   1   0]
 [  3  11   0 185   1   0   0   0]
 [  0   0   0   4 156  38   2   0]
 [  1   0   0   5  40 150   4   0]
 [  0   0   6   2   1   2 389   0]
 [  1   0   0   0   0   0   0 399]]",0.4919445514678955,0.0011603832244873047
49,BoT_IoT,2,rbf,QuantileTransformer,HHHv2,0.9373679506981979,-1,-1,98.67835968379447,90.98221153926502,0.7552230378317335,92.34375,91.59438450927276,-1,"{'0Normal': {'precision': 0.975, 'recall': 0.9466019417475728, 'f1-score': 0.9605911330049262, 'support': 206.0}, 'Data_Exfiltration': {'precision': 0.875, 'recall': 0.75, 'f1-score': 0.8076923076923077, 'support': 28.0}, 'HTTP': {'precision': 0.9875, 'recall': 0.9825870646766169, 'f1-score': 0.9850374064837906, 'support': 402.0}, 'Keylogging': {'precision': 0.945, 'recall': 0.9642857142857143, 'f1-score': 0.9545454545454546, 'support': 196.0}, 'OS_Fingerprint': {'precision': 0.825, 'recall': 0.8168316831683168, 'f1-score': 0.8208955223880595, 'support': 202.0}, 'Service_Scan': {'precision': 0.8, 'recall': 0.8333333333333334, 'f1-score': 0.816326530612245, 'support': 192.0}, 'TCP': {'precision': 0.9825, 'recall': 0.9874371859296482, 'f1-score': 0.9849624060150376, 'support': 398.0}, 'UDP': {'precision': 0.9975, 'recall': 0.9975, 'f1-score': 0.9975, 'support': 400.0}, 'accuracy': 0.9471343873517787, 'macro avg': {'precision': 0.9234375, 'recall': 0.9098221153926502, 'f1-score': 0.9159438450927276, 'support': 2024.0}, 'weighted avg': {'precision': 0.9475444664031621, 'recall': 0.9471343873517787, 'f1-score': 0.9472054009415595, 'support': 2024.0}}","[[195   2   3   3   0   2   1   0]
 [  0  21   1   6   0   0   0   0]
 [  0   0 395   2   0   0   5   0]
 [  2   1   1 189   3   0   0   0]
 [  2   0   0   0 165  34   1   0]
 [  0   0   0   0  31 160   0   1]
 [  0   0   0   0   1   4 393   0]
 [  1   0   0   0   0   0   0 399]]",512.1937351226807,0.15757513046264648
50,BoT_IoT,2,None,QuantileTransformer,KNN,0.9291432925261149,-1,-1,98.50543478260869,90.52083333333334,0.8540372670807453,89.33711419169457,89.83885732468457,-1,"{'0Normal': {'precision': 0.9552238805970149, 'recall': 0.96, 'f1-score': 0.9576059850374063, 'support': 200.0}, 'Data_Exfiltration': {'precision': 0.6551724137931034, 'recall': 0.7916666666666666, 'f1-score': 0.7169811320754716, 'support': 24.0}, 'HTTP': {'precision': 0.9777777777777777, 'recall': 0.99, 'f1-score': 0.9838509316770186, 'support': 400.0}, 'Keylogging': {'precision': 0.968421052631579, 'recall': 0.92, 'f1-score': 0.9435897435897437, 'support': 200.0}, 'OS_Fingerprint': {'precision': 0.8121827411167513, 'recall': 0.8, 'f1-score': 0.8060453400503779, 'support': 200.0}, 'Service_Scan': {'precision': 0.8080808080808081, 'recall': 0.8, 'f1-score': 0.8040201005025126, 'support': 200.0}, 'TCP': {'precision': 0.9824561403508771, 'recall': 0.98, 'f1-score': 0.981226533166458, 'support': 400.0}, 'UDP': {'precision': 0.9876543209876543, 'recall': 1.0, 'f1-score': 0.9937888198757764, 'support': 400.0}, 'accuracy': 0.9402173913043478, 'macro avg': {'precision': 0.8933711419169457, 'recall': 0.9052083333333334, 'f1-score': 0.8983885732468457, 'support': 2024.0}, 'weighted avg': {'precision': 0.9405440365922869, 'recall': 0.9402173913043478, 'f1-score': 0.940220501429605, 'support': 2024.0}}","[[192   0   1   1   1   0   0   5]
 [  2  19   0   3   0   0   0   0]
 [  3   0 396   1   0   0   0   0]
 [  3  10   2 184   1   0   0   0]
 [  0   0   1   1 160  35   3   0]
 [  1   0   0   0  35 160   4   0]
 [  0   0   5   0   0   3 392   0]
 [  0   0   0   0   0   0   0 400]]",0.0012173652648925781,0.04517650604248047
51,BoT_IoT,2,None,QuantileTransformer,LDA,0.9194541994076458,-1,-1,98.29545454545455,90.28125,0.974025974025974,86.66826541371975,87.66459350643865,-1,"{'0Normal': {'precision': 0.9791666666666666, 'recall': 0.94, 'f1-score': 0.9591836734693877, 'support': 200.0}, 'Data_Exfiltration': {'precision': 0.4772727272727273, 'recall': 0.875, 'f1-score': 0.6176470588235294, 'support': 24.0}, 'HTTP': {'precision': 0.9851851851851852, 'recall': 0.9975, 'f1-score': 0.991304347826087, 'support': 400.0}, 'Keylogging': {'precision': 0.9263157894736842, 'recall': 0.88, 'f1-score': 0.9025641025641025, 'support': 200.0}, 'OS_Fingerprint': {'precision': 0.7660550458715596, 'recall': 0.835, 'f1-score': 0.7990430622009569, 'support': 200.0}, 'Service_Scan': {'precision': 0.8218390804597702, 'recall': 0.715, 'f1-score': 0.7647058823529413, 'support': 200.0}, 'TCP': {'precision': 0.9924050632911392, 'recall': 0.98, 'f1-score': 0.9861635220125786, 'support': 400.0}, 'UDP': {'precision': 0.9852216748768473, 'recall': 1.0, 'f1-score': 0.9925558312655086, 'support': 400.0}, 'accuracy': 0.9318181818181818, 'macro avg': {'precision': 0.8666826541371975, 'recall': 0.9028125, 'f1-score': 0.8766459350643865, 'support': 2024.0}, 'weighted avg': {'precision': 0.9363906281077816, 'recall': 0.9318181818181818, 'f1-score': 0.9327729021595416, 'support': 2024.0}}","[[188   0   1   2   1   3   0   5]
 [  0  21   0   2   1   0   0   0]
 [  1   0 399   0   0   0   0   0]
 [  1  22   0 176   1   0   0   0]
 [  0   1   1   0 167  28   3   0]
 [  2   0   0   6  48 143   0   1]
 [  0   0   4   4   0   0 392   0]
 [  0   0   0   0   0   0   0 400]]",0.10353660583496094,0.0006711483001708984
52,BoT_IoT,2,None,QuantileTransformer,MLP,0.9421237342047223,-1,-1,98.77717391304348,93.17708333333333,0.6987577639751553,91.06816853913335,91.91894280635232,-1,"{'0Normal': {'precision': 0.9704433497536946, 'recall': 0.985, 'f1-score': 0.977667493796526, 'support': 200.0}, 'Data_Exfiltration': {'precision': 0.7096774193548387, 'recall': 0.9166666666666666, 'f1-score': 0.7999999999999999, 'support': 24.0}, 'HTTP': {'precision': 0.9875311720698254, 'recall': 0.99, 'f1-score': 0.9887640449438203, 'support': 400.0}, 'Keylogging': {'precision': 0.9740932642487047, 'recall': 0.94, 'f1-score': 0.9567430025445293, 'support': 200.0}, 'OS_Fingerprint': {'precision': 0.7990654205607477, 'recall': 0.855, 'f1-score': 0.8260869565217392, 'support': 200.0}, 'Service_Scan': {'precision': 0.8571428571428571, 'recall': 0.78, 'f1-score': 0.8167539267015708, 'support': 200.0}, 'TCP': {'precision': 0.9875, 'recall': 0.9875, 'f1-score': 0.9875, 'support': 400.0}, 'UDP': {'precision': 1.0, 'recall': 1.0, 'f1-score': 1.0, 'support': 400.0}, 'accuracy': 0.9510869565217391, 'macro avg': {'precision': 0.9106816853913335, 'recall': 0.9317708333333333, 'f1-score': 0.9191894280635232, 'support': 2024.0}, 'weighted avg': {'precision': 0.952170802981051, 'recall': 0.9510869565217391, 'f1-score': 0.9511639791948622, 'support': 2024.0}}","[[197   0   1   0   1   1   0   0]
 [  0  22   0   2   0   0   0   0]
 [  3   0 396   0   0   0   1   0]
 [  2   9   1 188   0   0   0   0]
 [  1   0   0   2 171  25   1   0]
 [  0   0   0   0  41 156   3   0]
 [  0   0   3   1   1   0 395   0]
 [  0   0   0   0   0   0   0 400]]",3.532681703567505,0.0014755725860595703
53,BoT_IoT,2,None,QuantileTransformer,LGBM,0.971913627250637,-1,-1,99.40711462450594,95.81250000000001,0.33879164313946925,96.57953657219635,96.16466146688416,-1,"{'0Normal': {'precision': 0.9476190476190476, 'recall': 0.995, 'f1-score': 0.9707317073170733, 'support': 200.0}, 'Data_Exfiltration': {'precision': 0.9545454545454546, 'recall': 0.875, 'f1-score': 0.9130434782608695, 'support': 24.0}, 'HTTP': {'precision': 0.9974747474747475, 'recall': 0.9875, 'f1-score': 0.992462311557789, 'support': 400.0}, 'Keylogging': {'precision': 0.9899497487437185, 'recall': 0.985, 'f1-score': 0.9874686716791979, 'support': 200.0}, 'OS_Fingerprint': {'precision': 0.905940594059406, 'recall': 0.915, 'f1-score': 0.9104477611940299, 'support': 200.0}, 'Service_Scan': {'precision': 0.9333333333333333, 'recall': 0.91, 'f1-score': 0.9215189873417723, 'support': 200.0}, 'TCP': {'precision': 0.9975, 'recall': 0.9975, 'f1-score': 0.9975, 'support': 400.0}, 'UDP': {'precision': 1.0, 'recall': 1.0, 'f1-score': 1.0, 'support': 400.0}, 'accuracy': 0.9762845849802372, 'macro avg': {'precision': 0.9657953657219635, 'recall': 0.9581250000000001, 'f1-score': 0.9616466146688415, 'support': 2024.0}, 'weighted avg': {'precision': 0.9764167661314679, 'recall': 0.9762845849802372, 'f1-score': 0.9762506885413987, 'support': 2024.0}}","[[199   0   0   0   1   0   0   0]
 [  2  21   0   1   0   0   0   0]
 [  5   0 395   0   0   0   0   0]
 [  3   0   0 197   0   0   0   0]
 [  1   1   1   1 183  13   0   0]
 [  0   0   0   0  17 182   1   0]
 [  0   0   0   0   1   0 399   0]
 [  0   0   0   0   0   0   0 400]]",3.0103471279144287,0.01264643669128418
54,BoT_IoT,2,None,QuantileTransformer,RF,0.9608045242521376,-1,-1,99.17243083003953,95.17708333333333,0.4728966685488425,95.52462385666189,95.32810124806618,-1,"{'0Normal': {'precision': 0.9609756097560975, 'recall': 0.985, 'f1-score': 0.9728395061728395, 'support': 200.0}, 'Data_Exfiltration': {'precision': 0.9565217391304348, 'recall': 0.9166666666666666, 'f1-score': 0.9361702127659574, 'support': 24.0}, 'HTTP': {'precision': 0.9924812030075187, 'recall': 0.99, 'f1-score': 0.9912390488110137, 'support': 400.0}, 'Keylogging': {'precision': 0.9751243781094527, 'recall': 0.98, 'f1-score': 0.9775561097256857, 'support': 200.0}, 'OS_Fingerprint': {'precision': 0.8571428571428571, 'recall': 0.9, 'f1-score': 0.8780487804878048, 'support': 200.0}, 'Service_Scan': {'precision': 0.9047619047619048, 'recall': 0.855, 'f1-score': 0.8791773778920309, 'support': 200.0}, 'TCP': {'precision': 0.9949622166246851, 'recall': 0.9875, 'f1-score': 0.9912170639899623, 'support': 400.0}, 'UDP': {'precision': 1.0, 'recall': 1.0, 'f1-score': 1.0, 'support': 400.0}, 'accuracy': 0.966897233201581, 'macro avg': {'precision': 0.9552462385666188, 'recall': 0.9517708333333332, 'f1-score': 0.9532810124806618, 'support': 2024.0}, 'weighted avg': {'precision': 0.9671614819891673, 'recall': 0.966897233201581, 'f1-score': 0.9668848246454772, 'support': 2024.0}}","[[197   0   0   1   2   0   0   0]
 [  1  22   0   1   0   0   0   0]
 [  4   0 396   0   0   0   0   0]
 [  3   1   0 196   0   0   0   0]
 [  0   0   0   2 180  18   0   0]
 [  0   0   0   0  27 171   2   0]
 [  0   0   3   1   1   0 395   0]
 [  0   0   0   0   0   0   0 400]]",1.9006376266479492,0.013651847839355469
55,BoT_IoT,2,None,QuantileTransformer,SGD,0.8898808942709108,-1,-1,97.60375494071147,79.66666666666666,1.3692828910220214,85.87483948543068,79.66221655880675,-1,"{'0Normal': {'precision': 0.9507389162561576, 'recall': 0.965, 'f1-score': 0.9578163771712158, 'support': 200.0}, 'Data_Exfiltration': {'precision': 0.625, 'recall': 0.20833333333333334, 'f1-score': 0.3125, 'support': 24.0}, 'HTTP': {'precision': 0.9826302729528535, 'recall': 0.99, 'f1-score': 0.9863013698630136, 'support': 400.0}, 'Keylogging': {'precision': 0.8940092165898618, 'recall': 0.97, 'f1-score': 0.9304556354916066, 'support': 200.0}, 'OS_Fingerprint': {'precision': 0.8536585365853658, 'recall': 0.35, 'f1-score': 0.49645390070921985, 'support': 200.0}, 'Service_Scan': {'precision': 0.5841269841269842, 'recall': 0.92, 'f1-score': 0.7145631067961166, 'support': 200.0}, 'TCP': {'precision': 0.9823232323232324, 'recall': 0.9725, 'f1-score': 0.9773869346733668, 'support': 400.0}, 'UDP': {'precision': 0.9975, 'recall': 0.9975, 'f1-score': 0.9975, 'support': 400.0}, 'accuracy': 0.9041501976284585, 'macro avg': {'precision': 0.8587483948543069, 'recall': 0.7966666666666666, 'f1-score': 0.7966221655880674, 'support': 2024.0}, 'weighted avg': {'precision': 0.9172372197737688, 'recall': 0.9041501976284585, 'f1-score': 0.895174469292581, 'support': 2024.0}}","[[193   0   0   2   1   3   0   1]
 [  2   5   0  17   0   0   0   0]
 [  3   0 396   0   0   0   1   0]
 [  3   3   0 194   0   0   0   0]
 [  0   0   1   2  70 125   2   0]
 [  1   0   0   1  10 184   4   0]
 [  0   0   6   1   1   3 389   0]
 [  1   0   0   0   0   0   0 399]]",0.3622732162475586,0.0009410381317138672
56,BoT_IoT,2,poly,QuantileTransformer,HHHv2,0.9168819797983464,-1,-1,98.24604743083005,88.95740183135527,1.0022586109542633,90.15625,89.465720463258,-1,"{'0Normal': {'precision': 0.945, 'recall': 0.9642857142857143, 'f1-score': 0.9545454545454546, 'support': 196.0}, 'Data_Exfiltration': {'precision': 0.875, 'recall': 0.75, 'f1-score': 0.8076923076923077, 'support': 28.0}, 'HTTP': {'precision': 0.98, 'recall': 0.9751243781094527, 'f1-score': 0.9775561097256857, 'support': 402.0}, 'Keylogging': {'precision': 0.975, 'recall': 0.9558823529411765, 'f1-score': 0.9653465346534653, 'support': 204.0}, 'OS_Fingerprint': {'precision': 0.69, 'recall': 0.7666666666666667, 'f1-score': 0.7263157894736842, 'support': 180.0}, 'Service_Scan': {'precision': 0.76, 'recall': 0.7342995169082126, 'f1-score': 0.7469287469287471, 'support': 207.0}, 'TCP': {'precision': 0.9875, 'recall': 0.9753086419753086, 'f1-score': 0.9813664596273292, 'support': 405.0}, 'UDP': {'precision': 1.0, 'recall': 0.9950248756218906, 'f1-score': 0.9975062344139651, 'support': 402.0}, 'accuracy': 0.9298418972332015, 'macro avg': {'precision': 0.9015625, 'recall': 0.8895740183135528, 'f1-score': 0.8946572046325799, 'support': 2024.0}, 'weighted avg': {'precision': 0.9318367094861659, 'recall': 0.9298418972332015, 'f1-score': 0.9305417776622147, 'support': 2024.0}}","[[189   2   3   0   1   1   0   0]
 [  3  21   0   1   3   0   0   0]
 [  1   0 392   0   4   0   5   0]
 [  2   1   1 195   3   2   0   0]
 [  2   0   1   1 138  38   0   0]
 [  2   0   3   3  47 152   0   0]
 [  0   0   0   0   4   6 395   0]
 [  1   0   0   0   0   1   0 400]]",409.9937741756439,0.20821881294250488
57,BoT_IoT,2,None,QuantileTransformer,KNN,0.9216026231514337,-1,-1,98.34486166007905,90.05208333333333,0.945793337097685,88.87135515356115,89.38389013051625,-1,"{'0Normal': {'precision': 0.9082125603864735, 'recall': 0.94, 'f1-score': 0.9238329238329238, 'support': 200.0}, 'Data_Exfiltration': {'precision': 0.6785714285714286, 'recall': 0.7916666666666666, 'f1-score': 0.7307692307692307, 'support': 24.0}, 'HTTP': {'precision': 0.9777777777777777, 'recall': 0.99, 'f1-score': 0.9838509316770186, 'support': 400.0}, 'Keylogging': {'precision': 0.9633507853403142, 'recall': 0.92, 'f1-score': 0.9411764705882353, 'support': 200.0}, 'OS_Fingerprint': {'precision': 0.7857142857142857, 'recall': 0.825, 'f1-score': 0.8048780487804876, 'support': 200.0}, 'Service_Scan': {'precision': 0.8263157894736842, 'recall': 0.785, 'f1-score': 0.805128205128205, 'support': 200.0}, 'TCP': {'precision': 0.9824561403508771, 'recall': 0.98, 'f1-score': 0.981226533166458, 'support': 400.0}, 'UDP': {'precision': 0.9873096446700508, 'recall': 0.9725, 'f1-score': 0.9798488664987406, 'support': 400.0}, 'accuracy': 0.9337944664031621, 'macro avg': {'precision': 0.8887135515356115, 'recall': 0.9005208333333333, 'f1-score': 0.8938389013051625, 'support': 2024.0}, 'weighted avg': {'precision': 0.9347933911008638, 'recall': 0.9337944664031621, 'f1-score': 0.9340474919670547, 'support': 2024.0}}","[[188   0   1   2   4   0   0   5]
 [  2  19   0   3   0   0   0   0]
 [  3   0 396   1   0   0   0   0]
 [  3   9   2 184   1   1   0   0]
 [  0   0   1   1 165  30   3   0]
 [  0   0   0   0  39 157   4   0]
 [  0   0   5   0   1   2 392   0]
 [ 11   0   0   0   0   0   0 389]]",0.0005896091461181641,0.011511564254760742
58,BoT_IoT,2,None,QuantileTransformer,LDA,0.9100940103068249,-1,-1,98.09782608695652,89.4375,1.0869565217391304,85.6911676599954,86.77321064844146,-1,"{'0Normal': {'precision': 0.979381443298969, 'recall': 0.95, 'f1-score': 0.9644670050761421, 'support': 200.0}, 'Data_Exfiltration': {'precision': 0.4772727272727273, 'recall': 0.875, 'f1-score': 0.6176470588235294, 'support': 24.0}, 'HTTP': {'precision': 0.9779411764705882, 'recall': 0.9975, 'f1-score': 0.9876237623762375, 'support': 400.0}, 'Keylogging': {'precision': 0.9456521739130435, 'recall': 0.87, 'f1-score': 0.90625, 'support': 200.0}, 'OS_Fingerprint': {'precision': 0.7351598173515982, 'recall': 0.805, 'f1-score': 0.7684964200477328, 'support': 200.0}, 'Service_Scan': {'precision': 0.75, 'recall': 0.69, 'f1-score': 0.71875, 'support': 200.0}, 'TCP': {'precision': 0.9949238578680203, 'recall': 0.98, 'f1-score': 0.9874055415617129, 'support': 400.0}, 'UDP': {'precision': 0.9949622166246851, 'recall': 0.9875, 'f1-score': 0.9912170639899623, 'support': 400.0}, 'accuracy': 0.9239130434782609, 'macro avg': {'precision': 0.856911676599954, 'recall': 0.894375, 'f1-score': 0.8677321064844146, 'support': 2024.0}, 'weighted avg': {'precision': 0.9291621209251902, 'recall': 0.9239130434782609, 'f1-score': 0.9253531430868107, 'support': 2024.0}}","[[190   0   2   2   0   4   0   2]
 [  0  21   0   2   0   1   0   0]
 [  1   0 399   0   0   0   0   0]
 [  1  23   1 174   1   0   0   0]
 [  0   0   2   2 161  33   2   0]
 [  2   0   0   3  57 138   0   0]
 [  0   0   4   1   0   3 392   0]
 [  0   0   0   0   0   5   0 395]]",0.016021728515625,0.0007288455963134766
59,BoT_IoT,2,None,QuantileTransformer,MLP,0.9189892105459163,-1,-1,98.28310276679841,89.76041666666667,0.9810841332580464,88.86294339215812,89.11437181660908,-1,"{'0Normal': {'precision': 0.9560975609756097, 'recall': 0.98, 'f1-score': 0.9679012345679012, 'support': 200.0}, 'Data_Exfiltration': {'precision': 0.7407407407407407, 'recall': 0.8333333333333334, 'f1-score': 0.7843137254901961, 'support': 24.0}, 'HTTP': {'precision': 0.9974874371859297, 'recall': 0.9925, 'f1-score': 0.9949874686716792, 'support': 400.0}, 'Keylogging': {'precision': 0.9693877551020408, 'recall': 0.95, 'f1-score': 0.9595959595959594, 'support': 200.0}, 'OS_Fingerprint': {'precision': 0.7654320987654321, 'recall': 0.62, 'f1-score': 0.6850828729281768, 'support': 200.0}, 'Service_Scan': {'precision': 0.6949152542372882, 'recall': 0.82, 'f1-score': 0.7522935779816514, 'support': 200.0}, 'TCP': {'precision': 0.9899497487437185, 'recall': 0.985, 'f1-score': 0.9874686716791979, 'support': 400.0}, 'UDP': {'precision': 0.9950248756218906, 'recall': 1.0, 'f1-score': 0.9975062344139651, 'support': 400.0}, 'accuracy': 0.9313241106719368, 'macro avg': {'precision': 0.8886294339215812, 'recall': 0.8976041666666666, 'f1-score': 0.8911437181660908, 'support': 2024.0}, 'weighted avg': {'precision': 0.9327713123589266, 'recall': 0.9313241106719368, 'f1-score': 0.9307229290180036, 'support': 2024.0}}","[[196   0   0   0   2   0   0   2]
 [  2  20   0   2   0   0   0   0]
 [  3   0 397   0   0   0   0   0]
 [  3   7   0 190   0   0   0   0]
 [  0   0   1   2 124  72   1   0]
 [  1   0   0   0  32 164   3   0]
 [  0   0   0   2   4   0 394   0]
 [  0   0   0   0   0   0   0 400]]",0.6730489730834961,0.0013170242309570312
60,BoT_IoT,2,None,QuantileTransformer,LGBM,0.9531780912833976,-1,-1,99.01185770750988,94.66666666666667,0.564652738565782,95.12097207069972,94.87168107599064,-1,"{'0Normal': {'precision': 0.9567307692307693, 'recall': 0.995, 'f1-score': 0.9754901960784313, 'support': 200.0}, 'Data_Exfiltration': {'precision': 1.0, 'recall': 0.9583333333333334, 'f1-score': 0.9787234042553191, 'support': 24.0}, 'HTTP': {'precision': 0.9974811083123426, 'recall': 0.99, 'f1-score': 0.9937264742785445, 'support': 400.0}, 'Keylogging': {'precision': 0.9899497487437185, 'recall': 0.985, 'f1-score': 0.9874686716791979, 'support': 200.0}, 'OS_Fingerprint': {'precision': 0.824390243902439, 'recall': 0.845, 'f1-score': 0.8345679012345678, 'support': 200.0}, 'Service_Scan': {'precision': 0.851063829787234, 'recall': 0.8, 'f1-score': 0.8247422680412372, 'support': 200.0}, 'TCP': {'precision': 0.9925558312655087, 'recall': 1.0, 'f1-score': 0.9962640099626401, 'support': 400.0}, 'UDP': {'precision': 0.9975062344139651, 'recall': 1.0, 'f1-score': 0.9987515605493134, 'support': 400.0}, 'accuracy': 0.9604743083003953, 'macro avg': {'precision': 0.9512097207069972, 'recall': 0.9466666666666668, 'f1-score': 0.9487168107599064, 'support': 2024.0}, 'weighted avg': {'precision': 0.9601996975936554, 'recall': 0.9604743083003953, 'f1-score': 0.9601976220479317, 'support': 2024.0}}","[[199   0   0   0   1   0   0   0]
 [  1  23   0   0   0   0   0   0]
 [  4   0 396   0   0   0   0   0]
 [  3   0   0 197   0   0   0   0]
 [  1   0   0   2 169  28   0   0]
 [  0   0   1   0  35 160   3   1]
 [  0   0   0   0   0   0 400   0]
 [  0   0   0   0   0   0   0 400]]",2.2148818969726562,0.014732837677001953
61,BoT_IoT,2,None,QuantileTransformer,RF,0.9514874152329056,-1,-1,98.9748023715415,94.05208333333333,0.5858272162619989,94.97269731000348,94.44481212810966,-1,"{'0Normal': {'precision': 0.9607843137254902, 'recall': 0.98, 'f1-score': 0.9702970297029702, 'support': 200.0}, 'Data_Exfiltration': {'precision': 1.0, 'recall': 0.9166666666666666, 'f1-score': 0.9565217391304348, 'support': 24.0}, 'HTTP': {'precision': 1.0, 'recall': 0.99, 'f1-score': 0.9949748743718593, 'support': 400.0}, 'Keylogging': {'precision': 0.9752475247524752, 'recall': 0.985, 'f1-score': 0.9800995024875623, 'support': 200.0}, 'OS_Fingerprint': {'precision': 0.8018433179723502, 'recall': 0.87, 'f1-score': 0.8345323741007193, 'support': 200.0}, 'Service_Scan': {'precision': 0.8674033149171271, 'recall': 0.785, 'f1-score': 0.8241469816272965, 'support': 200.0}, 'TCP': {'precision': 0.9925373134328358, 'recall': 0.9975, 'f1-score': 0.9950124688279303, 'support': 400.0}, 'UDP': {'precision': 1.0, 'recall': 1.0, 'f1-score': 1.0, 'support': 400.0}, 'accuracy': 0.95899209486166, 'macro avg': {'precision': 0.9497269731000348, 'recall': 0.9405208333333333, 'f1-score': 0.9444481212810966, 'support': 2024.0}, 'weighted avg': {'precision': 0.9595210571376594, 'recall': 0.95899209486166, 'f1-score': 0.9588767967404919, 'support': 2024.0}}","[[196   0   0   1   3   0   0   0]
 [  1  22   0   1   0   0   0   0]
 [  4   0 396   0   0   0   0   0]
 [  3   0   0 197   0   0   0   0]
 [  0   0   0   2 174  24   0   0]
 [  0   0   0   0  40 157   3   0]
 [  0   0   0   1   0   0 399   0]
 [  0   0   0   0   0   0   0 400]]",0.5853257179260254,0.013050556182861328
62,BoT_IoT,2,None,QuantileTransformer,NuSVC,0.862437373097277,-1,-1,97.04792490118577,86.9375,1.686900056465274,86.82840906080685,86.23131582376784,-1,"{'0Normal': {'precision': 0.6573426573426573, 'recall': 0.94, 'f1-score': 0.7736625514403291, 'support': 200.0}, 'Data_Exfiltration': {'precision': 0.9130434782608695, 'recall': 0.875, 'f1-score': 0.8936170212765957, 'support': 24.0}, 'HTTP': {'precision': 0.9721518987341772, 'recall': 0.96, 'f1-score': 0.9660377358490566, 'support': 400.0}, 'Keylogging': {'precision': 0.9375, 'recall': 0.975, 'f1-score': 0.9558823529411764, 'support': 200.0}, 'OS_Fingerprint': {'precision': 0.8095238095238095, 'recall': 0.595, 'f1-score': 0.685878962536023, 'support': 200.0}, 'Service_Scan': {'precision': 0.70042194092827, 'recall': 0.83, 'f1-score': 0.7597254004576659, 'support': 200.0}, 'TCP': {'precision': 0.9731903485254692, 'recall': 0.9075, 'f1-score': 0.9391979301423028, 'support': 400.0}, 'UDP': {'precision': 0.9830985915492958, 'recall': 0.8725, 'f1-score': 0.9245033112582781, 'support': 400.0}, 'accuracy': 0.8819169960474308, 'macro avg': {'precision': 0.8682840906080685, 'recall': 0.869375, 'f1-score': 0.8623131582376784, 'support': 2024.0}, 'weighted avg': {'precision': 0.8963671247829966, 'recall': 0.8819169960474308, 'f1-score': 0.8835831288960139, 'support': 2024.0}}","[[188   0   0   1   4   0   1   6]
 [  2  21   0   1   0   0   0   0]
 [  7   1 384   7   0   0   1   0]
 [  2   1   2 195   0   0   0   0]
 [  8   0   1   3 119  67   2   0]
 [ 10   0   0   0  21 166   3   0]
 [ 21   0   8   1   3   4 363   0]
 [ 48   0   0   0   0   0   3 349]]",0.0846397876739502,0.19318318367004395
63,BoT_IoT,2,None,QuantileTransformer,SGD,0.8727955836484356,-1,-1,97.23320158102767,84.87500000000001,1.5810276679841897,85.75110447848698,82.94513916711882,-1,"{'0Normal': {'precision': 0.6666666666666666, 'recall': 0.98, 'f1-score': 0.7935222672064778, 'support': 200.0}, 'Data_Exfiltration': {'precision': 0.6666666666666666, 'recall': 0.75, 'f1-score': 0.7058823529411765, 'support': 24.0}, 'HTTP': {'precision': 0.9826732673267327, 'recall': 0.9925, 'f1-score': 0.9875621890547265, 'support': 400.0}, 'Keylogging': {'precision': 0.935, 'recall': 0.935, 'f1-score': 0.935, 'support': 200.0}, 'OS_Fingerprint': {'precision': 0.7093023255813954, 'recall': 0.915, 'f1-score': 0.7991266375545851, 'support': 200.0}, 'Service_Scan': {'precision': 0.9444444444444444, 'recall': 0.34, 'f1-score': 0.5, 'support': 200.0}, 'TCP': {'precision': 0.9553349875930521, 'recall': 0.9625, 'f1-score': 0.958904109589041, 'support': 400.0}, 'UDP': {'precision': 1.0, 'recall': 0.915, 'f1-score': 0.9556135770234987, 'support': 400.0}, 'accuracy': 0.8893280632411067, 'macro avg': {'precision': 0.8575110447848697, 'recall': 0.8487500000000001, 'f1-score': 0.8294513916711882, 'support': 2024.0}, 'weighted avg': {'precision': 0.9102203504478336, 'recall': 0.8893280632411067, 'f1-score': 0.8810785117044009, 'support': 2024.0}}","[[196   0   0   1   3   0   0   0]
 [  2  18   0   4   0   0   0   0]
 [  3   0 397   0   0   0   0   0]
 [  3   9   1 187   0   0   0   0]
 [  7   0   1   3 183   4   2   0]
 [ 40   0   0   4  72  68  16   0]
 [  9   0   5   1   0   0 385   0]
 [ 34   0   0   0   0   0   0 366]]",0.07549500465393066,0.00066375732421875
64,BoT_IoT,2,linear,QuantileTransformer,HHHv2,0.9157702169908506,-1,-1,98.22134387351778,87.50013062966822,1.0163749294184077,89.57291666666667,88.32248013970091,-1,"{'0Normal': {'precision': 0.95, 'recall': 0.9844559585492227, 'f1-score': 0.9669211195928753, 'support': 193.0}, 'Data_Exfiltration': {'precision': 0.8333333333333334, 'recall': 0.625, 'f1-score': 0.7142857142857143, 'support': 32.0}, 'HTTP': {'precision': 0.9975, 'recall': 0.9779411764705882, 'f1-score': 0.9876237623762375, 'support': 408.0}, 'Keylogging': {'precision': 0.925, 'recall': 0.925, 'f1-score': 0.925, 'support': 200.0}, 'OS_Fingerprint': {'precision': 0.785, 'recall': 0.7405660377358491, 'f1-score': 0.7621359223300971, 'support': 212.0}, 'Service_Scan': {'precision': 0.705, 'recall': 0.7621621621621621, 'f1-score': 0.7324675324675325, 'support': 185.0}, 'TCP': {'precision': 0.975, 'recall': 0.9923664122137404, 'f1-score': 0.9836065573770492, 'support': 393.0}, 'UDP': {'precision': 0.995, 'recall': 0.9925187032418953, 'f1-score': 0.9937578027465668, 'support': 401.0}, 'accuracy': 0.9288537549407114, 'macro avg': {'precision': 0.8957291666666667, 'recall': 0.8750013062966822, 'f1-score': 0.8832248013970091, 'support': 2024.0}, 'weighted avg': {'precision': 0.9293535902503295, 'recall': 0.9288537549407114, 'f1-score': 0.928634871037105, 'support': 2024.0}}","[[190   0   1   1   0   1   0   0]
 [  0  20   0  12   0   0   0   0]
 [  2   1 399   0   2   0   4   0]
 [  2   3   0 185   2   6   2   0]
 [  2   0   0   2 157  51   0   0]
 [  2   0   0   0  37 141   3   2]
 [  0   0   0   0   2   1 390   0]
 [  2   0   0   0   0   0   1 398]]",4.994854211807251,0.018229007720947266
65,BoT_IoT,2,None,QuantileTransformer,KNN,0.908139619121929,-1,-1,98.06077075098814,88.42708333333333,1.1081309994353472,89.15453063649852,88.71375418901945,-1,"{'0Normal': {'precision': 0.9313725490196079, 'recall': 0.95, 'f1-score': 0.9405940594059405, 'support': 200.0}, 'Data_Exfiltration': {'precision': 0.8636363636363636, 'recall': 0.7916666666666666, 'f1-score': 0.8260869565217391, 'support': 24.0}, 'HTTP': {'precision': 0.9777777777777777, 'recall': 0.99, 'f1-score': 0.9838509316770186, 'support': 400.0}, 'Keylogging': {'precision': 0.8597285067873304, 'recall': 0.95, 'f1-score': 0.9026128266033254, 'support': 200.0}, 'OS_Fingerprint': {'precision': 0.7679558011049724, 'recall': 0.695, 'f1-score': 0.7296587926509186, 'support': 200.0}, 'Service_Scan': {'precision': 0.7643979057591623, 'recall': 0.73, 'f1-score': 0.7468030690537084, 'support': 200.0}, 'TCP': {'precision': 0.9824561403508771, 'recall': 0.98, 'f1-score': 0.981226533166458, 'support': 400.0}, 'UDP': {'precision': 0.9850374064837906, 'recall': 0.9875, 'f1-score': 0.9862671660424469, 'support': 400.0}, 'accuracy': 0.9224308300395256, 'macro avg': {'precision': 0.8915453063649852, 'recall': 0.8842708333333333, 'f1-score': 0.8871375418901946, 'support': 2024.0}, 'weighted avg': {'precision': 0.9207147999537874, 'recall': 0.9224308300395256, 'f1-score': 0.9210956960739475, 'support': 2024.0}}","[[190   0   1   2   1   0   0   6]
 [  1  19   0   4   0   0   0   0]
 [  3   0 396   1   0   0   0   0]
 [  3   3   2 190   1   1   0   0]
 [  0   0   1  15 139  42   3   0]
 [  2   0   0   9  39 146   4   0]
 [  0   0   5   0   1   2 392   0]
 [  5   0   0   0   0   0   0 395]]",0.0008509159088134766,0.02438640594482422
66,BoT_IoT,2,None,QuantileTransformer,LDA,0.9189531807624167,-1,-1,98.28310276679841,90.67708333333333,0.9810841332580464,86.83815918414541,87.92068990779687,-1,"{'0Normal': {'precision': 0.9846153846153847, 'recall': 0.96, 'f1-score': 0.9721518987341772, 'support': 200.0}, 'Data_Exfiltration': {'precision': 0.5116279069767442, 'recall': 0.9166666666666666, 'f1-score': 0.6567164179104478, 'support': 24.0}, 'HTTP': {'precision': 0.9851851851851852, 'recall': 0.9975, 'f1-score': 0.991304347826087, 'support': 400.0}, 'Keylogging': {'precision': 0.8979591836734694, 'recall': 0.88, 'f1-score': 0.888888888888889, 'support': 200.0}, 'OS_Fingerprint': {'precision': 0.7522522522522522, 'recall': 0.835, 'f1-score': 0.791469194312796, 'support': 200.0}, 'Service_Scan': {'precision': 0.8303030303030303, 'recall': 0.685, 'f1-score': 0.7506849315068493, 'support': 200.0}, 'TCP': {'precision': 0.9974554707379135, 'recall': 0.98, 'f1-score': 0.9886506935687264, 'support': 400.0}, 'UDP': {'precision': 0.9876543209876543, 'recall': 1.0, 'f1-score': 0.9937888198757764, 'support': 400.0}, 'accuracy': 0.9313241106719368, 'macro avg': {'precision': 0.8683815918414541, 'recall': 0.9067708333333333, 'f1-score': 0.8792068990779687, 'support': 2024.0}, 'weighted avg': {'precision': 0.935485687105025, 'recall': 0.9313241106719368, 'f1-score': 0.9317676488273859, 'support': 2024.0}}","[[192   0   1   1   3   0   0   3]
 [  0  22   0   2   0   0   0   0]
 [  1   0 399   0   0   0   0   0]
 [  1  21   0 176   2   0   0   0]
 [  0   0   1   6 167  25   1   0]
 [  1   0   0  10  50 137   0   2]
 [  0   0   4   1   0   3 392   0]
 [  0   0   0   0   0   0   0 400]]",0.02718329429626465,0.0007030963897705078
67,BoT_IoT,2,None,QuantileTransformer,MLP,0.9270632873505048,-1,-1,98.45602766798419,85.10416666666667,0.8822699040090344,91.25011760372898,86.45848240921585,-1,"{'0Normal': {'precision': 0.9473684210526315, 'recall': 0.99, 'f1-score': 0.9682151589242053, 'support': 200.0}, 'Data_Exfiltration': {'precision': 0.8888888888888888, 'recall': 0.3333333333333333, 'f1-score': 0.48484848484848486, 'support': 24.0}, 'HTTP': {'precision': 0.9925, 'recall': 0.9925, 'f1-score': 0.9925, 'support': 400.0}, 'Keylogging': {'precision': 0.9158878504672897, 'recall': 0.98, 'f1-score': 0.9468599033816426, 'support': 200.0}, 'OS_Fingerprint': {'precision': 0.8253012048192772, 'recall': 0.685, 'f1-score': 0.7486338797814208, 'support': 200.0}, 'Service_Scan': {'precision': 0.7400881057268722, 'recall': 0.84, 'f1-score': 0.7868852459016394, 'support': 200.0}, 'TCP': {'precision': 0.9899749373433584, 'recall': 0.9875, 'f1-score': 0.9887359198998749, 'support': 400.0}, 'UDP': {'precision': 1.0, 'recall': 1.0, 'f1-score': 1.0, 'support': 400.0}, 'accuracy': 0.9382411067193676, 'macro avg': {'precision': 0.9125011760372898, 'recall': 0.8510416666666667, 'f1-score': 0.8645848240921584, 'support': 2024.0}, 'weighted avg': {'precision': 0.9387610793892739, 'recall': 0.9382411067193676, 'f1-score': 0.9358940559259364, 'support': 2024.0}}","[[198   0   0   1   1   0   0   0]
 [  2   8   0  14   0   0   0   0]
 [  3   0 397   0   0   0   0   0]
 [  3   1   0 196   0   0   0   0]
 [  1   0   0   2 137  59   1   0]
 [  2   0   0   0  27 168   3   0]
 [  0   0   3   1   1   0 395   0]
 [  0   0   0   0   0   0   0 400]]",0.9547910690307617,0.0014286041259765625
68,BoT_IoT,2,None,QuantileTransformer,LGBM,0.9547651713523164,-1,-1,99.03656126482213,93.96875,0.5505364201016375,95.06512599290784,94.27312587050281,-1,"{'0Normal': {'precision': 0.9386792452830188, 'recall': 0.995, 'f1-score': 0.9660194174757281, 'support': 200.0}, 'Data_Exfiltration': {'precision': 0.9545454545454546, 'recall': 0.875, 'f1-score': 0.9130434782608695, 'support': 24.0}, 'HTTP': {'precision': 1.0, 'recall': 0.9825, 'f1-score': 0.991172761664565, 'support': 400.0}, 'Keylogging': {'precision': 0.9899497487437185, 'recall': 0.985, 'f1-score': 0.9874686716791979, 'support': 200.0}, 'OS_Fingerprint': {'precision': 0.7923728813559322, 'recall': 0.935, 'f1-score': 0.8577981651376148, 'support': 200.0}, 'Service_Scan': {'precision': 0.9371069182389937, 'recall': 0.745, 'f1-score': 0.83008356545961, 'support': 200.0}, 'TCP': {'precision': 0.9925558312655087, 'recall': 1.0, 'f1-score': 0.9962640099626401, 'support': 400.0}, 'UDP': {'precision': 1.0, 'recall': 1.0, 'f1-score': 1.0, 'support': 400.0}, 'accuracy': 0.9614624505928854, 'macro avg': {'precision': 0.9506512599290784, 'recall': 0.9396875, 'f1-score': 0.9427312587050282, 'support': 2024.0}, 'weighted avg': {'precision': 0.9642061176579185, 'recall': 0.9614624505928854, 'f1-score': 0.9610482786954413, 'support': 2024.0}}","[[199   0   0   0   1   0   0   0]
 [  2  21   0   1   0   0   0   0]
 [  7   0 393   0   0   0   0   0]
 [  3   0   0 197   0   0   0   0]
 [  1   1   0   1 187  10   0   0]
 [  0   0   0   0  48 149   3   0]
 [  0   0   0   0   0   0 400   0]
 [  0   0   0   0   0   0   0 400]]",2.5756490230560303,0.019255638122558594
69,BoT_IoT,2,None,QuantileTransformer,RF,0.9605487866034655,-1,-1,99.1600790513834,94.98958333333334,0.4799548277809147,95.65162675248375,95.1290866957846,-1,"{'0Normal': {'precision': 0.9611650485436893, 'recall': 0.99, 'f1-score': 0.9753694581280788, 'support': 200.0}, 'Data_Exfiltration': {'precision': 0.9565217391304348, 'recall': 0.9166666666666666, 'f1-score': 0.9361702127659574, 'support': 24.0}, 'HTTP': {'precision': 1.0, 'recall': 0.99, 'f1-score': 0.9949748743718593, 'support': 400.0}, 'Keylogging': {'precision': 0.98, 'recall': 0.98, 'f1-score': 0.98, 'support': 200.0}, 'OS_Fingerprint': {'precision': 0.8085106382978723, 'recall': 0.95, 'f1-score': 0.8735632183908046, 'support': 200.0}, 'Service_Scan': {'precision': 0.950920245398773, 'recall': 0.775, 'f1-score': 0.8539944903581268, 'support': 200.0}, 'TCP': {'precision': 0.9950124688279302, 'recall': 0.9975, 'f1-score': 0.9962546816479401, 'support': 400.0}, 'UDP': {'precision': 1.0, 'recall': 1.0, 'f1-score': 1.0, 'support': 400.0}, 'accuracy': 0.9664031620553359, 'macro avg': {'precision': 0.9565162675248375, 'recall': 0.9498958333333334, 'f1-score': 0.9512908669578459, 'support': 2024.0}, 'weighted avg': {'precision': 0.9689133872126332, 'recall': 0.9664031620553359, 'f1-score': 0.9661785281075616, 'support': 2024.0}}","[[198   0   0   1   1   0   0   0]
 [  1  22   0   1   0   0   0   0]
 [  4   0 396   0   0   0   0   0]
 [  3   1   0 196   0   0   0   0]
 [  0   0   0   2 190   8   0   0]
 [  0   0   0   0  43 155   2   0]
 [  0   0   0   0   1   0 399   0]
 [  0   0   0   0   0   0   0 400]]",1.0571272373199463,0.013031005859375
70,BoT_IoT,2,None,QuantileTransformer,SGD,0.8605881216824279,-1,-1,96.94911067193675,82.9375,1.743365330321852,84.3875782914423,80.80230505599069,-1,"{'0Normal': {'precision': 0.8412017167381974, 'recall': 0.98, 'f1-score': 0.905311778290993, 'support': 200.0}, 'Data_Exfiltration': {'precision': 0.782608695652174, 'recall': 0.75, 'f1-score': 0.7659574468085107, 'support': 24.0}, 'HTTP': {'precision': 0.9873417721518988, 'recall': 0.975, 'f1-score': 0.9811320754716981, 'support': 400.0}, 'Keylogging': {'precision': 0.8565022421524664, 'recall': 0.955, 'f1-score': 0.9030732860520094, 'support': 200.0}, 'OS_Fingerprint': {'precision': 0.7659574468085106, 'recall': 0.18, 'f1-score': 0.291497975708502, 'support': 200.0}, 'Service_Scan': {'precision': 0.5325077399380805, 'recall': 0.86, 'f1-score': 0.6577437858508605, 'support': 200.0}, 'TCP': {'precision': 0.9848866498740554, 'recall': 0.9775, 'f1-score': 0.9811794228356336, 'support': 400.0}, 'UDP': {'precision': 1.0, 'recall': 0.9575, 'f1-score': 0.9782886334610472, 'support': 400.0}, 'accuracy': 0.8779644268774703, 'macro avg': {'precision': 0.8438757829144229, 'recall': 0.829375, 'f1-score': 0.8080230505599069, 'support': 2024.0}, 'weighted avg': {'precision': 0.8927410111825517, 'recall': 0.8779644268774703, 'f1-score': 0.8627215398276822, 'support': 2024.0}}","[[196   0   0   0   3   0   1   0]
 [  1  18   0   5   0   0   0   0]
 [  7   0 390   2   0   0   1   0]
 [  3   5   0 191   1   0   0   0]
 [  1   0   0  12  36 150   1   0]
 [  8   0   0  11   6 172   3   0]
 [  0   0   5   2   1   1 391   0]
 [ 17   0   0   0   0   0   0 383]]",0.15540385246276855,0.0009126663208007812
71,BoT_IoT,2,sigmoid,QuantileTransformer,HHHv2,0.43886931812228347,-1,-1,87.85820158102767,45.71231509251699,6.938170525127046,49.145833333333336,45.022330809712344,-1,"{'0Normal': {'precision': 0.48, 'recall': 0.46601941747572817, 'f1-score': 0.4729064039408867, 'support': 206.0}, 'Data_Exfiltration': {'precision': 0.4166666666666667, 'recall': 0.056818181818181816, 'f1-score': 0.09999999999999999, 'support': 176.0}, 'HTTP': {'precision': 0.805, 'recall': 0.7318181818181818, 'f1-score': 0.7666666666666666, 'support': 440.0}, 'Keylogging': {'precision': 0.81, 'recall': 0.5827338129496403, 'f1-score': 0.6778242677824269, 'support': 278.0}, 'OS_Fingerprint': {'precision': 0.315, 'recall': 0.3333333333333333, 'f1-score': 0.32390745501285345, 'support': 189.0}, 'Service_Scan': {'precision': 0.27, 'recall': 0.3253012048192771, 'f1-score': 0.29508196721311475, 'support': 166.0}, 'TCP': {'precision': 0.5125, 'recall': 0.6212121212121212, 'f1-score': 0.5616438356164383, 'support': 330.0}, 'UDP': {'precision': 0.3225, 'recall': 0.5397489539748954, 'f1-score': 0.40375586854460094, 'support': 239.0}, 'accuracy': 0.5143280632411067, 'macro avg': {'precision': 0.49145833333333333, 'recall': 0.45712315092516986, 'f1-score': 0.4502233080971234, 'support': 2024.0}, 'weighted avg': {'precision': 0.5445409255599474, 'recall': 0.5143280632411067, 'f1-score': 0.5102912217781923, 'support': 2024.0}}","[[ 96   6  15   2   4   7  29  47]
 [ 18  10  10   0  25  33  35  45]
 [ 24   1 322   9   3   8  34  39]
 [  7   2   9 162  33  20  19  26]
 [ 10   1  10   5  63  57  21  22]
 [ 10   1   6  11  34  54  27  23]
 [ 16   0  11   6  11  12 205  69]
 [ 19   3  17   5  27   9  30 129]]",47.75461387634277,0.06615042686462402
72,BoT_IoT,0,None,QuantileTransformer,KNN,0.7061982587470483,-1,-1,93.66353754940711,70.89583333333334,3.6208356860530775,69.97236277273221,64.52572027289011,-1,"{'0Normal': {'precision': 0.967741935483871, 'recall': 0.15, 'f1-score': 0.25974025974025977, 'support': 200.0}, 'Data_Exfiltration': {'precision': 0.3728813559322034, 'recall': 0.9166666666666666, 'f1-score': 0.5301204819277109, 'support': 24.0}, 'HTTP': {'precision': 0.9442970822281167, 'recall': 0.89, 'f1-score': 0.9163449163449164, 'support': 400.0}, 'Keylogging': {'precision': 0.509090909090909, 'recall': 0.84, 'f1-score': 0.6339622641509434, 'support': 200.0}, 'OS_Fingerprint': {'precision': 0.37362637362637363, 'recall': 0.34, 'f1-score': 0.35602094240837695, 'support': 200.0}, 'Service_Scan': {'precision': 0.6336206896551724, 'recall': 0.735, 'f1-score': 0.6805555555555555, 'support': 200.0}, 'TCP': {'precision': 0.9733727810650887, 'recall': 0.8225, 'f1-score': 0.89159891598916, 'support': 400.0}, 'UDP': {'precision': 0.8231578947368421, 'recall': 0.9775, 'f1-score': 0.8937142857142858, 'support': 400.0}, 'accuracy': 0.7465415019762845, 'macro avg': {'precision': 0.6997236277273221, 'recall': 0.7089583333333334, 'f1-score': 0.6452572027289011, 'support': 2024.0}, 'weighted avg': {'precision': 0.791549524370384, 'recall': 0.7465415019762845, 'f1-score': 0.7309495766584175, 'support': 2024.0}}","[[ 30   2   8  62   9  18   0  71]
 [  0  22   1   1   0   0   0   0]
 [  1   0 356   2  41   0   0   0]
 [  0  30   2 168   0   0   0   0]
 [  0   4   1  67  68  58   2   0]
 [  0   1   0  29  19 147   4   0]
 [  0   0   9   1  45   3 329  13]
 [  0   0   0   0   0   6   3 391]]",0.0003101825714111328,0.0018780231475830078
73,BoT_IoT,0,None,QuantileTransformer,LDA,0.7082237681604537,-1,-1,93.54001976284584,69.15625,3.6914172783738,66.03424440474292,62.28703854547337,-1,"{'0Normal': {'precision': 0.8928571428571429, 'recall': 0.625, 'f1-score': 0.7352941176470589, 'support': 200.0}, 'Data_Exfiltration': {'precision': 0.30434782608695654, 'recall': 0.875, 'f1-score': 0.4516129032258065, 'support': 24.0}, 'HTTP': {'precision': 0.9602122015915119, 'recall': 0.905, 'f1-score': 0.9317889317889317, 'support': 400.0}, 'Keylogging': {'precision': 0.726027397260274, 'recall': 0.265, 'f1-score': 0.3882783882783883, 'support': 200.0}, 'OS_Fingerprint': {'precision': 0.15714285714285714, 'recall': 0.055, 'f1-score': 0.08148148148148149, 'support': 200.0}, 'Service_Scan': {'precision': 0.3935091277890467, 'recall': 0.97, 'f1-score': 0.55988455988456, 'support': 200.0}, 'TCP': {'precision': 0.9827089337175793, 'recall': 0.8525, 'f1-score': 0.9129852744310576, 'support': 400.0}, 'UDP': {'precision': 0.865934065934066, 'recall': 0.985, 'f1-score': 0.9216374269005849, 'support': 400.0}, 'accuracy': 0.741600790513834, 'macro avg': {'precision': 0.6603424440474293, 'recall': 0.6915625, 'f1-score': 0.6228703854547337, 'support': 2024.0}, 'weighted avg': {'precision': 0.7730996706191768, 'recall': 0.741600790513834, 'f1-score': 0.7264778025612385, 'support': 2024.0}}","[[125   2   1   5   4   2   0  61]
 [  2  21   0   1   0   0   0   0]
 [ 13   2 362  13  10   0   0   0]
 [  0  43   2  53   0 102   0   0]
 [  0   1   1   0  11 185   2   0]
 [  0   0   0   1   1 194   4   0]
 [  0   0  11   0  44   4 341   0]
 [  0   0   0   0   0   6   0 394]]",0.09314608573913574,0.0012660026550292969
74,BoT_IoT,0,None,QuantileTransformer,MLP,0.8235130801899812,-1,-1,96.19565217391305,81.17708333333333,2.1739130434782608,78.05677454656458,77.09378025088618,-1,"{'0Normal': {'precision': 0.9856115107913669, 'recall': 0.685, 'f1-score': 0.8082595870206489, 'support': 200.0}, 'Data_Exfiltration': {'precision': 0.4074074074074074, 'recall': 0.9166666666666666, 'f1-score': 0.5641025641025641, 'support': 24.0}, 'HTTP': {'precision': 0.9850746268656716, 'recall': 0.99, 'f1-score': 0.9875311720698254, 'support': 400.0}, 'Keylogging': {'precision': 0.9657142857142857, 'recall': 0.845, 'f1-score': 0.9013333333333333, 'support': 200.0}, 'OS_Fingerprint': {'precision': 0.4782608695652174, 'recall': 0.275, 'f1-score': 0.34920634920634924, 'support': 200.0}, 'Service_Scan': {'precision': 0.5415384615384615, 'recall': 0.88, 'f1-score': 0.6704761904761904, 'support': 200.0}, 'TCP': {'precision': 0.9945205479452055, 'recall': 0.9075, 'f1-score': 0.9490196078431372, 'support': 400.0}, 'UDP': {'precision': 0.8864142538975501, 'recall': 0.995, 'f1-score': 0.9375736160188458, 'support': 400.0}, 'accuracy': 0.8478260869565217, 'macro avg': {'precision': 0.7805677454656458, 'recall': 0.8117708333333333, 'f1-score': 0.7709378025088618, 'support': 2024.0}, 'weighted avg': {'precision': 0.8648253827979323, 'recall': 0.8478260869565217, 'f1-score': 0.8443889881020205, 'support': 2024.0}}","[[137   1   1   2   7   1   0  51]
 [  1  22   0   1   0   0   0   0]
 [  1   1 396   2   0   0   0   0]
 [  0  29   0 169   1   1   0   0]
 [  0   1   1   0  55 142   1   0]
 [  0   0   0   0  23 176   1   0]
 [  0   0   4   1  29   3 363   0]
 [  0   0   0   0   0   2   0 398]]",0.06905293464660645,0.000732421875
75,BoT_IoT,0,None,QuantileTransformer,LGBM,0.9209652520847935,-1,-1,98.33250988142292,91.16666666666666,0.9528514963297572,91.64811080508012,91.36606149766354,-1,"{'0Normal': {'precision': 0.9833333333333333, 'recall': 0.885, 'f1-score': 0.9315789473684211, 'support': 200.0}, 'Data_Exfiltration': {'precision': 0.9583333333333334, 'recall': 0.9583333333333334, 'f1-score': 0.9583333333333334, 'support': 24.0}, 'HTTP': {'precision': 0.9975, 'recall': 0.9975, 'f1-score': 0.9975, 'support': 400.0}, 'Keylogging': {'precision': 0.9803921568627451, 'recall': 1.0, 'f1-score': 0.99009900990099, 'support': 200.0}, 'OS_Fingerprint': {'precision': 0.7101449275362319, 'recall': 0.735, 'f1-score': 0.7223587223587223, 'support': 200.0}, 'Service_Scan': {'precision': 0.7384615384615385, 'recall': 0.72, 'f1-score': 0.7291139240506329, 'support': 200.0}, 'TCP': {'precision': 0.9975, 'recall': 0.9975, 'f1-score': 0.9975, 'support': 400.0}, 'UDP': {'precision': 0.966183574879227, 'recall': 1.0, 'f1-score': 0.9828009828009828, 'support': 400.0}, 'accuracy': 0.933300395256917, 'macro avg': {'precision': 0.9164811080508012, 'recall': 0.9116666666666666, 'f1-score': 0.9136606149766353, 'support': 2024.0}, 'weighted avg': {'precision': 0.9337647337897532, 'recall': 0.933300395256917, 'f1-score': 0.933177131351851, 'support': 2024.0}}","[[177   0   1   1   7   0   0  14]
 [  1  23   0   0   0   0   0   0]
 [  1   0 399   0   0   0   0   0]
 [  0   0   0 200   0   0   0   0]
 [  0   1   0   1 147  51   0   0]
 [  1   0   0   2  52 144   1   0]
 [  0   0   0   0   1   0 399   0]
 [  0   0   0   0   0   0   0 400]]",0.2908153533935547,0.009218454360961914
76,BoT_IoT,0,None,QuantileTransformer,RF,0.8560034466502913,-1,-1,96.89970355731225,83.48958333333333,1.7715979672501412,83.1734613758097,81.73272065150145,-1,"{'0Normal': {'precision': 0.9858156028368794, 'recall': 0.695, 'f1-score': 0.81524926686217, 'support': 200.0}, 'Data_Exfiltration': {'precision': 0.6666666666666666, 'recall': 0.9166666666666666, 'f1-score': 0.7719298245614035, 'support': 24.0}, 'HTTP': {'precision': 0.9949874686716792, 'recall': 0.9925, 'f1-score': 0.9937421777221527, 'support': 400.0}, 'Keylogging': {'precision': 0.9844559585492227, 'recall': 0.95, 'f1-score': 0.9669211195928753, 'support': 200.0}, 'OS_Fingerprint': {'precision': 0.6, 'recall': 0.3, 'f1-score': 0.4, 'support': 200.0}, 'Service_Scan': {'precision': 0.5409836065573771, 'recall': 0.825, 'f1-score': 0.6534653465346534, 'support': 200.0}, 'TCP': {'precision': 0.9900990099009901, 'recall': 1.0, 'f1-score': 0.9950248756218906, 'support': 400.0}, 'UDP': {'precision': 0.89086859688196, 'recall': 1.0, 'f1-score': 0.9422850412249705, 'support': 400.0}, 'accuracy': 0.8759881422924901, 'macro avg': {'precision': 0.831734613758097, 'recall': 0.8348958333333333, 'f1-score': 0.8173272065150146, 'support': 2024.0}, 'weighted avg': {'precision': 0.8837119880289267, 'recall': 0.8759881422924901, 'f1-score': 0.868613784691215, 'support': 2024.0}}","[[139   0   2   1   8   1   0  49]
 [  1  22   0   1   0   0   0   0]
 [  1   0 397   0   0   2   0   0]
 [  0  10   0 190   0   0   0   0]
 [  0   1   0   1  60 137   1   0]
 [  0   0   0   0  32 165   3   0]
 [  0   0   0   0   0   0 400   0]
 [  0   0   0   0   0   0   0 400]]",0.05986666679382324,0.01025843620300293
77,BoT_IoT,0,None,QuantileTransformer,NuSVC,0.7742112854831633,-1,-1,95.17045454545455,76.61458333333333,2.75974025974026,77.06117066314302,74.77494597102225,-1,"{'0Normal': {'precision': 0.96, 'recall': 0.72, 'f1-score': 0.8228571428571428, 'support': 200.0}, 'Data_Exfiltration': {'precision': 0.55, 'recall': 0.9166666666666666, 'f1-score': 0.6874999999999999, 'support': 24.0}, 'HTTP': {'precision': 0.9825436408977556, 'recall': 0.985, 'f1-score': 0.9837702871410736, 'support': 400.0}, 'Keylogging': {'precision': 0.9223300970873787, 'recall': 0.475, 'f1-score': 0.627062706270627, 'support': 200.0}, 'OS_Fingerprint': {'precision': 0.4845360824742268, 'recall': 0.705, 'f1-score': 0.5743380855397149, 'support': 200.0}, 'Service_Scan': {'precision': 0.3821138211382114, 'recall': 0.47, 'f1-score': 0.4215246636771301, 'support': 200.0}, 'TCP': {'precision': 0.9858757062146892, 'recall': 0.8725, 'f1-score': 0.9257294429708223, 'support': 400.0}, 'UDP': {'precision': 0.89749430523918, 'recall': 0.985, 'f1-score': 0.9392133492252682, 'support': 400.0}, 'accuracy': 0.8068181818181818, 'macro avg': {'precision': 0.7706117066314302, 'recall': 0.7661458333333333, 'f1-score': 0.7477494597102224, 'support': 2024.0}, 'weighted avg': {'precision': 0.8445461764232279, 'recall': 0.8068181818181818, 'f1-score': 0.8128170708516741, 'support': 2024.0}}","[[144   1   1   2   4   3   0  45]
 [  1  22   0   1   0   0   0   0]
 [  1   0 394   1   3   0   1   0]
 [  0  16   1  95   0  88   0   0]
 [  0   1   1   1 141  55   1   0]
 [  1   0   0   2 100  94   3   0]
 [  0   0   4   1  43   3 349   0]
 [  3   0   0   0   0   3   0 394]]",0.001800537109375,0.009464025497436523
78,BoT_IoT,0,None,QuantileTransformer,SGD,0.5738052599239432,-1,-1,90.66205533596839,58.9375,5.33596837944664,56.19818061372284,51.84007368488564,-1,"{'0Normal': {'precision': 0.7916666666666666, 'recall': 0.475, 'f1-score': 0.5937499999999999, 'support': 200.0}, 'Data_Exfiltration': {'precision': 0.21176470588235294, 'recall': 0.75, 'f1-score': 0.33027522935779813, 'support': 24.0}, 'HTTP': {'precision': 0.6259124087591241, 'recall': 0.8575, 'f1-score': 0.7236286919831223, 'support': 400.0}, 'Keylogging': {'precision': 0.4523809523809524, 'recall': 0.19, 'f1-score': 0.26760563380281693, 'support': 200.0}, 'OS_Fingerprint': {'precision': 0.3782178217821782, 'recall': 0.955, 'f1-score': 0.5418439716312057, 'support': 200.0}, 'Service_Scan': {'precision': 0.22641509433962265, 'recall': 0.06, 'f1-score': 0.09486166007905138, 'support': 200.0}, 'TCP': {'precision': 0.975609756097561, 'recall': 0.8, 'f1-score': 0.8791208791208791, 'support': 400.0}, 'UDP': {'precision': 0.8338870431893688, 'recall': 0.6275, 'f1-score': 0.7161198288159772, 'support': 400.0}, 'accuracy': 0.6264822134387352, 'macro avg': {'precision': 0.5619818061372284, 'recall': 0.589375, 'f1-score': 0.5184007368488563, 'support': 2024.0}, 'weighted avg': {'precision': 0.6664931537517204, 'recall': 0.6264822134387352, 'f1-score': 0.6102206613513801, 'support': 2024.0}}","[[ 95   1  37   3  12   2   0  50]
 [  2  18   0   4   0   0   0   0]
 [  4  11 343  39   3   0   0   0]
 [  0  46   1  38 115   0   0   0]
 [  0   5   1   0 191   2   1   0]
 [  1   4   1   0 175  12   7   0]
 [ 18   0  16   0   9  37 320   0]
 [  0   0 149   0   0   0   0 251]]",0.0021240711212158203,0.0003681182861328125
79,BoT_IoT,0,None,QuantileTransformer,HHHv2,0.69577489739093,-1,-1,93.18181818181817,63.146193632442134,3.896103896103896,66.75,57.445683270806455,-1,"{'0Normal': {'precision': 0.65, 'recall': 0.8843537414965986, 'f1-score': 0.7492795389048991, 'support': 147.0}, 'Data_Exfiltration': {'precision': 0.875, 'recall': 0.2727272727272727, 'f1-score': 0.4158415841584158, 'support': 77.0}, 'HTTP': {'precision': 0.9475, 'recall': 0.9570707070707071, 'f1-score': 0.9522613065326633, 'support': 396.0}, 'Keylogging': {'precision': 0.035, 'recall': 0.5833333333333334, 'f1-score': 0.0660377358490566, 'support': 12.0}, 'OS_Fingerprint': {'precision': 0.04, 'recall': 0.16666666666666666, 'f1-score': 0.06451612903225806, 'support': 48.0}, 'Service_Scan': {'precision': 0.95, 'recall': 0.35647279549718575, 'f1-score': 0.5184174624829468, 'support': 533.0}, 'TCP': {'precision': 0.8575, 'recall': 0.9689265536723164, 'f1-score': 0.9098143236074271, 'support': 354.0}, 'UDP': {'precision': 0.985, 'recall': 0.862144420131291, 'f1-score': 0.9194865810968494, 'support': 457.0}, 'accuracy': 0.7272727272727273, 'macro avg': {'precision': 0.6675, 'recall': 0.6314619363244214, 'f1-score': 0.5744568327080646, 'support': 2024.0}, 'weighted avg': {'precision': 0.8895874505928855, 'recall': 0.7272727272727273, 'f1-score': 0.7617315929997974, 'support': 2024.0}}","[[130   2  13   2   0   0   0   0]
 [  0  21   6  46   3   1   0   0]
 [  1   0 379   2   0   0  14   0]
 [  2   1   2   7   0   0   0   0]
 [  1   0   0   0   8   0  39   0]
 [  3   0   0 143 187 190   4   6]
 [  0   0   0   0   2   9 343   0]
 [ 63   0   0   0   0   0   0 394]]",0.004624128341674805,0.005383014678955078
80,BoT_IoT,0,None,QuantileTransformer,KNN,0.9308939353138295,-1,-1,98.54249011857708,91.10416666666666,0.8328627893845286,89.92207282720533,90.41913700863833,-1,"{'0Normal': {'precision': 0.9692307692307692, 'recall': 0.945, 'f1-score': 0.9569620253164557, 'support': 200.0}, 'Data_Exfiltration': {'precision': 0.6896551724137931, 'recall': 0.8333333333333334, 'f1-score': 0.7547169811320755, 'support': 24.0}, 'HTTP': {'precision': 0.9754901960784313, 'recall': 0.995, 'f1-score': 0.9851485148514851, 'support': 400.0}, 'Keylogging': {'precision': 0.9637305699481865, 'recall': 0.93, 'f1-score': 0.9465648854961832, 'support': 200.0}, 'OS_Fingerprint': {'precision': 0.805, 'recall': 0.805, 'f1-score': 0.805, 'support': 200.0}, 'Service_Scan': {'precision': 0.8205128205128205, 'recall': 0.8, 'f1-score': 0.810126582278481, 'support': 200.0}, 'TCP': {'precision': 0.9849246231155779, 'recall': 0.98, 'f1-score': 0.9824561403508771, 'support': 400.0}, 'UDP': {'precision': 0.9852216748768473, 'recall': 1.0, 'f1-score': 0.9925558312655086, 'support': 400.0}, 'accuracy': 0.941699604743083, 'macro avg': {'precision': 0.8992207282720532, 'recall': 0.9110416666666666, 'f1-score': 0.9041913700863833, 'support': 2024.0}, 'weighted avg': {'precision': 0.9419472103283739, 'recall': 0.941699604743083, 'f1-score': 0.9416541999765523, 'support': 2024.0}}","[[189   0   1   2   1   1   0   6]
 [  1  20   0   3   0   0   0   0]
 [  1   0 398   1   0   0   0   0]
 [  3   8   2 186   1   0   0   0]
 [  0   1   2   1 161  33   2   0]
 [  1   0   0   0  35 160   4   0]
 [  0   0   5   0   2   1 392   0]
 [  0   0   0   0   0   0   0 400]]",0.0004923343658447266,0.01155233383178711
81,BoT_IoT,0,None,QuantileTransformer,LDA,0.7671983265183344,-1,-1,95.02223320158103,74.28125,2.844438170525127,72.73681073382714,69.9818211880999,-1,"{'0Normal': {'precision': 0.8802816901408451, 'recall': 0.625, 'f1-score': 0.7309941520467838, 'support': 200.0}, 'Data_Exfiltration': {'precision': 0.3559322033898305, 'recall': 0.875, 'f1-score': 0.5060240963855422, 'support': 24.0}, 'HTTP': {'precision': 0.957286432160804, 'recall': 0.9525, 'f1-score': 0.9548872180451128, 'support': 400.0}, 'Keylogging': {'precision': 0.746031746031746, 'recall': 0.235, 'f1-score': 0.3574144486692015, 'support': 200.0}, 'OS_Fingerprint': {'precision': 0.39849624060150374, 'recall': 0.53, 'f1-score': 0.45493562231759654, 'support': 200.0}, 'Service_Scan': {'precision': 0.6367521367521367, 'recall': 0.745, 'f1-score': 0.6866359447004607, 'support': 200.0}, 'TCP': {'precision': 0.9727047146401985, 'recall': 0.98, 'f1-score': 0.9763387297633873, 'support': 400.0}, 'UDP': {'precision': 0.8714596949891068, 'recall': 1.0, 'f1-score': 0.9313154831199069, 'support': 400.0}, 'accuracy': 0.8008893280632411, 'macro avg': {'precision': 0.7273681073382714, 'recall': 0.7428125, 'f1-score': 0.699818211880999, 'support': 2024.0}, 'weighted avg': {'precision': 0.8208671305843113, 'recall': 0.8008893280632411, 'f1-score': 0.7920737076242215, 'support': 2024.0}}","[[125   2   4   0   8   2   1  58]
 [  2  21   1   0   0   0   0   0]
 [ 12   3 381   2   1   0   1   0]
 [  2  29   5  47 117   0   0   0]
 [  1   4   3   4 106  80   2   0]
 [  0   0   0   9  34 149   7   1]
 [  0   0   4   1   0   3 392   0]
 [  0   0   0   0   0   0   0 400]]",0.0046803951263427734,0.0002002716064453125
82,BoT_IoT,0,None,QuantileTransformer,MLP,0.9533124071603047,-1,-1,99.01185770750988,94.27083333333334,0.564652738565782,92.99786215621768,93.49703487443321,-1,"{'0Normal': {'precision': 0.9752475247524752, 'recall': 0.985, 'f1-score': 0.9800995024875623, 'support': 200.0}, 'Data_Exfiltration': {'precision': 0.7857142857142857, 'recall': 0.9166666666666666, 'f1-score': 0.8461538461538461, 'support': 24.0}, 'HTTP': {'precision': 0.9900744416873449, 'recall': 0.9975, 'f1-score': 0.9937733499377336, 'support': 400.0}, 'Keylogging': {'precision': 0.9795918367346939, 'recall': 0.96, 'f1-score': 0.9696969696969697, 'support': 200.0}, 'OS_Fingerprint': {'precision': 0.8108108108108109, 'recall': 0.9, 'f1-score': 0.8530805687203792, 'support': 200.0}, 'Service_Scan': {'precision': 0.9034090909090909, 'recall': 0.795, 'f1-score': 0.8457446808510638, 'support': 200.0}, 'TCP': {'precision': 0.9974747474747475, 'recall': 0.9875, 'f1-score': 0.992462311557789, 'support': 400.0}, 'UDP': {'precision': 0.9975062344139651, 'recall': 1.0, 'f1-score': 0.9987515605493134, 'support': 400.0}, 'accuracy': 0.9604743083003953, 'macro avg': {'precision': 0.9299786215621768, 'recall': 0.9427083333333334, 'f1-score': 0.9349703487443322, 'support': 2024.0}, 'weighted avg': {'precision': 0.9618039352415909, 'recall': 0.9604743083003953, 'f1-score': 0.9604876114015916, 'support': 2024.0}}","[[197   0   0   1   2   0   0   0]
 [  1  22   0   1   0   0   0   0]
 [  1   0 399   0   0   0   0   0]
 [  2   5   1 192   0   0   0   0]
 [  0   1   1   1 180  16   0   1]
 [  1   0   0   0  39 159   1   0]
 [  0   0   2   1   1   1 395   0]
 [  0   0   0   0   0   0   0 400]]",2.2804086208343506,0.0007905960083007812
83,BoT_IoT,0,None,QuantileTransformer,LGBM,0.9742411216120669,-1,-1,99.45652173913044,96.82291666666667,0.3105590062111801,96.91353718474328,96.86143698735104,-1,"{'0Normal': {'precision': 0.9850746268656716, 'recall': 0.99, 'f1-score': 0.9875311720698254, 'support': 200.0}, 'Data_Exfiltration': {'precision': 0.9583333333333334, 'recall': 0.9583333333333334, 'f1-score': 0.9583333333333334, 'support': 24.0}, 'HTTP': {'precision': 0.9975, 'recall': 0.9975, 'f1-score': 0.9975, 'support': 400.0}, 'Keylogging': {'precision': 0.9949748743718593, 'recall': 0.99, 'f1-score': 0.9924812030075189, 'support': 200.0}, 'OS_Fingerprint': {'precision': 0.8975609756097561, 'recall': 0.92, 'f1-score': 0.908641975308642, 'support': 200.0}, 'Service_Scan': {'precision': 0.9270833333333334, 'recall': 0.89, 'f1-score': 0.9081632653061226, 'support': 200.0}, 'TCP': {'precision': 0.9925558312655087, 'recall': 1.0, 'f1-score': 0.9962640099626401, 'support': 400.0}, 'UDP': {'precision': 1.0, 'recall': 1.0, 'f1-score': 1.0, 'support': 400.0}, 'accuracy': 0.9782608695652174, 'macro avg': {'precision': 0.9691353718474328, 'recall': 0.9682291666666667, 'f1-score': 0.9686143698735104, 'support': 2024.0}, 'weighted avg': {'precision': 0.9782416475011501, 'recall': 0.9782608695652174, 'f1-score': 0.9781962090531018, 'support': 2024.0}}","[[198   0   0   0   2   0   0   0]
 [  1  23   0   0   0   0   0   0]
 [  1   0 399   0   0   0   0   0]
 [  1   0   0 198   0   1   0   0]
 [  0   1   1   1 184  13   0   0]
 [  0   0   0   0  19 178   3   0]
 [  0   0   0   0   0   0 400   0]
 [  0   0   0   0   0   0   0 400]]",1.2850935459136963,0.015326738357543945
84,BoT_IoT,0,None,QuantileTransformer,RF,0.962649537692949,-1,-1,99.2094861660079,94.65625,0.4517221908526256,95.7181896969626,95.09517724995644,-1,"{'0Normal': {'precision': 0.9705882352941176, 'recall': 0.99, 'f1-score': 0.9801980198019802, 'support': 200.0}, 'Data_Exfiltration': {'precision': 0.9545454545454546, 'recall': 0.875, 'f1-score': 0.9130434782608695, 'support': 24.0}, 'HTTP': {'precision': 1.0, 'recall': 0.9975, 'f1-score': 0.9987484355444306, 'support': 400.0}, 'Keylogging': {'precision': 0.9899497487437185, 'recall': 0.985, 'f1-score': 0.9874686716791979, 'support': 200.0}, 'OS_Fingerprint': {'precision': 0.8318181818181818, 'recall': 0.915, 'f1-score': 0.8714285714285714, 'support': 200.0}, 'Service_Scan': {'precision': 0.9204545454545454, 'recall': 0.81, 'f1-score': 0.8617021276595745, 'support': 200.0}, 'TCP': {'precision': 0.9900990099009901, 'recall': 1.0, 'f1-score': 0.9950248756218906, 'support': 400.0}, 'UDP': {'precision': 1.0, 'recall': 1.0, 'f1-score': 1.0, 'support': 400.0}, 'accuracy': 0.9683794466403162, 'macro avg': {'precision': 0.957181896969626, 'recall': 0.9465625, 'f1-score': 0.9509517724995644, 'support': 2024.0}, 'weighted avg': {'precision': 0.9691259076737152, 'recall': 0.9683794466403162, 'f1-score': 0.9681728488432085, 'support': 2024.0}}","[[198   0   0   0   2   0   0   0]
 [  2  21   0   1   0   0   0   0]
 [  1   0 399   0   0   0   0   0]
 [  3   0   0 197   0   0   0   0]
 [  0   1   0   1 183  14   1   0]
 [  0   0   0   0  35 162   3   0]
 [  0   0   0   0   0   0 400   0]
 [  0   0   0   0   0   0   0 400]]",0.5236403942108154,0.011799335479736328
85,BoT_IoT,0,None,QuantileTransformer,SGD,0.895372537229047,-1,-1,97.7149209486166,85.03125,1.305759457933371,88.90809816158539,84.86175695014846,-1,"{'0Normal': {'precision': 0.9408866995073891, 'recall': 0.955, 'f1-score': 0.9478908188585607, 'support': 200.0}, 'Data_Exfiltration': {'precision': 0.75, 'recall': 0.625, 'f1-score': 0.6818181818181818, 'support': 24.0}, 'HTTP': {'precision': 0.9796954314720813, 'recall': 0.965, 'f1-score': 0.9722921914357683, 'support': 400.0}, 'Keylogging': {'precision': 0.9393939393939394, 'recall': 0.93, 'f1-score': 0.9346733668341709, 'support': 200.0}, 'OS_Fingerprint': {'precision': 0.609375, 'recall': 0.975, 'f1-score': 0.7499999999999999, 'support': 200.0}, 'Service_Scan': {'precision': 0.9375, 'recall': 0.375, 'f1-score': 0.5357142857142857, 'support': 200.0}, 'TCP': {'precision': 0.9607843137254902, 'recall': 0.98, 'f1-score': 0.9702970297029702, 'support': 400.0}, 'UDP': {'precision': 0.9950124688279302, 'recall': 0.9975, 'f1-score': 0.9962546816479401, 'support': 400.0}, 'accuracy': 0.9085968379446641, 'macro avg': {'precision': 0.8890809816158538, 'recall': 0.8503125, 'f1-score': 0.8486175695014846, 'support': 2024.0}, 'weighted avg': {'precision': 0.9276818247976614, 'recall': 0.9085968379446641, 'f1-score': 0.9019549860472881, 'support': 2024.0}}","[[191   0   0   1   3   1   2   2]
 [  2  15   0   4   3   0   0   0]
 [  7   0 386   1   5   0   1   0]
 [  3   5   2 186   4   0   0   0]
 [  0   0   1   0 195   1   3   0]
 [  0   0   1   5 110  75   9   0]
 [  0   0   4   1   0   3 392   0]
 [  0   0   0   0   0   0   1 399]]",0.07130217552185059,0.000476837158203125
86,BoT_IoT,0,rbf,QuantileTransformer,HHHv2,0.9426220517346509,-1,-1,98.78952569169961,91.40300868652376,0.691699604743083,93.20833333333334,92.17138984051216,-1,"{'0Normal': {'precision': 0.97, 'recall': 0.9847715736040609, 'f1-score': 0.9773299748110831, 'support': 197.0}, 'Data_Exfiltration': {'precision': 0.9166666666666666, 'recall': 0.7333333333333333, 'f1-score': 0.8148148148148148, 'support': 30.0}, 'HTTP': {'precision': 0.995, 'recall': 0.9851485148514851, 'f1-score': 0.9900497512437811, 'support': 404.0}, 'Keylogging': {'precision': 0.97, 'recall': 0.9651741293532339, 'f1-score': 0.9675810473815462, 'support': 201.0}, 'OS_Fingerprint': {'precision': 0.805, 'recall': 0.8429319371727748, 'f1-score': 0.823529411764706, 'support': 191.0}, 'Service_Scan': {'precision': 0.815, 'recall': 0.8232323232323232, 'f1-score': 0.8190954773869347, 'support': 198.0}, 'TCP': {'precision': 0.9875, 'recall': 0.9801488833746899, 'f1-score': 0.9838107098381071, 'support': 403.0}, 'UDP': {'precision': 0.9975, 'recall': 0.9975, 'f1-score': 0.9975, 'support': 400.0}, 'accuracy': 0.9515810276679841, 'macro avg': {'precision': 0.9320833333333334, 'recall': 0.9140300868652376, 'f1-score': 0.9217138984051216, 'support': 2024.0}, 'weighted avg': {'precision': 0.9523851284584981, 'recall': 0.9515810276679841, 'f1-score': 0.9517752360389502, 'support': 2024.0}}","[[194   1   1   0   0   1   0   0]
 [  1  22   0   6   0   1   0   0]
 [  1   0 398   0   0   0   5   0]
 [  2   1   1 194   3   0   0   0]
 [  0   0   0   0 161  30   0   0]
 [  1   0   0   0  34 163   0   0]
 [  0   0   0   0   2   5 395   1]
 [  1   0   0   0   0   0   0 399]]",270.61641240119934,0.11609172821044922
87,BoT_IoT,0,None,QuantileTransformer,KNN,0.9199599276336738,-1,-1,98.30780632411067,89.45833333333333,0.9669678147939018,88.25395239290401,88.64499739707415,-1,"{'0Normal': {'precision': 0.9641025641025641, 'recall': 0.94, 'f1-score': 0.9518987341772152, 'support': 200.0}, 'Data_Exfiltration': {'precision': 0.6333333333333333, 'recall': 0.7916666666666666, 'f1-score': 0.7037037037037038, 'support': 24.0}, 'HTTP': {'precision': 0.9778869778869779, 'recall': 0.995, 'f1-score': 0.9863692688971498, 'support': 400.0}, 'Keylogging': {'precision': 0.9585492227979274, 'recall': 0.925, 'f1-score': 0.9414758269720102, 'support': 200.0}, 'OS_Fingerprint': {'precision': 0.8176470588235294, 'recall': 0.695, 'f1-score': 0.7513513513513512, 'support': 200.0}, 'Service_Scan': {'precision': 0.7410714285714286, 'recall': 0.83, 'f1-score': 0.7830188679245284, 'support': 200.0}, 'TCP': {'precision': 0.9849246231155779, 'recall': 0.98, 'f1-score': 0.9824561403508771, 'support': 400.0}, 'UDP': {'precision': 0.9828009828009828, 'recall': 1.0, 'f1-score': 0.9913258983890954, 'support': 400.0}, 'accuracy': 0.9323122529644269, 'macro avg': {'precision': 0.8825395239290401, 'recall': 0.8945833333333333, 'f1-score': 0.8864499739707414, 'support': 2024.0}, 'weighted avg': {'precision': 0.9336556760773248, 'recall': 0.9323122529644269, 'f1-score': 0.9320644110814026, 'support': 2024.0}}","[[188   0   1   2   2   0   0   7]
 [  1  19   0   4   0   0   0   0]
 [  1   0 398   1   0   0   0   0]
 [  3  10   2 185   0   0   0   0]
 [  0   1   1   1 139  56   2   0]
 [  2   0   0   0  28 166   4   0]
 [  0   0   5   0   1   2 392   0]
 [  0   0   0   0   0   0   0 400]]",0.00045871734619140625,0.009661674499511719
88,BoT_IoT,0,None,QuantileTransformer,LDA,0.8099144654215226,-1,-1,95.96096837944664,79.53125000000001,2.308018068887634,76.46819401470569,75.97247954246707,-1,"{'0Normal': {'precision': 0.806060606060606, 'recall': 0.665, 'f1-score': 0.7287671232876712, 'support': 200.0}, 'Data_Exfiltration': {'precision': 0.3559322033898305, 'recall': 0.875, 'f1-score': 0.5060240963855422, 'support': 24.0}, 'HTTP': {'precision': 0.9646464646464646, 'recall': 0.955, 'f1-score': 0.9597989949748743, 'support': 400.0}, 'Keylogging': {'precision': 0.8888888888888888, 'recall': 0.56, 'f1-score': 0.6871165644171779, 'support': 200.0}, 'OS_Fingerprint': {'precision': 0.5748792270531401, 'recall': 0.595, 'f1-score': 0.5847665847665847, 'support': 200.0}, 'Service_Scan': {'precision': 0.6739130434782609, 'recall': 0.775, 'f1-score': 0.7209302325581396, 'support': 200.0}, 'TCP': {'precision': 0.981675392670157, 'recall': 0.9375, 'f1-score': 0.9590792838874681, 'support': 400.0}, 'UDP': {'precision': 0.8714596949891068, 'recall': 1.0, 'f1-score': 0.9313154831199069, 'support': 400.0}, 'accuracy': 0.8384387351778656, 'macro avg': {'precision': 0.7646819401470568, 'recall': 0.7953125000000001, 'f1-score': 0.7597247954246706, 'support': 2024.0}, 'weighted avg': {'precision': 0.8519779381916138, 'recall': 0.8384387351778656, 'f1-score': 0.8382105652727606, 'support': 2024.0}}","[[133   2   3   0   1   1   1  59]
 [  2  21   0   1   0   0   0   0]
 [ 13   1 382   3   0   0   1   0]
 [  2  30   4 112  52   0   0   0]
 [  0   5   1   2 119  71   2   0]
 [  0   0   0   7  35 155   3   0]
 [ 15   0   6   1   0   3 375   0]
 [  0   0   0   0   0   0   0 400]]",0.0029451847076416016,0.00019049644470214844
89,BoT_IoT,0,None,QuantileTransformer,MLP,0.949263233091389,-1,-1,98.925395256917,91.54166666666667,0.614059853190288,92.40748533173819,91.8487309276816,-1,"{'0Normal': {'precision': 0.9702970297029703, 'recall': 0.98, 'f1-score': 0.9751243781094527, 'support': 200.0}, 'Data_Exfiltration': {'precision': 0.7727272727272727, 'recall': 0.7083333333333334, 'f1-score': 0.7391304347826088, 'support': 24.0}, 'HTTP': {'precision': 0.9900744416873449, 'recall': 0.9975, 'f1-score': 0.9937733499377336, 'support': 400.0}, 'Keylogging': {'precision': 0.9504950495049505, 'recall': 0.96, 'f1-score': 0.9552238805970149, 'support': 200.0}, 'OS_Fingerprint': {'precision': 0.801762114537445, 'recall': 0.91, 'f1-score': 0.8524590163934426, 'support': 200.0}, 'Service_Scan': {'precision': 0.9122807017543859, 'recall': 0.78, 'f1-score': 0.8409703504043127, 'support': 200.0}, 'TCP': {'precision': 0.9949622166246851, 'recall': 0.9875, 'f1-score': 0.9912170639899623, 'support': 400.0}, 'UDP': {'precision': 1.0, 'recall': 1.0, 'f1-score': 1.0, 'support': 400.0}, 'accuracy': 0.9570158102766798, 'macro avg': {'precision': 0.9240748533173818, 'recall': 0.9154166666666668, 'f1-score': 0.918487309276816, 'support': 2024.0}, 'weighted avg': {'precision': 0.9582643759734273, 'recall': 0.9570158102766798, 'f1-score': 0.956764239677226, 'support': 2024.0}}","[[196   0   0   2   2   0   0   0]
 [  1  17   0   6   0   0   0   0]
 [  1   0 399   0   0   0   0   0]
 [  3   4   1 192   0   0   0   0]
 [  0   1   1   1 182  14   1   0]
 [  1   0   0   0  42 156   1   0]
 [  0   0   2   1   1   1 395   0]
 [  0   0   0   0   0   0   0 400]]",1.4542834758758545,0.0006852149963378906
90,BoT_IoT,0,None,QuantileTransformer,LGBM,0.9649677801580402,-1,-1,99.2588932806324,95.82291666666667,0.4234895539243365,96.43427637762409,96.06597790996175,-1,"{'0Normal': {'precision': 0.9850746268656716, 'recall': 0.99, 'f1-score': 0.9875311720698254, 'support': 200.0}, 'Data_Exfiltration': {'precision': 1.0, 'recall': 0.9583333333333334, 'f1-score': 0.9787234042553191, 'support': 24.0}, 'HTTP': {'precision': 0.9975, 'recall': 0.9975, 'f1-score': 0.9975, 'support': 400.0}, 'Keylogging': {'precision': 0.9900497512437811, 'recall': 0.995, 'f1-score': 0.9925187032418954, 'support': 200.0}, 'OS_Fingerprint': {'precision': 0.9101123595505618, 'recall': 0.81, 'f1-score': 0.8571428571428572, 'support': 200.0}, 'Service_Scan': {'precision': 0.8394495412844036, 'recall': 0.915, 'f1-score': 0.8755980861244019, 'support': 200.0}, 'TCP': {'precision': 0.9925558312655087, 'recall': 1.0, 'f1-score': 0.9962640099626401, 'support': 400.0}, 'UDP': {'precision': 1.0, 'recall': 1.0, 'f1-score': 1.0, 'support': 400.0}, 'accuracy': 0.9703557312252964, 'macro avg': {'precision': 0.9643427637762408, 'recall': 0.9582291666666667, 'f1-score': 0.9606597790996174, 'support': 2024.0}, 'weighted avg': {'precision': 0.9708298361141735, 'recall': 0.9703557312252964, 'f1-score': 0.9701349453572035, 'support': 2024.0}}","[[198   0   0   0   2   0   0   0]
 [  1  23   0   0   0   0   0   0]
 [  1   0 399   0   0   0   0   0]
 [  1   0   0 199   0   0   0   0]
 [  0   0   1   2 162  35   0   0]
 [  0   0   0   0  14 183   3   0]
 [  0   0   0   0   0   0 400   0]
 [  0   0   0   0   0   0   0 400]]",1.1381726264953613,0.015108823776245117
91,BoT_IoT,0,None,QuantileTransformer,RF,0.9578392702979206,-1,-1,99.1106719367589,94.61458333333333,0.5081874647092038,94.64980922673178,94.6273059527775,-1,"{'0Normal': {'precision': 0.9753694581280788, 'recall': 0.99, 'f1-score': 0.9826302729528535, 'support': 200.0}, 'Data_Exfiltration': {'precision': 0.9166666666666666, 'recall': 0.9166666666666666, 'f1-score': 0.9166666666666666, 'support': 24.0}, 'HTTP': {'precision': 1.0, 'recall': 0.9975, 'f1-score': 0.9987484355444306, 'support': 400.0}, 'Keylogging': {'precision': 0.9849246231155779, 'recall': 0.98, 'f1-score': 0.9824561403508771, 'support': 200.0}, 'OS_Fingerprint': {'precision': 0.8423645320197044, 'recall': 0.855, 'f1-score': 0.8486352357320099, 'support': 200.0}, 'Service_Scan': {'precision': 0.8601036269430051, 'recall': 0.83, 'f1-score': 0.8447837150127224, 'support': 200.0}, 'TCP': {'precision': 0.9925558312655087, 'recall': 1.0, 'f1-score': 0.9962640099626401, 'support': 400.0}, 'UDP': {'precision': 1.0, 'recall': 1.0, 'f1-score': 1.0, 'support': 400.0}, 'accuracy': 0.9644268774703557, 'macro avg': {'precision': 0.9464980922673177, 'recall': 0.9461458333333334, 'f1-score': 0.9462730595277751, 'support': 2024.0}, 'weighted avg': {'precision': 0.964216788808042, 'recall': 0.9644268774703557, 'f1-score': 0.9642816457571745, 'support': 2024.0}}","[[198   0   0   1   1   0   0   0]
 [  1  22   0   1   0   0   0   0]
 [  1   0 399   0   0   0   0   0]
 [  3   1   0 196   0   0   0   0]
 [  0   1   0   1 171  27   0   0]
 [  0   0   0   0  31 166   3   0]
 [  0   0   0   0   0   0 400   0]
 [  0   0   0   0   0   0   0 400]]",0.3740653991699219,0.011751174926757812
92,BoT_IoT,0,None,QuantileTransformer,SGD,0.8466751406892037,-1,-1,96.5538537549407,77.46875,1.9692264257481649,83.98107808209355,76.00039540918601,-1,"{'0Normal': {'precision': 0.9455445544554455, 'recall': 0.955, 'f1-score': 0.9502487562189055, 'support': 200.0}, 'Data_Exfiltration': {'precision': 0.8, 'recall': 0.5, 'f1-score': 0.6153846153846154, 'support': 24.0}, 'HTTP': {'precision': 0.9678217821782178, 'recall': 0.9775, 'f1-score': 0.972636815920398, 'support': 400.0}, 'Keylogging': {'precision': 0.9503105590062112, 'recall': 0.765, 'f1-score': 0.8476454293628808, 'support': 200.0}, 'OS_Fingerprint': {'precision': 0.625, 'recall': 0.05, 'f1-score': 0.09259259259259259, 'support': 200.0}, 'Service_Scan': {'precision': 0.45933014354066987, 'recall': 0.96, 'f1-score': 0.6213592233009709, 'support': 200.0}, 'TCP': {'precision': 0.972972972972973, 'recall': 0.99, 'f1-score': 0.9814126394052045, 'support': 400.0}, 'UDP': {'precision': 0.9975062344139651, 'recall': 1.0, 'f1-score': 0.9987515605493134, 'support': 400.0}, 'accuracy': 0.8621541501976284, 'macro avg': {'precision': 0.8398107808209354, 'recall': 0.7746875, 'f1-score': 0.7600039540918602, 'support': 2024.0}, 'weighted avg': {'precision': 0.8846627703688378, 'recall': 0.8621541501976284, 'f1-score': 0.8390606904220687, 'support': 2024.0}}","[[191   0   0   1   2   3   2   1]
 [  2  12   1   7   0   2   0   0]
 [  6   0 391   0   2   0   1   0]
 [  3   3   3 153   1  37   0   0]
 [  0   0   3   0  10 184   3   0]
 [  0   0   2   0   1 192   5   0]
 [  0   0   4   0   0   0 396   0]
 [  0   0   0   0   0   0   0 400]]",0.05287432670593262,0.0005159378051757812
93,BoT_IoT,0,poly,QuantileTransformer,HHHv2,0.9180642541887711,-1,-1,98.2707509881423,88.79506610556608,0.9881422924901186,89.79166666666667,89.15207914414245,-1,"{'0Normal': {'precision': 0.86, 'recall': 0.9828571428571429, 'f1-score': 0.9173333333333332, 'support': 175.0}, 'Data_Exfiltration': {'precision': 0.8333333333333334, 'recall': 0.6896551724137931, 'f1-score': 0.7547169811320755, 'support': 29.0}, 'HTTP': {'precision': 0.99, 'recall': 0.9753694581280788, 'f1-score': 0.9826302729528535, 'support': 406.0}, 'Keylogging': {'precision': 0.955, 'recall': 0.9271844660194175, 'f1-score': 0.9408866995073892, 'support': 206.0}, 'OS_Fingerprint': {'precision': 0.785, 'recall': 0.7929292929292929, 'f1-score': 0.7889447236180904, 'support': 198.0}, 'Service_Scan': {'precision': 0.78, 'recall': 0.78, 'f1-score': 0.78, 'support': 200.0}, 'TCP': {'precision': 0.98, 'recall': 0.98, 'f1-score': 0.98, 'support': 400.0}, 'UDP': {'precision': 1.0, 'recall': 0.975609756097561, 'f1-score': 0.9876543209876543, 'support': 410.0}, 'accuracy': 0.9308300395256917, 'macro avg': {'precision': 0.8979166666666667, 'recall': 0.8879506610556608, 'f1-score': 0.8915207914414245, 'support': 2024.0}, 'weighted avg': {'precision': 0.9321969696969696, 'recall': 0.9308300395256917, 'f1-score': 0.930998025486593, 'support': 2024.0}}","[[172   1   2   0   0   0   0   0]
 [  0  20   0   5   1   1   2   0]
 [  4   0 396   1   0   1   4   0]
 [ 11   2   0 191   1   1   0   0]
 [  1   1   2   0 157  37   0   0]
 [  6   0   0   1  36 156   1   0]
 [  2   0   0   0   3   3 392   0]
 [  4   0   0   2   2   1   1 400]]",86.75742030143738,0.11556363105773926
94,BoT_IoT,0,None,QuantileTransformer,KNN,0.694717945705165,-1,-1,93.40415019762845,71.02083333333333,3.769057029926595,67.43685947017019,66.05185045675852,-1,"{'0Normal': {'precision': 0.7299270072992701, 'recall': 0.5, 'f1-score': 0.5934718100890207, 'support': 200.0}, 'Data_Exfiltration': {'precision': 0.3055555555555556, 'recall': 0.9166666666666666, 'f1-score': 0.4583333333333333, 'support': 24.0}, 'HTTP': {'precision': 0.920844327176781, 'recall': 0.8725, 'f1-score': 0.8960205391527599, 'support': 400.0}, 'Keylogging': {'precision': 0.41304347826086957, 'recall': 0.76, 'f1-score': 0.5352112676056338, 'support': 200.0}, 'OS_Fingerprint': {'precision': 0.3794642857142857, 'recall': 0.425, 'f1-score': 0.4009433962264151, 'support': 200.0}, 'Service_Scan': {'precision': 0.696551724137931, 'recall': 0.505, 'f1-score': 0.5855072463768115, 'support': 200.0}, 'TCP': {'precision': 0.9813084112149533, 'recall': 0.7875, 'f1-score': 0.8737864077669903, 'support': 400.0}, 'UDP': {'precision': 0.9682539682539683, 'recall': 0.915, 'f1-score': 0.9408740359897171, 'support': 400.0}, 'accuracy': 0.7361660079051383, 'macro avg': {'precision': 0.6743685947017019, 'recall': 0.7102083333333333, 'f1-score': 0.6605185045675852, 'support': 2024.0}, 'weighted avg': {'precision': 0.7901646813607142, 'recall': 0.7361660079051383, 'f1-score': 0.7501477950708315, 'support': 2024.0}}","[[100   5   7  51  20   5   0  12]
 [  0  22   0   1   1   0   0   0]
 [  4   0 349   1  46   0   0   0]
 [  0  41   7 152   0   0   0   0]
 [  2   4   1  96  85  12   0   0]
 [  5   0   0  63  28 101   3   0]
 [  1   0  15   4  44  21 315   0]
 [ 25   0   0   0   0   6   3 366]]",0.00037360191345214844,0.001913309097290039
95,BoT_IoT,0,None,QuantileTransformer,LDA,0.7779965102701055,-1,-1,95.24456521739131,78.6875,2.717391304347826,74.25853988304036,74.02382537885774,-1,"{'0Normal': {'precision': 0.7588235294117647, 'recall': 0.645, 'f1-score': 0.6972972972972973, 'support': 200.0}, 'Data_Exfiltration': {'precision': 0.28, 'recall': 0.875, 'f1-score': 0.42424242424242425, 'support': 24.0}, 'HTTP': {'precision': 0.9594594594594594, 'recall': 0.8875, 'f1-score': 0.922077922077922, 'support': 400.0}, 'Keylogging': {'precision': 0.8902439024390244, 'recall': 0.73, 'f1-score': 0.8021978021978022, 'support': 200.0}, 'OS_Fingerprint': {'precision': 0.5347985347985348, 'recall': 0.73, 'f1-score': 0.6173361522198733, 'support': 200.0}, 'Service_Scan': {'precision': 0.6649484536082474, 'recall': 0.645, 'f1-score': 0.6548223350253808, 'support': 200.0}, 'TCP': {'precision': 0.9845679012345679, 'recall': 0.7975, 'f1-score': 0.8812154696132597, 'support': 400.0}, 'UDP': {'precision': 0.8678414096916299, 'recall': 0.985, 'f1-score': 0.9227166276346604, 'support': 400.0}, 'accuracy': 0.8097826086956522, 'macro avg': {'precision': 0.7425853988304035, 'recall': 0.786875, 'f1-score': 0.7402382537885774, 'support': 2024.0}, 'weighted avg': {'precision': 0.8405288499040401, 'recall': 0.8097826086956522, 'f1-score': 0.817646513468491, 'support': 2024.0}}","[[129   1   0   5   3   2   0  60]
 [  2  21   0   1   0   0   0   0]
 [ 15   6 355   9  15   0   0   0]
 [  2  46   2 146   0   4   0   0]
 [  0   1   1   0 146  50   2   0]
 [  1   0   0   2  65 129   3   0]
 [ 21   0  12   1  44   3 319   0]
 [  0   0   0   0   0   6   0 394]]",0.0007691383361816406,0.00030875205993652344
96,BoT_IoT,0,None,QuantileTransformer,MLP,0.8609177818298865,-1,-1,97.04792490118577,85.61458333333334,1.686900056465274,80.85967450404458,81.92773673407463,-1,"{'0Normal': {'precision': 0.900990099009901, 'recall': 0.91, 'f1-score': 0.9054726368159204, 'support': 200.0}, 'Data_Exfiltration': {'precision': 0.41509433962264153, 'recall': 0.9166666666666666, 'f1-score': 0.5714285714285715, 'support': 24.0}, 'HTTP': {'precision': 0.9765625, 'recall': 0.9375, 'f1-score': 0.9566326530612245, 'support': 400.0}, 'Keylogging': {'precision': 0.9714285714285714, 'recall': 0.85, 'f1-score': 0.9066666666666667, 'support': 200.0}, 'OS_Fingerprint': {'precision': 0.5798319327731093, 'recall': 0.69, 'f1-score': 0.6301369863013698, 'support': 200.0}, 'Service_Scan': {'precision': 0.6451612903225806, 'recall': 0.6, 'f1-score': 0.6217616580310881, 'support': 200.0}, 'TCP': {'precision': 0.9922680412371134, 'recall': 0.9625, 'f1-score': 0.9771573604060914, 'support': 400.0}, 'UDP': {'precision': 0.9874371859296482, 'recall': 0.9825, 'f1-score': 0.9849624060150376, 'support': 400.0}, 'accuracy': 0.8819169960474308, 'macro avg': {'precision': 0.8085967450404458, 'recall': 0.8561458333333334, 'f1-score': 0.8192773673407463, 'support': 2024.0}, 'weighted avg': {'precision': 0.8952330700219766, 'recall': 0.8819169960474308, 'f1-score': 0.8863749224655316, 'support': 2024.0}}","[[182   0   1   2   7   3   0   5]
 [  1  22   0   1   0   0   0   0]
 [ 12   0 375   0  13   0   0   0]
 [  0  30   0 170   0   0   0   0]
 [  0   1   1   0 138  59   1   0]
 [  1   0   0   1  76 120   2   0]
 [  0   0   7   1   4   3 385   0]
 [  6   0   0   0   0   1   0 393]]",0.07071089744567871,0.0006473064422607422
97,BoT_IoT,0,None,QuantileTransformer,LGBM,0.9181170918270207,-1,-1,98.2707509881423,90.82291666666666,0.9881422924901186,91.12477162081603,90.86957034096001,-1,"{'0Normal': {'precision': 0.9822485207100592, 'recall': 0.83, 'f1-score': 0.8997289972899729, 'support': 200.0}, 'Data_Exfiltration': {'precision': 0.92, 'recall': 0.9583333333333334, 'f1-score': 0.9387755102040817, 'support': 24.0}, 'HTTP': {'precision': 0.95, 'recall': 0.9975, 'f1-score': 0.9731707317073172, 'support': 400.0}, 'Keylogging': {'precision': 0.9519230769230769, 'recall': 0.99, 'f1-score': 0.9705882352941176, 'support': 200.0}, 'OS_Fingerprint': {'precision': 0.7355769230769231, 'recall': 0.765, 'f1-score': 0.7500000000000001, 'support': 200.0}, 'Service_Scan': {'precision': 0.7552083333333334, 'recall': 0.725, 'f1-score': 0.7397959183673469, 'support': 200.0}, 'TCP': {'precision': 0.9950248756218906, 'recall': 1.0, 'f1-score': 0.9975062344139651, 'support': 400.0}, 'UDP': {'precision': 1.0, 'recall': 1.0, 'f1-score': 1.0, 'support': 400.0}, 'accuracy': 0.9308300395256917, 'macro avg': {'precision': 0.9112477162081604, 'recall': 0.9082291666666666, 'f1-score': 0.9086957034096002, 'support': 2024.0}, 'weighted avg': {'precision': 0.9313642890599974, 'recall': 0.9308300395256917, 'f1-score': 0.9302490261283094, 'support': 2024.0}}","[[166   0  21   8   4   1   0   0]
 [  1  23   0   0   0   0   0   0]
 [  1   0 399   0   0   0   0   0]
 [  0   1   0 198   0   1   0   0]
 [  0   1   0   1 153  45   0   0]
 [  1   0   0   1  51 145   2   0]
 [  0   0   0   0   0   0 400   0]
 [  0   0   0   0   0   0   0 400]]",0.2979395389556885,0.009111404418945312
98,BoT_IoT,0,None,QuantileTransformer,RF,0.9265420067598982,-1,-1,98.43132411067194,91.33333333333333,0.896386222473179,88.15369602597659,88.75240409760505,-1,"{'0Normal': {'precision': 0.9895833333333334, 'recall': 0.95, 'f1-score': 0.9693877551020408, 'support': 200.0}, 'Data_Exfiltration': {'precision': 0.5365853658536586, 'recall': 0.9166666666666666, 'f1-score': 0.676923076923077, 'support': 24.0}, 'HTTP': {'precision': 0.9949494949494949, 'recall': 0.985, 'f1-score': 0.9899497487437187, 'support': 400.0}, 'Keylogging': {'precision': 0.9837837837837838, 'recall': 0.91, 'f1-score': 0.9454545454545455, 'support': 200.0}, 'OS_Fingerprint': {'precision': 0.708171206225681, 'recall': 0.91, 'f1-score': 0.7964989059080964, 'support': 200.0}, 'Service_Scan': {'precision': 0.8466666666666667, 'recall': 0.635, 'f1-score': 0.7257142857142856, 'support': 200.0}, 'TCP': {'precision': 0.9925558312655087, 'recall': 1.0, 'f1-score': 0.9962640099626401, 'support': 400.0}, 'UDP': {'precision': 1.0, 'recall': 1.0, 'f1-score': 1.0, 'support': 400.0}, 'accuracy': 0.9372529644268774, 'macro avg': {'precision': 0.8815369602597659, 'recall': 0.9133333333333333, 'f1-score': 0.8875240409760505, 'support': 2024.0}, 'weighted avg': {'precision': 0.945415601417185, 'recall': 0.9372529644268774, 'f1-score': 0.9378175670773178, 'support': 2024.0}}","[[190   2   2   0   5   1   0   0]
 [  1  22   0   1   0   0   0   0]
 [  1   0 394   0   0   5   0   0]
 [  0  16   0 182   0   2   0   0]
 [  0   1   0   1 182  15   1   0]
 [  0   0   0   1  70 127   2   0]
 [  0   0   0   0   0   0 400   0]
 [  0   0   0   0   0   0   0 400]]",0.06054091453552246,0.010282278060913086
99,BoT_IoT,0,None,QuantileTransformer,NuSVC,0.9014946942431087,-1,-1,97.9001976284585,90.02083333333333,1.1998870694522867,86.96317844358327,87.82254773540441,-1,"{'0Normal': {'precision': 0.905940594059406, 'recall': 0.915, 'f1-score': 0.9104477611940299, 'support': 200.0}, 'Data_Exfiltration': {'precision': 0.6285714285714286, 'recall': 0.9166666666666666, 'f1-score': 0.7457627118644068, 'support': 24.0}, 'HTTP': {'precision': 0.9675, 'recall': 0.9675, 'f1-score': 0.9675, 'support': 400.0}, 'Keylogging': {'precision': 0.949748743718593, 'recall': 0.945, 'f1-score': 0.9473684210526316, 'support': 200.0}, 'OS_Fingerprint': {'precision': 0.6923076923076923, 'recall': 0.9, 'f1-score': 0.7826086956521738, 'support': 200.0}, 'Service_Scan': {'precision': 0.8387096774193549, 'recall': 0.65, 'f1-score': 0.7323943661971831, 'support': 200.0}, 'TCP': {'precision': 0.9892761394101877, 'recall': 0.9225, 'f1-score': 0.9547218628719276, 'support': 400.0}, 'UDP': {'precision': 0.985, 'recall': 0.985, 'f1-score': 0.985, 'support': 400.0}, 'accuracy': 0.91600790513834, 'macro avg': {'precision': 0.8696317844358328, 'recall': 0.9002083333333333, 'f1-score': 0.8782254773540441, 'support': 2024.0}, 'weighted avg': {'precision': 0.9234869128215408, 'recall': 0.91600790513834, 'f1-score': 0.916675345381779, 'support': 2024.0}}","[[183   1   0   2   4   4   0   6]
 [  1  22   0   1   0   0   0   0]
 [  2   0 387   0  11   0   0   0]
 [  0  11   0 189   0   0   0   0]
 [  0   1   1   3 180  14   1   0]
 [  0   0   0   2  65 130   3   0]
 [ 13   0  12   2   0   4 369   0]
 [  3   0   0   0   0   3   0 394]]",0.0019049644470214844,0.009554147720336914
100,BoT_IoT,0,None,QuantileTransformer,SGD,0.6423474378923785,-1,-1,91.92193675889328,59.64583333333333,4.616036137775268,61.30576687912791,56.14964813422373,-1,"{'0Normal': {'precision': 0.24413145539906103, 'recall': 0.78, 'f1-score': 0.3718712753277712, 'support': 200.0}, 'Data_Exfiltration': {'precision': 0.45714285714285713, 'recall': 0.6666666666666666, 'f1-score': 0.5423728813559322, 'support': 24.0}, 'HTTP': {'precision': 0.8795180722891566, 'recall': 0.9125, 'f1-score': 0.8957055214723926, 'support': 400.0}, 'Keylogging': {'precision': 0.46153846153846156, 'recall': 0.09, 'f1-score': 0.1506276150627615, 'support': 200.0}, 'OS_Fingerprint': {'precision': 0.1282051282051282, 'recall': 0.025, 'f1-score': 0.041841004184100423, 'support': 200.0}, 'Service_Scan': {'precision': 0.7785714285714286, 'recall': 0.545, 'f1-score': 0.6411764705882353, 'support': 200.0}, 'TCP': {'precision': 0.9720670391061452, 'recall': 0.87, 'f1-score': 0.9182058047493404, 'support': 400.0}, 'UDP': {'precision': 0.9832869080779945, 'recall': 0.8825, 'f1-score': 0.9301712779973649, 'support': 400.0}, 'accuracy': 0.6768774703557312, 'macro avg': {'precision': 0.6130576687912791, 'recall': 0.5964583333333333, 'f1-score': 0.5614964813422373, 'support': 2024.0}, 'weighted avg': {'precision': 0.7250047090432624, 'recall': 0.6768774703557312, 'f1-score': 0.6678622845221123, 'support': 2024.0}}","[[156   5  26   2   3   2   0   6]
 [  1  16   0   3   0   4   0   0]
 [ 18   0 365   4  10   3   0   0]
 [144  14  17  18   0   7   0   0]
 [170   0   1   7   5  15   2   0]
 [ 78   0   0   5   0 109   8   0]
 [ 25   0   6   0  21   0 348   0]
 [ 47   0   0   0   0   0   0 353]]",0.002241373062133789,0.0003380775451660156
101,BoT_IoT,0,linear,QuantileTransformer,HHHv2,0.7648756464876572,-1,-1,94.91106719367589,73.54337763361377,2.9079616036137774,75.25,70.03349485629533,-1,"{'0Normal': {'precision': 0.665, 'recall': 0.764367816091954, 'f1-score': 0.7112299465240641, 'support': 174.0}, 'Data_Exfiltration': {'precision': 0.875, 'recall': 0.25609756097560976, 'f1-score': 0.39622641509433965, 'support': 82.0}, 'HTTP': {'precision': 0.9425, 'recall': 0.9544303797468354, 'f1-score': 0.9484276729559747, 'support': 395.0}, 'Keylogging': {'precision': 0.55, 'recall': 0.9322033898305084, 'f1-score': 0.6918238993710691, 'support': 118.0}, 'OS_Fingerprint': {'precision': 0.29, 'recall': 0.6590909090909091, 'f1-score': 0.40277777777777773, 'support': 88.0}, 'Service_Scan': {'precision': 0.83, 'recall': 0.47293447293447294, 'f1-score': 0.6025408348457351, 'support': 351.0}, 'TCP': {'precision': 0.885, 'recall': 0.9806094182825484, 'f1-score': 0.9303547963206308, 'support': 361.0}, 'UDP': {'precision': 0.9825, 'recall': 0.8637362637362638, 'f1-score': 0.9192982456140353, 'support': 455.0}, 'accuracy': 0.7964426877470355, 'macro avg': {'precision': 0.7525, 'recall': 0.7354337763361377, 'f1-score': 0.7003349485629533, 'support': 2024.0}, 'weighted avg': {'precision': 0.8438833992094862, 'recall': 0.7964426877470355, 'f1-score': 0.7972251918862403, 'support': 2024.0}}","[[133   2  15   2   0   1  21   0]
 [  1  21   6  46   7   1   0   0]
 [  0   0 377   2   0   0  16   0]
 [  2   1   2 110   0   2   1   0]
 [  0   0   0   0  58  26   4   0]
 [  2   0   0  40 133 166   4   6]
 [  0   0   0   0   2   4 354   1]
 [ 62   0   0   0   0   0   0 393]]",0.005277156829833984,0.006342172622680664
102,BoT_IoT,0,None,QuantileTransformer,KNN,0.9104613370669202,-1,-1,98.11017786561264,88.91666666666667,1.0798983625070582,87.17309008460603,87.86151494654919,-1,"{'0Normal': {'precision': 0.96, 'recall': 0.96, 'f1-score': 0.96, 'support': 200.0}, 'Data_Exfiltration': {'precision': 0.6451612903225806, 'recall': 0.8333333333333334, 'f1-score': 0.7272727272727272, 'support': 24.0}, 'HTTP': {'precision': 0.9754901960784313, 'recall': 0.995, 'f1-score': 0.9851485148514851, 'support': 400.0}, 'Keylogging': {'precision': 0.9635416666666666, 'recall': 0.925, 'f1-score': 0.943877551020408, 'support': 200.0}, 'OS_Fingerprint': {'precision': 0.7403314917127072, 'recall': 0.67, 'f1-score': 0.7034120734908137, 'support': 200.0}, 'Service_Scan': {'precision': 0.7142857142857143, 'recall': 0.75, 'f1-score': 0.7317073170731706, 'support': 200.0}, 'TCP': {'precision': 0.9849624060150376, 'recall': 0.9825, 'f1-score': 0.983729662077597, 'support': 400.0}, 'UDP': {'precision': 0.9900744416873449, 'recall': 0.9975, 'f1-score': 0.9937733499377336, 'support': 400.0}, 'accuracy': 0.924407114624506, 'macro avg': {'precision': 0.8717309008460603, 'recall': 0.8891666666666667, 'f1-score': 0.8786151494654919, 'support': 2024.0}, 'weighted avg': {'precision': 0.9245684105795875, 'recall': 0.924407114624506, 'f1-score': 0.9240684508488884, 'support': 2024.0}}","[[192   0   1   1   2   0   0   4]
 [  1  20   0   3   0   0   0   0]
 [  1   0 398   1   0   0   0   0]
 [  3  10   2 185   0   0   0   0]
 [  0   1   2   2 134  59   2   0]
 [  2   0   0   0  44 150   4   0]
 [  0   0   5   0   1   1 393   0]
 [  1   0   0   0   0   0   0 399]]",0.00044274330139160156,0.008493661880493164
103,BoT_IoT,0,None,QuantileTransformer,LDA,0.8040780538212772,-1,-1,95.81274703557312,76.90625,2.3927159796725017,76.7679000699076,74.8707681334767,-1,"{'0Normal': {'precision': 0.8896103896103896, 'recall': 0.685, 'f1-score': 0.7740112994350283, 'support': 200.0}, 'Data_Exfiltration': {'precision': 0.4, 'recall': 0.75, 'f1-score': 0.5217391304347827, 'support': 24.0}, 'HTTP': {'precision': 0.9720101781170484, 'recall': 0.955, 'f1-score': 0.9634300126103404, 'support': 400.0}, 'Keylogging': {'precision': 0.8, 'recall': 0.42, 'f1-score': 0.5508196721311476, 'support': 200.0}, 'OS_Fingerprint': {'precision': 0.7341040462427746, 'recall': 0.635, 'f1-score': 0.6809651474530831, 'support': 200.0}, 'Service_Scan': {'precision': 0.4899328859060403, 'recall': 0.73, 'f1-score': 0.5863453815261045, 'support': 200.0}, 'TCP': {'precision': 0.9824120603015075, 'recall': 0.9775, 'f1-score': 0.9799498746867169, 'support': 400.0}, 'UDP': {'precision': 0.8733624454148472, 'recall': 1.0, 'f1-score': 0.9324009324009325, 'support': 400.0}, 'accuracy': 0.8325098814229249, 'macro avg': {'precision': 0.7676790006990759, 'recall': 0.7690625, 'f1-score': 0.748707681334767, 'support': 2024.0}, 'weighted avg': {'precision': 0.8515036254373528, 'recall': 0.8325098814229249, 'f1-score': 0.8306632248610195, 'support': 2024.0}}","[[137   1   2   1   2   0   1  56]
 [  2  18   0   4   0   0   0   0]
 [ 13   0 382   4   0   0   1   0]
 [  2  25   3  84   0  86   0   0]
 [  0   1   1   5 127  63   2   1]
 [  0   0   0   6  44 146   3   1]
 [  0   0   5   1   0   3 391   0]
 [  0   0   0   0   0   0   0 400]]",0.0030133724212646484,0.0001895427703857422
104,BoT_IoT,0,None,QuantileTransformer,MLP,0.9463361527749112,-1,-1,98.86363636363636,92.14583333333334,0.6493506493506493,91.96745741124963,91.94894602491918,-1,"{'0Normal': {'precision': 0.9705882352941176, 'recall': 0.99, 'f1-score': 0.9801980198019802, 'support': 200.0}, 'Data_Exfiltration': {'precision': 0.76, 'recall': 0.7916666666666666, 'f1-score': 0.7755102040816326, 'support': 24.0}, 'HTTP': {'precision': 0.9900744416873449, 'recall': 0.9975, 'f1-score': 0.9937733499377336, 'support': 400.0}, 'Keylogging': {'precision': 0.9696969696969697, 'recall': 0.96, 'f1-score': 0.964824120603015, 'support': 200.0}, 'OS_Fingerprint': {'precision': 0.7831858407079646, 'recall': 0.885, 'f1-score': 0.8309859154929577, 'support': 200.0}, 'Service_Scan': {'precision': 0.8888888888888888, 'recall': 0.76, 'f1-score': 0.8194070080862534, 'support': 200.0}, 'TCP': {'precision': 0.9949622166246851, 'recall': 0.9875, 'f1-score': 0.9912170639899623, 'support': 400.0}, 'UDP': {'precision': 1.0, 'recall': 1.0, 'f1-score': 1.0, 'support': 400.0}, 'accuracy': 0.9545454545454546, 'macro avg': {'precision': 0.9196745741124963, 'recall': 0.9214583333333334, 'f1-score': 0.9194894602491919, 'support': 2024.0}, 'weighted avg': {'precision': 0.9558926137561264, 'recall': 0.9545454545454546, 'f1-score': 0.9543929956847228, 'support': 2024.0}}","[[198   0   0   0   2   0   0   0]
 [  1  19   0   4   0   0   0   0]
 [  1   0 399   0   0   0   0   0]
 [  3   5   0 192   0   0   0   0]
 [  0   1   1   1 177  19   1   0]
 [  1   0   0   0  46 152   1   0]
 [  0   0   3   1   1   0 395   0]
 [  0   0   0   0   0   0   0 400]]",1.5305449962615967,0.0006859302520751953
105,BoT_IoT,0,None,QuantileTransformer,LGBM,0.9543172013006012,-1,-1,99.03656126482213,94.72916666666666,0.5505364201016375,94.75318242968828,94.73988718229678,-1,"{'0Normal': {'precision': 0.9800995024875622, 'recall': 0.985, 'f1-score': 0.9825436408977556, 'support': 200.0}, 'Data_Exfiltration': {'precision': 0.9583333333333334, 'recall': 0.9583333333333334, 'f1-score': 0.9583333333333334, 'support': 24.0}, 'HTTP': {'precision': 0.9975, 'recall': 0.9975, 'f1-score': 0.9975, 'support': 400.0}, 'Keylogging': {'precision': 0.9900497512437811, 'recall': 0.995, 'f1-score': 0.9925187032418954, 'support': 200.0}, 'OS_Fingerprint': {'precision': 0.825, 'recall': 0.825, 'f1-score': 0.825, 'support': 200.0}, 'Service_Scan': {'precision': 0.8367346938775511, 'recall': 0.82, 'f1-score': 0.8282828282828283, 'support': 200.0}, 'TCP': {'precision': 0.9925373134328358, 'recall': 0.9975, 'f1-score': 0.9950124688279303, 'support': 400.0}, 'UDP': {'precision': 1.0, 'recall': 1.0, 'f1-score': 1.0, 'support': 400.0}, 'accuracy': 0.9614624505928854, 'macro avg': {'precision': 0.9475318242968829, 'recall': 0.9472916666666666, 'f1-score': 0.9473988718229678, 'support': 2024.0}, 'weighted avg': {'precision': 0.9611619144737714, 'recall': 0.9614624505928854, 'f1-score': 0.9613013942765158, 'support': 2024.0}}","[[197   1   0   0   2   0   0   0]
 [  1  23   0   0   0   0   0   0]
 [  1   0 399   0   0   0   0   0]
 [  1   0   0 199   0   0   0   0]
 [  0   0   1   2 165  32   0   0]
 [  0   0   0   0  33 164   3   0]
 [  1   0   0   0   0   0 399   0]
 [  0   0   0   0   0   0   0 400]]",0.9603540897369385,0.010831356048583984
106,BoT_IoT,0,None,QuantileTransformer,RF,0.9567520090200219,-1,-1,99.08596837944664,94.48958333333333,0.5223037831733484,94.59005345627737,94.49356304578835,-1,"{'0Normal': {'precision': 0.9754901960784313, 'recall': 0.995, 'f1-score': 0.9851485148514851, 'support': 200.0}, 'Data_Exfiltration': {'precision': 0.9166666666666666, 'recall': 0.9166666666666666, 'f1-score': 0.9166666666666666, 'support': 24.0}, 'HTTP': {'precision': 1.0, 'recall': 0.9975, 'f1-score': 0.9987484355444306, 'support': 400.0}, 'Keylogging': {'precision': 0.98989898989899, 'recall': 0.98, 'f1-score': 0.9849246231155778, 'support': 200.0}, 'OS_Fingerprint': {'precision': 0.8148148148148148, 'recall': 0.88, 'f1-score': 0.8461538461538461, 'support': 200.0}, 'Service_Scan': {'precision': 0.8777777777777778, 'recall': 0.79, 'f1-score': 0.831578947368421, 'support': 200.0}, 'TCP': {'precision': 0.9925558312655087, 'recall': 1.0, 'f1-score': 0.9962640099626401, 'support': 400.0}, 'UDP': {'precision': 1.0, 'recall': 1.0, 'f1-score': 1.0, 'support': 400.0}, 'accuracy': 0.9634387351778656, 'macro avg': {'precision': 0.9459005345627737, 'recall': 0.9448958333333333, 'f1-score': 0.9449356304578834, 'support': 2024.0}, 'weighted avg': {'precision': 0.9637444111759913, 'recall': 0.9634387351778656, 'f1-score': 0.9632243895754419, 'support': 2024.0}}","[[199   0   0   0   1   0   0   0]
 [  1  22   0   1   0   0   0   0]
 [  1   0 399   0   0   0   0   0]
 [  3   1   0 196   0   0   0   0]
 [  0   1   0   1 176  22   0   0]
 [  0   0   0   0  39 158   3   0]
 [  0   0   0   0   0   0 400   0]
 [  0   0   0   0   0   0   0 400]]",0.3665587902069092,0.011070013046264648
107,BoT_IoT,0,None,QuantileTransformer,SGD,0.8380775910751271,-1,-1,96.41798418972331,79.65625,2.04686617730096,77.2672744104072,75.03922934514696,-1,"{'0Normal': {'precision': 0.9095238095238095, 'recall': 0.955, 'f1-score': 0.9317073170731708, 'support': 200.0}, 'Data_Exfiltration': {'precision': 0.4186046511627907, 'recall': 0.75, 'f1-score': 0.5373134328358209, 'support': 24.0}, 'HTTP': {'precision': 0.9652605459057072, 'recall': 0.9725, 'f1-score': 0.9688667496886675, 'support': 400.0}, 'Keylogging': {'precision': 0.9862068965517241, 'recall': 0.715, 'f1-score': 0.8289855072463769, 'support': 200.0}, 'OS_Fingerprint': {'precision': 0.45454545454545453, 'recall': 0.075, 'f1-score': 0.12875536480686695, 'support': 200.0}, 'Service_Scan': {'precision': 0.4816753926701571, 'recall': 0.92, 'f1-score': 0.6323024054982818, 'support': 200.0}, 'TCP': {'precision': 0.9680589680589681, 'recall': 0.985, 'f1-score': 0.976456009913259, 'support': 400.0}, 'UDP': {'precision': 0.9975062344139651, 'recall': 1.0, 'f1-score': 0.9987515605493134, 'support': 400.0}, 'accuracy': 0.8567193675889329, 'macro avg': {'precision': 0.7726727441040719, 'recall': 0.7965625000000001, 'f1-score': 0.7503922934514696, 'support': 2024.0}, 'weighted avg': {'precision': 0.8640153763031583, 'recall': 0.8567193675889329, 'f1-score': 0.837389016488881, 'support': 2024.0}}","[[191   0   2   0   3   2   1   1]
 [  2  18   1   1   2   0   0   0]
 [  5   0 389   0   5   0   1   0]
 [  3  25   3 143   7  19   0   0]
 [  4   0   2   0  15 177   2   0]
 [  5   0   1   0   1 184   9   0]
 [  0   0   5   1   0   0 394   0]
 [  0   0   0   0   0   0   0 400]]",0.065643310546875,0.0004794597625732422
108,BoT_IoT,0,sigmoid,QuantileTransformer,HHHv2,0.3022035362563605,-1,-1,85.01729249011858,36.061307096908955,8.56154714850367,36.572916666666664,34.91178185851488,-1,"{'0Normal': {'precision': 0.41, 'recall': 0.3474576271186441, 'f1-score': 0.3761467889908257, 'support': 236.0}, 'Data_Exfiltration': {'precision': 0.20833333333333334, 'recall': 0.03759398496240601, 'f1-score': 0.06369426751592357, 'support': 133.0}, 'HTTP': {'precision': 0.4, 'recall': 0.418848167539267, 'f1-score': 0.4092071611253197, 'support': 382.0}, 'Keylogging': {'precision': 0.46, 'recall': 0.45098039215686275, 'f1-score': 0.45544554455445546, 'support': 204.0}, 'OS_Fingerprint': {'precision': 0.175, 'recall': 0.19662921348314608, 'f1-score': 0.1851851851851852, 'support': 178.0}, 'Service_Scan': {'precision': 0.36, 'recall': 0.3157894736842105, 'f1-score': 0.3364485981308411, 'support': 228.0}, 'TCP': {'precision': 0.615, 'recall': 0.537117903930131, 'f1-score': 0.5734265734265734, 'support': 458.0}, 'UDP': {'precision': 0.2975, 'recall': 0.5804878048780487, 'f1-score': 0.3933884297520661, 'support': 205.0}, 'accuracy': 0.4006916996047431, 'macro avg': {'precision': 0.36572916666666666, 'recall': 0.36061307096908957, 'f1-score': 0.3491178185851488, 'support': 2024.0}, 'weighted avg': {'precision': 0.408594779314888, 'recall': 0.4006916996047431, 'f1-score': 0.39496899628743704, 'support': 2024.0}}","[[ 82   4  34   2   5   6  46  57]
 [ 11   5  40   6  12   9  21  29]
 [ 10   5 160  20  50  39  26  72]
 [  2   2  22  92  30  38   3  15]
 [  5   1  40  56  35  16   7  18]
 [  7   1  28   8  51  72  24  37]
 [ 66   5  54   9  13  12 246  53]
 [ 17   1  22   7   4   8  27 119]]",83.28806757926941,0.06504940986633301
109,BoT_IoT,-1,None,QuantileTransformer,KNN,0.9357197822584035,-1,-1,98.6413043478261,91.60416666666666,0.7763975155279503,90.64140919394998,90.95510977932581,-1,"{'0Normal': {'precision': 0.9689119170984456, 'recall': 0.935, 'f1-score': 0.9516539440203563, 'support': 200.0}, 'Data_Exfiltration': {'precision': 0.6896551724137931, 'recall': 0.8333333333333334, 'f1-score': 0.7547169811320755, 'support': 24.0}, 'HTTP': {'precision': 0.9754901960784313, 'recall': 0.995, 'f1-score': 0.9851485148514851, 'support': 400.0}, 'Keylogging': {'precision': 0.96875, 'recall': 0.93, 'f1-score': 0.9489795918367346, 'support': 200.0}, 'OS_Fingerprint': {'precision': 0.7918552036199095, 'recall': 0.875, 'f1-score': 0.8313539192399051, 'support': 200.0}, 'Service_Scan': {'precision': 0.8914285714285715, 'recall': 0.78, 'f1-score': 0.8320000000000001, 'support': 200.0}, 'TCP': {'precision': 0.98, 'recall': 0.98, 'f1-score': 0.98, 'support': 400.0}, 'UDP': {'precision': 0.9852216748768473, 'recall': 1.0, 'f1-score': 0.9925558312655086, 'support': 400.0}, 'accuracy': 0.9456521739130435, 'macro avg': {'precision': 0.9064140919394998, 'recall': 0.9160416666666666, 'f1-score': 0.9095510977932582, 'support': 2024.0}, 'weighted avg': {'precision': 0.947147040982919, 'recall': 0.9456521739130435, 'f1-score': 0.9456484372595684, 'support': 2024.0}}","[[187   0   1   2   4   0   0   6]
 [  2  20   0   2   0   0   0   0]
 [  1   0 398   1   0   0   0   0]
 [  3   8   2 186   1   0   0   0]
 [  0   1   2   1 175  18   3   0]
 [  0   0   0   0  39 156   5   0]
 [  0   0   5   0   2   1 392   0]
 [  0   0   0   0   0   0   0 400]]",0.0004181861877441406,0.0130615234375
110,BoT_IoT,-1,None,QuantileTransformer,LDA,0.8792871927089992,-1,-1,97.44318181818183,86.625,1.461038961038961,82.25141181339366,82.83617217359533,-1,"{'0Normal': {'precision': 0.9025641025641026, 'recall': 0.88, 'f1-score': 0.8911392405063291, 'support': 200.0}, 'Data_Exfiltration': {'precision': 0.3333333333333333, 'recall': 0.875, 'f1-score': 0.48275862068965514, 'support': 24.0}, 'HTTP': {'precision': 0.9547738693467337, 'recall': 0.95, 'f1-score': 0.9523809523809523, 'support': 400.0}, 'Keylogging': {'precision': 0.9415204678362573, 'recall': 0.805, 'f1-score': 0.8679245283018868, 'support': 200.0}, 'OS_Fingerprint': {'precision': 0.74, 'recall': 0.74, 'f1-score': 0.74, 'support': 200.0}, 'Service_Scan': {'precision': 0.7621621621621621, 'recall': 0.705, 'f1-score': 0.7324675324675325, 'support': 200.0}, 'TCP': {'precision': 0.9701492537313433, 'recall': 0.975, 'f1-score': 0.972568578553616, 'support': 400.0}, 'UDP': {'precision': 0.975609756097561, 'recall': 1.0, 'f1-score': 0.9876543209876543, 'support': 400.0}, 'accuracy': 0.8977272727272727, 'macro avg': {'precision': 0.8225141181339366, 'recall': 0.86625, 'f1-score': 0.8283617217359533, 'support': 2024.0}, 'weighted avg': {'precision': 0.9078372026594662, 'recall': 0.8977272727272727, 'f1-score': 0.9006590948224261, 'support': 2024.0}}","[[176   2   4   0   7   1   2   8]
 [  2  21   1   0   0   0   0   0]
 [ 12   6 380   0   1   0   1   0]
 [  2  30   7 161   0   0   0   0]
 [  3   4   1   2 148  39   2   1]
 [  0   0   0   7  44 141   7   1]
 [  0   0   5   1   0   4 390   0]
 [  0   0   0   0   0   0   0 400]]",0.004855155944824219,0.0002033710479736328
111,BoT_IoT,-1,None,QuantileTransformer,MLP,0.9511980432197773,-1,-1,98.96245059288538,93.10416666666667,0.592885375494071,92.78393671930729,92.73092561679577,-1,"{'0Normal': {'precision': 0.9800995024875622, 'recall': 0.985, 'f1-score': 0.9825436408977556, 'support': 200.0}, 'Data_Exfiltration': {'precision': 0.7692307692307693, 'recall': 0.8333333333333334, 'f1-score': 0.8, 'support': 24.0}, 'HTTP': {'precision': 0.9900744416873449, 'recall': 0.9975, 'f1-score': 0.9937733499377336, 'support': 400.0}, 'Keylogging': {'precision': 0.964824120603015, 'recall': 0.96, 'f1-score': 0.9624060150375939, 'support': 200.0}, 'OS_Fingerprint': {'precision': 0.788135593220339, 'recall': 0.93, 'f1-score': 0.8532110091743119, 'support': 200.0}, 'Service_Scan': {'precision': 0.937888198757764, 'recall': 0.755, 'f1-score': 0.8365650969529086, 'support': 200.0}, 'TCP': {'precision': 0.992462311557789, 'recall': 0.9875, 'f1-score': 0.9899749373433584, 'support': 400.0}, 'UDP': {'precision': 1.0, 'recall': 1.0, 'f1-score': 1.0, 'support': 400.0}, 'accuracy': 0.958498023715415, 'macro avg': {'precision': 0.9278393671930729, 'recall': 0.9310416666666668, 'f1-score': 0.9273092561679577, 'support': 2024.0}, 'weighted avg': {'precision': 0.9612972938603398, 'recall': 0.958498023715415, 'f1-score': 0.9583223652791258, 'support': 2024.0}}","[[197   0   0   1   2   0   0   0]
 [  1  20   0   3   0   0   0   0]
 [  1   0 399   0   0   0   0   0]
 [  2   5   1 192   0   0   0   0]
 [  0   1   1   1 186  10   1   0]
 [  0   0   0   0  47 151   2   0]
 [  0   0   2   2   1   0 395   0]
 [  0   0   0   0   0   0   0 400]]",1.9512686729431152,0.000701904296875
112,BoT_IoT,-1,None,QuantileTransformer,LGBM,0.9754112353686667,-1,-1,99.48122529644269,96.97916666666666,0.2964426877470355,97.00910146240643,96.98922345075391,-1,"{'0Normal': {'precision': 0.9705882352941176, 'recall': 0.99, 'f1-score': 0.9801980198019802, 'support': 200.0}, 'Data_Exfiltration': {'precision': 0.9583333333333334, 'recall': 0.9583333333333334, 'f1-score': 0.9583333333333334, 'support': 24.0}, 'HTTP': {'precision': 1.0, 'recall': 0.9975, 'f1-score': 0.9987484355444306, 'support': 400.0}, 'Keylogging': {'precision': 0.9949494949494949, 'recall': 0.985, 'f1-score': 0.9899497487437187, 'support': 200.0}, 'OS_Fingerprint': {'precision': 0.9113300492610837, 'recall': 0.925, 'f1-score': 0.9181141439205954, 'support': 200.0}, 'Service_Scan': {'precision': 0.9329896907216495, 'recall': 0.905, 'f1-score': 0.918781725888325, 'support': 200.0}, 'TCP': {'precision': 0.9925373134328358, 'recall': 0.9975, 'f1-score': 0.9950124688279303, 'support': 400.0}, 'UDP': {'precision': 1.0, 'recall': 1.0, 'f1-score': 1.0, 'support': 400.0}, 'accuracy': 0.9792490118577075, 'macro avg': {'precision': 0.9700910146240643, 'recall': 0.9697916666666666, 'f1-score': 0.9698922345075391, 'support': 2024.0}, 'weighted avg': {'precision': 0.9792423020841914, 'recall': 0.9792490118577075, 'f1-score': 0.979206071847761, 'support': 2024.0}}","[[198   0   0   0   2   0   0   0]
 [  1  23   0   0   0   0   0   0]
 [  1   0 399   0   0   0   0   0]
 [  2   0   0 197   0   1   0   0]
 [  1   1   0   1 185  12   0   0]
 [  0   0   0   0  16 181   3   0]
 [  1   0   0   0   0   0 399   0]
 [  0   0   0   0   0   0   0 400]]",1.3400957584381104,0.011965274810791016
113,BoT_IoT,-1,None,QuantileTransformer,RF,0.963262948535425,-1,-1,99.22183794466403,94.71875,0.4446640316205534,95.34996911808652,94.94500483716396,-1,"{'0Normal': {'precision': 0.9705882352941176, 'recall': 0.99, 'f1-score': 0.9801980198019802, 'support': 200.0}, 'Data_Exfiltration': {'precision': 0.9130434782608695, 'recall': 0.875, 'f1-score': 0.8936170212765957, 'support': 24.0}, 'HTTP': {'precision': 1.0, 'recall': 0.9975, 'f1-score': 0.9987484355444306, 'support': 400.0}, 'Keylogging': {'precision': 0.98989898989899, 'recall': 0.98, 'f1-score': 0.9849246231155778, 'support': 200.0}, 'OS_Fingerprint': {'precision': 0.8333333333333334, 'recall': 0.925, 'f1-score': 0.8767772511848342, 'support': 200.0}, 'Service_Scan': {'precision': 0.9310344827586207, 'recall': 0.81, 'f1-score': 0.8663101604278076, 'support': 200.0}, 'TCP': {'precision': 0.9900990099009901, 'recall': 1.0, 'f1-score': 0.9950248756218906, 'support': 400.0}, 'UDP': {'precision': 1.0, 'recall': 1.0, 'f1-score': 1.0, 'support': 400.0}, 'accuracy': 0.9688735177865613, 'macro avg': {'precision': 0.9534996911808652, 'recall': 0.9471875000000001, 'f1-score': 0.9494500483716396, 'support': 2024.0}, 'weighted avg': {'precision': 0.9698239405611013, 'recall': 0.9688735177865613, 'f1-score': 0.9686749722743117, 'support': 2024.0}}","[[198   0   0   0   2   0   0   0]
 [  2  21   0   1   0   0   0   0]
 [  1   0 399   0   0   0   0   0]
 [  3   1   0 196   0   0   0   0]
 [  0   1   0   1 185  12   1   0]
 [  0   0   0   0  35 162   3   0]
 [  0   0   0   0   0   0 400   0]
 [  0   0   0   0   0   0   0 400]]",0.6596763134002686,0.011708498001098633
114,BoT_IoT,-1,None,QuantileTransformer,SGD,0.9204892517910286,-1,-1,98.29545454545455,88.79166666666667,0.974025974025974,89.7590836309907,88.58935235598861,-1,"{'0Normal': {'precision': 0.9362745098039216, 'recall': 0.955, 'f1-score': 0.9455445544554456, 'support': 200.0}, 'Data_Exfiltration': {'precision': 0.7083333333333334, 'recall': 0.7083333333333334, 'f1-score': 0.7083333333333334, 'support': 24.0}, 'HTTP': {'precision': 0.9797979797979798, 'recall': 0.97, 'f1-score': 0.9748743718592964, 'support': 400.0}, 'Keylogging': {'precision': 0.9346733668341709, 'recall': 0.93, 'f1-score': 0.9323308270676693, 'support': 200.0}, 'OS_Fingerprint': {'precision': 0.7164179104477612, 'recall': 0.96, 'f1-score': 0.8205128205128206, 'support': 200.0}, 'Service_Scan': {'precision': 0.9375, 'recall': 0.6, 'f1-score': 0.7317073170731707, 'support': 200.0}, 'TCP': {'precision': 0.9727047146401985, 'recall': 0.98, 'f1-score': 0.9763387297633873, 'support': 400.0}, 'UDP': {'precision': 0.9950248756218906, 'recall': 1.0, 'f1-score': 0.9975062344139651, 'support': 400.0}, 'accuracy': 0.9318181818181818, 'macro avg': {'precision': 0.897590836309907, 'recall': 0.8879166666666667, 'f1-score': 0.885893523559886, 'support': 2024.0}, 'weighted avg': {'precision': 0.9392214354946632, 'recall': 0.9318181818181818, 'f1-score': 0.9300923113816605, 'support': 2024.0}}","[[191   0   0   1   2   2   2   2]
 [  2  17   0   4   1   0   0   0]
 [  8   0 388   1   1   0   2   0]
 [  3   7   2 186   2   0   0   0]
 [  0   0   2   0 192   3   3   0]
 [  0   0   0   6  70 120   4   0]
 [  0   0   4   1   0   3 392   0]
 [  0   0   0   0   0   0   0 400]]",0.08463263511657715,0.0004143714904785156
115,BoT_IoT,-1,None,QuantileTransformer,HHHv2,0.8648734470447222,-1,-1,97.14673913043478,75.16809507839585,1.6304347826086956,75.40625000000001,75.10053060863993,-1,"{'0Normal': {'precision': 0.85, 'recall': 0.8808290155440415, 'f1-score': 0.8651399491094147, 'support': 193.0}, 'Data_Exfiltration': {'precision': 0.0, 'recall': 0.0, 'f1-score': 0.0, 'support': 7.0}, 'HTTP': {'precision': 0.9625, 'recall': 0.9390243902439024, 'f1-score': 0.9506172839506174, 'support': 410.0}, 'Keylogging': {'precision': 0.905, 'recall': 0.861904761904762, 'f1-score': 0.8829268292682927, 'support': 210.0}, 'OS_Fingerprint': {'precision': 0.58, 'recall': 0.7388535031847133, 'f1-score': 0.6498599439775911, 'support': 157.0}, 'Service_Scan': {'precision': 0.765, 'recall': 0.6566523605150214, 'f1-score': 0.7066974595842956, 'support': 233.0}, 'TCP': {'precision': 0.97, 'recall': 0.97, 'f1-score': 0.97, 'support': 400.0}, 'UDP': {'precision': 1.0, 'recall': 0.966183574879227, 'f1-score': 0.9828009828009828, 'support': 414.0}, 'accuracy': 0.8858695652173914, 'macro avg': {'precision': 0.7540625000000001, 'recall': 0.7516809507839585, 'f1-score': 0.7510053060863993, 'support': 2024.0}, 'weighted avg': {'precision': 0.8992243083003952, 'recall': 0.8858695652173914, 'f1-score': 0.8911600083554552, 'support': 2024.0}}","[[170   2  13   3   4   1   0   0]
 [  0   0   0   7   0   0   0   0]
 [  5   1 385   9   4   0   6   0]
 [  3  21   0 181   0   4   1   0]
 [  8   0   1   0 116  32   0   0]
 [  2   0   0   0  73 153   5   0]
 [  1   0   1   0   2   8 388   0]
 [ 11   0   0   0   1   2   0 400]]",429.34267497062683,0.015116691589355469
116,BoT_IoT,-1,None,QuantileTransformer,KNN,0.9357197822584035,-1,-1,98.6413043478261,91.60416666666666,0.7763975155279503,90.64140919394998,90.95510977932581,-1,"{'0Normal': {'precision': 0.9689119170984456, 'recall': 0.935, 'f1-score': 0.9516539440203563, 'support': 200.0}, 'Data_Exfiltration': {'precision': 0.6896551724137931, 'recall': 0.8333333333333334, 'f1-score': 0.7547169811320755, 'support': 24.0}, 'HTTP': {'precision': 0.9754901960784313, 'recall': 0.995, 'f1-score': 0.9851485148514851, 'support': 400.0}, 'Keylogging': {'precision': 0.96875, 'recall': 0.93, 'f1-score': 0.9489795918367346, 'support': 200.0}, 'OS_Fingerprint': {'precision': 0.7918552036199095, 'recall': 0.875, 'f1-score': 0.8313539192399051, 'support': 200.0}, 'Service_Scan': {'precision': 0.8914285714285715, 'recall': 0.78, 'f1-score': 0.8320000000000001, 'support': 200.0}, 'TCP': {'precision': 0.98, 'recall': 0.98, 'f1-score': 0.98, 'support': 400.0}, 'UDP': {'precision': 0.9852216748768473, 'recall': 1.0, 'f1-score': 0.9925558312655086, 'support': 400.0}, 'accuracy': 0.9456521739130435, 'macro avg': {'precision': 0.9064140919394998, 'recall': 0.9160416666666666, 'f1-score': 0.9095510977932582, 'support': 2024.0}, 'weighted avg': {'precision': 0.947147040982919, 'recall': 0.9456521739130435, 'f1-score': 0.9456484372595684, 'support': 2024.0}}","[[187   0   1   2   4   0   0   6]
 [  2  20   0   2   0   0   0   0]
 [  1   0 398   1   0   0   0   0]
 [  3   8   2 186   1   0   0   0]
 [  0   1   2   1 175  18   3   0]
 [  0   0   0   0  39 156   5   0]
 [  0   0   5   0   2   1 392   0]
 [  0   0   0   0   0   0   0 400]]",0.00044536590576171875,0.014786005020141602
117,BoT_IoT,-1,None,QuantileTransformer,LDA,0.8792871927089992,-1,-1,97.44318181818183,86.625,1.461038961038961,82.25141181339366,82.83617217359533,-1,"{'0Normal': {'precision': 0.9025641025641026, 'recall': 0.88, 'f1-score': 0.8911392405063291, 'support': 200.0}, 'Data_Exfiltration': {'precision': 0.3333333333333333, 'recall': 0.875, 'f1-score': 0.48275862068965514, 'support': 24.0}, 'HTTP': {'precision': 0.9547738693467337, 'recall': 0.95, 'f1-score': 0.9523809523809523, 'support': 400.0}, 'Keylogging': {'precision': 0.9415204678362573, 'recall': 0.805, 'f1-score': 0.8679245283018868, 'support': 200.0}, 'OS_Fingerprint': {'precision': 0.74, 'recall': 0.74, 'f1-score': 0.74, 'support': 200.0}, 'Service_Scan': {'precision': 0.7621621621621621, 'recall': 0.705, 'f1-score': 0.7324675324675325, 'support': 200.0}, 'TCP': {'precision': 0.9701492537313433, 'recall': 0.975, 'f1-score': 0.972568578553616, 'support': 400.0}, 'UDP': {'precision': 0.975609756097561, 'recall': 1.0, 'f1-score': 0.9876543209876543, 'support': 400.0}, 'accuracy': 0.8977272727272727, 'macro avg': {'precision': 0.8225141181339366, 'recall': 0.86625, 'f1-score': 0.8283617217359533, 'support': 2024.0}, 'weighted avg': {'precision': 0.9078372026594662, 'recall': 0.8977272727272727, 'f1-score': 0.9006590948224261, 'support': 2024.0}}","[[176   2   4   0   7   1   2   8]
 [  2  21   1   0   0   0   0   0]
 [ 12   6 380   0   1   0   1   0]
 [  2  30   7 161   0   0   0   0]
 [  3   4   1   2 148  39   2   1]
 [  0   0   0   7  44 141   7   1]
 [  0   0   5   1   0   4 390   0]
 [  0   0   0   0   0   0   0 400]]",0.009870529174804688,0.0004856586456298828
118,BoT_IoT,-1,None,QuantileTransformer,MLP,0.9511980432197773,-1,-1,98.96245059288538,93.10416666666667,0.592885375494071,92.78393671930729,92.73092561679577,-1,"{'0Normal': {'precision': 0.9800995024875622, 'recall': 0.985, 'f1-score': 0.9825436408977556, 'support': 200.0}, 'Data_Exfiltration': {'precision': 0.7692307692307693, 'recall': 0.8333333333333334, 'f1-score': 0.8, 'support': 24.0}, 'HTTP': {'precision': 0.9900744416873449, 'recall': 0.9975, 'f1-score': 0.9937733499377336, 'support': 400.0}, 'Keylogging': {'precision': 0.964824120603015, 'recall': 0.96, 'f1-score': 0.9624060150375939, 'support': 200.0}, 'OS_Fingerprint': {'precision': 0.788135593220339, 'recall': 0.93, 'f1-score': 0.8532110091743119, 'support': 200.0}, 'Service_Scan': {'precision': 0.937888198757764, 'recall': 0.755, 'f1-score': 0.8365650969529086, 'support': 200.0}, 'TCP': {'precision': 0.992462311557789, 'recall': 0.9875, 'f1-score': 0.9899749373433584, 'support': 400.0}, 'UDP': {'precision': 1.0, 'recall': 1.0, 'f1-score': 1.0, 'support': 400.0}, 'accuracy': 0.958498023715415, 'macro avg': {'precision': 0.9278393671930729, 'recall': 0.9310416666666668, 'f1-score': 0.9273092561679577, 'support': 2024.0}, 'weighted avg': {'precision': 0.9612972938603398, 'recall': 0.958498023715415, 'f1-score': 0.9583223652791258, 'support': 2024.0}}","[[197   0   0   1   2   0   0   0]
 [  1  20   0   3   0   0   0   0]
 [  1   0 399   0   0   0   0   0]
 [  2   5   1 192   0   0   0   0]
 [  0   1   1   1 186  10   1   0]
 [  0   0   0   0  47 151   2   0]
 [  0   0   2   2   1   0 395   0]
 [  0   0   0   0   0   0   0 400]]",1.989933967590332,0.02725672721862793
119,BoT_IoT,-1,None,QuantileTransformer,LGBM,0.9754112353686667,-1,-1,99.48122529644269,96.97916666666666,0.2964426877470355,97.00910146240643,96.98922345075391,-1,"{'0Normal': {'precision': 0.9705882352941176, 'recall': 0.99, 'f1-score': 0.9801980198019802, 'support': 200.0}, 'Data_Exfiltration': {'precision': 0.9583333333333334, 'recall': 0.9583333333333334, 'f1-score': 0.9583333333333334, 'support': 24.0}, 'HTTP': {'precision': 1.0, 'recall': 0.9975, 'f1-score': 0.9987484355444306, 'support': 400.0}, 'Keylogging': {'precision': 0.9949494949494949, 'recall': 0.985, 'f1-score': 0.9899497487437187, 'support': 200.0}, 'OS_Fingerprint': {'precision': 0.9113300492610837, 'recall': 0.925, 'f1-score': 0.9181141439205954, 'support': 200.0}, 'Service_Scan': {'precision': 0.9329896907216495, 'recall': 0.905, 'f1-score': 0.918781725888325, 'support': 200.0}, 'TCP': {'precision': 0.9925373134328358, 'recall': 0.9975, 'f1-score': 0.9950124688279303, 'support': 400.0}, 'UDP': {'precision': 1.0, 'recall': 1.0, 'f1-score': 1.0, 'support': 400.0}, 'accuracy': 0.9792490118577075, 'macro avg': {'precision': 0.9700910146240643, 'recall': 0.9697916666666666, 'f1-score': 0.9698922345075391, 'support': 2024.0}, 'weighted avg': {'precision': 0.9792423020841914, 'recall': 0.9792490118577075, 'f1-score': 0.979206071847761, 'support': 2024.0}}","[[198   0   0   0   2   0   0   0]
 [  1  23   0   0   0   0   0   0]
 [  1   0 399   0   0   0   0   0]
 [  2   0   0 197   0   1   0   0]
 [  1   1   0   1 185  12   0   0]
 [  0   0   0   0  16 181   3   0]
 [  1   0   0   0   0   0 399   0]
 [  0   0   0   0   0   0   0 400]]",1.3938980102539062,0.022499561309814453
120,BoT_IoT,-1,None,QuantileTransformer,RF,0.963262948535425,-1,-1,99.22183794466403,94.71875,0.4446640316205534,95.34996911808652,94.94500483716396,-1,"{'0Normal': {'precision': 0.9705882352941176, 'recall': 0.99, 'f1-score': 0.9801980198019802, 'support': 200.0}, 'Data_Exfiltration': {'precision': 0.9130434782608695, 'recall': 0.875, 'f1-score': 0.8936170212765957, 'support': 24.0}, 'HTTP': {'precision': 1.0, 'recall': 0.9975, 'f1-score': 0.9987484355444306, 'support': 400.0}, 'Keylogging': {'precision': 0.98989898989899, 'recall': 0.98, 'f1-score': 0.9849246231155778, 'support': 200.0}, 'OS_Fingerprint': {'precision': 0.8333333333333334, 'recall': 0.925, 'f1-score': 0.8767772511848342, 'support': 200.0}, 'Service_Scan': {'precision': 0.9310344827586207, 'recall': 0.81, 'f1-score': 0.8663101604278076, 'support': 200.0}, 'TCP': {'precision': 0.9900990099009901, 'recall': 1.0, 'f1-score': 0.9950248756218906, 'support': 400.0}, 'UDP': {'precision': 1.0, 'recall': 1.0, 'f1-score': 1.0, 'support': 400.0}, 'accuracy': 0.9688735177865613, 'macro avg': {'precision': 0.9534996911808652, 'recall': 0.9471875000000001, 'f1-score': 0.9494500483716396, 'support': 2024.0}, 'weighted avg': {'precision': 0.9698239405611013, 'recall': 0.9688735177865613, 'f1-score': 0.9686749722743117, 'support': 2024.0}}","[[198   0   0   0   2   0   0   0]
 [  2  21   0   1   0   0   0   0]
 [  1   0 399   0   0   0   0   0]
 [  3   1   0 196   0   0   0   0]
 [  0   1   0   1 185  12   1   0]
 [  0   0   0   0  35 162   3   0]
 [  0   0   0   0   0   0 400   0]
 [  0   0   0   0   0   0   0 400]]",0.6761181354522705,0.01190948486328125
121,BoT_IoT,-1,None,QuantileTransformer,SGD,0.9204892517910286,-1,-1,98.29545454545455,88.79166666666667,0.974025974025974,89.7590836309907,88.58935235598861,-1,"{'0Normal': {'precision': 0.9362745098039216, 'recall': 0.955, 'f1-score': 0.9455445544554456, 'support': 200.0}, 'Data_Exfiltration': {'precision': 0.7083333333333334, 'recall': 0.7083333333333334, 'f1-score': 0.7083333333333334, 'support': 24.0}, 'HTTP': {'precision': 0.9797979797979798, 'recall': 0.97, 'f1-score': 0.9748743718592964, 'support': 400.0}, 'Keylogging': {'precision': 0.9346733668341709, 'recall': 0.93, 'f1-score': 0.9323308270676693, 'support': 200.0}, 'OS_Fingerprint': {'precision': 0.7164179104477612, 'recall': 0.96, 'f1-score': 0.8205128205128206, 'support': 200.0}, 'Service_Scan': {'precision': 0.9375, 'recall': 0.6, 'f1-score': 0.7317073170731707, 'support': 200.0}, 'TCP': {'precision': 0.9727047146401985, 'recall': 0.98, 'f1-score': 0.9763387297633873, 'support': 400.0}, 'UDP': {'precision': 0.9950248756218906, 'recall': 1.0, 'f1-score': 0.9975062344139651, 'support': 400.0}, 'accuracy': 0.9318181818181818, 'macro avg': {'precision': 0.897590836309907, 'recall': 0.8879166666666667, 'f1-score': 0.885893523559886, 'support': 2024.0}, 'weighted avg': {'precision': 0.9392214354946632, 'recall': 0.9318181818181818, 'f1-score': 0.9300923113816605, 'support': 2024.0}}","[[191   0   0   1   2   2   2   2]
 [  2  17   0   4   1   0   0   0]
 [  8   0 388   1   1   0   2   0]
 [  3   7   2 186   2   0   0   0]
 [  0   0   2   0 192   3   3   0]
 [  0   0   0   6  70 120   4   0]
 [  0   0   4   1   0   3 392   0]
 [  0   0   0   0   0   0   0 400]]",0.09224510192871094,0.0005121231079101562
122,BoT_IoT,-1,rbf,QuantileTransformer,HHHv2,0.9473968517705064,-1,-1,98.88833992094862,92.52675720667068,0.6352343308865048,93.77083333333334,93.03413197187756,-1,"{'0Normal': {'precision': 0.975, 'recall': 0.9848484848484849, 'f1-score': 0.9798994974874371, 'support': 198.0}, 'Data_Exfiltration': {'precision': 0.9166666666666666, 'recall': 0.7857142857142857, 'f1-score': 0.8461538461538461, 'support': 28.0}, 'HTTP': {'precision': 0.995, 'recall': 0.9851485148514851, 'f1-score': 0.9900497512437811, 'support': 404.0}, 'Keylogging': {'precision': 0.965, 'recall': 0.965, 'f1-score': 0.965, 'support': 200.0}, 'OS_Fingerprint': {'precision': 0.885, 'recall': 0.8194444444444444, 'f1-score': 0.8509615384615384, 'support': 216.0}, 'Service_Scan': {'precision': 0.785, 'recall': 0.8820224719101124, 'f1-score': 0.8306878306878306, 'support': 178.0}, 'TCP': {'precision': 0.98, 'recall': 0.9824561403508771, 'f1-score': 0.981226533166458, 'support': 399.0}, 'UDP': {'precision': 1.0, 'recall': 0.9975062344139651, 'f1-score': 0.9987515605493134, 'support': 401.0}, 'accuracy': 0.9555335968379447, 'macro avg': {'precision': 0.9377083333333334, 'recall': 0.9252675720667068, 'f1-score': 0.9303413197187755, 'support': 2024.0}, 'weighted avg': {'precision': 0.9568214756258234, 'recall': 0.9555335968379447, 'f1-score': 0.9557170930736786, 'support': 2024.0}}","[[195   1   1   1   0   0   0   0]
 [  0  22   0   5   0   1   0   0]
 [  0   0 398   0   1   0   5   0]
 [  1   1   1 193   2   1   1   0]
 [  1   0   0   0 177  36   2   0]
 [  2   0   0   1  18 157   0   0]
 [  0   0   0   0   2   5 392   0]
 [  1   0   0   0   0   0   0 400]]",408.8421244621277,0.15621042251586914
123,BoT_IoT,-1,None,QuantileTransformer,KNN,0.9357197822584035,-1,-1,98.6413043478261,91.60416666666666,0.7763975155279503,90.64140919394998,90.95510977932581,-1,"{'0Normal': {'precision': 0.9689119170984456, 'recall': 0.935, 'f1-score': 0.9516539440203563, 'support': 200.0}, 'Data_Exfiltration': {'precision': 0.6896551724137931, 'recall': 0.8333333333333334, 'f1-score': 0.7547169811320755, 'support': 24.0}, 'HTTP': {'precision': 0.9754901960784313, 'recall': 0.995, 'f1-score': 0.9851485148514851, 'support': 400.0}, 'Keylogging': {'precision': 0.96875, 'recall': 0.93, 'f1-score': 0.9489795918367346, 'support': 200.0}, 'OS_Fingerprint': {'precision': 0.7918552036199095, 'recall': 0.875, 'f1-score': 0.8313539192399051, 'support': 200.0}, 'Service_Scan': {'precision': 0.8914285714285715, 'recall': 0.78, 'f1-score': 0.8320000000000001, 'support': 200.0}, 'TCP': {'precision': 0.98, 'recall': 0.98, 'f1-score': 0.98, 'support': 400.0}, 'UDP': {'precision': 0.9852216748768473, 'recall': 1.0, 'f1-score': 0.9925558312655086, 'support': 400.0}, 'accuracy': 0.9456521739130435, 'macro avg': {'precision': 0.9064140919394998, 'recall': 0.9160416666666666, 'f1-score': 0.9095510977932582, 'support': 2024.0}, 'weighted avg': {'precision': 0.947147040982919, 'recall': 0.9456521739130435, 'f1-score': 0.9456484372595684, 'support': 2024.0}}","[[187   0   1   2   4   0   0   6]
 [  2  20   0   2   0   0   0   0]
 [  1   0 398   1   0   0   0   0]
 [  3   8   2 186   1   0   0   0]
 [  0   1   2   1 175  18   3   0]
 [  0   0   0   0  39 156   5   0]
 [  0   0   5   0   2   1 392   0]
 [  0   0   0   0   0   0   0 400]]",0.00041747093200683594,0.01062774658203125
124,BoT_IoT,-1,None,QuantileTransformer,LDA,0.8792871927089992,-1,-1,97.44318181818183,86.625,1.461038961038961,82.25141181339366,82.83617217359533,-1,"{'0Normal': {'precision': 0.9025641025641026, 'recall': 0.88, 'f1-score': 0.8911392405063291, 'support': 200.0}, 'Data_Exfiltration': {'precision': 0.3333333333333333, 'recall': 0.875, 'f1-score': 0.48275862068965514, 'support': 24.0}, 'HTTP': {'precision': 0.9547738693467337, 'recall': 0.95, 'f1-score': 0.9523809523809523, 'support': 400.0}, 'Keylogging': {'precision': 0.9415204678362573, 'recall': 0.805, 'f1-score': 0.8679245283018868, 'support': 200.0}, 'OS_Fingerprint': {'precision': 0.74, 'recall': 0.74, 'f1-score': 0.74, 'support': 200.0}, 'Service_Scan': {'precision': 0.7621621621621621, 'recall': 0.705, 'f1-score': 0.7324675324675325, 'support': 200.0}, 'TCP': {'precision': 0.9701492537313433, 'recall': 0.975, 'f1-score': 0.972568578553616, 'support': 400.0}, 'UDP': {'precision': 0.975609756097561, 'recall': 1.0, 'f1-score': 0.9876543209876543, 'support': 400.0}, 'accuracy': 0.8977272727272727, 'macro avg': {'precision': 0.8225141181339366, 'recall': 0.86625, 'f1-score': 0.8283617217359533, 'support': 2024.0}, 'weighted avg': {'precision': 0.9078372026594662, 'recall': 0.8977272727272727, 'f1-score': 0.9006590948224261, 'support': 2024.0}}","[[176   2   4   0   7   1   2   8]
 [  2  21   1   0   0   0   0   0]
 [ 12   6 380   0   1   0   1   0]
 [  2  30   7 161   0   0   0   0]
 [  3   4   1   2 148  39   2   1]
 [  0   0   0   7  44 141   7   1]
 [  0   0   5   1   0   4 390   0]
 [  0   0   0   0   0   0   0 400]]",0.004704952239990234,0.00019478797912597656
125,BoT_IoT,-1,None,QuantileTransformer,MLP,0.9511980432197773,-1,-1,98.96245059288538,93.10416666666667,0.592885375494071,92.78393671930729,92.73092561679577,-1,"{'0Normal': {'precision': 0.9800995024875622, 'recall': 0.985, 'f1-score': 0.9825436408977556, 'support': 200.0}, 'Data_Exfiltration': {'precision': 0.7692307692307693, 'recall': 0.8333333333333334, 'f1-score': 0.8, 'support': 24.0}, 'HTTP': {'precision': 0.9900744416873449, 'recall': 0.9975, 'f1-score': 0.9937733499377336, 'support': 400.0}, 'Keylogging': {'precision': 0.964824120603015, 'recall': 0.96, 'f1-score': 0.9624060150375939, 'support': 200.0}, 'OS_Fingerprint': {'precision': 0.788135593220339, 'recall': 0.93, 'f1-score': 0.8532110091743119, 'support': 200.0}, 'Service_Scan': {'precision': 0.937888198757764, 'recall': 0.755, 'f1-score': 0.8365650969529086, 'support': 200.0}, 'TCP': {'precision': 0.992462311557789, 'recall': 0.9875, 'f1-score': 0.9899749373433584, 'support': 400.0}, 'UDP': {'precision': 1.0, 'recall': 1.0, 'f1-score': 1.0, 'support': 400.0}, 'accuracy': 0.958498023715415, 'macro avg': {'precision': 0.9278393671930729, 'recall': 0.9310416666666668, 'f1-score': 0.9273092561679577, 'support': 2024.0}, 'weighted avg': {'precision': 0.9612972938603398, 'recall': 0.958498023715415, 'f1-score': 0.9583223652791258, 'support': 2024.0}}","[[197   0   0   1   2   0   0   0]
 [  1  20   0   3   0   0   0   0]
 [  1   0 399   0   0   0   0   0]
 [  2   5   1 192   0   0   0   0]
 [  0   1   1   1 186  10   1   0]
 [  0   0   0   0  47 151   2   0]
 [  0   0   2   2   1   0 395   0]
 [  0   0   0   0   0   0   0 400]]",1.9746026992797852,0.00067901611328125
126,BoT_IoT,-1,None,QuantileTransformer,LGBM,0.9754112353686667,-1,-1,99.48122529644269,96.97916666666666,0.2964426877470355,97.00910146240643,96.98922345075391,-1,"{'0Normal': {'precision': 0.9705882352941176, 'recall': 0.99, 'f1-score': 0.9801980198019802, 'support': 200.0}, 'Data_Exfiltration': {'precision': 0.9583333333333334, 'recall': 0.9583333333333334, 'f1-score': 0.9583333333333334, 'support': 24.0}, 'HTTP': {'precision': 1.0, 'recall': 0.9975, 'f1-score': 0.9987484355444306, 'support': 400.0}, 'Keylogging': {'precision': 0.9949494949494949, 'recall': 0.985, 'f1-score': 0.9899497487437187, 'support': 200.0}, 'OS_Fingerprint': {'precision': 0.9113300492610837, 'recall': 0.925, 'f1-score': 0.9181141439205954, 'support': 200.0}, 'Service_Scan': {'precision': 0.9329896907216495, 'recall': 0.905, 'f1-score': 0.918781725888325, 'support': 200.0}, 'TCP': {'precision': 0.9925373134328358, 'recall': 0.9975, 'f1-score': 0.9950124688279303, 'support': 400.0}, 'UDP': {'precision': 1.0, 'recall': 1.0, 'f1-score': 1.0, 'support': 400.0}, 'accuracy': 0.9792490118577075, 'macro avg': {'precision': 0.9700910146240643, 'recall': 0.9697916666666666, 'f1-score': 0.9698922345075391, 'support': 2024.0}, 'weighted avg': {'precision': 0.9792423020841914, 'recall': 0.9792490118577075, 'f1-score': 0.979206071847761, 'support': 2024.0}}","[[198   0   0   0   2   0   0   0]
 [  1  23   0   0   0   0   0   0]
 [  1   0 399   0   0   0   0   0]
 [  2   0   0 197   0   1   0   0]
 [  1   1   0   1 185  12   0   0]
 [  0   0   0   0  16 181   3   0]
 [  1   0   0   0   0   0 399   0]
 [  0   0   0   0   0   0   0 400]]",1.3723783493041992,0.02896261215209961
127,BoT_IoT,-1,None,QuantileTransformer,RF,0.963262948535425,-1,-1,99.22183794466403,94.71875,0.4446640316205534,95.34996911808652,94.94500483716396,-1,"{'0Normal': {'precision': 0.9705882352941176, 'recall': 0.99, 'f1-score': 0.9801980198019802, 'support': 200.0}, 'Data_Exfiltration': {'precision': 0.9130434782608695, 'recall': 0.875, 'f1-score': 0.8936170212765957, 'support': 24.0}, 'HTTP': {'precision': 1.0, 'recall': 0.9975, 'f1-score': 0.9987484355444306, 'support': 400.0}, 'Keylogging': {'precision': 0.98989898989899, 'recall': 0.98, 'f1-score': 0.9849246231155778, 'support': 200.0}, 'OS_Fingerprint': {'precision': 0.8333333333333334, 'recall': 0.925, 'f1-score': 0.8767772511848342, 'support': 200.0}, 'Service_Scan': {'precision': 0.9310344827586207, 'recall': 0.81, 'f1-score': 0.8663101604278076, 'support': 200.0}, 'TCP': {'precision': 0.9900990099009901, 'recall': 1.0, 'f1-score': 0.9950248756218906, 'support': 400.0}, 'UDP': {'precision': 1.0, 'recall': 1.0, 'f1-score': 1.0, 'support': 400.0}, 'accuracy': 0.9688735177865613, 'macro avg': {'precision': 0.9534996911808652, 'recall': 0.9471875000000001, 'f1-score': 0.9494500483716396, 'support': 2024.0}, 'weighted avg': {'precision': 0.9698239405611013, 'recall': 0.9688735177865613, 'f1-score': 0.9686749722743117, 'support': 2024.0}}","[[198   0   0   0   2   0   0   0]
 [  2  21   0   1   0   0   0   0]
 [  1   0 399   0   0   0   0   0]
 [  3   1   0 196   0   0   0   0]
 [  0   1   0   1 185  12   1   0]
 [  0   0   0   0  35 162   3   0]
 [  0   0   0   0   0   0 400   0]
 [  0   0   0   0   0   0   0 400]]",0.6688711643218994,0.011792182922363281
128,BoT_IoT,-1,None,QuantileTransformer,SGD,0.9204892517910286,-1,-1,98.29545454545455,88.79166666666667,0.974025974025974,89.7590836309907,88.58935235598861,-1,"{'0Normal': {'precision': 0.9362745098039216, 'recall': 0.955, 'f1-score': 0.9455445544554456, 'support': 200.0}, 'Data_Exfiltration': {'precision': 0.7083333333333334, 'recall': 0.7083333333333334, 'f1-score': 0.7083333333333334, 'support': 24.0}, 'HTTP': {'precision': 0.9797979797979798, 'recall': 0.97, 'f1-score': 0.9748743718592964, 'support': 400.0}, 'Keylogging': {'precision': 0.9346733668341709, 'recall': 0.93, 'f1-score': 0.9323308270676693, 'support': 200.0}, 'OS_Fingerprint': {'precision': 0.7164179104477612, 'recall': 0.96, 'f1-score': 0.8205128205128206, 'support': 200.0}, 'Service_Scan': {'precision': 0.9375, 'recall': 0.6, 'f1-score': 0.7317073170731707, 'support': 200.0}, 'TCP': {'precision': 0.9727047146401985, 'recall': 0.98, 'f1-score': 0.9763387297633873, 'support': 400.0}, 'UDP': {'precision': 0.9950248756218906, 'recall': 1.0, 'f1-score': 0.9975062344139651, 'support': 400.0}, 'accuracy': 0.9318181818181818, 'macro avg': {'precision': 0.897590836309907, 'recall': 0.8879166666666667, 'f1-score': 0.885893523559886, 'support': 2024.0}, 'weighted avg': {'precision': 0.9392214354946632, 'recall': 0.9318181818181818, 'f1-score': 0.9300923113816605, 'support': 2024.0}}","[[191   0   0   1   2   2   2   2]
 [  2  17   0   4   1   0   0   0]
 [  8   0 388   1   1   0   2   0]
 [  3   7   2 186   2   0   0   0]
 [  0   0   2   0 192   3   3   0]
 [  0   0   0   6  70 120   4   0]
 [  0   0   4   1   0   3 392   0]
 [  0   0   0   0   0   0   0 400]]",0.08477449417114258,0.0004405975341796875
129,BoT_IoT,-1,poly,QuantileTransformer,HHHv2,0.927271245261088,-1,-1,98.45602766798419,89.76326586871915,0.8822699040090344,91.77083333333333,90.293835001258,-1,"{'0Normal': {'precision': 0.885, 'recall': 0.9672131147540983, 'f1-score': 0.9242819843342036, 'support': 183.0}, 'Data_Exfiltration': {'precision': 0.9166666666666666, 'recall': 0.6666666666666666, 'f1-score': 0.7719298245614035, 'support': 33.0}, 'HTTP': {'precision': 0.9825, 'recall': 0.9800498753117207, 'f1-score': 0.9812734082397004, 'support': 401.0}, 'Keylogging': {'precision': 0.96, 'recall': 0.96, 'f1-score': 0.96, 'support': 200.0}, 'OS_Fingerprint': {'precision': 0.9, 'recall': 0.75, 'f1-score': 0.8181818181818182, 'support': 240.0}, 'Service_Scan': {'precision': 0.72, 'recall': 0.8944099378881988, 'f1-score': 0.7977839335180055, 'support': 161.0}, 'TCP': {'precision': 0.9775, 'recall': 0.9775, 'f1-score': 0.9775, 'support': 400.0}, 'UDP': {'precision': 1.0, 'recall': 0.9852216748768473, 'f1-score': 0.9925558312655086, 'support': 406.0}, 'accuracy': 0.9382411067193676, 'macro avg': {'precision': 0.9177083333333333, 'recall': 0.8976326586871914, 'f1-score': 0.90293835001258, 'support': 2024.0}, 'weighted avg': {'precision': 0.9422467885375494, 'recall': 0.9382411067193676, 'f1-score': 0.9381879650205718, 'support': 2024.0}}","[[177   0   2   0   0   0   4   0]
 [  2  22   0   5   4   0   0   0]
 [  4   0 393   0   0   1   3   0]
 [  1   1   4 192   1   1   0   0]
 [  7   0   1   2 180  50   0   0]
 [  4   0   0   0  12 144   1   0]
 [  2   1   0   0   2   4 391   0]
 [  3   0   0   1   1   0   1 400]]",407.88027358055115,0.18591713905334473
130,BoT_IoT,-1,None,QuantileTransformer,KNN,0.9357197822584035,-1,-1,98.6413043478261,91.60416666666666,0.7763975155279503,90.64140919394998,90.95510977932581,-1,"{'0Normal': {'precision': 0.9689119170984456, 'recall': 0.935, 'f1-score': 0.9516539440203563, 'support': 200.0}, 'Data_Exfiltration': {'precision': 0.6896551724137931, 'recall': 0.8333333333333334, 'f1-score': 0.7547169811320755, 'support': 24.0}, 'HTTP': {'precision': 0.9754901960784313, 'recall': 0.995, 'f1-score': 0.9851485148514851, 'support': 400.0}, 'Keylogging': {'precision': 0.96875, 'recall': 0.93, 'f1-score': 0.9489795918367346, 'support': 200.0}, 'OS_Fingerprint': {'precision': 0.7918552036199095, 'recall': 0.875, 'f1-score': 0.8313539192399051, 'support': 200.0}, 'Service_Scan': {'precision': 0.8914285714285715, 'recall': 0.78, 'f1-score': 0.8320000000000001, 'support': 200.0}, 'TCP': {'precision': 0.98, 'recall': 0.98, 'f1-score': 0.98, 'support': 400.0}, 'UDP': {'precision': 0.9852216748768473, 'recall': 1.0, 'f1-score': 0.9925558312655086, 'support': 400.0}, 'accuracy': 0.9456521739130435, 'macro avg': {'precision': 0.9064140919394998, 'recall': 0.9160416666666666, 'f1-score': 0.9095510977932582, 'support': 2024.0}, 'weighted avg': {'precision': 0.947147040982919, 'recall': 0.9456521739130435, 'f1-score': 0.9456484372595684, 'support': 2024.0}}","[[187   0   1   2   4   0   0   6]
 [  2  20   0   2   0   0   0   0]
 [  1   0 398   1   0   0   0   0]
 [  3   8   2 186   1   0   0   0]
 [  0   1   2   1 175  18   3   0]
 [  0   0   0   0  39 156   5   0]
 [  0   0   5   0   2   1 392   0]
 [  0   0   0   0   0   0   0 400]]",0.0004317760467529297,0.010709047317504883
131,BoT_IoT,-1,None,QuantileTransformer,LDA,0.8792871927089992,-1,-1,97.44318181818183,86.625,1.461038961038961,82.25141181339366,82.83617217359533,-1,"{'0Normal': {'precision': 0.9025641025641026, 'recall': 0.88, 'f1-score': 0.8911392405063291, 'support': 200.0}, 'Data_Exfiltration': {'precision': 0.3333333333333333, 'recall': 0.875, 'f1-score': 0.48275862068965514, 'support': 24.0}, 'HTTP': {'precision': 0.9547738693467337, 'recall': 0.95, 'f1-score': 0.9523809523809523, 'support': 400.0}, 'Keylogging': {'precision': 0.9415204678362573, 'recall': 0.805, 'f1-score': 0.8679245283018868, 'support': 200.0}, 'OS_Fingerprint': {'precision': 0.74, 'recall': 0.74, 'f1-score': 0.74, 'support': 200.0}, 'Service_Scan': {'precision': 0.7621621621621621, 'recall': 0.705, 'f1-score': 0.7324675324675325, 'support': 200.0}, 'TCP': {'precision': 0.9701492537313433, 'recall': 0.975, 'f1-score': 0.972568578553616, 'support': 400.0}, 'UDP': {'precision': 0.975609756097561, 'recall': 1.0, 'f1-score': 0.9876543209876543, 'support': 400.0}, 'accuracy': 0.8977272727272727, 'macro avg': {'precision': 0.8225141181339366, 'recall': 0.86625, 'f1-score': 0.8283617217359533, 'support': 2024.0}, 'weighted avg': {'precision': 0.9078372026594662, 'recall': 0.8977272727272727, 'f1-score': 0.9006590948224261, 'support': 2024.0}}","[[176   2   4   0   7   1   2   8]
 [  2  21   1   0   0   0   0   0]
 [ 12   6 380   0   1   0   1   0]
 [  2  30   7 161   0   0   0   0]
 [  3   4   1   2 148  39   2   1]
 [  0   0   0   7  44 141   7   1]
 [  0   0   5   1   0   4 390   0]
 [  0   0   0   0   0   0   0 400]]",0.0048716068267822266,0.0002014636993408203
132,BoT_IoT,-1,None,QuantileTransformer,MLP,0.9511980432197773,-1,-1,98.96245059288538,93.10416666666667,0.592885375494071,92.78393671930729,92.73092561679577,-1,"{'0Normal': {'precision': 0.9800995024875622, 'recall': 0.985, 'f1-score': 0.9825436408977556, 'support': 200.0}, 'Data_Exfiltration': {'precision': 0.7692307692307693, 'recall': 0.8333333333333334, 'f1-score': 0.8, 'support': 24.0}, 'HTTP': {'precision': 0.9900744416873449, 'recall': 0.9975, 'f1-score': 0.9937733499377336, 'support': 400.0}, 'Keylogging': {'precision': 0.964824120603015, 'recall': 0.96, 'f1-score': 0.9624060150375939, 'support': 200.0}, 'OS_Fingerprint': {'precision': 0.788135593220339, 'recall': 0.93, 'f1-score': 0.8532110091743119, 'support': 200.0}, 'Service_Scan': {'precision': 0.937888198757764, 'recall': 0.755, 'f1-score': 0.8365650969529086, 'support': 200.0}, 'TCP': {'precision': 0.992462311557789, 'recall': 0.9875, 'f1-score': 0.9899749373433584, 'support': 400.0}, 'UDP': {'precision': 1.0, 'recall': 1.0, 'f1-score': 1.0, 'support': 400.0}, 'accuracy': 0.958498023715415, 'macro avg': {'precision': 0.9278393671930729, 'recall': 0.9310416666666668, 'f1-score': 0.9273092561679577, 'support': 2024.0}, 'weighted avg': {'precision': 0.9612972938603398, 'recall': 0.958498023715415, 'f1-score': 0.9583223652791258, 'support': 2024.0}}","[[197   0   0   1   2   0   0   0]
 [  1  20   0   3   0   0   0   0]
 [  1   0 399   0   0   0   0   0]
 [  2   5   1 192   0   0   0   0]
 [  0   1   1   1 186  10   1   0]
 [  0   0   0   0  47 151   2   0]
 [  0   0   2   2   1   0 395   0]
 [  0   0   0   0   0   0   0 400]]",1.9742422103881836,0.0006878376007080078
133,BoT_IoT,-1,None,QuantileTransformer,LGBM,0.9754112353686667,-1,-1,99.48122529644269,96.97916666666666,0.2964426877470355,97.00910146240643,96.98922345075391,-1,"{'0Normal': {'precision': 0.9705882352941176, 'recall': 0.99, 'f1-score': 0.9801980198019802, 'support': 200.0}, 'Data_Exfiltration': {'precision': 0.9583333333333334, 'recall': 0.9583333333333334, 'f1-score': 0.9583333333333334, 'support': 24.0}, 'HTTP': {'precision': 1.0, 'recall': 0.9975, 'f1-score': 0.9987484355444306, 'support': 400.0}, 'Keylogging': {'precision': 0.9949494949494949, 'recall': 0.985, 'f1-score': 0.9899497487437187, 'support': 200.0}, 'OS_Fingerprint': {'precision': 0.9113300492610837, 'recall': 0.925, 'f1-score': 0.9181141439205954, 'support': 200.0}, 'Service_Scan': {'precision': 0.9329896907216495, 'recall': 0.905, 'f1-score': 0.918781725888325, 'support': 200.0}, 'TCP': {'precision': 0.9925373134328358, 'recall': 0.9975, 'f1-score': 0.9950124688279303, 'support': 400.0}, 'UDP': {'precision': 1.0, 'recall': 1.0, 'f1-score': 1.0, 'support': 400.0}, 'accuracy': 0.9792490118577075, 'macro avg': {'precision': 0.9700910146240643, 'recall': 0.9697916666666666, 'f1-score': 0.9698922345075391, 'support': 2024.0}, 'weighted avg': {'precision': 0.9792423020841914, 'recall': 0.9792490118577075, 'f1-score': 0.979206071847761, 'support': 2024.0}}","[[198   0   0   0   2   0   0   0]
 [  1  23   0   0   0   0   0   0]
 [  1   0 399   0   0   0   0   0]
 [  2   0   0 197   0   1   0   0]
 [  1   1   0   1 185  12   0   0]
 [  0   0   0   0  16 181   3   0]
 [  1   0   0   0   0   0 399   0]
 [  0   0   0   0   0   0   0 400]]",1.502183437347412,0.027274131774902344
134,BoT_IoT,-1,None,QuantileTransformer,RF,0.963262948535425,-1,-1,99.22183794466403,94.71875,0.4446640316205534,95.34996911808652,94.94500483716396,-1,"{'0Normal': {'precision': 0.9705882352941176, 'recall': 0.99, 'f1-score': 0.9801980198019802, 'support': 200.0}, 'Data_Exfiltration': {'precision': 0.9130434782608695, 'recall': 0.875, 'f1-score': 0.8936170212765957, 'support': 24.0}, 'HTTP': {'precision': 1.0, 'recall': 0.9975, 'f1-score': 0.9987484355444306, 'support': 400.0}, 'Keylogging': {'precision': 0.98989898989899, 'recall': 0.98, 'f1-score': 0.9849246231155778, 'support': 200.0}, 'OS_Fingerprint': {'precision': 0.8333333333333334, 'recall': 0.925, 'f1-score': 0.8767772511848342, 'support': 200.0}, 'Service_Scan': {'precision': 0.9310344827586207, 'recall': 0.81, 'f1-score': 0.8663101604278076, 'support': 200.0}, 'TCP': {'precision': 0.9900990099009901, 'recall': 1.0, 'f1-score': 0.9950248756218906, 'support': 400.0}, 'UDP': {'precision': 1.0, 'recall': 1.0, 'f1-score': 1.0, 'support': 400.0}, 'accuracy': 0.9688735177865613, 'macro avg': {'precision': 0.9534996911808652, 'recall': 0.9471875000000001, 'f1-score': 0.9494500483716396, 'support': 2024.0}, 'weighted avg': {'precision': 0.9698239405611013, 'recall': 0.9688735177865613, 'f1-score': 0.9686749722743117, 'support': 2024.0}}","[[198   0   0   0   2   0   0   0]
 [  2  21   0   1   0   0   0   0]
 [  1   0 399   0   0   0   0   0]
 [  3   1   0 196   0   0   0   0]
 [  0   1   0   1 185  12   1   0]
 [  0   0   0   0  35 162   3   0]
 [  0   0   0   0   0   0 400   0]
 [  0   0   0   0   0   0   0 400]]",0.6672563552856445,0.012767791748046875
135,BoT_IoT,-1,None,QuantileTransformer,SGD,0.9204892517910286,-1,-1,98.29545454545455,88.79166666666667,0.974025974025974,89.7590836309907,88.58935235598861,-1,"{'0Normal': {'precision': 0.9362745098039216, 'recall': 0.955, 'f1-score': 0.9455445544554456, 'support': 200.0}, 'Data_Exfiltration': {'precision': 0.7083333333333334, 'recall': 0.7083333333333334, 'f1-score': 0.7083333333333334, 'support': 24.0}, 'HTTP': {'precision': 0.9797979797979798, 'recall': 0.97, 'f1-score': 0.9748743718592964, 'support': 400.0}, 'Keylogging': {'precision': 0.9346733668341709, 'recall': 0.93, 'f1-score': 0.9323308270676693, 'support': 200.0}, 'OS_Fingerprint': {'precision': 0.7164179104477612, 'recall': 0.96, 'f1-score': 0.8205128205128206, 'support': 200.0}, 'Service_Scan': {'precision': 0.9375, 'recall': 0.6, 'f1-score': 0.7317073170731707, 'support': 200.0}, 'TCP': {'precision': 0.9727047146401985, 'recall': 0.98, 'f1-score': 0.9763387297633873, 'support': 400.0}, 'UDP': {'precision': 0.9950248756218906, 'recall': 1.0, 'f1-score': 0.9975062344139651, 'support': 400.0}, 'accuracy': 0.9318181818181818, 'macro avg': {'precision': 0.897590836309907, 'recall': 0.8879166666666667, 'f1-score': 0.885893523559886, 'support': 2024.0}, 'weighted avg': {'precision': 0.9392214354946632, 'recall': 0.9318181818181818, 'f1-score': 0.9300923113816605, 'support': 2024.0}}","[[191   0   0   1   2   2   2   2]
 [  2  17   0   4   1   0   0   0]
 [  8   0 388   1   1   0   2   0]
 [  3   7   2 186   2   0   0   0]
 [  0   0   2   0 192   3   3   0]
 [  0   0   0   6  70 120   4   0]
 [  0   0   4   1   0   3 392   0]
 [  0   0   0   0   0   0   0 400]]",0.09077906608581543,0.00043964385986328125
136,BoT_IoT,-1,linear,QuantileTransformer,HHHv2,0.8648734470447222,-1,-1,97.14673913043478,75.16809507839585,1.6304347826086956,75.40625000000001,75.10053060863993,-1,"{'0Normal': {'precision': 0.85, 'recall': 0.8808290155440415, 'f1-score': 0.8651399491094147, 'support': 193.0}, 'Data_Exfiltration': {'precision': 0.0, 'recall': 0.0, 'f1-score': 0.0, 'support': 7.0}, 'HTTP': {'precision': 0.9625, 'recall': 0.9390243902439024, 'f1-score': 0.9506172839506174, 'support': 410.0}, 'Keylogging': {'precision': 0.905, 'recall': 0.861904761904762, 'f1-score': 0.8829268292682927, 'support': 210.0}, 'OS_Fingerprint': {'precision': 0.58, 'recall': 0.7388535031847133, 'f1-score': 0.6498599439775911, 'support': 157.0}, 'Service_Scan': {'precision': 0.765, 'recall': 0.6566523605150214, 'f1-score': 0.7066974595842956, 'support': 233.0}, 'TCP': {'precision': 0.97, 'recall': 0.97, 'f1-score': 0.97, 'support': 400.0}, 'UDP': {'precision': 1.0, 'recall': 0.966183574879227, 'f1-score': 0.9828009828009828, 'support': 414.0}, 'accuracy': 0.8858695652173914, 'macro avg': {'precision': 0.7540625000000001, 'recall': 0.7516809507839585, 'f1-score': 0.7510053060863993, 'support': 2024.0}, 'weighted avg': {'precision': 0.8992243083003952, 'recall': 0.8858695652173914, 'f1-score': 0.8911600083554552, 'support': 2024.0}}","[[170   2  13   3   4   1   0   0]
 [  0   0   0   7   0   0   0   0]
 [  5   1 385   9   4   0   6   0]
 [  3  21   0 181   0   4   1   0]
 [  8   0   1   0 116  32   0   0]
 [  2   0   0   0  73 153   5   0]
 [  1   0   1   0   2   8 388   0]
 [ 11   0   0   0   1   2   0 400]]",510.72786021232605,0.03715920448303223
137,BoT_IoT,-1,None,QuantileTransformer,KNN,0.9357197822584035,-1,-1,98.6413043478261,91.60416666666666,0.7763975155279503,90.64140919394998,90.95510977932581,-1,"{'0Normal': {'precision': 0.9689119170984456, 'recall': 0.935, 'f1-score': 0.9516539440203563, 'support': 200.0}, 'Data_Exfiltration': {'precision': 0.6896551724137931, 'recall': 0.8333333333333334, 'f1-score': 0.7547169811320755, 'support': 24.0}, 'HTTP': {'precision': 0.9754901960784313, 'recall': 0.995, 'f1-score': 0.9851485148514851, 'support': 400.0}, 'Keylogging': {'precision': 0.96875, 'recall': 0.93, 'f1-score': 0.9489795918367346, 'support': 200.0}, 'OS_Fingerprint': {'precision': 0.7918552036199095, 'recall': 0.875, 'f1-score': 0.8313539192399051, 'support': 200.0}, 'Service_Scan': {'precision': 0.8914285714285715, 'recall': 0.78, 'f1-score': 0.8320000000000001, 'support': 200.0}, 'TCP': {'precision': 0.98, 'recall': 0.98, 'f1-score': 0.98, 'support': 400.0}, 'UDP': {'precision': 0.9852216748768473, 'recall': 1.0, 'f1-score': 0.9925558312655086, 'support': 400.0}, 'accuracy': 0.9456521739130435, 'macro avg': {'precision': 0.9064140919394998, 'recall': 0.9160416666666666, 'f1-score': 0.9095510977932582, 'support': 2024.0}, 'weighted avg': {'precision': 0.947147040982919, 'recall': 0.9456521739130435, 'f1-score': 0.9456484372595684, 'support': 2024.0}}","[[187   0   1   2   4   0   0   6]
 [  2  20   0   2   0   0   0   0]
 [  1   0 398   1   0   0   0   0]
 [  3   8   2 186   1   0   0   0]
 [  0   1   2   1 175  18   3   0]
 [  0   0   0   0  39 156   5   0]
 [  0   0   5   0   2   1 392   0]
 [  0   0   0   0   0   0   0 400]]",0.00042128562927246094,0.00983572006225586
138,BoT_IoT,-1,None,QuantileTransformer,LDA,0.8792871927089992,-1,-1,97.44318181818183,86.625,1.461038961038961,82.25141181339366,82.83617217359533,-1,"{'0Normal': {'precision': 0.9025641025641026, 'recall': 0.88, 'f1-score': 0.8911392405063291, 'support': 200.0}, 'Data_Exfiltration': {'precision': 0.3333333333333333, 'recall': 0.875, 'f1-score': 0.48275862068965514, 'support': 24.0}, 'HTTP': {'precision': 0.9547738693467337, 'recall': 0.95, 'f1-score': 0.9523809523809523, 'support': 400.0}, 'Keylogging': {'precision': 0.9415204678362573, 'recall': 0.805, 'f1-score': 0.8679245283018868, 'support': 200.0}, 'OS_Fingerprint': {'precision': 0.74, 'recall': 0.74, 'f1-score': 0.74, 'support': 200.0}, 'Service_Scan': {'precision': 0.7621621621621621, 'recall': 0.705, 'f1-score': 0.7324675324675325, 'support': 200.0}, 'TCP': {'precision': 0.9701492537313433, 'recall': 0.975, 'f1-score': 0.972568578553616, 'support': 400.0}, 'UDP': {'precision': 0.975609756097561, 'recall': 1.0, 'f1-score': 0.9876543209876543, 'support': 400.0}, 'accuracy': 0.8977272727272727, 'macro avg': {'precision': 0.8225141181339366, 'recall': 0.86625, 'f1-score': 0.8283617217359533, 'support': 2024.0}, 'weighted avg': {'precision': 0.9078372026594662, 'recall': 0.8977272727272727, 'f1-score': 0.9006590948224261, 'support': 2024.0}}","[[176   2   4   0   7   1   2   8]
 [  2  21   1   0   0   0   0   0]
 [ 12   6 380   0   1   0   1   0]
 [  2  30   7 161   0   0   0   0]
 [  3   4   1   2 148  39   2   1]
 [  0   0   0   7  44 141   7   1]
 [  0   0   5   1   0   4 390   0]
 [  0   0   0   0   0   0   0 400]]",0.0046427249908447266,0.0002002716064453125
139,BoT_IoT,-1,None,QuantileTransformer,MLP,0.9511980432197773,-1,-1,98.96245059288538,93.10416666666667,0.592885375494071,92.78393671930729,92.73092561679577,-1,"{'0Normal': {'precision': 0.9800995024875622, 'recall': 0.985, 'f1-score': 0.9825436408977556, 'support': 200.0}, 'Data_Exfiltration': {'precision': 0.7692307692307693, 'recall': 0.8333333333333334, 'f1-score': 0.8, 'support': 24.0}, 'HTTP': {'precision': 0.9900744416873449, 'recall': 0.9975, 'f1-score': 0.9937733499377336, 'support': 400.0}, 'Keylogging': {'precision': 0.964824120603015, 'recall': 0.96, 'f1-score': 0.9624060150375939, 'support': 200.0}, 'OS_Fingerprint': {'precision': 0.788135593220339, 'recall': 0.93, 'f1-score': 0.8532110091743119, 'support': 200.0}, 'Service_Scan': {'precision': 0.937888198757764, 'recall': 0.755, 'f1-score': 0.8365650969529086, 'support': 200.0}, 'TCP': {'precision': 0.992462311557789, 'recall': 0.9875, 'f1-score': 0.9899749373433584, 'support': 400.0}, 'UDP': {'precision': 1.0, 'recall': 1.0, 'f1-score': 1.0, 'support': 400.0}, 'accuracy': 0.958498023715415, 'macro avg': {'precision': 0.9278393671930729, 'recall': 0.9310416666666668, 'f1-score': 0.9273092561679577, 'support': 2024.0}, 'weighted avg': {'precision': 0.9612972938603398, 'recall': 0.958498023715415, 'f1-score': 0.9583223652791258, 'support': 2024.0}}","[[197   0   0   1   2   0   0   0]
 [  1  20   0   3   0   0   0   0]
 [  1   0 399   0   0   0   0   0]
 [  2   5   1 192   0   0   0   0]
 [  0   1   1   1 186  10   1   0]
 [  0   0   0   0  47 151   2   0]
 [  0   0   2   2   1   0 395   0]
 [  0   0   0   0   0   0   0 400]]",1.9585704803466797,0.0007081031799316406
140,BoT_IoT,-1,None,QuantileTransformer,LGBM,0.9754112353686667,-1,-1,99.48122529644269,96.97916666666666,0.2964426877470355,97.00910146240643,96.98922345075391,-1,"{'0Normal': {'precision': 0.9705882352941176, 'recall': 0.99, 'f1-score': 0.9801980198019802, 'support': 200.0}, 'Data_Exfiltration': {'precision': 0.9583333333333334, 'recall': 0.9583333333333334, 'f1-score': 0.9583333333333334, 'support': 24.0}, 'HTTP': {'precision': 1.0, 'recall': 0.9975, 'f1-score': 0.9987484355444306, 'support': 400.0}, 'Keylogging': {'precision': 0.9949494949494949, 'recall': 0.985, 'f1-score': 0.9899497487437187, 'support': 200.0}, 'OS_Fingerprint': {'precision': 0.9113300492610837, 'recall': 0.925, 'f1-score': 0.9181141439205954, 'support': 200.0}, 'Service_Scan': {'precision': 0.9329896907216495, 'recall': 0.905, 'f1-score': 0.918781725888325, 'support': 200.0}, 'TCP': {'precision': 0.9925373134328358, 'recall': 0.9975, 'f1-score': 0.9950124688279303, 'support': 400.0}, 'UDP': {'precision': 1.0, 'recall': 1.0, 'f1-score': 1.0, 'support': 400.0}, 'accuracy': 0.9792490118577075, 'macro avg': {'precision': 0.9700910146240643, 'recall': 0.9697916666666666, 'f1-score': 0.9698922345075391, 'support': 2024.0}, 'weighted avg': {'precision': 0.9792423020841914, 'recall': 0.9792490118577075, 'f1-score': 0.979206071847761, 'support': 2024.0}}","[[198   0   0   0   2   0   0   0]
 [  1  23   0   0   0   0   0   0]
 [  1   0 399   0   0   0   0   0]
 [  2   0   0 197   0   1   0   0]
 [  1   1   0   1 185  12   0   0]
 [  0   0   0   0  16 181   3   0]
 [  1   0   0   0   0   0 399   0]
 [  0   0   0   0   0   0   0 400]]",1.441042423248291,0.031087398529052734
141,BoT_IoT,-1,None,QuantileTransformer,RF,0.963262948535425,-1,-1,99.22183794466403,94.71875,0.4446640316205534,95.34996911808652,94.94500483716396,-1,"{'0Normal': {'precision': 0.9705882352941176, 'recall': 0.99, 'f1-score': 0.9801980198019802, 'support': 200.0}, 'Data_Exfiltration': {'precision': 0.9130434782608695, 'recall': 0.875, 'f1-score': 0.8936170212765957, 'support': 24.0}, 'HTTP': {'precision': 1.0, 'recall': 0.9975, 'f1-score': 0.9987484355444306, 'support': 400.0}, 'Keylogging': {'precision': 0.98989898989899, 'recall': 0.98, 'f1-score': 0.9849246231155778, 'support': 200.0}, 'OS_Fingerprint': {'precision': 0.8333333333333334, 'recall': 0.925, 'f1-score': 0.8767772511848342, 'support': 200.0}, 'Service_Scan': {'precision': 0.9310344827586207, 'recall': 0.81, 'f1-score': 0.8663101604278076, 'support': 200.0}, 'TCP': {'precision': 0.9900990099009901, 'recall': 1.0, 'f1-score': 0.9950248756218906, 'support': 400.0}, 'UDP': {'precision': 1.0, 'recall': 1.0, 'f1-score': 1.0, 'support': 400.0}, 'accuracy': 0.9688735177865613, 'macro avg': {'precision': 0.9534996911808652, 'recall': 0.9471875000000001, 'f1-score': 0.9494500483716396, 'support': 2024.0}, 'weighted avg': {'precision': 0.9698239405611013, 'recall': 0.9688735177865613, 'f1-score': 0.9686749722743117, 'support': 2024.0}}","[[198   0   0   0   2   0   0   0]
 [  2  21   0   1   0   0   0   0]
 [  1   0 399   0   0   0   0   0]
 [  3   1   0 196   0   0   0   0]
 [  0   1   0   1 185  12   1   0]
 [  0   0   0   0  35 162   3   0]
 [  0   0   0   0   0   0 400   0]
 [  0   0   0   0   0   0   0 400]]",0.6951136589050293,0.01162266731262207
142,BoT_IoT,-1,None,QuantileTransformer,SGD,0.9204892517910286,-1,-1,98.29545454545455,88.79166666666667,0.974025974025974,89.7590836309907,88.58935235598861,-1,"{'0Normal': {'precision': 0.9362745098039216, 'recall': 0.955, 'f1-score': 0.9455445544554456, 'support': 200.0}, 'Data_Exfiltration': {'precision': 0.7083333333333334, 'recall': 0.7083333333333334, 'f1-score': 0.7083333333333334, 'support': 24.0}, 'HTTP': {'precision': 0.9797979797979798, 'recall': 0.97, 'f1-score': 0.9748743718592964, 'support': 400.0}, 'Keylogging': {'precision': 0.9346733668341709, 'recall': 0.93, 'f1-score': 0.9323308270676693, 'support': 200.0}, 'OS_Fingerprint': {'precision': 0.7164179104477612, 'recall': 0.96, 'f1-score': 0.8205128205128206, 'support': 200.0}, 'Service_Scan': {'precision': 0.9375, 'recall': 0.6, 'f1-score': 0.7317073170731707, 'support': 200.0}, 'TCP': {'precision': 0.9727047146401985, 'recall': 0.98, 'f1-score': 0.9763387297633873, 'support': 400.0}, 'UDP': {'precision': 0.9950248756218906, 'recall': 1.0, 'f1-score': 0.9975062344139651, 'support': 400.0}, 'accuracy': 0.9318181818181818, 'macro avg': {'precision': 0.897590836309907, 'recall': 0.8879166666666667, 'f1-score': 0.885893523559886, 'support': 2024.0}, 'weighted avg': {'precision': 0.9392214354946632, 'recall': 0.9318181818181818, 'f1-score': 0.9300923113816605, 'support': 2024.0}}","[[191   0   0   1   2   2   2   2]
 [  2  17   0   4   1   0   0   0]
 [  8   0 388   1   1   0   2   0]
 [  3   7   2 186   2   0   0   0]
 [  0   0   2   0 192   3   3   0]
 [  0   0   0   6  70 120   4   0]
 [  0   0   4   1   0   3 392   0]
 [  0   0   0   0   0   0   0 400]]",0.08430314064025879,0.000507354736328125
143,BoT_IoT,-1,sigmoid,QuantileTransformer,HHHv2,0.7343914015508407,-1,-1,94.34288537549406,70.21067343415412,3.2326369282891023,75.27083333333333,70.56380060849862,-1,"{'0Normal': {'precision': 0.635, 'recall': 0.7696969696969697, 'f1-score': 0.695890410958904, 'support': 165.0}, 'Data_Exfiltration': {'precision': 0.7916666666666666, 'recall': 0.22093023255813954, 'f1-score': 0.34545454545454546, 'support': 86.0}, 'HTTP': {'precision': 0.8625, 'recall': 0.8823529411764706, 'f1-score': 0.8723135271807839, 'support': 391.0}, 'Keylogging': {'precision': 0.805, 'recall': 0.7488372093023256, 'f1-score': 0.7759036144578313, 'support': 215.0}, 'OS_Fingerprint': {'precision': 0.645, 'recall': 0.591743119266055, 'f1-score': 0.6172248803827751, 'support': 218.0}, 'Service_Scan': {'precision': 0.64, 'recall': 0.6564102564102564, 'f1-score': 0.6481012658227848, 'support': 195.0}, 'TCP': {'precision': 0.865, 'recall': 0.8480392156862745, 'f1-score': 0.8564356435643564, 'support': 408.0}, 'UDP': {'precision': 0.7775, 'recall': 0.8988439306358381, 'f1-score': 0.8337801608579088, 'support': 346.0}, 'accuracy': 0.7737154150197628, 'macro avg': {'precision': 0.7527083333333333, 'recall': 0.7021067343415411, 'f1-score': 0.7056380060849863, 'support': 2024.0}, 'weighted avg': {'precision': 0.7759465579710145, 'recall': 0.7737154150197628, 'f1-score': 0.7664393893001049, 'support': 2024.0}}","[[127   1   8   5   4   6  10   4]
 [ 16  19  14   7   3   5  14   8]
 [ 10   1 345   2  10   9   4  10]
 [  1   0   5 161  10   4  10  24]
 [  6   1   5  12 129  41   3  21]
 [  3   0   2   6  37 128   3  16]
 [ 30   1  17   2   4   2 346   6]
 [  7   1   4   5   3   5  10 311]]",461.60479617118835,0.1300067901611328
