,Data Type,Poly,Kernel,SCALER,Model,MCC,NDR,AUC_N,ACC,TPR Macro,FPR,PPV Macro,F1 Macro,AUC,CLS Report,CFS Matrix,Training time,Test time
0,N_BaIoT,2,None,QuantileTransformer,KNN,0.9010368807629535,-1,-1,98.01234567901234,91.05555555555556,1.1180555555555554,91.51774628945536,90.74363680807292,-1,"{'0Normal': {'precision': 0.9899497487437185, 'recall': 0.985, 'f1-score': 0.9874686716791979, 'support': 200.0}, 'ack': {'precision': 0.9310344827586207, 'recall': 0.81, 'f1-score': 0.8663101604278076, 'support': 200.0}, 'combo': {'precision': 0.9726775956284153, 'recall': 0.89, 'f1-score': 0.9295039164490863, 'support': 200.0}, 'junk': {'precision': 0.8986175115207373, 'recall': 0.975, 'f1-score': 0.9352517985611511, 'support': 200.0}, 'scan': {'precision': 0.9949748743718593, 'recall': 0.99, 'f1-score': 0.9924812030075189, 'support': 200.0}, 'syn': {'precision': 0.9802955665024631, 'recall': 0.995, 'f1-score': 0.9875930521091811, 'support': 200.0}, 'tcp': {'precision': 0.7194244604316546, 'recall': 1.0, 'f1-score': 0.8368200836820083, 'support': 200.0}, 'udp': {'precision': 0.7692307692307693, 'recall': 0.55, 'f1-score': 0.641399416909621, 'support': 200.0}, 'udpplain': {'precision': 0.9803921568627451, 'recall': 1.0, 'f1-score': 0.99009900990099, 'support': 200.0}, 'accuracy': 0.9105555555555556, 'macro avg': {'precision': 0.9151774628945536, 'recall': 0.9105555555555556, 'f1-score': 0.9074363680807291, 'support': 1800.0}, 'weighted avg': {'precision': 0.9151774628945537, 'recall': 0.9105555555555556, 'f1-score': 0.9074363680807291, 'support': 1800.0}}","[[197   0   0   2   0   1   0   0   0]
 [  0 162   0   0   0   1   0  33   4]
 [  0   0 178  20   0   2   0   0   0]
 [  1   0   4 195   0   0   0   0   0]
 [  1   0   1   0 198   0   0   0   0]
 [  0   0   0   0   1 199   0   0   0]
 [  0   0   0   0   0   0 200   0   0]
 [  0  12   0   0   0   0  78 110   0]
 [  0   0   0   0   0   0   0   0 200]]",0.00977468490600586,0.3698093891143799
1,N_BaIoT,2,None,QuantileTransformer,LDA,0.9166804266608618,-1,-1,98.33333333333333,92.50000000000001,0.9375,93.02337588312675,92.26914815610908,-1,"{'0Normal': {'precision': 0.9830508474576272, 'recall': 0.87, 'f1-score': 0.923076923076923, 'support': 200.0}, 'ack': {'precision': 0.8716814159292036, 'recall': 0.985, 'f1-score': 0.9248826291079811, 'support': 200.0}, 'combo': {'precision': 0.9800995024875622, 'recall': 0.985, 'f1-score': 0.9825436408977556, 'support': 200.0}, 'junk': {'precision': 0.9660194174757282, 'recall': 0.995, 'f1-score': 0.9802955665024631, 'support': 200.0}, 'scan': {'precision': 0.9278846153846154, 'recall': 0.965, 'f1-score': 0.9460784313725491, 'support': 200.0}, 'syn': {'precision': 0.9611650485436893, 'recall': 0.99, 'f1-score': 0.9753694581280788, 'support': 200.0}, 'tcp': {'precision': 0.8658008658008658, 'recall': 1.0, 'f1-score': 0.9280742459396751, 'support': 200.0}, 'udp': {'precision': 0.8238095238095238, 'recall': 0.865, 'f1-score': 0.8439024390243902, 'support': 200.0}, 'udpplain': {'precision': 0.9925925925925926, 'recall': 0.67, 'f1-score': 0.8, 'support': 200.0}, 'accuracy': 0.925, 'macro avg': {'precision': 0.9302337588312675, 'recall': 0.9250000000000002, 'f1-score': 0.9226914815610908, 'support': 1800.0}, 'weighted avg': {'precision': 0.9302337588312676, 'recall': 0.925, 'f1-score': 0.9226914815610907, 'support': 1800.0}}","[[174   5   4   4   7   3   1   2   0]
 [  0 197   0   0   0   0   0   2   1]
 [  0   0 197   2   1   0   0   0   0]
 [  1   0   0 199   0   0   0   0   0]
 [  2   0   0   0 193   3   0   2   0]
 [  0   0   0   0   2 198   0   0   0]
 [  0   0   0   0   0   0 200   0   0]
 [  0   0   0   0   0   0  27 173   0]
 [  0  24   0   1   5   2   3  31 134]]",26.441885709762573,0.008985280990600586
2,N_BaIoT,2,None,QuantileTransformer,MLP,0.8401773070220013,-1,-1,96.5679012345679,84.55555555555556,1.9305555555555556,80.33966202186896,80.89300262375141,-1,"{'0Normal': {'precision': 0.9950248756218906, 'recall': 1.0, 'f1-score': 0.9975062344139651, 'support': 200.0}, 'ack': {'precision': 1.0, 'recall': 0.655, 'f1-score': 0.7915407854984895, 'support': 200.0}, 'combo': {'precision': 0.9754901960784313, 'recall': 0.995, 'f1-score': 0.9851485148514851, 'support': 200.0}, 'junk': {'precision': 0.9949494949494949, 'recall': 0.985, 'f1-score': 0.9899497487437187, 'support': 200.0}, 'scan': {'precision': 0.9949748743718593, 'recall': 0.99, 'f1-score': 0.9924812030075189, 'support': 200.0}, 'syn': {'precision': 1.0, 'recall': 0.985, 'f1-score': 0.9924433249370278, 'support': 200.0}, 'tcp': {'precision': 0.0, 'recall': 0.0, 'f1-score': 0.0, 'support': 200.0}, 'udp': {'precision': 0.47961630695443647, 'recall': 1.0, 'f1-score': 0.6482982171799028, 'support': 200.0}, 'udpplain': {'precision': 0.7905138339920948, 'recall': 1.0, 'f1-score': 0.8830022075055188, 'support': 200.0}, 'accuracy': 0.8455555555555555, 'macro avg': {'precision': 0.8033966202186896, 'recall': 0.8455555555555555, 'f1-score': 0.8089300262375141, 'support': 1800.0}, 'weighted avg': {'precision': 0.8033966202186896, 'recall': 0.8455555555555555, 'f1-score': 0.8089300262375142, 'support': 1800.0}}","[[200   0   0   0   0   0   0   0   0]
 [  0 131   0   0   0   0   0  17  52]
 [  0   0 199   1   0   0   0   0   0]
 [  0   0   2 197   0   0   0   0   1]
 [  1   0   1   0 198   0   0   0   0]
 [  0   0   2   0   1 197   0   0   0]
 [  0   0   0   0   0   0   0 200   0]
 [  0   0   0   0   0   0   0 200   0]
 [  0   0   0   0   0   0   0   0 200]]",8.500691413879395,0.018393278121948242
3,N_BaIoT,2,None,QuantileTransformer,LGBM,0.5433997131477127,-1,-1,90.4320987654321,56.94444444444444,5.381944444444445,55.98484980174558,51.42898301983865,-1,"{'0Normal': {'precision': 0.9554455445544554, 'recall': 0.965, 'f1-score': 0.9601990049751244, 'support': 200.0}, 'ack': {'precision': 0.6818181818181818, 'recall': 0.075, 'f1-score': 0.13513513513513514, 'support': 200.0}, 'combo': {'precision': 0.9014778325123153, 'recall': 0.915, 'f1-score': 0.9081885856079405, 'support': 200.0}, 'junk': {'precision': 0.9276315789473685, 'recall': 0.705, 'f1-score': 0.8011363636363635, 'support': 200.0}, 'scan': {'precision': 0.38934426229508196, 'recall': 0.95, 'f1-score': 0.5523255813953488, 'support': 200.0}, 'syn': {'precision': 0.9591836734693877, 'recall': 0.94, 'f1-score': 0.9494949494949495, 'support': 200.0}, 'tcp': {'precision': 0.0, 'recall': 0.0, 'f1-score': 0.0, 'support': 200.0}, 'udp': {'precision': 0.2237354085603113, 'recall': 0.575, 'f1-score': 0.3221288515406162, 'support': 200.0}, 'udpplain': {'precision': 0.0, 'recall': 0.0, 'f1-score': 0.0, 'support': 200.0}, 'accuracy': 0.5694444444444444, 'macro avg': {'precision': 0.5598484980174558, 'recall': 0.5694444444444444, 'f1-score': 0.5142898301983865, 'support': 1800.0}, 'weighted avg': {'precision': 0.5598484980174557, 'recall': 0.5694444444444444, 'f1-score': 0.5142898301983865, 'support': 1800.0}}","[[193   0   0   0   6   0   0   1   0]
 [  1  15   0   0   0   0   4 180   0]
 [  0   0 183   5   0   3   0   9   0]
 [  0   1  16 141  12   5   0  25   0]
 [  8   0   0   0 190   0   1   1   0]
 [  0   0   4   6   2 188   0   0   0]
 [  0   0   0   0 200   0   0   0   0]
 [  0   4   0   0  78   0   3 115   0]
 [  0   2   0   0   0   0  15 183   0]]",56.75894260406494,0.021871328353881836
4,N_BaIoT,2,None,QuantileTransformer,RF,0.9987510403662089,-1,-1,99.97530864197532,99.8888888888889,0.013888888888888888,99.88944168048646,99.88874825777543,-1,"{'0Normal': {'precision': 1.0, 'recall': 1.0, 'f1-score': 1.0, 'support': 200.0}, 'ack': {'precision': 1.0, 'recall': 1.0, 'f1-score': 1.0, 'support': 200.0}, 'combo': {'precision': 0.9950248756218906, 'recall': 1.0, 'f1-score': 0.9975062344139651, 'support': 200.0}, 'junk': {'precision': 0.9950248756218906, 'recall': 1.0, 'f1-score': 0.9975062344139651, 'support': 200.0}, 'scan': {'precision': 1.0, 'recall': 0.99, 'f1-score': 0.9949748743718593, 'support': 200.0}, 'syn': {'precision': 1.0, 'recall': 1.0, 'f1-score': 1.0, 'support': 200.0}, 'tcp': {'precision': 1.0, 'recall': 1.0, 'f1-score': 1.0, 'support': 200.0}, 'udp': {'precision': 1.0, 'recall': 1.0, 'f1-score': 1.0, 'support': 200.0}, 'udpplain': {'precision': 1.0, 'recall': 1.0, 'f1-score': 1.0, 'support': 200.0}, 'accuracy': 0.9988888888888889, 'macro avg': {'precision': 0.9988944168048646, 'recall': 0.9988888888888889, 'f1-score': 0.9988874825777544, 'support': 1800.0}, 'weighted avg': {'precision': 0.9988944168048646, 'recall': 0.9988888888888889, 'f1-score': 0.9988874825777543, 'support': 1800.0}}","[[200   0   0   0   0   0   0   0   0]
 [  0 200   0   0   0   0   0   0   0]
 [  0   0 200   0   0   0   0   0   0]
 [  0   0   0 200   0   0   0   0   0]
 [  0   0   1   1 198   0   0   0   0]
 [  0   0   0   0   0 200   0   0   0]
 [  0   0   0   0   0   0 200   0   0]
 [  0   0   0   0   0   0   0 200   0]
 [  0   0   0   0   0   0   0   0 200]]",4.4607086181640625,0.025805234909057617
5,N_BaIoT,2,None,QuantileTransformer,SGD,0.8759233437900965,-1,-1,97.50617283950618,88.77777777777777,1.4027777777777777,90.14327942886185,88.59724802929351,-1,"{'0Normal': {'precision': 0.9949748743718593, 'recall': 0.99, 'f1-score': 0.9924812030075189, 'support': 200.0}, 'ack': {'precision': 1.0, 'recall': 0.71, 'f1-score': 0.8304093567251462, 'support': 200.0}, 'combo': {'precision': 0.98989898989899, 'recall': 0.98, 'f1-score': 0.9849246231155778, 'support': 200.0}, 'junk': {'precision': 0.9611650485436893, 'recall': 0.99, 'f1-score': 0.9753694581280788, 'support': 200.0}, 'scan': {'precision': 0.825, 'recall': 0.99, 'f1-score': 0.9, 'support': 200.0}, 'syn': {'precision': 0.993103448275862, 'recall': 0.72, 'f1-score': 0.8347826086956522, 'support': 200.0}, 'tcp': {'precision': 0.7194244604316546, 'recall': 1.0, 'f1-score': 0.8368200836820083, 'support': 200.0}, 'udp': {'precision': 0.648936170212766, 'recall': 0.61, 'f1-score': 0.6288659793814433, 'support': 200.0}, 'udpplain': {'precision': 0.9803921568627451, 'recall': 1.0, 'f1-score': 0.99009900990099, 'support': 200.0}, 'accuracy': 0.8877777777777778, 'macro avg': {'precision': 0.9014327942886184, 'recall': 0.8877777777777778, 'f1-score': 0.8859724802929351, 'support': 1800.0}, 'weighted avg': {'precision': 0.9014327942886183, 'recall': 0.8877777777777778, 'f1-score': 0.8859724802929351, 'support': 1800.0}}","[[198   0   0   0   0   1   0   1   0]
 [  0 142   0   0   0   0   0  54   4]
 [  0   0 196   4   0   0   0   0   0]
 [  0   0   1 198   1   0   0   0   0]
 [  1   0   1   0 198   0   0   0   0]
 [  0   0   0   4  41 144   0  11   0]
 [  0   0   0   0   0   0 200   0   0]
 [  0   0   0   0   0   0  78 122   0]
 [  0   0   0   0   0   0   0   0 200]]",3.5124008655548096,0.009125471115112305
6,N_BaIoT,2,None,QuantileTransformer,HHHv2,0.8374122235033749,-1,-1,96.75308641975309,85.47708603420298,1.8263888888888888,85.38888888888887,84.61599358169273,-1,"{'0Normal': {'precision': 0.72, 'recall': 0.972972972972973, 'f1-score': 0.8275862068965518, 'support': 148.0}, 'ack': {'precision': 0.85, 'recall': 0.845771144278607, 'f1-score': 0.8478802992518704, 'support': 201.0}, 'combo': {'precision': 0.955, 'recall': 0.8526785714285714, 'f1-score': 0.9009433962264152, 'support': 224.0}, 'junk': {'precision': 0.97, 'recall': 0.9023255813953488, 'f1-score': 0.9349397590361446, 'support': 215.0}, 'scan': {'precision': 0.89, 'recall': 0.8240740740740741, 'f1-score': 0.8557692307692307, 'support': 216.0}, 'syn': {'precision': 0.96, 'recall': 0.8347826086956521, 'f1-score': 0.8930232558139534, 'support': 230.0}, 'tcp': {'precision': 1.0, 'recall': 0.847457627118644, 'f1-score': 0.9174311926605504, 'support': 236.0}, 'udp': {'precision': 0.865, 'recall': 0.8277511961722488, 'f1-score': 0.8459657701711492, 'support': 209.0}, 'udpplain': {'precision': 0.475, 'recall': 0.7851239669421488, 'f1-score': 0.5919003115264798, 'support': 121.0}, 'accuracy': 0.8538888888888889, 'macro avg': {'precision': 0.8538888888888887, 'recall': 0.8547708603420299, 'f1-score': 0.8461599358169273, 'support': 1800.0}, 'weighted avg': {'precision': 0.8817666666666666, 'recall': 0.8538888888888889, 'f1-score': 0.8616178419608505, 'support': 1800.0}}","[[144   0   0   1   2   0   0   0   1]
 [  3 170   2   2   2   1   0   1  20]
 [ 21   1 191   0   1   1   0   1   8]
 [ 11   0   1 194   0   0   0   0   9]
 [  3   5   1   1 178   0   0   2  26]
 [  6   5   2   0   3 192   0   3  19]
 [  8   2   0   1   2   0 200  11  12]
 [  3  13   1   0   6   3   0 173  10]
 [  1   4   2   1   6   3   0   9  95]]",57.65067911148071,0.12461042404174805
7,N_BaIoT,2,None,QuantileTransformer,KNN,0.9575694928077287,-1,-1,99.1604938271605,96.22222222222221,0.4722222222222222,96.29286868557112,96.22825292942694,-1,"{'0Normal': {'precision': 0.98989898989899, 'recall': 0.98, 'f1-score': 0.9849246231155778, 'support': 200.0}, 'ack': {'precision': 0.9130434782608695, 'recall': 0.945, 'f1-score': 0.9287469287469287, 'support': 200.0}, 'combo': {'precision': 0.9507389162561576, 'recall': 0.965, 'f1-score': 0.9578163771712158, 'support': 200.0}, 'junk': {'precision': 0.9695431472081218, 'recall': 0.955, 'f1-score': 0.9622166246851385, 'support': 200.0}, 'scan': {'precision': 0.9949748743718593, 'recall': 0.99, 'f1-score': 0.9924812030075189, 'support': 200.0}, 'syn': {'precision': 0.9803921568627451, 'recall': 1.0, 'f1-score': 0.99009900990099, 'support': 200.0}, 'tcp': {'precision': 1.0, 'recall': 0.915, 'f1-score': 0.9556135770234987, 'support': 200.0}, 'udp': {'precision': 0.8921568627450981, 'recall': 0.91, 'f1-score': 0.900990099009901, 'support': 200.0}, 'udpplain': {'precision': 0.975609756097561, 'recall': 1.0, 'f1-score': 0.9876543209876543, 'support': 200.0}, 'accuracy': 0.9622222222222222, 'macro avg': {'precision': 0.9629286868557112, 'recall': 0.9622222222222222, 'f1-score': 0.9622825292942694, 'support': 1800.0}, 'weighted avg': {'precision': 0.9629286868557114, 'recall': 0.9622222222222222, 'f1-score': 0.9622825292942693, 'support': 1800.0}}","[[196   0   1   1   1   1   0   0   0]
 [  0 189   0   0   0   1   0   5   5]
 [  0   0 193   5   0   2   0   0   0]
 [  1   0   8 191   0   0   0   0   0]
 [  1   0   1   0 198   0   0   0   0]
 [  0   0   0   0   0 200   0   0   0]
 [  0   0   0   0   0   0 183  17   0]
 [  0  18   0   0   0   0   0 182   0]
 [  0   0   0   0   0   0   0   0 200]]",0.014851808547973633,0.6122636795043945
8,N_BaIoT,2,None,QuantileTransformer,LDA,0.960859571785074,-1,-1,99.22222222222223,96.50000000000001,0.43750000000000006,96.63177866843688,96.4709691329263,-1,"{'0Normal': {'precision': 0.9830508474576272, 'recall': 0.87, 'f1-score': 0.923076923076923, 'support': 200.0}, 'ack': {'precision': 0.9383886255924171, 'recall': 0.99, 'f1-score': 0.9635036496350365, 'support': 200.0}, 'combo': {'precision': 0.9707317073170731, 'recall': 0.995, 'f1-score': 0.982716049382716, 'support': 200.0}, 'junk': {'precision': 0.9660194174757282, 'recall': 0.995, 'f1-score': 0.9802955665024631, 'support': 200.0}, 'scan': {'precision': 0.9798994974874372, 'recall': 0.975, 'f1-score': 0.9774436090225564, 'support': 200.0}, 'syn': {'precision': 0.9707317073170731, 'recall': 0.995, 'f1-score': 0.982716049382716, 'support': 200.0}, 'tcp': {'precision': 0.9789473684210527, 'recall': 0.93, 'f1-score': 0.9538461538461539, 'support': 200.0}, 'udp': {'precision': 0.9090909090909091, 'recall': 1.0, 'f1-score': 0.9523809523809523, 'support': 200.0}, 'udpplain': {'precision': 1.0, 'recall': 0.935, 'f1-score': 0.9664082687338501, 'support': 200.0}, 'accuracy': 0.965, 'macro avg': {'precision': 0.9663177866843687, 'recall': 0.9650000000000001, 'f1-score': 0.964709691329263, 'support': 1800.0}, 'weighted avg': {'precision': 0.9663177866843686, 'recall': 0.965, 'f1-score': 0.964709691329263, 'support': 1800.0}}","[[174   6   6   5   3   3   3   0   0]
 [  0 198   0   0   0   0   0   2   0]
 [  0   0 199   1   0   0   0   0   0]
 [  1   0   0 199   0   0   0   0   0]
 [  2   0   0   0 195   3   0   0   0]
 [  0   0   0   0   1 199   0   0   0]
 [  0   0   0   0   0   0 186  14   0]
 [  0   0   0   0   0   0   0 200   0]
 [  0   7   0   1   0   0   1   4 187]]",53.80640959739685,0.008926630020141602
9,N_BaIoT,2,None,QuantileTransformer,MLP,0.8784807483973172,-1,-1,97.35802469135803,88.1111111111111,1.4861111111111112,82.61385860829138,84.43411670117467,-1,"{'0Normal': {'precision': 0.9900990099009901, 'recall': 1.0, 'f1-score': 0.9950248756218906, 'support': 200.0}, 'ack': {'precision': 1.0, 'recall': 0.975, 'f1-score': 0.9873417721518987, 'support': 200.0}, 'combo': {'precision': 0.9851485148514851, 'recall': 0.995, 'f1-score': 0.9900497512437811, 'support': 200.0}, 'junk': {'precision': 0.99, 'recall': 0.99, 'f1-score': 0.99, 'support': 200.0}, 'scan': {'precision': 0.9949748743718593, 'recall': 0.99, 'f1-score': 0.9924812030075189, 'support': 200.0}, 'syn': {'precision': 0.98, 'recall': 0.98, 'f1-score': 0.98, 'support': 200.0}, 'tcp': {'precision': 0.0, 'recall': 0.0, 'f1-score': 0.0, 'support': 200.0}, 'udp': {'precision': 0.5, 'recall': 1.0, 'f1-score': 0.6666666666666666, 'support': 200.0}, 'udpplain': {'precision': 0.9950248756218906, 'recall': 1.0, 'f1-score': 0.9975062344139651, 'support': 200.0}, 'accuracy': 0.8811111111111111, 'macro avg': {'precision': 0.8261385860829138, 'recall': 0.8811111111111111, 'f1-score': 0.8443411670117468, 'support': 1800.0}, 'weighted avg': {'precision': 0.8261385860829139, 'recall': 0.8811111111111111, 'f1-score': 0.8443411670117468, 'support': 1800.0}}","[[200   0   0   0   0   0   0   0   0]
 [  0 195   0   0   0   4   0   0   1]
 [  0   0 199   1   0   0   0   0   0]
 [  0   0   1 198   0   0   1   0   0]
 [  2   0   0   0 198   0   0   0   0]
 [  0   0   2   1   1 196   0   0   0]
 [  0   0   0   0   0   0   0 200   0]
 [  0   0   0   0   0   0   0 200   0]
 [  0   0   0   0   0   0   0   0 200]]",11.082298994064331,0.019488811492919922
10,N_BaIoT,2,None,QuantileTransformer,LGBM,0.7188075046601776,-1,-1,94.07407407407408,73.33333333333333,3.3333333333333335,73.72778290486801,70.52151144145598,-1,"{'0Normal': {'precision': 0.9949748743718593, 'recall': 0.99, 'f1-score': 0.9924812030075189, 'support': 200.0}, 'ack': {'precision': 0.9865771812080537, 'recall': 0.735, 'f1-score': 0.8424068767908309, 'support': 200.0}, 'combo': {'precision': 0.95, 'recall': 0.57, 'f1-score': 0.7125, 'support': 200.0}, 'junk': {'precision': 0.5795795795795796, 'recall': 0.965, 'f1-score': 0.7242026266416511, 'support': 200.0}, 'scan': {'precision': 0.4088050314465409, 'recall': 0.975, 'f1-score': 0.5760709010339734, 'support': 200.0}, 'syn': {'precision': 0.9417989417989417, 'recall': 0.89, 'f1-score': 0.9151670951156812, 'support': 200.0}, 'tcp': {'precision': 0.0, 'recall': 0.0, 'f1-score': 0.0, 'support': 200.0}, 'udp': {'precision': 0.8699186991869918, 'recall': 0.535, 'f1-score': 0.6625386996904025, 'support': 200.0}, 'udpplain': {'precision': 0.9038461538461539, 'recall': 0.94, 'f1-score': 0.9215686274509804, 'support': 200.0}, 'accuracy': 0.7333333333333333, 'macro avg': {'precision': 0.7372778290486801, 'recall': 0.7333333333333333, 'f1-score': 0.7052151144145599, 'support': 1800.0}, 'weighted avg': {'precision': 0.73727782904868, 'recall': 0.7333333333333333, 'f1-score': 0.7052151144145598, 'support': 1800.0}}","[[198   0   0   0   1   1   0   0   0]
 [  0 147   0  32   1   3   0   8   9]
 [  0   0 114  75   0   4   2   4   1]
 [  0   0   6 193   0   1   0   0   0]
 [  1   0   0   0 195   0   0   0   4]
 [  0   0   0  19   1 178   0   2   0]
 [  0   0   0   0 200   0   0   0   0]
 [  0   2   0   5  79   1   0 107   6]
 [  0   0   0   9   0   1   0   2 188]]",69.73825907707214,0.021022319793701172
11,N_BaIoT,2,None,QuantileTransformer,RF,0.9987510403662089,-1,-1,99.97530864197532,99.8888888888889,0.013888888888888888,99.88944168048646,99.88874825777543,-1,"{'0Normal': {'precision': 1.0, 'recall': 1.0, 'f1-score': 1.0, 'support': 200.0}, 'ack': {'precision': 1.0, 'recall': 1.0, 'f1-score': 1.0, 'support': 200.0}, 'combo': {'precision': 0.9950248756218906, 'recall': 1.0, 'f1-score': 0.9975062344139651, 'support': 200.0}, 'junk': {'precision': 0.9950248756218906, 'recall': 1.0, 'f1-score': 0.9975062344139651, 'support': 200.0}, 'scan': {'precision': 1.0, 'recall': 0.99, 'f1-score': 0.9949748743718593, 'support': 200.0}, 'syn': {'precision': 1.0, 'recall': 1.0, 'f1-score': 1.0, 'support': 200.0}, 'tcp': {'precision': 1.0, 'recall': 1.0, 'f1-score': 1.0, 'support': 200.0}, 'udp': {'precision': 1.0, 'recall': 1.0, 'f1-score': 1.0, 'support': 200.0}, 'udpplain': {'precision': 1.0, 'recall': 1.0, 'f1-score': 1.0, 'support': 200.0}, 'accuracy': 0.9988888888888889, 'macro avg': {'precision': 0.9988944168048646, 'recall': 0.9988888888888889, 'f1-score': 0.9988874825777544, 'support': 1800.0}, 'weighted avg': {'precision': 0.9988944168048646, 'recall': 0.9988888888888889, 'f1-score': 0.9988874825777543, 'support': 1800.0}}","[[200   0   0   0   0   0   0   0   0]
 [  0 200   0   0   0   0   0   0   0]
 [  0   0 200   0   0   0   0   0   0]
 [  0   0   0 200   0   0   0   0   0]
 [  0   0   1   1 198   0   0   0   0]
 [  0   0   0   0   0 200   0   0   0]
 [  0   0   0   0   0   0 200   0   0]
 [  0   0   0   0   0   0   0 200   0]
 [  0   0   0   0   0   0   0   0 200]]",7.679498195648193,0.026384592056274414
12,N_BaIoT,2,None,QuantileTransformer,SGD,0.8784246010612694,-1,-1,97.35802469135803,88.1111111111111,1.4861111111111112,82.54030271919213,84.41473992216994,-1,"{'0Normal': {'precision': 0.995, 'recall': 0.995, 'f1-score': 0.995, 'support': 200.0}, 'ack': {'precision': 0.98989898989899, 'recall': 0.98, 'f1-score': 0.9849246231155778, 'support': 200.0}, 'combo': {'precision': 0.9803921568627451, 'recall': 1.0, 'f1-score': 0.99009900990099, 'support': 200.0}, 'junk': {'precision': 1.0, 'recall': 0.98, 'f1-score': 0.98989898989899, 'support': 200.0}, 'scan': {'precision': 0.9949748743718593, 'recall': 0.99, 'f1-score': 0.9924812030075189, 'support': 200.0}, 'syn': {'precision': 1.0, 'recall': 0.995, 'f1-score': 0.9974937343358395, 'support': 200.0}, 'tcp': {'precision': 0.0, 'recall': 0.0, 'f1-score': 0.0, 'support': 200.0}, 'udp': {'precision': 0.49748743718592964, 'recall': 0.99, 'f1-score': 0.6622073578595318, 'support': 200.0}, 'udpplain': {'precision': 0.970873786407767, 'recall': 1.0, 'f1-score': 0.9852216748768473, 'support': 200.0}, 'accuracy': 0.8811111111111111, 'macro avg': {'precision': 0.8254030271919213, 'recall': 0.8811111111111111, 'f1-score': 0.8441473992216995, 'support': 1800.0}, 'weighted avg': {'precision': 0.8254030271919212, 'recall': 0.8811111111111111, 'f1-score': 0.8441473992216996, 'support': 1800.0}}","[[199   0   0   0   0   0   0   0   1]
 [  0 196   0   0   0   0   0   0   4]
 [  0   0 200   0   0   0   0   0   0]
 [  0   0   3 196   0   0   0   0   1]
 [  1   0   1   0 198   0   0   0   0]
 [  0   0   0   0   1 199   0   0   0]
 [  0   0   0   0   0   0   0 200   0]
 [  0   2   0   0   0   0   0 198   0]
 [  0   0   0   0   0   0   0   0 200]]",4.8025963306427,0.009020328521728516
13,N_BaIoT,2,rbf,QuantileTransformer,HHHv2,0.9850711465965296,-1,-1,99.70370370370371,98.72121111086763,0.16666666666666669,98.66666666666666,98.66571572240417,-1,"{'0Normal': {'precision': 1.0, 'recall': 0.9852216748768473, 'f1-score': 0.9925558312655086, 'support': 203.0}, 'ack': {'precision': 0.98, 'recall': 0.9949238578680203, 'f1-score': 0.9874055415617129, 'support': 197.0}, 'combo': {'precision': 1.0, 'recall': 0.9900990099009901, 'f1-score': 0.9950248756218906, 'support': 202.0}, 'junk': {'precision': 0.985, 'recall': 1.0, 'f1-score': 0.9924433249370278, 'support': 197.0}, 'scan': {'precision': 0.99, 'recall': 1.0, 'f1-score': 0.9949748743718593, 'support': 198.0}, 'syn': {'precision': 1.0, 'recall': 0.9803921568627451, 'f1-score': 0.99009900990099, 'support': 204.0}, 'tcp': {'precision': 0.93, 'recall': 1.0, 'f1-score': 0.9637305699481865, 'support': 186.0}, 'udp': {'precision': 0.995, 'recall': 0.9342723004694836, 'f1-score': 0.963680387409201, 'support': 213.0}, 'udpplain': {'precision': 1.0, 'recall': 1.0, 'f1-score': 1.0, 'support': 200.0}, 'accuracy': 0.9866666666666667, 'macro avg': {'precision': 0.9866666666666666, 'recall': 0.9872121111086763, 'f1-score': 0.9866571572240418, 'support': 1800.0}, 'weighted avg': {'precision': 0.9872444444444444, 'recall': 0.9866666666666667, 'f1-score': 0.9866761761092916, 'support': 1800.0}}","[[200   0   0   1   2   0   0   0   0]
 [  0 196   0   0   0   0   0   1   0]
 [  0   0 200   2   0   0   0   0   0]
 [  0   0   0 197   0   0   0   0   0]
 [  0   0   0   0 198   0   0   0   0]
 [  0   4   0   0   0 200   0   0   0]
 [  0   0   0   0   0   0 186   0   0]
 [  0   0   0   0   0   0  14 199   0]
 [  0   0   0   0   0   0   0   0 200]]",193.88247799873352,0.5907385349273682
14,N_BaIoT,2,None,QuantileTransformer,KNN,0.9600170004515758,-1,-1,99.20987654320987,96.44444444444444,0.4444444444444444,96.46710458828471,96.44871854936576,-1,"{'0Normal': {'precision': 0.9899497487437185, 'recall': 0.985, 'f1-score': 0.9874686716791979, 'support': 200.0}, 'ack': {'precision': 0.9064039408866995, 'recall': 0.92, 'f1-score': 0.913151364764268, 'support': 200.0}, 'combo': {'precision': 0.964824120603015, 'recall': 0.96, 'f1-score': 0.9624060150375939, 'support': 200.0}, 'junk': {'precision': 0.9601990049751243, 'recall': 0.965, 'f1-score': 0.9625935162094762, 'support': 200.0}, 'scan': {'precision': 0.9949748743718593, 'recall': 0.99, 'f1-score': 0.9924812030075189, 'support': 200.0}, 'syn': {'precision': 0.9802955665024631, 'recall': 0.995, 'f1-score': 0.9875930521091811, 'support': 200.0}, 'tcp': {'precision': 1.0, 'recall': 0.96, 'f1-score': 0.9795918367346939, 'support': 200.0}, 'udp': {'precision': 0.905, 'recall': 0.905, 'f1-score': 0.905, 'support': 200.0}, 'udpplain': {'precision': 0.9803921568627451, 'recall': 1.0, 'f1-score': 0.99009900990099, 'support': 200.0}, 'accuracy': 0.9644444444444444, 'macro avg': {'precision': 0.9646710458828471, 'recall': 0.9644444444444444, 'f1-score': 0.9644871854936576, 'support': 1800.0}, 'weighted avg': {'precision': 0.964671045882847, 'recall': 0.9644444444444444, 'f1-score': 0.9644871854936579, 'support': 1800.0}}","[[197   0   0   2   0   1   0   0   0]
 [  0 184   0   0   0   1   0  11   4]
 [  0   0 192   6   0   2   0   0   0]
 [  1   0   6 193   0   0   0   0   0]
 [  1   0   1   0 198   0   0   0   0]
 [  0   0   0   0   1 199   0   0   0]
 [  0   0   0   0   0   0 192   8   0]
 [  0  19   0   0   0   0   0 181   0]
 [  0   0   0   0   0   0   0   0 200]]",0.01462697982788086,0.54010009765625
15,N_BaIoT,2,None,QuantileTransformer,LDA,0.9676397802864579,-1,-1,99.35802469135803,97.11111111111111,0.3611111111111111,97.20268479059125,97.10218329630231,-1,"{'0Normal': {'precision': 0.9841269841269841, 'recall': 0.93, 'f1-score': 0.9562982005141387, 'support': 200.0}, 'ack': {'precision': 0.9611650485436893, 'recall': 0.99, 'f1-score': 0.9753694581280788, 'support': 200.0}, 'combo': {'precision': 0.9707317073170731, 'recall': 0.995, 'f1-score': 0.982716049382716, 'support': 200.0}, 'junk': {'precision': 0.9851485148514851, 'recall': 0.995, 'f1-score': 0.9900497512437811, 'support': 200.0}, 'scan': {'precision': 0.9848484848484849, 'recall': 0.975, 'f1-score': 0.9798994974874371, 'support': 200.0}, 'syn': {'precision': 0.9754901960784313, 'recall': 0.995, 'f1-score': 0.9851485148514851, 'support': 200.0}, 'tcp': {'precision': 0.9841269841269841, 'recall': 0.93, 'f1-score': 0.9562982005141387, 'support': 200.0}, 'udp': {'precision': 0.91324200913242, 'recall': 1.0, 'f1-score': 0.954653937947494, 'support': 200.0}, 'udpplain': {'precision': 0.9893617021276596, 'recall': 0.93, 'f1-score': 0.9587628865979382, 'support': 200.0}, 'accuracy': 0.9711111111111111, 'macro avg': {'precision': 0.9720268479059124, 'recall': 0.9711111111111111, 'f1-score': 0.9710218329630231, 'support': 1800.0}, 'weighted avg': {'precision': 0.9720268479059124, 'recall': 0.9711111111111111, 'f1-score': 0.971021832963023, 'support': 1800.0}}","[[186   2   5   2   2   2   0   0   1]
 [  0 198   0   0   0   0   0   1   1]
 [  0   0 199   1   0   0   0   0   0]
 [  1   0   0 199   0   0   0   0   0]
 [  2   0   0   0 195   3   0   0   0]
 [  0   0   0   0   1 199   0   0   0]
 [  0   0   0   0   0   0 186  14   0]
 [  0   0   0   0   0   0   0 200   0]
 [  0   6   1   0   0   0   3   4 186]]",54.31739115715027,0.009506702423095703
16,N_BaIoT,2,None,QuantileTransformer,MLP,0.8810185632447869,-1,-1,97.4074074074074,88.33333333333333,1.4583333333333333,82.83878796397207,84.65660706816432,-1,"{'0Normal': {'precision': 0.9950248756218906, 'recall': 1.0, 'f1-score': 0.9975062344139651, 'support': 200.0}, 'ack': {'precision': 1.0, 'recall': 0.975, 'f1-score': 0.9873417721518987, 'support': 200.0}, 'combo': {'precision': 0.9900990099009901, 'recall': 1.0, 'f1-score': 0.9950248756218906, 'support': 200.0}, 'junk': {'precision': 1.0, 'recall': 0.99, 'f1-score': 0.9949748743718593, 'support': 200.0}, 'scan': {'precision': 0.9949748743718593, 'recall': 0.99, 'f1-score': 0.9924812030075189, 'support': 200.0}, 'syn': {'precision': 0.995, 'recall': 0.995, 'f1-score': 0.995, 'support': 200.0}, 'tcp': {'precision': 0.0, 'recall': 0.0, 'f1-score': 0.0, 'support': 200.0}, 'udp': {'precision': 0.5, 'recall': 1.0, 'f1-score': 0.6666666666666666, 'support': 200.0}, 'udpplain': {'precision': 0.9803921568627451, 'recall': 1.0, 'f1-score': 0.99009900990099, 'support': 200.0}, 'accuracy': 0.8833333333333333, 'macro avg': {'precision': 0.8283878796397206, 'recall': 0.8833333333333333, 'f1-score': 0.8465660706816432, 'support': 1800.0}, 'weighted avg': {'precision': 0.8283878796397206, 'recall': 0.8833333333333333, 'f1-score': 0.8465660706816432, 'support': 1800.0}}","[[200   0   0   0   0   0   0   0   0]
 [  0 195   0   0   0   1   0   0   4]
 [  0   0 200   0   0   0   0   0   0]
 [  0   0   1 198   0   0   1   0   0]
 [  1   0   1   0 198   0   0   0   0]
 [  0   0   0   0   1 199   0   0   0]
 [  0   0   0   0   0   0   0 200   0]
 [  0   0   0   0   0   0   0 200   0]
 [  0   0   0   0   0   0   0   0 200]]",11.707226514816284,0.019104719161987305
17,N_BaIoT,2,None,QuantileTransformer,LGBM,0.9981263862876103,-1,-1,99.96296296296296,99.83333333333333,0.020833333333333336,99.83416252072969,99.8331923549955,-1,"{'0Normal': {'precision': 0.9950248756218906, 'recall': 1.0, 'f1-score': 0.9975062344139651, 'support': 200.0}, 'ack': {'precision': 1.0, 'recall': 0.995, 'f1-score': 0.9974937343358395, 'support': 200.0}, 'combo': {'precision': 0.9950248756218906, 'recall': 1.0, 'f1-score': 0.9975062344139651, 'support': 200.0}, 'junk': {'precision': 1.0, 'recall': 1.0, 'f1-score': 1.0, 'support': 200.0}, 'scan': {'precision': 1.0, 'recall': 0.99, 'f1-score': 0.9949748743718593, 'support': 200.0}, 'syn': {'precision': 1.0, 'recall': 1.0, 'f1-score': 1.0, 'support': 200.0}, 'tcp': {'precision': 1.0, 'recall': 1.0, 'f1-score': 1.0, 'support': 200.0}, 'udp': {'precision': 1.0, 'recall': 1.0, 'f1-score': 1.0, 'support': 200.0}, 'udpplain': {'precision': 0.9950248756218906, 'recall': 1.0, 'f1-score': 0.9975062344139651, 'support': 200.0}, 'accuracy': 0.9983333333333333, 'macro avg': {'precision': 0.9983416252072969, 'recall': 0.9983333333333333, 'f1-score': 0.998331923549955, 'support': 1800.0}, 'weighted avg': {'precision': 0.9983416252072969, 'recall': 0.9983333333333333, 'f1-score': 0.9983319235499549, 'support': 1800.0}}","[[200   0   0   0   0   0   0   0   0]
 [  0 199   0   0   0   0   0   0   1]
 [  0   0 200   0   0   0   0   0   0]
 [  0   0   0 200   0   0   0   0   0]
 [  1   0   1   0 198   0   0   0   0]
 [  0   0   0   0   0 200   0   0   0]
 [  0   0   0   0   0   0 200   0   0]
 [  0   0   0   0   0   0   0 200   0]
 [  0   0   0   0   0   0   0   0 200]]",78.14512228965759,0.023206710815429688
18,N_BaIoT,2,None,QuantileTransformer,RF,0.9987510403662089,-1,-1,99.97530864197532,99.8888888888889,0.013888888888888888,99.88944168048646,99.88874825777543,-1,"{'0Normal': {'precision': 1.0, 'recall': 1.0, 'f1-score': 1.0, 'support': 200.0}, 'ack': {'precision': 1.0, 'recall': 1.0, 'f1-score': 1.0, 'support': 200.0}, 'combo': {'precision': 0.9950248756218906, 'recall': 1.0, 'f1-score': 0.9975062344139651, 'support': 200.0}, 'junk': {'precision': 0.9950248756218906, 'recall': 1.0, 'f1-score': 0.9975062344139651, 'support': 200.0}, 'scan': {'precision': 1.0, 'recall': 0.99, 'f1-score': 0.9949748743718593, 'support': 200.0}, 'syn': {'precision': 1.0, 'recall': 1.0, 'f1-score': 1.0, 'support': 200.0}, 'tcp': {'precision': 1.0, 'recall': 1.0, 'f1-score': 1.0, 'support': 200.0}, 'udp': {'precision': 1.0, 'recall': 1.0, 'f1-score': 1.0, 'support': 200.0}, 'udpplain': {'precision': 1.0, 'recall': 1.0, 'f1-score': 1.0, 'support': 200.0}, 'accuracy': 0.9988888888888889, 'macro avg': {'precision': 0.9988944168048646, 'recall': 0.9988888888888889, 'f1-score': 0.9988874825777544, 'support': 1800.0}, 'weighted avg': {'precision': 0.9988944168048646, 'recall': 0.9988888888888889, 'f1-score': 0.9988874825777543, 'support': 1800.0}}","[[200   0   0   0   0   0   0   0   0]
 [  0 200   0   0   0   0   0   0   0]
 [  0   0 200   0   0   0   0   0   0]
 [  0   0   0 200   0   0   0   0   0]
 [  0   0   1   1 198   0   0   0   0]
 [  0   0   0   0   0 200   0   0   0]
 [  0   0   0   0   0   0 200   0   0]
 [  0   0   0   0   0   0   0 200   0]
 [  0   0   0   0   0   0   0   0 200]]",7.023187637329102,0.026761770248413086
19,N_BaIoT,2,None,QuantileTransformer,SGD,0.7708187700078145,-1,-1,95.1604938271605,78.22222222222223,2.722222222222222,76.73523511352029,74.743873948345,-1,"{'0Normal': {'precision': 0.995, 'recall': 0.995, 'f1-score': 0.995, 'support': 200.0}, 'ack': {'precision': 1.0, 'recall': 0.64, 'f1-score': 0.7804878048780487, 'support': 200.0}, 'combo': {'precision': 0.961352657004831, 'recall': 0.995, 'f1-score': 0.977886977886978, 'support': 200.0}, 'junk': {'precision': 1.0, 'recall': 0.92, 'f1-score': 0.9583333333333334, 'support': 200.0}, 'scan': {'precision': 1.0, 'recall': 0.55, 'f1-score': 0.7096774193548387, 'support': 200.0}, 'syn': {'precision': 0.5730659025787965, 'recall': 1.0, 'f1-score': 0.7285974499089253, 'support': 200.0}, 'tcp': {'precision': 0.0, 'recall': 0.0, 'f1-score': 0.0, 'support': 200.0}, 'udp': {'precision': 0.46766169154228854, 'recall': 0.94, 'f1-score': 0.6245847176079734, 'support': 200.0}, 'udpplain': {'precision': 0.9090909090909091, 'recall': 1.0, 'f1-score': 0.9523809523809523, 'support': 200.0}, 'accuracy': 0.7822222222222223, 'macro avg': {'precision': 0.7673523511352028, 'recall': 0.7822222222222223, 'f1-score': 0.74743873948345, 'support': 1800.0}, 'weighted avg': {'precision': 0.7673523511352027, 'recall': 0.7822222222222223, 'f1-score': 0.74743873948345, 'support': 1800.0}}","[[199   0   0   0   0   0   0   0   1]
 [  0 128   0   0   0  40   0  14  18]
 [  0   0 199   0   0   1   0   0   0]
 [  0   0   7 184   0   8   0   0   1]
 [  1   0   1   0 110  88   0   0   0]
 [  0   0   0   0   0 200   0   0   0]
 [  0   0   0   0   0   0   0 200   0]
 [  0   0   0   0   0  12   0 188   0]
 [  0   0   0   0   0   0   0   0 200]]",5.204867839813232,0.009703397750854492
20,N_BaIoT,2,poly,QuantileTransformer,HHHv2,0.9887554931013314,-1,-1,99.77777777777777,99.00124941298387,0.125,99.0,98.99844237127485,-1,"{'0Normal': {'precision': 0.98, 'recall': 0.98989898989899, 'f1-score': 0.9849246231155778, 'support': 198.0}, 'ack': {'precision': 0.975, 'recall': 0.9848484848484849, 'f1-score': 0.9798994974874371, 'support': 198.0}, 'combo': {'precision': 1.0, 'recall': 1.0, 'f1-score': 1.0, 'support': 200.0}, 'junk': {'precision': 0.995, 'recall': 1.0, 'f1-score': 0.9974937343358395, 'support': 199.0}, 'scan': {'precision': 0.97, 'recall': 0.9797979797979798, 'f1-score': 0.9748743718592964, 'support': 198.0}, 'syn': {'precision': 1.0, 'recall': 0.9852216748768473, 'f1-score': 0.9925558312655086, 'support': 203.0}, 'tcp': {'precision': 0.995, 'recall': 0.9802955665024631, 'f1-score': 0.9875930521091811, 'support': 203.0}, 'udp': {'precision': 0.995, 'recall': 0.9900497512437811, 'f1-score': 0.9925187032418954, 'support': 201.0}, 'udpplain': {'precision': 1.0, 'recall': 1.0, 'f1-score': 1.0, 'support': 200.0}, 'accuracy': 0.99, 'macro avg': {'precision': 0.99, 'recall': 0.9900124941298386, 'f1-score': 0.9899844237127484, 'support': 1800.0}, 'weighted avg': {'precision': 0.990075, 'recall': 0.99, 'f1-score': 0.9900155762872515, 'support': 1800.0}}","[[196   0   0   1   1   0   0   0   0]
 [  1 195   0   0   2   0   0   0   0]
 [  0   0 200   0   0   0   0   0   0]
 [  0   0   0 199   0   0   0   0   0]
 [  1   3   0   0 194   0   0   0   0]
 [  0   2   0   0   1 200   0   0   0]
 [  2   0   0   0   1   0 199   1   0]
 [  0   0   0   0   1   0   1 199   0]
 [  0   0   0   0   0   0   0   0 200]]",193.40092515945435,0.577056884765625
21,N_BaIoT,2,None,QuantileTransformer,KNN,0.9512642030090611,-1,-1,99.03703703703704,95.66666666666666,0.5416666666666667,95.64789760001324,95.65168461822431,-1,"{'0Normal': {'precision': 0.9899497487437185, 'recall': 0.985, 'f1-score': 0.9874686716791979, 'support': 200.0}, 'ack': {'precision': 0.8656716417910447, 'recall': 0.87, 'f1-score': 0.8678304239401496, 'support': 200.0}, 'combo': {'precision': 0.9593908629441624, 'recall': 0.945, 'f1-score': 0.9521410579345088, 'support': 200.0}, 'junk': {'precision': 0.9458128078817734, 'recall': 0.96, 'f1-score': 0.9528535980148883, 'support': 200.0}, 'scan': {'precision': 0.9949748743718593, 'recall': 0.99, 'f1-score': 0.9924812030075189, 'support': 200.0}, 'syn': {'precision': 0.9851485148514851, 'recall': 0.995, 'f1-score': 0.9900497512437811, 'support': 200.0}, 'tcp': {'precision': 1.0, 'recall': 1.0, 'f1-score': 1.0, 'support': 200.0}, 'udp': {'precision': 0.8917525773195877, 'recall': 0.865, 'f1-score': 0.8781725888324873, 'support': 200.0}, 'udpplain': {'precision': 0.975609756097561, 'recall': 1.0, 'f1-score': 0.9876543209876543, 'support': 200.0}, 'accuracy': 0.9566666666666667, 'macro avg': {'precision': 0.9564789760001324, 'recall': 0.9566666666666666, 'f1-score': 0.9565168461822431, 'support': 1800.0}, 'weighted avg': {'precision': 0.9564789760001324, 'recall': 0.9566666666666667, 'f1-score': 0.956516846182243, 'support': 1800.0}}","[[197   0   0   1   0   1   0   1   0]
 [  0 174   0   0   0   1   0  20   5]
 [  0   0 189  10   0   1   0   0   0]
 [  1   0   7 192   0   0   0   0   0]
 [  1   0   1   0 198   0   0   0   0]
 [  0   0   0   0   1 199   0   0   0]
 [  0   0   0   0   0   0 200   0   0]
 [  0  27   0   0   0   0   0 173   0]
 [  0   0   0   0   0   0   0   0 200]]",0.017098665237426758,0.6282446384429932
22,N_BaIoT,2,None,QuantileTransformer,LDA,0.9541194615327433,-1,-1,99.08641975308642,95.8888888888889,0.513888888888889,96.11328038779195,95.85087655479252,-1,"{'0Normal': {'precision': 0.9836065573770492, 'recall': 0.9, 'f1-score': 0.9399477806788511, 'support': 200.0}, 'ack': {'precision': 0.8995433789954338, 'recall': 0.985, 'f1-score': 0.9403341288782816, 'support': 200.0}, 'combo': {'precision': 0.9754901960784313, 'recall': 0.995, 'f1-score': 0.9851485148514851, 'support': 200.0}, 'junk': {'precision': 0.961352657004831, 'recall': 0.995, 'f1-score': 0.977886977886978, 'support': 200.0}, 'scan': {'precision': 0.9752475247524752, 'recall': 0.985, 'f1-score': 0.9800995024875623, 'support': 200.0}, 'syn': {'precision': 0.9900497512437811, 'recall': 0.995, 'f1-score': 0.9925187032418954, 'support': 200.0}, 'tcp': {'precision': 0.9842931937172775, 'recall': 0.94, 'f1-score': 0.9616368286445013, 'support': 200.0}, 'udp': {'precision': 0.8923766816143498, 'recall': 0.995, 'f1-score': 0.9408983451536643, 'support': 200.0}, 'udpplain': {'precision': 0.9882352941176471, 'recall': 0.84, 'f1-score': 0.9081081081081082, 'support': 200.0}, 'accuracy': 0.9588888888888889, 'macro avg': {'precision': 0.9611328038779194, 'recall': 0.958888888888889, 'f1-score': 0.9585087655479252, 'support': 1800.0}, 'weighted avg': {'precision': 0.9611328038779197, 'recall': 0.9588888888888889, 'f1-score': 0.9585087655479253, 'support': 1800.0}}","[[180   2   5   7   4   0   0   1   1]
 [  0 197   0   0   0   0   0   2   1]
 [  0   0 199   1   0   0   0   0   0]
 [  1   0   0 199   0   0   0   0   0]
 [  2   0   0   0 197   1   0   0   0]
 [  0   0   0   0   1 199   0   0   0]
 [  0   0   0   0   0   0 188  12   0]
 [  0   1   0   0   0   0   0 199   0]
 [  0  19   0   0   0   1   3   9 168]]",68.53228044509888,0.009598255157470703
23,N_BaIoT,2,None,QuantileTransformer,MLP,0.9869150942401342,-1,-1,99.74074074074075,98.83333333333333,0.14583333333333334,98.86540235907223,98.83343240925316,-1,"{'0Normal': {'precision': 0.99, 'recall': 0.99, 'f1-score': 0.99, 'support': 200.0}, 'ack': {'precision': 1.0, 'recall': 0.975, 'f1-score': 0.9873417721518987, 'support': 200.0}, 'combo': {'precision': 0.995, 'recall': 0.995, 'f1-score': 0.995, 'support': 200.0}, 'junk': {'precision': 0.9900497512437811, 'recall': 0.995, 'f1-score': 0.9925187032418954, 'support': 200.0}, 'scan': {'precision': 1.0, 'recall': 0.985, 'f1-score': 0.9924433249370278, 'support': 200.0}, 'syn': {'precision': 0.970873786407767, 'recall': 1.0, 'f1-score': 0.9852216748768473, 'support': 200.0}, 'tcp': {'precision': 0.9569377990430622, 'recall': 1.0, 'f1-score': 0.9779951100244498, 'support': 200.0}, 'udp': {'precision': 1.0, 'recall': 0.955, 'f1-score': 0.9769820971867007, 'support': 200.0}, 'udpplain': {'precision': 0.9950248756218906, 'recall': 1.0, 'f1-score': 0.9975062344139651, 'support': 200.0}, 'accuracy': 0.9883333333333333, 'macro avg': {'precision': 0.9886540235907224, 'recall': 0.9883333333333333, 'f1-score': 0.9883343240925316, 'support': 1800.0}, 'weighted avg': {'precision': 0.9886540235907223, 'recall': 0.9883333333333333, 'f1-score': 0.9883343240925317, 'support': 1800.0}}","[[198   0   0   1   0   0   1   0   0]
 [  0 195   0   0   0   4   0   0   1]
 [  0   0 199   1   0   0   0   0   0]
 [  0   0   1 199   0   0   0   0   0]
 [  2   0   0   0 197   1   0   0   0]
 [  0   0   0   0   0 200   0   0   0]
 [  0   0   0   0   0   0 200   0   0]
 [  0   0   0   0   0   1   8 191   0]
 [  0   0   0   0   0   0   0   0 200]]",12.633650064468384,0.019039392471313477
24,N_BaIoT,2,None,QuantileTransformer,LGBM,0.9956284570492555,-1,-1,99.91358024691358,99.6111111111111,0.04861111111111111,99.6138505610971,99.61110138835936,-1,"{'0Normal': {'precision': 0.9852216748768473, 'recall': 1.0, 'f1-score': 0.9925558312655086, 'support': 200.0}, 'ack': {'precision': 1.0, 'recall': 0.985, 'f1-score': 0.9924433249370278, 'support': 200.0}, 'combo': {'precision': 1.0, 'recall': 1.0, 'f1-score': 1.0, 'support': 200.0}, 'junk': {'precision': 1.0, 'recall': 0.995, 'f1-score': 0.9974937343358395, 'support': 200.0}, 'scan': {'precision': 0.99, 'recall': 0.99, 'f1-score': 0.99, 'support': 200.0}, 'syn': {'precision': 1.0, 'recall': 1.0, 'f1-score': 1.0, 'support': 200.0}, 'tcp': {'precision': 0.9950248756218906, 'recall': 1.0, 'f1-score': 0.9975062344139651, 'support': 200.0}, 'udp': {'precision': 0.995, 'recall': 0.995, 'f1-score': 0.995, 'support': 200.0}, 'udpplain': {'precision': 1.0, 'recall': 1.0, 'f1-score': 1.0, 'support': 200.0}, 'accuracy': 0.9961111111111111, 'macro avg': {'precision': 0.996138505610971, 'recall': 0.9961111111111111, 'f1-score': 0.9961110138835936, 'support': 1800.0}, 'weighted avg': {'precision': 0.9961385056109708, 'recall': 0.9961111111111111, 'f1-score': 0.9961110138835936, 'support': 1800.0}}","[[200   0   0   0   0   0   0   0   0]
 [  0 197   0   0   2   0   0   1   0]
 [  0   0 200   0   0   0   0   0   0]
 [  1   0   0 199   0   0   0   0   0]
 [  2   0   0   0 198   0   0   0   0]
 [  0   0   0   0   0 200   0   0   0]
 [  0   0   0   0   0   0 200   0   0]
 [  0   0   0   0   0   0   1 199   0]
 [  0   0   0   0   0   0   0   0 200]]",81.46450543403625,0.02257251739501953
25,N_BaIoT,2,None,QuantileTransformer,RF,0.9987513871556677,-1,-1,99.97530864197532,99.8888888888889,0.013888888888888888,99.88998899889991,99.88888611104166,-1,"{'0Normal': {'precision': 0.9900990099009901, 'recall': 1.0, 'f1-score': 0.9950248756218906, 'support': 200.0}, 'ack': {'precision': 1.0, 'recall': 1.0, 'f1-score': 1.0, 'support': 200.0}, 'combo': {'precision': 1.0, 'recall': 1.0, 'f1-score': 1.0, 'support': 200.0}, 'junk': {'precision': 1.0, 'recall': 1.0, 'f1-score': 1.0, 'support': 200.0}, 'scan': {'precision': 1.0, 'recall': 0.99, 'f1-score': 0.9949748743718593, 'support': 200.0}, 'syn': {'precision': 1.0, 'recall': 1.0, 'f1-score': 1.0, 'support': 200.0}, 'tcp': {'precision': 1.0, 'recall': 1.0, 'f1-score': 1.0, 'support': 200.0}, 'udp': {'precision': 1.0, 'recall': 1.0, 'f1-score': 1.0, 'support': 200.0}, 'udpplain': {'precision': 1.0, 'recall': 1.0, 'f1-score': 1.0, 'support': 200.0}, 'accuracy': 0.9988888888888889, 'macro avg': {'precision': 0.998899889988999, 'recall': 0.9988888888888889, 'f1-score': 0.9988888611104166, 'support': 1800.0}, 'weighted avg': {'precision': 0.9988998899889989, 'recall': 0.9988888888888889, 'f1-score': 0.9988888611104165, 'support': 1800.0}}","[[200   0   0   0   0   0   0   0   0]
 [  0 200   0   0   0   0   0   0   0]
 [  0   0 200   0   0   0   0   0   0]
 [  0   0   0 200   0   0   0   0   0]
 [  2   0   0   0 198   0   0   0   0]
 [  0   0   0   0   0 200   0   0   0]
 [  0   0   0   0   0   0 200   0   0]
 [  0   0   0   0   0   0   0 200   0]
 [  0   0   0   0   0   0   0   0 200]]",6.717633485794067,0.026543617248535156
26,N_BaIoT,2,None,QuantileTransformer,NuSVC,0.8781721193763393,-1,-1,97.50617283950618,88.77777777777777,1.4027777777777777,92.01593325754641,88.78152310849701,-1,"{'0Normal': {'precision': 0.9846938775510204, 'recall': 0.965, 'f1-score': 0.9747474747474748, 'support': 200.0}, 'ack': {'precision': 1.0, 'recall': 0.655, 'f1-score': 0.7915407854984895, 'support': 200.0}, 'combo': {'precision': 0.9656862745098039, 'recall': 0.985, 'f1-score': 0.9752475247524752, 'support': 200.0}, 'junk': {'precision': 0.9796954314720813, 'recall': 0.965, 'f1-score': 0.9722921914357683, 'support': 200.0}, 'scan': {'precision': 0.7226277372262774, 'recall': 0.99, 'f1-score': 0.8354430379746836, 'support': 200.0}, 'syn': {'precision': 1.0, 'recall': 0.635, 'f1-score': 0.7767584097859327, 'support': 200.0}, 'tcp': {'precision': 1.0, 'recall': 1.0, 'f1-score': 1.0, 'support': 200.0}, 'udp': {'precision': 0.9814814814814815, 'recall': 0.795, 'f1-score': 0.8784530386740332, 'support': 200.0}, 'udpplain': {'precision': 0.6472491909385113, 'recall': 1.0, 'f1-score': 0.7858546168958743, 'support': 200.0}, 'accuracy': 0.8877777777777778, 'macro avg': {'precision': 0.920159332575464, 'recall': 0.8877777777777778, 'f1-score': 0.8878152310849701, 'support': 1800.0}, 'weighted avg': {'precision': 0.920159332575464, 'recall': 0.8877777777777778, 'f1-score': 0.8878152310849702, 'support': 1800.0}}","[[193   0   0   1   3   0   0   3   0]
 [  0 131   0   0   1   0   0   0  68]
 [  0   0 197   3   0   0   0   0   0]
 [  1   0   6 193   0   0   0   0   0]
 [  2   0   0   0 198   0   0   0   0]
 [  0   0   1   0  72 127   0   0   0]
 [  0   0   0   0   0   0 200   0   0]
 [  0   0   0   0   0   0   0 159  41]
 [  0   0   0   0   0   0   0   0 200]]",189.73305702209473,62.54065489768982
27,N_BaIoT,2,None,QuantileTransformer,SGD,0.9464948676893139,-1,-1,98.91358024691358,95.11111111111111,0.6111111111111112,95.99539091443252,94.94231524521811,-1,"{'0Normal': {'precision': 0.995, 'recall': 0.995, 'f1-score': 0.995, 'support': 200.0}, 'ack': {'precision': 1.0, 'recall': 0.65, 'f1-score': 0.787878787878788, 'support': 200.0}, 'combo': {'precision': 0.975609756097561, 'recall': 1.0, 'f1-score': 0.9876543209876543, 'support': 200.0}, 'junk': {'precision': 1.0, 'recall': 0.975, 'f1-score': 0.9873417721518987, 'support': 200.0}, 'scan': {'precision': 0.99, 'recall': 0.99, 'f1-score': 0.99, 'support': 200.0}, 'syn': {'precision': 1.0, 'recall': 0.99, 'f1-score': 0.9949748743718593, 'support': 200.0}, 'tcp': {'precision': 0.9896907216494846, 'recall': 0.96, 'f1-score': 0.9746192893401014, 'support': 200.0}, 'udp': {'precision': 0.9259259259259259, 'recall': 1.0, 'f1-score': 0.9615384615384615, 'support': 200.0}, 'udpplain': {'precision': 0.7633587786259542, 'recall': 1.0, 'f1-score': 0.8658008658008659, 'support': 200.0}, 'accuracy': 0.9511111111111111, 'macro avg': {'precision': 0.9599539091443252, 'recall': 0.9511111111111111, 'f1-score': 0.9494231524521811, 'support': 1800.0}, 'weighted avg': {'precision': 0.9599539091443252, 'recall': 0.9511111111111111, 'f1-score': 0.949423152452181, 'support': 1800.0}}","[[199   0   0   0   0   0   1   0   0]
 [  0 130   0   0   0   0   0   8  62]
 [  0   0 200   0   0   0   0   0   0]
 [  0   0   4 195   0   0   1   0   0]
 [  1   0   1   0 198   0   0   0   0]
 [  0   0   0   0   2 198   0   0   0]
 [  0   0   0   0   0   0 192   8   0]
 [  0   0   0   0   0   0   0 200   0]
 [  0   0   0   0   0   0   0   0 200]]",6.637826681137085,0.009903430938720703
28,N_BaIoT,2,linear,QuantileTransformer,HHHv2,0.844562566336357,-1,-1,96.90123456790124,86.35891017321116,1.7430555555555556,86.05555555555556,85.51942468630764,-1,"{'0Normal': {'precision': 0.785, 'recall': 0.9631901840490797, 'f1-score': 0.8650137741046833, 'support': 163.0}, 'ack': {'precision': 0.915, 'recall': 0.8511627906976744, 'f1-score': 0.8819277108433735, 'support': 215.0}, 'combo': {'precision': 0.93, 'recall': 0.8691588785046729, 'f1-score': 0.8985507246376813, 'support': 214.0}, 'junk': {'precision': 0.97, 'recall': 0.8858447488584474, 'f1-score': 0.9260143198090691, 'support': 219.0}, 'scan': {'precision': 0.88, 'recall': 0.8502415458937198, 'f1-score': 0.8648648648648648, 'support': 207.0}, 'syn': {'precision': 0.965, 'recall': 0.8391304347826087, 'f1-score': 0.8976744186046511, 'support': 230.0}, 'tcp': {'precision': 0.945, 'recall': 0.84375, 'f1-score': 0.8915094339622641, 'support': 224.0}, 'udp': {'precision': 0.825, 'recall': 0.8009708737864077, 'f1-score': 0.8128078817733989, 'support': 206.0}, 'udpplain': {'precision': 0.53, 'recall': 0.8688524590163934, 'f1-score': 0.6583850931677019, 'support': 122.0}, 'accuracy': 0.8605555555555555, 'macro avg': {'precision': 0.8605555555555555, 'recall': 0.8635891017321116, 'f1-score': 0.8551942468630764, 'support': 1800.0}, 'weighted avg': {'precision': 0.8814055555555557, 'recall': 0.8605555555555555, 'f1-score': 0.8659168642480346, 'support': 1800.0}}","[[157   0   2   0   2   0   0   0   2]
 [  3 183   2   1   2   1   0   2  21]
 [ 11   2 186   1   2   0   0   2  10]
 [ 14   0   1 194   2   0   0   0   8]
 [  6   1   1   0 176   1   0   7  15]
 [  6   3   0   0   4 193   0   4  20]
 [  0   0   3   2   3   2 189  15  10]
 [  0   8   4   2   5   3  11 165   8]
 [  3   3   1   0   4   0   0   5 106]]",313.2036190032959,0.5249152183532715
29,N_BaIoT,2,None,QuantileTransformer,KNN,0.8415578658897616,-1,-1,96.64197530864197,84.88888888888889,1.8888888888888888,79.80966363603778,81.53916100828064,-1,"{'0Normal': {'precision': 0.9899497487437185, 'recall': 0.985, 'f1-score': 0.9874686716791979, 'support': 200.0}, 'ack': {'precision': 0.8838383838383839, 'recall': 0.875, 'f1-score': 0.8793969849246231, 'support': 200.0}, 'combo': {'precision': 0.9689119170984456, 'recall': 0.935, 'f1-score': 0.9516539440203563, 'support': 200.0}, 'junk': {'precision': 0.9371980676328503, 'recall': 0.97, 'f1-score': 0.9533169533169534, 'support': 200.0}, 'scan': {'precision': 1.0, 'recall': 0.99, 'f1-score': 0.9949748743718593, 'support': 200.0}, 'syn': {'precision': 0.9803921568627451, 'recall': 1.0, 'f1-score': 0.99009900990099, 'support': 200.0}, 'tcp': {'precision': 0.0, 'recall': 0.0, 'f1-score': 0.0, 'support': 200.0}, 'udp': {'precision': 0.44696969696969696, 'recall': 0.885, 'f1-score': 0.5939597315436241, 'support': 200.0}, 'udpplain': {'precision': 0.975609756097561, 'recall': 1.0, 'f1-score': 0.9876543209876543, 'support': 200.0}, 'accuracy': 0.8488888888888889, 'macro avg': {'precision': 0.7980966363603779, 'recall': 0.8488888888888888, 'f1-score': 0.8153916100828065, 'support': 1800.0}, 'weighted avg': {'precision': 0.7980966363603779, 'recall': 0.8488888888888889, 'f1-score': 0.8153916100828066, 'support': 1800.0}}","[[197   0   0   2   0   1   0   0   0]
 [  0 175   0   0   0   1   0  19   5]
 [  0   0 187  11   0   2   0   0   0]
 [  1   0   5 194   0   0   0   0   0]
 [  1   0   1   0 198   0   0   0   0]
 [  0   0   0   0   0 200   0   0   0]
 [  0   0   0   0   0   0   0 200   0]
 [  0  23   0   0   0   0   0 177   0]
 [  0   0   0   0   0   0   0   0 200]]",0.013245105743408203,0.5874824523925781
30,N_BaIoT,2,None,QuantileTransformer,LDA,0.9504410013316071,-1,-1,99.01234567901234,95.55555555555554,0.5555555555555556,95.73385049993232,95.45312511035068,-1,"{'0Normal': {'precision': 0.9888268156424581, 'recall': 0.885, 'f1-score': 0.9340369393139841, 'support': 200.0}, 'ack': {'precision': 0.9333333333333333, 'recall': 0.98, 'f1-score': 0.9560975609756097, 'support': 200.0}, 'combo': {'precision': 0.9611650485436893, 'recall': 0.99, 'f1-score': 0.9753694581280788, 'support': 200.0}, 'junk': {'precision': 0.961352657004831, 'recall': 0.995, 'f1-score': 0.977886977886978, 'support': 200.0}, 'scan': {'precision': 0.9752475247524752, 'recall': 0.985, 'f1-score': 0.9800995024875623, 'support': 200.0}, 'syn': {'precision': 0.9754901960784313, 'recall': 0.995, 'f1-score': 0.9851485148514851, 'support': 200.0}, 'tcp': {'precision': 0.91324200913242, 'recall': 1.0, 'f1-score': 0.954653937947494, 'support': 200.0}, 'udp': {'precision': 0.9198113207547169, 'recall': 0.975, 'f1-score': 0.9466019417475728, 'support': 200.0}, 'udpplain': {'precision': 0.9875776397515528, 'recall': 0.795, 'f1-score': 0.8808864265927977, 'support': 200.0}, 'accuracy': 0.9555555555555556, 'macro avg': {'precision': 0.9573385049993232, 'recall': 0.9555555555555555, 'f1-score': 0.9545312511035069, 'support': 1800.0}, 'weighted avg': {'precision': 0.957338504999323, 'recall': 0.9555555555555556, 'f1-score': 0.954531251103507, 'support': 1800.0}}","[[177   3   6   5   3   4   2   0   0]
 [  0 196   0   0   0   0   2   1   1]
 [  0   0 198   2   0   0   0   0   0]
 [  1   0   0 199   0   0   0   0   0]
 [  1   0   1   0 197   1   0   0   0]
 [  0   0   0   0   1 199   0   0   0]
 [  0   0   0   0   0   0 200   0   0]
 [  0   1   0   0   0   0   3 195   1]
 [  0  10   1   1   1   0  12  16 159]]",44.87118577957153,0.009586572647094727
31,N_BaIoT,2,None,QuantileTransformer,MLP,0.8785494572705415,-1,-1,97.35802469135803,88.1111111111111,1.4861111111111112,82.56581430716997,84.407469891388,-1,"{'0Normal': {'precision': 0.995, 'recall': 0.995, 'f1-score': 0.995, 'support': 200.0}, 'ack': {'precision': 1.0, 'recall': 0.97, 'f1-score': 0.9847715736040609, 'support': 200.0}, 'combo': {'precision': 0.9850746268656716, 'recall': 0.99, 'f1-score': 0.9875311720698254, 'support': 200.0}, 'junk': {'precision': 0.99, 'recall': 0.99, 'f1-score': 0.99, 'support': 200.0}, 'scan': {'precision': 0.9949748743718593, 'recall': 0.99, 'f1-score': 0.9924812030075189, 'support': 200.0}, 'syn': {'precision': 0.995, 'recall': 0.995, 'f1-score': 0.995, 'support': 200.0}, 'tcp': {'precision': 0.0, 'recall': 0.0, 'f1-score': 0.0, 'support': 200.0}, 'udp': {'precision': 0.5, 'recall': 1.0, 'f1-score': 0.6666666666666666, 'support': 200.0}, 'udpplain': {'precision': 0.970873786407767, 'recall': 1.0, 'f1-score': 0.9852216748768473, 'support': 200.0}, 'accuracy': 0.8811111111111111, 'macro avg': {'precision': 0.8256581430716997, 'recall': 0.8811111111111111, 'f1-score': 0.84407469891388, 'support': 1800.0}, 'weighted avg': {'precision': 0.8256581430716998, 'recall': 0.8811111111111111, 'f1-score': 0.84407469891388, 'support': 1800.0}}","[[199   0   0   1   0   0   0   0   0]
 [  0 194   0   0   0   0   0   0   6]
 [  0   0 198   1   0   1   0   0   0]
 [  0   0   2 198   0   0   0   0   0]
 [  1   0   1   0 198   0   0   0   0]
 [  0   0   0   0   1 199   0   0   0]
 [  0   0   0   0   0   0   0 200   0]
 [  0   0   0   0   0   0   0 200   0]
 [  0   0   0   0   0   0   0   0 200]]",17.54338026046753,0.019134998321533203
32,N_BaIoT,2,None,QuantileTransformer,LGBM,0.4488037482910303,-1,-1,88.19753086419753,46.888888888888886,6.638888888888888,52.5740989530214,44.01824638193588,-1,"{'0Normal': {'precision': 0.9785714285714285, 'recall': 0.685, 'f1-score': 0.8058823529411765, 'support': 200.0}, 'ack': {'precision': 0.9436619718309859, 'recall': 0.67, 'f1-score': 0.7836257309941521, 'support': 200.0}, 'combo': {'precision': 0.5073529411764706, 'recall': 0.345, 'f1-score': 0.4107142857142857, 'support': 200.0}, 'junk': {'precision': 0.4782608695652174, 'recall': 0.605, 'f1-score': 0.5342163355408389, 'support': 200.0}, 'scan': {'precision': 0.92, 'recall': 0.23, 'f1-score': 0.368, 'support': 200.0}, 'syn': {'precision': 0.2243958573072497, 'recall': 0.975, 'f1-score': 0.3648269410664172, 'support': 200.0}, 'tcp': {'precision': 0.0, 'recall': 0.0, 'f1-score': 0.0, 'support': 200.0}, 'udp': {'precision': 0.0, 'recall': 0.0, 'f1-score': 0.0, 'support': 200.0}, 'udpplain': {'precision': 0.6794258373205742, 'recall': 0.71, 'f1-score': 0.6943765281173594, 'support': 200.0}, 'accuracy': 0.4688888888888889, 'macro avg': {'precision': 0.525740989530214, 'recall': 0.46888888888888886, 'f1-score': 0.4401824638193588, 'support': 1800.0}, 'weighted avg': {'precision': 0.525740989530214, 'recall': 0.4688888888888889, 'f1-score': 0.4401824638193588, 'support': 1800.0}}","[[137   0   2  12   3  44   0   0   2]
 [  0 134   9  16   0  11   0   0  30]
 [  1   0  69  61   1  67   0   1   0]
 [  0   0  45 121   0  34   0   0   0]
 [  0   0   0   0  46 153   0   0   1]
 [  0   0   1   4   0 195   0   0   0]
 [  0   0   0   0   0 200   0   0   0]
 [  2   6   6  13   0 139   0   0  34]
 [  0   2   4  26   0  26   0   0 142]]",56.9562201499939,0.022965192794799805
33,N_BaIoT,2,None,QuantileTransformer,RF,0.98760082273041,-1,-1,99.75308641975309,98.88888888888889,0.1388888888888889,98.96425412997772,98.88717677417696,-1,"{'0Normal': {'precision': 1.0, 'recall': 0.995, 'f1-score': 0.9974937343358395, 'support': 200.0}, 'ack': {'precision': 1.0, 'recall': 1.0, 'f1-score': 1.0, 'support': 200.0}, 'combo': {'precision': 0.9950248756218906, 'recall': 1.0, 'f1-score': 0.9975062344139651, 'support': 200.0}, 'junk': {'precision': 0.9900990099009901, 'recall': 1.0, 'f1-score': 0.9950248756218906, 'support': 200.0}, 'scan': {'precision': 1.0, 'recall': 0.99, 'f1-score': 0.9949748743718593, 'support': 200.0}, 'syn': {'precision': 1.0, 'recall': 1.0, 'f1-score': 1.0, 'support': 200.0}, 'tcp': {'precision': 1.0, 'recall': 0.915, 'f1-score': 0.9556135770234987, 'support': 200.0}, 'udp': {'precision': 0.9216589861751152, 'recall': 1.0, 'f1-score': 0.9592326139088729, 'support': 200.0}, 'udpplain': {'precision': 1.0, 'recall': 1.0, 'f1-score': 1.0, 'support': 200.0}, 'accuracy': 0.9888888888888889, 'macro avg': {'precision': 0.9896425412997772, 'recall': 0.9888888888888889, 'f1-score': 0.9888717677417697, 'support': 1800.0}, 'weighted avg': {'precision': 0.9896425412997774, 'recall': 0.9888888888888889, 'f1-score': 0.9888717677417695, 'support': 1800.0}}","[[199   0   0   1   0   0   0   0   0]
 [  0 200   0   0   0   0   0   0   0]
 [  0   0 200   0   0   0   0   0   0]
 [  0   0   0 200   0   0   0   0   0]
 [  0   0   1   1 198   0   0   0   0]
 [  0   0   0   0   0 200   0   0   0]
 [  0   0   0   0   0   0 183  17   0]
 [  0   0   0   0   0   0   0 200   0]
 [  0   0   0   0   0   0   0   0 200]]",5.701730489730835,0.02545309066772461
34,N_BaIoT,2,None,QuantileTransformer,SGD,0.9072995159172313,-1,-1,98.12345679012346,91.55555555555556,1.0555555555555556,92.84485950695628,91.3762497949501,-1,"{'0Normal': {'precision': 1.0, 'recall': 0.99, 'f1-score': 0.9949748743718593, 'support': 200.0}, 'ack': {'precision': 0.9943820224719101, 'recall': 0.885, 'f1-score': 0.9365079365079365, 'support': 200.0}, 'combo': {'precision': 0.9900497512437811, 'recall': 0.995, 'f1-score': 0.9925187032418954, 'support': 200.0}, 'junk': {'precision': 0.9949748743718593, 'recall': 0.99, 'f1-score': 0.9924812030075189, 'support': 200.0}, 'scan': {'precision': 0.8024193548387096, 'recall': 0.995, 'f1-score': 0.8883928571428571, 'support': 200.0}, 'syn': {'precision': 1.0, 'recall': 0.785, 'f1-score': 0.8795518207282913, 'support': 200.0}, 'tcp': {'precision': 0.7194244604316546, 'recall': 1.0, 'f1-score': 0.8368200836820083, 'support': 200.0}, 'udp': {'precision': 0.8695652173913043, 'recall': 0.6, 'f1-score': 0.7100591715976331, 'support': 200.0}, 'udpplain': {'precision': 0.9852216748768473, 'recall': 1.0, 'f1-score': 0.9925558312655086, 'support': 200.0}, 'accuracy': 0.9155555555555556, 'macro avg': {'precision': 0.9284485950695629, 'recall': 0.9155555555555556, 'f1-score': 0.913762497949501, 'support': 1800.0}, 'weighted avg': {'precision': 0.928448595069563, 'recall': 0.9155555555555556, 'f1-score': 0.9137624979495009, 'support': 1800.0}}","[[198   0   0   0   1   0   0   0   1]
 [  0 177   0   0   4   0   0  18   1]
 [  0   0 199   1   0   0   0   0   0]
 [  0   0   1 198   0   0   0   0   1]
 [  0   0   1   0 199   0   0   0   0]
 [  0   0   0   0  43 157   0   0   0]
 [  0   0   0   0   0   0 200   0   0]
 [  0   1   0   0   1   0  78 120   0]
 [  0   0   0   0   0   0   0   0 200]]",4.2632410526275635,0.009856700897216797
35,N_BaIoT,2,sigmoid,QuantileTransformer,HHHv2,0.2807650379754518,-1,-1,85.72839506172839,35.24037926054281,8.027777777777779,35.77777777777778,34.17390662700785,-1,"{'0Normal': {'precision': 0.105, 'recall': 0.18421052631578946, 'f1-score': 0.1337579617834395, 'support': 114.0}, 'ack': {'precision': 0.45, 'recall': 0.4072398190045249, 'f1-score': 0.42755344418052255, 'support': 221.0}, 'combo': {'precision': 0.115, 'recall': 0.17293233082706766, 'f1-score': 0.13813813813813816, 'support': 133.0}, 'junk': {'precision': 0.19, 'recall': 0.3486238532110092, 'f1-score': 0.24595469255663427, 'support': 109.0}, 'scan': {'precision': 0.385, 'recall': 0.5167785234899329, 'f1-score': 0.44126074498567336, 'support': 149.0}, 'syn': {'precision': 0.455, 'recall': 0.3855932203389831, 'f1-score': 0.41743119266055045, 'support': 236.0}, 'tcp': {'precision': 0.445, 'recall': 0.2507042253521127, 'f1-score': 0.3207207207207208, 'support': 355.0}, 'udp': {'precision': 0.705, 'recall': 0.43119266055045874, 'f1-score': 0.5351043643263758, 'support': 327.0}, 'udpplain': {'precision': 0.37, 'recall': 0.47435897435897434, 'f1-score': 0.41573033707865165, 'support': 156.0}, 'accuracy': 0.35777777777777775, 'macro avg': {'precision': 0.3577777777777778, 'recall': 0.3524037926054281, 'f1-score': 0.3417390662700785, 'support': 1800.0}, 'weighted avg': {'precision': 0.4213333333333334, 'recall': 0.35777777777777775, 'f1-score': 0.3738164892854771, 'support': 1800.0}}","[[ 21   7  23  24  13  11   0   7   8]
 [  8  90  29  35  27  10   0  15   7]
 [  0  11  23  27  14  26  20   7   5]
 [  2  18   9  38   5  18   0  11   8]
 [  7  16  16   2  77   6  14   7   4]
 [  2  18  26  14  18  91  59   7   1]
 [137   6  13   6  20   0  89   0  84]
 [  9  22  41  44  13  30  18 141   9]
 [ 14  12  20  10  13   8   0   5  74]]",138.92101073265076,0.45749998092651367
36,N_BaIoT,0,None,QuantileTransformer,KNN,0.7263209037903973,-1,-1,94.2962962962963,74.33333333333336,3.208333333333333,71.45887768709662,71.40931181057564,-1,"{'0Normal': {'precision': 0.9942857142857143, 'recall': 0.87, 'f1-score': 0.928, 'support': 200.0}, 'ack': {'precision': 0.8439306358381503, 'recall': 0.73, 'f1-score': 0.7828418230563002, 'support': 200.0}, 'combo': {'precision': 0.9021739130434783, 'recall': 0.83, 'f1-score': 0.8645833333333334, 'support': 200.0}, 'junk': {'precision': 0.8262910798122066, 'recall': 0.88, 'f1-score': 0.8523002421307507, 'support': 200.0}, 'scan': {'precision': 0.39490445859872614, 'recall': 0.93, 'f1-score': 0.5543964232488823, 'support': 200.0}, 'syn': {'precision': 0.8928571428571429, 'recall': 1.0, 'f1-score': 0.9433962264150945, 'support': 200.0}, 'tcp': {'precision': 0.0, 'recall': 0.0, 'f1-score': 0.0, 'support': 200.0}, 'udp': {'precision': 0.6821192052980133, 'recall': 0.515, 'f1-score': 0.586894586894587, 'support': 200.0}, 'udpplain': {'precision': 0.8947368421052632, 'recall': 0.935, 'f1-score': 0.9144254278728606, 'support': 200.0}, 'accuracy': 0.7433333333333333, 'macro avg': {'precision': 0.7145887768709661, 'recall': 0.7433333333333335, 'f1-score': 0.7140931181057565, 'support': 1800.0}, 'weighted avg': {'precision': 0.7145887768709661, 'recall': 0.7433333333333333, 'f1-score': 0.7140931181057565, 'support': 1800.0}}","[[174   0   0   8   7   1   0   5   5]
 [  0 146   0   0   0   0   0  39  15]
 [  0   0 166  28   0   5   0   0   1]
 [  1   0  18 176   0   5   0   0   0]
 [  0   0   0   1 186  13   0   0   0]
 [  0   0   0   0   0 200   0   0   0]
 [  0   0   0   0 200   0   0   0   0]
 [  0  18   0   0  78   0   0 103   1]
 [  0   9   0   0   0   0   0   4 187]]",0.0004222393035888672,0.004097700119018555
37,N_BaIoT,0,None,QuantileTransformer,LDA,0.7751583988686852,-1,-1,95.46913580246914,79.61111111111111,2.548611111111111,82.00034899567923,78.86005736944371,-1,"{'0Normal': {'precision': 0.994535519125683, 'recall': 0.91, 'f1-score': 0.9503916449086162, 'support': 200.0}, 'ack': {'precision': 0.6588235294117647, 'recall': 0.84, 'f1-score': 0.7384615384615384, 'support': 200.0}, 'combo': {'precision': 0.8387096774193549, 'recall': 0.91, 'f1-score': 0.8729016786570744, 'support': 200.0}, 'junk': {'precision': 0.8918918918918919, 'recall': 0.825, 'f1-score': 0.8571428571428571, 'support': 200.0}, 'scan': {'precision': 0.9811320754716981, 'recall': 0.52, 'f1-score': 0.6797385620915032, 'support': 200.0}, 'syn': {'precision': 0.6862068965517242, 'recall': 0.995, 'f1-score': 0.8122448979591838, 'support': 200.0}, 'tcp': {'precision': 0.7194244604316546, 'recall': 1.0, 'f1-score': 0.8368200836820083, 'support': 200.0}, 'udp': {'precision': 0.6742424242424242, 'recall': 0.445, 'f1-score': 0.5361445783132531, 'support': 200.0}, 'udpplain': {'precision': 0.935064935064935, 'recall': 0.72, 'f1-score': 0.8135593220338982, 'support': 200.0}, 'accuracy': 0.7961111111111111, 'macro avg': {'precision': 0.8200034899567923, 'recall': 0.7961111111111111, 'f1-score': 0.788600573694437, 'support': 1800.0}, 'weighted avg': {'precision': 0.8200034899567922, 'recall': 0.7961111111111111, 'f1-score': 0.7886005736944369, 'support': 1800.0}}","[[182   0   1   2   1   0   0   5   9]
 [  0 168   0   0   0   0   0  32   0]
 [  0   0 182  18   0   0   0   0   0]
 [  0   0  34 165   1   0   0   0   0]
 [  1   0   0   0 104  89   0   5   1]
 [  0   0   0   0   0 199   0   1   0]
 [  0   0   0   0   0   0 200   0   0]
 [  0  31   0   0   0   2  78  89   0]
 [  0  56   0   0   0   0   0   0 144]]",0.13721108436584473,0.00041222572326660156
38,N_BaIoT,0,None,QuantileTransformer,MLP,0.9210661331995721,-1,-1,98.4074074074074,92.83333333333333,0.8958333333333334,94.03123538751318,92.77941233614516,-1,"{'0Normal': {'precision': 0.9948717948717949, 'recall': 0.97, 'f1-score': 0.9822784810126582, 'support': 200.0}, 'ack': {'precision': 0.9719101123595506, 'recall': 0.865, 'f1-score': 0.9153439153439153, 'support': 200.0}, 'combo': {'precision': 0.9545454545454546, 'recall': 0.945, 'f1-score': 0.949748743718593, 'support': 200.0}, 'junk': {'precision': 0.9359605911330049, 'recall': 0.95, 'f1-score': 0.9429280397022333, 'support': 200.0}, 'scan': {'precision': 0.9753694581280788, 'recall': 0.99, 'f1-score': 0.9826302729528535, 'support': 200.0}, 'syn': {'precision': 1.0, 'recall': 0.995, 'f1-score': 0.9974937343358395, 'support': 200.0}, 'tcp': {'precision': 1.0, 'recall': 0.665, 'f1-score': 0.7987987987987988, 'support': 200.0}, 'udp': {'precision': 0.7169117647058824, 'recall': 0.975, 'f1-score': 0.826271186440678, 'support': 200.0}, 'udpplain': {'precision': 0.91324200913242, 'recall': 1.0, 'f1-score': 0.954653937947494, 'support': 200.0}, 'accuracy': 0.9283333333333333, 'macro avg': {'precision': 0.9403123538751318, 'recall': 0.9283333333333333, 'f1-score': 0.9277941233614515, 'support': 1800.0}, 'weighted avg': {'precision': 0.9403123538751318, 'recall': 0.9283333333333333, 'f1-score': 0.9277941233614514, 'support': 1800.0}}","[[194   0   0   0   5   0   0   0   1]
 [  0 173   0   0   0   0   0  10  17]
 [  0   0 189  11   0   0   0   0   0]
 [  0   0   9 190   0   0   0   0   1]
 [  1   0   0   1 198   0   0   0   0]
 [  0   0   0   1   0 199   0   0   0]
 [  0   0   0   0   0   0 133  67   0]
 [  0   5   0   0   0   0   0 195   0]
 [  0   0   0   0   0   0   0   0 200]]",0.2838122844696045,0.0008840560913085938
39,N_BaIoT,0,None,QuantileTransformer,LGBM,0.9520142526478941,-1,-1,99.01234567901234,95.55555555555554,0.5555555555555556,96.7719356852826,95.38412668930086,-1,"{'0Normal': {'precision': 0.9950248756218906, 'recall': 1.0, 'f1-score': 0.9975062344139651, 'support': 200.0}, 'ack': {'precision': 1.0, 'recall': 1.0, 'f1-score': 1.0, 'support': 200.0}, 'combo': {'precision': 1.0, 'recall': 1.0, 'f1-score': 1.0, 'support': 200.0}, 'junk': {'precision': 0.9950248756218906, 'recall': 1.0, 'f1-score': 0.9975062344139651, 'support': 200.0}, 'scan': {'precision': 1.0, 'recall': 0.99, 'f1-score': 0.9949748743718593, 'support': 200.0}, 'syn': {'precision': 1.0, 'recall': 1.0, 'f1-score': 1.0, 'support': 200.0}, 'tcp': {'precision': 0.7194244604316546, 'recall': 1.0, 'f1-score': 0.8368200836820083, 'support': 200.0}, 'udp': {'precision': 1.0, 'recall': 0.61, 'f1-score': 0.7577639751552795, 'support': 200.0}, 'udpplain': {'precision': 1.0, 'recall': 1.0, 'f1-score': 1.0, 'support': 200.0}, 'accuracy': 0.9555555555555556, 'macro avg': {'precision': 0.9677193568528261, 'recall': 0.9555555555555555, 'f1-score': 0.9538412668930086, 'support': 1800.0}, 'weighted avg': {'precision': 0.9677193568528262, 'recall': 0.9555555555555556, 'f1-score': 0.9538412668930085, 'support': 1800.0}}","[[200   0   0   0   0   0   0   0   0]
 [  0 200   0   0   0   0   0   0   0]
 [  0   0 200   0   0   0   0   0   0]
 [  0   0   0 200   0   0   0   0   0]
 [  1   0   0   1 198   0   0   0   0]
 [  0   0   0   0   0 200   0   0   0]
 [  0   0   0   0   0   0 200   0   0]
 [  0   0   0   0   0   0  78 122   0]
 [  0   0   0   0   0   0   0   0 200]]",0.8316404819488525,0.013087034225463867
40,N_BaIoT,0,None,QuantileTransformer,RF,0.9968808843836986,-1,-1,99.93827160493827,99.72222222222223,0.034722222222222224,99.72685591649595,99.72219965055315,-1,"{'0Normal': {'precision': 1.0, 'recall': 1.0, 'f1-score': 1.0, 'support': 200.0}, 'ack': {'precision': 1.0, 'recall': 1.0, 'f1-score': 1.0, 'support': 200.0}, 'combo': {'precision': 1.0, 'recall': 1.0, 'f1-score': 1.0, 'support': 200.0}, 'junk': {'precision': 0.9950248756218906, 'recall': 1.0, 'f1-score': 0.9975062344139651, 'support': 200.0}, 'scan': {'precision': 1.0, 'recall': 0.995, 'f1-score': 0.9974937343358395, 'support': 200.0}, 'syn': {'precision': 1.0, 'recall': 1.0, 'f1-score': 1.0, 'support': 200.0}, 'tcp': {'precision': 0.9803921568627451, 'recall': 1.0, 'f1-score': 0.99009900990099, 'support': 200.0}, 'udp': {'precision': 1.0, 'recall': 0.98, 'f1-score': 0.98989898989899, 'support': 200.0}, 'udpplain': {'precision': 1.0, 'recall': 1.0, 'f1-score': 1.0, 'support': 200.0}, 'accuracy': 0.9972222222222222, 'macro avg': {'precision': 0.9972685591649595, 'recall': 0.9972222222222222, 'f1-score': 0.9972219965055316, 'support': 1800.0}, 'weighted avg': {'precision': 0.9972685591649596, 'recall': 0.9972222222222222, 'f1-score': 0.9972219965055317, 'support': 1800.0}}","[[200   0   0   0   0   0   0   0   0]
 [  0 200   0   0   0   0   0   0   0]
 [  0   0 200   0   0   0   0   0   0]
 [  0   0   0 200   0   0   0   0   0]
 [  0   0   0   1 199   0   0   0   0]
 [  0   0   0   0   0 200   0   0   0]
 [  0   0   0   0   0   0 200   0   0]
 [  0   0   0   0   0   0   4 196   0]
 [  0   0   0   0   0   0   0   0 200]]",0.13769125938415527,0.011010408401489258
41,N_BaIoT,0,None,QuantileTransformer,SGD,0.628314865625947,-1,-1,92.1604938271605,64.72222222222221,4.409722222222222,68.7070978169435,62.26330197933394,-1,"{'0Normal': {'precision': 0.9948186528497409, 'recall': 0.96, 'f1-score': 0.9770992366412213, 'support': 200.0}, 'ack': {'precision': 0.9838709677419355, 'recall': 0.305, 'f1-score': 0.46564885496183206, 'support': 200.0}, 'combo': {'precision': 0.907608695652174, 'recall': 0.835, 'f1-score': 0.8697916666666666, 'support': 200.0}, 'junk': {'precision': 0.3111111111111111, 'recall': 0.91, 'f1-score': 0.46369426751592363, 'support': 200.0}, 'scan': {'precision': 0.8355263157894737, 'recall': 0.635, 'f1-score': 0.7215909090909092, 'support': 200.0}, 'syn': {'precision': 1.0, 'recall': 0.785, 'f1-score': 0.8795518207282913, 'support': 200.0}, 'tcp': {'precision': 0.0, 'recall': 0.0, 'f1-score': 0.0, 'support': 200.0}, 'udp': {'precision': 0.5096774193548387, 'recall': 0.395, 'f1-score': 0.4450704225352113, 'support': 200.0}, 'udpplain': {'precision': 0.6410256410256411, 'recall': 1.0, 'f1-score': 0.7812500000000001, 'support': 200.0}, 'accuracy': 0.6472222222222223, 'macro avg': {'precision': 0.6870709781694351, 'recall': 0.6472222222222221, 'f1-score': 0.6226330197933394, 'support': 1800.0}, 'weighted avg': {'precision': 0.687070978169435, 'recall': 0.6472222222222223, 'f1-score': 0.6226330197933395, 'support': 1800.0}}","[[192   0   0   4   0   0   0   3   1]
 [  0  61   0   0   0   0   0  70  69]
 [  0   0 167  33   0   0   0   0   0]
 [  0   0  17 182   1   0   0   0   0]
 [  1   0   0  71 127   0   0   0   1]
 [  0   0   0  16  24 157   0   3   0]
 [  0   0   0 200   0   0   0   0   0]
 [  0   1   0  79   0   0   0  79  41]
 [  0   0   0   0   0   0   0   0 200]]",0.010711193084716797,0.0005595684051513672
42,N_BaIoT,0,None,QuantileTransformer,HHHv2,0.8237347930501944,-1,-1,96.48148148148148,84.19660969140543,1.9791666666666665,84.16666666666667,83.53730845333823,-1,"{'0Normal': {'precision': 0.92, 'recall': 0.9945945945945946, 'f1-score': 0.9558441558441559, 'support': 185.0}, 'ack': {'precision': 0.76, 'recall': 0.7794871794871795, 'f1-score': 0.769620253164557, 'support': 195.0}, 'combo': {'precision': 0.925, 'recall': 0.8222222222222222, 'f1-score': 0.8705882352941177, 'support': 225.0}, 'junk': {'precision': 0.8, 'recall': 0.898876404494382, 'f1-score': 0.8465608465608465, 'support': 178.0}, 'scan': {'precision': 0.855, 'recall': 0.9293478260869565, 'f1-score': 0.890625, 'support': 184.0}, 'syn': {'precision': 0.975, 'recall': 0.874439461883408, 'f1-score': 0.9219858156028369, 'support': 223.0}, 'tcp': {'precision': 1.0, 'recall': 0.7194244604316546, 'f1-score': 0.8368200836820083, 'support': 278.0}, 'udp': {'precision': 0.425, 'recall': 0.648854961832061, 'f1-score': 0.513595166163142, 'support': 131.0}, 'udpplain': {'precision': 0.915, 'recall': 0.9104477611940298, 'f1-score': 0.912718204488778, 'support': 201.0}, 'accuracy': 0.8416666666666667, 'macro avg': {'precision': 0.8416666666666667, 'recall': 0.8419660969140543, 'f1-score': 0.8353730845333823, 'support': 1800.0}, 'weighted avg': {'precision': 0.8673666666666666, 'recall': 0.8416666666666667, 'f1-score': 0.8479602487999508, 'support': 1800.0}}","[[184   0   0   0   1   0   0   0   0]
 [  0 152   0   0   0   0   0  26  17]
 [  1   0 185  39   0   0   0   0   0]
 [  3   0  15 160   0   0   0   0   0]
 [  0   0   0   1 171   1   0  11   0]
 [  1   0   0   0  27 195   0   0   0]
 [  0   0   0   0   0   0 200  78   0]
 [  6  36   0   0   0   4   0  85   0]
 [  5  12   0   0   1   0   0   0 183]]",0.19371485710144043,0.006136894226074219
43,N_BaIoT,0,None,QuantileTransformer,KNN,0.9689091429392384,-1,-1,99.38271604938271,97.22222222222221,0.3472222222222222,97.35986519369439,97.22654646514232,-1,"{'0Normal': {'precision': 0.9898477157360406, 'recall': 0.975, 'f1-score': 0.982367758186398, 'support': 200.0}, 'ack': {'precision': 0.9560975609756097, 'recall': 0.98, 'f1-score': 0.9679012345679012, 'support': 200.0}, 'combo': {'precision': 0.9899497487437185, 'recall': 0.985, 'f1-score': 0.9874686716791979, 'support': 200.0}, 'junk': {'precision': 0.9800995024875622, 'recall': 0.985, 'f1-score': 0.9825436408977556, 'support': 200.0}, 'scan': {'precision': 0.99, 'recall': 0.99, 'f1-score': 0.99, 'support': 200.0}, 'syn': {'precision': 0.9950248756218906, 'recall': 1.0, 'f1-score': 0.9975062344139651, 'support': 200.0}, 'tcp': {'precision': 1.0, 'recall': 0.88, 'f1-score': 0.9361702127659575, 'support': 200.0}, 'udp': {'precision': 0.8761467889908257, 'recall': 0.955, 'f1-score': 0.9138755980861244, 'support': 200.0}, 'udpplain': {'precision': 0.9852216748768473, 'recall': 1.0, 'f1-score': 0.9925558312655086, 'support': 200.0}, 'accuracy': 0.9722222222222222, 'macro avg': {'precision': 0.9735986519369438, 'recall': 0.9722222222222222, 'f1-score': 0.9722654646514233, 'support': 1800.0}, 'weighted avg': {'precision': 0.9735986519369438, 'recall': 0.9722222222222222, 'f1-score': 0.9722654646514232, 'support': 1800.0}}","[[195   0   0   3   2   0   0   0   0]
 [  0 196   0   0   0   0   0   3   1]
 [  0   0 197   1   0   1   0   0   1]
 [  1   0   2 197   0   0   0   0   0]
 [  1   0   0   0 198   0   0   0   1]
 [  0   0   0   0   0 200   0   0   0]
 [  0   0   0   0   0   0 176  24   0]
 [  0   9   0   0   0   0   0 191   0]
 [  0   0   0   0   0   0   0   0 200]]",0.0007443428039550781,0.016221046447753906
44,N_BaIoT,0,None,QuantileTransformer,LDA,0.8933870686836799,-1,-1,97.85185185185186,90.33333333333334,1.2083333333333333,90.67024526907558,89.70711725447562,-1,"{'0Normal': {'precision': 0.9949748743718593, 'recall': 0.99, 'f1-score': 0.9924812030075189, 'support': 200.0}, 'ack': {'precision': 0.84688995215311, 'recall': 0.885, 'f1-score': 0.8655256723716381, 'support': 200.0}, 'combo': {'precision': 0.9024390243902439, 'recall': 0.925, 'f1-score': 0.9135802469135802, 'support': 200.0}, 'junk': {'precision': 0.9470899470899471, 'recall': 0.895, 'f1-score': 0.9203084832904885, 'support': 200.0}, 'scan': {'precision': 0.9850746268656716, 'recall': 0.99, 'f1-score': 0.9875311720698254, 'support': 200.0}, 'syn': {'precision': 1.0, 'recall': 0.99, 'f1-score': 0.9949748743718593, 'support': 200.0}, 'tcp': {'precision': 0.7194244604316546, 'recall': 1.0, 'f1-score': 0.8368200836820083, 'support': 200.0}, 'udp': {'precision': 0.7982456140350878, 'recall': 0.455, 'f1-score': 0.5796178343949046, 'support': 200.0}, 'udpplain': {'precision': 0.966183574879227, 'recall': 1.0, 'f1-score': 0.9828009828009828, 'support': 200.0}, 'accuracy': 0.9033333333333333, 'macro avg': {'precision': 0.9067024526907558, 'recall': 0.9033333333333334, 'f1-score': 0.8970711725447562, 'support': 1800.0}, 'weighted avg': {'precision': 0.9067024526907559, 'recall': 0.9033333333333333, 'f1-score': 0.8970711725447562, 'support': 1800.0}}","[[198   1   0   0   1   0   0   0   0]
 [  0 177   0   0   0   0   0  23   0]
 [  0   0 185  10   0   0   0   0   5]
 [  0   0  20 179   0   0   0   0   1]
 [  1   0   0   0 198   0   0   0   1]
 [  0   0   0   0   2 198   0   0   0]
 [  0   0   0   0   0   0 200   0   0]
 [  0  31   0   0   0   0  78  91   0]
 [  0   0   0   0   0   0   0   0 200]]",0.018704652786254883,0.0004515647888183594
45,N_BaIoT,0,None,QuantileTransformer,MLP,0.9501104299826154,-1,-1,98.97530864197532,95.3888888888889,0.5763888888888888,96.57103487806202,95.21909957877142,-1,"{'0Normal': {'precision': 0.9900990099009901, 'recall': 1.0, 'f1-score': 0.9950248756218906, 'support': 200.0}, 'ack': {'precision': 1.0, 'recall': 1.0, 'f1-score': 1.0, 'support': 200.0}, 'combo': {'precision': 1.0, 'recall': 1.0, 'f1-score': 1.0, 'support': 200.0}, 'junk': {'precision': 1.0, 'recall': 0.995, 'f1-score': 0.9974937343358395, 'support': 200.0}, 'scan': {'precision': 0.9949748743718593, 'recall': 0.99, 'f1-score': 0.9924812030075189, 'support': 200.0}, 'syn': {'precision': 1.0, 'recall': 0.99, 'f1-score': 0.9949748743718593, 'support': 200.0}, 'tcp': {'precision': 0.7194244604316546, 'recall': 1.0, 'f1-score': 0.8368200836820083, 'support': 200.0}, 'udp': {'precision': 0.991869918699187, 'recall': 0.61, 'f1-score': 0.7554179566563467, 'support': 200.0}, 'udpplain': {'precision': 0.9950248756218906, 'recall': 1.0, 'f1-score': 0.9975062344139651, 'support': 200.0}, 'accuracy': 0.9538888888888889, 'macro avg': {'precision': 0.9657103487806202, 'recall': 0.953888888888889, 'f1-score': 0.9521909957877143, 'support': 1800.0}, 'weighted avg': {'precision': 0.9657103487806201, 'recall': 0.9538888888888889, 'f1-score': 0.9521909957877144, 'support': 1800.0}}","[[200   0   0   0   0   0   0   0   0]
 [  0 200   0   0   0   0   0   0   0]
 [  0   0 200   0   0   0   0   0   0]
 [  0   0   0 199   0   0   0   0   1]
 [  2   0   0   0 198   0   0   0   0]
 [  0   0   0   0   1 198   0   1   0]
 [  0   0   0   0   0   0 200   0   0]
 [  0   0   0   0   0   0  78 122   0]
 [  0   0   0   0   0   0   0   0 200]]",1.5278828144073486,0.0008924007415771484
46,N_BaIoT,0,None,QuantileTransformer,LGBM,0.8840560597229481,-1,-1,97.46913580246913,88.61111111111111,1.4236111111111112,83.22277501381978,84.99039020724756,-1,"{'0Normal': {'precision': 1.0, 'recall': 0.99, 'f1-score': 0.9949748743718593, 'support': 200.0}, 'ack': {'precision': 1.0, 'recall': 1.0, 'f1-score': 1.0, 'support': 200.0}, 'combo': {'precision': 1.0, 'recall': 1.0, 'f1-score': 1.0, 'support': 200.0}, 'junk': {'precision': 1.0, 'recall': 1.0, 'f1-score': 1.0, 'support': 200.0}, 'scan': {'precision': 0.9900497512437811, 'recall': 0.995, 'f1-score': 0.9925187032418954, 'support': 200.0}, 'syn': {'precision': 1.0, 'recall': 0.99, 'f1-score': 0.9949748743718593, 'support': 200.0}, 'tcp': {'precision': 0.0, 'recall': 0.0, 'f1-score': 0.0, 'support': 200.0}, 'udp': {'precision': 0.5, 'recall': 1.0, 'f1-score': 0.6666666666666666, 'support': 200.0}, 'udpplain': {'precision': 1.0, 'recall': 1.0, 'f1-score': 1.0, 'support': 200.0}, 'accuracy': 0.8861111111111111, 'macro avg': {'precision': 0.8322277501381978, 'recall': 0.8861111111111111, 'f1-score': 0.8499039020724756, 'support': 1800.0}, 'weighted avg': {'precision': 0.8322277501381979, 'recall': 0.8861111111111111, 'f1-score': 0.8499039020724756, 'support': 1800.0}}","[[198   0   0   0   0   0   2   0   0]
 [  0 200   0   0   0   0   0   0   0]
 [  0   0 200   0   0   0   0   0   0]
 [  0   0   0 200   0   0   0   0   0]
 [  0   0   0   0 199   0   1   0   0]
 [  0   0   0   0   2 198   0   0   0]
 [  0   0   0   0   0   0   0 200   0]
 [  0   0   0   0   0   0   0 200   0]
 [  0   0   0   0   0   0   0   0 200]]",1.8840603828430176,0.01112675666809082
47,N_BaIoT,0,None,QuantileTransformer,RF,0.9993753470053891,-1,-1,99.98765432098764,99.94444444444446,0.006944444444444444,99.94472084024324,99.94444409722007,-1,"{'0Normal': {'precision': 1.0, 'recall': 1.0, 'f1-score': 1.0, 'support': 200.0}, 'ack': {'precision': 1.0, 'recall': 1.0, 'f1-score': 1.0, 'support': 200.0}, 'combo': {'precision': 1.0, 'recall': 1.0, 'f1-score': 1.0, 'support': 200.0}, 'junk': {'precision': 0.9950248756218906, 'recall': 1.0, 'f1-score': 0.9975062344139651, 'support': 200.0}, 'scan': {'precision': 1.0, 'recall': 0.995, 'f1-score': 0.9974937343358395, 'support': 200.0}, 'syn': {'precision': 1.0, 'recall': 1.0, 'f1-score': 1.0, 'support': 200.0}, 'tcp': {'precision': 1.0, 'recall': 1.0, 'f1-score': 1.0, 'support': 200.0}, 'udp': {'precision': 1.0, 'recall': 1.0, 'f1-score': 1.0, 'support': 200.0}, 'udpplain': {'precision': 1.0, 'recall': 1.0, 'f1-score': 1.0, 'support': 200.0}, 'accuracy': 0.9994444444444445, 'macro avg': {'precision': 0.9994472084024323, 'recall': 0.9994444444444446, 'f1-score': 0.9994444409722006, 'support': 1800.0}, 'weighted avg': {'precision': 0.9994472084024324, 'recall': 0.9994444444444445, 'f1-score': 0.9994444409722005, 'support': 1800.0}}","[[200   0   0   0   0   0   0   0   0]
 [  0 200   0   0   0   0   0   0   0]
 [  0   0 200   0   0   0   0   0   0]
 [  0   0   0 200   0   0   0   0   0]
 [  0   0   0   1 199   0   0   0   0]
 [  0   0   0   0   0 200   0   0   0]
 [  0   0   0   0   0   0 200   0   0]
 [  0   0   0   0   0   0   0 200   0]
 [  0   0   0   0   0   0   0   0 200]]",0.9394071102142334,0.010795831680297852
48,N_BaIoT,0,None,QuantileTransformer,SGD,0.8055448438038244,-1,-1,95.85185185185185,81.33333333333333,2.3333333333333335,79.04044828844339,78.57521207479752,-1,"{'0Normal': {'precision': 0.9900497512437811, 'recall': 0.995, 'f1-score': 0.9925187032418954, 'support': 200.0}, 'ack': {'precision': 0.9949748743718593, 'recall': 0.99, 'f1-score': 0.9924812030075189, 'support': 200.0}, 'combo': {'precision': 0.9049773755656109, 'recall': 1.0, 'f1-score': 0.9501187648456058, 'support': 200.0}, 'junk': {'precision': 1.0, 'recall': 0.88, 'f1-score': 0.9361702127659575, 'support': 200.0}, 'scan': {'precision': 0.38, 'recall': 0.855, 'f1-score': 0.5261538461538462, 'support': 200.0}, 'syn': {'precision': 0.8728070175438597, 'recall': 0.995, 'f1-score': 0.9299065420560748, 'support': 200.0}, 'tcp': {'precision': 0.0, 'recall': 0.0, 'f1-score': 0.0, 'support': 200.0}, 'udp': {'precision': 0.9758064516129032, 'recall': 0.605, 'f1-score': 0.7469135802469136, 'support': 200.0}, 'udpplain': {'precision': 0.9950248756218906, 'recall': 1.0, 'f1-score': 0.9975062344139651, 'support': 200.0}, 'accuracy': 0.8133333333333334, 'macro avg': {'precision': 0.7904044828844339, 'recall': 0.8133333333333334, 'f1-score': 0.7857521207479752, 'support': 1800.0}, 'weighted avg': {'precision': 0.7904044828844339, 'recall': 0.8133333333333334, 'f1-score': 0.7857521207479753, 'support': 1800.0}}","[[199   0   0   0   1   0   0   0   0]
 [  0 198   0   0   0   1   0   1   0]
 [  0   0 200   0   0   0   0   0   0]
 [  1   0  21 176   0   1   0   1   0]
 [  1   0   0   0 171  27   0   0   1]
 [  0   0   0   0   0 199   0   1   0]
 [  0   0   0   0 200   0   0   0   0]
 [  0   1   0   0  78   0   0 121   0]
 [  0   0   0   0   0   0   0   0 200]]",0.1762704849243164,0.0005841255187988281
49,N_BaIoT,0,rbf,QuantileTransformer,HHHv2,0.9875500645709145,-1,-1,99.75308641975309,98.92722348559394,0.1388888888888889,98.88888888888889,98.88815870431684,-1,"{'0Normal': {'precision': 0.995, 'recall': 0.9851485148514851, 'f1-score': 0.9900497512437811, 'support': 202.0}, 'ack': {'precision': 1.0, 'recall': 0.9950248756218906, 'f1-score': 0.9975062344139651, 'support': 201.0}, 'combo': {'precision': 0.995, 'recall': 1.0, 'f1-score': 0.9974937343358395, 'support': 199.0}, 'junk': {'precision': 0.995, 'recall': 0.9900497512437811, 'f1-score': 0.9925187032418954, 'support': 201.0}, 'scan': {'precision': 0.98, 'recall': 1.0, 'f1-score': 0.98989898989899, 'support': 196.0}, 'syn': {'precision': 1.0, 'recall': 0.9900990099009901, 'f1-score': 0.9950248756218906, 'support': 202.0}, 'tcp': {'precision': 0.94, 'recall': 1.0, 'f1-score': 0.9690721649484536, 'support': 188.0}, 'udp': {'precision': 0.995, 'recall': 0.943127962085308, 'f1-score': 0.9683698296836982, 'support': 211.0}, 'udpplain': {'precision': 1.0, 'recall': 1.0, 'f1-score': 1.0, 'support': 200.0}, 'accuracy': 0.9888888888888889, 'macro avg': {'precision': 0.9888888888888889, 'recall': 0.9892722348559394, 'f1-score': 0.9888815870431683, 'support': 1800.0}, 'weighted avg': {'precision': 0.9892972222222222, 'recall': 0.9888888888888889, 'f1-score': 0.9888961907346097, 'support': 1800.0}}","[[199   0   0   1   2   0   0   0   0]
 [  0 200   0   0   0   0   0   1   0]
 [  0   0 199   0   0   0   0   0   0]
 [  1   0   1 199   0   0   0   0   0]
 [  0   0   0   0 196   0   0   0   0]
 [  0   0   0   0   2 200   0   0   0]
 [  0   0   0   0   0   0 188   0   0]
 [  0   0   0   0   0   0  12 199   0]
 [  0   0   0   0   0   0   0   0 200]]",187.44994068145752,0.0871422290802002
50,N_BaIoT,0,None,QuantileTransformer,KNN,0.9707392708273804,-1,-1,99.41975308641975,97.38888888888889,0.3263888888888889,97.49505008657157,97.39590466881008,-1,"{'0Normal': {'precision': 0.985, 'recall': 0.985, 'f1-score': 0.985, 'support': 200.0}, 'ack': {'precision': 0.9607843137254902, 'recall': 0.98, 'f1-score': 0.9702970297029702, 'support': 200.0}, 'combo': {'precision': 0.9948186528497409, 'recall': 0.96, 'f1-score': 0.9770992366412213, 'support': 200.0}, 'junk': {'precision': 0.9658536585365853, 'recall': 0.99, 'f1-score': 0.9777777777777777, 'support': 200.0}, 'scan': {'precision': 0.99, 'recall': 0.99, 'f1-score': 0.99, 'support': 200.0}, 'syn': {'precision': 0.9950248756218906, 'recall': 1.0, 'f1-score': 0.9975062344139651, 'support': 200.0}, 'tcp': {'precision': 1.0, 'recall': 0.905, 'f1-score': 0.9501312335958005, 'support': 200.0}, 'udp': {'precision': 0.8930232558139535, 'recall': 0.96, 'f1-score': 0.925301204819277, 'support': 200.0}, 'udpplain': {'precision': 0.9900497512437811, 'recall': 0.995, 'f1-score': 0.9925187032418954, 'support': 200.0}, 'accuracy': 0.9738888888888889, 'macro avg': {'precision': 0.9749505008657157, 'recall': 0.9738888888888888, 'f1-score': 0.9739590466881007, 'support': 1800.0}, 'weighted avg': {'precision': 0.9749505008657157, 'recall': 0.9738888888888889, 'f1-score': 0.9739590466881007, 'support': 1800.0}}","[[197   0   0   1   2   0   0   0   0]
 [  0 196   0   0   0   0   0   3   1]
 [  0   0 192   6   0   1   0   0   1]
 [  1   0   1 198   0   0   0   0   0]
 [  2   0   0   0 198   0   0   0   0]
 [  0   0   0   0   0 200   0   0   0]
 [  0   0   0   0   0   0 181  19   0]
 [  0   8   0   0   0   0   0 192   0]
 [  0   0   0   0   0   0   0   1 199]]",0.0007205009460449219,0.023160934448242188
51,N_BaIoT,0,None,QuantileTransformer,LDA,0.8872288815887167,-1,-1,97.72839506172839,89.77777777777777,1.277777777777778,90.34282468493134,89.23279680483459,-1,"{'0Normal': {'precision': 0.9949494949494949, 'recall': 0.985, 'f1-score': 0.9899497487437187, 'support': 200.0}, 'ack': {'precision': 0.7963800904977375, 'recall': 0.88, 'f1-score': 0.836104513064133, 'support': 200.0}, 'combo': {'precision': 0.8853211009174312, 'recall': 0.965, 'f1-score': 0.923444976076555, 'support': 200.0}, 'junk': {'precision': 0.9776536312849162, 'recall': 0.875, 'f1-score': 0.9234828496042217, 'support': 200.0}, 'scan': {'precision': 0.9850746268656716, 'recall': 0.99, 'f1-score': 0.9875311720698254, 'support': 200.0}, 'syn': {'precision': 1.0, 'recall': 0.995, 'f1-score': 0.9974937343358395, 'support': 200.0}, 'tcp': {'precision': 0.7194244604316546, 'recall': 1.0, 'f1-score': 0.8368200836820083, 'support': 200.0}, 'udp': {'precision': 0.7931034482758621, 'recall': 0.46, 'f1-score': 0.5822784810126583, 'support': 200.0}, 'udpplain': {'precision': 0.9789473684210527, 'recall': 0.93, 'f1-score': 0.9538461538461539, 'support': 200.0}, 'accuracy': 0.8977777777777778, 'macro avg': {'precision': 0.9034282468493134, 'recall': 0.8977777777777778, 'f1-score': 0.8923279680483459, 'support': 1800.0}, 'weighted avg': {'precision': 0.9034282468493134, 'recall': 0.8977777777777778, 'f1-score': 0.8923279680483459, 'support': 1800.0}}","[[197   1   0   0   2   0   0   0   0]
 [  0 176   0   0   0   0   0  24   0]
 [  0   0 193   4   0   0   0   0   3]
 [  0   0  25 175   0   0   0   0   0]
 [  1   0   0   0 198   0   0   0   1]
 [  0   0   0   0   1 199   0   0   0]
 [  0   0   0   0   0   0 200   0   0]
 [  0  30   0   0   0   0  78  92   0]
 [  0  14   0   0   0   0   0   0 186]]",0.018637418746948242,0.0004532337188720703
52,N_BaIoT,0,None,QuantileTransformer,MLP,0.8849416135146279,-1,-1,97.48148148148148,88.66666666666667,1.4166666666666665,83.1541889192207,84.97834286006129,-1,"{'0Normal': {'precision': 0.9900990099009901, 'recall': 1.0, 'f1-score': 0.9950248756218906, 'support': 200.0}, 'ack': {'precision': 1.0, 'recall': 1.0, 'f1-score': 1.0, 'support': 200.0}, 'combo': {'precision': 1.0, 'recall': 1.0, 'f1-score': 1.0, 'support': 200.0}, 'junk': {'precision': 1.0, 'recall': 0.995, 'f1-score': 0.9974937343358395, 'support': 200.0}, 'scan': {'precision': 1.0, 'recall': 0.99, 'f1-score': 0.9949748743718593, 'support': 200.0}, 'syn': {'precision': 1.0, 'recall': 0.995, 'f1-score': 0.9974937343358395, 'support': 200.0}, 'tcp': {'precision': 0.0, 'recall': 0.0, 'f1-score': 0.0, 'support': 200.0}, 'udp': {'precision': 0.49875311720698257, 'recall': 1.0, 'f1-score': 0.6655574043261232, 'support': 200.0}, 'udpplain': {'precision': 0.9950248756218906, 'recall': 1.0, 'f1-score': 0.9975062344139651, 'support': 200.0}, 'accuracy': 0.8866666666666667, 'macro avg': {'precision': 0.8315418891922071, 'recall': 0.8866666666666667, 'f1-score': 0.849783428600613, 'support': 1800.0}, 'weighted avg': {'precision': 0.8315418891922072, 'recall': 0.8866666666666667, 'f1-score': 0.849783428600613, 'support': 1800.0}}","[[200   0   0   0   0   0   0   0   0]
 [  0 200   0   0   0   0   0   0   0]
 [  0   0 200   0   0   0   0   0   0]
 [  0   0   0 199   0   0   0   0   1]
 [  2   0   0   0 198   0   0   0   0]
 [  0   0   0   0   0 199   0   1   0]
 [  0   0   0   0   0   0   0 200   0]
 [  0   0   0   0   0   0   0 200   0]
 [  0   0   0   0   0   0   0   0 200]]",1.2709026336669922,0.0009181499481201172
53,N_BaIoT,0,None,QuantileTransformer,LGBM,0.3954323660440331,-1,-1,87.69135802469135,44.61111111111111,6.923611111111111,41.965733243977766,39.41965765763615,-1,"{'0Normal': {'precision': 0.7383966244725738, 'recall': 0.875, 'f1-score': 0.8009153318077802, 'support': 200.0}, 'ack': {'precision': 0.3237410071942446, 'recall': 0.225, 'f1-score': 0.26548672566371684, 'support': 200.0}, 'combo': {'precision': 0.3504273504273504, 'recall': 0.615, 'f1-score': 0.44646098003629764, 'support': 200.0}, 'junk': {'precision': 0.31313131313131315, 'recall': 0.93, 'f1-score': 0.46851385390428213, 'support': 200.0}, 'scan': {'precision': 0.8095238095238095, 'recall': 0.765, 'f1-score': 0.7866323907455014, 'support': 200.0}, 'syn': {'precision': 0.7530864197530864, 'recall': 0.305, 'f1-score': 0.43416370106761565, 'support': 200.0}, 'tcp': {'precision': 0.0, 'recall': 0.0, 'f1-score': 0.0, 'support': 200.0}, 'udp': {'precision': 0.3136094674556213, 'recall': 0.265, 'f1-score': 0.2872628726287263, 'support': 200.0}, 'udpplain': {'precision': 0.175, 'recall': 0.035, 'f1-score': 0.05833333333333334, 'support': 200.0}, 'accuracy': 0.4461111111111111, 'macro avg': {'precision': 0.41965733243977765, 'recall': 0.44611111111111107, 'f1-score': 0.3941965765763615, 'support': 1800.0}, 'weighted avg': {'precision': 0.4196573324397777, 'recall': 0.4461111111111111, 'f1-score': 0.39419657657636153, 'support': 1800.0}}","[[175   9   2   4   4   2   0   0   4]
 [ 21  45  61   2   5   0   0  59   7]
 [  1   1 123  70   5   0   0   0   0]
 [  0   0   6 186   4   4   0   0   0]
 [  0   9   7  16 153  13   0   0   2]
 [  0   1  77  37   7  61   0   1  16]
 [  0   0   0 200   0   0   0   0   0]
 [ 11  16  38  78   0   0   0  53   4]
 [ 29  58  37   1  11   1   0  56   7]]",1.3873727321624756,0.010637283325195312
54,N_BaIoT,0,None,QuantileTransformer,RF,0.9993753470053891,-1,-1,99.98765432098764,99.94444444444446,0.006944444444444444,99.94472084024324,99.94444409722007,-1,"{'0Normal': {'precision': 1.0, 'recall': 1.0, 'f1-score': 1.0, 'support': 200.0}, 'ack': {'precision': 1.0, 'recall': 1.0, 'f1-score': 1.0, 'support': 200.0}, 'combo': {'precision': 1.0, 'recall': 1.0, 'f1-score': 1.0, 'support': 200.0}, 'junk': {'precision': 0.9950248756218906, 'recall': 1.0, 'f1-score': 0.9975062344139651, 'support': 200.0}, 'scan': {'precision': 1.0, 'recall': 0.995, 'f1-score': 0.9974937343358395, 'support': 200.0}, 'syn': {'precision': 1.0, 'recall': 1.0, 'f1-score': 1.0, 'support': 200.0}, 'tcp': {'precision': 1.0, 'recall': 1.0, 'f1-score': 1.0, 'support': 200.0}, 'udp': {'precision': 1.0, 'recall': 1.0, 'f1-score': 1.0, 'support': 200.0}, 'udpplain': {'precision': 1.0, 'recall': 1.0, 'f1-score': 1.0, 'support': 200.0}, 'accuracy': 0.9994444444444445, 'macro avg': {'precision': 0.9994472084024323, 'recall': 0.9994444444444446, 'f1-score': 0.9994444409722006, 'support': 1800.0}, 'weighted avg': {'precision': 0.9994472084024324, 'recall': 0.9994444444444445, 'f1-score': 0.9994444409722005, 'support': 1800.0}}","[[200   0   0   0   0   0   0   0   0]
 [  0 200   0   0   0   0   0   0   0]
 [  0   0 200   0   0   0   0   0   0]
 [  0   0   0 200   0   0   0   0   0]
 [  0   0   0   1 199   0   0   0   0]
 [  0   0   0   0   0 200   0   0   0]
 [  0   0   0   0   0   0 200   0   0]
 [  0   0   0   0   0   0   0 200   0]
 [  0   0   0   0   0   0   0   0 200]]",0.8944816589355469,0.010709285736083984
55,N_BaIoT,0,None,QuantileTransformer,SGD,0.8081712311955251,-1,-1,95.86419753086419,81.38888888888887,2.326388888888889,79.00606263867549,78.45583560186678,-1,"{'0Normal': {'precision': 0.9900497512437811, 'recall': 0.995, 'f1-score': 0.9925187032418954, 'support': 200.0}, 'ack': {'precision': 1.0, 'recall': 0.78, 'f1-score': 0.8764044943820225, 'support': 200.0}, 'combo': {'precision': 0.985, 'recall': 0.985, 'f1-score': 0.985, 'support': 200.0}, 'junk': {'precision': 0.98, 'recall': 0.98, 'f1-score': 0.98, 'support': 200.0}, 'scan': {'precision': 0.4133611691022965, 'recall': 0.99, 'f1-score': 0.5832106038291606, 'support': 200.0}, 'syn': {'precision': 0.9519230769230769, 'recall': 0.99, 'f1-score': 0.9705882352941176, 'support': 200.0}, 'tcp': {'precision': 0.0, 'recall': 0.0, 'f1-score': 0.0, 'support': 200.0}, 'udp': {'precision': 0.8642857142857143, 'recall': 0.605, 'f1-score': 0.711764705882353, 'support': 200.0}, 'udpplain': {'precision': 0.9259259259259259, 'recall': 1.0, 'f1-score': 0.9615384615384615, 'support': 200.0}, 'accuracy': 0.8138888888888889, 'macro avg': {'precision': 0.7900606263867549, 'recall': 0.8138888888888888, 'f1-score': 0.7845583560186679, 'support': 1800.0}, 'weighted avg': {'precision': 0.790060626386755, 'recall': 0.8138888888888889, 'f1-score': 0.7845583560186679, 'support': 1800.0}}","[[199   0   0   0   1   0   0   0   0]
 [  0 156   0   0   0  10   0  19  15]
 [  0   0 197   3   0   0   0   0   0]
 [  1   0   3 196   0   0   0   0   0]
 [  1   0   0   0 198   0   0   0   1]
 [  0   0   0   0   2 198   0   0   0]
 [  0   0   0   0 200   0   0   0   0]
 [  0   0   0   1  78   0   0 121   0]
 [  0   0   0   0   0   0   0   0 200]]",0.15416669845581055,0.0006618499755859375
56,N_BaIoT,0,poly,QuantileTransformer,HHHv2,0.968275296059415,-1,-1,99.37037037037038,97.24297639203624,0.35416666666666663,97.16666666666666,97.14329100421853,-1,"{'0Normal': {'precision': 0.88, 'recall': 0.9887640449438202, 'f1-score': 0.9312169312169312, 'support': 178.0}, 'ack': {'precision': 0.99, 'recall': 0.9753694581280788, 'f1-score': 0.9826302729528535, 'support': 203.0}, 'combo': {'precision': 0.995, 'recall': 0.995, 'f1-score': 0.995, 'support': 200.0}, 'junk': {'precision': 0.995, 'recall': 0.9851485148514851, 'f1-score': 0.9900497512437811, 'support': 202.0}, 'scan': {'precision': 0.975, 'recall': 0.9798994974874372, 'f1-score': 0.9774436090225564, 'support': 199.0}, 'syn': {'precision': 0.99, 'recall': 0.9473684210526315, 'f1-score': 0.9682151589242053, 'support': 209.0}, 'tcp': {'precision': 0.94, 'recall': 0.9842931937172775, 'f1-score': 0.9616368286445013, 'support': 191.0}, 'udp': {'precision': 0.995, 'recall': 0.9255813953488372, 'f1-score': 0.9590361445783133, 'support': 215.0}, 'udpplain': {'precision': 0.985, 'recall': 0.9704433497536946, 'f1-score': 0.977667493796526, 'support': 203.0}, 'accuracy': 0.9716666666666667, 'macro avg': {'precision': 0.9716666666666666, 'recall': 0.9724297639203624, 'f1-score': 0.9714329100421852, 'support': 1800.0}, 'weighted avg': {'precision': 0.9733083333333333, 'recall': 0.9716666666666667, 'f1-score': 0.9719004232911479, 'support': 1800.0}}","[[176   0   0   1   1   0   0   0   0]
 [  4 198   0   0   1   0   0   0   0]
 [  0   0 199   0   1   0   0   0   0]
 [  3   0   0 199   0   0   0   0   0]
 [  2   0   0   0 195   1   0   0   1]
 [  7   1   0   0   1 198   0   0   2]
 [  1   0   0   0   1   1 188   0   0]
 [  3   0   1   0   0   0  12 199   0]
 [  4   1   0   0   0   0   0   1 197]]",187.95972871780396,0.12437701225280762
57,N_BaIoT,0,None,QuantileTransformer,KNN,0.841482373102804,-1,-1,96.8395061728395,85.77777777777777,1.7777777777777777,85.94209383563907,85.38568598741548,-1,"{'0Normal': {'precision': 0.9943181818181818, 'recall': 0.875, 'f1-score': 0.9308510638297873, 'support': 200.0}, 'ack': {'precision': 0.8393782383419689, 'recall': 0.81, 'f1-score': 0.8244274809160306, 'support': 200.0}, 'combo': {'precision': 0.9166666666666666, 'recall': 0.825, 'f1-score': 0.8684210526315789, 'support': 200.0}, 'junk': {'precision': 0.8302752293577982, 'recall': 0.905, 'f1-score': 0.8660287081339714, 'support': 200.0}, 'scan': {'precision': 0.9611650485436893, 'recall': 0.99, 'f1-score': 0.9753694581280788, 'support': 200.0}, 'syn': {'precision': 0.9519230769230769, 'recall': 0.99, 'f1-score': 0.9705882352941176, 'support': 200.0}, 'tcp': {'precision': 0.7168458781362007, 'recall': 1.0, 'f1-score': 0.8350730688935282, 'support': 200.0}, 'udp': {'precision': 0.5986842105263158, 'recall': 0.455, 'f1-score': 0.5170454545454546, 'support': 200.0}, 'udpplain': {'precision': 0.925531914893617, 'recall': 0.87, 'f1-score': 0.8969072164948454, 'support': 200.0}, 'accuracy': 0.8577777777777778, 'macro avg': {'precision': 0.8594209383563907, 'recall': 0.8577777777777778, 'f1-score': 0.8538568598741548, 'support': 1800.0}, 'weighted avg': {'precision': 0.8594209383563906, 'recall': 0.8577777777777778, 'f1-score': 0.8538568598741547, 'support': 1800.0}}","[[175   0   0   6   7   2   0   4   6]
 [  0 162   0   0   0   0   0  31   7]
 [  0   0 165  29   0   5   0   0   1]
 [  1   0  15 181   0   3   0   0   0]
 [  0   0   0   1 198   0   1   0   0]
 [  0   0   0   1   1 198   0   0   0]
 [  0   0   0   0   0   0 200   0   0]
 [  0  31   0   0   0   0  78  91   0]
 [  0   0   0   0   0   0   0  26 174]]",0.00034737586975097656,0.004048585891723633
58,N_BaIoT,0,None,QuantileTransformer,LDA,0.7757352685505772,-1,-1,95.49382716049382,79.7222222222222,2.5347222222222223,82.0461737899605,79.08352398225982,-1,"{'0Normal': {'precision': 0.9947368421052631, 'recall': 0.945, 'f1-score': 0.9692307692307691, 'support': 200.0}, 'ack': {'precision': 0.6746987951807228, 'recall': 0.84, 'f1-score': 0.7483296213808462, 'support': 200.0}, 'combo': {'precision': 0.8356807511737089, 'recall': 0.89, 'f1-score': 0.8619854721549637, 'support': 200.0}, 'junk': {'precision': 0.8823529411764706, 'recall': 0.825, 'f1-score': 0.8527131782945736, 'support': 200.0}, 'scan': {'precision': 0.9803921568627451, 'recall': 0.5, 'f1-score': 0.662251655629139, 'support': 200.0}, 'syn': {'precision': 0.718978102189781, 'recall': 0.985, 'f1-score': 0.8312236286919832, 'support': 200.0}, 'tcp': {'precision': 0.7194244604316546, 'recall': 1.0, 'f1-score': 0.8368200836820083, 'support': 200.0}, 'udp': {'precision': 0.6060606060606061, 'recall': 0.5, 'f1-score': 0.5479452054794521, 'support': 200.0}, 'udpplain': {'precision': 0.971830985915493, 'recall': 0.69, 'f1-score': 0.8070175438596492, 'support': 200.0}, 'accuracy': 0.7972222222222223, 'macro avg': {'precision': 0.8204617378996051, 'recall': 0.797222222222222, 'f1-score': 0.7908352398225982, 'support': 1800.0}, 'weighted avg': {'precision': 0.8204617378996051, 'recall': 0.7972222222222223, 'f1-score': 0.7908352398225983, 'support': 1800.0}}","[[189   1   1   0   2   0   0   5   2]
 [  0 168   0   0   0   0   0  32   0]
 [  0   0 178  22   0   0   0   0   0]
 [  1   0  34 165   0   0   0   0   0]
 [  0   0   0   0 100  73   0  25   2]
 [  0   0   0   0   0 197   0   3   0]
 [  0   0   0   0   0   0 200   0   0]
 [  0  18   0   0   0   4  78 100   0]
 [  0  62   0   0   0   0   0   0 138]]",0.004103422164916992,0.0002989768981933594
59,N_BaIoT,0,None,QuantileTransformer,MLP,0.9309401424240942,-1,-1,98.61728395061729,93.77777777777777,0.7777777777777778,94.17766260283697,93.5836613183196,-1,"{'0Normal': {'precision': 0.9896373056994818, 'recall': 0.955, 'f1-score': 0.9720101781170483, 'support': 200.0}, 'ack': {'precision': 0.8944954128440367, 'recall': 0.975, 'f1-score': 0.9330143540669856, 'support': 200.0}, 'combo': {'precision': 0.9619565217391305, 'recall': 0.885, 'f1-score': 0.921875, 'support': 200.0}, 'junk': {'precision': 0.8930232558139535, 'recall': 0.96, 'f1-score': 0.925301204819277, 'support': 200.0}, 'scan': {'precision': 0.9658536585365853, 'recall': 0.99, 'f1-score': 0.9777777777777777, 'support': 200.0}, 'syn': {'precision': 1.0, 'recall': 0.995, 'f1-score': 0.9974937343358395, 'support': 200.0}, 'tcp': {'precision': 0.8298755186721992, 'recall': 1.0, 'f1-score': 0.9070294784580498, 'support': 200.0}, 'udp': {'precision': 0.951048951048951, 'recall': 0.68, 'f1-score': 0.7930029154518952, 'support': 200.0}, 'udpplain': {'precision': 0.9900990099009901, 'recall': 1.0, 'f1-score': 0.9950248756218906, 'support': 200.0}, 'accuracy': 0.9377777777777778, 'macro avg': {'precision': 0.9417766260283698, 'recall': 0.9377777777777777, 'f1-score': 0.935836613183196, 'support': 1800.0}, 'weighted avg': {'precision': 0.9417766260283698, 'recall': 0.9377777777777778, 'f1-score': 0.935836613183196, 'support': 1800.0}}","[[191   0   0   0   6   0   0   3   0]
 [  0 195   0   0   0   0   0   4   1]
 [  0   0 177  23   0   0   0   0   0]
 [  0   0   7 192   0   0   0   0   1]
 [  2   0   0   0 198   0   0   0   0]
 [  0   0   0   0   1 199   0   0   0]
 [  0   0   0   0   0   0 200   0   0]
 [  0  23   0   0   0   0  41 136   0]
 [  0   0   0   0   0   0   0   0 200]]",0.293104887008667,0.0008585453033447266
60,N_BaIoT,0,None,QuantileTransformer,LGBM,0.9975017317753432,-1,-1,99.95061728395062,99.77777777777779,0.027777777777777776,99.77859311635974,99.77749547906016,-1,"{'0Normal': {'precision': 0.9900990099009901, 'recall': 1.0, 'f1-score': 0.9950248756218906, 'support': 200.0}, 'ack': {'precision': 1.0, 'recall': 1.0, 'f1-score': 1.0, 'support': 200.0}, 'combo': {'precision': 1.0, 'recall': 1.0, 'f1-score': 1.0, 'support': 200.0}, 'junk': {'precision': 0.9950248756218906, 'recall': 1.0, 'f1-score': 0.9975062344139651, 'support': 200.0}, 'scan': {'precision': 0.9949494949494949, 'recall': 0.985, 'f1-score': 0.9899497487437187, 'support': 200.0}, 'syn': {'precision': 1.0, 'recall': 0.995, 'f1-score': 0.9974937343358395, 'support': 200.0}, 'tcp': {'precision': 1.0, 'recall': 1.0, 'f1-score': 1.0, 'support': 200.0}, 'udp': {'precision': 1.0, 'recall': 1.0, 'f1-score': 1.0, 'support': 200.0}, 'udpplain': {'precision': 1.0, 'recall': 1.0, 'f1-score': 1.0, 'support': 200.0}, 'accuracy': 0.9977777777777778, 'macro avg': {'precision': 0.9977859311635974, 'recall': 0.9977777777777779, 'f1-score': 0.9977749547906016, 'support': 1800.0}, 'weighted avg': {'precision': 0.9977859311635973, 'recall': 0.9977777777777778, 'f1-score': 0.9977749547906016, 'support': 1800.0}}","[[200   0   0   0   0   0   0   0   0]
 [  0 200   0   0   0   0   0   0   0]
 [  0   0 200   0   0   0   0   0   0]
 [  0   0   0 200   0   0   0   0   0]
 [  2   0   0   1 197   0   0   0   0]
 [  0   0   0   0   1 199   0   0   0]
 [  0   0   0   0   0   0 200   0   0]
 [  0   0   0   0   0   0   0 200   0]
 [  0   0   0   0   0   0   0   0 200]]",0.9045395851135254,0.010034799575805664
61,N_BaIoT,0,None,QuantileTransformer,RF,0.9975013854195529,-1,-1,99.95061728395062,99.77777777777779,0.027777777777777776,99.77887510994157,99.7777753523895,-1,"{'0Normal': {'precision': 0.9950248756218906, 'recall': 1.0, 'f1-score': 0.9975062344139651, 'support': 200.0}, 'ack': {'precision': 1.0, 'recall': 1.0, 'f1-score': 1.0, 'support': 200.0}, 'combo': {'precision': 1.0, 'recall': 0.995, 'f1-score': 0.9974937343358395, 'support': 200.0}, 'junk': {'precision': 0.9900990099009901, 'recall': 1.0, 'f1-score': 0.9950248756218906, 'support': 200.0}, 'scan': {'precision': 0.9949748743718593, 'recall': 0.99, 'f1-score': 0.9924812030075189, 'support': 200.0}, 'syn': {'precision': 1.0, 'recall': 0.995, 'f1-score': 0.9974937343358395, 'support': 200.0}, 'tcp': {'precision': 1.0, 'recall': 1.0, 'f1-score': 1.0, 'support': 200.0}, 'udp': {'precision': 1.0, 'recall': 1.0, 'f1-score': 1.0, 'support': 200.0}, 'udpplain': {'precision': 1.0, 'recall': 1.0, 'f1-score': 1.0, 'support': 200.0}, 'accuracy': 0.9977777777777778, 'macro avg': {'precision': 0.9977887510994157, 'recall': 0.9977777777777779, 'f1-score': 0.997777753523895, 'support': 1800.0}, 'weighted avg': {'precision': 0.9977887510994156, 'recall': 0.9977777777777778, 'f1-score': 0.9977777535238948, 'support': 1800.0}}","[[200   0   0   0   0   0   0   0   0]
 [  0 200   0   0   0   0   0   0   0]
 [  0   0 199   1   0   0   0   0   0]
 [  0   0   0 200   0   0   0   0   0]
 [  1   0   0   1 198   0   0   0   0]
 [  0   0   0   0   1 199   0   0   0]
 [  0   0   0   0   0   0 200   0   0]
 [  0   0   0   0   0   0   0 200   0]
 [  0   0   0   0   0   0   0   0 200]]",0.13895773887634277,0.010337114334106445
62,N_BaIoT,0,None,QuantileTransformer,SGD,0.5445495697985498,-1,-1,90.4074074074074,56.833333333333336,5.395833333333333,69.35291727908042,52.50642216631607,-1,"{'0Normal': {'precision': 0.9946236559139785, 'recall': 0.925, 'f1-score': 0.9585492227979274, 'support': 200.0}, 'ack': {'precision': 1.0, 'recall': 0.005, 'f1-score': 0.009950248756218907, 'support': 200.0}, 'combo': {'precision': 0.9571428571428572, 'recall': 0.67, 'f1-score': 0.7882352941176471, 'support': 200.0}, 'junk': {'precision': 0.32059800664451826, 'recall': 0.965, 'f1-score': 0.4812967581047381, 'support': 200.0}, 'scan': {'precision': 0.6853146853146853, 'recall': 0.98, 'f1-score': 0.8065843621399176, 'support': 200.0}, 'syn': {'precision': 0.9850746268656716, 'recall': 0.33, 'f1-score': 0.4943820224719101, 'support': 200.0}, 'tcp': {'precision': 0.0, 'recall': 0.0, 'f1-score': 0.0, 'support': 200.0}, 'udp': {'precision': 0.30670103092783507, 'recall': 0.595, 'f1-score': 0.40476190476190477, 'support': 200.0}, 'udpplain': {'precision': 0.9923076923076923, 'recall': 0.645, 'f1-score': 0.7818181818181819, 'support': 200.0}, 'accuracy': 0.5683333333333334, 'macro avg': {'precision': 0.6935291727908042, 'recall': 0.5683333333333334, 'f1-score': 0.5250642216631607, 'support': 1800.0}, 'weighted avg': {'precision': 0.6935291727908043, 'recall': 0.5683333333333334, 'f1-score': 0.5250642216631607, 'support': 1800.0}}","[[185   0   0   3   6   0   0   6   0]
 [  0   1   0   0   6   0   0 193   0]
 [  0   0 134  66   0   0   0   0   0]
 [  1   0   6 193   0   0   0   0   0]
 [  0   0   0   0 196   0   0   3   1]
 [  0   0   0  37  72  66   0  25   0]
 [  0   0   0 200   0   0   0   0   0]
 [  0   0   0  74   6   1   0 119   0]
 [  0   0   0  29   0   0   0  42 129]]",0.011496543884277344,0.0005593299865722656
63,N_BaIoT,0,linear,QuantileTransformer,HHHv2,0.7683631894579791,-1,-1,95.32098765432099,81.41049737320614,2.631944444444444,78.94444444444446,78.02344166851924,-1,"{'0Normal': {'precision': 0.935, 'recall': 0.9946808510638298, 'f1-score': 0.9639175257731958, 'support': 188.0}, 'ack': {'precision': 0.83, 'recall': 0.6916666666666667, 'f1-score': 0.7545454545454545, 'support': 240.0}, 'combo': {'precision': 0.92, 'recall': 0.7931034482758621, 'f1-score': 0.851851851851852, 'support': 232.0}, 'junk': {'precision': 0.77, 'recall': 0.8953488372093024, 'f1-score': 0.8279569892473118, 'support': 172.0}, 'scan': {'precision': 0.5, 'recall': 0.9345794392523364, 'f1-score': 0.6514657980456026, 'support': 107.0}, 'syn': {'precision': 0.995, 'recall': 0.6419354838709678, 'f1-score': 0.7803921568627451, 'support': 310.0}, 'tcp': {'precision': 1.0, 'recall': 0.7194244604316546, 'f1-score': 0.8368200836820083, 'support': 278.0}, 'udp': {'precision': 0.41, 'recall': 0.6949152542372882, 'f1-score': 0.5157232704402516, 'support': 118.0}, 'udpplain': {'precision': 0.745, 'recall': 0.9612903225806452, 'f1-score': 0.83943661971831, 'support': 155.0}, 'accuracy': 0.7894444444444444, 'macro avg': {'precision': 0.7894444444444445, 'recall': 0.8141049737320614, 'f1-score': 0.7802344166851923, 'support': 1800.0}, 'weighted avg': {'precision': 0.8470361111111111, 'recall': 0.7894444444444444, 'f1-score': 0.7986544722036963, 'support': 1800.0}}","[[187   0   0   1   0   0   0   0   0]
 [  0 166   0   0   0   0   0  25  49]
 [  4   0 184  44   0   0   0   0   0]
 [  1   0  16 154   0   1   0   0   0]
 [  3   0   0   0 100   0   0   4   0]
 [  1   1   0   1  97 199   0  11   0]
 [  0   0   0   0   0   0 200  78   0]
 [  1  32   0   0   1   0   0  82   2]
 [  3   1   0   0   2   0   0   0 149]]",0.19667935371398926,0.00857234001159668
64,N_BaIoT,0,None,QuantileTransformer,KNN,0.8671865721021543,-1,-1,97.14814814814815,87.16666666666666,1.6041666666666665,81.5354565005626,83.51551358596991,-1,"{'0Normal': {'precision': 0.9897435897435898, 'recall': 0.965, 'f1-score': 0.9772151898734178, 'support': 200.0}, 'ack': {'precision': 0.943127962085308, 'recall': 0.995, 'f1-score': 0.9683698296836982, 'support': 200.0}, 'combo': {'precision': 0.9847715736040609, 'recall': 0.97, 'f1-score': 0.9773299748110831, 'support': 200.0}, 'junk': {'precision': 0.9656862745098039, 'recall': 0.985, 'f1-score': 0.9752475247524752, 'support': 200.0}, 'scan': {'precision': 0.9949748743718593, 'recall': 0.99, 'f1-score': 0.9924812030075189, 'support': 200.0}, 'syn': {'precision': 0.9852216748768473, 'recall': 1.0, 'f1-score': 0.9925558312655086, 'support': 200.0}, 'tcp': {'precision': 0.0, 'recall': 0.0, 'f1-score': 0.0, 'support': 200.0}, 'udp': {'precision': 0.4846153846153846, 'recall': 0.945, 'f1-score': 0.6406779661016949, 'support': 200.0}, 'udpplain': {'precision': 0.9900497512437811, 'recall': 0.995, 'f1-score': 0.9925187032418954, 'support': 200.0}, 'accuracy': 0.8716666666666667, 'macro avg': {'precision': 0.815354565005626, 'recall': 0.8716666666666666, 'f1-score': 0.8351551358596991, 'support': 1800.0}, 'weighted avg': {'precision': 0.8153545650056261, 'recall': 0.8716666666666667, 'f1-score': 0.8351551358596992, 'support': 1800.0}}","[[193   0   0   3   1   2   0   1   0]
 [  0 199   0   0   0   0   0   0   1]
 [  0   0 194   4   0   1   0   0   1]
 [  1   0   2 197   0   0   0   0   0]
 [  1   0   1   0 198   0   0   0   0]
 [  0   0   0   0   0 200   0   0   0]
 [  0   0   0   0   0   0   0 200   0]
 [  0  11   0   0   0   0   0 189   0]
 [  0   1   0   0   0   0   0   0 199]]",0.0007245540618896484,0.01685810089111328
65,N_BaIoT,0,None,QuantileTransformer,LDA,0.8040071929174674,-1,-1,96.0246913580247,82.11111111111111,2.2361111111111107,84.96793759670945,81.24214982079589,-1,"{'0Normal': {'precision': 0.9898477157360406, 'recall': 0.975, 'f1-score': 0.982367758186398, 'support': 200.0}, 'ack': {'precision': 0.7584745762711864, 'recall': 0.895, 'f1-score': 0.8211009174311926, 'support': 200.0}, 'combo': {'precision': 0.9487179487179487, 'recall': 0.74, 'f1-score': 0.8314606741573033, 'support': 200.0}, 'junk': {'precision': 0.7925311203319502, 'recall': 0.955, 'f1-score': 0.8662131519274375, 'support': 200.0}, 'scan': {'precision': 0.9900990099009901, 'recall': 0.5, 'f1-score': 0.6644518272425249, 'support': 200.0}, 'syn': {'precision': 0.6711409395973155, 'recall': 1.0, 'f1-score': 0.8032128514056226, 'support': 200.0}, 'tcp': {'precision': 0.7194244604316546, 'recall': 1.0, 'f1-score': 0.8368200836820083, 'support': 200.0}, 'udp': {'precision': 0.8, 'recall': 0.48, 'f1-score': 0.6, 'support': 200.0}, 'udpplain': {'precision': 0.976878612716763, 'recall': 0.845, 'f1-score': 0.906166219839142, 'support': 200.0}, 'accuracy': 0.8211111111111111, 'macro avg': {'precision': 0.8496793759670944, 'recall': 0.8211111111111111, 'f1-score': 0.8124214982079588, 'support': 1800.0}, 'weighted avg': {'precision': 0.8496793759670944, 'recall': 0.8211111111111111, 'f1-score': 0.8124214982079588, 'support': 1800.0}}","[[195   0   0   0   1   0   0   3   1]
 [  0 179   0   0   0   0   0  21   0]
 [  0   0 148  50   0   0   0   0   2]
 [  1   0   8 191   0   0   0   0   0]
 [  1   0   0   0 100  98   0   0   1]
 [  0   0   0   0   0 200   0   0   0]
 [  0   0   0   0   0   0 200   0   0]
 [  0  26   0   0   0   0  78  96   0]
 [  0  31   0   0   0   0   0   0 169]]",0.016295194625854492,0.00044536590576171875
66,N_BaIoT,0,None,QuantileTransformer,MLP,0.9943874299205615,-1,-1,99.8888888888889,99.5,0.0625,99.51108524367388,99.50063222342378,-1,"{'0Normal': {'precision': 0.9900990099009901, 'recall': 1.0, 'f1-score': 0.9950248756218906, 'support': 200.0}, 'ack': {'precision': 1.0, 'recall': 1.0, 'f1-score': 1.0, 'support': 200.0}, 'combo': {'precision': 1.0, 'recall': 1.0, 'f1-score': 1.0, 'support': 200.0}, 'junk': {'precision': 1.0, 'recall': 0.995, 'f1-score': 0.9974937343358395, 'support': 200.0}, 'scan': {'precision': 1.0, 'recall': 0.99, 'f1-score': 0.9949748743718593, 'support': 200.0}, 'syn': {'precision': 1.0, 'recall': 0.995, 'f1-score': 0.9974937343358395, 'support': 200.0}, 'tcp': {'precision': 1.0, 'recall': 0.975, 'f1-score': 0.9873417721518987, 'support': 200.0}, 'udp': {'precision': 0.970873786407767, 'recall': 1.0, 'f1-score': 0.9852216748768473, 'support': 200.0}, 'udpplain': {'precision': 0.9950248756218906, 'recall': 1.0, 'f1-score': 0.9975062344139651, 'support': 200.0}, 'accuracy': 0.995, 'macro avg': {'precision': 0.9951108524367387, 'recall': 0.995, 'f1-score': 0.9950063222342378, 'support': 1800.0}, 'weighted avg': {'precision': 0.9951108524367386, 'recall': 0.995, 'f1-score': 0.9950063222342379, 'support': 1800.0}}","[[200   0   0   0   0   0   0   0   0]
 [  0 200   0   0   0   0   0   0   0]
 [  0   0 200   0   0   0   0   0   0]
 [  0   0   0 199   0   0   0   0   1]
 [  2   0   0   0 198   0   0   0   0]
 [  0   0   0   0   0 199   0   1   0]
 [  0   0   0   0   0   0 195   5   0]
 [  0   0   0   0   0   0   0 200   0]
 [  0   0   0   0   0   0   0   0 200]]",1.7883715629577637,0.0008976459503173828
67,N_BaIoT,0,None,QuantileTransformer,LGBM,0.5219707394698508,-1,-1,90.20987654320987,55.94444444444444,5.506944444444444,55.144699573862844,51.21622695790514,-1,"{'0Normal': {'precision': 0.3925619834710744, 'recall': 0.95, 'f1-score': 0.5555555555555556, 'support': 200.0}, 'ack': {'precision': 0.42016806722689076, 'recall': 0.75, 'f1-score': 0.5385996409335727, 'support': 200.0}, 'combo': {'precision': 0.9830508474576272, 'recall': 0.58, 'f1-score': 0.7295597484276729, 'support': 200.0}, 'junk': {'precision': 0.9142857142857143, 'recall': 0.8, 'f1-score': 0.8533333333333333, 'support': 200.0}, 'scan': {'precision': 0.38392857142857145, 'recall': 0.215, 'f1-score': 0.2756410256410256, 'support': 200.0}, 'syn': {'precision': 0.7916666666666666, 'recall': 0.855, 'f1-score': 0.8221153846153847, 'support': 200.0}, 'tcp': {'precision': 0.0, 'recall': 0.0, 'f1-score': 0.0, 'support': 200.0}, 'udp': {'precision': 0.56, 'recall': 0.14, 'f1-score': 0.224, 'support': 200.0}, 'udpplain': {'precision': 0.5173611111111112, 'recall': 0.745, 'f1-score': 0.610655737704918, 'support': 200.0}, 'accuracy': 0.5594444444444444, 'macro avg': {'precision': 0.5514469957386284, 'recall': 0.5594444444444444, 'f1-score': 0.5121622695790514, 'support': 1800.0}, 'weighted avg': {'precision': 0.5514469957386284, 'recall': 0.5594444444444444, 'f1-score': 0.5121622695790514, 'support': 1800.0}}","[[190  10   0   0   0   0   0   0   0]
 [  0 150   0   0   0   1   0  13  36]
 [  0  46 116  10  22   6   0   0   0]
 [  0   5   0 160  34   0   0   1   0]
 [ 16  32   0   1  43  32   0   1  75]
 [  0   3   2   3  12 171   0   6   3]
 [200   0   0   0   0   0   0   0   0]
 [ 78  61   0   1   1   6   0  28  25]
 [  0  50   0   0   0   0   0   1 149]]",1.2787067890167236,0.007205963134765625
68,N_BaIoT,0,None,QuantileTransformer,RF,0.9882252001348615,-1,-1,99.76543209876543,98.94444444444446,0.13194444444444445,99.01898597132107,98.94259482369068,-1,"{'0Normal': {'precision': 0.9950248756218906, 'recall': 1.0, 'f1-score': 0.9975062344139651, 'support': 200.0}, 'ack': {'precision': 1.0, 'recall': 1.0, 'f1-score': 1.0, 'support': 200.0}, 'combo': {'precision': 1.0, 'recall': 1.0, 'f1-score': 1.0, 'support': 200.0}, 'junk': {'precision': 0.9950248756218906, 'recall': 1.0, 'f1-score': 0.9975062344139651, 'support': 200.0}, 'scan': {'precision': 1.0, 'recall': 0.99, 'f1-score': 0.9949748743718593, 'support': 200.0}, 'syn': {'precision': 1.0, 'recall': 1.0, 'f1-score': 1.0, 'support': 200.0}, 'tcp': {'precision': 1.0, 'recall': 0.915, 'f1-score': 0.9556135770234987, 'support': 200.0}, 'udp': {'precision': 0.9216589861751152, 'recall': 1.0, 'f1-score': 0.9592326139088729, 'support': 200.0}, 'udpplain': {'precision': 1.0, 'recall': 1.0, 'f1-score': 1.0, 'support': 200.0}, 'accuracy': 0.9894444444444445, 'macro avg': {'precision': 0.9901898597132107, 'recall': 0.9894444444444446, 'f1-score': 0.9894259482369068, 'support': 1800.0}, 'weighted avg': {'precision': 0.9901898597132107, 'recall': 0.9894444444444445, 'f1-score': 0.9894259482369067, 'support': 1800.0}}","[[200   0   0   0   0   0   0   0   0]
 [  0 200   0   0   0   0   0   0   0]
 [  0   0 200   0   0   0   0   0   0]
 [  0   0   0 200   0   0   0   0   0]
 [  1   0   0   1 198   0   0   0   0]
 [  0   0   0   0   0 200   0   0   0]
 [  0   0   0   0   0   0 183  17   0]
 [  0   0   0   0   0   0   0 200   0]
 [  0   0   0   0   0   0   0   0 200]]",0.8314118385314941,0.010657787322998047
69,N_BaIoT,0,None,QuantileTransformer,SGD,0.791829189197817,-1,-1,95.5925925925926,80.16666666666666,2.4791666666666665,76.59764532126513,75.39493343607955,-1,"{'0Normal': {'precision': 0.9754901960784313, 'recall': 0.995, 'f1-score': 0.9851485148514851, 'support': 200.0}, 'ack': {'precision': 0.8166666666666667, 'recall': 0.98, 'f1-score': 0.890909090909091, 'support': 200.0}, 'combo': {'precision': 0.9753694581280788, 'recall': 0.99, 'f1-score': 0.9826302729528535, 'support': 200.0}, 'junk': {'precision': 0.9563106796116505, 'recall': 0.985, 'f1-score': 0.9704433497536945, 'support': 200.0}, 'scan': {'precision': 0.4792176039119804, 'recall': 0.98, 'f1-score': 0.6436781609195402, 'support': 200.0}, 'syn': {'precision': 0.9896907216494846, 'recall': 0.96, 'f1-score': 0.9746192893401014, 'support': 200.0}, 'tcp': {'precision': 0.0, 'recall': 0.0, 'f1-score': 0.0, 'support': 200.0}, 'udp': {'precision': 0.9857142857142858, 'recall': 0.345, 'f1-score': 0.5111111111111111, 'support': 200.0}, 'udpplain': {'precision': 0.7153284671532847, 'recall': 0.98, 'f1-score': 0.8270042194092827, 'support': 200.0}, 'accuracy': 0.8016666666666666, 'macro avg': {'precision': 0.7659764532126514, 'recall': 0.8016666666666666, 'f1-score': 0.7539493343607955, 'support': 1800.0}, 'weighted avg': {'precision': 0.7659764532126514, 'recall': 0.8016666666666666, 'f1-score': 0.7539493343607956, 'support': 1800.0}}","[[199   0   0   0   1   0   0   0   0]
 [  0 196   0   0   0   0   0   0   4]
 [  0   0 198   2   0   0   0   0   0]
 [  1   0   2 197   0   0   0   0   0]
 [  1   0   0   0 196   2   0   0   1]
 [  0   0   0   0   6 192   0   1   1]
 [  0   0   0   0 128   0   0   0  72]
 [  0  44   3   6  78   0   0  69   0]
 [  3   0   0   1   0   0   0   0 196]]",0.12017154693603516,0.0006086826324462891
70,N_BaIoT,0,sigmoid,QuantileTransformer,HHHv2,0.5887128231133816,-1,-1,91.82716049382717,63.50623589476422,4.597222222222222,63.22222222222222,62.20340841053438,-1,"{'0Normal': {'precision': 0.37, 'recall': 0.5826771653543307, 'f1-score': 0.4525993883792049, 'support': 127.0}, 'ack': {'precision': 0.605, 'recall': 0.5426008968609866, 'f1-score': 0.5721040189125296, 'support': 223.0}, 'combo': {'precision': 0.55, 'recall': 0.7432432432432432, 'f1-score': 0.632183908045977, 'support': 148.0}, 'junk': {'precision': 0.8, 'recall': 0.6584362139917695, 'f1-score': 0.7223476297968399, 'support': 243.0}, 'scan': {'precision': 0.735, 'recall': 0.7386934673366834, 'f1-score': 0.7368421052631577, 'support': 199.0}, 'syn': {'precision': 0.905, 'recall': 0.6581818181818182, 'f1-score': 0.7621052631578947, 'support': 275.0}, 'tcp': {'precision': 0.425, 'recall': 0.4166666666666667, 'f1-score': 0.42079207920792083, 'support': 204.0}, 'udp': {'precision': 0.85, 'recall': 0.6719367588932806, 'f1-score': 0.750551876379691, 'support': 253.0}, 'udpplain': {'precision': 0.45, 'recall': 0.703125, 'f1-score': 0.5487804878048781, 'support': 128.0}, 'accuracy': 0.6322222222222222, 'macro avg': {'precision': 0.6322222222222222, 'recall': 0.6350623589476422, 'f1-score': 0.6220340841053438, 'support': 1800.0}, 'weighted avg': {'precision': 0.6734416666666666, 'recall': 0.6322222222222222, 'f1-score': 0.6424103603391007, 'support': 1800.0}}","[[ 74   2   4   2  10   0   0   0  35]
 [  3 121  14  11   8   7  46  11   2]
 [  4   9 110   3   2   4   0   6  10]
 [ 11   8  16 160   8   0  36   2   2]
 [ 16   8   8   2 147   1   0   1  16]
 [  3  27  16  10   7 181  14   4  13]
 [ 80   1   3   0   8   0  85   0  27]
 [  4  20  16  10   4   5  19 170   5]
 [  5   4  13   2   6   2   0   6  90]]",136.19249057769775,0.07606983184814453
71,N_BaIoT,-1,None,QuantileTransformer,KNN,0.9837766443115967,-1,-1,99.67901234567901,98.55555555555556,0.18055555555555555,98.57439968442007,98.55435293951231,-1,"{'0Normal': {'precision': 0.9897959183673469, 'recall': 0.97, 'f1-score': 0.9797979797979798, 'support': 200.0}, 'ack': {'precision': 0.961352657004831, 'recall': 0.995, 'f1-score': 0.977886977886978, 'support': 200.0}, 'combo': {'precision': 0.9897959183673469, 'recall': 0.97, 'f1-score': 0.9797979797979798, 'support': 200.0}, 'junk': {'precision': 0.9656862745098039, 'recall': 0.985, 'f1-score': 0.9752475247524752, 'support': 200.0}, 'scan': {'precision': 0.99, 'recall': 0.99, 'f1-score': 0.99, 'support': 200.0}, 'syn': {'precision': 0.9950248756218906, 'recall': 1.0, 'f1-score': 0.9975062344139651, 'support': 200.0}, 'tcp': {'precision': 1.0, 'recall': 1.0, 'f1-score': 1.0, 'support': 200.0}, 'udp': {'precision': 0.9948186528497409, 'recall': 0.96, 'f1-score': 0.9770992366412213, 'support': 200.0}, 'udpplain': {'precision': 0.9852216748768473, 'recall': 1.0, 'f1-score': 0.9925558312655086, 'support': 200.0}, 'accuracy': 0.9855555555555555, 'macro avg': {'precision': 0.9857439968442008, 'recall': 0.9855555555555556, 'f1-score': 0.9855435293951231, 'support': 1800.0}, 'weighted avg': {'precision': 0.9857439968442009, 'recall': 0.9855555555555555, 'f1-score': 0.985543529395123, 'support': 1800.0}}","[[194   0   0   3   2   0   0   1   0]
 [  0 199   0   0   0   0   0   0   1]
 [  0   0 194   4   0   1   0   0   1]
 [  1   0   2 197   0   0   0   0   0]
 [  1   0   0   0 198   0   0   0   1]
 [  0   0   0   0   0 200   0   0   0]
 [  0   0   0   0   0   0 200   0   0]
 [  0   8   0   0   0   0   0 192   0]
 [  0   0   0   0   0   0   0   0 200]]",0.000751495361328125,0.025242328643798828
72,N_BaIoT,-1,None,QuantileTransformer,LDA,0.883482619824731,-1,-1,97.61728395061728,89.27777777777777,1.3402777777777777,90.39217258871619,87.82150355519241,-1,"{'0Normal': {'precision': 0.9949748743718593, 'recall': 0.99, 'f1-score': 0.9924812030075189, 'support': 200.0}, 'ack': {'precision': 0.8065843621399177, 'recall': 0.98, 'f1-score': 0.8848758465011287, 'support': 200.0}, 'combo': {'precision': 0.8546255506607929, 'recall': 0.97, 'f1-score': 0.9086651053864169, 'support': 200.0}, 'junk': {'precision': 0.9940476190476191, 'recall': 0.835, 'f1-score': 0.9076086956521738, 'support': 200.0}, 'scan': {'precision': 0.919431279620853, 'recall': 0.97, 'f1-score': 0.9440389294403893, 'support': 200.0}, 'syn': {'precision': 0.9900497512437811, 'recall': 0.995, 'f1-score': 0.9925187032418954, 'support': 200.0}, 'tcp': {'precision': 0.7194244604316546, 'recall': 1.0, 'f1-score': 0.8368200836820083, 'support': 200.0}, 'udp': {'precision': 0.8857142857142857, 'recall': 0.31, 'f1-score': 0.45925925925925926, 'support': 200.0}, 'udpplain': {'precision': 0.9704433497536946, 'recall': 0.985, 'f1-score': 0.977667493796526, 'support': 200.0}, 'accuracy': 0.8927777777777778, 'macro avg': {'precision': 0.9039217258871619, 'recall': 0.8927777777777778, 'f1-score': 0.878215035551924, 'support': 1800.0}, 'weighted avg': {'precision': 0.9039217258871619, 'recall': 0.8927777777777778, 'f1-score': 0.8782150355519239, 'support': 1800.0}}","[[198   1   0   0   0   0   0   1   0]
 [  0 196   0   0   0   0   0   4   0]
 [  0   0 194   1   0   0   0   0   5]
 [  0   0  33 167   0   0   0   0   0]
 [  1   0   0   0 194   2   0   2   1]
 [  0   0   0   0   0 199   0   1   0]
 [  0   0   0   0   0   0 200   0   0]
 [  0  43   0   0  17   0  78  62   0]
 [  0   3   0   0   0   0   0   0 197]]",0.02291131019592285,0.00044798851013183594
73,N_BaIoT,-1,None,QuantileTransformer,MLP,0.9943832865619154,-1,-1,99.8888888888889,99.5,0.0625,99.50842796935925,99.50094119853364,-1,"{'0Normal': {'precision': 0.9900497512437811, 'recall': 0.995, 'f1-score': 0.9925187032418954, 'support': 200.0}, 'ack': {'precision': 1.0, 'recall': 1.0, 'f1-score': 1.0, 'support': 200.0}, 'combo': {'precision': 1.0, 'recall': 1.0, 'f1-score': 1.0, 'support': 200.0}, 'junk': {'precision': 1.0, 'recall': 0.995, 'f1-score': 0.9974937343358395, 'support': 200.0}, 'scan': {'precision': 1.0, 'recall': 0.99, 'f1-score': 0.9949748743718593, 'support': 200.0}, 'syn': {'precision': 1.0, 'recall': 0.99, 'f1-score': 0.9949748743718593, 'support': 200.0}, 'tcp': {'precision': 1.0, 'recall': 0.985, 'f1-score': 0.9924433249370278, 'support': 200.0}, 'udp': {'precision': 0.975609756097561, 'recall': 1.0, 'f1-score': 0.9876543209876543, 'support': 200.0}, 'udpplain': {'precision': 0.9900990099009901, 'recall': 1.0, 'f1-score': 0.9950248756218906, 'support': 200.0}, 'accuracy': 0.995, 'macro avg': {'precision': 0.9950842796935925, 'recall': 0.995, 'f1-score': 0.9950094119853363, 'support': 1800.0}, 'weighted avg': {'precision': 0.9950842796935926, 'recall': 0.995, 'f1-score': 0.9950094119853363, 'support': 1800.0}}","[[199   0   0   0   0   0   0   0   1]
 [  0 200   0   0   0   0   0   0   0]
 [  0   0 200   0   0   0   0   0   0]
 [  0   0   0 199   0   0   0   0   1]
 [  2   0   0   0 198   0   0   0   0]
 [  0   0   0   0   0 198   0   2   0]
 [  0   0   0   0   0   0 197   3   0]
 [  0   0   0   0   0   0   0 200   0]
 [  0   0   0   0   0   0   0   0 200]]",1.4957990646362305,0.0009191036224365234
74,N_BaIoT,-1,None,QuantileTransformer,LGBM,0.998128119155246,-1,-1,99.96296296296296,99.83333333333333,0.020833333333333336,99.83579638752053,99.83332395780597,-1,"{'0Normal': {'precision': 1.0, 'recall': 1.0, 'f1-score': 1.0, 'support': 200.0}, 'ack': {'precision': 1.0, 'recall': 1.0, 'f1-score': 1.0, 'support': 200.0}, 'combo': {'precision': 1.0, 'recall': 1.0, 'f1-score': 1.0, 'support': 200.0}, 'junk': {'precision': 1.0, 'recall': 1.0, 'f1-score': 1.0, 'support': 200.0}, 'scan': {'precision': 1.0, 'recall': 1.0, 'f1-score': 1.0, 'support': 200.0}, 'syn': {'precision': 1.0, 'recall': 1.0, 'f1-score': 1.0, 'support': 200.0}, 'tcp': {'precision': 0.9852216748768473, 'recall': 1.0, 'f1-score': 0.9925558312655086, 'support': 200.0}, 'udp': {'precision': 1.0, 'recall': 0.985, 'f1-score': 0.9924433249370278, 'support': 200.0}, 'udpplain': {'precision': 1.0, 'recall': 1.0, 'f1-score': 1.0, 'support': 200.0}, 'accuracy': 0.9983333333333333, 'macro avg': {'precision': 0.9983579638752053, 'recall': 0.9983333333333333, 'f1-score': 0.9983332395780598, 'support': 1800.0}, 'weighted avg': {'precision': 0.9983579638752054, 'recall': 0.9983333333333333, 'f1-score': 0.9983332395780596, 'support': 1800.0}}","[[200   0   0   0   0   0   0   0   0]
 [  0 200   0   0   0   0   0   0   0]
 [  0   0 200   0   0   0   0   0   0]
 [  0   0   0 200   0   0   0   0   0]
 [  0   0   0   0 200   0   0   0   0]
 [  0   0   0   0   0 200   0   0   0]
 [  0   0   0   0   0   0 200   0   0]
 [  0   0   0   0   0   0   3 197   0]
 [  0   0   0   0   0   0   0   0 200]]",1.9550297260284424,0.01269221305847168
75,N_BaIoT,-1,None,QuantileTransformer,RF,0.9987510403662089,-1,-1,99.97530864197532,99.8888888888889,0.013888888888888888,99.88944168048646,99.88874825777543,-1,"{'0Normal': {'precision': 0.9950248756218906, 'recall': 1.0, 'f1-score': 0.9975062344139651, 'support': 200.0}, 'ack': {'precision': 1.0, 'recall': 1.0, 'f1-score': 1.0, 'support': 200.0}, 'combo': {'precision': 1.0, 'recall': 1.0, 'f1-score': 1.0, 'support': 200.0}, 'junk': {'precision': 0.9950248756218906, 'recall': 1.0, 'f1-score': 0.9975062344139651, 'support': 200.0}, 'scan': {'precision': 1.0, 'recall': 0.99, 'f1-score': 0.9949748743718593, 'support': 200.0}, 'syn': {'precision': 1.0, 'recall': 1.0, 'f1-score': 1.0, 'support': 200.0}, 'tcp': {'precision': 1.0, 'recall': 1.0, 'f1-score': 1.0, 'support': 200.0}, 'udp': {'precision': 1.0, 'recall': 1.0, 'f1-score': 1.0, 'support': 200.0}, 'udpplain': {'precision': 1.0, 'recall': 1.0, 'f1-score': 1.0, 'support': 200.0}, 'accuracy': 0.9988888888888889, 'macro avg': {'precision': 0.9988944168048646, 'recall': 0.9988888888888889, 'f1-score': 0.9988874825777544, 'support': 1800.0}, 'weighted avg': {'precision': 0.9988944168048646, 'recall': 0.9988888888888889, 'f1-score': 0.9988874825777543, 'support': 1800.0}}","[[200   0   0   0   0   0   0   0   0]
 [  0 200   0   0   0   0   0   0   0]
 [  0   0 200   0   0   0   0   0   0]
 [  0   0   0 200   0   0   0   0   0]
 [  1   0   0   1 198   0   0   0   0]
 [  0   0   0   0   0 200   0   0   0]
 [  0   0   0   0   0   0 200   0   0]
 [  0   0   0   0   0   0   0 200   0]
 [  0   0   0   0   0   0   0   0 200]]",1.158782958984375,0.010857343673706055
76,N_BaIoT,-1,None,QuantileTransformer,NuSVC,0.9762923747205964,-1,-1,99.53086419753086,97.88888888888887,0.2638888888888889,97.92232346299348,97.88874366493717,-1,"{'0Normal': {'precision': 0.9895833333333334, 'recall': 0.95, 'f1-score': 0.9693877551020408, 'support': 200.0}, 'ack': {'precision': 0.9900497512437811, 'recall': 0.995, 'f1-score': 0.9925187032418954, 'support': 200.0}, 'combo': {'precision': 0.9554455445544554, 'recall': 0.965, 'f1-score': 0.9601990049751244, 'support': 200.0}, 'junk': {'precision': 0.9795918367346939, 'recall': 0.96, 'f1-score': 0.9696969696969697, 'support': 200.0}, 'scan': {'precision': 0.9753694581280788, 'recall': 0.99, 'f1-score': 0.9826302729528535, 'support': 200.0}, 'syn': {'precision': 1.0, 'recall': 0.97, 'f1-score': 0.9847715736040609, 'support': 200.0}, 'tcp': {'precision': 1.0, 'recall': 0.99, 'f1-score': 0.9949748743718593, 'support': 200.0}, 'udp': {'precision': 0.9705882352941176, 'recall': 0.99, 'f1-score': 0.9801980198019802, 'support': 200.0}, 'udpplain': {'precision': 0.9523809523809523, 'recall': 1.0, 'f1-score': 0.975609756097561, 'support': 200.0}, 'accuracy': 0.9788888888888889, 'macro avg': {'precision': 0.9792232346299348, 'recall': 0.9788888888888887, 'f1-score': 0.9788874366493717, 'support': 1800.0}, 'weighted avg': {'precision': 0.9792232346299347, 'recall': 0.9788888888888889, 'f1-score': 0.9788874366493716, 'support': 1800.0}}","[[190   0   1   2   1   0   0   4   2]
 [  0 199   0   0   0   0   0   0   1]
 [  0   0 193   2   0   0   0   0   5]
 [  1   0   6 192   0   0   0   0   1]
 [  1   0   0   0 198   0   0   0   1]
 [  0   0   2   0   4 194   0   0   0]
 [  0   0   0   0   0   0 198   2   0]
 [  0   2   0   0   0   0   0 198   0]
 [  0   0   0   0   0   0   0   0 200]]",0.9114093780517578,0.30057740211486816
77,N_BaIoT,-1,None,QuantileTransformer,SGD,0.9115922456379842,-1,-1,98.22222222222223,92.0,1.0,92.67193775624854,91.78835899246134,-1,"{'0Normal': {'precision': 0.9900497512437811, 'recall': 0.995, 'f1-score': 0.9925187032418954, 'support': 200.0}, 'ack': {'precision': 0.9884393063583815, 'recall': 0.855, 'f1-score': 0.9168900804289545, 'support': 200.0}, 'combo': {'precision': 0.9751243781094527, 'recall': 0.98, 'f1-score': 0.9775561097256857, 'support': 200.0}, 'junk': {'precision': 0.98, 'recall': 0.98, 'f1-score': 0.98, 'support': 200.0}, 'scan': {'precision': 0.8761061946902655, 'recall': 0.99, 'f1-score': 0.9295774647887325, 'support': 200.0}, 'syn': {'precision': 1.0, 'recall': 0.885, 'f1-score': 0.9389920424403183, 'support': 200.0}, 'tcp': {'precision': 0.7352941176470589, 'recall': 1.0, 'f1-score': 0.8474576271186441, 'support': 200.0}, 'udp': {'precision': 0.815068493150685, 'recall': 0.595, 'f1-score': 0.6878612716763005, 'support': 200.0}, 'udpplain': {'precision': 0.9803921568627451, 'recall': 1.0, 'f1-score': 0.99009900990099, 'support': 200.0}, 'accuracy': 0.92, 'macro avg': {'precision': 0.9267193775624855, 'recall': 0.9199999999999999, 'f1-score': 0.9178835899246134, 'support': 1800.0}, 'weighted avg': {'precision': 0.9267193775624856, 'recall': 0.92, 'f1-score': 0.9178835899246135, 'support': 1800.0}}","[[199   0   0   0   1   0   0   0   0]
 [  0 171   0   0   1   0   0  25   3]
 [  0   0 196   3   0   0   0   1   0]
 [  1   0   3 196   0   0   0   0   0]
 [  1   0   0   0 198   0   0   0   1]
 [  0   0   0   0  22 177   0   1   0]
 [  0   0   0   0   0   0 200   0   0]
 [  0   2   2   1   4   0  72 119   0]
 [  0   0   0   0   0   0   0   0 200]]",0.20621895790100098,0.0006051063537597656
78,N_BaIoT,-1,None,QuantileTransformer,HHHv2,0.8530075962249772,-1,-1,97.01234567901234,87.49026110609157,1.6805555555555556,86.55555555555556,84.88811621042782,-1,"{'0Normal': {'precision': 0.98, 'recall': 0.9949238578680203, 'f1-score': 0.9874055415617129, 'support': 197.0}, 'ack': {'precision': 0.8, 'recall': 0.7692307692307693, 'f1-score': 0.7843137254901961, 'support': 208.0}, 'combo': {'precision': 0.97, 'recall': 0.8546255506607929, 'f1-score': 0.9086651053864169, 'support': 227.0}, 'junk': {'precision': 0.825, 'recall': 0.9939759036144579, 'f1-score': 0.901639344262295, 'support': 166.0}, 'scan': {'precision': 0.99, 'recall': 0.8571428571428571, 'f1-score': 0.9187935034802784, 'support': 231.0}, 'syn': {'precision': 0.95, 'recall': 0.9947643979057592, 'f1-score': 0.9718670076726342, 'support': 191.0}, 'tcp': {'precision': 1.0, 'recall': 0.7194244604316546, 'f1-score': 0.8368200836820083, 'support': 278.0}, 'udp': {'precision': 0.275, 'recall': 0.8461538461538461, 'f1-score': 0.41509433962264153, 'support': 65.0}, 'udpplain': {'precision': 1.0, 'recall': 0.8438818565400844, 'f1-score': 0.9153318077803204, 'support': 237.0}, 'accuracy': 0.8655555555555555, 'macro avg': {'precision': 0.8655555555555555, 'recall': 0.8749026110609157, 'f1-score': 0.8488811621042782, 'support': 1800.0}, 'weighted avg': {'precision': 0.9220083333333333, 'recall': 0.8655555555555555, 'f1-score': 0.8822299490068328, 'support': 1800.0}}","[[196   0   0   0   1   0   0   0   0]
 [  2 160   0   0   0   0   0  46   0]
 [  0   0 194  33   0   0   0   0   0]
 [  0   0   1 165   0   0   0   0   0]
 [  0   3   0   1 198   8   0  21   0]
 [  1   0   0   0   0 190   0   0   0]
 [  0   0   0   0   0   0 200  78   0]
 [  1   7   0   0   0   2   0  55   0]
 [  0  30   5   1   1   0   0   0 200]]",311.02859807014465,0.005741596221923828
79,N_BaIoT,-1,None,QuantileTransformer,KNN,0.9837766443115967,-1,-1,99.67901234567901,98.55555555555556,0.18055555555555555,98.57439968442007,98.55435293951231,-1,"{'0Normal': {'precision': 0.9897959183673469, 'recall': 0.97, 'f1-score': 0.9797979797979798, 'support': 200.0}, 'ack': {'precision': 0.961352657004831, 'recall': 0.995, 'f1-score': 0.977886977886978, 'support': 200.0}, 'combo': {'precision': 0.9897959183673469, 'recall': 0.97, 'f1-score': 0.9797979797979798, 'support': 200.0}, 'junk': {'precision': 0.9656862745098039, 'recall': 0.985, 'f1-score': 0.9752475247524752, 'support': 200.0}, 'scan': {'precision': 0.99, 'recall': 0.99, 'f1-score': 0.99, 'support': 200.0}, 'syn': {'precision': 0.9950248756218906, 'recall': 1.0, 'f1-score': 0.9975062344139651, 'support': 200.0}, 'tcp': {'precision': 1.0, 'recall': 1.0, 'f1-score': 1.0, 'support': 200.0}, 'udp': {'precision': 0.9948186528497409, 'recall': 0.96, 'f1-score': 0.9770992366412213, 'support': 200.0}, 'udpplain': {'precision': 0.9852216748768473, 'recall': 1.0, 'f1-score': 0.9925558312655086, 'support': 200.0}, 'accuracy': 0.9855555555555555, 'macro avg': {'precision': 0.9857439968442008, 'recall': 0.9855555555555556, 'f1-score': 0.9855435293951231, 'support': 1800.0}, 'weighted avg': {'precision': 0.9857439968442009, 'recall': 0.9855555555555555, 'f1-score': 0.985543529395123, 'support': 1800.0}}","[[194   0   0   3   2   0   0   1   0]
 [  0 199   0   0   0   0   0   0   1]
 [  0   0 194   4   0   1   0   0   1]
 [  1   0   2 197   0   0   0   0   0]
 [  1   0   0   0 198   0   0   0   1]
 [  0   0   0   0   0 200   0   0   0]
 [  0   0   0   0   0   0 200   0   0]
 [  0   8   0   0   0   0   0 192   0]
 [  0   0   0   0   0   0   0   0 200]]",0.0007467269897460938,0.025143861770629883
80,N_BaIoT,-1,None,QuantileTransformer,LDA,0.883482619824731,-1,-1,97.61728395061728,89.27777777777777,1.3402777777777777,90.39217258871619,87.82150355519241,-1,"{'0Normal': {'precision': 0.9949748743718593, 'recall': 0.99, 'f1-score': 0.9924812030075189, 'support': 200.0}, 'ack': {'precision': 0.8065843621399177, 'recall': 0.98, 'f1-score': 0.8848758465011287, 'support': 200.0}, 'combo': {'precision': 0.8546255506607929, 'recall': 0.97, 'f1-score': 0.9086651053864169, 'support': 200.0}, 'junk': {'precision': 0.9940476190476191, 'recall': 0.835, 'f1-score': 0.9076086956521738, 'support': 200.0}, 'scan': {'precision': 0.919431279620853, 'recall': 0.97, 'f1-score': 0.9440389294403893, 'support': 200.0}, 'syn': {'precision': 0.9900497512437811, 'recall': 0.995, 'f1-score': 0.9925187032418954, 'support': 200.0}, 'tcp': {'precision': 0.7194244604316546, 'recall': 1.0, 'f1-score': 0.8368200836820083, 'support': 200.0}, 'udp': {'precision': 0.8857142857142857, 'recall': 0.31, 'f1-score': 0.45925925925925926, 'support': 200.0}, 'udpplain': {'precision': 0.9704433497536946, 'recall': 0.985, 'f1-score': 0.977667493796526, 'support': 200.0}, 'accuracy': 0.8927777777777778, 'macro avg': {'precision': 0.9039217258871619, 'recall': 0.8927777777777778, 'f1-score': 0.878215035551924, 'support': 1800.0}, 'weighted avg': {'precision': 0.9039217258871619, 'recall': 0.8927777777777778, 'f1-score': 0.8782150355519239, 'support': 1800.0}}","[[198   1   0   0   0   0   0   1   0]
 [  0 196   0   0   0   0   0   4   0]
 [  0   0 194   1   0   0   0   0   5]
 [  0   0  33 167   0   0   0   0   0]
 [  1   0   0   0 194   2   0   2   1]
 [  0   0   0   0   0 199   0   1   0]
 [  0   0   0   0   0   0 200   0   0]
 [  0  43   0   0  17   0  78  62   0]
 [  0   3   0   0   0   0   0   0 197]]",0.024483442306518555,0.0004487037658691406
81,N_BaIoT,-1,None,QuantileTransformer,MLP,0.9943832865619154,-1,-1,99.8888888888889,99.5,0.0625,99.50842796935925,99.50094119853364,-1,"{'0Normal': {'precision': 0.9900497512437811, 'recall': 0.995, 'f1-score': 0.9925187032418954, 'support': 200.0}, 'ack': {'precision': 1.0, 'recall': 1.0, 'f1-score': 1.0, 'support': 200.0}, 'combo': {'precision': 1.0, 'recall': 1.0, 'f1-score': 1.0, 'support': 200.0}, 'junk': {'precision': 1.0, 'recall': 0.995, 'f1-score': 0.9974937343358395, 'support': 200.0}, 'scan': {'precision': 1.0, 'recall': 0.99, 'f1-score': 0.9949748743718593, 'support': 200.0}, 'syn': {'precision': 1.0, 'recall': 0.99, 'f1-score': 0.9949748743718593, 'support': 200.0}, 'tcp': {'precision': 1.0, 'recall': 0.985, 'f1-score': 0.9924433249370278, 'support': 200.0}, 'udp': {'precision': 0.975609756097561, 'recall': 1.0, 'f1-score': 0.9876543209876543, 'support': 200.0}, 'udpplain': {'precision': 0.9900990099009901, 'recall': 1.0, 'f1-score': 0.9950248756218906, 'support': 200.0}, 'accuracy': 0.995, 'macro avg': {'precision': 0.9950842796935925, 'recall': 0.995, 'f1-score': 0.9950094119853363, 'support': 1800.0}, 'weighted avg': {'precision': 0.9950842796935926, 'recall': 0.995, 'f1-score': 0.9950094119853363, 'support': 1800.0}}","[[199   0   0   0   0   0   0   0   1]
 [  0 200   0   0   0   0   0   0   0]
 [  0   0 200   0   0   0   0   0   0]
 [  0   0   0 199   0   0   0   0   1]
 [  2   0   0   0 198   0   0   0   0]
 [  0   0   0   0   0 198   0   2   0]
 [  0   0   0   0   0   0 197   3   0]
 [  0   0   0   0   0   0   0 200   0]
 [  0   0   0   0   0   0   0   0 200]]",1.5174016952514648,0.0009033679962158203
82,N_BaIoT,-1,None,QuantileTransformer,LGBM,0.998128119155246,-1,-1,99.96296296296296,99.83333333333333,0.020833333333333336,99.83579638752053,99.83332395780597,-1,"{'0Normal': {'precision': 1.0, 'recall': 1.0, 'f1-score': 1.0, 'support': 200.0}, 'ack': {'precision': 1.0, 'recall': 1.0, 'f1-score': 1.0, 'support': 200.0}, 'combo': {'precision': 1.0, 'recall': 1.0, 'f1-score': 1.0, 'support': 200.0}, 'junk': {'precision': 1.0, 'recall': 1.0, 'f1-score': 1.0, 'support': 200.0}, 'scan': {'precision': 1.0, 'recall': 1.0, 'f1-score': 1.0, 'support': 200.0}, 'syn': {'precision': 1.0, 'recall': 1.0, 'f1-score': 1.0, 'support': 200.0}, 'tcp': {'precision': 0.9852216748768473, 'recall': 1.0, 'f1-score': 0.9925558312655086, 'support': 200.0}, 'udp': {'precision': 1.0, 'recall': 0.985, 'f1-score': 0.9924433249370278, 'support': 200.0}, 'udpplain': {'precision': 1.0, 'recall': 1.0, 'f1-score': 1.0, 'support': 200.0}, 'accuracy': 0.9983333333333333, 'macro avg': {'precision': 0.9983579638752053, 'recall': 0.9983333333333333, 'f1-score': 0.9983332395780598, 'support': 1800.0}, 'weighted avg': {'precision': 0.9983579638752054, 'recall': 0.9983333333333333, 'f1-score': 0.9983332395780596, 'support': 1800.0}}","[[200   0   0   0   0   0   0   0   0]
 [  0 200   0   0   0   0   0   0   0]
 [  0   0 200   0   0   0   0   0   0]
 [  0   0   0 200   0   0   0   0   0]
 [  0   0   0   0 200   0   0   0   0]
 [  0   0   0   0   0 200   0   0   0]
 [  0   0   0   0   0   0 200   0   0]
 [  0   0   0   0   0   0   3 197   0]
 [  0   0   0   0   0   0   0   0 200]]",1.8945653438568115,0.015105009078979492
83,N_BaIoT,-1,None,QuantileTransformer,RF,0.9987510403662089,-1,-1,99.97530864197532,99.8888888888889,0.013888888888888888,99.88944168048646,99.88874825777543,-1,"{'0Normal': {'precision': 0.9950248756218906, 'recall': 1.0, 'f1-score': 0.9975062344139651, 'support': 200.0}, 'ack': {'precision': 1.0, 'recall': 1.0, 'f1-score': 1.0, 'support': 200.0}, 'combo': {'precision': 1.0, 'recall': 1.0, 'f1-score': 1.0, 'support': 200.0}, 'junk': {'precision': 0.9950248756218906, 'recall': 1.0, 'f1-score': 0.9975062344139651, 'support': 200.0}, 'scan': {'precision': 1.0, 'recall': 0.99, 'f1-score': 0.9949748743718593, 'support': 200.0}, 'syn': {'precision': 1.0, 'recall': 1.0, 'f1-score': 1.0, 'support': 200.0}, 'tcp': {'precision': 1.0, 'recall': 1.0, 'f1-score': 1.0, 'support': 200.0}, 'udp': {'precision': 1.0, 'recall': 1.0, 'f1-score': 1.0, 'support': 200.0}, 'udpplain': {'precision': 1.0, 'recall': 1.0, 'f1-score': 1.0, 'support': 200.0}, 'accuracy': 0.9988888888888889, 'macro avg': {'precision': 0.9988944168048646, 'recall': 0.9988888888888889, 'f1-score': 0.9988874825777544, 'support': 1800.0}, 'weighted avg': {'precision': 0.9988944168048646, 'recall': 0.9988888888888889, 'f1-score': 0.9988874825777543, 'support': 1800.0}}","[[200   0   0   0   0   0   0   0   0]
 [  0 200   0   0   0   0   0   0   0]
 [  0   0 200   0   0   0   0   0   0]
 [  0   0   0 200   0   0   0   0   0]
 [  1   0   0   1 198   0   0   0   0]
 [  0   0   0   0   0 200   0   0   0]
 [  0   0   0   0   0   0 200   0   0]
 [  0   0   0   0   0   0   0 200   0]
 [  0   0   0   0   0   0   0   0 200]]",1.145230770111084,0.010967493057250977
84,N_BaIoT,-1,None,QuantileTransformer,NuSVC,0.9762923747205964,-1,-1,99.53086419753086,97.88888888888887,0.2638888888888889,97.92232346299348,97.88874366493717,-1,"{'0Normal': {'precision': 0.9895833333333334, 'recall': 0.95, 'f1-score': 0.9693877551020408, 'support': 200.0}, 'ack': {'precision': 0.9900497512437811, 'recall': 0.995, 'f1-score': 0.9925187032418954, 'support': 200.0}, 'combo': {'precision': 0.9554455445544554, 'recall': 0.965, 'f1-score': 0.9601990049751244, 'support': 200.0}, 'junk': {'precision': 0.9795918367346939, 'recall': 0.96, 'f1-score': 0.9696969696969697, 'support': 200.0}, 'scan': {'precision': 0.9753694581280788, 'recall': 0.99, 'f1-score': 0.9826302729528535, 'support': 200.0}, 'syn': {'precision': 1.0, 'recall': 0.97, 'f1-score': 0.9847715736040609, 'support': 200.0}, 'tcp': {'precision': 1.0, 'recall': 0.99, 'f1-score': 0.9949748743718593, 'support': 200.0}, 'udp': {'precision': 0.9705882352941176, 'recall': 0.99, 'f1-score': 0.9801980198019802, 'support': 200.0}, 'udpplain': {'precision': 0.9523809523809523, 'recall': 1.0, 'f1-score': 0.975609756097561, 'support': 200.0}, 'accuracy': 0.9788888888888889, 'macro avg': {'precision': 0.9792232346299348, 'recall': 0.9788888888888887, 'f1-score': 0.9788874366493717, 'support': 1800.0}, 'weighted avg': {'precision': 0.9792232346299347, 'recall': 0.9788888888888889, 'f1-score': 0.9788874366493716, 'support': 1800.0}}","[[190   0   1   2   1   0   0   4   2]
 [  0 199   0   0   0   0   0   0   1]
 [  0   0 193   2   0   0   0   0   5]
 [  1   0   6 192   0   0   0   0   1]
 [  1   0   0   0 198   0   0   0   1]
 [  0   0   2   0   4 194   0   0   0]
 [  0   0   0   0   0   0 198   2   0]
 [  0   2   0   0   0   0   0 198   0]
 [  0   0   0   0   0   0   0   0 200]]",0.9016666412353516,0.2995798587799072
85,N_BaIoT,-1,None,QuantileTransformer,SGD,0.9115922456379842,-1,-1,98.22222222222223,92.0,1.0,92.67193775624854,91.78835899246134,-1,"{'0Normal': {'precision': 0.9900497512437811, 'recall': 0.995, 'f1-score': 0.9925187032418954, 'support': 200.0}, 'ack': {'precision': 0.9884393063583815, 'recall': 0.855, 'f1-score': 0.9168900804289545, 'support': 200.0}, 'combo': {'precision': 0.9751243781094527, 'recall': 0.98, 'f1-score': 0.9775561097256857, 'support': 200.0}, 'junk': {'precision': 0.98, 'recall': 0.98, 'f1-score': 0.98, 'support': 200.0}, 'scan': {'precision': 0.8761061946902655, 'recall': 0.99, 'f1-score': 0.9295774647887325, 'support': 200.0}, 'syn': {'precision': 1.0, 'recall': 0.885, 'f1-score': 0.9389920424403183, 'support': 200.0}, 'tcp': {'precision': 0.7352941176470589, 'recall': 1.0, 'f1-score': 0.8474576271186441, 'support': 200.0}, 'udp': {'precision': 0.815068493150685, 'recall': 0.595, 'f1-score': 0.6878612716763005, 'support': 200.0}, 'udpplain': {'precision': 0.9803921568627451, 'recall': 1.0, 'f1-score': 0.99009900990099, 'support': 200.0}, 'accuracy': 0.92, 'macro avg': {'precision': 0.9267193775624855, 'recall': 0.9199999999999999, 'f1-score': 0.9178835899246134, 'support': 1800.0}, 'weighted avg': {'precision': 0.9267193775624856, 'recall': 0.92, 'f1-score': 0.9178835899246135, 'support': 1800.0}}","[[199   0   0   0   1   0   0   0   0]
 [  0 171   0   0   1   0   0  25   3]
 [  0   0 196   3   0   0   0   1   0]
 [  1   0   3 196   0   0   0   0   0]
 [  1   0   0   0 198   0   0   0   1]
 [  0   0   0   0  22 177   0   1   0]
 [  0   0   0   0   0   0 200   0   0]
 [  0   2   2   1   4   0  72 119   0]
 [  0   0   0   0   0   0   0   0 200]]",0.19822239875793457,0.0006024837493896484
86,N_BaIoT,-1,rbf,QuantileTransformer,HHHv2,0.9931353452137276,-1,-1,99.8641975308642,99.39601521728528,0.0763888888888889,99.3888888888889,99.38829846938285,-1,"{'0Normal': {'precision': 1.0, 'recall': 0.9852216748768473, 'f1-score': 0.9925558312655086, 'support': 203.0}, 'ack': {'precision': 1.0, 'recall': 0.9900990099009901, 'f1-score': 0.9950248756218906, 'support': 202.0}, 'combo': {'precision': 0.995, 'recall': 1.0, 'f1-score': 0.9974937343358395, 'support': 199.0}, 'junk': {'precision': 0.995, 'recall': 0.995, 'f1-score': 0.995, 'support': 200.0}, 'scan': {'precision': 0.98, 'recall': 1.0, 'f1-score': 0.98989898989899, 'support': 196.0}, 'syn': {'precision': 1.0, 'recall': 0.9900990099009901, 'f1-score': 0.9950248756218906, 'support': 202.0}, 'tcp': {'precision': 1.0, 'recall': 0.9852216748768473, 'f1-score': 0.9925558312655086, 'support': 203.0}, 'udp': {'precision': 0.98, 'recall': 1.0, 'f1-score': 0.98989898989899, 'support': 196.0}, 'udpplain': {'precision': 0.995, 'recall': 1.0, 'f1-score': 0.9974937343358395, 'support': 199.0}, 'accuracy': 0.9938888888888889, 'macro avg': {'precision': 0.9938888888888889, 'recall': 0.9939601521728528, 'f1-score': 0.9938829846938285, 'support': 1800.0}, 'weighted avg': {'precision': 0.9939833333333333, 'recall': 0.9938888888888889, 'f1-score': 0.9938947930839491, 'support': 1800.0}}","[[200   0   0   1   2   0   0   0   0]
 [  0 200   0   0   0   0   0   1   1]
 [  0   0 199   0   0   0   0   0   0]
 [  0   0   1 199   0   0   0   0   0]
 [  0   0   0   0 196   0   0   0   0]
 [  0   0   0   0   2 200   0   0   0]
 [  0   0   0   0   0   0 200   3   0]
 [  0   0   0   0   0   0   0 196   0]
 [  0   0   0   0   0   0   0   0 199]]",311.6065983772278,0.10661959648132324
87,N_BaIoT,-1,None,QuantileTransformer,KNN,0.9837766443115967,-1,-1,99.67901234567901,98.55555555555556,0.18055555555555555,98.57439968442007,98.55435293951231,-1,"{'0Normal': {'precision': 0.9897959183673469, 'recall': 0.97, 'f1-score': 0.9797979797979798, 'support': 200.0}, 'ack': {'precision': 0.961352657004831, 'recall': 0.995, 'f1-score': 0.977886977886978, 'support': 200.0}, 'combo': {'precision': 0.9897959183673469, 'recall': 0.97, 'f1-score': 0.9797979797979798, 'support': 200.0}, 'junk': {'precision': 0.9656862745098039, 'recall': 0.985, 'f1-score': 0.9752475247524752, 'support': 200.0}, 'scan': {'precision': 0.99, 'recall': 0.99, 'f1-score': 0.99, 'support': 200.0}, 'syn': {'precision': 0.9950248756218906, 'recall': 1.0, 'f1-score': 0.9975062344139651, 'support': 200.0}, 'tcp': {'precision': 1.0, 'recall': 1.0, 'f1-score': 1.0, 'support': 200.0}, 'udp': {'precision': 0.9948186528497409, 'recall': 0.96, 'f1-score': 0.9770992366412213, 'support': 200.0}, 'udpplain': {'precision': 0.9852216748768473, 'recall': 1.0, 'f1-score': 0.9925558312655086, 'support': 200.0}, 'accuracy': 0.9855555555555555, 'macro avg': {'precision': 0.9857439968442008, 'recall': 0.9855555555555556, 'f1-score': 0.9855435293951231, 'support': 1800.0}, 'weighted avg': {'precision': 0.9857439968442009, 'recall': 0.9855555555555555, 'f1-score': 0.985543529395123, 'support': 1800.0}}","[[194   0   0   3   2   0   0   1   0]
 [  0 199   0   0   0   0   0   0   1]
 [  0   0 194   4   0   1   0   0   1]
 [  1   0   2 197   0   0   0   0   0]
 [  1   0   0   0 198   0   0   0   1]
 [  0   0   0   0   0 200   0   0   0]
 [  0   0   0   0   0   0 200   0   0]
 [  0   8   0   0   0   0   0 192   0]
 [  0   0   0   0   0   0   0   0 200]]",0.0007631778717041016,0.030342817306518555
88,N_BaIoT,-1,None,QuantileTransformer,LDA,0.883482619824731,-1,-1,97.61728395061728,89.27777777777777,1.3402777777777777,90.39217258871619,87.82150355519241,-1,"{'0Normal': {'precision': 0.9949748743718593, 'recall': 0.99, 'f1-score': 0.9924812030075189, 'support': 200.0}, 'ack': {'precision': 0.8065843621399177, 'recall': 0.98, 'f1-score': 0.8848758465011287, 'support': 200.0}, 'combo': {'precision': 0.8546255506607929, 'recall': 0.97, 'f1-score': 0.9086651053864169, 'support': 200.0}, 'junk': {'precision': 0.9940476190476191, 'recall': 0.835, 'f1-score': 0.9076086956521738, 'support': 200.0}, 'scan': {'precision': 0.919431279620853, 'recall': 0.97, 'f1-score': 0.9440389294403893, 'support': 200.0}, 'syn': {'precision': 0.9900497512437811, 'recall': 0.995, 'f1-score': 0.9925187032418954, 'support': 200.0}, 'tcp': {'precision': 0.7194244604316546, 'recall': 1.0, 'f1-score': 0.8368200836820083, 'support': 200.0}, 'udp': {'precision': 0.8857142857142857, 'recall': 0.31, 'f1-score': 0.45925925925925926, 'support': 200.0}, 'udpplain': {'precision': 0.9704433497536946, 'recall': 0.985, 'f1-score': 0.977667493796526, 'support': 200.0}, 'accuracy': 0.8927777777777778, 'macro avg': {'precision': 0.9039217258871619, 'recall': 0.8927777777777778, 'f1-score': 0.878215035551924, 'support': 1800.0}, 'weighted avg': {'precision': 0.9039217258871619, 'recall': 0.8927777777777778, 'f1-score': 0.8782150355519239, 'support': 1800.0}}","[[198   1   0   0   0   0   0   1   0]
 [  0 196   0   0   0   0   0   4   0]
 [  0   0 194   1   0   0   0   0   5]
 [  0   0  33 167   0   0   0   0   0]
 [  1   0   0   0 194   2   0   2   1]
 [  0   0   0   0   0 199   0   1   0]
 [  0   0   0   0   0   0 200   0   0]
 [  0  43   0   0  17   0  78  62   0]
 [  0   3   0   0   0   0   0   0 197]]",0.024835586547851562,0.00042557716369628906
89,N_BaIoT,-1,None,QuantileTransformer,MLP,0.9943832865619154,-1,-1,99.8888888888889,99.5,0.0625,99.50842796935925,99.50094119853364,-1,"{'0Normal': {'precision': 0.9900497512437811, 'recall': 0.995, 'f1-score': 0.9925187032418954, 'support': 200.0}, 'ack': {'precision': 1.0, 'recall': 1.0, 'f1-score': 1.0, 'support': 200.0}, 'combo': {'precision': 1.0, 'recall': 1.0, 'f1-score': 1.0, 'support': 200.0}, 'junk': {'precision': 1.0, 'recall': 0.995, 'f1-score': 0.9974937343358395, 'support': 200.0}, 'scan': {'precision': 1.0, 'recall': 0.99, 'f1-score': 0.9949748743718593, 'support': 200.0}, 'syn': {'precision': 1.0, 'recall': 0.99, 'f1-score': 0.9949748743718593, 'support': 200.0}, 'tcp': {'precision': 1.0, 'recall': 0.985, 'f1-score': 0.9924433249370278, 'support': 200.0}, 'udp': {'precision': 0.975609756097561, 'recall': 1.0, 'f1-score': 0.9876543209876543, 'support': 200.0}, 'udpplain': {'precision': 0.9900990099009901, 'recall': 1.0, 'f1-score': 0.9950248756218906, 'support': 200.0}, 'accuracy': 0.995, 'macro avg': {'precision': 0.9950842796935925, 'recall': 0.995, 'f1-score': 0.9950094119853363, 'support': 1800.0}, 'weighted avg': {'precision': 0.9950842796935926, 'recall': 0.995, 'f1-score': 0.9950094119853363, 'support': 1800.0}}","[[199   0   0   0   0   0   0   0   1]
 [  0 200   0   0   0   0   0   0   0]
 [  0   0 200   0   0   0   0   0   0]
 [  0   0   0 199   0   0   0   0   1]
 [  2   0   0   0 198   0   0   0   0]
 [  0   0   0   0   0 198   0   2   0]
 [  0   0   0   0   0   0 197   3   0]
 [  0   0   0   0   0   0   0 200   0]
 [  0   0   0   0   0   0   0   0 200]]",1.5074548721313477,0.00089263916015625
90,N_BaIoT,-1,None,QuantileTransformer,LGBM,0.998128119155246,-1,-1,99.96296296296296,99.83333333333333,0.020833333333333336,99.83579638752053,99.83332395780597,-1,"{'0Normal': {'precision': 1.0, 'recall': 1.0, 'f1-score': 1.0, 'support': 200.0}, 'ack': {'precision': 1.0, 'recall': 1.0, 'f1-score': 1.0, 'support': 200.0}, 'combo': {'precision': 1.0, 'recall': 1.0, 'f1-score': 1.0, 'support': 200.0}, 'junk': {'precision': 1.0, 'recall': 1.0, 'f1-score': 1.0, 'support': 200.0}, 'scan': {'precision': 1.0, 'recall': 1.0, 'f1-score': 1.0, 'support': 200.0}, 'syn': {'precision': 1.0, 'recall': 1.0, 'f1-score': 1.0, 'support': 200.0}, 'tcp': {'precision': 0.9852216748768473, 'recall': 1.0, 'f1-score': 0.9925558312655086, 'support': 200.0}, 'udp': {'precision': 1.0, 'recall': 0.985, 'f1-score': 0.9924433249370278, 'support': 200.0}, 'udpplain': {'precision': 1.0, 'recall': 1.0, 'f1-score': 1.0, 'support': 200.0}, 'accuracy': 0.9983333333333333, 'macro avg': {'precision': 0.9983579638752053, 'recall': 0.9983333333333333, 'f1-score': 0.9983332395780598, 'support': 1800.0}, 'weighted avg': {'precision': 0.9983579638752054, 'recall': 0.9983333333333333, 'f1-score': 0.9983332395780596, 'support': 1800.0}}","[[200   0   0   0   0   0   0   0   0]
 [  0 200   0   0   0   0   0   0   0]
 [  0   0 200   0   0   0   0   0   0]
 [  0   0   0 200   0   0   0   0   0]
 [  0   0   0   0 200   0   0   0   0]
 [  0   0   0   0   0 200   0   0   0]
 [  0   0   0   0   0   0 200   0   0]
 [  0   0   0   0   0   0   3 197   0]
 [  0   0   0   0   0   0   0   0 200]]",1.8956389427185059,0.010274887084960938
91,N_BaIoT,-1,None,QuantileTransformer,RF,0.9987510403662089,-1,-1,99.97530864197532,99.8888888888889,0.013888888888888888,99.88944168048646,99.88874825777543,-1,"{'0Normal': {'precision': 0.9950248756218906, 'recall': 1.0, 'f1-score': 0.9975062344139651, 'support': 200.0}, 'ack': {'precision': 1.0, 'recall': 1.0, 'f1-score': 1.0, 'support': 200.0}, 'combo': {'precision': 1.0, 'recall': 1.0, 'f1-score': 1.0, 'support': 200.0}, 'junk': {'precision': 0.9950248756218906, 'recall': 1.0, 'f1-score': 0.9975062344139651, 'support': 200.0}, 'scan': {'precision': 1.0, 'recall': 0.99, 'f1-score': 0.9949748743718593, 'support': 200.0}, 'syn': {'precision': 1.0, 'recall': 1.0, 'f1-score': 1.0, 'support': 200.0}, 'tcp': {'precision': 1.0, 'recall': 1.0, 'f1-score': 1.0, 'support': 200.0}, 'udp': {'precision': 1.0, 'recall': 1.0, 'f1-score': 1.0, 'support': 200.0}, 'udpplain': {'precision': 1.0, 'recall': 1.0, 'f1-score': 1.0, 'support': 200.0}, 'accuracy': 0.9988888888888889, 'macro avg': {'precision': 0.9988944168048646, 'recall': 0.9988888888888889, 'f1-score': 0.9988874825777544, 'support': 1800.0}, 'weighted avg': {'precision': 0.9988944168048646, 'recall': 0.9988888888888889, 'f1-score': 0.9988874825777543, 'support': 1800.0}}","[[200   0   0   0   0   0   0   0   0]
 [  0 200   0   0   0   0   0   0   0]
 [  0   0 200   0   0   0   0   0   0]
 [  0   0   0 200   0   0   0   0   0]
 [  1   0   0   1 198   0   0   0   0]
 [  0   0   0   0   0 200   0   0   0]
 [  0   0   0   0   0   0 200   0   0]
 [  0   0   0   0   0   0   0 200   0]
 [  0   0   0   0   0   0   0   0 200]]",1.1591682434082031,0.010894298553466797
92,N_BaIoT,-1,None,QuantileTransformer,NuSVC,0.9762923747205964,-1,-1,99.53086419753086,97.88888888888887,0.2638888888888889,97.92232346299348,97.88874366493717,-1,"{'0Normal': {'precision': 0.9895833333333334, 'recall': 0.95, 'f1-score': 0.9693877551020408, 'support': 200.0}, 'ack': {'precision': 0.9900497512437811, 'recall': 0.995, 'f1-score': 0.9925187032418954, 'support': 200.0}, 'combo': {'precision': 0.9554455445544554, 'recall': 0.965, 'f1-score': 0.9601990049751244, 'support': 200.0}, 'junk': {'precision': 0.9795918367346939, 'recall': 0.96, 'f1-score': 0.9696969696969697, 'support': 200.0}, 'scan': {'precision': 0.9753694581280788, 'recall': 0.99, 'f1-score': 0.9826302729528535, 'support': 200.0}, 'syn': {'precision': 1.0, 'recall': 0.97, 'f1-score': 0.9847715736040609, 'support': 200.0}, 'tcp': {'precision': 1.0, 'recall': 0.99, 'f1-score': 0.9949748743718593, 'support': 200.0}, 'udp': {'precision': 0.9705882352941176, 'recall': 0.99, 'f1-score': 0.9801980198019802, 'support': 200.0}, 'udpplain': {'precision': 0.9523809523809523, 'recall': 1.0, 'f1-score': 0.975609756097561, 'support': 200.0}, 'accuracy': 0.9788888888888889, 'macro avg': {'precision': 0.9792232346299348, 'recall': 0.9788888888888887, 'f1-score': 0.9788874366493717, 'support': 1800.0}, 'weighted avg': {'precision': 0.9792232346299347, 'recall': 0.9788888888888889, 'f1-score': 0.9788874366493716, 'support': 1800.0}}","[[190   0   1   2   1   0   0   4   2]
 [  0 199   0   0   0   0   0   0   1]
 [  0   0 193   2   0   0   0   0   5]
 [  1   0   6 192   0   0   0   0   1]
 [  1   0   0   0 198   0   0   0   1]
 [  0   0   2   0   4 194   0   0   0]
 [  0   0   0   0   0   0 198   2   0]
 [  0   2   0   0   0   0   0 198   0]
 [  0   0   0   0   0   0   0   0 200]]",0.9063513278961182,0.3002903461456299
93,N_BaIoT,-1,None,QuantileTransformer,SGD,0.9115922456379842,-1,-1,98.22222222222223,92.0,1.0,92.67193775624854,91.78835899246134,-1,"{'0Normal': {'precision': 0.9900497512437811, 'recall': 0.995, 'f1-score': 0.9925187032418954, 'support': 200.0}, 'ack': {'precision': 0.9884393063583815, 'recall': 0.855, 'f1-score': 0.9168900804289545, 'support': 200.0}, 'combo': {'precision': 0.9751243781094527, 'recall': 0.98, 'f1-score': 0.9775561097256857, 'support': 200.0}, 'junk': {'precision': 0.98, 'recall': 0.98, 'f1-score': 0.98, 'support': 200.0}, 'scan': {'precision': 0.8761061946902655, 'recall': 0.99, 'f1-score': 0.9295774647887325, 'support': 200.0}, 'syn': {'precision': 1.0, 'recall': 0.885, 'f1-score': 0.9389920424403183, 'support': 200.0}, 'tcp': {'precision': 0.7352941176470589, 'recall': 1.0, 'f1-score': 0.8474576271186441, 'support': 200.0}, 'udp': {'precision': 0.815068493150685, 'recall': 0.595, 'f1-score': 0.6878612716763005, 'support': 200.0}, 'udpplain': {'precision': 0.9803921568627451, 'recall': 1.0, 'f1-score': 0.99009900990099, 'support': 200.0}, 'accuracy': 0.92, 'macro avg': {'precision': 0.9267193775624855, 'recall': 0.9199999999999999, 'f1-score': 0.9178835899246134, 'support': 1800.0}, 'weighted avg': {'precision': 0.9267193775624856, 'recall': 0.92, 'f1-score': 0.9178835899246135, 'support': 1800.0}}","[[199   0   0   0   1   0   0   0   0]
 [  0 171   0   0   1   0   0  25   3]
 [  0   0 196   3   0   0   0   1   0]
 [  1   0   3 196   0   0   0   0   0]
 [  1   0   0   0 198   0   0   0   1]
 [  0   0   0   0  22 177   0   1   0]
 [  0   0   0   0   0   0 200   0   0]
 [  0   2   2   1   4   0  72 119   0]
 [  0   0   0   0   0   0   0   0 200]]",0.2031693458557129,0.0006284713745117188
94,N_BaIoT,-1,poly,QuantileTransformer,HHHv2,0.9837684458312906,-1,-1,99.67901234567901,98.56570590172414,0.18055555555555555,98.55555555555556,98.55317321643979,-1,"{'0Normal': {'precision': 0.955, 'recall': 0.9947916666666666, 'f1-score': 0.9744897959183673, 'support': 192.0}, 'ack': {'precision': 0.995, 'recall': 0.995, 'f1-score': 0.995, 'support': 200.0}, 'combo': {'precision': 0.99, 'recall': 0.9850746268656716, 'f1-score': 0.9875311720698254, 'support': 201.0}, 'junk': {'precision': 0.995, 'recall': 0.995, 'f1-score': 0.995, 'support': 200.0}, 'scan': {'precision': 0.98, 'recall': 0.9849246231155779, 'f1-score': 0.9824561403508771, 'support': 199.0}, 'syn': {'precision': 0.98, 'recall': 0.9849246231155779, 'f1-score': 0.9824561403508771, 'support': 199.0}, 'tcp': {'precision': 1.0, 'recall': 0.975609756097561, 'f1-score': 0.9876543209876543, 'support': 205.0}, 'udp': {'precision': 0.985, 'recall': 0.985, 'f1-score': 0.985, 'support': 200.0}, 'udpplain': {'precision': 0.99, 'recall': 0.9705882352941176, 'f1-score': 0.9801980198019802, 'support': 204.0}, 'accuracy': 0.9855555555555555, 'macro avg': {'precision': 0.9855555555555555, 'recall': 0.9856570590172414, 'f1-score': 0.9855317321643979, 'support': 1800.0}, 'weighted avg': {'precision': 0.9857499999999999, 'recall': 0.9855555555555555, 'f1-score': 0.985579378946713, 'support': 1800.0}}","[[191   0   0   1   0   0   0   0   0]
 [  0 199   1   0   0   0   0   0   0]
 [  1   0 198   0   2   0   0   0   0]
 [  0   0   1 199   0   0   0   0   0]
 [  2   0   0   0 196   1   0   0   0]
 [  0   0   0   0   1 196   0   0   2]
 [  2   0   0   0   0   0 200   3   0]
 [  3   0   0   0   0   0   0 197   0]
 [  1   1   0   0   1   3   0   0 198]]",313.20863127708435,0.14946770668029785
95,N_BaIoT,-1,None,QuantileTransformer,KNN,0.9837766443115967,-1,-1,99.67901234567901,98.55555555555556,0.18055555555555555,98.57439968442007,98.55435293951231,-1,"{'0Normal': {'precision': 0.9897959183673469, 'recall': 0.97, 'f1-score': 0.9797979797979798, 'support': 200.0}, 'ack': {'precision': 0.961352657004831, 'recall': 0.995, 'f1-score': 0.977886977886978, 'support': 200.0}, 'combo': {'precision': 0.9897959183673469, 'recall': 0.97, 'f1-score': 0.9797979797979798, 'support': 200.0}, 'junk': {'precision': 0.9656862745098039, 'recall': 0.985, 'f1-score': 0.9752475247524752, 'support': 200.0}, 'scan': {'precision': 0.99, 'recall': 0.99, 'f1-score': 0.99, 'support': 200.0}, 'syn': {'precision': 0.9950248756218906, 'recall': 1.0, 'f1-score': 0.9975062344139651, 'support': 200.0}, 'tcp': {'precision': 1.0, 'recall': 1.0, 'f1-score': 1.0, 'support': 200.0}, 'udp': {'precision': 0.9948186528497409, 'recall': 0.96, 'f1-score': 0.9770992366412213, 'support': 200.0}, 'udpplain': {'precision': 0.9852216748768473, 'recall': 1.0, 'f1-score': 0.9925558312655086, 'support': 200.0}, 'accuracy': 0.9855555555555555, 'macro avg': {'precision': 0.9857439968442008, 'recall': 0.9855555555555556, 'f1-score': 0.9855435293951231, 'support': 1800.0}, 'weighted avg': {'precision': 0.9857439968442009, 'recall': 0.9855555555555555, 'f1-score': 0.985543529395123, 'support': 1800.0}}","[[194   0   0   3   2   0   0   1   0]
 [  0 199   0   0   0   0   0   0   1]
 [  0   0 194   4   0   1   0   0   1]
 [  1   0   2 197   0   0   0   0   0]
 [  1   0   0   0 198   0   0   0   1]
 [  0   0   0   0   0 200   0   0   0]
 [  0   0   0   0   0   0 200   0   0]
 [  0   8   0   0   0   0   0 192   0]
 [  0   0   0   0   0   0   0   0 200]]",0.0007367134094238281,0.02169179916381836
96,N_BaIoT,-1,None,QuantileTransformer,LDA,0.883482619824731,-1,-1,97.61728395061728,89.27777777777777,1.3402777777777777,90.39217258871619,87.82150355519241,-1,"{'0Normal': {'precision': 0.9949748743718593, 'recall': 0.99, 'f1-score': 0.9924812030075189, 'support': 200.0}, 'ack': {'precision': 0.8065843621399177, 'recall': 0.98, 'f1-score': 0.8848758465011287, 'support': 200.0}, 'combo': {'precision': 0.8546255506607929, 'recall': 0.97, 'f1-score': 0.9086651053864169, 'support': 200.0}, 'junk': {'precision': 0.9940476190476191, 'recall': 0.835, 'f1-score': 0.9076086956521738, 'support': 200.0}, 'scan': {'precision': 0.919431279620853, 'recall': 0.97, 'f1-score': 0.9440389294403893, 'support': 200.0}, 'syn': {'precision': 0.9900497512437811, 'recall': 0.995, 'f1-score': 0.9925187032418954, 'support': 200.0}, 'tcp': {'precision': 0.7194244604316546, 'recall': 1.0, 'f1-score': 0.8368200836820083, 'support': 200.0}, 'udp': {'precision': 0.8857142857142857, 'recall': 0.31, 'f1-score': 0.45925925925925926, 'support': 200.0}, 'udpplain': {'precision': 0.9704433497536946, 'recall': 0.985, 'f1-score': 0.977667493796526, 'support': 200.0}, 'accuracy': 0.8927777777777778, 'macro avg': {'precision': 0.9039217258871619, 'recall': 0.8927777777777778, 'f1-score': 0.878215035551924, 'support': 1800.0}, 'weighted avg': {'precision': 0.9039217258871619, 'recall': 0.8927777777777778, 'f1-score': 0.8782150355519239, 'support': 1800.0}}","[[198   1   0   0   0   0   0   1   0]
 [  0 196   0   0   0   0   0   4   0]
 [  0   0 194   1   0   0   0   0   5]
 [  0   0  33 167   0   0   0   0   0]
 [  1   0   0   0 194   2   0   2   1]
 [  0   0   0   0   0 199   0   1   0]
 [  0   0   0   0   0   0 200   0   0]
 [  0  43   0   0  17   0  78  62   0]
 [  0   3   0   0   0   0   0   0 197]]",0.021547794342041016,0.0004520416259765625
97,N_BaIoT,-1,None,QuantileTransformer,MLP,0.9943832865619154,-1,-1,99.8888888888889,99.5,0.0625,99.50842796935925,99.50094119853364,-1,"{'0Normal': {'precision': 0.9900497512437811, 'recall': 0.995, 'f1-score': 0.9925187032418954, 'support': 200.0}, 'ack': {'precision': 1.0, 'recall': 1.0, 'f1-score': 1.0, 'support': 200.0}, 'combo': {'precision': 1.0, 'recall': 1.0, 'f1-score': 1.0, 'support': 200.0}, 'junk': {'precision': 1.0, 'recall': 0.995, 'f1-score': 0.9974937343358395, 'support': 200.0}, 'scan': {'precision': 1.0, 'recall': 0.99, 'f1-score': 0.9949748743718593, 'support': 200.0}, 'syn': {'precision': 1.0, 'recall': 0.99, 'f1-score': 0.9949748743718593, 'support': 200.0}, 'tcp': {'precision': 1.0, 'recall': 0.985, 'f1-score': 0.9924433249370278, 'support': 200.0}, 'udp': {'precision': 0.975609756097561, 'recall': 1.0, 'f1-score': 0.9876543209876543, 'support': 200.0}, 'udpplain': {'precision': 0.9900990099009901, 'recall': 1.0, 'f1-score': 0.9950248756218906, 'support': 200.0}, 'accuracy': 0.995, 'macro avg': {'precision': 0.9950842796935925, 'recall': 0.995, 'f1-score': 0.9950094119853363, 'support': 1800.0}, 'weighted avg': {'precision': 0.9950842796935926, 'recall': 0.995, 'f1-score': 0.9950094119853363, 'support': 1800.0}}","[[199   0   0   0   0   0   0   0   1]
 [  0 200   0   0   0   0   0   0   0]
 [  0   0 200   0   0   0   0   0   0]
 [  0   0   0 199   0   0   0   0   1]
 [  2   0   0   0 198   0   0   0   0]
 [  0   0   0   0   0 198   0   2   0]
 [  0   0   0   0   0   0 197   3   0]
 [  0   0   0   0   0   0   0 200   0]
 [  0   0   0   0   0   0   0   0 200]]",1.5018203258514404,0.0009212493896484375
98,N_BaIoT,-1,None,QuantileTransformer,LGBM,0.998128119155246,-1,-1,99.96296296296296,99.83333333333333,0.020833333333333336,99.83579638752053,99.83332395780597,-1,"{'0Normal': {'precision': 1.0, 'recall': 1.0, 'f1-score': 1.0, 'support': 200.0}, 'ack': {'precision': 1.0, 'recall': 1.0, 'f1-score': 1.0, 'support': 200.0}, 'combo': {'precision': 1.0, 'recall': 1.0, 'f1-score': 1.0, 'support': 200.0}, 'junk': {'precision': 1.0, 'recall': 1.0, 'f1-score': 1.0, 'support': 200.0}, 'scan': {'precision': 1.0, 'recall': 1.0, 'f1-score': 1.0, 'support': 200.0}, 'syn': {'precision': 1.0, 'recall': 1.0, 'f1-score': 1.0, 'support': 200.0}, 'tcp': {'precision': 0.9852216748768473, 'recall': 1.0, 'f1-score': 0.9925558312655086, 'support': 200.0}, 'udp': {'precision': 1.0, 'recall': 0.985, 'f1-score': 0.9924433249370278, 'support': 200.0}, 'udpplain': {'precision': 1.0, 'recall': 1.0, 'f1-score': 1.0, 'support': 200.0}, 'accuracy': 0.9983333333333333, 'macro avg': {'precision': 0.9983579638752053, 'recall': 0.9983333333333333, 'f1-score': 0.9983332395780598, 'support': 1800.0}, 'weighted avg': {'precision': 0.9983579638752054, 'recall': 0.9983333333333333, 'f1-score': 0.9983332395780596, 'support': 1800.0}}","[[200   0   0   0   0   0   0   0   0]
 [  0 200   0   0   0   0   0   0   0]
 [  0   0 200   0   0   0   0   0   0]
 [  0   0   0 200   0   0   0   0   0]
 [  0   0   0   0 200   0   0   0   0]
 [  0   0   0   0   0 200   0   0   0]
 [  0   0   0   0   0   0 200   0   0]
 [  0   0   0   0   0   0   3 197   0]
 [  0   0   0   0   0   0   0   0 200]]",1.9045071601867676,0.012755870819091797
99,N_BaIoT,-1,None,QuantileTransformer,RF,0.9987510403662089,-1,-1,99.97530864197532,99.8888888888889,0.013888888888888888,99.88944168048646,99.88874825777543,-1,"{'0Normal': {'precision': 0.9950248756218906, 'recall': 1.0, 'f1-score': 0.9975062344139651, 'support': 200.0}, 'ack': {'precision': 1.0, 'recall': 1.0, 'f1-score': 1.0, 'support': 200.0}, 'combo': {'precision': 1.0, 'recall': 1.0, 'f1-score': 1.0, 'support': 200.0}, 'junk': {'precision': 0.9950248756218906, 'recall': 1.0, 'f1-score': 0.9975062344139651, 'support': 200.0}, 'scan': {'precision': 1.0, 'recall': 0.99, 'f1-score': 0.9949748743718593, 'support': 200.0}, 'syn': {'precision': 1.0, 'recall': 1.0, 'f1-score': 1.0, 'support': 200.0}, 'tcp': {'precision': 1.0, 'recall': 1.0, 'f1-score': 1.0, 'support': 200.0}, 'udp': {'precision': 1.0, 'recall': 1.0, 'f1-score': 1.0, 'support': 200.0}, 'udpplain': {'precision': 1.0, 'recall': 1.0, 'f1-score': 1.0, 'support': 200.0}, 'accuracy': 0.9988888888888889, 'macro avg': {'precision': 0.9988944168048646, 'recall': 0.9988888888888889, 'f1-score': 0.9988874825777544, 'support': 1800.0}, 'weighted avg': {'precision': 0.9988944168048646, 'recall': 0.9988888888888889, 'f1-score': 0.9988874825777543, 'support': 1800.0}}","[[200   0   0   0   0   0   0   0   0]
 [  0 200   0   0   0   0   0   0   0]
 [  0   0 200   0   0   0   0   0   0]
 [  0   0   0 200   0   0   0   0   0]
 [  1   0   0   1 198   0   0   0   0]
 [  0   0   0   0   0 200   0   0   0]
 [  0   0   0   0   0   0 200   0   0]
 [  0   0   0   0   0   0   0 200   0]
 [  0   0   0   0   0   0   0   0 200]]",1.1518564224243164,0.010781049728393555
100,N_BaIoT,-1,None,QuantileTransformer,NuSVC,0.9762923747205964,-1,-1,99.53086419753086,97.88888888888887,0.2638888888888889,97.92232346299348,97.88874366493717,-1,"{'0Normal': {'precision': 0.9895833333333334, 'recall': 0.95, 'f1-score': 0.9693877551020408, 'support': 200.0}, 'ack': {'precision': 0.9900497512437811, 'recall': 0.995, 'f1-score': 0.9925187032418954, 'support': 200.0}, 'combo': {'precision': 0.9554455445544554, 'recall': 0.965, 'f1-score': 0.9601990049751244, 'support': 200.0}, 'junk': {'precision': 0.9795918367346939, 'recall': 0.96, 'f1-score': 0.9696969696969697, 'support': 200.0}, 'scan': {'precision': 0.9753694581280788, 'recall': 0.99, 'f1-score': 0.9826302729528535, 'support': 200.0}, 'syn': {'precision': 1.0, 'recall': 0.97, 'f1-score': 0.9847715736040609, 'support': 200.0}, 'tcp': {'precision': 1.0, 'recall': 0.99, 'f1-score': 0.9949748743718593, 'support': 200.0}, 'udp': {'precision': 0.9705882352941176, 'recall': 0.99, 'f1-score': 0.9801980198019802, 'support': 200.0}, 'udpplain': {'precision': 0.9523809523809523, 'recall': 1.0, 'f1-score': 0.975609756097561, 'support': 200.0}, 'accuracy': 0.9788888888888889, 'macro avg': {'precision': 0.9792232346299348, 'recall': 0.9788888888888887, 'f1-score': 0.9788874366493717, 'support': 1800.0}, 'weighted avg': {'precision': 0.9792232346299347, 'recall': 0.9788888888888889, 'f1-score': 0.9788874366493716, 'support': 1800.0}}","[[190   0   1   2   1   0   0   4   2]
 [  0 199   0   0   0   0   0   0   1]
 [  0   0 193   2   0   0   0   0   5]
 [  1   0   6 192   0   0   0   0   1]
 [  1   0   0   0 198   0   0   0   1]
 [  0   0   2   0   4 194   0   0   0]
 [  0   0   0   0   0   0 198   2   0]
 [  0   2   0   0   0   0   0 198   0]
 [  0   0   0   0   0   0   0   0 200]]",0.9115488529205322,0.3007204532623291
101,N_BaIoT,-1,None,QuantileTransformer,SGD,0.9115922456379842,-1,-1,98.22222222222223,92.0,1.0,92.67193775624854,91.78835899246134,-1,"{'0Normal': {'precision': 0.9900497512437811, 'recall': 0.995, 'f1-score': 0.9925187032418954, 'support': 200.0}, 'ack': {'precision': 0.9884393063583815, 'recall': 0.855, 'f1-score': 0.9168900804289545, 'support': 200.0}, 'combo': {'precision': 0.9751243781094527, 'recall': 0.98, 'f1-score': 0.9775561097256857, 'support': 200.0}, 'junk': {'precision': 0.98, 'recall': 0.98, 'f1-score': 0.98, 'support': 200.0}, 'scan': {'precision': 0.8761061946902655, 'recall': 0.99, 'f1-score': 0.9295774647887325, 'support': 200.0}, 'syn': {'precision': 1.0, 'recall': 0.885, 'f1-score': 0.9389920424403183, 'support': 200.0}, 'tcp': {'precision': 0.7352941176470589, 'recall': 1.0, 'f1-score': 0.8474576271186441, 'support': 200.0}, 'udp': {'precision': 0.815068493150685, 'recall': 0.595, 'f1-score': 0.6878612716763005, 'support': 200.0}, 'udpplain': {'precision': 0.9803921568627451, 'recall': 1.0, 'f1-score': 0.99009900990099, 'support': 200.0}, 'accuracy': 0.92, 'macro avg': {'precision': 0.9267193775624855, 'recall': 0.9199999999999999, 'f1-score': 0.9178835899246134, 'support': 1800.0}, 'weighted avg': {'precision': 0.9267193775624856, 'recall': 0.92, 'f1-score': 0.9178835899246135, 'support': 1800.0}}","[[199   0   0   0   1   0   0   0   0]
 [  0 171   0   0   1   0   0  25   3]
 [  0   0 196   3   0   0   0   1   0]
 [  1   0   3 196   0   0   0   0   0]
 [  1   0   0   0 198   0   0   0   1]
 [  0   0   0   0  22 177   0   1   0]
 [  0   0   0   0   0   0 200   0   0]
 [  0   2   2   1   4   0  72 119   0]
 [  0   0   0   0   0   0   0   0 200]]",0.2035231590270996,0.0005397796630859375
102,N_BaIoT,-1,linear,QuantileTransformer,HHHv2,0.8530075962249772,-1,-1,97.01234567901234,87.49026110609157,1.6805555555555556,86.55555555555556,84.88811621042782,-1,"{'0Normal': {'precision': 0.98, 'recall': 0.9949238578680203, 'f1-score': 0.9874055415617129, 'support': 197.0}, 'ack': {'precision': 0.8, 'recall': 0.7692307692307693, 'f1-score': 0.7843137254901961, 'support': 208.0}, 'combo': {'precision': 0.97, 'recall': 0.8546255506607929, 'f1-score': 0.9086651053864169, 'support': 227.0}, 'junk': {'precision': 0.825, 'recall': 0.9939759036144579, 'f1-score': 0.901639344262295, 'support': 166.0}, 'scan': {'precision': 0.99, 'recall': 0.8571428571428571, 'f1-score': 0.9187935034802784, 'support': 231.0}, 'syn': {'precision': 0.95, 'recall': 0.9947643979057592, 'f1-score': 0.9718670076726342, 'support': 191.0}, 'tcp': {'precision': 1.0, 'recall': 0.7194244604316546, 'f1-score': 0.8368200836820083, 'support': 278.0}, 'udp': {'precision': 0.275, 'recall': 0.8461538461538461, 'f1-score': 0.41509433962264153, 'support': 65.0}, 'udpplain': {'precision': 1.0, 'recall': 0.8438818565400844, 'f1-score': 0.9153318077803204, 'support': 237.0}, 'accuracy': 0.8655555555555555, 'macro avg': {'precision': 0.8655555555555555, 'recall': 0.8749026110609157, 'f1-score': 0.8488811621042782, 'support': 1800.0}, 'weighted avg': {'precision': 0.9220083333333333, 'recall': 0.8655555555555555, 'f1-score': 0.8822299490068328, 'support': 1800.0}}","[[196   0   0   0   1   0   0   0   0]
 [  2 160   0   0   0   0   0  46   0]
 [  0   0 194  33   0   0   0   0   0]
 [  0   0   1 165   0   0   0   0   0]
 [  0   3   0   1 198   8   0  21   0]
 [  1   0   0   0   0 190   0   0   0]
 [  0   0   0   0   0   0 200  78   0]
 [  1   7   0   0   0   2   0  55   0]
 [  0  30   5   1   1   0   0   0 200]]",310.5338068008423,0.03409242630004883
103,N_BaIoT,-1,None,QuantileTransformer,KNN,0.9837766443115967,-1,-1,99.67901234567901,98.55555555555556,0.18055555555555555,98.57439968442007,98.55435293951231,-1,"{'0Normal': {'precision': 0.9897959183673469, 'recall': 0.97, 'f1-score': 0.9797979797979798, 'support': 200.0}, 'ack': {'precision': 0.961352657004831, 'recall': 0.995, 'f1-score': 0.977886977886978, 'support': 200.0}, 'combo': {'precision': 0.9897959183673469, 'recall': 0.97, 'f1-score': 0.9797979797979798, 'support': 200.0}, 'junk': {'precision': 0.9656862745098039, 'recall': 0.985, 'f1-score': 0.9752475247524752, 'support': 200.0}, 'scan': {'precision': 0.99, 'recall': 0.99, 'f1-score': 0.99, 'support': 200.0}, 'syn': {'precision': 0.9950248756218906, 'recall': 1.0, 'f1-score': 0.9975062344139651, 'support': 200.0}, 'tcp': {'precision': 1.0, 'recall': 1.0, 'f1-score': 1.0, 'support': 200.0}, 'udp': {'precision': 0.9948186528497409, 'recall': 0.96, 'f1-score': 0.9770992366412213, 'support': 200.0}, 'udpplain': {'precision': 0.9852216748768473, 'recall': 1.0, 'f1-score': 0.9925558312655086, 'support': 200.0}, 'accuracy': 0.9855555555555555, 'macro avg': {'precision': 0.9857439968442008, 'recall': 0.9855555555555556, 'f1-score': 0.9855435293951231, 'support': 1800.0}, 'weighted avg': {'precision': 0.9857439968442009, 'recall': 0.9855555555555555, 'f1-score': 0.985543529395123, 'support': 1800.0}}","[[194   0   0   3   2   0   0   1   0]
 [  0 199   0   0   0   0   0   0   1]
 [  0   0 194   4   0   1   0   0   1]
 [  1   0   2 197   0   0   0   0   0]
 [  1   0   0   0 198   0   0   0   1]
 [  0   0   0   0   0 200   0   0   0]
 [  0   0   0   0   0   0 200   0   0]
 [  0   8   0   0   0   0   0 192   0]
 [  0   0   0   0   0   0   0   0 200]]",0.0007631778717041016,0.022526979446411133
104,N_BaIoT,-1,None,QuantileTransformer,LDA,0.883482619824731,-1,-1,97.61728395061728,89.27777777777777,1.3402777777777777,90.39217258871619,87.82150355519241,-1,"{'0Normal': {'precision': 0.9949748743718593, 'recall': 0.99, 'f1-score': 0.9924812030075189, 'support': 200.0}, 'ack': {'precision': 0.8065843621399177, 'recall': 0.98, 'f1-score': 0.8848758465011287, 'support': 200.0}, 'combo': {'precision': 0.8546255506607929, 'recall': 0.97, 'f1-score': 0.9086651053864169, 'support': 200.0}, 'junk': {'precision': 0.9940476190476191, 'recall': 0.835, 'f1-score': 0.9076086956521738, 'support': 200.0}, 'scan': {'precision': 0.919431279620853, 'recall': 0.97, 'f1-score': 0.9440389294403893, 'support': 200.0}, 'syn': {'precision': 0.9900497512437811, 'recall': 0.995, 'f1-score': 0.9925187032418954, 'support': 200.0}, 'tcp': {'precision': 0.7194244604316546, 'recall': 1.0, 'f1-score': 0.8368200836820083, 'support': 200.0}, 'udp': {'precision': 0.8857142857142857, 'recall': 0.31, 'f1-score': 0.45925925925925926, 'support': 200.0}, 'udpplain': {'precision': 0.9704433497536946, 'recall': 0.985, 'f1-score': 0.977667493796526, 'support': 200.0}, 'accuracy': 0.8927777777777778, 'macro avg': {'precision': 0.9039217258871619, 'recall': 0.8927777777777778, 'f1-score': 0.878215035551924, 'support': 1800.0}, 'weighted avg': {'precision': 0.9039217258871619, 'recall': 0.8927777777777778, 'f1-score': 0.8782150355519239, 'support': 1800.0}}","[[198   1   0   0   0   0   0   1   0]
 [  0 196   0   0   0   0   0   4   0]
 [  0   0 194   1   0   0   0   0   5]
 [  0   0  33 167   0   0   0   0   0]
 [  1   0   0   0 194   2   0   2   1]
 [  0   0   0   0   0 199   0   1   0]
 [  0   0   0   0   0   0 200   0   0]
 [  0  43   0   0  17   0  78  62   0]
 [  0   3   0   0   0   0   0   0 197]]",0.021943330764770508,0.0004470348358154297
105,N_BaIoT,-1,None,QuantileTransformer,MLP,0.9943832865619154,-1,-1,99.8888888888889,99.5,0.0625,99.50842796935925,99.50094119853364,-1,"{'0Normal': {'precision': 0.9900497512437811, 'recall': 0.995, 'f1-score': 0.9925187032418954, 'support': 200.0}, 'ack': {'precision': 1.0, 'recall': 1.0, 'f1-score': 1.0, 'support': 200.0}, 'combo': {'precision': 1.0, 'recall': 1.0, 'f1-score': 1.0, 'support': 200.0}, 'junk': {'precision': 1.0, 'recall': 0.995, 'f1-score': 0.9974937343358395, 'support': 200.0}, 'scan': {'precision': 1.0, 'recall': 0.99, 'f1-score': 0.9949748743718593, 'support': 200.0}, 'syn': {'precision': 1.0, 'recall': 0.99, 'f1-score': 0.9949748743718593, 'support': 200.0}, 'tcp': {'precision': 1.0, 'recall': 0.985, 'f1-score': 0.9924433249370278, 'support': 200.0}, 'udp': {'precision': 0.975609756097561, 'recall': 1.0, 'f1-score': 0.9876543209876543, 'support': 200.0}, 'udpplain': {'precision': 0.9900990099009901, 'recall': 1.0, 'f1-score': 0.9950248756218906, 'support': 200.0}, 'accuracy': 0.995, 'macro avg': {'precision': 0.9950842796935925, 'recall': 0.995, 'f1-score': 0.9950094119853363, 'support': 1800.0}, 'weighted avg': {'precision': 0.9950842796935926, 'recall': 0.995, 'f1-score': 0.9950094119853363, 'support': 1800.0}}","[[199   0   0   0   0   0   0   0   1]
 [  0 200   0   0   0   0   0   0   0]
 [  0   0 200   0   0   0   0   0   0]
 [  0   0   0 199   0   0   0   0   1]
 [  2   0   0   0 198   0   0   0   0]
 [  0   0   0   0   0 198   0   2   0]
 [  0   0   0   0   0   0 197   3   0]
 [  0   0   0   0   0   0   0 200   0]
 [  0   0   0   0   0   0   0   0 200]]",1.5002875328063965,0.0008969306945800781
106,N_BaIoT,-1,None,QuantileTransformer,LGBM,0.998128119155246,-1,-1,99.96296296296296,99.83333333333333,0.020833333333333336,99.83579638752053,99.83332395780597,-1,"{'0Normal': {'precision': 1.0, 'recall': 1.0, 'f1-score': 1.0, 'support': 200.0}, 'ack': {'precision': 1.0, 'recall': 1.0, 'f1-score': 1.0, 'support': 200.0}, 'combo': {'precision': 1.0, 'recall': 1.0, 'f1-score': 1.0, 'support': 200.0}, 'junk': {'precision': 1.0, 'recall': 1.0, 'f1-score': 1.0, 'support': 200.0}, 'scan': {'precision': 1.0, 'recall': 1.0, 'f1-score': 1.0, 'support': 200.0}, 'syn': {'precision': 1.0, 'recall': 1.0, 'f1-score': 1.0, 'support': 200.0}, 'tcp': {'precision': 0.9852216748768473, 'recall': 1.0, 'f1-score': 0.9925558312655086, 'support': 200.0}, 'udp': {'precision': 1.0, 'recall': 0.985, 'f1-score': 0.9924433249370278, 'support': 200.0}, 'udpplain': {'precision': 1.0, 'recall': 1.0, 'f1-score': 1.0, 'support': 200.0}, 'accuracy': 0.9983333333333333, 'macro avg': {'precision': 0.9983579638752053, 'recall': 0.9983333333333333, 'f1-score': 0.9983332395780598, 'support': 1800.0}, 'weighted avg': {'precision': 0.9983579638752054, 'recall': 0.9983333333333333, 'f1-score': 0.9983332395780596, 'support': 1800.0}}","[[200   0   0   0   0   0   0   0   0]
 [  0 200   0   0   0   0   0   0   0]
 [  0   0 200   0   0   0   0   0   0]
 [  0   0   0 200   0   0   0   0   0]
 [  0   0   0   0 200   0   0   0   0]
 [  0   0   0   0   0 200   0   0   0]
 [  0   0   0   0   0   0 200   0   0]
 [  0   0   0   0   0   0   3 197   0]
 [  0   0   0   0   0   0   0   0 200]]",1.9234833717346191,0.016054391860961914
107,N_BaIoT,-1,None,QuantileTransformer,RF,0.9987510403662089,-1,-1,99.97530864197532,99.8888888888889,0.013888888888888888,99.88944168048646,99.88874825777543,-1,"{'0Normal': {'precision': 0.9950248756218906, 'recall': 1.0, 'f1-score': 0.9975062344139651, 'support': 200.0}, 'ack': {'precision': 1.0, 'recall': 1.0, 'f1-score': 1.0, 'support': 200.0}, 'combo': {'precision': 1.0, 'recall': 1.0, 'f1-score': 1.0, 'support': 200.0}, 'junk': {'precision': 0.9950248756218906, 'recall': 1.0, 'f1-score': 0.9975062344139651, 'support': 200.0}, 'scan': {'precision': 1.0, 'recall': 0.99, 'f1-score': 0.9949748743718593, 'support': 200.0}, 'syn': {'precision': 1.0, 'recall': 1.0, 'f1-score': 1.0, 'support': 200.0}, 'tcp': {'precision': 1.0, 'recall': 1.0, 'f1-score': 1.0, 'support': 200.0}, 'udp': {'precision': 1.0, 'recall': 1.0, 'f1-score': 1.0, 'support': 200.0}, 'udpplain': {'precision': 1.0, 'recall': 1.0, 'f1-score': 1.0, 'support': 200.0}, 'accuracy': 0.9988888888888889, 'macro avg': {'precision': 0.9988944168048646, 'recall': 0.9988888888888889, 'f1-score': 0.9988874825777544, 'support': 1800.0}, 'weighted avg': {'precision': 0.9988944168048646, 'recall': 0.9988888888888889, 'f1-score': 0.9988874825777543, 'support': 1800.0}}","[[200   0   0   0   0   0   0   0   0]
 [  0 200   0   0   0   0   0   0   0]
 [  0   0 200   0   0   0   0   0   0]
 [  0   0   0 200   0   0   0   0   0]
 [  1   0   0   1 198   0   0   0   0]
 [  0   0   0   0   0 200   0   0   0]
 [  0   0   0   0   0   0 200   0   0]
 [  0   0   0   0   0   0   0 200   0]
 [  0   0   0   0   0   0   0   0 200]]",1.1547949314117432,0.010842561721801758
108,N_BaIoT,-1,None,QuantileTransformer,NuSVC,0.9762923747205964,-1,-1,99.53086419753086,97.88888888888887,0.2638888888888889,97.92232346299348,97.88874366493717,-1,"{'0Normal': {'precision': 0.9895833333333334, 'recall': 0.95, 'f1-score': 0.9693877551020408, 'support': 200.0}, 'ack': {'precision': 0.9900497512437811, 'recall': 0.995, 'f1-score': 0.9925187032418954, 'support': 200.0}, 'combo': {'precision': 0.9554455445544554, 'recall': 0.965, 'f1-score': 0.9601990049751244, 'support': 200.0}, 'junk': {'precision': 0.9795918367346939, 'recall': 0.96, 'f1-score': 0.9696969696969697, 'support': 200.0}, 'scan': {'precision': 0.9753694581280788, 'recall': 0.99, 'f1-score': 0.9826302729528535, 'support': 200.0}, 'syn': {'precision': 1.0, 'recall': 0.97, 'f1-score': 0.9847715736040609, 'support': 200.0}, 'tcp': {'precision': 1.0, 'recall': 0.99, 'f1-score': 0.9949748743718593, 'support': 200.0}, 'udp': {'precision': 0.9705882352941176, 'recall': 0.99, 'f1-score': 0.9801980198019802, 'support': 200.0}, 'udpplain': {'precision': 0.9523809523809523, 'recall': 1.0, 'f1-score': 0.975609756097561, 'support': 200.0}, 'accuracy': 0.9788888888888889, 'macro avg': {'precision': 0.9792232346299348, 'recall': 0.9788888888888887, 'f1-score': 0.9788874366493717, 'support': 1800.0}, 'weighted avg': {'precision': 0.9792232346299347, 'recall': 0.9788888888888889, 'f1-score': 0.9788874366493716, 'support': 1800.0}}","[[190   0   1   2   1   0   0   4   2]
 [  0 199   0   0   0   0   0   0   1]
 [  0   0 193   2   0   0   0   0   5]
 [  1   0   6 192   0   0   0   0   1]
 [  1   0   0   0 198   0   0   0   1]
 [  0   0   2   0   4 194   0   0   0]
 [  0   0   0   0   0   0 198   2   0]
 [  0   2   0   0   0   0   0 198   0]
 [  0   0   0   0   0   0   0   0 200]]",0.9068858623504639,0.3000152111053467
109,N_BaIoT,-1,None,QuantileTransformer,SGD,0.9115922456379842,-1,-1,98.22222222222223,92.0,1.0,92.67193775624854,91.78835899246134,-1,"{'0Normal': {'precision': 0.9900497512437811, 'recall': 0.995, 'f1-score': 0.9925187032418954, 'support': 200.0}, 'ack': {'precision': 0.9884393063583815, 'recall': 0.855, 'f1-score': 0.9168900804289545, 'support': 200.0}, 'combo': {'precision': 0.9751243781094527, 'recall': 0.98, 'f1-score': 0.9775561097256857, 'support': 200.0}, 'junk': {'precision': 0.98, 'recall': 0.98, 'f1-score': 0.98, 'support': 200.0}, 'scan': {'precision': 0.8761061946902655, 'recall': 0.99, 'f1-score': 0.9295774647887325, 'support': 200.0}, 'syn': {'precision': 1.0, 'recall': 0.885, 'f1-score': 0.9389920424403183, 'support': 200.0}, 'tcp': {'precision': 0.7352941176470589, 'recall': 1.0, 'f1-score': 0.8474576271186441, 'support': 200.0}, 'udp': {'precision': 0.815068493150685, 'recall': 0.595, 'f1-score': 0.6878612716763005, 'support': 200.0}, 'udpplain': {'precision': 0.9803921568627451, 'recall': 1.0, 'f1-score': 0.99009900990099, 'support': 200.0}, 'accuracy': 0.92, 'macro avg': {'precision': 0.9267193775624855, 'recall': 0.9199999999999999, 'f1-score': 0.9178835899246134, 'support': 1800.0}, 'weighted avg': {'precision': 0.9267193775624856, 'recall': 0.92, 'f1-score': 0.9178835899246135, 'support': 1800.0}}","[[199   0   0   0   1   0   0   0   0]
 [  0 171   0   0   1   0   0  25   3]
 [  0   0 196   3   0   0   0   1   0]
 [  1   0   3 196   0   0   0   0   0]
 [  1   0   0   0 198   0   0   0   1]
 [  0   0   0   0  22 177   0   1   0]
 [  0   0   0   0   0   0 200   0   0]
 [  0   2   2   1   4   0  72 119   0]
 [  0   0   0   0   0   0   0   0 200]]",0.19988322257995605,0.0006411075592041016
110,N_BaIoT,-1,sigmoid,QuantileTransformer,HHHv2,0.5967890450067596,-1,-1,92.01234567901234,63.56431966283318,4.493055555555555,64.05555555555557,63.30527054140982,-1,"{'0Normal': {'precision': 0.675, 'recall': 0.5895196506550219, 'f1-score': 0.6293706293706295, 'support': 229.0}, 'ack': {'precision': 0.485, 'recall': 0.6339869281045751, 'f1-score': 0.5495750708215298, 'support': 153.0}, 'combo': {'precision': 0.595, 'recall': 0.595, 'f1-score': 0.595, 'support': 200.0}, 'junk': {'precision': 0.59, 'recall': 0.6051282051282051, 'f1-score': 0.5974683544303797, 'support': 195.0}, 'scan': {'precision': 0.615, 'recall': 0.7151162790697675, 'f1-score': 0.6612903225806451, 'support': 172.0}, 'syn': {'precision': 0.63, 'recall': 0.7241379310344828, 'f1-score': 0.6737967914438503, 'support': 174.0}, 'tcp': {'precision': 1.0, 'recall': 0.7326007326007326, 'f1-score': 0.8456659619450316, 'support': 273.0}, 'udp': {'precision': 0.81, 'recall': 0.7105263157894737, 'f1-score': 0.7570093457943925, 'support': 228.0}, 'udpplain': {'precision': 0.365, 'recall': 0.4147727272727273, 'f1-score': 0.38829787234042556, 'support': 176.0}, 'accuracy': 0.6405555555555555, 'macro avg': {'precision': 0.6405555555555557, 'recall': 0.6356431966283318, 'f1-score': 0.6330527054140982, 'support': 1800.0}, 'weighted avg': {'precision': 0.6667500000000001, 'recall': 0.6405555555555555, 'f1-score': 0.6480584056970129, 'support': 1800.0}}","[[135   5  11   5  21   1   0   2  49]
 [  3  97  11  17   8  12   0   2   3]
 [ 24  11 119   7  11   5   0   4  19]
 [ 12  11   9 118   8   9   0   7  21]
 [  2   9   7  10 123   6   0   3  12]
 [  1  17  12   3   5 126   0   7   3]
 [  6  15  10   9   8  12 200   7   6]
 [ 15  11  11   5   2   8   0 162  14]
 [  2  24  10  26  14  21   0   6  73]]",312.09507417678833,0.0993189811706543
111,N_BaIoT,2,None,StandardScaler,KNN,0.7099608083781459,-1,-1,93.9753086419753,72.88888888888889,3.3888888888888893,69.86032989940719,69.89534206327484,-1,"{'0Normal': {'precision': 0.9852216748768473, 'recall': 1.0, 'f1-score': 0.9925558312655086, 'support': 200.0}, 'ack': {'precision': 0.7289156626506024, 'recall': 0.605, 'f1-score': 0.6612021857923497, 'support': 200.0}, 'combo': {'precision': 0.9037433155080213, 'recall': 0.845, 'f1-score': 0.8733850129198966, 'support': 200.0}, 'junk': {'precision': 0.8433179723502304, 'recall': 0.915, 'f1-score': 0.8776978417266187, 'support': 200.0}, 'scan': {'precision': 0.41422594142259417, 'recall': 0.99, 'f1-score': 0.584070796460177, 'support': 200.0}, 'syn': {'precision': 0.9948453608247423, 'recall': 0.965, 'f1-score': 0.9796954314720813, 'support': 200.0}, 'tcp': {'precision': 0.0, 'recall': 0.0, 'f1-score': 0.0, 'support': 200.0}, 'udp': {'precision': 0.5, 'recall': 0.465, 'f1-score': 0.48186528497409326, 'support': 200.0}, 'udpplain': {'precision': 0.9171597633136095, 'recall': 0.775, 'f1-score': 0.8401084010840109, 'support': 200.0}, 'accuracy': 0.7288888888888889, 'macro avg': {'precision': 0.6986032989940719, 'recall': 0.7288888888888889, 'f1-score': 0.6989534206327485, 'support': 1800.0}, 'weighted avg': {'precision': 0.6986032989940718, 'recall': 0.7288888888888889, 'f1-score': 0.6989534206327485, 'support': 1800.0}}","[[200   0   0   0   0   0   0   0   0]
 [  0 121   0   0   0   1   0  67  11]
 [  0   0 169  31   0   0   0   0   0]
 [  1   0  16 183   0   0   0   0   0]
 [  2   0   0   0 198   0   0   0   0]
 [  0   0   2   3   2 193   0   0   0]
 [  0   0   0   0 200   0   0   0   0]
 [  0  26   0   0  78   0   0  93   3]
 [  0  19   0   0   0   0   0  26 155]]",0.00793004035949707,0.27789783477783203
112,N_BaIoT,2,None,StandardScaler,LDA,0.9107088658743577,-1,-1,98.19753086419753,91.88888888888889,1.0138888888888888,92.81168750958274,91.67244837043566,-1,"{'0Normal': {'precision': 0.9941860465116279, 'recall': 0.855, 'f1-score': 0.9193548387096774, 'support': 200.0}, 'ack': {'precision': 0.9746192893401016, 'recall': 0.96, 'f1-score': 0.9672544080604534, 'support': 200.0}, 'combo': {'precision': 0.9478672985781991, 'recall': 1.0, 'f1-score': 0.9732360097323601, 'support': 200.0}, 'junk': {'precision': 0.9802955665024631, 'recall': 0.995, 'f1-score': 0.9875930521091811, 'support': 200.0}, 'scan': {'precision': 1.0, 'recall': 0.97, 'f1-score': 0.9847715736040609, 'support': 200.0}, 'syn': {'precision': 0.9174311926605505, 'recall': 1.0, 'f1-score': 0.9569377990430622, 'support': 200.0}, 'tcp': {'precision': 0.7092198581560284, 'recall': 1.0, 'f1-score': 0.8298755186721991, 'support': 200.0}, 'udp': {'precision': 0.8666666666666667, 'recall': 0.585, 'f1-score': 0.6985074626865672, 'support': 200.0}, 'udpplain': {'precision': 0.9627659574468085, 'recall': 0.905, 'f1-score': 0.9329896907216496, 'support': 200.0}, 'accuracy': 0.9188888888888889, 'macro avg': {'precision': 0.9281168750958274, 'recall': 0.9188888888888889, 'f1-score': 0.9167244837043567, 'support': 1800.0}, 'weighted avg': {'precision': 0.9281168750958273, 'recall': 0.9188888888888889, 'f1-score': 0.9167244837043568, 'support': 1800.0}}","[[171   2  11   4   0   9   2   0   1]
 [  0 192   0   0   0   4   0   1   3]
 [  0   0 200   0   0   0   0   0   0]
 [  1   0   0 199   0   0   0   0   0]
 [  0   2   0   0 194   2   2   0   0]
 [  0   0   0   0   0 200   0   0   0]
 [  0   0   0   0   0   0 200   0   0]
 [  0   1   0   0   0   1  78 117   3]
 [  0   0   0   0   0   2   0  17 181]]",12.707677841186523,0.009857892990112305
113,N_BaIoT,2,None,StandardScaler,MLP,0.8235846751983262,-1,-1,96.44444444444444,84.00000000000001,2.0,85.71462802271316,83.39529583848451,-1,"{'0Normal': {'precision': 0.9851485148514851, 'recall': 0.995, 'f1-score': 0.9900497512437811, 'support': 200.0}, 'ack': {'precision': 0.7763713080168776, 'recall': 0.92, 'f1-score': 0.8421052631578948, 'support': 200.0}, 'combo': {'precision': 0.9757575757575757, 'recall': 0.805, 'f1-score': 0.8821917808219177, 'support': 200.0}, 'junk': {'precision': 0.8333333333333334, 'recall': 0.975, 'f1-score': 0.8986175115207373, 'support': 200.0}, 'scan': {'precision': 1.0, 'recall': 0.68, 'f1-score': 0.8095238095238095, 'support': 200.0}, 'syn': {'precision': 0.7547169811320755, 'recall': 1.0, 'f1-score': 0.8602150537634409, 'support': 200.0}, 'tcp': {'precision': 0.7194244604316546, 'recall': 1.0, 'f1-score': 0.8368200836820083, 'support': 200.0}, 'udp': {'precision': 0.6834532374100719, 'recall': 0.475, 'f1-score': 0.56047197640118, 'support': 200.0}, 'udpplain': {'precision': 0.9861111111111112, 'recall': 0.71, 'f1-score': 0.8255813953488371, 'support': 200.0}, 'accuracy': 0.84, 'macro avg': {'precision': 0.8571462802271316, 'recall': 0.8400000000000001, 'f1-score': 0.8339529583848452, 'support': 1800.0}, 'weighted avg': {'precision': 0.8571462802271317, 'recall': 0.84, 'f1-score': 0.8339529583848451, 'support': 1800.0}}","[[199   1   0   0   0   0   0   0   0]
 [  1 184   0   0   0   2   0  12   1]
 [  0   0 161  39   0   0   0   0   0]
 [  0   1   4 195   0   0   0   0   0]
 [  2   0   0   0 136  62   0   0   0]
 [  0   0   0   0   0 200   0   0   0]
 [  0   0   0   0   0   0 200   0   0]
 [  0  25   0   0   0   1  78  95   1]
 [  0  26   0   0   0   0   0  32 142]]",7.577731370925903,0.019153356552124023
114,N_BaIoT,2,None,StandardScaler,LGBM,0.993138793690147,-1,-1,99.8641975308642,99.3888888888889,0.0763888888888889,99.39737816146148,99.38757935923738,-1,"{'0Normal': {'precision': 0.9852216748768473, 'recall': 1.0, 'f1-score': 0.9925558312655086, 'support': 200.0}, 'ack': {'precision': 1.0, 'recall': 0.99, 'f1-score': 0.9949748743718593, 'support': 200.0}, 'combo': {'precision': 1.0, 'recall': 0.985, 'f1-score': 0.9924433249370278, 'support': 200.0}, 'junk': {'precision': 0.9852216748768473, 'recall': 1.0, 'f1-score': 0.9925558312655086, 'support': 200.0}, 'scan': {'precision': 1.0, 'recall': 0.97, 'f1-score': 0.9847715736040609, 'support': 200.0}, 'syn': {'precision': 1.0, 'recall': 1.0, 'f1-score': 1.0, 'support': 200.0}, 'tcp': {'precision': 0.9852216748768473, 'recall': 1.0, 'f1-score': 0.9925558312655086, 'support': 200.0}, 'udp': {'precision': 1.0, 'recall': 1.0, 'f1-score': 1.0, 'support': 200.0}, 'udpplain': {'precision': 0.9900990099009901, 'recall': 1.0, 'f1-score': 0.9950248756218906, 'support': 200.0}, 'accuracy': 0.9938888888888889, 'macro avg': {'precision': 0.9939737816146147, 'recall': 0.9938888888888889, 'f1-score': 0.9938757935923738, 'support': 1800.0}, 'weighted avg': {'precision': 0.9939737816146146, 'recall': 0.9938888888888889, 'f1-score': 0.9938757935923738, 'support': 1800.0}}","[[200   0   0   0   0   0   0   0   0]
 [  0 198   0   0   0   0   0   0   2]
 [  0   0 197   3   0   0   0   0   0]
 [  0   0   0 200   0   0   0   0   0]
 [  3   0   0   0 194   0   3   0   0]
 [  0   0   0   0   0 200   0   0   0]
 [  0   0   0   0   0   0 200   0   0]
 [  0   0   0   0   0   0   0 200   0]
 [  0   0   0   0   0   0   0   0 200]]",62.22218132019043,0.019623994827270508
115,N_BaIoT,2,None,StandardScaler,RF,0.9869569071142732,-1,-1,99.74074074074075,98.83333333333333,0.14583333333333334,98.8932768070081,98.83172102984965,-1,"{'0Normal': {'precision': 1.0, 'recall': 1.0, 'f1-score': 1.0, 'support': 200.0}, 'ack': {'precision': 1.0, 'recall': 1.0, 'f1-score': 1.0, 'support': 200.0}, 'combo': {'precision': 0.9852216748768473, 'recall': 1.0, 'f1-score': 0.9925558312655086, 'support': 200.0}, 'junk': {'precision': 1.0, 'recall': 0.995, 'f1-score': 0.9974937343358395, 'support': 200.0}, 'scan': {'precision': 1.0, 'recall': 0.98, 'f1-score': 0.98989898989899, 'support': 200.0}, 'syn': {'precision': 1.0, 'recall': 1.0, 'f1-score': 1.0, 'support': 200.0}, 'tcp': {'precision': 0.989247311827957, 'recall': 0.92, 'f1-score': 0.9533678756476685, 'support': 200.0}, 'udp': {'precision': 0.9259259259259259, 'recall': 1.0, 'f1-score': 0.9615384615384615, 'support': 200.0}, 'udpplain': {'precision': 1.0, 'recall': 1.0, 'f1-score': 1.0, 'support': 200.0}, 'accuracy': 0.9883333333333333, 'macro avg': {'precision': 0.9889327680700811, 'recall': 0.9883333333333333, 'f1-score': 0.9883172102984964, 'support': 1800.0}, 'weighted avg': {'precision': 0.988932768070081, 'recall': 0.9883333333333333, 'f1-score': 0.9883172102984964, 'support': 1800.0}}","[[200   0   0   0   0   0   0   0   0]
 [  0 200   0   0   0   0   0   0   0]
 [  0   0 200   0   0   0   0   0   0]
 [  0   0   1 199   0   0   0   0   0]
 [  0   0   2   0 196   0   2   0   0]
 [  0   0   0   0   0 200   0   0   0]
 [  0   0   0   0   0   0 184  16   0]
 [  0   0   0   0   0   0   0 200   0]
 [  0   0   0   0   0   0   0   0 200]]",2.1815834045410156,0.025696277618408203
116,N_BaIoT,2,None,StandardScaler,SGD,0.65911410154662,-1,-1,92.95061728395062,68.27777777777779,3.965277777777778,67.2433767480325,65.14600109270565,-1,"{'0Normal': {'precision': 0.9900497512437811, 'recall': 0.995, 'f1-score': 0.9925187032418954, 'support': 200.0}, 'ack': {'precision': 0.6890243902439024, 'recall': 0.565, 'f1-score': 0.6208791208791208, 'support': 200.0}, 'combo': {'precision': 0.6423611111111112, 'recall': 0.925, 'f1-score': 0.7581967213114755, 'support': 200.0}, 'junk': {'precision': 0.8648648648648649, 'recall': 0.48, 'f1-score': 0.617363344051447, 'support': 200.0}, 'scan': {'precision': 0.41422594142259417, 'recall': 0.99, 'f1-score': 0.584070796460177, 'support': 200.0}, 'syn': {'precision': 1.0, 'recall': 0.99, 'f1-score': 0.9949748743718593, 'support': 200.0}, 'tcp': {'precision': 0.0, 'recall': 0.0, 'f1-score': 0.0, 'support': 200.0}, 'udp': {'precision': 0.4954954954954955, 'recall': 0.55, 'f1-score': 0.5213270142180094, 'support': 200.0}, 'udpplain': {'precision': 0.9558823529411765, 'recall': 0.65, 'f1-score': 0.7738095238095238, 'support': 200.0}, 'accuracy': 0.6827777777777778, 'macro avg': {'precision': 0.672433767480325, 'recall': 0.6827777777777778, 'f1-score': 0.6514600109270565, 'support': 1800.0}, 'weighted avg': {'precision': 0.6724337674803251, 'recall': 0.6827777777777778, 'f1-score': 0.6514600109270565, 'support': 1800.0}}","[[199   0   0   0   0   0   1   0   0]
 [  0 113   0   0   0   0   0  82   5]
 [  0   0 185  15   0   0   0   0   0]
 [  1   0 103  96   0   0   0   0   0]
 [  1   0   0   0 198   0   1   0   0]
 [  0   0   0   0   2 198   0   0   0]
 [  0   0   0   0 200   0   0   0   0]
 [  0  11   0   0  78   0   0 110   1]
 [  0  40   0   0   0   0   0  30 130]]",4.224045276641846,0.009540319442749023
117,N_BaIoT,2,None,StandardScaler,HHHv2,0.8773560684867366,-1,-1,97.51851851851852,90.2145599013064,1.3958333333333333,88.83333333333331,88.47693178946494,-1,"{'0Normal': {'precision': 0.63, 'recall': 0.9921259842519685, 'f1-score': 0.7706422018348625, 'support': 127.0}, 'ack': {'precision': 0.94, 'recall': 0.9543147208121827, 'f1-score': 0.947103274559194, 'support': 197.0}, 'combo': {'precision': 1.0, 'recall': 0.9615384615384616, 'f1-score': 0.9803921568627451, 'support': 208.0}, 'junk': {'precision': 0.995, 'recall': 0.9660194174757282, 'f1-score': 0.9802955665024631, 'support': 206.0}, 'scan': {'precision': 0.97, 'recall': 0.9326923076923077, 'f1-score': 0.9509803921568627, 'support': 208.0}, 'syn': {'precision': 1.0, 'recall': 0.9478672985781991, 'f1-score': 0.9732360097323601, 'support': 211.0}, 'tcp': {'precision': 1.0, 'recall': 0.6557377049180327, 'f1-score': 0.7920792079207921, 'support': 305.0}, 'udp': {'precision': 0.575, 'recall': 0.782312925170068, 'f1-score': 0.6628242074927954, 'support': 147.0}, 'udpplain': {'precision': 0.885, 'recall': 0.9267015706806283, 'f1-score': 0.9053708439897699, 'support': 191.0}, 'accuracy': 0.8883333333333333, 'macro avg': {'precision': 0.8883333333333332, 'recall': 0.902145599013064, 'f1-score': 0.8847693178946494, 'support': 1800.0}, 'weighted avg': {'precision': 0.916377777777778, 'recall': 0.8883333333333333, 'f1-score': 0.8918973487720172, 'support': 1800.0}}","[[126   0   0   1   0   0   0   0   0]
 [  6 188   0   0   1   0   0   2   0]
 [  2   4 200   0   0   0   0   2   0]
 [  2   3   0 199   0   0   0   1   1]
 [ 13   1   0   0 194   0   0   0   0]
 [  9   1   0   0   0 200   0   0   1]
 [ 25   0   0   0   1   0 200  78   1]
 [  8   1   0   0   3   0   0 115  20]
 [  9   2   0   0   1   0   0   2 177]]",18.024667263031006,0.12133073806762695
118,N_BaIoT,2,None,StandardScaler,KNN,0.7576801170605303,-1,-1,94.88888888888889,77.0,2.875,73.20382618267828,73.38022904956351,-1,"{'0Normal': {'precision': 0.9852216748768473, 'recall': 1.0, 'f1-score': 0.9925558312655086, 'support': 200.0}, 'ack': {'precision': 0.7661691542288557, 'recall': 0.77, 'f1-score': 0.7680798004987532, 'support': 200.0}, 'combo': {'precision': 0.9130434782608695, 'recall': 0.945, 'f1-score': 0.9287469287469287, 'support': 200.0}, 'junk': {'precision': 0.9427083333333334, 'recall': 0.905, 'f1-score': 0.9234693877551022, 'support': 200.0}, 'scan': {'precision': 0.41596638655462187, 'recall': 0.99, 'f1-score': 0.5857988165680473, 'support': 200.0}, 'syn': {'precision': 0.9900497512437811, 'recall': 0.995, 'f1-score': 0.9925187032418954, 'support': 200.0}, 'tcp': {'precision': 0.0, 'recall': 0.0, 'f1-score': 0.0, 'support': 200.0}, 'udp': {'precision': 0.6434782608695652, 'recall': 0.37, 'f1-score': 0.46984126984126984, 'support': 200.0}, 'udpplain': {'precision': 0.9317073170731708, 'recall': 0.955, 'f1-score': 0.9432098765432099, 'support': 200.0}, 'accuracy': 0.77, 'macro avg': {'precision': 0.7320382618267828, 'recall': 0.77, 'f1-score': 0.7338022904956351, 'support': 1800.0}, 'weighted avg': {'precision': 0.7320382618267828, 'recall': 0.77, 'f1-score': 0.7338022904956352, 'support': 1800.0}}","[[200   0   0   0   0   0   0   0   0]
 [  0 154   0   0   0   1   0  35  10]
 [  0   0 189  10   0   1   0   0   0]
 [  1   0  18 181   0   0   0   0   0]
 [  2   0   0   0 198   0   0   0   0]
 [  0   0   0   1   0 199   0   0   0]
 [  0   0   0   0 200   0   0   0   0]
 [  0  44   0   0  78   0   0  74   4]
 [  0   3   0   0   0   0   0   6 191]]",0.012246131896972656,0.41461801528930664
119,N_BaIoT,2,None,StandardScaler,LDA,0.9245845915349478,-1,-1,98.46913580246913,93.11111111111113,0.8611111111111112,94.29396296020805,92.90912900077024,-1,"{'0Normal': {'precision': 0.9944444444444445, 'recall': 0.895, 'f1-score': 0.9421052631578948, 'support': 200.0}, 'ack': {'precision': 0.9746192893401016, 'recall': 0.96, 'f1-score': 0.9672544080604534, 'support': 200.0}, 'combo': {'precision': 0.961352657004831, 'recall': 0.995, 'f1-score': 0.977886977886978, 'support': 200.0}, 'junk': {'precision': 0.9899497487437185, 'recall': 0.985, 'f1-score': 0.9874686716791979, 'support': 200.0}, 'scan': {'precision': 0.9898477157360406, 'recall': 0.975, 'f1-score': 0.982367758186398, 'support': 200.0}, 'syn': {'precision': 0.9174311926605505, 'recall': 1.0, 'f1-score': 0.9569377990430622, 'support': 200.0}, 'tcp': {'precision': 0.7142857142857143, 'recall': 1.0, 'f1-score': 0.8333333333333333, 'support': 200.0}, 'udp': {'precision': 0.9596774193548387, 'recall': 0.595, 'f1-score': 0.7345679012345679, 'support': 200.0}, 'udpplain': {'precision': 0.9848484848484849, 'recall': 0.975, 'f1-score': 0.9798994974874371, 'support': 200.0}, 'accuracy': 0.9311111111111111, 'macro avg': {'precision': 0.9429396296020806, 'recall': 0.9311111111111112, 'f1-score': 0.9290912900077024, 'support': 1800.0}, 'weighted avg': {'precision': 0.9429396296020804, 'recall': 0.9311111111111111, 'f1-score': 0.9290912900077025, 'support': 1800.0}}","[[179   2   5   1   2  11   0   0   0]
 [  0 192   0   0   0   4   0   3   1]
 [  0   0 199   1   0   0   0   0   0]
 [  1   0   2 197   0   0   0   0   0]
 [  0   2   0   0 195   1   2   0   0]
 [  0   0   0   0   0 200   0   0   0]
 [  0   0   0   0   0   0 200   0   0]
 [  0   0   0   0   0   1  78 119   2]
 [  0   1   1   0   0   1   0   2 195]]",30.83278179168701,0.009720563888549805
120,N_BaIoT,2,None,StandardScaler,MLP,0.8137715558947379,-1,-1,95.96296296296296,81.83333333333334,2.2708333333333335,79.96273377408258,78.9401505899821,-1,"{'0Normal': {'precision': 0.995, 'recall': 0.995, 'f1-score': 0.995, 'support': 200.0}, 'ack': {'precision': 0.9701492537313433, 'recall': 0.975, 'f1-score': 0.972568578553616, 'support': 200.0}, 'combo': {'precision': 0.8904109589041096, 'recall': 0.975, 'f1-score': 0.9307875894988066, 'support': 200.0}, 'junk': {'precision': 0.9722222222222222, 'recall': 0.875, 'f1-score': 0.9210526315789473, 'support': 200.0}, 'scan': {'precision': 0.4107883817427386, 'recall': 0.99, 'f1-score': 0.5806451612903225, 'support': 200.0}, 'syn': {'precision': 0.9899497487437185, 'recall': 0.985, 'f1-score': 0.9874686716791979, 'support': 200.0}, 'tcp': {'precision': 0.0, 'recall': 0.0, 'f1-score': 0.0, 'support': 200.0}, 'udp': {'precision': 0.9830508474576272, 'recall': 0.58, 'f1-score': 0.7295597484276729, 'support': 200.0}, 'udpplain': {'precision': 0.9850746268656716, 'recall': 0.99, 'f1-score': 0.9875311720698254, 'support': 200.0}, 'accuracy': 0.8183333333333334, 'macro avg': {'precision': 0.7996273377408257, 'recall': 0.8183333333333334, 'f1-score': 0.7894015058998209, 'support': 1800.0}, 'weighted avg': {'precision': 0.7996273377408256, 'recall': 0.8183333333333334, 'f1-score': 0.7894015058998209, 'support': 1800.0}}","[[199   1   0   0   0   0   0   0   0]
 [  0 195   0   0   3   1   0   0   1]
 [  0   0 195   5   0   0   0   0   0]
 [  0   1  24 175   0   0   0   0   0]
 [  1   1   0   0 198   0   0   0   0]
 [  0   0   0   0   3 197   0   0   0]
 [  0   0   0   0 200   0   0   0   0]
 [  0   3   0   0  78   1   0 116   2]
 [  0   0   0   0   0   0   0   2 198]]",29.04042935371399,0.0189054012298584
121,N_BaIoT,2,None,StandardScaler,LGBM,0.7380644563440584,-1,-1,94.50617283950618,75.27777777777777,3.0902777777777777,72.32295275648954,72.09451578940818,-1,"{'0Normal': {'precision': 0.41200828157349895, 'recall': 0.995, 'f1-score': 0.582723279648609, 'support': 200.0}, 'ack': {'precision': 0.9384615384615385, 'recall': 0.915, 'f1-score': 0.9265822784810127, 'support': 200.0}, 'combo': {'precision': 0.9329608938547486, 'recall': 0.835, 'f1-score': 0.8812664907651715, 'support': 200.0}, 'junk': {'precision': 0.783625730994152, 'recall': 0.67, 'f1-score': 0.7223719676549865, 'support': 200.0}, 'scan': {'precision': 0.9463414634146341, 'recall': 0.97, 'f1-score': 0.9580246913580247, 'support': 200.0}, 'syn': {'precision': 0.8733031674208145, 'recall': 0.965, 'f1-score': 0.9168646080760096, 'support': 200.0}, 'tcp': {'precision': 0.0, 'recall': 0.0, 'f1-score': 0.0, 'support': 200.0}, 'udp': {'precision': 0.7185185185185186, 'recall': 0.485, 'f1-score': 0.5791044776119403, 'support': 200.0}, 'udpplain': {'precision': 0.9038461538461539, 'recall': 0.94, 'f1-score': 0.9215686274509804, 'support': 200.0}, 'accuracy': 0.7527777777777778, 'macro avg': {'precision': 0.7232295275648954, 'recall': 0.7527777777777778, 'f1-score': 0.7209451578940818, 'support': 1800.0}, 'weighted avg': {'precision': 0.7232295275648953, 'recall': 0.7527777777777778, 'f1-score': 0.7209451578940815, 'support': 1800.0}}","[[199   0   0   0   1   0   0   0   0]
 [  2 183   0   3   0   0   0   6   6]
 [  0   0 167  23   0   9   0   0   1]
 [  0   1  12 134   8  17   0  26   2]
 [  3   0   0   1 194   1   0   0   1]
 [  1   0   0   1   2 193   0   0   3]
 [200   0   0   0   0   0   0   0   0]
 [ 78   9   0   8   0   1   0  97   7]
 [  0   2   0   1   0   0   3   6 188]]",60.59827494621277,0.017490148544311523
122,N_BaIoT,2,None,StandardScaler,RF,0.9981260397151661,-1,-1,99.96296296296296,99.83333333333333,0.020833333333333336,99.83415426969835,99.83333125516943,-1,"{'0Normal': {'precision': 1.0, 'recall': 1.0, 'f1-score': 1.0, 'support': 200.0}, 'ack': {'precision': 1.0, 'recall': 1.0, 'f1-score': 1.0, 'support': 200.0}, 'combo': {'precision': 1.0, 'recall': 1.0, 'f1-score': 1.0, 'support': 200.0}, 'junk': {'precision': 1.0, 'recall': 0.995, 'f1-score': 0.9974937343358395, 'support': 200.0}, 'scan': {'precision': 0.9949748743718593, 'recall': 0.99, 'f1-score': 0.9924812030075189, 'support': 200.0}, 'syn': {'precision': 1.0, 'recall': 1.0, 'f1-score': 1.0, 'support': 200.0}, 'tcp': {'precision': 0.9900990099009901, 'recall': 1.0, 'f1-score': 0.9950248756218906, 'support': 200.0}, 'udp': {'precision': 1.0, 'recall': 1.0, 'f1-score': 1.0, 'support': 200.0}, 'udpplain': {'precision': 1.0, 'recall': 1.0, 'f1-score': 1.0, 'support': 200.0}, 'accuracy': 0.9983333333333333, 'macro avg': {'precision': 0.9983415426969834, 'recall': 0.9983333333333333, 'f1-score': 0.9983333125516943, 'support': 1800.0}, 'weighted avg': {'precision': 0.9983415426969833, 'recall': 0.9983333333333333, 'f1-score': 0.9983333125516943, 'support': 1800.0}}","[[200   0   0   0   0   0   0   0   0]
 [  0 200   0   0   0   0   0   0   0]
 [  0   0 200   0   0   0   0   0   0]
 [  0   0   0 199   1   0   0   0   0]
 [  0   0   0   0 198   0   2   0   0]
 [  0   0   0   0   0 200   0   0   0]
 [  0   0   0   0   0   0 200   0   0]
 [  0   0   0   0   0   0   0 200   0]
 [  0   0   0   0   0   0   0   0 200]]",3.56605863571167,0.026694059371948242
123,N_BaIoT,2,None,StandardScaler,SGD,0.7363743637445772,-1,-1,94.46913580246914,75.1111111111111,3.111111111111111,72.54826645738302,71.86212782925469,-1,"{'0Normal': {'precision': 0.9900497512437811, 'recall': 0.995, 'f1-score': 0.9925187032418954, 'support': 200.0}, 'ack': {'precision': 0.9766081871345029, 'recall': 0.835, 'f1-score': 0.9002695417789757, 'support': 200.0}, 'combo': {'precision': 0.7302325581395349, 'recall': 0.785, 'f1-score': 0.7566265060240963, 'support': 200.0}, 'junk': {'precision': 0.7663043478260869, 'recall': 0.705, 'f1-score': 0.734375, 'support': 200.0}, 'scan': {'precision': 0.4133611691022965, 'recall': 0.99, 'f1-score': 0.5832106038291606, 'support': 200.0}, 'syn': {'precision': 1.0, 'recall': 0.985, 'f1-score': 0.9924433249370278, 'support': 200.0}, 'tcp': {'precision': 0.0, 'recall': 0.0, 'f1-score': 0.0, 'support': 200.0}, 'udp': {'precision': 0.8017241379310345, 'recall': 0.465, 'f1-score': 0.5886075949367089, 'support': 200.0}, 'udpplain': {'precision': 0.851063829787234, 'recall': 1.0, 'f1-score': 0.9195402298850576, 'support': 200.0}, 'accuracy': 0.7511111111111111, 'macro avg': {'precision': 0.7254826645738301, 'recall': 0.7511111111111111, 'f1-score': 0.7186212782925469, 'support': 1800.0}, 'weighted avg': {'precision': 0.7254826645738301, 'recall': 0.7511111111111111, 'f1-score': 0.7186212782925469, 'support': 1800.0}}","[[199   0   0   0   0   0   1   0   0]
 [  0 167   0   0   0   0   0  23  10]
 [  0   0 157  43   0   0   0   0   0]
 [  0   0  58 141   0   0   1   0   0]
 [  2   0   0   0 198   0   0   0   0]
 [  0   0   0   0   3 197   0   0   0]
 [  0   0   0   0 200   0   0   0   0]
 [  0   4   0   0  78   0   0  93  25]
 [  0   0   0   0   0   0   0   0 200]]",8.406422138214111,0.009867668151855469
124,N_BaIoT,2,rbf,StandardScaler,HHHv2,0.9421247938455742,-1,-1,98.81481481481481,95.79577410124578,0.6666666666666667,94.66666666666667,94.39860410717571,-1,"{'0Normal': {'precision': 1.0, 'recall': 0.9900990099009901, 'f1-score': 0.9950248756218906, 'support': 202.0}, 'ack': {'precision': 0.985, 'recall': 0.9899497487437185, 'f1-score': 0.9874686716791979, 'support': 199.0}, 'combo': {'precision': 0.995, 'recall': 1.0, 'f1-score': 0.9974937343358395, 'support': 199.0}, 'junk': {'precision': 0.995, 'recall': 0.9900497512437811, 'f1-score': 0.9925187032418954, 'support': 201.0}, 'scan': {'precision': 0.99, 'recall': 0.99, 'f1-score': 0.99, 'support': 200.0}, 'syn': {'precision': 1.0, 'recall': 0.9900990099009901, 'f1-score': 0.9950248756218906, 'support': 202.0}, 'tcp': {'precision': 1.0, 'recall': 0.7168458781362007, 'f1-score': 0.8350730688935282, 'support': 279.0}, 'udp': {'precision': 0.575, 'recall': 0.9745762711864406, 'f1-score': 0.7232704402515723, 'support': 118.0}, 'udpplain': {'precision': 0.98, 'recall': 0.98, 'f1-score': 0.98, 'support': 200.0}, 'accuracy': 0.9466666666666667, 'macro avg': {'precision': 0.9466666666666667, 'recall': 0.9579577410124579, 'f1-score': 0.9439860410717572, 'support': 1800.0}, 'weighted avg': {'precision': 0.9660361111111111, 'recall': 0.9466666666666667, 'f1-score': 0.9493472922615762, 'support': 1800.0}}","[[200   0   0   1   1   0   0   0   0]
 [  0 197   0   0   0   0   0   2   0]
 [  0   0 199   0   0   0   0   0   0]
 [  0   1   1 199   0   0   0   0   0]
 [  0   0   0   0 198   0   0   2   0]
 [  0   0   0   0   0 200   0   0   2]
 [  0   0   0   0   0   0 200  79   0]
 [  0   1   0   0   0   0   0 115   2]
 [  0   1   0   0   1   0   0   2 196]]",74.87590670585632,0.43305158615112305
125,N_BaIoT,2,None,StandardScaler,KNN,0.8074465609241257,-1,-1,95.9753086419753,81.88888888888889,2.263888888888889,77.47683388846326,78.96147115483019,-1,"{'0Normal': {'precision': 0.9852216748768473, 'recall': 1.0, 'f1-score': 0.9925558312655086, 'support': 200.0}, 'ack': {'precision': 0.7688442211055276, 'recall': 0.765, 'f1-score': 0.7669172932330828, 'support': 200.0}, 'combo': {'precision': 0.9689119170984456, 'recall': 0.935, 'f1-score': 0.9516539440203563, 'support': 200.0}, 'junk': {'precision': 0.9368932038834952, 'recall': 0.965, 'f1-score': 0.9507389162561576, 'support': 200.0}, 'scan': {'precision': 1.0, 'recall': 0.985, 'f1-score': 0.9924433249370278, 'support': 200.0}, 'syn': {'precision': 0.9900497512437811, 'recall': 0.995, 'f1-score': 0.9925187032418954, 'support': 200.0}, 'tcp': {'precision': 0.0, 'recall': 0.0, 'f1-score': 0.0, 'support': 200.0}, 'udp': {'precision': 0.39195979899497485, 'recall': 0.78, 'f1-score': 0.5217391304347826, 'support': 200.0}, 'udpplain': {'precision': 0.9310344827586207, 'recall': 0.945, 'f1-score': 0.9379652605459057, 'support': 200.0}, 'accuracy': 0.8188888888888889, 'macro avg': {'precision': 0.7747683388846326, 'recall': 0.8188888888888889, 'f1-score': 0.7896147115483019, 'support': 1800.0}, 'weighted avg': {'precision': 0.7747683388846325, 'recall': 0.8188888888888889, 'f1-score': 0.7896147115483019, 'support': 1800.0}}","[[200   0   0   0   0   0   0   0   0]
 [  0 153   0   0   0   1   0  36  10]
 [  0   0 187  12   0   1   0   0   0]
 [  1   0   6 193   0   0   0   0   0]
 [  2   0   0   0 197   0   0   1   0]
 [  0   0   0   1   0 199   0   0   0]
 [  0   0   0   0   0   0   0 200   0]
 [  0  40   0   0   0   0   0 156   4]
 [  0   6   0   0   0   0   0   5 189]]",0.010782957077026367,0.4995722770690918
126,N_BaIoT,2,None,StandardScaler,LDA,0.9128295463918545,-1,-1,98.23456790123457,92.05555555555556,0.9930555555555556,93.2736316495871,91.80774392036136,-1,"{'0Normal': {'precision': 0.9940119760479041, 'recall': 0.83, 'f1-score': 0.9046321525885558, 'support': 200.0}, 'ack': {'precision': 0.9507389162561576, 'recall': 0.965, 'f1-score': 0.9578163771712158, 'support': 200.0}, 'combo': {'precision': 0.92018779342723, 'recall': 0.98, 'f1-score': 0.9491525423728814, 'support': 200.0}, 'junk': {'precision': 0.9658536585365853, 'recall': 0.99, 'f1-score': 0.9777777777777777, 'support': 200.0}, 'scan': {'precision': 1.0, 'recall': 0.965, 'f1-score': 0.9821882951653944, 'support': 200.0}, 'syn': {'precision': 0.91324200913242, 'recall': 1.0, 'f1-score': 0.954653937947494, 'support': 200.0}, 'tcp': {'precision': 0.7142857142857143, 'recall': 1.0, 'f1-score': 0.8333333333333333, 'support': 200.0}, 'udp': {'precision': 0.9516129032258065, 'recall': 0.59, 'f1-score': 0.7283950617283951, 'support': 200.0}, 'udpplain': {'precision': 0.9846938775510204, 'recall': 0.965, 'f1-score': 0.9747474747474748, 'support': 200.0}, 'accuracy': 0.9205555555555556, 'macro avg': {'precision': 0.932736316495871, 'recall': 0.9205555555555556, 'f1-score': 0.9180774392036136, 'support': 1800.0}, 'weighted avg': {'precision': 0.932736316495871, 'recall': 0.9205555555555556, 'f1-score': 0.9180774392036135, 'support': 1800.0}}","[[166   5  14   3   0  12   0   0   0]
 [  0 193   0   0   0   4   0   2   1]
 [  0   0 196   4   0   0   0   0   0]
 [  1   0   1 198   0   0   0   0   0]
 [  0   2   1   0 193   2   2   0   0]
 [  0   0   0   0   0 200   0   0   0]
 [  0   0   0   0   0   0 200   0   0]
 [  0   1   0   0   0   1  78 118   2]
 [  0   2   1   0   0   0   0   4 193]]",31.19952368736267,0.009611845016479492
127,N_BaIoT,2,None,StandardScaler,MLP,0.8277369077681954,-1,-1,96.24691358024691,83.11111111111111,2.111111111111111,80.9471892989162,80.20118875167887,-1,"{'0Normal': {'precision': 0.9660194174757282, 'recall': 0.995, 'f1-score': 0.9802955665024631, 'support': 200.0}, 'ack': {'precision': 0.9796954314720813, 'recall': 0.965, 'f1-score': 0.9722921914357683, 'support': 200.0}, 'combo': {'precision': 0.9948717948717949, 'recall': 0.97, 'f1-score': 0.9822784810126582, 'support': 200.0}, 'junk': {'precision': 0.9705882352941176, 'recall': 0.99, 'f1-score': 0.9801980198019802, 'support': 200.0}, 'scan': {'precision': 0.41386554621848737, 'recall': 0.985, 'f1-score': 0.5828402366863905, 'support': 200.0}, 'syn': {'precision': 0.995, 'recall': 0.995, 'f1-score': 0.995, 'support': 200.0}, 'tcp': {'precision': 0.0, 'recall': 0.0, 'f1-score': 0.0, 'support': 200.0}, 'udp': {'precision': 0.9752066115702479, 'recall': 0.59, 'f1-score': 0.7352024922118379, 'support': 200.0}, 'udpplain': {'precision': 0.99, 'recall': 0.99, 'f1-score': 0.99, 'support': 200.0}, 'accuracy': 0.8311111111111111, 'macro avg': {'precision': 0.809471892989162, 'recall': 0.8311111111111111, 'f1-score': 0.8020118875167888, 'support': 1800.0}, 'weighted avg': {'precision': 0.809471892989162, 'recall': 0.8311111111111111, 'f1-score': 0.8020118875167888, 'support': 1800.0}}","[[199   0   0   0   0   0   1   0   0]
 [  4 193   0   0   0   0   0   1   2]
 [  0   0 194   6   0   0   0   0   0]
 [  1   0   1 198   0   0   0   0   0]
 [  2   1   0   0 197   0   0   0   0]
 [  0   0   0   0   1 199   0   0   0]
 [  0   0   0   0 200   0   0   0   0]
 [  0   3   0   0  78   1   0 118   0]
 [  0   0   0   0   0   0   0   2 198]]",28.680690050125122,0.019634246826171875
128,N_BaIoT,2,None,StandardScaler,LGBM,0.5714230889241592,-1,-1,91.0493827160494,59.72222222222222,5.034722222222222,63.152237895353466,53.825391837993145,-1,"{'0Normal': {'precision': 0.7320754716981132, 'recall': 0.97, 'f1-score': 0.8344086021505376, 'support': 200.0}, 'ack': {'precision': 0.7810945273631841, 'recall': 0.785, 'f1-score': 0.7830423940149626, 'support': 200.0}, 'combo': {'precision': 0.3152542372881356, 'recall': 0.93, 'f1-score': 0.4708860759493671, 'support': 200.0}, 'junk': {'precision': 0.45161290322580644, 'recall': 0.28, 'f1-score': 0.345679012345679, 'support': 200.0}, 'scan': {'precision': 0.95625, 'recall': 0.765, 'f1-score': 0.8500000000000001, 'support': 200.0}, 'syn': {'precision': 0.7131147540983607, 'recall': 0.87, 'f1-score': 0.7837837837837837, 'support': 200.0}, 'tcp': {'precision': 0.0, 'recall': 0.0, 'f1-score': 0.0, 'support': 200.0}, 'udp': {'precision': 1.0, 'recall': 0.015, 'f1-score': 0.02955665024630542, 'support': 200.0}, 'udpplain': {'precision': 0.7342995169082126, 'recall': 0.76, 'f1-score': 0.7469287469287471, 'support': 200.0}, 'accuracy': 0.5972222222222222, 'macro avg': {'precision': 0.6315223789535347, 'recall': 0.5972222222222222, 'f1-score': 0.5382539183799314, 'support': 1800.0}, 'weighted avg': {'precision': 0.6315223789535348, 'recall': 0.5972222222222222, 'f1-score': 0.5382539183799314, 'support': 1800.0}}","[[194   1   3   0   1   1   0   0   0]
 [ 10 157   4  14   0   1   2   0  12]
 [  5   0 186   1   0   6   0   0   2]
 [  5   0  77  56   1  55   0   0   6]
 [ 28   0   8   0 153   6   0   0   5]
 [  6   0  19   0   1 174   0   0   0]
 [  0   0 200   0   0   0   0   0   0]
 [  9  33  90  30   2   1   2   3  30]
 [  8  10   3  23   2   0   2   0 152]]",58.63253140449524,0.015906572341918945
129,N_BaIoT,2,None,StandardScaler,RF,0.8894647654227947,-1,-1,97.5925925925926,89.16666666666667,1.3541666666666667,92.27976617782791,86.02045654677232,-1,"{'0Normal': {'precision': 1.0, 'recall': 1.0, 'f1-score': 1.0, 'support': 200.0}, 'ack': {'precision': 1.0, 'recall': 1.0, 'f1-score': 1.0, 'support': 200.0}, 'combo': {'precision': 1.0, 'recall': 1.0, 'f1-score': 1.0, 'support': 200.0}, 'junk': {'precision': 1.0, 'recall': 0.995, 'f1-score': 0.9974937343358395, 'support': 200.0}, 'scan': {'precision': 0.9949748743718593, 'recall': 0.99, 'f1-score': 0.9924812030075189, 'support': 200.0}, 'syn': {'precision': 1.0, 'recall': 1.0, 'f1-score': 1.0, 'support': 200.0}, 'tcp': {'precision': 0.8, 'recall': 0.04, 'f1-score': 0.07619047619047618, 'support': 200.0}, 'udp': {'precision': 0.5102040816326531, 'recall': 1.0, 'f1-score': 0.6756756756756758, 'support': 200.0}, 'udpplain': {'precision': 1.0, 'recall': 1.0, 'f1-score': 1.0, 'support': 200.0}, 'accuracy': 0.8916666666666667, 'macro avg': {'precision': 0.9227976617782792, 'recall': 0.8916666666666667, 'f1-score': 0.8602045654677233, 'support': 1800.0}, 'weighted avg': {'precision': 0.9227976617782792, 'recall': 0.8916666666666667, 'f1-score': 0.8602045654677234, 'support': 1800.0}}","[[200   0   0   0   0   0   0   0   0]
 [  0 200   0   0   0   0   0   0   0]
 [  0   0 200   0   0   0   0   0   0]
 [  0   0   0 199   1   0   0   0   0]
 [  0   0   0   0 198   0   2   0   0]
 [  0   0   0   0   0 200   0   0   0]
 [  0   0   0   0   0   0   8 192   0]
 [  0   0   0   0   0   0   0 200   0]
 [  0   0   0   0   0   0   0   0 200]]",3.542659282684326,0.026478290557861328
130,N_BaIoT,2,None,StandardScaler,SGD,0.7285328240523755,-1,-1,94.25925925925925,74.16666666666667,3.229166666666667,73.82395993526555,69.76613830696496,-1,"{'0Normal': {'precision': 0.995, 'recall': 0.995, 'f1-score': 0.995, 'support': 200.0}, 'ack': {'precision': 0.7065217391304348, 'recall': 0.975, 'f1-score': 0.8193277310924371, 'support': 200.0}, 'combo': {'precision': 0.912751677852349, 'recall': 0.68, 'f1-score': 0.7793696275071633, 'support': 200.0}, 'junk': {'precision': 0.744, 'recall': 0.93, 'f1-score': 0.8266666666666667, 'support': 200.0}, 'scan': {'precision': 0.4133611691022965, 'recall': 0.99, 'f1-score': 0.5832106038291606, 'support': 200.0}, 'syn': {'precision': 1.0, 'recall': 0.985, 'f1-score': 0.9924433249370278, 'support': 200.0}, 'tcp': {'precision': 0.0, 'recall': 0.0, 'f1-score': 0.0, 'support': 200.0}, 'udp': {'precision': 0.9807692307692307, 'recall': 0.255, 'f1-score': 0.40476190476190477, 'support': 200.0}, 'udpplain': {'precision': 0.8917525773195877, 'recall': 0.865, 'f1-score': 0.8781725888324873, 'support': 200.0}, 'accuracy': 0.7416666666666667, 'macro avg': {'precision': 0.7382395993526555, 'recall': 0.7416666666666667, 'f1-score': 0.6976613830696496, 'support': 1800.0}, 'weighted avg': {'precision': 0.7382395993526555, 'recall': 0.7416666666666667, 'f1-score': 0.6976613830696498, 'support': 1800.0}}","[[199   0   0   0   0   0   1   0   0]
 [  0 195   0   0   0   0   0   0   5]
 [  0   0 136  64   0   0   0   0   0]
 [  0   0  13 186   0   0   1   0   0]
 [  1   0   0   0 198   0   1   0   0]
 [  0   0   0   0   3 197   0   0   0]
 [  0   0   0   0 200   0   0   0   0]
 [  0  55   0   0  78   0   0  51  16]
 [  0  26   0   0   0   0   0   1 173]]",5.7269041538238525,0.009389877319335938
131,N_BaIoT,2,poly,StandardScaler,HHHv2,0.8693691239968222,-1,-1,97.18518518518519,82.12705680472358,1.5833333333333335,87.33333333333334,83.8314582668958,-1,"{'0Normal': {'precision': 0.975, 'recall': 1.0, 'f1-score': 0.9873417721518987, 'support': 195.0}, 'ack': {'precision': 0.985, 'recall': 0.9949494949494949, 'f1-score': 0.9899497487437187, 'support': 198.0}, 'combo': {'precision': 1.0, 'recall': 0.9803921568627451, 'f1-score': 0.99009900990099, 'support': 204.0}, 'junk': {'precision': 0.995, 'recall': 0.9851485148514851, 'f1-score': 0.9900497512437811, 'support': 202.0}, 'scan': {'precision': 0.985, 'recall': 0.9949494949494949, 'f1-score': 0.9899497487437187, 'support': 198.0}, 'syn': {'precision': 1.0, 'recall': 0.9803921568627451, 'f1-score': 0.99009900990099, 'support': 204.0}, 'tcp': {'precision': 0.0, 'recall': 0.0, 'f1-score': 0.0, 'support': 4.0}, 'udp': {'precision': 0.97, 'recall': 0.48621553884711777, 'f1-score': 0.6477462437395659, 'support': 399.0}, 'udpplain': {'precision': 0.95, 'recall': 0.9693877551020408, 'f1-score': 0.9595959595959594, 'support': 196.0}, 'accuracy': 0.8733333333333333, 'macro avg': {'precision': 0.8733333333333334, 'recall': 0.8212705680472359, 'f1-score': 0.838314582668958, 'support': 1800.0}, 'weighted avg': {'precision': 0.9791138888888888, 'recall': 0.8733333333333333, 'f1-score': 0.9083520839977085, 'support': 1800.0}}","[[195   0   0   0   0   0   0   0   0]
 [  1 197   0   0   0   0   0   0   0]
 [  1   1 200   0   0   0   0   0   2]
 [  0   0   0 199   1   0   0   0   2]
 [  0   0   0   0 197   0   0   1   0]
 [  0   0   0   0   1 200   0   1   2]
 [  2   0   0   1   0   0   0   1   0]
 [  1   0   0   0   0   0 200 194   4]
 [  0   2   0   0   1   0   0   3 190]]",76.94165253639221,0.4188239574432373
132,N_BaIoT,2,None,StandardScaler,KNN,0.7974861975028824,-1,-1,95.75308641975309,80.88888888888887,2.388888888888889,77.1123430459828,78.0977749577534,-1,"{'0Normal': {'precision': 0.9852216748768473, 'recall': 1.0, 'f1-score': 0.9925558312655086, 'support': 200.0}, 'ack': {'precision': 0.7696335078534031, 'recall': 0.735, 'f1-score': 0.751918158567775, 'support': 200.0}, 'combo': {'precision': 0.9732620320855615, 'recall': 0.91, 'f1-score': 0.9405684754521965, 'support': 200.0}, 'junk': {'precision': 0.9107981220657277, 'recall': 0.97, 'f1-score': 0.9394673123486683, 'support': 200.0}, 'scan': {'precision': 0.9948186528497409, 'recall': 0.96, 'f1-score': 0.9770992366412213, 'support': 200.0}, 'syn': {'precision': 0.9705882352941176, 'recall': 0.99, 'f1-score': 0.9801980198019802, 'support': 200.0}, 'tcp': {'precision': 0.0, 'recall': 0.0, 'f1-score': 0.0, 'support': 200.0}, 'udp': {'precision': 0.39429928741092635, 'recall': 0.83, 'f1-score': 0.5346215780998389, 'support': 200.0}, 'udpplain': {'precision': 0.9414893617021277, 'recall': 0.885, 'f1-score': 0.9123711340206185, 'support': 200.0}, 'accuracy': 0.8088888888888889, 'macro avg': {'precision': 0.771123430459828, 'recall': 0.8088888888888888, 'f1-score': 0.7809777495775341, 'support': 1800.0}, 'weighted avg': {'precision': 0.7711234304598281, 'recall': 0.8088888888888889, 'f1-score': 0.7809777495775341, 'support': 1800.0}}","[[200   0   0   0   0   0   0   0   0]
 [  0 147   0   0   0   1   0  44   8]
 [  0   0 182  18   0   0   0   0   0]
 [  1   0   5 194   0   0   0   0   0]
 [  2   0   0   0 192   5   0   1   0]
 [  0   0   0   1   1 198   0   0   0]
 [  0   0   0   0   0   0   0 200   0]
 [  0  31   0   0   0   0   0 166   3]
 [  0  13   0   0   0   0   0  10 177]]",0.010495901107788086,0.38715553283691406
133,N_BaIoT,2,None,StandardScaler,LDA,0.9207371641903149,-1,-1,98.39506172839506,92.77777777777777,0.9027777777777777,93.79650511535812,92.57163584948286,-1,"{'0Normal': {'precision': 0.9887640449438202, 'recall': 0.88, 'f1-score': 0.9312169312169312, 'support': 200.0}, 'ack': {'precision': 0.9414634146341463, 'recall': 0.965, 'f1-score': 0.9530864197530864, 'support': 200.0}, 'combo': {'precision': 0.9851485148514851, 'recall': 0.995, 'f1-score': 0.9900497512437811, 'support': 200.0}, 'junk': {'precision': 0.9851485148514851, 'recall': 0.995, 'f1-score': 0.9900497512437811, 'support': 200.0}, 'scan': {'precision': 1.0, 'recall': 0.975, 'f1-score': 0.9873417721518987, 'support': 200.0}, 'syn': {'precision': 0.9302325581395349, 'recall': 1.0, 'f1-score': 0.963855421686747, 'support': 200.0}, 'tcp': {'precision': 0.7117437722419929, 'recall': 1.0, 'f1-score': 0.8316008316008316, 'support': 200.0}, 'udp': {'precision': 0.9147286821705426, 'recall': 0.59, 'f1-score': 0.7173252279635258, 'support': 200.0}, 'udpplain': {'precision': 0.9844559585492227, 'recall': 0.95, 'f1-score': 0.9669211195928753, 'support': 200.0}, 'accuracy': 0.9277777777777778, 'macro avg': {'precision': 0.9379650511535811, 'recall': 0.9277777777777777, 'f1-score': 0.9257163584948286, 'support': 1800.0}, 'weighted avg': {'precision': 0.9379650511535811, 'recall': 0.9277777777777778, 'f1-score': 0.9257163584948287, 'support': 1800.0}}","[[176   9   3   2   0   9   1   0   0]
 [  0 193   0   0   0   4   0   2   1]
 [  0   0 199   1   0   0   0   0   0]
 [  1   0   0 199   0   0   0   0   0]
 [  0   3   0   0 195   0   2   0   0]
 [  0   0   0   0   0 200   0   0   0]
 [  0   0   0   0   0   0 200   0   0]
 [  0   0   0   0   0   2  78 118   2]
 [  1   0   0   0   0   0   0   9 190]]",22.789215326309204,0.009829044342041016
134,N_BaIoT,2,None,StandardScaler,MLP,0.8546313724361059,-1,-1,96.90123456790124,86.05555555555556,1.7430555555555556,80.47221048638595,82.41470884570144,-1,"{'0Normal': {'precision': 0.9900497512437811, 'recall': 0.995, 'f1-score': 0.9925187032418954, 'support': 200.0}, 'ack': {'precision': 0.964824120603015, 'recall': 0.96, 'f1-score': 0.9624060150375939, 'support': 200.0}, 'combo': {'precision': 0.9585492227979274, 'recall': 0.925, 'f1-score': 0.9414758269720102, 'support': 200.0}, 'junk': {'precision': 0.9271844660194175, 'recall': 0.955, 'f1-score': 0.9408866995073892, 'support': 200.0}, 'scan': {'precision': 0.9655172413793104, 'recall': 0.98, 'f1-score': 0.9727047146401985, 'support': 200.0}, 'syn': {'precision': 0.9949494949494949, 'recall': 0.985, 'f1-score': 0.9899497487437187, 'support': 200.0}, 'tcp': {'precision': 0.0, 'recall': 0.0, 'f1-score': 0.0, 'support': 200.0}, 'udp': {'precision': 0.4846938775510204, 'recall': 0.95, 'f1-score': 0.6418918918918919, 'support': 200.0}, 'udpplain': {'precision': 0.9567307692307693, 'recall': 0.995, 'f1-score': 0.9754901960784313, 'support': 200.0}, 'accuracy': 0.8605555555555555, 'macro avg': {'precision': 0.8047221048638595, 'recall': 0.8605555555555555, 'f1-score': 0.8241470884570143, 'support': 1800.0}, 'weighted avg': {'precision': 0.8047221048638595, 'recall': 0.8605555555555555, 'f1-score': 0.8241470884570142, 'support': 1800.0}}","[[199   1   0   0   0   0   0   0   0]
 [  0 192   0   0   4   0   0   1   3]
 [  0   0 185  15   0   0   0   0   0]
 [  1   0   8 191   0   0   0   0   0]
 [  1   3   0   0 196   0   0   0   0]
 [  0   0   0   0   3 197   0   0   0]
 [  0   0   0   0   0   0   0 200   0]
 [  0   3   0   0   0   1   0 190   6]
 [  0   0   0   0   0   0   0   1 199]]",23.424344539642334,0.01932549476623535
135,N_BaIoT,2,None,StandardScaler,LGBM,0.7248803349881824,-1,-1,94.20987654320989,73.94444444444443,3.256944444444444,72.4868633660446,70.29895267823437,-1,"{'0Normal': {'precision': 0.40899795501022496, 'recall': 1.0, 'f1-score': 0.5805515239477503, 'support': 200.0}, 'ack': {'precision': 0.8, 'recall': 0.76, 'f1-score': 0.7794871794871796, 'support': 200.0}, 'combo': {'precision': 0.925, 'recall': 0.74, 'f1-score': 0.8222222222222222, 'support': 200.0}, 'junk': {'precision': 0.8130434782608695, 'recall': 0.935, 'f1-score': 0.8697674418604651, 'support': 200.0}, 'scan': {'precision': 0.9651741293532339, 'recall': 0.97, 'f1-score': 0.9675810473815462, 'support': 200.0}, 'syn': {'precision': 0.8248847926267281, 'recall': 0.895, 'f1-score': 0.8585131894484412, 'support': 200.0}, 'tcp': {'precision': 0.0, 'recall': 0.0, 'f1-score': 0.0, 'support': 200.0}, 'udp': {'precision': 0.9512195121951219, 'recall': 0.39, 'f1-score': 0.553191489361702, 'support': 200.0}, 'udpplain': {'precision': 0.8354978354978355, 'recall': 0.965, 'f1-score': 0.8955916473317865, 'support': 200.0}, 'accuracy': 0.7394444444444445, 'macro avg': {'precision': 0.7248686336604461, 'recall': 0.7394444444444443, 'f1-score': 0.7029895267823437, 'support': 1800.0}, 'weighted avg': {'precision': 0.724868633660446, 'recall': 0.7394444444444445, 'f1-score': 0.7029895267823437, 'support': 1800.0}}","[[200   0   0   0   0   0   0   0   0]
 [  9 152   2   0   1  24   0   1  11]
 [  0   8 148  40   0   0   0   1   3]
 [  0   5   8 187   0   0   0   0   0]
 [  0   0   0   2 194   1   0   0   3]
 [  0  17   1   1   2 179   0   0   0]
 [200   0   0   0   0   0   0   0   0]
 [ 80   4   0   0   4  13   0  78  21]
 [  0   4   1   0   0   0   0   2 193]]",55.842007637023926,0.04979896545410156
136,N_BaIoT,2,None,StandardScaler,RF,0.8882024204591614,-1,-1,97.5679012345679,89.05555555555557,1.3680555555555556,92.17139729455,85.9090523040721,-1,"{'0Normal': {'precision': 1.0, 'recall': 1.0, 'f1-score': 1.0, 'support': 200.0}, 'ack': {'precision': 1.0, 'recall': 1.0, 'f1-score': 1.0, 'support': 200.0}, 'combo': {'precision': 0.9852216748768473, 'recall': 1.0, 'f1-score': 0.9925558312655086, 'support': 200.0}, 'junk': {'precision': 1.0, 'recall': 0.995, 'f1-score': 0.9974937343358395, 'support': 200.0}, 'scan': {'precision': 1.0, 'recall': 0.98, 'f1-score': 0.98989898989899, 'support': 200.0}, 'syn': {'precision': 1.0, 'recall': 1.0, 'f1-score': 1.0, 'support': 200.0}, 'tcp': {'precision': 0.8, 'recall': 0.04, 'f1-score': 0.07619047619047618, 'support': 200.0}, 'udp': {'precision': 0.5102040816326531, 'recall': 1.0, 'f1-score': 0.6756756756756758, 'support': 200.0}, 'udpplain': {'precision': 1.0, 'recall': 1.0, 'f1-score': 1.0, 'support': 200.0}, 'accuracy': 0.8905555555555555, 'macro avg': {'precision': 0.9217139729455001, 'recall': 0.8905555555555557, 'f1-score': 0.8590905230407211, 'support': 1800.0}, 'weighted avg': {'precision': 0.9217139729455001, 'recall': 0.8905555555555555, 'f1-score': 0.8590905230407211, 'support': 1800.0}}","[[200   0   0   0   0   0   0   0   0]
 [  0 200   0   0   0   0   0   0   0]
 [  0   0 200   0   0   0   0   0   0]
 [  0   0   1 199   0   0   0   0   0]
 [  0   0   2   0 196   0   2   0   0]
 [  0   0   0   0   0 200   0   0   0]
 [  0   0   0   0   0   0   8 192   0]
 [  0   0   0   0   0   0   0 200   0]
 [  0   0   0   0   0   0   0   0 200]]",2.8042309284210205,0.02537059783935547
137,N_BaIoT,2,None,StandardScaler,SGD,0.6972573417016149,-1,-1,93.69135802469137,71.61111111111111,3.5486111111111116,69.36477669895191,68.06562947642922,-1,"{'0Normal': {'precision': 0.995, 'recall': 0.995, 'f1-score': 0.995, 'support': 200.0}, 'ack': {'precision': 0.7158671586715867, 'recall': 0.97, 'f1-score': 0.8237791932059448, 'support': 200.0}, 'combo': {'precision': 0.8242424242424242, 'recall': 0.68, 'f1-score': 0.7452054794520547, 'support': 200.0}, 'junk': {'precision': 0.7264957264957265, 'recall': 0.85, 'f1-score': 0.7834101382488479, 'support': 200.0}, 'scan': {'precision': 0.4125, 'recall': 0.99, 'f1-score': 0.5823529411764706, 'support': 200.0}, 'syn': {'precision': 1.0, 'recall': 0.98, 'f1-score': 0.98989898989899, 'support': 200.0}, 'tcp': {'precision': 0.0, 'recall': 0.0, 'f1-score': 0.0, 'support': 200.0}, 'udp': {'precision': 0.609375, 'recall': 0.39, 'f1-score': 0.475609756097561, 'support': 200.0}, 'udpplain': {'precision': 0.959349593495935, 'recall': 0.59, 'f1-score': 0.7306501547987616, 'support': 200.0}, 'accuracy': 0.7161111111111111, 'macro avg': {'precision': 0.6936477669895191, 'recall': 0.7161111111111111, 'f1-score': 0.6806562947642922, 'support': 1800.0}, 'weighted avg': {'precision': 0.6936477669895192, 'recall': 0.7161111111111111, 'f1-score': 0.6806562947642923, 'support': 1800.0}}","[[199   0   0   0   0   0   1   0   0]
 [  0 194   0   0   0   0   0   2   4]
 [  0   0 136  64   0   0   0   0   0]
 [  0   0  29 170   0   0   1   0   0]
 [  1   0   0   0 198   0   1   0   0]
 [  0   0   0   0   4 196   0   0   0]
 [  0   0   0   0 200   0   0   0   0]
 [  0  43   0   0  78   0   0  78   1]
 [  0  34   0   0   0   0   0  48 118]]",6.06508207321167,0.009776592254638672
138,N_BaIoT,2,linear,StandardScaler,HHHv2,0.815321640469834,-1,-1,96.12345679012346,79.56059143307122,2.180555555555556,82.55555555555556,79.60505426935808,-1,"{'0Normal': {'precision': 0.64, 'recall': 1.0, 'f1-score': 0.7804878048780487, 'support': 128.0}, 'ack': {'precision': 0.945, 'recall': 0.945, 'f1-score': 0.945, 'support': 200.0}, 'combo': {'precision': 1.0, 'recall': 0.9523809523809523, 'f1-score': 0.975609756097561, 'support': 210.0}, 'junk': {'precision': 0.995, 'recall': 0.9567307692307693, 'f1-score': 0.9754901960784313, 'support': 208.0}, 'scan': {'precision': 0.97, 'recall': 0.9509803921568627, 'f1-score': 0.9603960396039604, 'support': 204.0}, 'syn': {'precision': 1.0, 'recall': 0.9389671361502347, 'f1-score': 0.9685230024213075, 'support': 213.0}, 'tcp': {'precision': 0.0, 'recall': 0.0, 'f1-score': 0.0, 'support': 30.0}, 'udp': {'precision': 0.975, 'recall': 0.46875, 'f1-score': 0.6331168831168831, 'support': 416.0}, 'udpplain': {'precision': 0.905, 'recall': 0.9476439790575916, 'f1-score': 0.9258312020460359, 'support': 191.0}, 'accuracy': 0.8255555555555556, 'macro avg': {'precision': 0.8255555555555556, 'recall': 0.7956059143307123, 'f1-score': 0.7960505426935808, 'support': 1800.0}, 'weighted avg': {'precision': 0.9317861111111112, 'recall': 0.8255555555555556, 'f1-score': 0.8550605684175302, 'support': 1800.0}}","[[128   0   0   0   0   0   0   0   0]
 [ 11 189   0   0   0   0   0   0   0]
 [  3   3 200   0   1   0   0   0   3]
 [  7   2   0 199   0   0   0   0   0]
 [  7   2   0   0 194   0   0   0   1]
 [ 10   1   0   0   0 200   0   1   1]
 [ 23   0   0   1   3   0   0   2   1]
 [  5   1   0   0   2   0 200 195  13]
 [  6   2   0   0   0   0   0   2 181]]",46.941654443740845,0.3057074546813965
139,N_BaIoT,2,None,StandardScaler,KNN,0.7470596243975776,-1,-1,94.69135802469137,76.11111111111111,2.986111111111111,72.56096297956263,72.72100687268323,-1,"{'0Normal': {'precision': 0.9852216748768473, 'recall': 1.0, 'f1-score': 0.9925558312655086, 'support': 200.0}, 'ack': {'precision': 0.7688442211055276, 'recall': 0.765, 'f1-score': 0.7669172932330828, 'support': 200.0}, 'combo': {'precision': 0.9114583333333334, 'recall': 0.875, 'f1-score': 0.8928571428571429, 'support': 200.0}, 'junk': {'precision': 0.875, 'recall': 0.91, 'f1-score': 0.892156862745098, 'support': 200.0}, 'scan': {'precision': 0.41014799154334036, 'recall': 0.97, 'f1-score': 0.5765230312035661, 'support': 200.0}, 'syn': {'precision': 0.9753694581280788, 'recall': 0.99, 'f1-score': 0.9826302729528535, 'support': 200.0}, 'tcp': {'precision': 0.0, 'recall': 0.0, 'f1-score': 0.0, 'support': 200.0}, 'udp': {'precision': 0.6747967479674797, 'recall': 0.415, 'f1-score': 0.5139318885448916, 'support': 200.0}, 'udpplain': {'precision': 0.9296482412060302, 'recall': 0.925, 'f1-score': 0.9273182957393483, 'support': 200.0}, 'accuracy': 0.7611111111111111, 'macro avg': {'precision': 0.7256096297956264, 'recall': 0.7611111111111112, 'f1-score': 0.7272100687268324, 'support': 1800.0}, 'weighted avg': {'precision': 0.7256096297956265, 'recall': 0.7611111111111111, 'f1-score': 0.7272100687268325, 'support': 1800.0}}","[[200   0   0   0   0   0   0   0   0]
 [  0 153   0   0   0   1   0  35  11]
 [  0   0 175  25   0   0   0   0   0]
 [  1   0  17 182   0   0   0   0   0]
 [  2   0   0   0 194   4   0   0   0]
 [  0   0   0   1   1 198   0   0   0]
 [  0   0   0   0 200   0   0   0   0]
 [  0  36   0   0  78   0   0  83   3]
 [  0  10   0   0   0   0   0   5 185]]",0.009868860244750977,0.39068150520324707
140,N_BaIoT,2,None,StandardScaler,LDA,0.9196384102653301,-1,-1,98.37037037037038,92.66666666666666,0.9166666666666666,93.85224961366005,92.43712961459397,-1,"{'0Normal': {'precision': 0.988950276243094, 'recall': 0.895, 'f1-score': 0.9396325459317585, 'support': 200.0}, 'ack': {'precision': 0.964824120603015, 'recall': 0.96, 'f1-score': 0.9624060150375939, 'support': 200.0}, 'combo': {'precision': 0.961352657004831, 'recall': 0.995, 'f1-score': 0.977886977886978, 'support': 200.0}, 'junk': {'precision': 0.9850746268656716, 'recall': 0.99, 'f1-score': 0.9875311720698254, 'support': 200.0}, 'scan': {'precision': 0.9795918367346939, 'recall': 0.96, 'f1-score': 0.9696969696969697, 'support': 200.0}, 'syn': {'precision': 0.9216589861751152, 'recall': 1.0, 'f1-score': 0.9592326139088729, 'support': 200.0}, 'tcp': {'precision': 0.7117437722419929, 'recall': 1.0, 'f1-score': 0.8316008316008316, 'support': 200.0}, 'udp': {'precision': 0.9590163934426229, 'recall': 0.585, 'f1-score': 0.7267080745341614, 'support': 200.0}, 'udpplain': {'precision': 0.9744897959183674, 'recall': 0.955, 'f1-score': 0.9646464646464646, 'support': 200.0}, 'accuracy': 0.9266666666666666, 'macro avg': {'precision': 0.9385224961366004, 'recall': 0.9266666666666666, 'f1-score': 0.9243712961459397, 'support': 1800.0}, 'weighted avg': {'precision': 0.9385224961366004, 'recall': 0.9266666666666666, 'f1-score': 0.9243712961459395, 'support': 1800.0}}","[[179   3   6   1   4   6   1   0   0]
 [  0 192   0   0   0   4   0   2   2]
 [  0   0 199   1   0   0   0   0   0]
 [  1   0   1 198   0   0   0   0   0]
 [  1   0   0   1 192   4   2   0   0]
 [  0   0   0   0   0 200   0   0   0]
 [  0   0   0   0   0   0 200   0   0]
 [  0   0   0   0   0   2  78 117   3]
 [  0   4   1   0   0   1   0   3 191]]",26.38780903816223,0.009696722030639648
141,N_BaIoT,2,None,StandardScaler,MLP,0.7416297744233504,-1,-1,94.61728395061728,75.77777777777777,3.0277777777777777,74.36844052057451,72.99862311595336,-1,"{'0Normal': {'precision': 0.9851485148514851, 'recall': 0.995, 'f1-score': 0.9900497512437811, 'support': 200.0}, 'ack': {'precision': 0.9786096256684492, 'recall': 0.915, 'f1-score': 0.9457364341085273, 'support': 200.0}, 'combo': {'precision': 1.0, 'recall': 0.635, 'f1-score': 0.7767584097859327, 'support': 200.0}, 'junk': {'precision': 0.7316176470588235, 'recall': 0.995, 'f1-score': 0.8432203389830508, 'support': 200.0}, 'scan': {'precision': 0.3380952380952381, 'recall': 0.71, 'f1-score': 0.4580645161290322, 'support': 200.0}, 'syn': {'precision': 0.7692307692307693, 'recall': 1.0, 'f1-score': 0.8695652173913044, 'support': 200.0}, 'tcp': {'precision': 0.0, 'recall': 0.0, 'f1-score': 0.0, 'support': 200.0}, 'udp': {'precision': 0.943089430894309, 'recall': 0.58, 'f1-score': 0.7182662538699691, 'support': 200.0}, 'udpplain': {'precision': 0.9473684210526315, 'recall': 0.99, 'f1-score': 0.9682151589242053, 'support': 200.0}, 'accuracy': 0.7577777777777778, 'macro avg': {'precision': 0.7436844052057451, 'recall': 0.7577777777777778, 'f1-score': 0.7299862311595336, 'support': 1800.0}, 'weighted avg': {'precision': 0.743684405205745, 'recall': 0.7577777777777778, 'f1-score': 0.7299862311595336, 'support': 1800.0}}","[[199   1   0   0   0   0   0   0   0]
 [  0 183   0   0   0   4   0   5   8]
 [  0   0 127  73   0   0   0   0   0]
 [  1   0   0 199   0   0   0   0   0]
 [  2   1   0   0 142  55   0   0   0]
 [  0   0   0   0   0 200   0   0   0]
 [  0   0   0   0 200   0   0   0   0]
 [  0   2   0   0  78   1   0 116   3]
 [  0   0   0   0   0   0   0   2 198]]",30.059922695159912,0.01893329620361328
142,N_BaIoT,2,None,StandardScaler,LGBM,0.6282376386453494,-1,-1,92.30864197530865,65.38888888888889,4.326388888888888,64.46900730259448,60.46668549664421,-1,"{'0Normal': {'precision': 0.39087301587301587, 'recall': 0.985, 'f1-score': 0.5596590909090908, 'support': 200.0}, 'ack': {'precision': 0.8240740740740741, 'recall': 0.89, 'f1-score': 0.8557692307692307, 'support': 200.0}, 'combo': {'precision': 0.7448559670781894, 'recall': 0.905, 'f1-score': 0.817155756207675, 'support': 200.0}, 'junk': {'precision': 0.8185840707964602, 'recall': 0.925, 'f1-score': 0.8685446009389671, 'support': 200.0}, 'scan': {'precision': 0.91, 'recall': 0.91, 'f1-score': 0.91, 'support': 200.0}, 'syn': {'precision': 0.9338235294117647, 'recall': 0.635, 'f1-score': 0.755952380952381, 'support': 200.0}, 'tcp': {'precision': 0.0, 'recall': 0.0, 'f1-score': 0.0, 'support': 200.0}, 'udp': {'precision': 0.5, 'recall': 0.55, 'f1-score': 0.5238095238095238, 'support': 200.0}, 'udpplain': {'precision': 0.68, 'recall': 0.085, 'f1-score': 0.15111111111111114, 'support': 200.0}, 'accuracy': 0.6538888888888889, 'macro avg': {'precision': 0.6446900730259448, 'recall': 0.6538888888888889, 'f1-score': 0.6046668549664421, 'support': 1800.0}, 'weighted avg': {'precision': 0.6446900730259449, 'recall': 0.6538888888888889, 'f1-score': 0.6046668549664422, 'support': 1800.0}}","[[197   0   0   0   0   0   0   1   2]
 [  0 178   0   2   4   0   0  13   3]
 [  0   6 181   4   1   0   6   0   2]
 [  0   4   9 185   0   0   2   0   0]
 [  4   1   0   4 182   9   0   0   0]
 [  7   2  15  16   2 127  16  14   1]
 [200   0   0   0   0   0   0   0   0]
 [ 79   4   1   1   5   0   0 110   0]
 [ 17  21  37  14   6   0   6  82  17]]",53.893590450286865,0.017801761627197266
143,N_BaIoT,2,None,StandardScaler,RF,0.9093465490288092,-1,-1,98.06172839506173,91.27777777777779,1.090277777777778,94.81938785457254,89.79969304236644,-1,"{'0Normal': {'precision': 0.9950248756218906, 'recall': 1.0, 'f1-score': 0.9975062344139651, 'support': 200.0}, 'ack': {'precision': 0.9950248756218906, 'recall': 1.0, 'f1-score': 0.9975062344139651, 'support': 200.0}, 'combo': {'precision': 1.0, 'recall': 1.0, 'f1-score': 1.0, 'support': 200.0}, 'junk': {'precision': 1.0, 'recall': 0.995, 'f1-score': 0.9974937343358395, 'support': 200.0}, 'scan': {'precision': 1.0, 'recall': 0.99, 'f1-score': 0.9949748743718593, 'support': 200.0}, 'syn': {'precision': 1.0, 'recall': 1.0, 'f1-score': 1.0, 'support': 200.0}, 'tcp': {'precision': 0.9787234042553191, 'recall': 0.23, 'f1-score': 0.3724696356275303, 'support': 200.0}, 'udp': {'precision': 0.5649717514124294, 'recall': 1.0, 'f1-score': 0.7220216606498194, 'support': 200.0}, 'udpplain': {'precision': 1.0, 'recall': 1.0, 'f1-score': 1.0, 'support': 200.0}, 'accuracy': 0.9127777777777778, 'macro avg': {'precision': 0.9481938785457255, 'recall': 0.9127777777777778, 'f1-score': 0.8979969304236644, 'support': 1800.0}, 'weighted avg': {'precision': 0.9481938785457255, 'recall': 0.9127777777777778, 'f1-score': 0.8979969304236644, 'support': 1800.0}}","[[200   0   0   0   0   0   0   0   0]
 [  0 200   0   0   0   0   0   0   0]
 [  0   0 200   0   0   0   0   0   0]
 [  0   1   0 199   0   0   0   0   0]
 [  1   0   0   0 198   0   1   0   0]
 [  0   0   0   0   0 200   0   0   0]
 [  0   0   0   0   0   0  46 154   0]
 [  0   0   0   0   0   0   0 200   0]
 [  0   0   0   0   0   0   0   0 200]]",3.0673346519470215,0.026044130325317383
144,N_BaIoT,2,None,StandardScaler,SGD,0.7256247504751234,-1,-1,94.24691358024691,74.1111111111111,3.236111111111111,72.31522970605418,70.85543588211792,-1,"{'0Normal': {'precision': 0.995, 'recall': 0.995, 'f1-score': 0.995, 'support': 200.0}, 'ack': {'precision': 0.8577981651376146, 'recall': 0.935, 'f1-score': 0.8947368421052632, 'support': 200.0}, 'combo': {'precision': 0.9758064516129032, 'recall': 0.605, 'f1-score': 0.7469135802469136, 'support': 200.0}, 'junk': {'precision': 0.7127272727272728, 'recall': 0.98, 'f1-score': 0.8252631578947367, 'support': 200.0}, 'scan': {'precision': 0.41509433962264153, 'recall': 0.99, 'f1-score': 0.5849335302806499, 'support': 200.0}, 'syn': {'precision': 0.995, 'recall': 0.995, 'f1-score': 0.995, 'support': 200.0}, 'tcp': {'precision': 0.0, 'recall': 0.0, 'f1-score': 0.0, 'support': 200.0}, 'udp': {'precision': 0.6125, 'recall': 0.49, 'f1-score': 0.5444444444444445, 'support': 200.0}, 'udpplain': {'precision': 0.9444444444444444, 'recall': 0.68, 'f1-score': 0.7906976744186047, 'support': 200.0}, 'accuracy': 0.7411111111111112, 'macro avg': {'precision': 0.7231522970605418, 'recall': 0.741111111111111, 'f1-score': 0.7085543588211792, 'support': 1800.0}, 'weighted avg': {'precision': 0.7231522970605418, 'recall': 0.7411111111111112, 'f1-score': 0.7085543588211792, 'support': 1800.0}}","[[199   0   0   0   0   1   0   0   0]
 [  0 187   0   0   0   0   0   8   5]
 [  0   0 121  79   0   0   0   0   0]
 [  0   0   3 196   0   0   1   0   0]
 [  1   0   0   0 198   0   1   0   0]
 [  0   0   0   0   1 199   0   0   0]
 [  0   0   0   0 200   0   0   0   0]
 [  0  21   0   0  78   0   0  98   3]
 [  0  10   0   0   0   0   0  54 136]]",6.933799505233765,0.009501218795776367
145,N_BaIoT,2,sigmoid,StandardScaler,HHHv2,0.6501093397340214,-1,-1,92.77777777777779,68.22956620348997,4.0625,67.5,66.04494917871187,-1,"{'0Normal': {'precision': 0.85, 'recall': 0.9497206703910615, 'f1-score': 0.8970976253298152, 'support': 179.0}, 'ack': {'precision': 0.76, 'recall': 0.8994082840236687, 'f1-score': 0.8238482384823849, 'support': 169.0}, 'combo': {'precision': 0.78, 'recall': 0.30708661417322836, 'f1-score': 0.4406779661016949, 'support': 508.0}, 'junk': {'precision': 0.835, 'recall': 0.6900826446280992, 'f1-score': 0.755656108597285, 'support': 242.0}, 'scan': {'precision': 0.855, 'recall': 0.9, 'f1-score': 0.8769230769230769, 'support': 190.0}, 'syn': {'precision': 0.92, 'recall': 0.8761904761904762, 'f1-score': 0.8975609756097561, 'support': 210.0}, 'tcp': {'precision': 0.0, 'recall': 0.0, 'f1-score': 0.0, 'support': 23.0}, 'udp': {'precision': 0.405, 'recall': 0.680672268907563, 'f1-score': 0.5078369905956114, 'support': 119.0}, 'udpplain': {'precision': 0.67, 'recall': 0.8375, 'f1-score': 0.7444444444444446, 'support': 160.0}, 'accuracy': 0.675, 'macro avg': {'precision': 0.6749999999999999, 'recall': 0.6822956620348997, 'f1-score': 0.6604494917871188, 'support': 1800.0}, 'weighted avg': {'precision': 0.7721916666666666, 'recall': 0.675, 'f1-score': 0.6895505082128812, 'support': 1800.0}}","[[170   2   0   1   2   1   0   1   2]
 [  1 152   0   1   8   1   0   4   2]
 [  0  13 156  27   8   3 200  90  11]
 [  3   8  38 167   0   5   0  11  10]
 [  4   1   2   2 171   2   0   0   8]
 [  4   9   0   0   4 184   0   2   7]
 [  6   4   0   0   2   1   0   3   7]
 [  6   6   2   0   3   2   0  81  19]
 [  6   5   2   2   2   1   0   8 134]]",57.53450655937195,0.3667635917663574
146,N_BaIoT,0,None,StandardScaler,KNN,0.6011984547993845,-1,-1,91.91358024691358,63.61111111111111,4.548611111111111,59.496422572327155,60.34455799616213,-1,"{'0Normal': {'precision': 0.9852216748768473, 'recall': 1.0, 'f1-score': 0.9925558312655086, 'support': 200.0}, 'ack': {'precision': 0.5414847161572053, 'recall': 0.62, 'f1-score': 0.578088578088578, 'support': 200.0}, 'combo': {'precision': 0.7244897959183674, 'recall': 0.71, 'f1-score': 0.7171717171717172, 'support': 200.0}, 'junk': {'precision': 0.7261410788381742, 'recall': 0.875, 'f1-score': 0.7936507936507936, 'support': 200.0}, 'scan': {'precision': 0.3380614657210402, 'recall': 0.715, 'f1-score': 0.45906902086677365, 'support': 200.0}, 'syn': {'precision': 0.7453703703703703, 'recall': 0.805, 'f1-score': 0.7740384615384616, 'support': 200.0}, 'tcp': {'precision': 0.0, 'recall': 0.0, 'f1-score': 0.0, 'support': 200.0}, 'udp': {'precision': 0.47368421052631576, 'recall': 0.27, 'f1-score': 0.3439490445859873, 'support': 200.0}, 'udpplain': {'precision': 0.8202247191011236, 'recall': 0.73, 'f1-score': 0.7724867724867724, 'support': 200.0}, 'accuracy': 0.6361111111111111, 'macro avg': {'precision': 0.5949642257232716, 'recall': 0.6361111111111111, 'f1-score': 0.6034455799616213, 'support': 1800.0}, 'weighted avg': {'precision': 0.5949642257232716, 'recall': 0.6361111111111111, 'f1-score': 0.6034455799616214, 'support': 1800.0}}","[[200   0   0   0   0   0   0   0   0]
 [  0 124   0   0   1   0   0  50  25]
 [  0   0 142  58   0   0   0   0   0]
 [  1   0  24 175   0   0   0   0   0]
 [  2   0   0   0 143  55   0   0   0]
 [  0   0  30   8   1 161   0   0   0]
 [  0   0   0   0 200   0   0   0   0]
 [  0  61   0   0  78   0   0  54   7]
 [  0  44   0   0   0   0   0  10 146]]",0.0003631114959716797,0.0038423538208007812
147,N_BaIoT,0,None,StandardScaler,LDA,0.6430591137110038,-1,-1,92.77777777777779,67.5,4.0625,73.11237696981397,66.33847080413267,-1,"{'0Normal': {'precision': 0.9707602339181286, 'recall': 0.83, 'f1-score': 0.894878706199461, 'support': 200.0}, 'ack': {'precision': 0.6060606060606061, 'recall': 0.4, 'f1-score': 0.4819277108433735, 'support': 200.0}, 'combo': {'precision': 0.75, 'recall': 0.585, 'f1-score': 0.6573033707865168, 'support': 200.0}, 'junk': {'precision': 0.6666666666666666, 'recall': 0.84, 'f1-score': 0.743362831858407, 'support': 200.0}, 'scan': {'precision': 1.0, 'recall': 0.27, 'f1-score': 0.4251968503937008, 'support': 200.0}, 'syn': {'precision': 0.8170212765957446, 'recall': 0.96, 'f1-score': 0.8827586206896553, 'support': 200.0}, 'tcp': {'precision': 0.4914004914004914, 'recall': 1.0, 'f1-score': 0.6589785831960461, 'support': 200.0}, 'udp': {'precision': 0.415929203539823, 'recall': 0.47, 'f1-score': 0.4413145539906103, 'support': 200.0}, 'udpplain': {'precision': 0.8622754491017964, 'recall': 0.72, 'f1-score': 0.784741144414169, 'support': 200.0}, 'accuracy': 0.675, 'macro avg': {'precision': 0.7311237696981396, 'recall': 0.675, 'f1-score': 0.6633847080413267, 'support': 1800.0}, 'weighted avg': {'precision': 0.7311237696981396, 'recall': 0.675, 'f1-score': 0.6633847080413267, 'support': 1800.0}}","[[166   2   1   1   0  27   0   3   0]
 [  0  80   0   0   0   0   3  96  21]
 [  0   0 117  83   0   0   0   0   0]
 [  0   1  31 168   0   0   0   0   0]
 [  5   0   0   0  54  16 125   0   0]
 [  0   0   7   0   0 192   1   0   0]
 [  0   0   0   0   0   0 200   0   0]
 [  0  26   0   0   0   0  78  94   2]
 [  0  23   0   0   0   0   0  33 144]]",0.004031658172607422,0.0002942085266113281
148,N_BaIoT,0,None,StandardScaler,MLP,0.5962442522813347,-1,-1,91.82716049382717,63.222222222222214,4.597222222222222,59.34722147770317,60.004873161912506,-1,"{'0Normal': {'precision': 0.9852216748768473, 'recall': 1.0, 'f1-score': 0.9925558312655086, 'support': 200.0}, 'ack': {'precision': 0.5871559633027523, 'recall': 0.32, 'f1-score': 0.41423948220064727, 'support': 200.0}, 'combo': {'precision': 0.7784090909090909, 'recall': 0.685, 'f1-score': 0.7287234042553193, 'support': 200.0}, 'junk': {'precision': 0.7161016949152542, 'recall': 0.845, 'f1-score': 0.7752293577981652, 'support': 200.0}, 'scan': {'precision': 0.30864197530864196, 'recall': 0.625, 'f1-score': 0.4132231404958677, 'support': 200.0}, 'syn': {'precision': 0.7181467181467182, 'recall': 0.93, 'f1-score': 0.8104575163398694, 'support': 200.0}, 'tcp': {'precision': 0.0, 'recall': 0.0, 'f1-score': 0.0, 'support': 200.0}, 'udp': {'precision': 0.4563106796116505, 'recall': 0.47, 'f1-score': 0.4630541871921182, 'support': 200.0}, 'udpplain': {'precision': 0.7912621359223301, 'recall': 0.815, 'f1-score': 0.8029556650246306, 'support': 200.0}, 'accuracy': 0.6322222222222222, 'macro avg': {'precision': 0.5934722147770317, 'recall': 0.6322222222222221, 'f1-score': 0.6000487316191251, 'support': 1800.0}, 'weighted avg': {'precision': 0.5934722147770318, 'recall': 0.6322222222222222, 'f1-score': 0.6000487316191252, 'support': 1800.0}}","[[200   0   0   0   0   0   0   0   0]
 [  0  64   0   0   1   0   0 106  29]
 [  0   0 137  63   0   0   0   0   0]
 [  1   0  30 169   0   0   0   0   0]
 [  2   0   0   0 125  73   0   0   0]
 [  0   0   9   4   1 186   0   0   0]
 [  0   0   0   0 200   0   0   0   0]
 [  0  14   0   0  78   0   0  94  14]
 [  0  31   0   0   0   0   0   6 163]]",0.249769926071167,0.000850677490234375
149,N_BaIoT,0,None,StandardScaler,LGBM,0.9470145486529133,-1,-1,98.91358024691358,95.11111111111111,0.6111111111111112,96.33644700694255,94.93969784783852,-1,"{'0Normal': {'precision': 1.0, 'recall': 1.0, 'f1-score': 1.0, 'support': 200.0}, 'ack': {'precision': 1.0, 'recall': 1.0, 'f1-score': 1.0, 'support': 200.0}, 'combo': {'precision': 0.9896907216494846, 'recall': 0.96, 'f1-score': 0.9746192893401014, 'support': 200.0}, 'junk': {'precision': 0.9611650485436893, 'recall': 0.99, 'f1-score': 0.9753694581280788, 'support': 200.0}, 'scan': {'precision': 1.0, 'recall': 1.0, 'f1-score': 1.0, 'support': 200.0}, 'syn': {'precision': 1.0, 'recall': 1.0, 'f1-score': 1.0, 'support': 200.0}, 'tcp': {'precision': 0.7194244604316546, 'recall': 1.0, 'f1-score': 0.8368200836820083, 'support': 200.0}, 'udp': {'precision': 1.0, 'recall': 0.61, 'f1-score': 0.7577639751552795, 'support': 200.0}, 'udpplain': {'precision': 1.0, 'recall': 1.0, 'f1-score': 1.0, 'support': 200.0}, 'accuracy': 0.9511111111111111, 'macro avg': {'precision': 0.9633644700694255, 'recall': 0.9511111111111111, 'f1-score': 0.9493969784783852, 'support': 1800.0}, 'weighted avg': {'precision': 0.9633644700694254, 'recall': 0.9511111111111111, 'f1-score': 0.9493969784783853, 'support': 1800.0}}","[[200   0   0   0   0   0   0   0   0]
 [  0 200   0   0   0   0   0   0   0]
 [  0   0 192   8   0   0   0   0   0]
 [  0   0   2 198   0   0   0   0   0]
 [  0   0   0   0 200   0   0   0   0]
 [  0   0   0   0   0 200   0   0   0]
 [  0   0   0   0   0   0 200   0   0]
 [  0   0   0   0   0   0  78 122   0]
 [  0   0   0   0   0   0   0   0 200]]",0.6778659820556641,0.010214805603027344
150,N_BaIoT,0,None,StandardScaler,RF,0.9074452042648284,-1,-1,98.12345679012346,91.55555555555556,1.0555555555555556,93.14929580064299,91.36079453450832,-1,"{'0Normal': {'precision': 0.9950248756218906, 'recall': 1.0, 'f1-score': 0.9975062344139651, 'support': 200.0}, 'ack': {'precision': 1.0, 'recall': 0.88, 'f1-score': 0.9361702127659575, 'support': 200.0}, 'combo': {'precision': 0.9520958083832335, 'recall': 0.795, 'f1-score': 0.8664850136239781, 'support': 200.0}, 'junk': {'precision': 0.8240343347639485, 'recall': 0.96, 'f1-score': 0.8868360277136259, 'support': 200.0}, 'scan': {'precision': 1.0, 'recall': 0.995, 'f1-score': 0.9974937343358395, 'support': 200.0}, 'syn': {'precision': 1.0, 'recall': 1.0, 'f1-score': 1.0, 'support': 200.0}, 'tcp': {'precision': 0.7194244604316546, 'recall': 1.0, 'f1-score': 0.8368200836820083, 'support': 200.0}, 'udp': {'precision': 1.0, 'recall': 0.61, 'f1-score': 0.7577639751552795, 'support': 200.0}, 'udpplain': {'precision': 0.8928571428571429, 'recall': 1.0, 'f1-score': 0.9433962264150945, 'support': 200.0}, 'accuracy': 0.9155555555555556, 'macro avg': {'precision': 0.93149295800643, 'recall': 0.9155555555555556, 'f1-score': 0.9136079453450832, 'support': 1800.0}, 'weighted avg': {'precision': 0.9314929580064301, 'recall': 0.9155555555555556, 'f1-score': 0.9136079453450833, 'support': 1800.0}}","[[200   0   0   0   0   0   0   0   0]
 [  0 176   0   0   0   0   0   0  24]
 [  0   0 159  41   0   0   0   0   0]
 [  1   0   7 192   0   0   0   0   0]
 [  0   0   1   0 199   0   0   0   0]
 [  0   0   0   0   0 200   0   0   0]
 [  0   0   0   0   0   0 200   0   0]
 [  0   0   0   0   0   0  78 122   0]
 [  0   0   0   0   0   0   0   0 200]]",0.10748744010925293,0.010257720947265625
151,N_BaIoT,0,None,StandardScaler,SGD,0.6435371554905583,-1,-1,92.58024691358024,66.61111111111111,4.173611111111112,63.98138862078749,61.085420659409465,-1,"{'0Normal': {'precision': 0.9753694581280788, 'recall': 0.99, 'f1-score': 0.9826302729528535, 'support': 200.0}, 'ack': {'precision': 0.6328502415458938, 'recall': 0.655, 'f1-score': 0.6437346437346438, 'support': 200.0}, 'combo': {'precision': 0.971830985915493, 'recall': 0.345, 'f1-score': 0.5092250922509225, 'support': 200.0}, 'junk': {'precision': 0.5870206489675516, 'recall': 0.995, 'f1-score': 0.7384044526901669, 'support': 200.0}, 'scan': {'precision': 0.41509433962264153, 'recall': 0.99, 'f1-score': 0.5849335302806499, 'support': 200.0}, 'syn': {'precision': 1.0, 'recall': 0.95, 'f1-score': 0.9743589743589743, 'support': 200.0}, 'tcp': {'precision': 0.0, 'recall': 0.0, 'f1-score': 0.0, 'support': 200.0}, 'udp': {'precision': 0.3974358974358974, 'recall': 0.155, 'f1-score': 0.22302158273381298, 'support': 200.0}, 'udpplain': {'precision': 0.7787234042553192, 'recall': 0.915, 'f1-score': 0.8413793103448276, 'support': 200.0}, 'accuracy': 0.6661111111111111, 'macro avg': {'precision': 0.6398138862078749, 'recall': 0.6661111111111111, 'f1-score': 0.6108542065940946, 'support': 1800.0}, 'weighted avg': {'precision': 0.6398138862078749, 'recall': 0.6661111111111111, 'f1-score': 0.6108542065940946, 'support': 1800.0}}","[[198   0   2   0   0   0   0   0   0]
 [  2 131   0   0   0   0   0  30  37]
 [  0   0  69 131   0   0   0   0   0]
 [  1   0   0 199   0   0   0   0   0]
 [  2   0   0   0 198   0   0   0   0]
 [  0   0   0   9   1 190   0   0   0]
 [  0   0   0   0 200   0   0   0   0]
 [  0  76   0   0  78   0   0  31  15]
 [  0   0   0   0   0   0   0  17 183]]",0.008577823638916016,0.0005409717559814453
152,N_BaIoT,0,None,StandardScaler,HHHv2,0.6128387319900797,-1,-1,92.08641975308642,61.94417082545027,4.451388888888888,64.38888888888889,60.803565499135544,-1,"{'0Normal': {'precision': 0.865, 'recall': 0.9719101123595506, 'f1-score': 0.9153439153439153, 'support': 178.0}, 'ack': {'precision': 0.305, 'recall': 0.6559139784946236, 'f1-score': 0.41638225255972694, 'support': 93.0}, 'combo': {'precision': 0.57, 'recall': 0.8444444444444444, 'f1-score': 0.6805970149253731, 'support': 135.0}, 'junk': {'precision': 0.945, 'recall': 0.6872727272727273, 'f1-score': 0.7957894736842104, 'support': 275.0}, 'scan': {'precision': 0.85, 'recall': 0.3794642857142857, 'f1-score': 0.5246913580246914, 'support': 448.0}, 'syn': {'precision': 0.985, 'recall': 0.8347457627118644, 'f1-score': 0.9036697247706421, 'support': 236.0}, 'tcp': {'precision': 0.0, 'recall': 0.0, 'f1-score': 0.0, 'support': 1.0}, 'udp': {'precision': 0.46, 'recall': 0.39826839826839827, 'f1-score': 0.42691415313225056, 'support': 231.0}, 'udpplain': {'precision': 0.815, 'recall': 0.8029556650246306, 'f1-score': 0.8089330024813896, 'support': 203.0}, 'accuracy': 0.6438888888888888, 'macro avg': {'precision': 0.6438888888888888, 'recall': 0.6194417082545027, 'f1-score': 0.6080356549913555, 'support': 1800.0}, 'weighted avg': {'precision': 0.7800694444444444, 'recall': 0.6438888888888888, 'f1-score': 0.6797421227864222, 'support': 1800.0}}","[[173   0   0   0   5   0   0   0   0]
 [  3  61   0   0   0   0   0  21   8]
 [  9   0 114  10   0   2   0   0   0]
 [  0   0  86 189   0   0   0   0   0]
 [  0   0   0   0 170   0 200  78   0]
 [ 12   1   0   1  24 197   0   1   0]
 [  1   0   0   0   0   0   0   0   0]
 [  0 109   0   0   0   1   0  92  29]
 [  2  29   0   0   1   0   0   8 163]]",0.09894943237304688,0.006250619888305664
153,N_BaIoT,0,None,StandardScaler,KNN,0.7645660569409092,-1,-1,95.0246913580247,77.61111111111111,2.798611111111111,74.31599244476261,74.1986485532516,-1,"{'0Normal': {'precision': 0.9852216748768473, 'recall': 1.0, 'f1-score': 0.9925558312655086, 'support': 200.0}, 'ack': {'precision': 0.7990196078431373, 'recall': 0.815, 'f1-score': 0.806930693069307, 'support': 200.0}, 'combo': {'precision': 0.9516129032258065, 'recall': 0.885, 'f1-score': 0.917098445595855, 'support': 200.0}, 'junk': {'precision': 0.8967136150234741, 'recall': 0.955, 'f1-score': 0.9249394673123487, 'support': 200.0}, 'scan': {'precision': 0.41350210970464135, 'recall': 0.98, 'f1-score': 0.5816023738872403, 'support': 200.0}, 'syn': {'precision': 0.9851485148514851, 'recall': 0.995, 'f1-score': 0.9900497512437811, 'support': 200.0}, 'tcp': {'precision': 0.0, 'recall': 0.0, 'f1-score': 0.0, 'support': 200.0}, 'udp': {'precision': 0.7413793103448276, 'recall': 0.43, 'f1-score': 0.5443037974683544, 'support': 200.0}, 'udpplain': {'precision': 0.9158415841584159, 'recall': 0.925, 'f1-score': 0.9203980099502487, 'support': 200.0}, 'accuracy': 0.7761111111111111, 'macro avg': {'precision': 0.7431599244476261, 'recall': 0.7761111111111112, 'f1-score': 0.741986485532516, 'support': 1800.0}, 'weighted avg': {'precision': 0.743159924447626, 'recall': 0.7761111111111111, 'f1-score': 0.741986485532516, 'support': 1800.0}}","[[200   0   0   0   0   0   0   0   0]
 [  0 163   0   0   0   0   0  24  13]
 [  0   0 177  22   0   1   0   0   0]
 [  1   0   8 191   0   0   0   0   0]
 [  2   0   0   0 196   2   0   0   0]
 [  0   0   1   0   0 199   0   0   0]
 [  0   0   0   0 200   0   0   0   0]
 [  0  32   0   0  78   0   0  86   4]
 [  0   9   0   0   0   0   0   6 185]]",0.0006477832794189453,0.015787839889526367
154,N_BaIoT,0,None,StandardScaler,LDA,0.7842813703277548,-1,-1,95.69135802469135,80.61111111111111,2.423611111111111,80.89400400029558,79.9059114327083,-1,"{'0Normal': {'precision': 0.9898477157360406, 'recall': 0.975, 'f1-score': 0.982367758186398, 'support': 200.0}, 'ack': {'precision': 0.7166666666666667, 'recall': 0.645, 'f1-score': 0.6789473684210525, 'support': 200.0}, 'combo': {'precision': 0.8467153284671532, 'recall': 0.58, 'f1-score': 0.688427299703264, 'support': 200.0}, 'junk': {'precision': 0.6818181818181818, 'recall': 0.9, 'f1-score': 0.7758620689655172, 'support': 200.0}, 'scan': {'precision': 0.955, 'recall': 0.955, 'f1-score': 0.955, 'support': 200.0}, 'syn': {'precision': 0.96, 'recall': 0.96, 'f1-score': 0.96, 'support': 200.0}, 'tcp': {'precision': 0.7092198581560284, 'recall': 1.0, 'f1-score': 0.8298755186721991, 'support': 200.0}, 'udp': {'precision': 0.5328947368421053, 'recall': 0.405, 'f1-score': 0.4602272727272727, 'support': 200.0}, 'udpplain': {'precision': 0.8882978723404256, 'recall': 0.835, 'f1-score': 0.8608247422680413, 'support': 200.0}, 'accuracy': 0.8061111111111111, 'macro avg': {'precision': 0.8089400400029558, 'recall': 0.8061111111111111, 'f1-score': 0.7990591143270829, 'support': 1800.0}, 'weighted avg': {'precision': 0.8089400400029557, 'recall': 0.8061111111111111, 'f1-score': 0.7990591143270829, 'support': 1800.0}}","[[195   1   0   1   0   2   0   1   0]
 [  0 129   0   0   3   1   0  51  16]
 [  0   0 116  83   0   1   0   0   0]
 [  0   1  19 180   0   0   0   0   0]
 [  2   0   0   0 191   3   4   0   0]
 [  0   0   2   0   6 192   0   0   0]
 [  0   0   0   0   0   0 200   0   0]
 [  0  35   0   0   0   1  78  81   5]
 [  0  14   0   0   0   0   0  19 167]]",0.05151510238647461,0.00042891502380371094
155,N_BaIoT,0,None,StandardScaler,MLP,0.7905942557960575,-1,-1,95.50617283950618,79.77777777777777,2.5277777777777777,78.16031468157331,76.72715368391871,-1,"{'0Normal': {'precision': 0.9754901960784313, 'recall': 0.995, 'f1-score': 0.9851485148514851, 'support': 200.0}, 'ack': {'precision': 0.9695431472081218, 'recall': 0.955, 'f1-score': 0.9622166246851385, 'support': 200.0}, 'combo': {'precision': 1.0, 'recall': 0.7, 'f1-score': 0.8235294117647058, 'support': 200.0}, 'junk': {'precision': 0.7683397683397684, 'recall': 0.995, 'f1-score': 0.8671023965141612, 'support': 200.0}, 'scan': {'precision': 0.41422594142259417, 'recall': 0.99, 'f1-score': 0.584070796460177, 'support': 200.0}, 'syn': {'precision': 1.0, 'recall': 0.995, 'f1-score': 0.9974937343358395, 'support': 200.0}, 'tcp': {'precision': 0.0, 'recall': 0.0, 'f1-score': 0.0, 'support': 200.0}, 'udp': {'precision': 0.926829268292683, 'recall': 0.57, 'f1-score': 0.7058823529411765, 'support': 200.0}, 'udpplain': {'precision': 0.98, 'recall': 0.98, 'f1-score': 0.98, 'support': 200.0}, 'accuracy': 0.7977777777777778, 'macro avg': {'precision': 0.7816031468157332, 'recall': 0.7977777777777777, 'f1-score': 0.7672715368391871, 'support': 1800.0}, 'weighted avg': {'precision': 0.7816031468157332, 'recall': 0.7977777777777778, 'f1-score': 0.7672715368391871, 'support': 1800.0}}","[[199   0   0   0   0   0   0   1   0]
 [  3 191   0   0   1   0   0   4   1]
 [  0   0 140  60   0   0   0   0   0]
 [  1   0   0 199   0   0   0   0   0]
 [  1   0   0   0 198   0   0   0   1]
 [  0   0   0   0   1 199   0   0   0]
 [  0   0   0   0 200   0   0   0   0]
 [  0   6   0   0  78   0   0 114   2]
 [  0   0   0   0   0   0   0   4 196]]",2.021658420562744,0.0009202957153320312
156,N_BaIoT,0,None,StandardScaler,LGBM,0.405546542679742,-1,-1,87.32098765432099,42.944444444444436,7.131944444444445,66.61865525360749,40.2485782932957,-1,"{'0Normal': {'precision': 0.9895833333333334, 'recall': 0.95, 'f1-score': 0.9693877551020408, 'support': 200.0}, 'ack': {'precision': 0.8865979381443299, 'recall': 0.43, 'f1-score': 0.5791245791245792, 'support': 200.0}, 'combo': {'precision': 0.8736842105263158, 'recall': 0.415, 'f1-score': 0.5627118644067797, 'support': 200.0}, 'junk': {'precision': 1.0, 'recall': 0.025, 'f1-score': 0.04878048780487806, 'support': 200.0}, 'scan': {'precision': 0.944, 'recall': 0.59, 'f1-score': 0.7261538461538461, 'support': 200.0}, 'syn': {'precision': 0.2645631067961165, 'recall': 0.545, 'f1-score': 0.3562091503267974, 'support': 200.0}, 'tcp': {'precision': 0.0, 'recall': 0.0, 'f1-score': 0.0, 'support': 200.0}, 'udp': {'precision': 0.8333333333333334, 'recall': 0.025, 'f1-score': 0.04854368932038835, 'support': 200.0}, 'udpplain': {'precision': 0.20391705069124424, 'recall': 0.885, 'f1-score': 0.3314606741573034, 'support': 200.0}, 'accuracy': 0.42944444444444446, 'macro avg': {'precision': 0.6661865525360748, 'recall': 0.42944444444444435, 'f1-score': 0.402485782932957, 'support': 1800.0}, 'weighted avg': {'precision': 0.6661865525360748, 'recall': 0.42944444444444446, 'f1-score': 0.402485782932957, 'support': 1800.0}}","[[190   0   2   0   7   1   0   0   0]
 [  0  86   0   0   0   1   0   0 113]
 [  0   0  83   0   0   2   0   0 115]
 [  0   0   4   5   0   2   0   0 189]
 [  2   0   5   0 118   3   0   1  71]
 [  0   0   0   0   0 109   0   0  91]
 [  0   0   0   0   0 200   0   0   0]
 [  0   0   0   0   0  83   0   5 112]
 [  0  11   1   0   0  11   0   0 177]]",1.2521848678588867,0.008667707443237305
157,N_BaIoT,0,None,StandardScaler,RF,0.9925344636005452,-1,-1,99.85185185185185,99.33333333333336,0.08333333333333334,99.35978835978835,99.3329858939615,-1,"{'0Normal': {'precision': 1.0, 'recall': 1.0, 'f1-score': 1.0, 'support': 200.0}, 'ack': {'precision': 1.0, 'recall': 1.0, 'f1-score': 1.0, 'support': 200.0}, 'combo': {'precision': 0.995, 'recall': 0.995, 'f1-score': 0.995, 'support': 200.0}, 'junk': {'precision': 0.995, 'recall': 0.995, 'f1-score': 0.995, 'support': 200.0}, 'scan': {'precision': 1.0, 'recall': 1.0, 'f1-score': 1.0, 'support': 200.0}, 'syn': {'precision': 1.0, 'recall': 1.0, 'f1-score': 1.0, 'support': 200.0}, 'tcp': {'precision': 1.0, 'recall': 0.95, 'f1-score': 0.9743589743589743, 'support': 200.0}, 'udp': {'precision': 0.9523809523809523, 'recall': 1.0, 'f1-score': 0.975609756097561, 'support': 200.0}, 'udpplain': {'precision': 1.0, 'recall': 1.0, 'f1-score': 1.0, 'support': 200.0}, 'accuracy': 0.9933333333333333, 'macro avg': {'precision': 0.9935978835978836, 'recall': 0.9933333333333335, 'f1-score': 0.993329858939615, 'support': 1800.0}, 'weighted avg': {'precision': 0.9935978835978836, 'recall': 0.9933333333333333, 'f1-score': 0.993329858939615, 'support': 1800.0}}","[[200   0   0   0   0   0   0   0   0]
 [  0 200   0   0   0   0   0   0   0]
 [  0   0 199   1   0   0   0   0   0]
 [  0   0   1 199   0   0   0   0   0]
 [  0   0   0   0 200   0   0   0   0]
 [  0   0   0   0   0 200   0   0   0]
 [  0   0   0   0   0   0 190  10   0]
 [  0   0   0   0   0   0   0 200   0]
 [  0   0   0   0   0   0   0   0 200]]",0.5528006553649902,0.010752677917480469
158,N_BaIoT,0,None,StandardScaler,SGD,0.7217557986477701,-1,-1,94.1604938271605,73.72222222222223,3.2847222222222223,71.89268224492099,69.58902821105278,-1,"{'0Normal': {'precision': 0.9847715736040609, 'recall': 0.97, 'f1-score': 0.9773299748110831, 'support': 200.0}, 'ack': {'precision': 0.8403755868544601, 'recall': 0.895, 'f1-score': 0.8668280871670703, 'support': 200.0}, 'combo': {'precision': 0.7209302325581395, 'recall': 0.775, 'f1-score': 0.7469879518072289, 'support': 200.0}, 'junk': {'precision': 0.7315789473684211, 'recall': 0.695, 'f1-score': 0.7128205128205127, 'support': 200.0}, 'scan': {'precision': 0.41509433962264153, 'recall': 0.99, 'f1-score': 0.5849335302806499, 'support': 200.0}, 'syn': {'precision': 1.0, 'recall': 0.995, 'f1-score': 0.9974937343358395, 'support': 200.0}, 'tcp': {'precision': 0.0, 'recall': 0.0, 'f1-score': 0.0, 'support': 200.0}, 'udp': {'precision': 0.9545454545454546, 'recall': 0.315, 'f1-score': 0.4736842105263159, 'support': 200.0}, 'udpplain': {'precision': 0.823045267489712, 'recall': 1.0, 'f1-score': 0.9029345372460497, 'support': 200.0}, 'accuracy': 0.7372222222222222, 'macro avg': {'precision': 0.7189268224492099, 'recall': 0.7372222222222222, 'f1-score': 0.6958902821105277, 'support': 1800.0}, 'weighted avg': {'precision': 0.71892682244921, 'recall': 0.7372222222222222, 'f1-score': 0.6958902821105277, 'support': 1800.0}}","[[194   0   0   6   0   0   0   0   0]
 [  0 179   0   0   0   0   0   3  18]
 [  0   0 155  45   0   0   0   0   0]
 [  1   0  60 139   0   0   0   0   0]
 [  2   0   0   0 198   0   0   0   0]
 [  0   0   0   0   1 199   0   0   0]
 [  0   0   0   0 200   0   0   0   0]
 [  0  34   0   0  78   0   0  63  25]
 [  0   0   0   0   0   0   0   0 200]]",0.12556672096252441,0.0005495548248291016
159,N_BaIoT,0,rbf,StandardScaler,HHHv2,0.8288264704776197,-1,-1,96.27160493827161,81.0754711059307,2.0972222222222223,83.22222222222223,80.35354261743728,-1,"{'0Normal': {'precision': 0.995, 'recall': 0.9851485148514851, 'f1-score': 0.9900497512437811, 'support': 202.0}, 'ack': {'precision': 0.98, 'recall': 1.0, 'f1-score': 0.98989898989899, 'support': 196.0}, 'combo': {'precision': 0.965, 'recall': 0.9747474747474747, 'f1-score': 0.9698492462311558, 'support': 198.0}, 'junk': {'precision': 0.99, 'recall': 0.9519230769230769, 'f1-score': 0.9705882352941176, 'support': 208.0}, 'scan': {'precision': 0.975, 'recall': 0.41139240506329117, 'f1-score': 0.5786350148367952, 'support': 474.0}, 'syn': {'precision': 1.0, 'recall': 0.9950248756218906, 'f1-score': 0.9975062344139651, 'support': 201.0}, 'tcp': {'precision': 0.0, 'recall': 0.0, 'f1-score': 0.0, 'support': 1.0}, 'udp': {'precision': 0.6, 'recall': 0.9836065573770492, 'f1-score': 0.7453416149068324, 'support': 122.0}, 'udpplain': {'precision': 0.985, 'recall': 0.9949494949494949, 'f1-score': 0.9899497487437187, 'support': 198.0}, 'accuracy': 0.8322222222222222, 'macro avg': {'precision': 0.8322222222222223, 'recall': 0.810754711059307, 'f1-score': 0.8035354261743729, 'support': 1800.0}, 'weighted avg': {'precision': 0.9563555555555555, 'recall': 0.8322222222222222, 'f1-score': 0.8609090182700717, 'support': 1800.0}}","[[199   0   0   1   2   0   0   0   0]
 [  0 196   0   0   0   0   0   0   0]
 [  1   2 193   1   0   0   0   1   0]
 [  0   0   7 198   3   0   0   0   0]
 [  0   0   0   0 195   0 200  78   1]
 [  0   0   0   0   0 200   0   0   1]
 [  0   0   0   0   0   0   0   1   0]
 [  0   1   0   0   0   0   0 120   1]
 [  0   1   0   0   0   0   0   0 197]]",81.17959427833557,0.06640815734863281
160,N_BaIoT,0,None,StandardScaler,KNN,0.7613839778434961,-1,-1,94.96296296296296,77.33333333333333,2.833333333333333,73.84036463741282,73.89657549054772,-1,"{'0Normal': {'precision': 0.9852216748768473, 'recall': 1.0, 'f1-score': 0.9925558312655086, 'support': 200.0}, 'ack': {'precision': 0.8144329896907216, 'recall': 0.79, 'f1-score': 0.802030456852792, 'support': 200.0}, 'combo': {'precision': 0.93048128342246, 'recall': 0.87, 'f1-score': 0.8992248062015504, 'support': 200.0}, 'junk': {'precision': 0.8904761904761904, 'recall': 0.935, 'f1-score': 0.9121951219512194, 'support': 200.0}, 'scan': {'precision': 0.41596638655462187, 'recall': 0.99, 'f1-score': 0.5857988165680473, 'support': 200.0}, 'syn': {'precision': 0.9851485148514851, 'recall': 0.995, 'f1-score': 0.9900497512437811, 'support': 200.0}, 'tcp': {'precision': 0.0, 'recall': 0.0, 'f1-score': 0.0, 'support': 200.0}, 'udp': {'precision': 0.6967213114754098, 'recall': 0.425, 'f1-score': 0.5279503105590062, 'support': 200.0}, 'udpplain': {'precision': 0.9271844660194175, 'recall': 0.955, 'f1-score': 0.9408866995073892, 'support': 200.0}, 'accuracy': 0.7733333333333333, 'macro avg': {'precision': 0.7384036463741281, 'recall': 0.7733333333333333, 'f1-score': 0.7389657549054771, 'support': 1800.0}, 'weighted avg': {'precision': 0.7384036463741281, 'recall': 0.7733333333333333, 'f1-score': 0.7389657549054771, 'support': 1800.0}}","[[200   0   0   0   0   0   0   0   0]
 [  0 158   0   0   0   0   0  30  12]
 [  0   0 174  23   0   3   0   0   0]
 [  1   0  12 187   0   0   0   0   0]
 [  2   0   0   0 198   0   0   0   0]
 [  0   0   1   0   0 199   0   0   0]
 [  0   0   0   0 200   0   0   0   0]
 [  0  34   0   0  78   0   0  85   3]
 [  0   2   0   0   0   0   0   7 191]]",0.0006470680236816406,0.016835689544677734
161,N_BaIoT,0,None,StandardScaler,LDA,0.7818567186098089,-1,-1,95.64197530864197,80.38888888888889,2.4513888888888893,80.8562629411293,79.75137113103224,-1,"{'0Normal': {'precision': 0.9898477157360406, 'recall': 0.975, 'f1-score': 0.982367758186398, 'support': 200.0}, 'ack': {'precision': 0.7096774193548387, 'recall': 0.66, 'f1-score': 0.683937823834197, 'support': 200.0}, 'combo': {'precision': 0.8394160583941606, 'recall': 0.575, 'f1-score': 0.6824925816023738, 'support': 200.0}, 'junk': {'precision': 0.6791044776119403, 'recall': 0.91, 'f1-score': 0.7777777777777778, 'support': 200.0}, 'scan': {'precision': 0.9507389162561576, 'recall': 0.965, 'f1-score': 0.9578163771712158, 'support': 200.0}, 'syn': {'precision': 0.9792746113989638, 'recall': 0.945, 'f1-score': 0.9618320610687023, 'support': 200.0}, 'tcp': {'precision': 0.7067137809187279, 'recall': 1.0, 'f1-score': 0.8281573498964803, 'support': 200.0}, 'udp': {'precision': 0.5290322580645161, 'recall': 0.41, 'f1-score': 0.4619718309859155, 'support': 200.0}, 'udpplain': {'precision': 0.8932584269662921, 'recall': 0.795, 'f1-score': 0.8412698412698412, 'support': 200.0}, 'accuracy': 0.8038888888888889, 'macro avg': {'precision': 0.808562629411293, 'recall': 0.8038888888888889, 'f1-score': 0.7975137113103224, 'support': 1800.0}, 'weighted avg': {'precision': 0.8085626294112932, 'recall': 0.8038888888888889, 'f1-score': 0.7975137113103224, 'support': 1800.0}}","[[195   0   0   2   0   3   0   0   0]
 [  0 132   0   0   4   0   0  50  14]
 [  0   0 115  84   0   1   0   0   0]
 [  0   1  17 182   0   0   0   0   0]
 [  2   0   0   0 193   0   5   0   0]
 [  0   0   5   0   6 189   0   0   0]
 [  0   0   0   0   0   0 200   0   0]
 [  0  35   0   0   0   0  78  82   5]
 [  0  18   0   0   0   0   0  23 159]]",0.015647411346435547,0.00046706199645996094
162,N_BaIoT,0,None,StandardScaler,MLP,0.7729786676181933,-1,-1,95.18518518518519,78.33333333333333,2.7083333333333335,75.9293074435045,75.4440437653543,-1,"{'0Normal': {'precision': 0.9851485148514851, 'recall': 0.995, 'f1-score': 0.9900497512437811, 'support': 200.0}, 'ack': {'precision': 0.9824561403508771, 'recall': 0.84, 'f1-score': 0.9056603773584906, 'support': 200.0}, 'combo': {'precision': 0.9192546583850931, 'recall': 0.74, 'f1-score': 0.8199445983379501, 'support': 200.0}, 'junk': {'precision': 0.7815126050420168, 'recall': 0.93, 'f1-score': 0.8493150684931506, 'support': 200.0}, 'scan': {'precision': 0.41422594142259417, 'recall': 0.99, 'f1-score': 0.584070796460177, 'support': 200.0}, 'syn': {'precision': 1.0, 'recall': 0.995, 'f1-score': 0.9974937343358395, 'support': 200.0}, 'tcp': {'precision': 0.0, 'recall': 0.0, 'f1-score': 0.0, 'support': 200.0}, 'udp': {'precision': 0.7712418300653595, 'recall': 0.59, 'f1-score': 0.6685552407932012, 'support': 200.0}, 'udpplain': {'precision': 0.9797979797979798, 'recall': 0.97, 'f1-score': 0.9748743718592964, 'support': 200.0}, 'accuracy': 0.7833333333333333, 'macro avg': {'precision': 0.759293074435045, 'recall': 0.7833333333333333, 'f1-score': 0.754440437653543, 'support': 1800.0}, 'weighted avg': {'precision': 0.7592930744350451, 'recall': 0.7833333333333333, 'f1-score': 0.7544404376535429, 'support': 1800.0}}","[[199   0   0   0   0   0   0   1   0]
 [  2 168   0   0   1   0   0  28   1]
 [  0   0 148  52   0   0   0   0   0]
 [  0   1  13 186   0   0   0   0   0]
 [  1   0   0   0 198   0   0   0   1]
 [  0   0   0   0   1 199   0   0   0]
 [  0   0   0   0 200   0   0   0   0]
 [  0   2   0   0  78   0   0 118   2]
 [  0   0   0   0   0   0   0   6 194]]",1.8835699558258057,0.0009875297546386719
163,N_BaIoT,0,None,StandardScaler,LGBM,0.41633301011184065,-1,-1,88.27160493827161,47.22222222222222,6.597222222222222,44.36093329757553,43.5722601756155,-1,"{'0Normal': {'precision': 0.2962962962962963, 'recall': 0.6, 'f1-score': 0.396694214876033, 'support': 200.0}, 'ack': {'precision': 0.09352517985611511, 'recall': 0.065, 'f1-score': 0.07669616519174041, 'support': 200.0}, 'combo': {'precision': 0.330188679245283, 'recall': 0.175, 'f1-score': 0.22875816993464052, 'support': 200.0}, 'junk': {'precision': 0.5051546391752577, 'recall': 0.98, 'f1-score': 0.6666666666666666, 'support': 200.0}, 'scan': {'precision': 1.0, 'recall': 0.63, 'f1-score': 0.7730061349693252, 'support': 200.0}, 'syn': {'precision': 0.9797979797979798, 'recall': 0.97, 'f1-score': 0.9748743718592964, 'support': 200.0}, 'tcp': {'precision': 0.0, 'recall': 0.0, 'f1-score': 0.0, 'support': 200.0}, 'udp': {'precision': 0.28225806451612906, 'recall': 0.35, 'f1-score': 0.3125, 'support': 200.0}, 'udpplain': {'precision': 0.5052631578947369, 'recall': 0.48, 'f1-score': 0.4923076923076923, 'support': 200.0}, 'accuracy': 0.4722222222222222, 'macro avg': {'precision': 0.4436093329757553, 'recall': 0.4722222222222222, 'f1-score': 0.43572260175615496, 'support': 1800.0}, 'weighted avg': {'precision': 0.44360933297575533, 'recall': 0.4722222222222222, 'f1-score': 0.4357226017561549, 'support': 1800.0}}","[[120  50   3  15   0   0   0  12   0]
 [  3  13  34  13   0   0   0  78  59]
 [  0   0  35 159   0   1   0   0   5]
 [  0   1   2 196   0   0   0   0   1]
 [  1  40   0   0 126   3   0  28   2]
 [  3   0   0   0   0 194   0   3   0]
 [200   0   0   0   0   0   0   0   0]
 [ 78   2  23   0   0   0   0  70  27]
 [  0  33   9   5   0   0   0  57  96]]",1.4046986103057861,0.008167743682861328
164,N_BaIoT,0,None,StandardScaler,RF,0.9169863713447002,-1,-1,98.24691358024691,92.1111111111111,0.986111111111111,95.09887116456157,91.1700363543416,-1,"{'0Normal': {'precision': 1.0, 'recall': 1.0, 'f1-score': 1.0, 'support': 200.0}, 'ack': {'precision': 1.0, 'recall': 1.0, 'f1-score': 1.0, 'support': 200.0}, 'combo': {'precision': 0.9752475247524752, 'recall': 0.985, 'f1-score': 0.9800995024875623, 'support': 200.0}, 'junk': {'precision': 0.9848484848484849, 'recall': 0.975, 'f1-score': 0.9798994974874371, 'support': 200.0}, 'scan': {'precision': 1.0, 'recall': 1.0, 'f1-score': 1.0, 'support': 200.0}, 'syn': {'precision': 1.0, 'recall': 1.0, 'f1-score': 1.0, 'support': 200.0}, 'tcp': {'precision': 1.0, 'recall': 0.33, 'f1-score': 0.49624060150375937, 'support': 200.0}, 'udp': {'precision': 0.5988023952095808, 'recall': 1.0, 'f1-score': 0.7490636704119851, 'support': 200.0}, 'udpplain': {'precision': 1.0, 'recall': 1.0, 'f1-score': 1.0, 'support': 200.0}, 'accuracy': 0.9211111111111111, 'macro avg': {'precision': 0.9509887116456157, 'recall': 0.921111111111111, 'f1-score': 0.911700363543416, 'support': 1800.0}, 'weighted avg': {'precision': 0.9509887116456156, 'recall': 0.9211111111111111, 'f1-score': 0.9117003635434159, 'support': 1800.0}}","[[200   0   0   0   0   0   0   0   0]
 [  0 200   0   0   0   0   0   0   0]
 [  0   0 197   3   0   0   0   0   0]
 [  0   0   5 195   0   0   0   0   0]
 [  0   0   0   0 200   0   0   0   0]
 [  0   0   0   0   0 200   0   0   0]
 [  0   0   0   0   0   0  66 134   0]
 [  0   0   0   0   0   0   0 200   0]
 [  0   0   0   0   0   0   0   0 200]]",0.506589412689209,0.010890960693359375
165,N_BaIoT,0,None,StandardScaler,SGD,0.6921713252691264,-1,-1,93.61728395061728,71.27777777777777,3.5902777777777777,68.28020694472188,67.6352290469365,-1,"{'0Normal': {'precision': 0.9847715736040609, 'recall': 0.97, 'f1-score': 0.9773299748110831, 'support': 200.0}, 'ack': {'precision': 0.7540983606557377, 'recall': 0.92, 'f1-score': 0.8288288288288288, 'support': 200.0}, 'combo': {'precision': 0.6884422110552764, 'recall': 0.685, 'f1-score': 0.6867167919799498, 'support': 200.0}, 'junk': {'precision': 0.6941747572815534, 'recall': 0.715, 'f1-score': 0.7044334975369458, 'support': 200.0}, 'scan': {'precision': 0.4051172707889126, 'recall': 0.95, 'f1-score': 0.5680119581464873, 'support': 200.0}, 'syn': {'precision': 0.961352657004831, 'recall': 0.995, 'f1-score': 0.977886977886978, 'support': 200.0}, 'tcp': {'precision': 0.0, 'recall': 0.0, 'f1-score': 0.0, 'support': 200.0}, 'udp': {'precision': 0.7659574468085106, 'recall': 0.36, 'f1-score': 0.4897959183673468, 'support': 200.0}, 'udpplain': {'precision': 0.8913043478260869, 'recall': 0.82, 'f1-score': 0.8541666666666666, 'support': 200.0}, 'accuracy': 0.7127777777777777, 'macro avg': {'precision': 0.6828020694472188, 'recall': 0.7127777777777777, 'f1-score': 0.6763522904693651, 'support': 1800.0}, 'weighted avg': {'precision': 0.6828020694472189, 'recall': 0.7127777777777777, 'f1-score': 0.6763522904693652, 'support': 1800.0}}","[[194   0   6   0   0   0   0   0   0]
 [  0 184   0   0   0   0   0   9   7]
 [  0   0 137  63   0   0   0   0   0]
 [  1   0  56 143   0   0   0   0   0]
 [  2   0   0   0 190   8   0   0   0]
 [  0   0   0   0   1 199   0   0   0]
 [  0   0   0   0 200   0   0   0   0]
 [  0  37   0   0  78   0   0  72  13]
 [  0  23   0   0   0   0   0  13 164]]",0.09071803092956543,0.0005047321319580078
166,N_BaIoT,0,poly,StandardScaler,HHHv2,0.8241449340957213,-1,-1,96.18518518518519,80.82284616719599,2.1458333333333335,82.83333333333334,80.06064989763266,-1,"{'0Normal': {'precision': 0.95, 'recall': 0.9895833333333334, 'f1-score': 0.9693877551020408, 'support': 192.0}, 'ack': {'precision': 0.98, 'recall': 0.9949238578680203, 'f1-score': 0.9874055415617129, 'support': 197.0}, 'combo': {'precision': 0.97, 'recall': 0.9651741293532339, 'f1-score': 0.9675810473815462, 'support': 201.0}, 'junk': {'precision': 0.995, 'recall': 0.9521531100478469, 'f1-score': 0.9731051344743276, 'support': 209.0}, 'scan': {'precision': 0.975, 'recall': 0.41139240506329117, 'f1-score': 0.5786350148367952, 'support': 474.0}, 'syn': {'precision': 1.0, 'recall': 0.9900990099009901, 'f1-score': 0.9950248756218906, 'support': 202.0}, 'tcp': {'precision': 0.0, 'recall': 0.0, 'f1-score': 0.0, 'support': 4.0}, 'udp': {'precision': 0.605, 'recall': 0.9758064516129032, 'f1-score': 0.7469135802469136, 'support': 124.0}, 'udpplain': {'precision': 0.98, 'recall': 0.9949238578680203, 'f1-score': 0.9874055415617129, 'support': 197.0}, 'accuracy': 0.8283333333333334, 'macro avg': {'precision': 0.8283333333333334, 'recall': 0.8082284616719599, 'f1-score': 0.8006064989763266, 'support': 1800.0}, 'weighted avg': {'precision': 0.9503416666666665, 'recall': 0.8283333333333334, 'f1-score': 0.8560601676903401, 'support': 1800.0}}","[[190   0   0   1   1   0   0   0   0]
 [  1 196   0   0   0   0   0   0   0]
 [  1   4 194   0   0   0   0   0   2]
 [  0   0   6 199   4   0   0   0   0]
 [  1   0   0   0 195   0 200  78   0]
 [  2   0   0   0   0 200   0   0   0]
 [  3   0   0   0   0   0   0   1   0]
 [  1   0   0   0   0   0   0 121   2]
 [  1   0   0   0   0   0   0   0 196]]",65.32706594467163,0.08745861053466797
167,N_BaIoT,0,None,StandardScaler,KNN,0.636017779015373,-1,-1,92.58024691358024,66.61111111111111,4.173611111111112,62.346095509512935,63.257166276820385,-1,"{'0Normal': {'precision': 0.9803921568627451, 'recall': 1.0, 'f1-score': 0.99009900990099, 'support': 200.0}, 'ack': {'precision': 0.6571428571428571, 'recall': 0.46, 'f1-score': 0.5411764705882354, 'support': 200.0}, 'combo': {'precision': 0.7587939698492462, 'recall': 0.755, 'f1-score': 0.7568922305764411, 'support': 200.0}, 'junk': {'precision': 0.7453703703703703, 'recall': 0.805, 'f1-score': 0.7740384615384616, 'support': 200.0}, 'scan': {'precision': 0.36054421768707484, 'recall': 0.795, 'f1-score': 0.4960998439937598, 'support': 200.0}, 'syn': {'precision': 0.8227272727272728, 'recall': 0.905, 'f1-score': 0.861904761904762, 'support': 200.0}, 'tcp': {'precision': 0.0, 'recall': 0.0, 'f1-score': 0.0, 'support': 200.0}, 'udp': {'precision': 0.4716981132075472, 'recall': 0.375, 'f1-score': 0.41782729805013924, 'support': 200.0}, 'udpplain': {'precision': 0.8144796380090498, 'recall': 0.9, 'f1-score': 0.8551068883610451, 'support': 200.0}, 'accuracy': 0.6661111111111111, 'macro avg': {'precision': 0.6234609550951293, 'recall': 0.6661111111111112, 'f1-score': 0.6325716627682039, 'support': 1800.0}, 'weighted avg': {'precision': 0.6234609550951293, 'recall': 0.6661111111111111, 'f1-score': 0.6325716627682038, 'support': 1800.0}}","[[200   0   0   0   0   0   0   0   0]
 [  1  92   0   0   1   0   0  76  30]
 [  0   0 151  49   0   0   0   0   0]
 [  1   0  38 161   0   0   0   0   0]
 [  2   0   0   0 159  39   0   0   0]
 [  0   0  10   6   3 181   0   0   0]
 [  0   0   0   0 200   0   0   0   0]
 [  0  36   0   0  78   0   0  75  11]
 [  0  12   0   0   0   0   0   8 180]]",0.0003497600555419922,0.0035092830657958984
168,N_BaIoT,0,None,StandardScaler,LDA,0.7164554035133777,-1,-1,94.32098765432099,74.44444444444444,3.194444444444444,76.8530408493792,74.19602998768809,-1,"{'0Normal': {'precision': 0.9720670391061452, 'recall': 0.87, 'f1-score': 0.9182058047493404, 'support': 200.0}, 'ack': {'precision': 0.6060606060606061, 'recall': 0.4, 'f1-score': 0.4819277108433735, 'support': 200.0}, 'combo': {'precision': 0.8115942028985508, 'recall': 0.56, 'f1-score': 0.6627218934911243, 'support': 200.0}, 'junk': {'precision': 0.6703296703296703, 'recall': 0.915, 'f1-score': 0.7737843551797041, 'support': 200.0}, 'scan': {'precision': 0.9698795180722891, 'recall': 0.805, 'f1-score': 0.8797814207650274, 'support': 200.0}, 'syn': {'precision': 0.9038461538461539, 'recall': 0.94, 'f1-score': 0.9215686274509804, 'support': 200.0}, 'tcp': {'precision': 0.6389776357827476, 'recall': 1.0, 'f1-score': 0.7797270955165693, 'support': 200.0}, 'udp': {'precision': 0.4219409282700422, 'recall': 0.5, 'f1-score': 0.4576659038901602, 'support': 200.0}, 'udpplain': {'precision': 0.922077922077922, 'recall': 0.71, 'f1-score': 0.8022598870056497, 'support': 200.0}, 'accuracy': 0.7444444444444445, 'macro avg': {'precision': 0.768530408493792, 'recall': 0.7444444444444445, 'f1-score': 0.741960299876881, 'support': 1800.0}, 'weighted avg': {'precision': 0.7685304084937918, 'recall': 0.7444444444444445, 'f1-score': 0.741960299876881, 'support': 1800.0}}","[[174   2   1   2   0  19   0   2   0]
 [  0  80   0   0   3   0   0 107  10]
 [  0   0 112  88   0   0   0   0   0]
 [  0   0  16 183   0   0   0   1   0]
 [  5   0   0   0 161   0  34   0   0]
 [  0   0   9   0   2 188   1   0   0]
 [  0   0   0   0   0   0 200   0   0]
 [  0  19   0   0   0   1  78 100   2]
 [  0  31   0   0   0   0   0  27 142]]",0.003724813461303711,0.0002846717834472656
169,N_BaIoT,0,None,StandardScaler,MLP,0.646174654406472,-1,-1,92.75308641975309,67.38888888888889,4.076388888888889,64.36710986416807,64.05437245464725,-1,"{'0Normal': {'precision': 0.9852216748768473, 'recall': 1.0, 'f1-score': 0.9925558312655086, 'support': 200.0}, 'ack': {'precision': 0.7889908256880734, 'recall': 0.43, 'f1-score': 0.5566343042071198, 'support': 200.0}, 'combo': {'precision': 0.7654320987654321, 'recall': 0.62, 'f1-score': 0.6850828729281768, 'support': 200.0}, 'junk': {'precision': 0.6814516129032258, 'recall': 0.845, 'f1-score': 0.7544642857142857, 'support': 200.0}, 'scan': {'precision': 0.38137472283813745, 'recall': 0.86, 'f1-score': 0.5284178187403994, 'support': 200.0}, 'syn': {'precision': 0.8785046728971962, 'recall': 0.94, 'f1-score': 0.9082125603864735, 'support': 200.0}, 'tcp': {'precision': 0.0, 'recall': 0.0, 'f1-score': 0.0, 'support': 200.0}, 'udp': {'precision': 0.48717948717948717, 'recall': 0.475, 'f1-score': 0.4810126582278481, 'support': 200.0}, 'udpplain': {'precision': 0.8248847926267281, 'recall': 0.895, 'f1-score': 0.8585131894484412, 'support': 200.0}, 'accuracy': 0.6738888888888889, 'macro avg': {'precision': 0.6436710986416807, 'recall': 0.6738888888888889, 'f1-score': 0.6405437245464726, 'support': 1800.0}, 'weighted avg': {'precision': 0.6436710986416809, 'recall': 0.6738888888888889, 'f1-score': 0.6405437245464725, 'support': 1800.0}}","[[200   0   0   0   0   0   0   0   0]
 [  0  86   0   0   0   0   1  85  28]
 [  0   0 124  76   0   0   0   0   0]
 [  1   0  30 169   0   0   0   0   0]
 [  2   0   0   0 172  26   0   0   0]
 [  0   0   8   3   1 188   0   0   0]
 [  0   0   0   0 200   0   0   0   0]
 [  0  17   0   0  78   0   0  95  10]
 [  0   6   0   0   0   0   0  15 179]]",0.1884932518005371,0.000850677490234375
170,N_BaIoT,0,None,StandardScaler,LGBM,0.9937562109957282,-1,-1,99.87654320987654,99.44444444444443,0.06944444444444445,99.44926561005829,99.44439930110633,-1,"{'0Normal': {'precision': 1.0, 'recall': 0.995, 'f1-score': 0.9974937343358395, 'support': 200.0}, 'ack': {'precision': 1.0, 'recall': 1.0, 'f1-score': 1.0, 'support': 200.0}, 'combo': {'precision': 0.9897959183673469, 'recall': 0.97, 'f1-score': 0.9797979797979798, 'support': 200.0}, 'junk': {'precision': 0.9705882352941176, 'recall': 0.99, 'f1-score': 0.9801980198019802, 'support': 200.0}, 'scan': {'precision': 0.9950248756218906, 'recall': 1.0, 'f1-score': 0.9975062344139651, 'support': 200.0}, 'syn': {'precision': 1.0, 'recall': 0.995, 'f1-score': 0.9974937343358395, 'support': 200.0}, 'tcp': {'precision': 1.0, 'recall': 1.0, 'f1-score': 1.0, 'support': 200.0}, 'udp': {'precision': 0.9950248756218906, 'recall': 1.0, 'f1-score': 0.9975062344139651, 'support': 200.0}, 'udpplain': {'precision': 1.0, 'recall': 1.0, 'f1-score': 1.0, 'support': 200.0}, 'accuracy': 0.9944444444444445, 'macro avg': {'precision': 0.9944926561005829, 'recall': 0.9944444444444444, 'f1-score': 0.9944439930110632, 'support': 1800.0}, 'weighted avg': {'precision': 0.9944926561005829, 'recall': 0.9944444444444445, 'f1-score': 0.9944439930110632, 'support': 1800.0}}","[[199   0   0   0   0   0   0   1   0]
 [  0 200   0   0   0   0   0   0   0]
 [  0   0 194   6   0   0   0   0   0]
 [  0   0   2 198   0   0   0   0   0]
 [  0   0   0   0 200   0   0   0   0]
 [  0   0   0   0   1 199   0   0   0]
 [  0   0   0   0   0   0 200   0   0]
 [  0   0   0   0   0   0   0 200   0]
 [  0   0   0   0   0   0   0   0 200]]",0.5588369369506836,0.011137008666992188
171,N_BaIoT,0,None,StandardScaler,RF,0.8993837973898718,-1,-1,97.90123456790123,90.55555555555556,1.1805555555555556,93.54887200953657,89.6142033289116,-1,"{'0Normal': {'precision': 0.9900990099009901, 'recall': 1.0, 'f1-score': 0.9950248756218906, 'support': 200.0}, 'ack': {'precision': 1.0, 'recall': 1.0, 'f1-score': 1.0, 'support': 200.0}, 'combo': {'precision': 0.9282051282051282, 'recall': 0.905, 'f1-score': 0.9164556962025316, 'support': 200.0}, 'junk': {'precision': 0.9073170731707317, 'recall': 0.93, 'f1-score': 0.9185185185185186, 'support': 200.0}, 'scan': {'precision': 0.9949748743718593, 'recall': 0.99, 'f1-score': 0.9924812030075189, 'support': 200.0}, 'syn': {'precision': 1.0, 'recall': 0.995, 'f1-score': 0.9974937343358395, 'support': 200.0}, 'tcp': {'precision': 1.0, 'recall': 0.33, 'f1-score': 0.49624060150375937, 'support': 200.0}, 'udp': {'precision': 0.5988023952095808, 'recall': 1.0, 'f1-score': 0.7490636704119851, 'support': 200.0}, 'udpplain': {'precision': 1.0, 'recall': 1.0, 'f1-score': 1.0, 'support': 200.0}, 'accuracy': 0.9055555555555556, 'macro avg': {'precision': 0.9354887200953657, 'recall': 0.9055555555555556, 'f1-score': 0.896142033289116, 'support': 1800.0}, 'weighted avg': {'precision': 0.9354887200953655, 'recall': 0.9055555555555556, 'f1-score': 0.896142033289116, 'support': 1800.0}}","[[200   0   0   0   0   0   0   0   0]
 [  0 200   0   0   0   0   0   0   0]
 [  0   0 181  19   0   0   0   0   0]
 [  1   0  13 186   0   0   0   0   0]
 [  1   0   1   0 198   0   0   0   0]
 [  0   0   0   0   1 199   0   0   0]
 [  0   0   0   0   0   0  66 134   0]
 [  0   0   0   0   0   0   0 200   0]
 [  0   0   0   0   0   0   0   0 200]]",0.09593772888183594,0.010262250900268555
172,N_BaIoT,0,None,StandardScaler,SGD,0.6198301607206121,-1,-1,92.07407407407408,64.33333333333333,4.458333333333334,61.22152052458364,57.71012567937731,-1,"{'0Normal': {'precision': 0.9851485148514851, 'recall': 0.995, 'f1-score': 0.9900497512437811, 'support': 200.0}, 'ack': {'precision': 0.6180904522613065, 'recall': 0.615, 'f1-score': 0.6165413533834587, 'support': 200.0}, 'combo': {'precision': 0.5118110236220472, 'recall': 0.975, 'f1-score': 0.6712564543889844, 'support': 200.0}, 'junk': {'precision': 0.5833333333333334, 'recall': 0.035, 'f1-score': 0.0660377358490566, 'support': 200.0}, 'scan': {'precision': 0.4107883817427386, 'recall': 0.99, 'f1-score': 0.5806451612903225, 'support': 200.0}, 'syn': {'precision': 0.9658536585365853, 'recall': 0.99, 'f1-score': 0.9777777777777777, 'support': 200.0}, 'tcp': {'precision': 0.0, 'recall': 0.0, 'f1-score': 0.0, 'support': 200.0}, 'udp': {'precision': 0.5572519083969466, 'recall': 0.365, 'f1-score': 0.44108761329305135, 'support': 200.0}, 'udpplain': {'precision': 0.8776595744680851, 'recall': 0.825, 'f1-score': 0.8505154639175257, 'support': 200.0}, 'accuracy': 0.6433333333333333, 'macro avg': {'precision': 0.6122152052458364, 'recall': 0.6433333333333333, 'f1-score': 0.5771012567937731, 'support': 1800.0}, 'weighted avg': {'precision': 0.6122152052458364, 'recall': 0.6433333333333333, 'f1-score': 0.5771012567937732, 'support': 1800.0}}","[[199   0   0   1   0   0   0   0   0]
 [  0 123   0   0   4   0   0  55  18]
 [  0   0 195   4   0   1   0   0   0]
 [  1   0 186   7   0   6   0   0   0]
 [  2   0   0   0 198   0   0   0   0]
 [  0   0   0   0   2 198   0   0   0]
 [  0   0   0   0 200   0   0   0   0]
 [  0  44   0   0  78   0   0  73   5]
 [  0  32   0   0   0   0   0   3 165]]",0.00748896598815918,0.0004978179931640625
173,N_BaIoT,0,linear,StandardScaler,HHHv2,0.6512600382673015,-1,-1,93.984375,66.38975492813354,3.4375000000000004,67.5,63.599274565564926,-1,"{'0Normal': {'precision': 0.965, 'recall': 0.9747474747474747, 'f1-score': 0.9698492462311558, 'support': 198.0}, 'ack': {'precision': 0.27, 'recall': 0.7605633802816901, 'f1-score': 0.3985239852398525, 'support': 71.0}, 'combo': {'precision': 0.56, 'recall': 0.9105691056910569, 'f1-score': 0.6934984520123838, 'support': 123.0}, 'junk': {'precision': 0.95, 'recall': 0.6810035842293907, 'f1-score': 0.7933194154488518, 'support': 279.0}, 'scan': {'precision': 0.97, 'recall': 0.40756302521008403, 'f1-score': 0.57396449704142, 'support': 476.0}, 'syn': {'precision': 1.0, 'recall': 0.9852216748768473, 'f1-score': 0.9925558312655086, 'support': 203.0}, 'tcp': {'precision': 0.0, 'recall': 0.0, 'f1-score': 0.0, 'support': 0.0}, 'udp': {'precision': 0.51, 'recall': 0.40963855421686746, 'f1-score': 0.45434298440979953, 'support': 249.0}, 'udpplain': {'precision': 0.85, 'recall': 0.845771144278607, 'f1-score': 0.8478802992518704, 'support': 201.0}, 'accuracy': 0.675, 'macro avg': {'precision': 0.6749999999999999, 'recall': 0.6638975492813354, 'f1-score': 0.6359927456556492, 'support': 1800.0}, 'weighted avg': {'precision': 0.8370722222222222, 'recall': 0.675, 'f1-score': 0.7140072543443508, 'support': 1800.0}}","[[193   0   0   0   5   0   0   0]
 [  0  54   0   0   0   0  13   4]
 [  2   0 112   9   0   0   0   0]
 [  1   0  88 190   0   0   0   0]
 [  0   4   0   0 194   0  78   0]
 [  1   0   0   1   0 200   1   0]
 [  2 119   0   0   0   0 102  26]
 [  1  23   0   0   1   0   6 170]]",0.06401467323303223,0.008101463317871094
174,N_BaIoT,0,None,StandardScaler,KNN,0.7440326369779808,-1,-1,94.62962962962963,75.83333333333333,3.0208333333333335,72.28860845906617,72.43381121549557,-1,"{'0Normal': {'precision': 0.9852216748768473, 'recall': 1.0, 'f1-score': 0.9925558312655086, 'support': 200.0}, 'ack': {'precision': 0.797979797979798, 'recall': 0.79, 'f1-score': 0.7939698492462312, 'support': 200.0}, 'combo': {'precision': 0.8472906403940886, 'recall': 0.86, 'f1-score': 0.8535980148883374, 'support': 200.0}, 'junk': {'precision': 0.8578680203045685, 'recall': 0.845, 'f1-score': 0.8513853904282116, 'support': 200.0}, 'scan': {'precision': 0.41596638655462187, 'recall': 0.99, 'f1-score': 0.5857988165680473, 'support': 200.0}, 'syn': {'precision': 1.0, 'recall': 0.995, 'f1-score': 0.9974937343358395, 'support': 200.0}, 'tcp': {'precision': 0.0, 'recall': 0.0, 'f1-score': 0.0, 'support': 200.0}, 'udp': {'precision': 0.672, 'recall': 0.42, 'f1-score': 0.5169230769230768, 'support': 200.0}, 'udpplain': {'precision': 0.9296482412060302, 'recall': 0.925, 'f1-score': 0.9273182957393483, 'support': 200.0}, 'accuracy': 0.7583333333333333, 'macro avg': {'precision': 0.7228860845906617, 'recall': 0.7583333333333333, 'f1-score': 0.7243381121549557, 'support': 1800.0}, 'weighted avg': {'precision': 0.7228860845906615, 'recall': 0.7583333333333333, 'f1-score': 0.7243381121549557, 'support': 1800.0}}","[[200   0   0   0   0   0   0   0   0]
 [  0 158   0   0   0   0   0  32  10]
 [  0   0 172  28   0   0   0   0   0]
 [  1   0  30 169   0   0   0   0   0]
 [  2   0   0   0 198   0   0   0   0]
 [  0   0   1   0   0 199   0   0   0]
 [  0   0   0   0 200   0   0   0   0]
 [  0  34   0   0  78   0   0  84   4]
 [  0   6   0   0   0   0   0   9 185]]",0.0006496906280517578,0.015988588333129883
175,N_BaIoT,0,None,StandardScaler,LDA,0.7694075265632998,-1,-1,95.39506172839506,79.27777777777779,2.5902777777777777,80.00336799369207,78.73313459953157,-1,"{'0Normal': {'precision': 0.9897435897435898, 'recall': 0.965, 'f1-score': 0.9772151898734178, 'support': 200.0}, 'ack': {'precision': 0.6492146596858639, 'recall': 0.62, 'f1-score': 0.6342710997442456, 'support': 200.0}, 'combo': {'precision': 0.8602941176470589, 'recall': 0.585, 'f1-score': 0.6964285714285714, 'support': 200.0}, 'junk': {'precision': 0.6879699248120301, 'recall': 0.915, 'f1-score': 0.7854077253218885, 'support': 200.0}, 'scan': {'precision': 0.9583333333333334, 'recall': 0.92, 'f1-score': 0.9387755102040817, 'support': 200.0}, 'syn': {'precision': 0.9597989949748744, 'recall': 0.955, 'f1-score': 0.9573934837092732, 'support': 200.0}, 'tcp': {'precision': 0.6920415224913494, 'recall': 1.0, 'f1-score': 0.8179959100204499, 'support': 200.0}, 'udp': {'precision': 0.525, 'recall': 0.42, 'f1-score': 0.4666666666666666, 'support': 200.0}, 'udpplain': {'precision': 0.877906976744186, 'recall': 0.755, 'f1-score': 0.8118279569892473, 'support': 200.0}, 'accuracy': 0.7927777777777778, 'macro avg': {'precision': 0.8000336799369206, 'recall': 0.7927777777777778, 'f1-score': 0.7873313459953157, 'support': 1800.0}, 'weighted avg': {'precision': 0.8000336799369208, 'recall': 0.7927777777777778, 'f1-score': 0.7873313459953158, 'support': 1800.0}}","[[193   2   0   1   0   3   0   1   0]
 [  0 124   0   0   2   1   0  57  16]
 [  0   0 117  82   0   1   0   0   0]
 [  0   1  16 183   0   0   0   0   0]
 [  2   0   0   0 184   3  11   0   0]
 [  0   0   3   0   6 191   0   0   0]
 [  0   0   0   0   0   0 200   0   0]
 [  0  33   0   0   0   0  78  84   5]
 [  0  31   0   0   0   0   0  18 151]]",0.01392364501953125,0.00041484832763671875
176,N_BaIoT,0,None,StandardScaler,MLP,0.7734377145438726,-1,-1,95.1604938271605,78.22222222222223,2.722222222222222,76.73318249757732,74.84365074688449,-1,"{'0Normal': {'precision': 0.9851485148514851, 'recall': 0.995, 'f1-score': 0.9900497512437811, 'support': 200.0}, 'ack': {'precision': 0.8888888888888888, 'recall': 0.96, 'f1-score': 0.923076923076923, 'support': 200.0}, 'combo': {'precision': 1.0, 'recall': 0.65, 'f1-score': 0.787878787878788, 'support': 200.0}, 'junk': {'precision': 0.7397769516728625, 'recall': 0.995, 'f1-score': 0.8486140724946696, 'support': 200.0}, 'scan': {'precision': 0.41422594142259417, 'recall': 0.99, 'f1-score': 0.584070796460177, 'support': 200.0}, 'syn': {'precision': 1.0, 'recall': 0.995, 'f1-score': 0.9974937343358395, 'support': 200.0}, 'tcp': {'precision': 0.0, 'recall': 0.0, 'f1-score': 0.0, 'support': 200.0}, 'udp': {'precision': 0.8981481481481481, 'recall': 0.485, 'f1-score': 0.6298701298701298, 'support': 200.0}, 'udpplain': {'precision': 0.9797979797979798, 'recall': 0.97, 'f1-score': 0.9748743718592964, 'support': 200.0}, 'accuracy': 0.7822222222222223, 'macro avg': {'precision': 0.7673318249757731, 'recall': 0.7822222222222223, 'f1-score': 0.7484365074688449, 'support': 1800.0}, 'weighted avg': {'precision': 0.7673318249757732, 'recall': 0.7822222222222223, 'f1-score': 0.7484365074688449, 'support': 1800.0}}","[[199   0   0   0   0   0   0   1   0]
 [  2 192   0   0   1   0   0   4   1]
 [  0   0 130  70   0   0   0   0   0]
 [  0   1   0 199   0   0   0   0   0]
 [  1   0   0   0 198   0   0   0   1]
 [  0   0   0   0   1 199   0   0   0]
 [  0   0   0   0 200   0   0   0   0]
 [  0  23   0   0  78   0   0  97   2]
 [  0   0   0   0   0   0   0   6 194]]",1.82767915725708,0.0008955001831054688
177,N_BaIoT,0,None,StandardScaler,LGBM,0.8861451855246285,-1,-1,97.50617283950618,88.77777777777777,1.4027777777777777,83.22277501381978,85.07393344296061,-1,"{'0Normal': {'precision': 0.9950248756218906, 'recall': 1.0, 'f1-score': 0.9975062344139651, 'support': 200.0}, 'ack': {'precision': 1.0, 'recall': 1.0, 'f1-score': 1.0, 'support': 200.0}, 'combo': {'precision': 0.9950248756218906, 'recall': 1.0, 'f1-score': 0.9975062344139651, 'support': 200.0}, 'junk': {'precision': 1.0, 'recall': 0.99, 'f1-score': 0.9949748743718593, 'support': 200.0}, 'scan': {'precision': 1.0, 'recall': 1.0, 'f1-score': 1.0, 'support': 200.0}, 'syn': {'precision': 1.0, 'recall': 1.0, 'f1-score': 1.0, 'support': 200.0}, 'tcp': {'precision': 0.0, 'recall': 0.0, 'f1-score': 0.0, 'support': 200.0}, 'udp': {'precision': 0.5, 'recall': 1.0, 'f1-score': 0.6666666666666666, 'support': 200.0}, 'udpplain': {'precision': 1.0, 'recall': 1.0, 'f1-score': 1.0, 'support': 200.0}, 'accuracy': 0.8877777777777778, 'macro avg': {'precision': 0.8322277501381978, 'recall': 0.8877777777777778, 'f1-score': 0.8507393344296061, 'support': 1800.0}, 'weighted avg': {'precision': 0.8322277501381979, 'recall': 0.8877777777777778, 'f1-score': 0.8507393344296063, 'support': 1800.0}}","[[200   0   0   0   0   0   0   0   0]
 [  0 200   0   0   0   0   0   0   0]
 [  0   0 200   0   0   0   0   0   0]
 [  1   0   1 198   0   0   0   0   0]
 [  0   0   0   0 200   0   0   0   0]
 [  0   0   0   0   0 200   0   0   0]
 [  0   0   0   0   0   0   0 200   0]
 [  0   0   0   0   0   0   0 200   0]
 [  0   0   0   0   0   0   0   0 200]]",1.6513757705688477,0.013865470886230469
178,N_BaIoT,0,None,StandardScaler,RF,0.9167975543402829,-1,-1,98.23456790123457,92.05555555555556,0.9930555555555556,95.22298345862119,90.99497197787093,-1,"{'0Normal': {'precision': 1.0, 'recall': 1.0, 'f1-score': 1.0, 'support': 200.0}, 'ack': {'precision': 1.0, 'recall': 1.0, 'f1-score': 1.0, 'support': 200.0}, 'combo': {'precision': 0.9851485148514851, 'recall': 0.995, 'f1-score': 0.9900497512437811, 'support': 200.0}, 'junk': {'precision': 0.9949494949494949, 'recall': 0.985, 'f1-score': 0.9899497487437187, 'support': 200.0}, 'scan': {'precision': 1.0, 'recall': 1.0, 'f1-score': 1.0, 'support': 200.0}, 'syn': {'precision': 1.0, 'recall': 1.0, 'f1-score': 1.0, 'support': 200.0}, 'tcp': {'precision': 1.0, 'recall': 0.305, 'f1-score': 0.4674329501915709, 'support': 200.0}, 'udp': {'precision': 0.5899705014749262, 'recall': 1.0, 'f1-score': 0.7421150278293136, 'support': 200.0}, 'udpplain': {'precision': 1.0, 'recall': 1.0, 'f1-score': 1.0, 'support': 200.0}, 'accuracy': 0.9205555555555556, 'macro avg': {'precision': 0.9522298345862118, 'recall': 0.9205555555555556, 'f1-score': 0.9099497197787093, 'support': 1800.0}, 'weighted avg': {'precision': 0.9522298345862118, 'recall': 0.9205555555555556, 'f1-score': 0.9099497197787094, 'support': 1800.0}}","[[200   0   0   0   0   0   0   0   0]
 [  0 200   0   0   0   0   0   0   0]
 [  0   0 199   1   0   0   0   0   0]
 [  0   0   3 197   0   0   0   0   0]
 [  0   0   0   0 200   0   0   0   0]
 [  0   0   0   0   0 200   0   0   0]
 [  0   0   0   0   0   0  61 139   0]
 [  0   0   0   0   0   0   0 200   0]
 [  0   0   0   0   0   0   0   0 200]]",0.48951196670532227,0.010643720626831055
179,N_BaIoT,0,None,StandardScaler,SGD,0.7157505681878169,-1,-1,94.07407407407408,73.33333333333334,3.3333333333333335,70.01128365197337,69.82271377461053,-1,"{'0Normal': {'precision': 0.975609756097561, 'recall': 1.0, 'f1-score': 0.9876543209876543, 'support': 200.0}, 'ack': {'precision': 0.8911917098445595, 'recall': 0.86, 'f1-score': 0.8753180661577609, 'support': 200.0}, 'combo': {'precision': 0.6877637130801688, 'recall': 0.815, 'f1-score': 0.7459954233409611, 'support': 200.0}, 'junk': {'precision': 0.7716049382716049, 'recall': 0.625, 'f1-score': 0.6906077348066298, 'support': 200.0}, 'scan': {'precision': 0.4126315789473684, 'recall': 0.98, 'f1-score': 0.5807407407407407, 'support': 200.0}, 'syn': {'precision': 1.0, 'recall': 0.995, 'f1-score': 0.9974937343358395, 'support': 200.0}, 'tcp': {'precision': 0.0, 'recall': 0.0, 'f1-score': 0.0, 'support': 200.0}, 'udp': {'precision': 0.6949152542372882, 'recall': 0.41, 'f1-score': 0.5157232704402516, 'support': 200.0}, 'udpplain': {'precision': 0.8672985781990521, 'recall': 0.915, 'f1-score': 0.8905109489051095, 'support': 200.0}, 'accuracy': 0.7333333333333333, 'macro avg': {'precision': 0.7001128365197338, 'recall': 0.7333333333333334, 'f1-score': 0.6982271377461053, 'support': 1800.0}, 'weighted avg': {'precision': 0.7001128365197336, 'recall': 0.7333333333333333, 'f1-score': 0.6982271377461053, 'support': 1800.0}}","[[200   0   0   0   0   0   0   0   0]
 [  0 172   0   0   0   0   0  19   9]
 [  0   0 163  37   0   0   0   0   0]
 [  1   0  74 125   0   0   0   0   0]
 [  4   0   0   0 196   0   0   0   0]
 [  0   0   0   0   1 199   0   0   0]
 [  0   0   0   0 200   0   0   0   0]
 [  0  21   0   0  78   0   0  82  19]
 [  0   0   0   0   0   0   0  17 183]]",0.08431577682495117,0.0005533695220947266
180,N_BaIoT,0,sigmoid,StandardScaler,HHHv2,0.6540062820160774,-1,-1,92.87654320987654,68.00696838061833,4.006944444444445,67.94444444444444,65.82992210205403,-1,"{'0Normal': {'precision': 0.645, 'recall': 0.9148936170212766, 'f1-score': 0.7565982404692083, 'support': 141.0}, 'ack': {'precision': 0.87, 'recall': 0.883248730964467, 'f1-score': 0.8765743073047859, 'support': 197.0}, 'combo': {'precision': 0.825, 'recall': 0.7268722466960352, 'f1-score': 0.7728337236533959, 'support': 227.0}, 'junk': {'precision': 0.86, 'recall': 0.7413793103448276, 'f1-score': 0.7962962962962963, 'support': 232.0}, 'scan': {'precision': 0.895, 'recall': 0.3638211382113821, 'f1-score': 0.5173410404624278, 'support': 492.0}, 'syn': {'precision': 0.9, 'recall': 0.9, 'f1-score': 0.9, 'support': 200.0}, 'tcp': {'precision': 0.0, 'recall': 0.0, 'f1-score': 0.0, 'support': 31.0}, 'udp': {'precision': 0.445, 'recall': 0.7672413793103449, 'f1-score': 0.5632911392405063, 'support': 116.0}, 'udpplain': {'precision': 0.675, 'recall': 0.823170731707317, 'f1-score': 0.7417582417582418, 'support': 164.0}, 'accuracy': 0.6794444444444444, 'macro avg': {'precision': 0.6794444444444444, 'recall': 0.6800696838061834, 'f1-score': 0.6582992210205403, 'support': 1800.0}, 'weighted avg': {'precision': 0.7954388888888889, 'recall': 0.6794444444444444, 'f1-score': 0.7005896678683486, 'support': 1800.0}}","[[129   3   1   0   3   1   0   2   2]
 [ 13 174   1   2   0   2   0   2   3]
 [  5   6 165  22   6   5   0   5  13]
 [  2   3  28 172   1   6   0   3  17]
 [ 12   2   1   1 179   1 200  83  13]
 [  2   5   2   1   2 180   0   2   6]
 [ 28   0   0   1   1   0   0   1   0]
 [  6   4   1   0   3   2   0  89  11]
 [  3   3   1   1   5   3   0  13 135]]",60.13181209564209,0.05850958824157715
181,N_BaIoT,-1,None,StandardScaler,KNN,0.9433087665866681,-1,-1,98.87654320987654,94.94444444444444,0.6319444444444444,95.0426651218601,94.92187064996709,-1,"{'0Normal': {'precision': 0.9852216748768473, 'recall': 1.0, 'f1-score': 0.9925558312655086, 'support': 200.0}, 'ack': {'precision': 0.8248847926267281, 'recall': 0.895, 'f1-score': 0.8585131894484412, 'support': 200.0}, 'combo': {'precision': 0.9840425531914894, 'recall': 0.925, 'f1-score': 0.9536082474226805, 'support': 200.0}, 'junk': {'precision': 0.933649289099526, 'recall': 0.985, 'f1-score': 0.9586374695863747, 'support': 200.0}, 'scan': {'precision': 0.9850746268656716, 'recall': 0.99, 'f1-score': 0.9875311720698254, 'support': 200.0}, 'syn': {'precision': 0.98989898989899, 'recall': 0.98, 'f1-score': 0.9849246231155778, 'support': 200.0}, 'tcp': {'precision': 1.0, 'recall': 1.0, 'f1-score': 1.0, 'support': 200.0}, 'udp': {'precision': 0.9096045197740112, 'recall': 0.805, 'f1-score': 0.8541114058355438, 'support': 200.0}, 'udpplain': {'precision': 0.9414634146341463, 'recall': 0.965, 'f1-score': 0.9530864197530864, 'support': 200.0}, 'accuracy': 0.9494444444444444, 'macro avg': {'precision': 0.950426651218601, 'recall': 0.9494444444444444, 'f1-score': 0.9492187064996709, 'support': 1800.0}, 'weighted avg': {'precision': 0.950426651218601, 'recall': 0.9494444444444444, 'f1-score': 0.9492187064996709, 'support': 1800.0}}","[[200   0   0   0   0   0   0   0   0]
 [  0 179   0   0   0   1   0  12   8]
 [  0   0 185  14   0   1   0   0   0]
 [  1   0   2 197   0   0   0   0   0]
 [  2   0   0   0 198   0   0   0   0]
 [  0   0   1   0   3 196   0   0   0]
 [  0   0   0   0   0   0 200   0   0]
 [  0  35   0   0   0   0   0 161   4]
 [  0   3   0   0   0   0   0   4 193]]",0.000751495361328125,0.01843714714050293
182,N_BaIoT,-1,None,StandardScaler,LDA,0.7737571180256816,-1,-1,95.39506172839506,79.27777777777779,2.5902777777777777,81.49622953250606,77.1816540927053,-1,"{'0Normal': {'precision': 0.9897959183673469, 'recall': 0.97, 'f1-score': 0.9797979797979798, 'support': 200.0}, 'ack': {'precision': 0.6185185185185185, 'recall': 0.835, 'f1-score': 0.7106382978723403, 'support': 200.0}, 'combo': {'precision': 0.889763779527559, 'recall': 0.565, 'f1-score': 0.691131498470948, 'support': 200.0}, 'junk': {'precision': 0.6762589928057554, 'recall': 0.94, 'f1-score': 0.7866108786610878, 'support': 200.0}, 'scan': {'precision': 0.9392265193370166, 'recall': 0.85, 'f1-score': 0.8923884514435695, 'support': 200.0}, 'syn': {'precision': 0.984375, 'recall': 0.945, 'f1-score': 0.9642857142857143, 'support': 200.0}, 'tcp': {'precision': 0.6578947368421053, 'recall': 1.0, 'f1-score': 0.7936507936507937, 'support': 200.0}, 'udp': {'precision': 0.7446808510638298, 'recall': 0.175, 'f1-score': 0.2834008097165992, 'support': 200.0}, 'udpplain': {'precision': 0.8341463414634146, 'recall': 0.855, 'f1-score': 0.8444444444444444, 'support': 200.0}, 'accuracy': 0.7927777777777778, 'macro avg': {'precision': 0.8149622953250607, 'recall': 0.7927777777777778, 'f1-score': 0.771816540927053, 'support': 1800.0}, 'weighted avg': {'precision': 0.8149622953250606, 'recall': 0.7927777777777778, 'f1-score': 0.771816540927053, 'support': 1800.0}}","[[194   1   0   1   0   2   0   2   0]
 [  0 167   0   0   3   0   0   8  22]
 [  0   0 113  86   0   1   0   0   0]
 [  0   1  11 188   0   0   0   0   0]
 [  2   0   0   3 170   0  25   0   0]
 [  0   0   3   0   7 189   1   0   0]
 [  0   0   0   0   0   0 200   0   0]
 [  0  74   0   0   1   0  78  35  12]
 [  0  27   0   0   0   0   0   2 171]]",0.02129197120666504,0.00043702125549316406
183,N_BaIoT,-1,None,StandardScaler,MLP,0.9289143996005031,-1,-1,98.55555555555556,93.5,0.8125,94.39869590580824,93.19719887031617,-1,"{'0Normal': {'precision': 0.995, 'recall': 0.995, 'f1-score': 0.995, 'support': 200.0}, 'ack': {'precision': 0.9601990049751243, 'recall': 0.965, 'f1-score': 0.9625935162094762, 'support': 200.0}, 'combo': {'precision': 0.9947643979057592, 'recall': 0.95, 'f1-score': 0.9718670076726342, 'support': 200.0}, 'junk': {'precision': 0.9519230769230769, 'recall': 0.99, 'f1-score': 0.9705882352941176, 'support': 200.0}, 'scan': {'precision': 0.9949748743718593, 'recall': 0.99, 'f1-score': 0.9924812030075189, 'support': 200.0}, 'syn': {'precision': 0.995, 'recall': 0.995, 'f1-score': 0.995, 'support': 200.0}, 'tcp': {'precision': 0.7142857142857143, 'recall': 1.0, 'f1-score': 0.8333333333333333, 'support': 200.0}, 'udp': {'precision': 0.9098360655737705, 'recall': 0.555, 'f1-score': 0.68944099378882, 'support': 200.0}, 'udpplain': {'precision': 0.9798994974874372, 'recall': 0.975, 'f1-score': 0.9774436090225564, 'support': 200.0}, 'accuracy': 0.935, 'macro avg': {'precision': 0.9439869590580824, 'recall': 0.9349999999999999, 'f1-score': 0.9319719887031618, 'support': 1800.0}, 'weighted avg': {'precision': 0.9439869590580823, 'recall': 0.935, 'f1-score': 0.9319719887031618, 'support': 1800.0}}","[[199   0   0   0   0   0   0   1   0]
 [  0 193   0   0   0   0   2   4   1]
 [  0   0 190  10   0   0   0   0   0]
 [  0   1   1 198   0   0   0   0   0]
 [  1   0   0   0 198   0   0   1   0]
 [  0   0   0   0   1 199   0   0   0]
 [  0   0   0   0   0   0 200   0   0]
 [  0   7   0   0   0   1  78 111   3]
 [  0   0   0   0   0   0   0   5 195]]",3.1473476886749268,0.0009560585021972656
184,N_BaIoT,-1,None,StandardScaler,LGBM,0.9931377591434494,-1,-1,99.8641975308642,99.38888888888887,0.0763888888888889,99.398448691537,99.38856236269554,-1,"{'0Normal': {'precision': 0.9852216748768473, 'recall': 1.0, 'f1-score': 0.9925558312655086, 'support': 200.0}, 'ack': {'precision': 0.9950248756218906, 'recall': 1.0, 'f1-score': 0.9975062344139651, 'support': 200.0}, 'combo': {'precision': 0.9803921568627451, 'recall': 1.0, 'f1-score': 0.99009900990099, 'support': 200.0}, 'junk': {'precision': 1.0, 'recall': 0.975, 'f1-score': 0.9873417721518987, 'support': 200.0}, 'scan': {'precision': 1.0, 'recall': 0.99, 'f1-score': 0.9949748743718593, 'support': 200.0}, 'syn': {'precision': 1.0, 'recall': 1.0, 'f1-score': 1.0, 'support': 200.0}, 'tcp': {'precision': 0.9852216748768473, 'recall': 1.0, 'f1-score': 0.9925558312655086, 'support': 200.0}, 'udp': {'precision': 1.0, 'recall': 0.985, 'f1-score': 0.9924433249370278, 'support': 200.0}, 'udpplain': {'precision': 1.0, 'recall': 0.995, 'f1-score': 0.9974937343358395, 'support': 200.0}, 'accuracy': 0.9938888888888889, 'macro avg': {'precision': 0.99398448691537, 'recall': 0.9938888888888887, 'f1-score': 0.9938856236269553, 'support': 1800.0}, 'weighted avg': {'precision': 0.9939844869153699, 'recall': 0.9938888888888889, 'f1-score': 0.9938856236269553, 'support': 1800.0}}","[[200   0   0   0   0   0   0   0   0]
 [  0 200   0   0   0   0   0   0   0]
 [  0   0 200   0   0   0   0   0   0]
 [  1   0   4 195   0   0   0   0   0]
 [  2   0   0   0 198   0   0   0   0]
 [  0   0   0   0   0 200   0   0   0]
 [  0   0   0   0   0   0 200   0   0]
 [  0   0   0   0   0   0   3 197   0]
 [  0   1   0   0   0   0   0   0 199]]",1.9339947700500488,0.01624464988708496
185,N_BaIoT,-1,None,StandardScaler,RF,0.9507612707886877,-1,-1,98.98765432098764,95.44444444444444,0.5694444444444444,96.66082179632427,95.27315482040564,-1,"{'0Normal': {'precision': 0.9950248756218906, 'recall': 1.0, 'f1-score': 0.9975062344139651, 'support': 200.0}, 'ack': {'precision': 1.0, 'recall': 1.0, 'f1-score': 1.0, 'support': 200.0}, 'combo': {'precision': 0.9900497512437811, 'recall': 0.995, 'f1-score': 0.9925187032418954, 'support': 200.0}, 'junk': {'precision': 0.9949748743718593, 'recall': 0.99, 'f1-score': 0.9924812030075189, 'support': 200.0}, 'scan': {'precision': 1.0, 'recall': 0.995, 'f1-score': 0.9974937343358395, 'support': 200.0}, 'syn': {'precision': 1.0, 'recall': 1.0, 'f1-score': 1.0, 'support': 200.0}, 'tcp': {'precision': 0.7194244604316546, 'recall': 1.0, 'f1-score': 0.8368200836820083, 'support': 200.0}, 'udp': {'precision': 1.0, 'recall': 0.61, 'f1-score': 0.7577639751552795, 'support': 200.0}, 'udpplain': {'precision': 1.0, 'recall': 1.0, 'f1-score': 1.0, 'support': 200.0}, 'accuracy': 0.9544444444444444, 'macro avg': {'precision': 0.9666082179632427, 'recall': 0.9544444444444444, 'f1-score': 0.9527315482040564, 'support': 1800.0}, 'weighted avg': {'precision': 0.9666082179632428, 'recall': 0.9544444444444444, 'f1-score': 0.9527315482040563, 'support': 1800.0}}","[[200   0   0   0   0   0   0   0   0]
 [  0 200   0   0   0   0   0   0   0]
 [  0   0 199   1   0   0   0   0   0]
 [  0   0   2 198   0   0   0   0   0]
 [  1   0   0   0 199   0   0   0   0]
 [  0   0   0   0   0 200   0   0   0]
 [  0   0   0   0   0   0 200   0   0]
 [  0   0   0   0   0   0  78 122   0]
 [  0   0   0   0   0   0   0   0 200]]",0.9358773231506348,0.010914802551269531
186,N_BaIoT,-1,None,StandardScaler,SGD,0.829644898546335,-1,-1,96.54320987654322,84.44444444444446,1.9444444444444444,85.63706823925396,83.1988870884448,-1,"{'0Normal': {'precision': 0.975, 'recall': 0.975, 'f1-score': 0.975, 'support': 200.0}, 'ack': {'precision': 0.8708133971291866, 'recall': 0.91, 'f1-score': 0.8899755501222494, 'support': 200.0}, 'combo': {'precision': 0.9304347826086956, 'recall': 0.535, 'f1-score': 0.6793650793650793, 'support': 200.0}, 'junk': {'precision': 0.6782006920415224, 'recall': 0.98, 'f1-score': 0.8016359918200409, 'support': 200.0}, 'scan': {'precision': 0.9884393063583815, 'recall': 0.855, 'f1-score': 0.9168900804289545, 'support': 200.0}, 'syn': {'precision': 1.0, 'recall': 0.99, 'f1-score': 0.9949748743718593, 'support': 200.0}, 'tcp': {'precision': 0.7194244604316546, 'recall': 1.0, 'f1-score': 0.8368200836820083, 'support': 200.0}, 'udp': {'precision': 0.6952380952380952, 'recall': 0.365, 'f1-score': 0.4786885245901639, 'support': 200.0}, 'udpplain': {'precision': 0.8497854077253219, 'recall': 0.99, 'f1-score': 0.9145496535796765, 'support': 200.0}, 'accuracy': 0.8444444444444444, 'macro avg': {'precision': 0.8563706823925397, 'recall': 0.8444444444444446, 'f1-score': 0.8319888708844481, 'support': 1800.0}, 'weighted avg': {'precision': 0.8563706823925398, 'recall': 0.8444444444444444, 'f1-score': 0.8319888708844481, 'support': 1800.0}}","[[195   0   5   0   0   0   0   0   0]
 [  0 182   0   0   0   0   0   6  12]
 [  0   0 107  93   0   0   0   0   0]
 [  1   0   3 196   0   0   0   0   0]
 [  4   0   0   0 171   0   0  25   0]
 [  0   0   0   0   2 198   0   0   0]
 [  0   0   0   0   0   0 200   0   0]
 [  0  26   0   0   0   0  78  73  23]
 [  0   1   0   0   0   0   0   1 198]]",0.2257373332977295,0.000576019287109375
187,N_BaIoT,-1,None,StandardScaler,HHHv2,0.7545712764394855,-1,-1,94.98765432098766,81.48211100613577,2.8194444444444446,77.44444444444444,74.92650245937457,-1,"{'0Normal': {'precision': 0.965, 'recall': 0.9747474747474747, 'f1-score': 0.9698492462311558, 'support': 198.0}, 'ack': {'precision': 0.76, 'recall': 0.6007905138339921, 'f1-score': 0.6710816777041942, 'support': 253.0}, 'combo': {'precision': 0.555, 'recall': 0.9024390243902439, 'f1-score': 0.6873065015479878, 'support': 123.0}, 'junk': {'precision': 0.96, 'recall': 0.6832740213523132, 'f1-score': 0.7983367983367983, 'support': 281.0}, 'scan': {'precision': 0.735, 'recall': 0.9423076923076923, 'f1-score': 0.8258426966292134, 'support': 156.0}, 'syn': {'precision': 0.97, 'recall': 0.9897959183673469, 'f1-score': 0.9797979797979798, 'support': 196.0}, 'tcp': {'precision': 1.0, 'recall': 0.6116207951070336, 'f1-score': 0.7590132827324478, 'support': 327.0}, 'udp': {'precision': 0.135, 'recall': 0.8709677419354839, 'f1-score': 0.2337662337662338, 'support': 31.0}, 'udpplain': {'precision': 0.89, 'recall': 0.7574468085106383, 'f1-score': 0.8183908045977011, 'support': 235.0}, 'accuracy': 0.7744444444444445, 'macro avg': {'precision': 0.7744444444444444, 'recall': 0.8148211100613576, 'f1-score': 0.7492650245937458, 'support': 1800.0}, 'weighted avg': {'precision': 0.8702722222222222, 'recall': 0.7744444444444445, 'f1-score': 0.7996238642951432, 'support': 1800.0}}","[[193   1   0   1   3   0   0   0   0]
 [  0 152   0   0   0   0   0  80  21]
 [  2   0 111   7   3   0   0   0   0]
 [  0   0  89 192   0   0   0   0   0]
 [  1   2   0   0 147   5   0   1   0]
 [  2   0   0   0   0 194   0   0   0]
 [  1   0   0   0  47   1 200  78   0]
 [  1   2   0   0   0   0   0  27   1]
 [  0  43   0   0   0   0   0  14 178]]",313.699565410614,0.005658864974975586
188,N_BaIoT,-1,None,StandardScaler,KNN,0.9433087665866681,-1,-1,98.87654320987654,94.94444444444444,0.6319444444444444,95.0426651218601,94.92187064996709,-1,"{'0Normal': {'precision': 0.9852216748768473, 'recall': 1.0, 'f1-score': 0.9925558312655086, 'support': 200.0}, 'ack': {'precision': 0.8248847926267281, 'recall': 0.895, 'f1-score': 0.8585131894484412, 'support': 200.0}, 'combo': {'precision': 0.9840425531914894, 'recall': 0.925, 'f1-score': 0.9536082474226805, 'support': 200.0}, 'junk': {'precision': 0.933649289099526, 'recall': 0.985, 'f1-score': 0.9586374695863747, 'support': 200.0}, 'scan': {'precision': 0.9850746268656716, 'recall': 0.99, 'f1-score': 0.9875311720698254, 'support': 200.0}, 'syn': {'precision': 0.98989898989899, 'recall': 0.98, 'f1-score': 0.9849246231155778, 'support': 200.0}, 'tcp': {'precision': 1.0, 'recall': 1.0, 'f1-score': 1.0, 'support': 200.0}, 'udp': {'precision': 0.9096045197740112, 'recall': 0.805, 'f1-score': 0.8541114058355438, 'support': 200.0}, 'udpplain': {'precision': 0.9414634146341463, 'recall': 0.965, 'f1-score': 0.9530864197530864, 'support': 200.0}, 'accuracy': 0.9494444444444444, 'macro avg': {'precision': 0.950426651218601, 'recall': 0.9494444444444444, 'f1-score': 0.9492187064996709, 'support': 1800.0}, 'weighted avg': {'precision': 0.950426651218601, 'recall': 0.9494444444444444, 'f1-score': 0.9492187064996709, 'support': 1800.0}}","[[200   0   0   0   0   0   0   0   0]
 [  0 179   0   0   0   1   0  12   8]
 [  0   0 185  14   0   1   0   0   0]
 [  1   0   2 197   0   0   0   0   0]
 [  2   0   0   0 198   0   0   0   0]
 [  0   0   1   0   3 196   0   0   0]
 [  0   0   0   0   0   0 200   0   0]
 [  0  35   0   0   0   0   0 161   4]
 [  0   3   0   0   0   0   0   4 193]]",0.0007452964782714844,0.021660566329956055
189,N_BaIoT,-1,None,StandardScaler,LDA,0.7737571180256816,-1,-1,95.39506172839506,79.27777777777779,2.5902777777777777,81.49622953250606,77.1816540927053,-1,"{'0Normal': {'precision': 0.9897959183673469, 'recall': 0.97, 'f1-score': 0.9797979797979798, 'support': 200.0}, 'ack': {'precision': 0.6185185185185185, 'recall': 0.835, 'f1-score': 0.7106382978723403, 'support': 200.0}, 'combo': {'precision': 0.889763779527559, 'recall': 0.565, 'f1-score': 0.691131498470948, 'support': 200.0}, 'junk': {'precision': 0.6762589928057554, 'recall': 0.94, 'f1-score': 0.7866108786610878, 'support': 200.0}, 'scan': {'precision': 0.9392265193370166, 'recall': 0.85, 'f1-score': 0.8923884514435695, 'support': 200.0}, 'syn': {'precision': 0.984375, 'recall': 0.945, 'f1-score': 0.9642857142857143, 'support': 200.0}, 'tcp': {'precision': 0.6578947368421053, 'recall': 1.0, 'f1-score': 0.7936507936507937, 'support': 200.0}, 'udp': {'precision': 0.7446808510638298, 'recall': 0.175, 'f1-score': 0.2834008097165992, 'support': 200.0}, 'udpplain': {'precision': 0.8341463414634146, 'recall': 0.855, 'f1-score': 0.8444444444444444, 'support': 200.0}, 'accuracy': 0.7927777777777778, 'macro avg': {'precision': 0.8149622953250607, 'recall': 0.7927777777777778, 'f1-score': 0.771816540927053, 'support': 1800.0}, 'weighted avg': {'precision': 0.8149622953250606, 'recall': 0.7927777777777778, 'f1-score': 0.771816540927053, 'support': 1800.0}}","[[194   1   0   1   0   2   0   2   0]
 [  0 167   0   0   3   0   0   8  22]
 [  0   0 113  86   0   1   0   0   0]
 [  0   1  11 188   0   0   0   0   0]
 [  2   0   0   3 170   0  25   0   0]
 [  0   0   3   0   7 189   1   0   0]
 [  0   0   0   0   0   0 200   0   0]
 [  0  74   0   0   1   0  78  35  12]
 [  0  27   0   0   0   0   0   2 171]]",0.022671937942504883,0.0004496574401855469
190,N_BaIoT,-1,None,StandardScaler,MLP,0.9289143996005031,-1,-1,98.55555555555556,93.5,0.8125,94.39869590580824,93.19719887031617,-1,"{'0Normal': {'precision': 0.995, 'recall': 0.995, 'f1-score': 0.995, 'support': 200.0}, 'ack': {'precision': 0.9601990049751243, 'recall': 0.965, 'f1-score': 0.9625935162094762, 'support': 200.0}, 'combo': {'precision': 0.9947643979057592, 'recall': 0.95, 'f1-score': 0.9718670076726342, 'support': 200.0}, 'junk': {'precision': 0.9519230769230769, 'recall': 0.99, 'f1-score': 0.9705882352941176, 'support': 200.0}, 'scan': {'precision': 0.9949748743718593, 'recall': 0.99, 'f1-score': 0.9924812030075189, 'support': 200.0}, 'syn': {'precision': 0.995, 'recall': 0.995, 'f1-score': 0.995, 'support': 200.0}, 'tcp': {'precision': 0.7142857142857143, 'recall': 1.0, 'f1-score': 0.8333333333333333, 'support': 200.0}, 'udp': {'precision': 0.9098360655737705, 'recall': 0.555, 'f1-score': 0.68944099378882, 'support': 200.0}, 'udpplain': {'precision': 0.9798994974874372, 'recall': 0.975, 'f1-score': 0.9774436090225564, 'support': 200.0}, 'accuracy': 0.935, 'macro avg': {'precision': 0.9439869590580824, 'recall': 0.9349999999999999, 'f1-score': 0.9319719887031618, 'support': 1800.0}, 'weighted avg': {'precision': 0.9439869590580823, 'recall': 0.935, 'f1-score': 0.9319719887031618, 'support': 1800.0}}","[[199   0   0   0   0   0   0   1   0]
 [  0 193   0   0   0   0   2   4   1]
 [  0   0 190  10   0   0   0   0   0]
 [  0   1   1 198   0   0   0   0   0]
 [  1   0   0   0 198   0   0   1   0]
 [  0   0   0   0   1 199   0   0   0]
 [  0   0   0   0   0   0 200   0   0]
 [  0   7   0   0   0   1  78 111   3]
 [  0   0   0   0   0   0   0   5 195]]",3.162778377532959,0.0009310245513916016
191,N_BaIoT,-1,None,StandardScaler,LGBM,0.9931377591434494,-1,-1,99.8641975308642,99.38888888888887,0.0763888888888889,99.398448691537,99.38856236269554,-1,"{'0Normal': {'precision': 0.9852216748768473, 'recall': 1.0, 'f1-score': 0.9925558312655086, 'support': 200.0}, 'ack': {'precision': 0.9950248756218906, 'recall': 1.0, 'f1-score': 0.9975062344139651, 'support': 200.0}, 'combo': {'precision': 0.9803921568627451, 'recall': 1.0, 'f1-score': 0.99009900990099, 'support': 200.0}, 'junk': {'precision': 1.0, 'recall': 0.975, 'f1-score': 0.9873417721518987, 'support': 200.0}, 'scan': {'precision': 1.0, 'recall': 0.99, 'f1-score': 0.9949748743718593, 'support': 200.0}, 'syn': {'precision': 1.0, 'recall': 1.0, 'f1-score': 1.0, 'support': 200.0}, 'tcp': {'precision': 0.9852216748768473, 'recall': 1.0, 'f1-score': 0.9925558312655086, 'support': 200.0}, 'udp': {'precision': 1.0, 'recall': 0.985, 'f1-score': 0.9924433249370278, 'support': 200.0}, 'udpplain': {'precision': 1.0, 'recall': 0.995, 'f1-score': 0.9974937343358395, 'support': 200.0}, 'accuracy': 0.9938888888888889, 'macro avg': {'precision': 0.99398448691537, 'recall': 0.9938888888888887, 'f1-score': 0.9938856236269553, 'support': 1800.0}, 'weighted avg': {'precision': 0.9939844869153699, 'recall': 0.9938888888888889, 'f1-score': 0.9938856236269553, 'support': 1800.0}}","[[200   0   0   0   0   0   0   0   0]
 [  0 200   0   0   0   0   0   0   0]
 [  0   0 200   0   0   0   0   0   0]
 [  1   0   4 195   0   0   0   0   0]
 [  2   0   0   0 198   0   0   0   0]
 [  0   0   0   0   0 200   0   0   0]
 [  0   0   0   0   0   0 200   0   0]
 [  0   0   0   0   0   0   3 197   0]
 [  0   1   0   0   0   0   0   0 199]]",1.894869089126587,0.011430025100708008
192,N_BaIoT,-1,None,StandardScaler,RF,0.9507612707886877,-1,-1,98.98765432098764,95.44444444444444,0.5694444444444444,96.66082179632427,95.27315482040564,-1,"{'0Normal': {'precision': 0.9950248756218906, 'recall': 1.0, 'f1-score': 0.9975062344139651, 'support': 200.0}, 'ack': {'precision': 1.0, 'recall': 1.0, 'f1-score': 1.0, 'support': 200.0}, 'combo': {'precision': 0.9900497512437811, 'recall': 0.995, 'f1-score': 0.9925187032418954, 'support': 200.0}, 'junk': {'precision': 0.9949748743718593, 'recall': 0.99, 'f1-score': 0.9924812030075189, 'support': 200.0}, 'scan': {'precision': 1.0, 'recall': 0.995, 'f1-score': 0.9974937343358395, 'support': 200.0}, 'syn': {'precision': 1.0, 'recall': 1.0, 'f1-score': 1.0, 'support': 200.0}, 'tcp': {'precision': 0.7194244604316546, 'recall': 1.0, 'f1-score': 0.8368200836820083, 'support': 200.0}, 'udp': {'precision': 1.0, 'recall': 0.61, 'f1-score': 0.7577639751552795, 'support': 200.0}, 'udpplain': {'precision': 1.0, 'recall': 1.0, 'f1-score': 1.0, 'support': 200.0}, 'accuracy': 0.9544444444444444, 'macro avg': {'precision': 0.9666082179632427, 'recall': 0.9544444444444444, 'f1-score': 0.9527315482040564, 'support': 1800.0}, 'weighted avg': {'precision': 0.9666082179632428, 'recall': 0.9544444444444444, 'f1-score': 0.9527315482040563, 'support': 1800.0}}","[[200   0   0   0   0   0   0   0   0]
 [  0 200   0   0   0   0   0   0   0]
 [  0   0 199   1   0   0   0   0   0]
 [  0   0   2 198   0   0   0   0   0]
 [  1   0   0   0 199   0   0   0   0]
 [  0   0   0   0   0 200   0   0   0]
 [  0   0   0   0   0   0 200   0   0]
 [  0   0   0   0   0   0  78 122   0]
 [  0   0   0   0   0   0   0   0 200]]",0.9158179759979248,0.011006832122802734
193,N_BaIoT,-1,None,StandardScaler,SGD,0.829644898546335,-1,-1,96.54320987654322,84.44444444444446,1.9444444444444444,85.63706823925396,83.1988870884448,-1,"{'0Normal': {'precision': 0.975, 'recall': 0.975, 'f1-score': 0.975, 'support': 200.0}, 'ack': {'precision': 0.8708133971291866, 'recall': 0.91, 'f1-score': 0.8899755501222494, 'support': 200.0}, 'combo': {'precision': 0.9304347826086956, 'recall': 0.535, 'f1-score': 0.6793650793650793, 'support': 200.0}, 'junk': {'precision': 0.6782006920415224, 'recall': 0.98, 'f1-score': 0.8016359918200409, 'support': 200.0}, 'scan': {'precision': 0.9884393063583815, 'recall': 0.855, 'f1-score': 0.9168900804289545, 'support': 200.0}, 'syn': {'precision': 1.0, 'recall': 0.99, 'f1-score': 0.9949748743718593, 'support': 200.0}, 'tcp': {'precision': 0.7194244604316546, 'recall': 1.0, 'f1-score': 0.8368200836820083, 'support': 200.0}, 'udp': {'precision': 0.6952380952380952, 'recall': 0.365, 'f1-score': 0.4786885245901639, 'support': 200.0}, 'udpplain': {'precision': 0.8497854077253219, 'recall': 0.99, 'f1-score': 0.9145496535796765, 'support': 200.0}, 'accuracy': 0.8444444444444444, 'macro avg': {'precision': 0.8563706823925397, 'recall': 0.8444444444444446, 'f1-score': 0.8319888708844481, 'support': 1800.0}, 'weighted avg': {'precision': 0.8563706823925398, 'recall': 0.8444444444444444, 'f1-score': 0.8319888708844481, 'support': 1800.0}}","[[195   0   5   0   0   0   0   0   0]
 [  0 182   0   0   0   0   0   6  12]
 [  0   0 107  93   0   0   0   0   0]
 [  1   0   3 196   0   0   0   0   0]
 [  4   0   0   0 171   0   0  25   0]
 [  0   0   0   0   2 198   0   0   0]
 [  0   0   0   0   0   0 200   0   0]
 [  0  26   0   0   0   0  78  73  23]
 [  0   1   0   0   0   0   0   1 198]]",0.2267599105834961,0.000576019287109375
194,N_BaIoT,-1,rbf,StandardScaler,HHHv2,0.9413549080090775,-1,-1,98.80246913580247,95.77148860114487,0.6736111111111112,94.6111111111111,94.4293538892435,-1,"{'0Normal': {'precision': 0.995, 'recall': 0.9851485148514851, 'f1-score': 0.9900497512437811, 'support': 202.0}, 'ack': {'precision': 0.985, 'recall': 1.0, 'f1-score': 0.9924433249370278, 'support': 197.0}, 'combo': {'precision': 0.965, 'recall': 0.9846938775510204, 'f1-score': 0.9747474747474748, 'support': 196.0}, 'junk': {'precision': 0.995, 'recall': 0.961352657004831, 'f1-score': 0.977886977886978, 'support': 207.0}, 'scan': {'precision': 0.99, 'recall': 0.9850746268656716, 'f1-score': 0.9875311720698254, 'support': 201.0}, 'syn': {'precision': 0.995, 'recall': 1.0, 'f1-score': 0.9974937343358395, 'support': 199.0}, 'tcp': {'precision': 1.0, 'recall': 0.7194244604316546, 'f1-score': 0.8368200836820083, 'support': 278.0}, 'udp': {'precision': 0.605, 'recall': 0.983739837398374, 'f1-score': 0.7492260061919505, 'support': 123.0}, 'udpplain': {'precision': 0.985, 'recall': 1.0, 'f1-score': 0.9924433249370278, 'support': 197.0}, 'accuracy': 0.9461111111111111, 'macro avg': {'precision': 0.946111111111111, 'recall': 0.9577148860114486, 'f1-score': 0.944293538892435, 'support': 1800.0}, 'weighted avg': {'precision': 0.9631083333333333, 'recall': 0.9461111111111111, 'f1-score': 0.9479286833297874, 'support': 1800.0}}","[[199   0   0   1   2   0   0   0   0]
 [  0 197   0   0   0   0   0   0   0]
 [  0   2 193   0   0   0   0   1   0]
 [  1   0   7 199   0   0   0   0   0]
 [  0   0   0   0 198   1   0   0   2]
 [  0   0   0   0   0 199   0   0   0]
 [  0   0   0   0   0   0 200  78   0]
 [  0   1   0   0   0   0   0 121   1]
 [  0   0   0   0   0   0   0   0 197]]",314.84803795814514,0.10527181625366211
195,N_BaIoT,-1,None,StandardScaler,KNN,0.9433087665866681,-1,-1,98.87654320987654,94.94444444444444,0.6319444444444444,95.0426651218601,94.92187064996709,-1,"{'0Normal': {'precision': 0.9852216748768473, 'recall': 1.0, 'f1-score': 0.9925558312655086, 'support': 200.0}, 'ack': {'precision': 0.8248847926267281, 'recall': 0.895, 'f1-score': 0.8585131894484412, 'support': 200.0}, 'combo': {'precision': 0.9840425531914894, 'recall': 0.925, 'f1-score': 0.9536082474226805, 'support': 200.0}, 'junk': {'precision': 0.933649289099526, 'recall': 0.985, 'f1-score': 0.9586374695863747, 'support': 200.0}, 'scan': {'precision': 0.9850746268656716, 'recall': 0.99, 'f1-score': 0.9875311720698254, 'support': 200.0}, 'syn': {'precision': 0.98989898989899, 'recall': 0.98, 'f1-score': 0.9849246231155778, 'support': 200.0}, 'tcp': {'precision': 1.0, 'recall': 1.0, 'f1-score': 1.0, 'support': 200.0}, 'udp': {'precision': 0.9096045197740112, 'recall': 0.805, 'f1-score': 0.8541114058355438, 'support': 200.0}, 'udpplain': {'precision': 0.9414634146341463, 'recall': 0.965, 'f1-score': 0.9530864197530864, 'support': 200.0}, 'accuracy': 0.9494444444444444, 'macro avg': {'precision': 0.950426651218601, 'recall': 0.9494444444444444, 'f1-score': 0.9492187064996709, 'support': 1800.0}, 'weighted avg': {'precision': 0.950426651218601, 'recall': 0.9494444444444444, 'f1-score': 0.9492187064996709, 'support': 1800.0}}","[[200   0   0   0   0   0   0   0   0]
 [  0 179   0   0   0   1   0  12   8]
 [  0   0 185  14   0   1   0   0   0]
 [  1   0   2 197   0   0   0   0   0]
 [  2   0   0   0 198   0   0   0   0]
 [  0   0   1   0   3 196   0   0   0]
 [  0   0   0   0   0   0 200   0   0]
 [  0  35   0   0   0   0   0 161   4]
 [  0   3   0   0   0   0   0   4 193]]",0.0007584095001220703,0.02799391746520996
196,N_BaIoT,-1,None,StandardScaler,LDA,0.7737571180256816,-1,-1,95.39506172839506,79.27777777777779,2.5902777777777777,81.49622953250606,77.1816540927053,-1,"{'0Normal': {'precision': 0.9897959183673469, 'recall': 0.97, 'f1-score': 0.9797979797979798, 'support': 200.0}, 'ack': {'precision': 0.6185185185185185, 'recall': 0.835, 'f1-score': 0.7106382978723403, 'support': 200.0}, 'combo': {'precision': 0.889763779527559, 'recall': 0.565, 'f1-score': 0.691131498470948, 'support': 200.0}, 'junk': {'precision': 0.6762589928057554, 'recall': 0.94, 'f1-score': 0.7866108786610878, 'support': 200.0}, 'scan': {'precision': 0.9392265193370166, 'recall': 0.85, 'f1-score': 0.8923884514435695, 'support': 200.0}, 'syn': {'precision': 0.984375, 'recall': 0.945, 'f1-score': 0.9642857142857143, 'support': 200.0}, 'tcp': {'precision': 0.6578947368421053, 'recall': 1.0, 'f1-score': 0.7936507936507937, 'support': 200.0}, 'udp': {'precision': 0.7446808510638298, 'recall': 0.175, 'f1-score': 0.2834008097165992, 'support': 200.0}, 'udpplain': {'precision': 0.8341463414634146, 'recall': 0.855, 'f1-score': 0.8444444444444444, 'support': 200.0}, 'accuracy': 0.7927777777777778, 'macro avg': {'precision': 0.8149622953250607, 'recall': 0.7927777777777778, 'f1-score': 0.771816540927053, 'support': 1800.0}, 'weighted avg': {'precision': 0.8149622953250606, 'recall': 0.7927777777777778, 'f1-score': 0.771816540927053, 'support': 1800.0}}","[[194   1   0   1   0   2   0   2   0]
 [  0 167   0   0   3   0   0   8  22]
 [  0   0 113  86   0   1   0   0   0]
 [  0   1  11 188   0   0   0   0   0]
 [  2   0   0   3 170   0  25   0   0]
 [  0   0   3   0   7 189   1   0   0]
 [  0   0   0   0   0   0 200   0   0]
 [  0  74   0   0   1   0  78  35  12]
 [  0  27   0   0   0   0   0   2 171]]",0.021948814392089844,0.0005345344543457031
197,N_BaIoT,-1,None,StandardScaler,MLP,0.9289143996005031,-1,-1,98.55555555555556,93.5,0.8125,94.39869590580824,93.19719887031617,-1,"{'0Normal': {'precision': 0.995, 'recall': 0.995, 'f1-score': 0.995, 'support': 200.0}, 'ack': {'precision': 0.9601990049751243, 'recall': 0.965, 'f1-score': 0.9625935162094762, 'support': 200.0}, 'combo': {'precision': 0.9947643979057592, 'recall': 0.95, 'f1-score': 0.9718670076726342, 'support': 200.0}, 'junk': {'precision': 0.9519230769230769, 'recall': 0.99, 'f1-score': 0.9705882352941176, 'support': 200.0}, 'scan': {'precision': 0.9949748743718593, 'recall': 0.99, 'f1-score': 0.9924812030075189, 'support': 200.0}, 'syn': {'precision': 0.995, 'recall': 0.995, 'f1-score': 0.995, 'support': 200.0}, 'tcp': {'precision': 0.7142857142857143, 'recall': 1.0, 'f1-score': 0.8333333333333333, 'support': 200.0}, 'udp': {'precision': 0.9098360655737705, 'recall': 0.555, 'f1-score': 0.68944099378882, 'support': 200.0}, 'udpplain': {'precision': 0.9798994974874372, 'recall': 0.975, 'f1-score': 0.9774436090225564, 'support': 200.0}, 'accuracy': 0.935, 'macro avg': {'precision': 0.9439869590580824, 'recall': 0.9349999999999999, 'f1-score': 0.9319719887031618, 'support': 1800.0}, 'weighted avg': {'precision': 0.9439869590580823, 'recall': 0.935, 'f1-score': 0.9319719887031618, 'support': 1800.0}}","[[199   0   0   0   0   0   0   1   0]
 [  0 193   0   0   0   0   2   4   1]
 [  0   0 190  10   0   0   0   0   0]
 [  0   1   1 198   0   0   0   0   0]
 [  1   0   0   0 198   0   0   1   0]
 [  0   0   0   0   1 199   0   0   0]
 [  0   0   0   0   0   0 200   0   0]
 [  0   7   0   0   0   1  78 111   3]
 [  0   0   0   0   0   0   0   5 195]]",3.141052484512329,0.0009167194366455078
198,N_BaIoT,-1,None,StandardScaler,LGBM,0.9931377591434494,-1,-1,99.8641975308642,99.38888888888887,0.0763888888888889,99.398448691537,99.38856236269554,-1,"{'0Normal': {'precision': 0.9852216748768473, 'recall': 1.0, 'f1-score': 0.9925558312655086, 'support': 200.0}, 'ack': {'precision': 0.9950248756218906, 'recall': 1.0, 'f1-score': 0.9975062344139651, 'support': 200.0}, 'combo': {'precision': 0.9803921568627451, 'recall': 1.0, 'f1-score': 0.99009900990099, 'support': 200.0}, 'junk': {'precision': 1.0, 'recall': 0.975, 'f1-score': 0.9873417721518987, 'support': 200.0}, 'scan': {'precision': 1.0, 'recall': 0.99, 'f1-score': 0.9949748743718593, 'support': 200.0}, 'syn': {'precision': 1.0, 'recall': 1.0, 'f1-score': 1.0, 'support': 200.0}, 'tcp': {'precision': 0.9852216748768473, 'recall': 1.0, 'f1-score': 0.9925558312655086, 'support': 200.0}, 'udp': {'precision': 1.0, 'recall': 0.985, 'f1-score': 0.9924433249370278, 'support': 200.0}, 'udpplain': {'precision': 1.0, 'recall': 0.995, 'f1-score': 0.9974937343358395, 'support': 200.0}, 'accuracy': 0.9938888888888889, 'macro avg': {'precision': 0.99398448691537, 'recall': 0.9938888888888887, 'f1-score': 0.9938856236269553, 'support': 1800.0}, 'weighted avg': {'precision': 0.9939844869153699, 'recall': 0.9938888888888889, 'f1-score': 0.9938856236269553, 'support': 1800.0}}","[[200   0   0   0   0   0   0   0   0]
 [  0 200   0   0   0   0   0   0   0]
 [  0   0 200   0   0   0   0   0   0]
 [  1   0   4 195   0   0   0   0   0]
 [  2   0   0   0 198   0   0   0   0]
 [  0   0   0   0   0 200   0   0   0]
 [  0   0   0   0   0   0 200   0   0]
 [  0   0   0   0   0   0   3 197   0]
 [  0   1   0   0   0   0   0   0 199]]",1.9400379657745361,0.011372804641723633
199,N_BaIoT,-1,None,StandardScaler,RF,0.9507612707886877,-1,-1,98.98765432098764,95.44444444444444,0.5694444444444444,96.66082179632427,95.27315482040564,-1,"{'0Normal': {'precision': 0.9950248756218906, 'recall': 1.0, 'f1-score': 0.9975062344139651, 'support': 200.0}, 'ack': {'precision': 1.0, 'recall': 1.0, 'f1-score': 1.0, 'support': 200.0}, 'combo': {'precision': 0.9900497512437811, 'recall': 0.995, 'f1-score': 0.9925187032418954, 'support': 200.0}, 'junk': {'precision': 0.9949748743718593, 'recall': 0.99, 'f1-score': 0.9924812030075189, 'support': 200.0}, 'scan': {'precision': 1.0, 'recall': 0.995, 'f1-score': 0.9974937343358395, 'support': 200.0}, 'syn': {'precision': 1.0, 'recall': 1.0, 'f1-score': 1.0, 'support': 200.0}, 'tcp': {'precision': 0.7194244604316546, 'recall': 1.0, 'f1-score': 0.8368200836820083, 'support': 200.0}, 'udp': {'precision': 1.0, 'recall': 0.61, 'f1-score': 0.7577639751552795, 'support': 200.0}, 'udpplain': {'precision': 1.0, 'recall': 1.0, 'f1-score': 1.0, 'support': 200.0}, 'accuracy': 0.9544444444444444, 'macro avg': {'precision': 0.9666082179632427, 'recall': 0.9544444444444444, 'f1-score': 0.9527315482040564, 'support': 1800.0}, 'weighted avg': {'precision': 0.9666082179632428, 'recall': 0.9544444444444444, 'f1-score': 0.9527315482040563, 'support': 1800.0}}","[[200   0   0   0   0   0   0   0   0]
 [  0 200   0   0   0   0   0   0   0]
 [  0   0 199   1   0   0   0   0   0]
 [  0   0   2 198   0   0   0   0   0]
 [  1   0   0   0 199   0   0   0   0]
 [  0   0   0   0   0 200   0   0   0]
 [  0   0   0   0   0   0 200   0   0]
 [  0   0   0   0   0   0  78 122   0]
 [  0   0   0   0   0   0   0   0 200]]",0.9359471797943115,0.011030435562133789
200,N_BaIoT,-1,None,StandardScaler,SGD,0.829644898546335,-1,-1,96.54320987654322,84.44444444444446,1.9444444444444444,85.63706823925396,83.1988870884448,-1,"{'0Normal': {'precision': 0.975, 'recall': 0.975, 'f1-score': 0.975, 'support': 200.0}, 'ack': {'precision': 0.8708133971291866, 'recall': 0.91, 'f1-score': 0.8899755501222494, 'support': 200.0}, 'combo': {'precision': 0.9304347826086956, 'recall': 0.535, 'f1-score': 0.6793650793650793, 'support': 200.0}, 'junk': {'precision': 0.6782006920415224, 'recall': 0.98, 'f1-score': 0.8016359918200409, 'support': 200.0}, 'scan': {'precision': 0.9884393063583815, 'recall': 0.855, 'f1-score': 0.9168900804289545, 'support': 200.0}, 'syn': {'precision': 1.0, 'recall': 0.99, 'f1-score': 0.9949748743718593, 'support': 200.0}, 'tcp': {'precision': 0.7194244604316546, 'recall': 1.0, 'f1-score': 0.8368200836820083, 'support': 200.0}, 'udp': {'precision': 0.6952380952380952, 'recall': 0.365, 'f1-score': 0.4786885245901639, 'support': 200.0}, 'udpplain': {'precision': 0.8497854077253219, 'recall': 0.99, 'f1-score': 0.9145496535796765, 'support': 200.0}, 'accuracy': 0.8444444444444444, 'macro avg': {'precision': 0.8563706823925397, 'recall': 0.8444444444444446, 'f1-score': 0.8319888708844481, 'support': 1800.0}, 'weighted avg': {'precision': 0.8563706823925398, 'recall': 0.8444444444444444, 'f1-score': 0.8319888708844481, 'support': 1800.0}}","[[195   0   5   0   0   0   0   0   0]
 [  0 182   0   0   0   0   0   6  12]
 [  0   0 107  93   0   0   0   0   0]
 [  1   0   3 196   0   0   0   0   0]
 [  4   0   0   0 171   0   0  25   0]
 [  0   0   0   0   2 198   0   0   0]
 [  0   0   0   0   0   0 200   0   0]
 [  0  26   0   0   0   0  78  73  23]
 [  0   1   0   0   0   0   0   1 198]]",0.23517322540283203,0.0006182193756103516
201,N_BaIoT,-1,poly,StandardScaler,HHHv2,0.9345120157477359,-1,-1,98.66666666666667,95.18103059718676,0.75,94.0,93.84177748909592,-1,"{'0Normal': {'precision': 0.955, 'recall': 0.9896373056994818, 'f1-score': 0.9720101781170483, 'support': 193.0}, 'ack': {'precision': 0.98, 'recall': 0.9849246231155779, 'f1-score': 0.9824561403508771, 'support': 199.0}, 'combo': {'precision': 0.96, 'recall': 0.9896907216494846, 'f1-score': 0.9746192893401014, 'support': 194.0}, 'junk': {'precision': 0.995, 'recall': 0.9521531100478469, 'f1-score': 0.9731051344743276, 'support': 209.0}, 'scan': {'precision': 0.97, 'recall': 0.9948717948717949, 'f1-score': 0.9822784810126582, 'support': 195.0}, 'syn': {'precision': 1.0, 'recall': 0.9852216748768473, 'f1-score': 0.9925558312655086, 'support': 203.0}, 'tcp': {'precision': 1.0, 'recall': 0.7117437722419929, 'f1-score': 0.8316008316008316, 'support': 281.0}, 'udp': {'precision': 0.605, 'recall': 0.968, 'f1-score': 0.7446153846153846, 'support': 125.0}, 'udpplain': {'precision': 0.995, 'recall': 0.9900497512437811, 'f1-score': 0.9925187032418954, 'support': 201.0}, 'accuracy': 0.94, 'macro avg': {'precision': 0.94, 'recall': 0.9518103059718676, 'f1-score': 0.9384177748909591, 'support': 1800.0}, 'weighted avg': {'precision': 0.9568333333333332, 'recall': 0.94, 'f1-score': 0.9415822251090407, 'support': 1800.0}}","[[191   0   0   1   1   0   0   0   0]
 [  3 196   0   0   0   0   0   0   0]
 [  0   2 192   0   0   0   0   0   0]
 [  1   0   8 199   0   0   0   1   0]
 [  1   0   0   0 194   0   0   0   0]
 [  0   0   0   0   3 200   0   0   0]
 [  0   1   0   0   2   0 200  78   0]
 [  2   1   0   0   0   0   0 121   1]
 [  2   0   0   0   0   0   0   0 199]]",314.5751452445984,0.14522433280944824
202,N_BaIoT,-1,None,StandardScaler,KNN,0.9433087665866681,-1,-1,98.87654320987654,94.94444444444444,0.6319444444444444,95.0426651218601,94.92187064996709,-1,"{'0Normal': {'precision': 0.9852216748768473, 'recall': 1.0, 'f1-score': 0.9925558312655086, 'support': 200.0}, 'ack': {'precision': 0.8248847926267281, 'recall': 0.895, 'f1-score': 0.8585131894484412, 'support': 200.0}, 'combo': {'precision': 0.9840425531914894, 'recall': 0.925, 'f1-score': 0.9536082474226805, 'support': 200.0}, 'junk': {'precision': 0.933649289099526, 'recall': 0.985, 'f1-score': 0.9586374695863747, 'support': 200.0}, 'scan': {'precision': 0.9850746268656716, 'recall': 0.99, 'f1-score': 0.9875311720698254, 'support': 200.0}, 'syn': {'precision': 0.98989898989899, 'recall': 0.98, 'f1-score': 0.9849246231155778, 'support': 200.0}, 'tcp': {'precision': 1.0, 'recall': 1.0, 'f1-score': 1.0, 'support': 200.0}, 'udp': {'precision': 0.9096045197740112, 'recall': 0.805, 'f1-score': 0.8541114058355438, 'support': 200.0}, 'udpplain': {'precision': 0.9414634146341463, 'recall': 0.965, 'f1-score': 0.9530864197530864, 'support': 200.0}, 'accuracy': 0.9494444444444444, 'macro avg': {'precision': 0.950426651218601, 'recall': 0.9494444444444444, 'f1-score': 0.9492187064996709, 'support': 1800.0}, 'weighted avg': {'precision': 0.950426651218601, 'recall': 0.9494444444444444, 'f1-score': 0.9492187064996709, 'support': 1800.0}}","[[200   0   0   0   0   0   0   0   0]
 [  0 179   0   0   0   1   0  12   8]
 [  0   0 185  14   0   1   0   0   0]
 [  1   0   2 197   0   0   0   0   0]
 [  2   0   0   0 198   0   0   0   0]
 [  0   0   1   0   3 196   0   0   0]
 [  0   0   0   0   0   0 200   0   0]
 [  0  35   0   0   0   0   0 161   4]
 [  0   3   0   0   0   0   0   4 193]]",0.0007419586181640625,0.022943496704101562
203,N_BaIoT,-1,None,StandardScaler,LDA,0.7737571180256816,-1,-1,95.39506172839506,79.27777777777779,2.5902777777777777,81.49622953250606,77.1816540927053,-1,"{'0Normal': {'precision': 0.9897959183673469, 'recall': 0.97, 'f1-score': 0.9797979797979798, 'support': 200.0}, 'ack': {'precision': 0.6185185185185185, 'recall': 0.835, 'f1-score': 0.7106382978723403, 'support': 200.0}, 'combo': {'precision': 0.889763779527559, 'recall': 0.565, 'f1-score': 0.691131498470948, 'support': 200.0}, 'junk': {'precision': 0.6762589928057554, 'recall': 0.94, 'f1-score': 0.7866108786610878, 'support': 200.0}, 'scan': {'precision': 0.9392265193370166, 'recall': 0.85, 'f1-score': 0.8923884514435695, 'support': 200.0}, 'syn': {'precision': 0.984375, 'recall': 0.945, 'f1-score': 0.9642857142857143, 'support': 200.0}, 'tcp': {'precision': 0.6578947368421053, 'recall': 1.0, 'f1-score': 0.7936507936507937, 'support': 200.0}, 'udp': {'precision': 0.7446808510638298, 'recall': 0.175, 'f1-score': 0.2834008097165992, 'support': 200.0}, 'udpplain': {'precision': 0.8341463414634146, 'recall': 0.855, 'f1-score': 0.8444444444444444, 'support': 200.0}, 'accuracy': 0.7927777777777778, 'macro avg': {'precision': 0.8149622953250607, 'recall': 0.7927777777777778, 'f1-score': 0.771816540927053, 'support': 1800.0}, 'weighted avg': {'precision': 0.8149622953250606, 'recall': 0.7927777777777778, 'f1-score': 0.771816540927053, 'support': 1800.0}}","[[194   1   0   1   0   2   0   2   0]
 [  0 167   0   0   3   0   0   8  22]
 [  0   0 113  86   0   1   0   0   0]
 [  0   1  11 188   0   0   0   0   0]
 [  2   0   0   3 170   0  25   0   0]
 [  0   0   3   0   7 189   1   0   0]
 [  0   0   0   0   0   0 200   0   0]
 [  0  74   0   0   1   0  78  35  12]
 [  0  27   0   0   0   0   0   2 171]]",0.02353501319885254,0.0004477500915527344
204,N_BaIoT,-1,None,StandardScaler,MLP,0.9289143996005031,-1,-1,98.55555555555556,93.5,0.8125,94.39869590580824,93.19719887031617,-1,"{'0Normal': {'precision': 0.995, 'recall': 0.995, 'f1-score': 0.995, 'support': 200.0}, 'ack': {'precision': 0.9601990049751243, 'recall': 0.965, 'f1-score': 0.9625935162094762, 'support': 200.0}, 'combo': {'precision': 0.9947643979057592, 'recall': 0.95, 'f1-score': 0.9718670076726342, 'support': 200.0}, 'junk': {'precision': 0.9519230769230769, 'recall': 0.99, 'f1-score': 0.9705882352941176, 'support': 200.0}, 'scan': {'precision': 0.9949748743718593, 'recall': 0.99, 'f1-score': 0.9924812030075189, 'support': 200.0}, 'syn': {'precision': 0.995, 'recall': 0.995, 'f1-score': 0.995, 'support': 200.0}, 'tcp': {'precision': 0.7142857142857143, 'recall': 1.0, 'f1-score': 0.8333333333333333, 'support': 200.0}, 'udp': {'precision': 0.9098360655737705, 'recall': 0.555, 'f1-score': 0.68944099378882, 'support': 200.0}, 'udpplain': {'precision': 0.9798994974874372, 'recall': 0.975, 'f1-score': 0.9774436090225564, 'support': 200.0}, 'accuracy': 0.935, 'macro avg': {'precision': 0.9439869590580824, 'recall': 0.9349999999999999, 'f1-score': 0.9319719887031618, 'support': 1800.0}, 'weighted avg': {'precision': 0.9439869590580823, 'recall': 0.935, 'f1-score': 0.9319719887031618, 'support': 1800.0}}","[[199   0   0   0   0   0   0   1   0]
 [  0 193   0   0   0   0   2   4   1]
 [  0   0 190  10   0   0   0   0   0]
 [  0   1   1 198   0   0   0   0   0]
 [  1   0   0   0 198   0   0   1   0]
 [  0   0   0   0   1 199   0   0   0]
 [  0   0   0   0   0   0 200   0   0]
 [  0   7   0   0   0   1  78 111   3]
 [  0   0   0   0   0   0   0   5 195]]",3.1179375648498535,0.0008962154388427734
205,N_BaIoT,-1,None,StandardScaler,LGBM,0.9931377591434494,-1,-1,99.8641975308642,99.38888888888887,0.0763888888888889,99.398448691537,99.38856236269554,-1,"{'0Normal': {'precision': 0.9852216748768473, 'recall': 1.0, 'f1-score': 0.9925558312655086, 'support': 200.0}, 'ack': {'precision': 0.9950248756218906, 'recall': 1.0, 'f1-score': 0.9975062344139651, 'support': 200.0}, 'combo': {'precision': 0.9803921568627451, 'recall': 1.0, 'f1-score': 0.99009900990099, 'support': 200.0}, 'junk': {'precision': 1.0, 'recall': 0.975, 'f1-score': 0.9873417721518987, 'support': 200.0}, 'scan': {'precision': 1.0, 'recall': 0.99, 'f1-score': 0.9949748743718593, 'support': 200.0}, 'syn': {'precision': 1.0, 'recall': 1.0, 'f1-score': 1.0, 'support': 200.0}, 'tcp': {'precision': 0.9852216748768473, 'recall': 1.0, 'f1-score': 0.9925558312655086, 'support': 200.0}, 'udp': {'precision': 1.0, 'recall': 0.985, 'f1-score': 0.9924433249370278, 'support': 200.0}, 'udpplain': {'precision': 1.0, 'recall': 0.995, 'f1-score': 0.9974937343358395, 'support': 200.0}, 'accuracy': 0.9938888888888889, 'macro avg': {'precision': 0.99398448691537, 'recall': 0.9938888888888887, 'f1-score': 0.9938856236269553, 'support': 1800.0}, 'weighted avg': {'precision': 0.9939844869153699, 'recall': 0.9938888888888889, 'f1-score': 0.9938856236269553, 'support': 1800.0}}","[[200   0   0   0   0   0   0   0   0]
 [  0 200   0   0   0   0   0   0   0]
 [  0   0 200   0   0   0   0   0   0]
 [  1   0   4 195   0   0   0   0   0]
 [  2   0   0   0 198   0   0   0   0]
 [  0   0   0   0   0 200   0   0   0]
 [  0   0   0   0   0   0 200   0   0]
 [  0   0   0   0   0   0   3 197   0]
 [  0   1   0   0   0   0   0   0 199]]",1.9372165203094482,0.013422012329101562
206,N_BaIoT,-1,None,StandardScaler,RF,0.9507612707886877,-1,-1,98.98765432098764,95.44444444444444,0.5694444444444444,96.66082179632427,95.27315482040564,-1,"{'0Normal': {'precision': 0.9950248756218906, 'recall': 1.0, 'f1-score': 0.9975062344139651, 'support': 200.0}, 'ack': {'precision': 1.0, 'recall': 1.0, 'f1-score': 1.0, 'support': 200.0}, 'combo': {'precision': 0.9900497512437811, 'recall': 0.995, 'f1-score': 0.9925187032418954, 'support': 200.0}, 'junk': {'precision': 0.9949748743718593, 'recall': 0.99, 'f1-score': 0.9924812030075189, 'support': 200.0}, 'scan': {'precision': 1.0, 'recall': 0.995, 'f1-score': 0.9974937343358395, 'support': 200.0}, 'syn': {'precision': 1.0, 'recall': 1.0, 'f1-score': 1.0, 'support': 200.0}, 'tcp': {'precision': 0.7194244604316546, 'recall': 1.0, 'f1-score': 0.8368200836820083, 'support': 200.0}, 'udp': {'precision': 1.0, 'recall': 0.61, 'f1-score': 0.7577639751552795, 'support': 200.0}, 'udpplain': {'precision': 1.0, 'recall': 1.0, 'f1-score': 1.0, 'support': 200.0}, 'accuracy': 0.9544444444444444, 'macro avg': {'precision': 0.9666082179632427, 'recall': 0.9544444444444444, 'f1-score': 0.9527315482040564, 'support': 1800.0}, 'weighted avg': {'precision': 0.9666082179632428, 'recall': 0.9544444444444444, 'f1-score': 0.9527315482040563, 'support': 1800.0}}","[[200   0   0   0   0   0   0   0   0]
 [  0 200   0   0   0   0   0   0   0]
 [  0   0 199   1   0   0   0   0   0]
 [  0   0   2 198   0   0   0   0   0]
 [  1   0   0   0 199   0   0   0   0]
 [  0   0   0   0   0 200   0   0   0]
 [  0   0   0   0   0   0 200   0   0]
 [  0   0   0   0   0   0  78 122   0]
 [  0   0   0   0   0   0   0   0 200]]",0.9180259704589844,0.010890483856201172
207,N_BaIoT,-1,None,StandardScaler,SGD,0.829644898546335,-1,-1,96.54320987654322,84.44444444444446,1.9444444444444444,85.63706823925396,83.1988870884448,-1,"{'0Normal': {'precision': 0.975, 'recall': 0.975, 'f1-score': 0.975, 'support': 200.0}, 'ack': {'precision': 0.8708133971291866, 'recall': 0.91, 'f1-score': 0.8899755501222494, 'support': 200.0}, 'combo': {'precision': 0.9304347826086956, 'recall': 0.535, 'f1-score': 0.6793650793650793, 'support': 200.0}, 'junk': {'precision': 0.6782006920415224, 'recall': 0.98, 'f1-score': 0.8016359918200409, 'support': 200.0}, 'scan': {'precision': 0.9884393063583815, 'recall': 0.855, 'f1-score': 0.9168900804289545, 'support': 200.0}, 'syn': {'precision': 1.0, 'recall': 0.99, 'f1-score': 0.9949748743718593, 'support': 200.0}, 'tcp': {'precision': 0.7194244604316546, 'recall': 1.0, 'f1-score': 0.8368200836820083, 'support': 200.0}, 'udp': {'precision': 0.6952380952380952, 'recall': 0.365, 'f1-score': 0.4786885245901639, 'support': 200.0}, 'udpplain': {'precision': 0.8497854077253219, 'recall': 0.99, 'f1-score': 0.9145496535796765, 'support': 200.0}, 'accuracy': 0.8444444444444444, 'macro avg': {'precision': 0.8563706823925397, 'recall': 0.8444444444444446, 'f1-score': 0.8319888708844481, 'support': 1800.0}, 'weighted avg': {'precision': 0.8563706823925398, 'recall': 0.8444444444444444, 'f1-score': 0.8319888708844481, 'support': 1800.0}}","[[195   0   5   0   0   0   0   0   0]
 [  0 182   0   0   0   0   0   6  12]
 [  0   0 107  93   0   0   0   0   0]
 [  1   0   3 196   0   0   0   0   0]
 [  4   0   0   0 171   0   0  25   0]
 [  0   0   0   0   2 198   0   0   0]
 [  0   0   0   0   0   0 200   0   0]
 [  0  26   0   0   0   0  78  73  23]
 [  0   1   0   0   0   0   0   1 198]]",0.2287888526916504,0.0006556510925292969
208,N_BaIoT,-1,linear,StandardScaler,HHHv2,0.7545712764394855,-1,-1,94.98765432098766,81.48211100613577,2.8194444444444446,77.44444444444444,74.92650245937457,-1,"{'0Normal': {'precision': 0.965, 'recall': 0.9747474747474747, 'f1-score': 0.9698492462311558, 'support': 198.0}, 'ack': {'precision': 0.76, 'recall': 0.6007905138339921, 'f1-score': 0.6710816777041942, 'support': 253.0}, 'combo': {'precision': 0.555, 'recall': 0.9024390243902439, 'f1-score': 0.6873065015479878, 'support': 123.0}, 'junk': {'precision': 0.96, 'recall': 0.6832740213523132, 'f1-score': 0.7983367983367983, 'support': 281.0}, 'scan': {'precision': 0.735, 'recall': 0.9423076923076923, 'f1-score': 0.8258426966292134, 'support': 156.0}, 'syn': {'precision': 0.97, 'recall': 0.9897959183673469, 'f1-score': 0.9797979797979798, 'support': 196.0}, 'tcp': {'precision': 1.0, 'recall': 0.6116207951070336, 'f1-score': 0.7590132827324478, 'support': 327.0}, 'udp': {'precision': 0.135, 'recall': 0.8709677419354839, 'f1-score': 0.2337662337662338, 'support': 31.0}, 'udpplain': {'precision': 0.89, 'recall': 0.7574468085106383, 'f1-score': 0.8183908045977011, 'support': 235.0}, 'accuracy': 0.7744444444444445, 'macro avg': {'precision': 0.7744444444444444, 'recall': 0.8148211100613576, 'f1-score': 0.7492650245937458, 'support': 1800.0}, 'weighted avg': {'precision': 0.8702722222222222, 'recall': 0.7744444444444445, 'f1-score': 0.7996238642951432, 'support': 1800.0}}","[[193   1   0   1   3   0   0   0   0]
 [  0 152   0   0   0   0   0  80  21]
 [  2   0 111   7   3   0   0   0   0]
 [  0   0  89 192   0   0   0   0   0]
 [  1   2   0   0 147   5   0   1   0]
 [  2   0   0   0   0 194   0   0   0]
 [  1   0   0   0  47   1 200  78   0]
 [  1   2   0   0   0   0   0  27   1]
 [  0  43   0   0   0   0   0  14 178]]",313.6339590549469,0.032108306884765625
209,N_BaIoT,-1,None,StandardScaler,KNN,0.9433087665866681,-1,-1,98.87654320987654,94.94444444444444,0.6319444444444444,95.0426651218601,94.92187064996709,-1,"{'0Normal': {'precision': 0.9852216748768473, 'recall': 1.0, 'f1-score': 0.9925558312655086, 'support': 200.0}, 'ack': {'precision': 0.8248847926267281, 'recall': 0.895, 'f1-score': 0.8585131894484412, 'support': 200.0}, 'combo': {'precision': 0.9840425531914894, 'recall': 0.925, 'f1-score': 0.9536082474226805, 'support': 200.0}, 'junk': {'precision': 0.933649289099526, 'recall': 0.985, 'f1-score': 0.9586374695863747, 'support': 200.0}, 'scan': {'precision': 0.9850746268656716, 'recall': 0.99, 'f1-score': 0.9875311720698254, 'support': 200.0}, 'syn': {'precision': 0.98989898989899, 'recall': 0.98, 'f1-score': 0.9849246231155778, 'support': 200.0}, 'tcp': {'precision': 1.0, 'recall': 1.0, 'f1-score': 1.0, 'support': 200.0}, 'udp': {'precision': 0.9096045197740112, 'recall': 0.805, 'f1-score': 0.8541114058355438, 'support': 200.0}, 'udpplain': {'precision': 0.9414634146341463, 'recall': 0.965, 'f1-score': 0.9530864197530864, 'support': 200.0}, 'accuracy': 0.9494444444444444, 'macro avg': {'precision': 0.950426651218601, 'recall': 0.9494444444444444, 'f1-score': 0.9492187064996709, 'support': 1800.0}, 'weighted avg': {'precision': 0.950426651218601, 'recall': 0.9494444444444444, 'f1-score': 0.9492187064996709, 'support': 1800.0}}","[[200   0   0   0   0   0   0   0   0]
 [  0 179   0   0   0   1   0  12   8]
 [  0   0 185  14   0   1   0   0   0]
 [  1   0   2 197   0   0   0   0   0]
 [  2   0   0   0 198   0   0   0   0]
 [  0   0   1   0   3 196   0   0   0]
 [  0   0   0   0   0   0 200   0   0]
 [  0  35   0   0   0   0   0 161   4]
 [  0   3   0   0   0   0   0   4 193]]",0.0007405281066894531,0.0216219425201416
210,N_BaIoT,-1,None,StandardScaler,LDA,0.7737571180256816,-1,-1,95.39506172839506,79.27777777777779,2.5902777777777777,81.49622953250606,77.1816540927053,-1,"{'0Normal': {'precision': 0.9897959183673469, 'recall': 0.97, 'f1-score': 0.9797979797979798, 'support': 200.0}, 'ack': {'precision': 0.6185185185185185, 'recall': 0.835, 'f1-score': 0.7106382978723403, 'support': 200.0}, 'combo': {'precision': 0.889763779527559, 'recall': 0.565, 'f1-score': 0.691131498470948, 'support': 200.0}, 'junk': {'precision': 0.6762589928057554, 'recall': 0.94, 'f1-score': 0.7866108786610878, 'support': 200.0}, 'scan': {'precision': 0.9392265193370166, 'recall': 0.85, 'f1-score': 0.8923884514435695, 'support': 200.0}, 'syn': {'precision': 0.984375, 'recall': 0.945, 'f1-score': 0.9642857142857143, 'support': 200.0}, 'tcp': {'precision': 0.6578947368421053, 'recall': 1.0, 'f1-score': 0.7936507936507937, 'support': 200.0}, 'udp': {'precision': 0.7446808510638298, 'recall': 0.175, 'f1-score': 0.2834008097165992, 'support': 200.0}, 'udpplain': {'precision': 0.8341463414634146, 'recall': 0.855, 'f1-score': 0.8444444444444444, 'support': 200.0}, 'accuracy': 0.7927777777777778, 'macro avg': {'precision': 0.8149622953250607, 'recall': 0.7927777777777778, 'f1-score': 0.771816540927053, 'support': 1800.0}, 'weighted avg': {'precision': 0.8149622953250606, 'recall': 0.7927777777777778, 'f1-score': 0.771816540927053, 'support': 1800.0}}","[[194   1   0   1   0   2   0   2   0]
 [  0 167   0   0   3   0   0   8  22]
 [  0   0 113  86   0   1   0   0   0]
 [  0   1  11 188   0   0   0   0   0]
 [  2   0   0   3 170   0  25   0   0]
 [  0   0   3   0   7 189   1   0   0]
 [  0   0   0   0   0   0 200   0   0]
 [  0  74   0   0   1   0  78  35  12]
 [  0  27   0   0   0   0   0   2 171]]",0.02208733558654785,0.0004558563232421875
211,N_BaIoT,-1,None,StandardScaler,MLP,0.9289143996005031,-1,-1,98.55555555555556,93.5,0.8125,94.39869590580824,93.19719887031617,-1,"{'0Normal': {'precision': 0.995, 'recall': 0.995, 'f1-score': 0.995, 'support': 200.0}, 'ack': {'precision': 0.9601990049751243, 'recall': 0.965, 'f1-score': 0.9625935162094762, 'support': 200.0}, 'combo': {'precision': 0.9947643979057592, 'recall': 0.95, 'f1-score': 0.9718670076726342, 'support': 200.0}, 'junk': {'precision': 0.9519230769230769, 'recall': 0.99, 'f1-score': 0.9705882352941176, 'support': 200.0}, 'scan': {'precision': 0.9949748743718593, 'recall': 0.99, 'f1-score': 0.9924812030075189, 'support': 200.0}, 'syn': {'precision': 0.995, 'recall': 0.995, 'f1-score': 0.995, 'support': 200.0}, 'tcp': {'precision': 0.7142857142857143, 'recall': 1.0, 'f1-score': 0.8333333333333333, 'support': 200.0}, 'udp': {'precision': 0.9098360655737705, 'recall': 0.555, 'f1-score': 0.68944099378882, 'support': 200.0}, 'udpplain': {'precision': 0.9798994974874372, 'recall': 0.975, 'f1-score': 0.9774436090225564, 'support': 200.0}, 'accuracy': 0.935, 'macro avg': {'precision': 0.9439869590580824, 'recall': 0.9349999999999999, 'f1-score': 0.9319719887031618, 'support': 1800.0}, 'weighted avg': {'precision': 0.9439869590580823, 'recall': 0.935, 'f1-score': 0.9319719887031618, 'support': 1800.0}}","[[199   0   0   0   0   0   0   1   0]
 [  0 193   0   0   0   0   2   4   1]
 [  0   0 190  10   0   0   0   0   0]
 [  0   1   1 198   0   0   0   0   0]
 [  1   0   0   0 198   0   0   1   0]
 [  0   0   0   0   1 199   0   0   0]
 [  0   0   0   0   0   0 200   0   0]
 [  0   7   0   0   0   1  78 111   3]
 [  0   0   0   0   0   0   0   5 195]]",3.171720504760742,0.0009086132049560547
212,N_BaIoT,-1,None,StandardScaler,LGBM,0.9931377591434494,-1,-1,99.8641975308642,99.38888888888887,0.0763888888888889,99.398448691537,99.38856236269554,-1,"{'0Normal': {'precision': 0.9852216748768473, 'recall': 1.0, 'f1-score': 0.9925558312655086, 'support': 200.0}, 'ack': {'precision': 0.9950248756218906, 'recall': 1.0, 'f1-score': 0.9975062344139651, 'support': 200.0}, 'combo': {'precision': 0.9803921568627451, 'recall': 1.0, 'f1-score': 0.99009900990099, 'support': 200.0}, 'junk': {'precision': 1.0, 'recall': 0.975, 'f1-score': 0.9873417721518987, 'support': 200.0}, 'scan': {'precision': 1.0, 'recall': 0.99, 'f1-score': 0.9949748743718593, 'support': 200.0}, 'syn': {'precision': 1.0, 'recall': 1.0, 'f1-score': 1.0, 'support': 200.0}, 'tcp': {'precision': 0.9852216748768473, 'recall': 1.0, 'f1-score': 0.9925558312655086, 'support': 200.0}, 'udp': {'precision': 1.0, 'recall': 0.985, 'f1-score': 0.9924433249370278, 'support': 200.0}, 'udpplain': {'precision': 1.0, 'recall': 0.995, 'f1-score': 0.9974937343358395, 'support': 200.0}, 'accuracy': 0.9938888888888889, 'macro avg': {'precision': 0.99398448691537, 'recall': 0.9938888888888887, 'f1-score': 0.9938856236269553, 'support': 1800.0}, 'weighted avg': {'precision': 0.9939844869153699, 'recall': 0.9938888888888889, 'f1-score': 0.9938856236269553, 'support': 1800.0}}","[[200   0   0   0   0   0   0   0   0]
 [  0 200   0   0   0   0   0   0   0]
 [  0   0 200   0   0   0   0   0   0]
 [  1   0   4 195   0   0   0   0   0]
 [  2   0   0   0 198   0   0   0   0]
 [  0   0   0   0   0 200   0   0   0]
 [  0   0   0   0   0   0 200   0   0]
 [  0   0   0   0   0   0   3 197   0]
 [  0   1   0   0   0   0   0   0 199]]",1.947742223739624,0.011193990707397461
213,N_BaIoT,-1,None,StandardScaler,RF,0.9507612707886877,-1,-1,98.98765432098764,95.44444444444444,0.5694444444444444,96.66082179632427,95.27315482040564,-1,"{'0Normal': {'precision': 0.9950248756218906, 'recall': 1.0, 'f1-score': 0.9975062344139651, 'support': 200.0}, 'ack': {'precision': 1.0, 'recall': 1.0, 'f1-score': 1.0, 'support': 200.0}, 'combo': {'precision': 0.9900497512437811, 'recall': 0.995, 'f1-score': 0.9925187032418954, 'support': 200.0}, 'junk': {'precision': 0.9949748743718593, 'recall': 0.99, 'f1-score': 0.9924812030075189, 'support': 200.0}, 'scan': {'precision': 1.0, 'recall': 0.995, 'f1-score': 0.9974937343358395, 'support': 200.0}, 'syn': {'precision': 1.0, 'recall': 1.0, 'f1-score': 1.0, 'support': 200.0}, 'tcp': {'precision': 0.7194244604316546, 'recall': 1.0, 'f1-score': 0.8368200836820083, 'support': 200.0}, 'udp': {'precision': 1.0, 'recall': 0.61, 'f1-score': 0.7577639751552795, 'support': 200.0}, 'udpplain': {'precision': 1.0, 'recall': 1.0, 'f1-score': 1.0, 'support': 200.0}, 'accuracy': 0.9544444444444444, 'macro avg': {'precision': 0.9666082179632427, 'recall': 0.9544444444444444, 'f1-score': 0.9527315482040564, 'support': 1800.0}, 'weighted avg': {'precision': 0.9666082179632428, 'recall': 0.9544444444444444, 'f1-score': 0.9527315482040563, 'support': 1800.0}}","[[200   0   0   0   0   0   0   0   0]
 [  0 200   0   0   0   0   0   0   0]
 [  0   0 199   1   0   0   0   0   0]
 [  0   0   2 198   0   0   0   0   0]
 [  1   0   0   0 199   0   0   0   0]
 [  0   0   0   0   0 200   0   0   0]
 [  0   0   0   0   0   0 200   0   0]
 [  0   0   0   0   0   0  78 122   0]
 [  0   0   0   0   0   0   0   0 200]]",0.9364521503448486,0.011028289794921875
214,N_BaIoT,-1,None,StandardScaler,SGD,0.829644898546335,-1,-1,96.54320987654322,84.44444444444446,1.9444444444444444,85.63706823925396,83.1988870884448,-1,"{'0Normal': {'precision': 0.975, 'recall': 0.975, 'f1-score': 0.975, 'support': 200.0}, 'ack': {'precision': 0.8708133971291866, 'recall': 0.91, 'f1-score': 0.8899755501222494, 'support': 200.0}, 'combo': {'precision': 0.9304347826086956, 'recall': 0.535, 'f1-score': 0.6793650793650793, 'support': 200.0}, 'junk': {'precision': 0.6782006920415224, 'recall': 0.98, 'f1-score': 0.8016359918200409, 'support': 200.0}, 'scan': {'precision': 0.9884393063583815, 'recall': 0.855, 'f1-score': 0.9168900804289545, 'support': 200.0}, 'syn': {'precision': 1.0, 'recall': 0.99, 'f1-score': 0.9949748743718593, 'support': 200.0}, 'tcp': {'precision': 0.7194244604316546, 'recall': 1.0, 'f1-score': 0.8368200836820083, 'support': 200.0}, 'udp': {'precision': 0.6952380952380952, 'recall': 0.365, 'f1-score': 0.4786885245901639, 'support': 200.0}, 'udpplain': {'precision': 0.8497854077253219, 'recall': 0.99, 'f1-score': 0.9145496535796765, 'support': 200.0}, 'accuracy': 0.8444444444444444, 'macro avg': {'precision': 0.8563706823925397, 'recall': 0.8444444444444446, 'f1-score': 0.8319888708844481, 'support': 1800.0}, 'weighted avg': {'precision': 0.8563706823925398, 'recall': 0.8444444444444444, 'f1-score': 0.8319888708844481, 'support': 1800.0}}","[[195   0   5   0   0   0   0   0   0]
 [  0 182   0   0   0   0   0   6  12]
 [  0   0 107  93   0   0   0   0   0]
 [  1   0   3 196   0   0   0   0   0]
 [  4   0   0   0 171   0   0  25   0]
 [  0   0   0   0   2 198   0   0   0]
 [  0   0   0   0   0   0 200   0   0]
 [  0  26   0   0   0   0  78  73  23]
 [  0   1   0   0   0   0   0   1 198]]",0.2339622974395752,0.0006380081176757812
215,N_BaIoT,-1,sigmoid,StandardScaler,HHHv2,0.7414939694387329,-1,-1,94.81481481481482,77.84593935426874,2.9166666666666665,76.66666666666667,75.85040941966304,-1,"{'0Normal': {'precision': 0.77, 'recall': 0.9685534591194969, 'f1-score': 0.8579387186629526, 'support': 159.0}, 'ack': {'precision': 0.8, 'recall': 0.8743169398907104, 'f1-score': 0.8355091383812011, 'support': 183.0}, 'combo': {'precision': 0.745, 'recall': 0.7129186602870813, 'f1-score': 0.7286063569682151, 'support': 209.0}, 'junk': {'precision': 0.835, 'recall': 0.6231343283582089, 'f1-score': 0.7136752136752137, 'support': 268.0}, 'scan': {'precision': 0.94, 'recall': 0.8663594470046083, 'f1-score': 0.9016786570743405, 'support': 217.0}, 'syn': {'precision': 0.885, 'recall': 0.9365079365079365, 'f1-score': 0.910025706940874, 'support': 189.0}, 'tcp': {'precision': 1.0, 'recall': 0.6369426751592356, 'f1-score': 0.7782101167315175, 'support': 314.0}, 'udp': {'precision': 0.325, 'recall': 0.6132075471698113, 'f1-score': 0.4248366013071896, 'support': 106.0}, 'udpplain': {'precision': 0.6, 'recall': 0.7741935483870968, 'f1-score': 0.676056338028169, 'support': 155.0}, 'accuracy': 0.7666666666666667, 'macro avg': {'precision': 0.7666666666666667, 'recall': 0.7784593935426873, 'f1-score': 0.7585040941966303, 'support': 1800.0}, 'weighted avg': {'precision': 0.8116722222222222, 'recall': 0.7666666666666667, 'f1-score': 0.774829239136703, 'support': 1800.0}}","[[154   2   0   1   1   0   0   1   0]
 [ 10 160   1   2   0   1   0   4   5]
 [  1   6 149  20   1   6   0  14  12]
 [  2  12  40 167   4   9   0  15  19]
 [  6   4   0   2 188   0   0   3  14]
 [  3   3   1   1   0 177   0   1   3]
 [ 15   4   0   0   4   2 200  82   7]
 [  3   5   5   3   2   3   0  65  20]
 [  6   4   4   4   0   2   0  15 120]]",314.9027349948883,0.09965753555297852
216,N_BaIoT,2,None,MinMaxScaler,KNN,0.7142894661704996,-1,-1,94.06172839506172,73.27777777777776,3.340277777777778,70.25301982183234,70.25653505958395,-1,"{'0Normal': {'precision': 0.9852216748768473, 'recall': 1.0, 'f1-score': 0.9925558312655086, 'support': 200.0}, 'ack': {'precision': 0.7192982456140351, 'recall': 0.615, 'f1-score': 0.6630727762803235, 'support': 200.0}, 'combo': {'precision': 0.9532163742690059, 'recall': 0.815, 'f1-score': 0.8787061994609164, 'support': 200.0}, 'junk': {'precision': 0.8354978354978355, 'recall': 0.965, 'f1-score': 0.8955916473317865, 'support': 200.0}, 'scan': {'precision': 0.41139240506329117, 'recall': 0.975, 'f1-score': 0.5786350148367952, 'support': 200.0}, 'syn': {'precision': 0.9849246231155779, 'recall': 0.98, 'f1-score': 0.9824561403508771, 'support': 200.0}, 'tcp': {'precision': 0.0, 'recall': 0.0, 'f1-score': 0.0, 'support': 200.0}, 'udp': {'precision': 0.521978021978022, 'recall': 0.475, 'f1-score': 0.4973821989528796, 'support': 200.0}, 'udpplain': {'precision': 0.9112426035502958, 'recall': 0.77, 'f1-score': 0.8346883468834688, 'support': 200.0}, 'accuracy': 0.7327777777777778, 'macro avg': {'precision': 0.7025301982183234, 'recall': 0.7327777777777776, 'f1-score': 0.7025653505958395, 'support': 1800.0}, 'weighted avg': {'precision': 0.7025301982183234, 'recall': 0.7327777777777778, 'f1-score': 0.7025653505958395, 'support': 1800.0}}","[[200   0   0   0   0   0   0   0   0]
 [  0 123   0   0   0   0   0  64  13]
 [  0   0 163  37   0   0   0   0   0]
 [  1   0   6 193   0   0   0   0   0]
 [  2   0   0   0 195   3   0   0   0]
 [  0   0   2   1   1 196   0   0   0]
 [  0   0   0   0 200   0   0   0   0]
 [  0  25   0   0  78   0   0  95   2]
 [  0  23   0   0   0   0   0  23 154]]",0.006768226623535156,0.30840206146240234
217,N_BaIoT,2,None,MinMaxScaler,LDA,0.9133738434379096,-1,-1,98.24691358024691,92.1111111111111,0.986111111111111,93.22109386849492,91.8807821951644,-1,"{'0Normal': {'precision': 0.9884393063583815, 'recall': 0.855, 'f1-score': 0.9168900804289545, 'support': 200.0}, 'ack': {'precision': 0.9651741293532339, 'recall': 0.97, 'f1-score': 0.9675810473815462, 'support': 200.0}, 'combo': {'precision': 0.9420289855072463, 'recall': 0.975, 'f1-score': 0.9582309582309583, 'support': 200.0}, 'junk': {'precision': 0.9565217391304348, 'recall': 0.99, 'f1-score': 0.972972972972973, 'support': 200.0}, 'scan': {'precision': 0.9846938775510204, 'recall': 0.965, 'f1-score': 0.9747474747474748, 'support': 200.0}, 'syn': {'precision': 0.9433962264150944, 'recall': 1.0, 'f1-score': 0.970873786407767, 'support': 200.0}, 'tcp': {'precision': 0.7067137809187279, 'recall': 1.0, 'f1-score': 0.8281573498964803, 'support': 200.0}, 'udp': {'precision': 0.9285714285714286, 'recall': 0.585, 'f1-score': 0.7177914110429447, 'support': 200.0}, 'udpplain': {'precision': 0.9743589743589743, 'recall': 0.95, 'f1-score': 0.9620253164556962, 'support': 200.0}, 'accuracy': 0.9211111111111111, 'macro avg': {'precision': 0.9322109386849492, 'recall': 0.921111111111111, 'f1-score': 0.918807821951644, 'support': 1800.0}, 'weighted avg': {'precision': 0.9322109386849492, 'recall': 0.9211111111111111, 'f1-score': 0.9188078219516439, 'support': 1800.0}}","[[171   3  10   4   2   6   3   0   1]
 [  0 194   0   0   0   4   0   2   0]
 [  0   0 195   5   0   0   0   0   0]
 [  0   0   1 198   1   0   0   0   0]
 [  0   2   1   0 193   2   2   0   0]
 [  0   0   0   0   0 200   0   0   0]
 [  0   0   0   0   0   0 200   0   0]
 [  0   1   0   0   0   0  78 117   4]
 [  2   1   0   0   0   0   0   7 190]]",11.565624713897705,0.009972095489501953
218,N_BaIoT,2,None,MinMaxScaler,MLP,0.707657076809368,-1,-1,93.8395061728395,72.27777777777777,3.4652777777777777,72.78321956800569,68.68521416222146,-1,"{'0Normal': {'precision': 0.9852216748768473, 'recall': 1.0, 'f1-score': 0.9925558312655086, 'support': 200.0}, 'ack': {'precision': 0.6146496815286624, 'recall': 0.965, 'f1-score': 0.7509727626459144, 'support': 200.0}, 'combo': {'precision': 0.7272727272727273, 'recall': 0.92, 'f1-score': 0.8123620309050773, 'support': 200.0}, 'junk': {'precision': 0.8904109589041096, 'recall': 0.65, 'f1-score': 0.7514450867052024, 'support': 200.0}, 'scan': {'precision': 0.4125, 'recall': 0.99, 'f1-score': 0.5823529411764706, 'support': 200.0}, 'syn': {'precision': 0.995, 'recall': 0.995, 'f1-score': 0.995, 'support': 200.0}, 'tcp': {'precision': 0.0, 'recall': 0.0, 'f1-score': 0.0, 'support': 200.0}, 'udp': {'precision': 0.9425287356321839, 'recall': 0.41, 'f1-score': 0.5714285714285714, 'support': 200.0}, 'udpplain': {'precision': 0.9829059829059829, 'recall': 0.575, 'f1-score': 0.725552050473186, 'support': 200.0}, 'accuracy': 0.7227777777777777, 'macro avg': {'precision': 0.727832195680057, 'recall': 0.7227777777777777, 'f1-score': 0.6868521416222145, 'support': 1800.0}, 'weighted avg': {'precision': 0.727832195680057, 'recall': 0.7227777777777777, 'f1-score': 0.6868521416222145, 'support': 1800.0}}","[[200   0   0   0   0   0   0   0   0]
 [  0 193   0   0   3   0   0   2   2]
 [  0   0 184  16   0   0   0   0   0]
 [  1   0  69 130   0   0   0   0   0]
 [  2   0   0   0 198   0   0   0   0]
 [  0   0   0   0   1 199   0   0   0]
 [  0   0   0   0 200   0   0   0   0]
 [  0  39   0   0  78   1   0  82   0]
 [  0  82   0   0   0   0   0   3 115]]",28.207094192504883,0.01849198341369629
219,N_BaIoT,2,None,MinMaxScaler,LGBM,0.3786932310001793,-1,-1,87.20987654320987,42.44444444444444,7.194444444444445,46.7144672831462,35.20118486569099,-1,"{'0Normal': {'precision': 0.2962962962962963, 'recall': 0.96, 'f1-score': 0.4528301886792453, 'support': 200.0}, 'ack': {'precision': 0.4423076923076923, 'recall': 0.92, 'f1-score': 0.5974025974025974, 'support': 200.0}, 'combo': {'precision': 0.42727272727272725, 'recall': 0.705, 'f1-score': 0.5320754716981131, 'support': 200.0}, 'junk': {'precision': 0.5511811023622047, 'recall': 0.35, 'f1-score': 0.42813455657492355, 'support': 200.0}, 'scan': {'precision': 0.6581196581196581, 'recall': 0.385, 'f1-score': 0.4858044164037854, 'support': 200.0}, 'syn': {'precision': 0.75, 'recall': 0.015, 'f1-score': 0.029411764705882353, 'support': 200.0}, 'tcp': {'precision': 0.0, 'recall': 0.0, 'f1-score': 0.0, 'support': 200.0}, 'udp': {'precision': 0.22727272727272727, 'recall': 0.025, 'f1-score': 0.04504504504504505, 'support': 200.0}, 'udpplain': {'precision': 0.8518518518518519, 'recall': 0.46, 'f1-score': 0.5974025974025975, 'support': 200.0}, 'accuracy': 0.42444444444444446, 'macro avg': {'precision': 0.467144672831462, 'recall': 0.4244444444444444, 'f1-score': 0.35201184865690993, 'support': 1800.0}, 'weighted avg': {'precision': 0.46714467283146205, 'recall': 0.42444444444444446, 'f1-score': 0.35201184865691, 'support': 1800.0}}","[[192   4   0   0   4   0   0   0   0]
 [  1 184   6   0   1   1   0   1   6]
 [  1   1 141  39  15   0   0   3   0]
 [  0  12 111  70   6   0   0   0   1]
 [120   3   0   0  77   0   0   0   0]
 [ 53  51  55  18  11   3   0   9   0]
 [200   0   0   0   0   0   0   0   0]
 [ 81  72  17   0   3   0  13   5   9]
 [  0  89   0   0   0   0  15   4  92]]",44.708685874938965,0.017754793167114258
220,N_BaIoT,2,None,MinMaxScaler,RF,0.947691443367337,-1,-1,98.92592592592592,95.16666666666667,0.6041666666666666,96.44537065068336,95.0124138795778,-1,"{'0Normal': {'precision': 1.0, 'recall': 1.0, 'f1-score': 1.0, 'support': 200.0}, 'ack': {'precision': 1.0, 'recall': 1.0, 'f1-score': 1.0, 'support': 200.0}, 'combo': {'precision': 0.970873786407767, 'recall': 1.0, 'f1-score': 0.9852216748768473, 'support': 200.0}, 'junk': {'precision': 1.0, 'recall': 0.98, 'f1-score': 0.98989898989899, 'support': 200.0}, 'scan': {'precision': 0.9949238578680203, 'recall': 0.98, 'f1-score': 0.9874055415617129, 'support': 200.0}, 'syn': {'precision': 1.0, 'recall': 0.995, 'f1-score': 0.9974937343358395, 'support': 200.0}, 'tcp': {'precision': 0.7142857142857143, 'recall': 1.0, 'f1-score': 0.8333333333333333, 'support': 200.0}, 'udp': {'precision': 1.0, 'recall': 0.61, 'f1-score': 0.7577639751552795, 'support': 200.0}, 'udpplain': {'precision': 1.0, 'recall': 1.0, 'f1-score': 1.0, 'support': 200.0}, 'accuracy': 0.9516666666666667, 'macro avg': {'precision': 0.9644537065068336, 'recall': 0.9516666666666667, 'f1-score': 0.9501241387957781, 'support': 1800.0}, 'weighted avg': {'precision': 0.9644537065068336, 'recall': 0.9516666666666667, 'f1-score': 0.9501241387957781, 'support': 1800.0}}","[[200   0   0   0   0   0   0   0   0]
 [  0 200   0   0   0   0   0   0   0]
 [  0   0 200   0   0   0   0   0   0]
 [  0   0   4 196   0   0   0   0   0]
 [  0   0   2   0 196   0   2   0   0]
 [  0   0   0   0   1 199   0   0   0]
 [  0   0   0   0   0   0 200   0   0]
 [  0   0   0   0   0   0  78 122   0]
 [  0   0   0   0   0   0   0   0 200]]",2.204972505569458,0.02556896209716797
221,N_BaIoT,2,None,MinMaxScaler,SGD,0.6225797813675346,-1,-1,92.1604938271605,64.72222222222223,4.409722222222222,69.22003027173005,61.21711495801999,-1,"{'0Normal': {'precision': 1.0, 'recall': 1.0, 'f1-score': 1.0, 'support': 200.0}, 'ack': {'precision': 1.0, 'recall': 0.21, 'f1-score': 0.34710743801652894, 'support': 200.0}, 'combo': {'precision': 0.9482758620689655, 'recall': 0.55, 'f1-score': 0.6962025316455697, 'support': 200.0}, 'junk': {'precision': 0.6843971631205674, 'recall': 0.965, 'f1-score': 0.8008298755186722, 'support': 200.0}, 'scan': {'precision': 0.3947939262472885, 'recall': 0.91, 'f1-score': 0.5506807866868382, 'support': 200.0}, 'syn': {'precision': 0.9170506912442397, 'recall': 0.995, 'f1-score': 0.9544364508393286, 'support': 200.0}, 'tcp': {'precision': 0.0, 'recall': 0.0, 'f1-score': 0.0, 'support': 200.0}, 'udp': {'precision': 0.34173669467787116, 'recall': 0.61, 'f1-score': 0.4380610412926391, 'support': 200.0}, 'udpplain': {'precision': 0.9435483870967742, 'recall': 0.585, 'f1-score': 0.7222222222222222, 'support': 200.0}, 'accuracy': 0.6472222222222223, 'macro avg': {'precision': 0.6922003027173006, 'recall': 0.6472222222222223, 'f1-score': 0.6121711495801999, 'support': 1800.0}, 'weighted avg': {'precision': 0.6922003027173007, 'recall': 0.6472222222222223, 'f1-score': 0.6121711495801998, 'support': 1800.0}}","[[200   0   0   0   0   0   0   0   0]
 [  0  42   0   0   0   0   0 151   7]
 [  0   0 110  89   0   0   1   0   0]
 [  0   0   6 193   0   1   0   0   0]
 [  0   0   0   0 182  17   0   1   0]
 [  0   0   0   0   1 199   0   0   0]
 [  0   0   0   0 200   0   0   0   0]
 [  0   0   0   0  78   0   0 122   0]
 [  0   0   0   0   0   0   0  83 117]]",3.903297185897827,0.008908510208129883
222,N_BaIoT,2,None,MinMaxScaler,HHHv2,0.9200097561020669,-1,-1,98.38271604938271,93.57097702278155,0.9097222222222222,92.72222222222223,92.49891675247154,-1,"{'0Normal': {'precision': 0.96, 'recall': 0.9948186528497409, 'f1-score': 0.9770992366412213, 'support': 193.0}, 'ack': {'precision': 0.965, 'recall': 0.9948453608247423, 'f1-score': 0.9796954314720813, 'support': 194.0}, 'combo': {'precision': 0.96, 'recall': 0.9696969696969697, 'f1-score': 0.964824120603015, 'support': 198.0}, 'junk': {'precision': 0.98, 'recall': 0.9468599033816425, 'f1-score': 0.9631449631449631, 'support': 207.0}, 'scan': {'precision': 0.98, 'recall': 0.98, 'f1-score': 0.98, 'support': 200.0}, 'syn': {'precision': 0.995, 'recall': 0.9900497512437811, 'f1-score': 0.9925187032418954, 'support': 201.0}, 'tcp': {'precision': 1.0, 'recall': 0.7092198581560284, 'f1-score': 0.8298755186721991, 'support': 282.0}, 'udp': {'precision': 0.57, 'recall': 0.8769230769230769, 'f1-score': 0.6909090909090909, 'support': 130.0}, 'udpplain': {'precision': 0.935, 'recall': 0.958974358974359, 'f1-score': 0.9468354430379747, 'support': 195.0}, 'accuracy': 0.9272222222222222, 'macro avg': {'precision': 0.9272222222222223, 'recall': 0.9357097702278155, 'f1-score': 0.9249891675247155, 'support': 1800.0}, 'weighted avg': {'precision': 0.9443611111111112, 'recall': 0.9272222222222222, 'f1-score': 0.9294552769197287, 'support': 1800.0}}","[[192   0   0   0   1   0   0   0   0]
 [  0 193   0   0   0   0   0   1   0]
 [  1   1 192   3   0   0   0   0   1]
 [  1   2   8 196   0   0   0   0   0]
 [  1   0   0   0 196   1   0   0   2]
 [  0   1   0   0   1 199   0   0   0]
 [  1   1   0   1   0   0 200  79   0]
 [  2   2   0   0   2   0   0 114  10]
 [  2   0   0   0   0   0   0   6 187]]",16.72608470916748,0.1314525604248047
223,N_BaIoT,2,None,MinMaxScaler,KNN,0.7469293624664597,-1,-1,94.67901234567901,76.05555555555557,2.9930555555555554,72.65280947367795,72.62166667524981,-1,"{'0Normal': {'precision': 0.9852216748768473, 'recall': 1.0, 'f1-score': 0.9925558312655086, 'support': 200.0}, 'ack': {'precision': 0.7788944723618091, 'recall': 0.775, 'f1-score': 0.7769423558897244, 'support': 200.0}, 'combo': {'precision': 0.9065934065934066, 'recall': 0.825, 'f1-score': 0.8638743455497382, 'support': 200.0}, 'junk': {'precision': 0.8394495412844036, 'recall': 0.915, 'f1-score': 0.8755980861244019, 'support': 200.0}, 'scan': {'precision': 0.41422594142259417, 'recall': 0.99, 'f1-score': 0.584070796460177, 'support': 200.0}, 'syn': {'precision': 1.0, 'recall': 0.985, 'f1-score': 0.9924433249370278, 'support': 200.0}, 'tcp': {'precision': 0.0, 'recall': 0.0, 'f1-score': 0.0, 'support': 200.0}, 'udp': {'precision': 0.6833333333333333, 'recall': 0.41, 'f1-score': 0.5125000000000001, 'support': 200.0}, 'udpplain': {'precision': 0.9310344827586207, 'recall': 0.945, 'f1-score': 0.9379652605459057, 'support': 200.0}, 'accuracy': 0.7605555555555555, 'macro avg': {'precision': 0.7265280947367795, 'recall': 0.7605555555555557, 'f1-score': 0.7262166667524982, 'support': 1800.0}, 'weighted avg': {'precision': 0.7265280947367794, 'recall': 0.7605555555555555, 'f1-score': 0.7262166667524981, 'support': 1800.0}}","[[200   0   0   0   0   0   0   0   0]
 [  0 155   0   0   0   0   0  35  10]
 [  0   0 165  35   0   0   0   0   0]
 [  1   0  16 183   0   0   0   0   0]
 [  2   0   0   0 198   0   0   0   0]
 [  0   0   1   0   2 197   0   0   0]
 [  0   0   0   0 200   0   0   0   0]
 [  0  36   0   0  78   0   0  82   4]
 [  0   8   0   0   0   0   0   3 189]]",0.008297443389892578,0.2904067039489746
224,N_BaIoT,2,None,MinMaxScaler,LDA,0.9114518686458605,-1,-1,98.20987654320987,91.94444444444446,1.0069444444444444,93.0538900792587,91.71614524934513,-1,"{'0Normal': {'precision': 0.9883720930232558, 'recall': 0.85, 'f1-score': 0.9139784946236558, 'support': 200.0}, 'ack': {'precision': 0.965, 'recall': 0.965, 'f1-score': 0.965, 'support': 200.0}, 'combo': {'precision': 0.9285714285714286, 'recall': 0.975, 'f1-score': 0.951219512195122, 'support': 200.0}, 'junk': {'precision': 0.9278846153846154, 'recall': 0.965, 'f1-score': 0.9460784313725491, 'support': 200.0}, 'scan': {'precision': 0.9846938775510204, 'recall': 0.965, 'f1-score': 0.9747474747474748, 'support': 200.0}, 'syn': {'precision': 0.9523809523809523, 'recall': 1.0, 'f1-score': 0.975609756097561, 'support': 200.0}, 'tcp': {'precision': 0.7117437722419929, 'recall': 1.0, 'f1-score': 0.8316008316008316, 'support': 200.0}, 'udp': {'precision': 0.9365079365079365, 'recall': 0.59, 'f1-score': 0.7239263803680981, 'support': 200.0}, 'udpplain': {'precision': 0.9796954314720813, 'recall': 0.965, 'f1-score': 0.9722921914357683, 'support': 200.0}, 'accuracy': 0.9194444444444444, 'macro avg': {'precision': 0.9305389007925869, 'recall': 0.9194444444444445, 'f1-score': 0.9171614524934513, 'support': 1800.0}, 'weighted avg': {'precision': 0.9305389007925869, 'recall': 0.9194444444444444, 'f1-score': 0.9171614524934512, 'support': 1800.0}}","[[170   3   8  10   3   4   1   0   1]
 [  0 193   0   0   0   4   0   2   1]
 [  0   0 195   5   0   0   0   0   0]
 [  1   0   6 193   0   0   0   0   0]
 [  0   3   1   0 193   1   2   0   0]
 [  0   0   0   0   0 200   0   0   0]
 [  0   0   0   0   0   0 200   0   0]
 [  0   1   0   0   0   1  78 118   2]
 [  1   0   0   0   0   0   0   6 193]]",17.248918533325195,0.008477926254272461
225,N_BaIoT,2,None,MinMaxScaler,MLP,0.7475891009071468,-1,-1,94.64197530864197,75.8888888888889,3.013888888888889,75.01619990964154,72.24434959218017,-1,"{'0Normal': {'precision': 0.9852216748768473, 'recall': 1.0, 'f1-score': 0.9925558312655086, 'support': 200.0}, 'ack': {'precision': 0.8862559241706162, 'recall': 0.935, 'f1-score': 0.9099756690997567, 'support': 200.0}, 'combo': {'precision': 0.6940298507462687, 'recall': 0.93, 'f1-score': 0.7948717948717949, 'support': 200.0}, 'junk': {'precision': 0.8931297709923665, 'recall': 0.585, 'f1-score': 0.7069486404833837, 'support': 200.0}, 'scan': {'precision': 0.40993788819875776, 'recall': 0.99, 'f1-score': 0.5797950219619327, 'support': 200.0}, 'syn': {'precision': 1.0, 'recall': 0.985, 'f1-score': 0.9924433249370278, 'support': 200.0}, 'tcp': {'precision': 0.0, 'recall': 0.0, 'f1-score': 0.0, 'support': 200.0}, 'udp': {'precision': 1.0, 'recall': 0.425, 'f1-score': 0.5964912280701754, 'support': 200.0}, 'udpplain': {'precision': 0.8828828828828829, 'recall': 0.98, 'f1-score': 0.9289099526066351, 'support': 200.0}, 'accuracy': 0.7588888888888888, 'macro avg': {'precision': 0.7501619990964155, 'recall': 0.758888888888889, 'f1-score': 0.7224434959218017, 'support': 1800.0}, 'weighted avg': {'precision': 0.7501619990964153, 'recall': 0.7588888888888888, 'f1-score': 0.7224434959218017, 'support': 1800.0}}","[[200   0   0   0   0   0   0   0   0]
 [  0 187   0   0   4   0   0   0   9]
 [  0   0 186  14   0   0   0   0   0]
 [  1   0  82 117   0   0   0   0   0]
 [  2   0   0   0 198   0   0   0   0]
 [  0   0   0   0   3 197   0   0   0]
 [  0   0   0   0 200   0   0   0   0]
 [  0  20   0   0  78   0   0  85  17]
 [  0   4   0   0   0   0   0   0 196]]",21.871829509735107,0.018238306045532227
226,N_BaIoT,2,None,MinMaxScaler,LGBM,0.6930659349353139,-1,-1,93.5925925925926,71.16666666666666,3.6041666666666665,69.25573947054535,66.93122360766002,-1,"{'0Normal': {'precision': 0.40756302521008403, 'recall': 0.97, 'f1-score': 0.57396449704142, 'support': 200.0}, 'ack': {'precision': 0.8405797101449275, 'recall': 0.87, 'f1-score': 0.855036855036855, 'support': 200.0}, 'combo': {'precision': 0.9746835443037974, 'recall': 0.385, 'f1-score': 0.5519713261648744, 'support': 200.0}, 'junk': {'precision': 0.675, 'recall': 0.945, 'f1-score': 0.7874999999999999, 'support': 200.0}, 'scan': {'precision': 0.9120370370370371, 'recall': 0.985, 'f1-score': 0.9471153846153846, 'support': 200.0}, 'syn': {'precision': 0.9230769230769231, 'recall': 0.96, 'f1-score': 0.9411764705882353, 'support': 200.0}, 'tcp': {'precision': 0.0, 'recall': 0.0, 'f1-score': 0.0, 'support': 200.0}, 'udp': {'precision': 0.6587301587301587, 'recall': 0.415, 'f1-score': 0.5092024539877301, 'support': 200.0}, 'udpplain': {'precision': 0.8413461538461539, 'recall': 0.875, 'f1-score': 0.857843137254902, 'support': 200.0}, 'accuracy': 0.7116666666666667, 'macro avg': {'precision': 0.6925573947054535, 'recall': 0.7116666666666666, 'f1-score': 0.6693122360766002, 'support': 1800.0}, 'weighted avg': {'precision': 0.6925573947054535, 'recall': 0.7116666666666667, 'f1-score': 0.6693122360766001, 'support': 1800.0}}","[[194   1   1   2   1   0   0   1   0]
 [  0 174   0   0   1   0   0  23   2]
 [  2   0  77  84  13  14   0   3   7]
 [  0   0   1 189   1   0   0   0   9]
 [  0   0   0   1 197   0   0   0   2]
 [  0   0   0   4   1 192   0   0   3]
 [200   0   0   0   0   0   0   0   0]
 [ 80  24   0   0   2   1   0  83  10]
 [  0   8   0   0   0   1   0  16 175]]",47.75349307060242,0.016282081604003906
227,N_BaIoT,2,None,MinMaxScaler,RF,0.9476593865651117,-1,-1,98.92592592592592,95.16666666666667,0.6041666666666666,96.40360613672088,95.01325963044593,-1,"{'0Normal': {'precision': 1.0, 'recall': 1.0, 'f1-score': 1.0, 'support': 200.0}, 'ack': {'precision': 1.0, 'recall': 0.995, 'f1-score': 0.9974937343358395, 'support': 200.0}, 'combo': {'precision': 0.9802955665024631, 'recall': 0.995, 'f1-score': 0.9875930521091811, 'support': 200.0}, 'junk': {'precision': 0.9949238578680203, 'recall': 0.98, 'f1-score': 0.9874055415617129, 'support': 200.0}, 'scan': {'precision': 0.9949494949494949, 'recall': 0.985, 'f1-score': 0.9899497487437187, 'support': 200.0}, 'syn': {'precision': 1.0, 'recall': 1.0, 'f1-score': 1.0, 'support': 200.0}, 'tcp': {'precision': 0.7142857142857143, 'recall': 1.0, 'f1-score': 0.8333333333333333, 'support': 200.0}, 'udp': {'precision': 0.991869918699187, 'recall': 0.61, 'f1-score': 0.7554179566563467, 'support': 200.0}, 'udpplain': {'precision': 1.0, 'recall': 1.0, 'f1-score': 1.0, 'support': 200.0}, 'accuracy': 0.9516666666666667, 'macro avg': {'precision': 0.9640360613672089, 'recall': 0.9516666666666667, 'f1-score': 0.9501325963044592, 'support': 1800.0}, 'weighted avg': {'precision': 0.9640360613672089, 'recall': 0.9516666666666667, 'f1-score': 0.9501325963044592, 'support': 1800.0}}","[[200   0   0   0   0   0   0   0   0]
 [  0 199   0   0   1   0   0   0   0]
 [  0   0 199   1   0   0   0   0   0]
 [  0   0   4 196   0   0   0   0   0]
 [  0   0   0   0 197   0   2   1   0]
 [  0   0   0   0   0 200   0   0   0]
 [  0   0   0   0   0   0 200   0   0]
 [  0   0   0   0   0   0  78 122   0]
 [  0   0   0   0   0   0   0   0 200]]",2.609666585922241,0.025712966918945312
228,N_BaIoT,2,None,MinMaxScaler,SGD,0.7044671518540793,-1,-1,93.8395061728395,72.27777777777777,3.4652777777777777,70.57448469149618,68.9388470393698,-1,"{'0Normal': {'precision': 0.9852216748768473, 'recall': 1.0, 'f1-score': 0.9925558312655086, 'support': 200.0}, 'ack': {'precision': 0.7639484978540773, 'recall': 0.89, 'f1-score': 0.8221709006928406, 'support': 200.0}, 'combo': {'precision': 0.7075812274368231, 'recall': 0.98, 'f1-score': 0.8218029350104823, 'support': 200.0}, 'junk': {'precision': 0.9672131147540983, 'recall': 0.59, 'f1-score': 0.732919254658385, 'support': 200.0}, 'scan': {'precision': 0.40298507462686567, 'recall': 0.945, 'f1-score': 0.5650224215246636, 'support': 200.0}, 'syn': {'precision': 0.9563106796116505, 'recall': 0.985, 'f1-score': 0.9704433497536945, 'support': 200.0}, 'tcp': {'precision': 0.0, 'recall': 0.0, 'f1-score': 0.0, 'support': 200.0}, 'udp': {'precision': 0.6459627329192547, 'recall': 0.52, 'f1-score': 0.5761772853185596, 'support': 200.0}, 'udpplain': {'precision': 0.9224806201550387, 'recall': 0.595, 'f1-score': 0.7234042553191489, 'support': 200.0}, 'accuracy': 0.7227777777777777, 'macro avg': {'precision': 0.7057448469149618, 'recall': 0.7227777777777777, 'f1-score': 0.6893884703936981, 'support': 1800.0}, 'weighted avg': {'precision': 0.7057448469149619, 'recall': 0.7227777777777777, 'f1-score': 0.6893884703936981, 'support': 1800.0}}","[[200   0   0   0   0   0   0   0   0]
 [  0 178   0   0   0   0   0  14   8]
 [  0   0 196   4   0   0   0   0   0]
 [  0   0  81 118   0   0   0   1   0]
 [  2   0   0   0 189   9   0   0   0]
 [  1   0   0   0   2 197   0   0   0]
 [  0   0   0   0 200   0   0   0   0]
 [  0  16   0   0  78   0   0 104   2]
 [  0  39   0   0   0   0   0  42 119]]",5.390390872955322,0.008684873580932617
229,N_BaIoT,2,rbf,MinMaxScaler,HHHv2,0.7982554801640818,-1,-1,97.640625,78.51546561444943,1.3482142857142858,80.5,77.53101334454887,-1,"{'0Normal': {'precision': 1.0, 'recall': 0.9950248756218906, 'f1-score': 0.9975062344139651, 'support': 201.0}, 'ack': {'precision': 0.985, 'recall': 0.9949494949494949, 'f1-score': 0.9899497487437187, 'support': 198.0}, 'combo': {'precision': 0.755, 'recall': 0.9556962025316456, 'f1-score': 0.8435754189944134, 'support': 158.0}, 'junk': {'precision': 0.96, 'recall': 0.7966804979253111, 'f1-score': 0.8707482993197279, 'support': 241.0}, 'scan': {'precision': 0.99, 'recall': 0.41509433962264153, 'f1-score': 0.5849335302806499, 'support': 477.0}, 'syn': {'precision': 0.995, 'recall': 0.9851485148514851, 'f1-score': 0.9900497512437811, 'support': 202.0}, 'tcp': {'precision': 0.0, 'recall': 0.0, 'f1-score': 0.0, 'support': 0.0}, 'udp': {'precision': 0.59, 'recall': 0.944, 'f1-score': 0.7261538461538461, 'support': 125.0}, 'udpplain': {'precision': 0.97, 'recall': 0.9797979797979798, 'f1-score': 0.9748743718592964, 'support': 198.0}, 'accuracy': 0.805, 'macro avg': {'precision': 0.8049999999999999, 'recall': 0.7851546561444943, 'f1-score': 0.7753101334454887, 'support': 1800.0}, 'weighted avg': {'precision': 0.9365055555555556, 'recall': 0.805, 'f1-score': 0.8346898665545113, 'support': 1800.0}}","[[200   0   0   0   1   0   0   0]
 [  0 197   0   0   1   0   0   0]
 [  0   0 151   7   0   0   0   0]
 [  0   0  49 192   0   0   0   0]
 [  0   0   0   0 198   1  78   0]
 [  0   2   0   0   0 199   1   0]
 [  0   0   0   1   0   0 118   6]
 [  0   1   0   0   0   0   3 194]]",31.28901171684265,0.3156421184539795
230,N_BaIoT,2,None,MinMaxScaler,KNN,0.7424799037632619,-1,-1,94.5925925925926,75.66666666666666,3.041666666666667,72.28675079725782,72.24698136677303,-1,"{'0Normal': {'precision': 0.9852216748768473, 'recall': 1.0, 'f1-score': 0.9925558312655086, 'support': 200.0}, 'ack': {'precision': 0.7512437810945274, 'recall': 0.755, 'f1-score': 0.7531172069825437, 'support': 200.0}, 'combo': {'precision': 0.9367816091954023, 'recall': 0.815, 'f1-score': 0.8716577540106951, 'support': 200.0}, 'junk': {'precision': 0.8355555555555556, 'recall': 0.94, 'f1-score': 0.8847058823529412, 'support': 200.0}, 'scan': {'precision': 0.41422594142259417, 'recall': 0.99, 'f1-score': 0.584070796460177, 'support': 200.0}, 'syn': {'precision': 1.0, 'recall': 0.99, 'f1-score': 0.9949748743718593, 'support': 200.0}, 'tcp': {'precision': 0.0, 'recall': 0.0, 'f1-score': 0.0, 'support': 200.0}, 'udp': {'precision': 0.6585365853658537, 'recall': 0.405, 'f1-score': 0.5015479876160991, 'support': 200.0}, 'udpplain': {'precision': 0.9242424242424242, 'recall': 0.915, 'f1-score': 0.9195979899497487, 'support': 200.0}, 'accuracy': 0.7566666666666667, 'macro avg': {'precision': 0.7228675079725783, 'recall': 0.7566666666666666, 'f1-score': 0.7224698136677303, 'support': 1800.0}, 'weighted avg': {'precision': 0.7228675079725783, 'recall': 0.7566666666666667, 'f1-score': 0.7224698136677303, 'support': 1800.0}}","[[200   0   0   0   0   0   0   0   0]
 [  0 151   0   0   0   0   0  38  11]
 [  0   0 163  37   0   0   0   0   0]
 [  1   0  11 188   0   0   0   0   0]
 [  2   0   0   0 198   0   0   0   0]
 [  0   0   0   0   2 198   0   0   0]
 [  0   0   0   0 200   0   0   0   0]
 [  0  37   0   0  78   0   0  81   4]
 [  0  13   0   0   0   0   0   4 183]]",0.008679389953613281,0.34420347213745117
231,N_BaIoT,2,None,MinMaxScaler,LDA,0.9133684268823901,-1,-1,98.24691358024691,92.1111111111111,0.986111111111111,93.26181043897832,91.88495133017625,-1,"{'0Normal': {'precision': 0.9886363636363636, 'recall': 0.87, 'f1-score': 0.925531914893617, 'support': 200.0}, 'ack': {'precision': 0.964824120603015, 'recall': 0.96, 'f1-score': 0.9624060150375939, 'support': 200.0}, 'combo': {'precision': 0.9282296650717703, 'recall': 0.97, 'f1-score': 0.9486552567237163, 'support': 200.0}, 'junk': {'precision': 0.9420289855072463, 'recall': 0.975, 'f1-score': 0.9582309582309583, 'support': 200.0}, 'scan': {'precision': 0.9948453608247423, 'recall': 0.965, 'f1-score': 0.9796954314720813, 'support': 200.0}, 'syn': {'precision': 0.9523809523809523, 'recall': 1.0, 'f1-score': 0.975609756097561, 'support': 200.0}, 'tcp': {'precision': 0.7092198581560284, 'recall': 1.0, 'f1-score': 0.8298755186721991, 'support': 200.0}, 'udp': {'precision': 0.9435483870967742, 'recall': 0.585, 'f1-score': 0.7222222222222222, 'support': 200.0}, 'udpplain': {'precision': 0.9698492462311558, 'recall': 0.965, 'f1-score': 0.9674185463659147, 'support': 200.0}, 'accuracy': 0.9211111111111111, 'macro avg': {'precision': 0.9326181043897831, 'recall': 0.921111111111111, 'f1-score': 0.9188495133017626, 'support': 1800.0}, 'weighted avg': {'precision': 0.9326181043897832, 'recall': 0.9211111111111111, 'f1-score': 0.9188495133017628, 'support': 1800.0}}","[[174   4  10   5   1   3   2   0   1]
 [  0 192   0   0   0   4   0   2   2]
 [  0   0 194   6   0   0   0   0   0]
 [  1   0   4 195   0   0   0   0   0]
 [  0   3   0   1 193   1   2   0   0]
 [  0   0   0   0   0 200   0   0   0]
 [  0   0   0   0   0   0 200   0   0]
 [  0   0   0   0   0   2  78 117   3]
 [  1   0   1   0   0   0   0   5 193]]",18.646841764450073,0.00958395004272461
232,N_BaIoT,2,None,MinMaxScaler,MLP,0.711278554148071,-1,-1,93.96296296296296,72.83333333333333,3.3958333333333335,72.10726512398054,70.04088355386877,-1,"{'0Normal': {'precision': 0.9852216748768473, 'recall': 1.0, 'f1-score': 0.9925558312655086, 'support': 200.0}, 'ack': {'precision': 0.9473684210526315, 'recall': 0.81, 'f1-score': 0.8733153638814016, 'support': 200.0}, 'combo': {'precision': 0.9302325581395349, 'recall': 0.6, 'f1-score': 0.729483282674772, 'support': 200.0}, 'junk': {'precision': 0.7037037037037037, 'recall': 0.95, 'f1-score': 0.8085106382978724, 'support': 200.0}, 'scan': {'precision': 0.41164241164241167, 'recall': 0.99, 'f1-score': 0.5814977973568283, 'support': 200.0}, 'syn': {'precision': 0.995, 'recall': 0.995, 'f1-score': 0.995, 'support': 200.0}, 'tcp': {'precision': 0.0, 'recall': 0.0, 'f1-score': 0.0, 'support': 200.0}, 'udp': {'precision': 0.5321100917431193, 'recall': 0.58, 'f1-score': 0.5550239234449761, 'support': 200.0}, 'udpplain': {'precision': 0.984375, 'recall': 0.63, 'f1-score': 0.7682926829268293, 'support': 200.0}, 'accuracy': 0.7283333333333334, 'macro avg': {'precision': 0.7210726512398054, 'recall': 0.7283333333333333, 'f1-score': 0.7004088355386876, 'support': 1800.0}, 'weighted avg': {'precision': 0.7210726512398054, 'recall': 0.7283333333333334, 'f1-score': 0.7004088355386876, 'support': 1800.0}}","[[200   0   0   0   0   0   0   0   0]
 [  0 162   0   0   4   0   0  32   2]
 [  0   0 120  80   0   0   0   0   0]
 [  1   0   9 190   0   0   0   0   0]
 [  2   0   0   0 198   0   0   0   0]
 [  0   0   0   0   1 199   0   0   0]
 [  0   0   0   0 200   0   0   0   0]
 [  0   5   0   0  78   1   0 116   0]
 [  0   4   0   0   0   0   0  70 126]]",22.636589527130127,0.018709182739257812
233,N_BaIoT,2,None,MinMaxScaler,LGBM,0.22388505614667167,-1,-1,83.74074074074073,26.833333333333332,9.145833333333334,41.91961217449925,26.48201589446584,-1,"{'0Normal': {'precision': 0.953125, 'recall': 0.305, 'f1-score': 0.46212121212121215, 'support': 200.0}, 'ack': {'precision': 0.8484848484848485, 'recall': 0.28, 'f1-score': 0.42105263157894746, 'support': 200.0}, 'combo': {'precision': 0.3172043010752688, 'recall': 0.295, 'f1-score': 0.30569948186528495, 'support': 200.0}, 'junk': {'precision': 0.3333333333333333, 'recall': 0.04, 'f1-score': 0.07142857142857142, 'support': 200.0}, 'scan': {'precision': 0.0, 'recall': 0.0, 'f1-score': 0.0, 'support': 200.0}, 'syn': {'precision': 0.12178387650085763, 'recall': 0.71, 'f1-score': 0.20790629575402636, 'support': 200.0}, 'tcp': {'precision': 0.0, 'recall': 0.0, 'f1-score': 0.0, 'support': 200.0}, 'udp': {'precision': 0.569620253164557, 'recall': 0.225, 'f1-score': 0.32258064516129037, 'support': 200.0}, 'udpplain': {'precision': 0.6292134831460674, 'recall': 0.56, 'f1-score': 0.5925925925925927, 'support': 200.0}, 'accuracy': 0.2683333333333333, 'macro avg': {'precision': 0.4191961217449925, 'recall': 0.2683333333333333, 'f1-score': 0.2648201589446584, 'support': 1800.0}, 'weighted avg': {'precision': 0.4191961217449925, 'recall': 0.2683333333333333, 'f1-score': 0.2648201589446584, 'support': 1800.0}}","[[ 61   0   4   0  11 121   0   3   0]
 [  3  56  38   0  16  53   0  15  19]
 [  0   0  59  10   0 131   0   0   0]
 [  0   1  80   8   0 104   0   6   1]
 [  0   0   1   0   0 198   0   1   0]
 [  0   0   2   6   2 142   0   9  39]
 [  0   0   0   0   0 200   0   0   0]
 [  0   9   0   0   8 131   0  45   7]
 [  0   0   2   0   0  86   0   0 112]]",49.11676263809204,0.014158964157104492
234,N_BaIoT,2,None,MinMaxScaler,RF,0.8812102234930848,-1,-1,97.4074074074074,88.33333333333333,1.4583333333333333,82.86793757305168,84.65938240981275,-1,"{'0Normal': {'precision': 1.0, 'recall': 1.0, 'f1-score': 1.0, 'support': 200.0}, 'ack': {'precision': 0.9950248756218906, 'recall': 1.0, 'f1-score': 0.9975062344139651, 'support': 200.0}, 'combo': {'precision': 0.9707317073170731, 'recall': 0.995, 'f1-score': 0.982716049382716, 'support': 200.0}, 'junk': {'precision': 0.9948453608247423, 'recall': 0.965, 'f1-score': 0.9796954314720813, 'support': 200.0}, 'scan': {'precision': 1.0, 'recall': 0.99, 'f1-score': 0.9949748743718593, 'support': 200.0}, 'syn': {'precision': 1.0, 'recall': 1.0, 'f1-score': 1.0, 'support': 200.0}, 'tcp': {'precision': 0.0, 'recall': 0.0, 'f1-score': 0.0, 'support': 200.0}, 'udp': {'precision': 0.4975124378109453, 'recall': 1.0, 'f1-score': 0.6644518272425249, 'support': 200.0}, 'udpplain': {'precision': 1.0, 'recall': 1.0, 'f1-score': 1.0, 'support': 200.0}, 'accuracy': 0.8833333333333333, 'macro avg': {'precision': 0.8286793757305168, 'recall': 0.8833333333333333, 'f1-score': 0.8465938240981274, 'support': 1800.0}, 'weighted avg': {'precision': 0.8286793757305168, 'recall': 0.8833333333333333, 'f1-score': 0.8465938240981273, 'support': 1800.0}}","[[200   0   0   0   0   0   0   0   0]
 [  0 200   0   0   0   0   0   0   0]
 [  0   0 199   1   0   0   0   0   0]
 [  0   1   6 193   0   0   0   0   0]
 [  0   0   0   0 198   0   0   2   0]
 [  0   0   0   0   0 200   0   0   0]
 [  0   0   0   0   0   0   0 200   0]
 [  0   0   0   0   0   0   0 200   0]
 [  0   0   0   0   0   0   0   0 200]]",2.710085391998291,0.02652597427368164
235,N_BaIoT,2,None,MinMaxScaler,SGD,0.7010664858225154,-1,-1,93.74074074074073,71.83333333333333,3.5208333333333335,69.30031602529544,67.37489328537833,-1,"{'0Normal': {'precision': 0.9900990099009901, 'recall': 1.0, 'f1-score': 0.9950248756218906, 'support': 200.0}, 'ack': {'precision': 0.7747747747747747, 'recall': 0.86, 'f1-score': 0.8151658767772512, 'support': 200.0}, 'combo': {'precision': 0.6733870967741935, 'recall': 0.835, 'f1-score': 0.7455357142857143, 'support': 200.0}, 'junk': {'precision': 0.7828947368421053, 'recall': 0.595, 'f1-score': 0.6761363636363636, 'support': 200.0}, 'scan': {'precision': 0.4090909090909091, 'recall': 0.99, 'f1-score': 0.5789473684210527, 'support': 200.0}, 'syn': {'precision': 1.0, 'recall': 0.965, 'f1-score': 0.9821882951653944, 'support': 200.0}, 'tcp': {'precision': 0.0, 'recall': 0.0, 'f1-score': 0.0, 'support': 200.0}, 'udp': {'precision': 0.78125, 'recall': 0.25, 'f1-score': 0.3787878787878788, 'support': 200.0}, 'udpplain': {'precision': 0.825531914893617, 'recall': 0.97, 'f1-score': 0.8919540229885058, 'support': 200.0}, 'accuracy': 0.7183333333333334, 'macro avg': {'precision': 0.6930031602529544, 'recall': 0.7183333333333333, 'f1-score': 0.6737489328537833, 'support': 1800.0}, 'weighted avg': {'precision': 0.6930031602529544, 'recall': 0.7183333333333334, 'f1-score': 0.6737489328537835, 'support': 1800.0}}","[[200   0   0   0   0   0   0   0   0]
 [  0 172   0   0   0   0   0   8  20]
 [  0   0 167  33   0   0   0   0   0]
 [  0   0  80 119   1   0   0   0   0]
 [  2   0   0   0 198   0   0   0   0]
 [  0   0   0   0   7 193   0   0   0]
 [  0   0   0   0 200   0   0   0   0]
 [  0  50   1   0  78   0   0  50  21]
 [  0   0   0   0   0   0   0   6 194]]",4.685379505157471,0.00927281379699707
236,N_BaIoT,2,poly,MinMaxScaler,HHHv2,0.797040628230698,-1,-1,95.64197530864197,78.58678476132961,2.4513888888888893,80.38888888888889,77.45101402400587,-1,"{'0Normal': {'precision': 0.985, 'recall': 0.9949494949494949, 'f1-score': 0.9899497487437187, 'support': 198.0}, 'ack': {'precision': 0.975, 'recall': 0.9948979591836735, 'f1-score': 0.984848484848485, 'support': 196.0}, 'combo': {'precision': 0.75, 'recall': 0.967741935483871, 'f1-score': 0.8450704225352113, 'support': 155.0}, 'junk': {'precision': 0.97, 'recall': 0.7950819672131147, 'f1-score': 0.8738738738738738, 'support': 244.0}, 'scan': {'precision': 0.995, 'recall': 0.41631799163179917, 'f1-score': 0.5870206489675516, 'support': 478.0}, 'syn': {'precision': 0.995, 'recall': 0.9851485148514851, 'f1-score': 0.9900497512437811, 'support': 202.0}, 'tcp': {'precision': 0.0, 'recall': 0.0, 'f1-score': 0.0, 'support': 2.0}, 'udp': {'precision': 0.585, 'recall': 0.9435483870967742, 'f1-score': 0.7222222222222222, 'support': 124.0}, 'udpplain': {'precision': 0.98, 'recall': 0.9751243781094527, 'f1-score': 0.9775561097256857, 'support': 201.0}, 'accuracy': 0.8038888888888889, 'macro avg': {'precision': 0.8038888888888889, 'recall': 0.7858678476132961, 'f1-score': 0.7745101402400587, 'support': 1800.0}, 'weighted avg': {'precision': 0.936211111111111, 'recall': 0.8038888888888889, 'f1-score': 0.833267637537719, 'support': 1800.0}}","[[197   0   0   0   1   0   0   0   0]
 [  1 195   0   0   0   0   0   0   0]
 [  0   0 150   5   0   0   0   0   0]
 [  0   0  50 194   0   0   0   0   0]
 [  0   0   0   0 199   1 200  78   0]
 [  0   2   0   0   0 199   0   1   0]
 [  1   0   0   1   0   0   0   0   0]
 [  1   2   0   0   0   0   0 117   4]
 [  0   1   0   0   0   0   0   4 196]]",33.981192111968994,0.32831549644470215
237,N_BaIoT,2,None,MinMaxScaler,KNN,0.7497220897737684,-1,-1,94.74074074074073,76.33333333333333,2.9583333333333335,72.85205976820737,73.06837858812395,-1,"{'0Normal': {'precision': 0.9852216748768473, 'recall': 1.0, 'f1-score': 0.9925558312655086, 'support': 200.0}, 'ack': {'precision': 0.8205128205128205, 'recall': 0.8, 'f1-score': 0.810126582278481, 'support': 200.0}, 'combo': {'precision': 0.9, 'recall': 0.9, 'f1-score': 0.9, 'support': 200.0}, 'junk': {'precision': 0.900497512437811, 'recall': 0.905, 'f1-score': 0.9027431421446384, 'support': 200.0}, 'scan': {'precision': 0.41422594142259417, 'recall': 0.99, 'f1-score': 0.584070796460177, 'support': 200.0}, 'syn': {'precision': 1.0, 'recall': 0.98, 'f1-score': 0.98989898989899, 'support': 200.0}, 'tcp': {'precision': 0.0, 'recall': 0.0, 'f1-score': 0.0, 'support': 200.0}, 'udp': {'precision': 0.6204379562043796, 'recall': 0.425, 'f1-score': 0.5044510385756676, 'support': 200.0}, 'udpplain': {'precision': 0.9157894736842105, 'recall': 0.87, 'f1-score': 0.8923076923076922, 'support': 200.0}, 'accuracy': 0.7633333333333333, 'macro avg': {'precision': 0.7285205976820737, 'recall': 0.7633333333333333, 'f1-score': 0.7306837858812395, 'support': 1800.0}, 'weighted avg': {'precision': 0.7285205976820736, 'recall': 0.7633333333333333, 'f1-score': 0.7306837858812395, 'support': 1800.0}}","[[200   0   0   0   0   0   0   0   0]
 [  0 160   0   0   0   0   0  29  11]
 [  0   0 180  20   0   0   0   0   0]
 [  1   0  18 181   0   0   0   0   0]
 [  2   0   0   0 198   0   0   0   0]
 [  0   0   2   0   2 196   0   0   0]
 [  0   0   0   0 200   0   0   0   0]
 [  0  32   0   0  78   0   0  85   5]
 [  0   3   0   0   0   0   0  23 174]]",0.007922649383544922,0.37264418601989746
238,N_BaIoT,2,None,MinMaxScaler,LDA,0.9127868715634837,-1,-1,98.23456790123457,92.05555555555556,0.9930555555555556,93.20044549330795,91.79253321456504,-1,"{'0Normal': {'precision': 0.9824561403508771, 'recall': 0.84, 'f1-score': 0.9056603773584906, 'support': 200.0}, 'ack': {'precision': 0.9466019417475728, 'recall': 0.975, 'f1-score': 0.9605911330049262, 'support': 200.0}, 'combo': {'precision': 0.9603960396039604, 'recall': 0.97, 'f1-score': 0.9651741293532338, 'support': 200.0}, 'junk': {'precision': 0.9383886255924171, 'recall': 0.99, 'f1-score': 0.9635036496350365, 'support': 200.0}, 'scan': {'precision': 0.9747474747474747, 'recall': 0.965, 'f1-score': 0.9698492462311558, 'support': 200.0}, 'syn': {'precision': 0.9478672985781991, 'recall': 1.0, 'f1-score': 0.9732360097323601, 'support': 200.0}, 'tcp': {'precision': 0.7117437722419929, 'recall': 1.0, 'f1-score': 0.8316008316008316, 'support': 200.0}, 'udp': {'precision': 0.9512195121951219, 'recall': 0.585, 'f1-score': 0.7244582043343653, 'support': 200.0}, 'udpplain': {'precision': 0.9746192893401016, 'recall': 0.96, 'f1-score': 0.9672544080604534, 'support': 200.0}, 'accuracy': 0.9205555555555556, 'macro avg': {'precision': 0.9320044549330796, 'recall': 0.9205555555555556, 'f1-score': 0.9179253321456504, 'support': 1800.0}, 'weighted avg': {'precision': 0.9320044549330798, 'recall': 0.9205555555555556, 'f1-score': 0.9179253321456503, 'support': 1800.0}}","[[168   9   7   6   5   4   1   0   0]
 [  0 195   0   0   0   4   0   0   1]
 [  0   0 194   6   0   0   0   0   0]
 [  1   0   1 198   0   0   0   0   0]
 [  1   1   0   1 193   2   2   0   0]
 [  0   0   0   0   0 200   0   0   0]
 [  0   0   0   0   0   0 200   0   0]
 [  0   0   0   0   0   1  78 117   4]
 [  1   1   0   0   0   0   0   6 192]]",16.514429807662964,0.009055376052856445
239,N_BaIoT,2,None,MinMaxScaler,MLP,0.7184004885778229,-1,-1,94.09876543209876,73.44444444444444,3.319444444444444,71.58529038550508,70.12657806991385,-1,"{'0Normal': {'precision': 0.9852216748768473, 'recall': 1.0, 'f1-score': 0.9925558312655086, 'support': 200.0}, 'ack': {'precision': 0.776, 'recall': 0.97, 'f1-score': 0.8622222222222223, 'support': 200.0}, 'combo': {'precision': 0.6904761904761905, 'recall': 0.87, 'f1-score': 0.7699115044247788, 'support': 200.0}, 'junk': {'precision': 0.8231292517006803, 'recall': 0.605, 'f1-score': 0.6974063400576369, 'support': 200.0}, 'scan': {'precision': 0.41164241164241167, 'recall': 0.99, 'f1-score': 0.5814977973568283, 'support': 200.0}, 'syn': {'precision': 0.995, 'recall': 0.995, 'f1-score': 0.995, 'support': 200.0}, 'tcp': {'precision': 0.0, 'recall': 0.0, 'f1-score': 0.0, 'support': 200.0}, 'udp': {'precision': 0.7829457364341085, 'recall': 0.505, 'f1-score': 0.613981762917933, 'support': 200.0}, 'udpplain': {'precision': 0.9782608695652174, 'recall': 0.675, 'f1-score': 0.7988165680473374, 'support': 200.0}, 'accuracy': 0.7344444444444445, 'macro avg': {'precision': 0.7158529038550507, 'recall': 0.7344444444444445, 'f1-score': 0.7012657806991385, 'support': 1800.0}, 'weighted avg': {'precision': 0.7158529038550505, 'recall': 0.7344444444444445, 'f1-score': 0.7012657806991384, 'support': 1800.0}}","[[200   0   0   0   0   0   0   0   0]
 [  0 194   0   0   4   0   0   1   1]
 [  0   0 174  26   0   0   0   0   0]
 [  1   0  78 121   0   0   0   0   0]
 [  2   0   0   0 198   0   0   0   0]
 [  0   0   0   0   1 199   0   0   0]
 [  0   0   0   0 200   0   0   0   0]
 [  0  18   0   0  78   1   0 101   2]
 [  0  38   0   0   0   0   0  27 135]]",32.21756720542908,0.018450260162353516
240,N_BaIoT,2,None,MinMaxScaler,LGBM,0.6272932993831193,-1,-1,92.30864197530865,65.38888888888889,4.326388888888888,65.71252240935334,62.45854433684428,-1,"{'0Normal': {'precision': 0.4024640657084189, 'recall': 0.98, 'f1-score': 0.5705967976710336, 'support': 200.0}, 'ack': {'precision': 0.8129032258064516, 'recall': 0.63, 'f1-score': 0.7098591549295774, 'support': 200.0}, 'combo': {'precision': 0.8076923076923077, 'recall': 0.525, 'f1-score': 0.6363636363636364, 'support': 200.0}, 'junk': {'precision': 0.8924731182795699, 'recall': 0.83, 'f1-score': 0.8601036269430051, 'support': 200.0}, 'scan': {'precision': 0.934010152284264, 'recall': 0.92, 'f1-score': 0.9269521410579346, 'support': 200.0}, 'syn': {'precision': 0.6308724832214765, 'recall': 0.94, 'f1-score': 0.7550200803212851, 'support': 200.0}, 'tcp': {'precision': 0.0, 'recall': 0.0, 'f1-score': 0.0, 'support': 200.0}, 'udp': {'precision': 0.4634146341463415, 'recall': 0.57, 'f1-score': 0.5112107623318386, 'support': 200.0}, 'udpplain': {'precision': 0.9702970297029703, 'recall': 0.49, 'f1-score': 0.6511627906976744, 'support': 200.0}, 'accuracy': 0.6538888888888889, 'macro avg': {'precision': 0.6571252240935334, 'recall': 0.6538888888888889, 'f1-score': 0.6245854433684428, 'support': 1800.0}, 'weighted avg': {'precision': 0.6571252240935335, 'recall': 0.6538888888888889, 'f1-score': 0.6245854433684427, 'support': 1800.0}}","[[196   0   0   1   3   0   0   0   0]
 [  0 126   0   1   1   8   0  63   1]
 [  3   0 105   3   7  48   0  34   0]
 [  2   0  15 166   1  11   0   5   0]
 [  7   0   0   0 184   9   0   0   0]
 [  0   0   8   2   1 188   0   1   0]
 [200   0   0   0   0   0   0   0   0]
 [ 78   2   1   1   0   2   0 114   2]
 [  1  27   1  12   0  32   0  29  98]]",49.32459545135498,0.015863895416259766
241,N_BaIoT,2,None,MinMaxScaler,RF,0.879949211176707,-1,-1,97.38271604938271,88.22222222222221,1.472222222222222,82.76638619130475,84.55016481785425,-1,"{'0Normal': {'precision': 1.0, 'recall': 1.0, 'f1-score': 1.0, 'support': 200.0}, 'ack': {'precision': 1.0, 'recall': 0.995, 'f1-score': 0.9974937343358395, 'support': 200.0}, 'combo': {'precision': 0.9615384615384616, 'recall': 1.0, 'f1-score': 0.9803921568627451, 'support': 200.0}, 'junk': {'precision': 1.0, 'recall': 0.97, 'f1-score': 0.9847715736040609, 'support': 200.0}, 'scan': {'precision': 0.9949238578680203, 'recall': 0.98, 'f1-score': 0.9874055415617129, 'support': 200.0}, 'syn': {'precision': 0.995, 'recall': 0.995, 'f1-score': 0.995, 'support': 200.0}, 'tcp': {'precision': 0.0, 'recall': 0.0, 'f1-score': 0.0, 'support': 200.0}, 'udp': {'precision': 0.4975124378109453, 'recall': 1.0, 'f1-score': 0.6644518272425249, 'support': 200.0}, 'udpplain': {'precision': 1.0, 'recall': 1.0, 'f1-score': 1.0, 'support': 200.0}, 'accuracy': 0.8822222222222222, 'macro avg': {'precision': 0.8276638619130474, 'recall': 0.8822222222222221, 'f1-score': 0.8455016481785426, 'support': 1800.0}, 'weighted avg': {'precision': 0.8276638619130474, 'recall': 0.8822222222222222, 'f1-score': 0.8455016481785427, 'support': 1800.0}}","[[200   0   0   0   0   0   0   0   0]
 [  0 199   0   0   0   1   0   0   0]
 [  0   0 200   0   0   0   0   0   0]
 [  0   0   6 194   0   0   0   0   0]
 [  0   0   2   0 196   0   0   2   0]
 [  0   0   0   0   1 199   0   0   0]
 [  0   0   0   0   0   0   0 200   0]
 [  0   0   0   0   0   0   0 200   0]
 [  0   0   0   0   0   0   0   0 200]]",2.496825695037842,0.025191783905029297
242,N_BaIoT,2,None,MinMaxScaler,SGD,0.586171539429231,-1,-1,91.4320987654321,61.44444444444444,4.819444444444445,67.47474270803528,58.51019861622078,-1,"{'0Normal': {'precision': 1.0, 'recall': 1.0, 'f1-score': 1.0, 'support': 200.0}, 'ack': {'precision': 1.0, 'recall': 0.425, 'f1-score': 0.5964912280701754, 'support': 200.0}, 'combo': {'precision': 0.8304093567251462, 'recall': 0.71, 'f1-score': 0.765498652291105, 'support': 200.0}, 'junk': {'precision': 0.9848484848484849, 'recall': 0.325, 'f1-score': 0.4887218045112782, 'support': 200.0}, 'scan': {'precision': 0.39082969432314413, 'recall': 0.895, 'f1-score': 0.5440729483282675, 'support': 200.0}, 'syn': {'precision': 0.5209424083769634, 'recall': 0.995, 'f1-score': 0.6838487972508591, 'support': 200.0}, 'tcp': {'precision': 0.0, 'recall': 0.0, 'f1-score': 0.0, 'support': 200.0}, 'udp': {'precision': 0.3793103448275862, 'recall': 0.605, 'f1-score': 0.4662813102119461, 'support': 200.0}, 'udpplain': {'precision': 0.9663865546218487, 'recall': 0.575, 'f1-score': 0.7210031347962382, 'support': 200.0}, 'accuracy': 0.6144444444444445, 'macro avg': {'precision': 0.6747474270803527, 'recall': 0.6144444444444445, 'f1-score': 0.5851019861622078, 'support': 1800.0}, 'weighted avg': {'precision': 0.6747474270803526, 'recall': 0.6144444444444445, 'f1-score': 0.5851019861622078, 'support': 1800.0}}","[[200   0   0   0   0   0   0   0   0]
 [  0  85   0   0   0   0   0 111   4]
 [  0   0 142   1   0  57   0   0   0]
 [  0   0  29  65   0 105   0   1   0]
 [  0   0   0   0 179  20   0   1   0]
 [  0   0   0   0   1 199   0   0   0]
 [  0   0   0   0 200   0   0   0   0]
 [  0   0   0   0  78   1   0 121   0]
 [  0   0   0   0   0   0   0  85 115]]",5.156481027603149,0.008902549743652344
243,N_BaIoT,2,linear,MinMaxScaler,HHHv2,0.8550148920772251,-1,-1,96.90123456790124,81.030662430849,1.7430555555555556,86.05555555555556,82.61650220588935,-1,"{'0Normal': {'precision': 0.925, 'recall': 1.0, 'f1-score': 0.961038961038961, 'support': 185.0}, 'ack': {'precision': 0.965, 'recall': 0.9897435897435898, 'f1-score': 0.9772151898734178, 'support': 195.0}, 'combo': {'precision': 0.96, 'recall': 0.964824120603015, 'f1-score': 0.9624060150375939, 'support': 199.0}, 'junk': {'precision': 0.98, 'recall': 0.9468599033816425, 'f1-score': 0.9631449631449631, 'support': 207.0}, 'scan': {'precision': 0.99, 'recall': 0.9801980198019802, 'f1-score': 0.9850746268656716, 'support': 202.0}, 'syn': {'precision': 0.995, 'recall': 0.9802955665024631, 'f1-score': 0.9875930521091811, 'support': 203.0}, 'tcp': {'precision': 0.0, 'recall': 0.0, 'f1-score': 0.0, 'support': 4.0}, 'udp': {'precision': 0.965, 'recall': 0.48009950248756217, 'f1-score': 0.6411960132890365, 'support': 402.0}, 'udpplain': {'precision': 0.965, 'recall': 0.9507389162561576, 'f1-score': 0.9578163771712158, 'support': 203.0}, 'accuracy': 0.8605555555555555, 'macro avg': {'precision': 0.8605555555555555, 'recall': 0.8103066243084901, 'f1-score': 0.8261650220588934, 'support': 1800.0}, 'weighted avg': {'precision': 0.9661055555555554, 'recall': 0.8605555555555555, 'f1-score': 0.8949460890522176, 'support': 1800.0}}","[[185   0   0   0   0   0   0   0   0]
 [  1 193   0   0   0   0   0   1   0]
 [  0   2 192   3   0   0   0   1   1]
 [  1   1   8 196   0   0   0   1   0]
 [  3   0   0   0 198   1   0   0   0]
 [  1   2   0   0   0 199   0   0   1]
 [  3   0   0   1   0   0   0   0   0]
 [  1   1   0   0   2   0 200 193   5]
 [  5   1   0   0   0   0   0   4 193]]",27.277735948562622,0.25475621223449707
244,N_BaIoT,2,None,MinMaxScaler,KNN,0.7315033164750409,-1,-1,94.38271604938272,74.72222222222223,3.1597222222222223,71.40600482861981,71.37790510105695,-1,"{'0Normal': {'precision': 0.9852216748768473, 'recall': 1.0, 'f1-score': 0.9925558312655086, 'support': 200.0}, 'ack': {'precision': 0.7920792079207921, 'recall': 0.8, 'f1-score': 0.7960199004975126, 'support': 200.0}, 'combo': {'precision': 0.8388888888888889, 'recall': 0.755, 'f1-score': 0.7947368421052632, 'support': 200.0}, 'junk': {'precision': 0.7798165137614679, 'recall': 0.85, 'f1-score': 0.8133971291866028, 'support': 200.0}, 'scan': {'precision': 0.41422594142259417, 'recall': 0.99, 'f1-score': 0.584070796460177, 'support': 200.0}, 'syn': {'precision': 0.9949748743718593, 'recall': 0.99, 'f1-score': 0.9924812030075189, 'support': 200.0}, 'tcp': {'precision': 0.0, 'recall': 0.0, 'f1-score': 0.0, 'support': 200.0}, 'udp': {'precision': 0.688, 'recall': 0.43, 'f1-score': 0.5292307692307693, 'support': 200.0}, 'udpplain': {'precision': 0.9333333333333333, 'recall': 0.91, 'f1-score': 0.9215189873417723, 'support': 200.0}, 'accuracy': 0.7472222222222222, 'macro avg': {'precision': 0.7140600482861981, 'recall': 0.7472222222222222, 'f1-score': 0.7137790510105695, 'support': 1800.0}, 'weighted avg': {'precision': 0.7140600482861981, 'recall': 0.7472222222222222, 'f1-score': 0.7137790510105694, 'support': 1800.0}}","[[200   0   0   0   0   0   0   0   0]
 [  0 160   0   0   0   0   0  30  10]
 [  0   0 151  48   0   1   0   0   0]
 [  1   0  29 170   0   0   0   0   0]
 [  2   0   0   0 198   0   0   0   0]
 [  0   0   0   0   2 198   0   0   0]
 [  0   0   0   0 200   0   0   0   0]
 [  0  33   0   0  78   0   0  86   3]
 [  0   9   0   0   0   0   0   9 182]]",0.007157087326049805,0.29732370376586914
245,N_BaIoT,2,None,MinMaxScaler,LDA,0.9078054058393704,-1,-1,98.1358024691358,91.6111111111111,1.0486111111111112,92.83565437884262,91.39316936032984,-1,"{'0Normal': {'precision': 0.9880239520958084, 'recall': 0.825, 'f1-score': 0.899182561307902, 'support': 200.0}, 'ack': {'precision': 0.9556650246305419, 'recall': 0.97, 'f1-score': 0.9627791563275433, 'support': 200.0}, 'combo': {'precision': 0.9023255813953488, 'recall': 0.97, 'f1-score': 0.9349397590361446, 'support': 200.0}, 'junk': {'precision': 0.9414634146341463, 'recall': 0.965, 'f1-score': 0.9530864197530864, 'support': 200.0}, 'scan': {'precision': 1.0, 'recall': 0.965, 'f1-score': 0.9821882951653944, 'support': 200.0}, 'syn': {'precision': 0.9345794392523364, 'recall': 1.0, 'f1-score': 0.966183574879227, 'support': 200.0}, 'tcp': {'precision': 0.7092198581560284, 'recall': 1.0, 'f1-score': 0.8298755186721991, 'support': 200.0}, 'udp': {'precision': 0.9444444444444444, 'recall': 0.595, 'f1-score': 0.7300613496932514, 'support': 200.0}, 'udpplain': {'precision': 0.9794871794871794, 'recall': 0.955, 'f1-score': 0.9670886075949366, 'support': 200.0}, 'accuracy': 0.9161111111111111, 'macro avg': {'precision': 0.9283565437884261, 'recall': 0.916111111111111, 'f1-score': 0.9139316936032983, 'support': 1800.0}, 'weighted avg': {'precision': 0.9283565437884259, 'recall': 0.9161111111111111, 'f1-score': 0.9139316936032983, 'support': 1800.0}}","[[165   5  14   6   0   8   1   0   1]
 [  0 194   0   0   0   4   0   1   1]
 [  0   0 194   6   0   0   0   0   0]
 [  1   0   6 193   0   0   0   0   0]
 [  0   2   1   0 193   1   3   0   0]
 [  0   0   0   0   0 200   0   0   0]
 [  0   0   0   0   0   0 200   0   0]
 [  0   0   0   0   0   1  78 119   2]
 [  1   2   0   0   0   0   0   6 191]]",12.182435035705566,0.009364604949951172
246,N_BaIoT,2,None,MinMaxScaler,MLP,0.7139877398318459,-1,-1,93.96296296296296,72.83333333333333,3.3958333333333335,72.96601816978624,68.37336802374814,-1,"{'0Normal': {'precision': 0.9852216748768473, 'recall': 1.0, 'f1-score': 0.9925558312655086, 'support': 200.0}, 'ack': {'precision': 0.6632302405498282, 'recall': 0.965, 'f1-score': 0.7861507128309572, 'support': 200.0}, 'combo': {'precision': 0.8639455782312925, 'recall': 0.635, 'f1-score': 0.7319884726224782, 'support': 200.0}, 'junk': {'precision': 0.7103174603174603, 'recall': 0.895, 'f1-score': 0.7920353982300885, 'support': 200.0}, 'scan': {'precision': 0.41164241164241167, 'recall': 0.99, 'f1-score': 0.5814977973568283, 'support': 200.0}, 'syn': {'precision': 1.0, 'recall': 0.995, 'f1-score': 0.9974937343358395, 'support': 200.0}, 'tcp': {'precision': 0.0, 'recall': 0.0, 'f1-score': 0.0, 'support': 200.0}, 'udp': {'precision': 1.0, 'recall': 0.245, 'f1-score': 0.393574297188755, 'support': 200.0}, 'udpplain': {'precision': 0.9325842696629213, 'recall': 0.83, 'f1-score': 0.8783068783068783, 'support': 200.0}, 'accuracy': 0.7283333333333334, 'macro avg': {'precision': 0.7296601816978624, 'recall': 0.7283333333333333, 'f1-score': 0.6837336802374815, 'support': 1800.0}, 'weighted avg': {'precision': 0.7296601816978624, 'recall': 0.7283333333333334, 'f1-score': 0.6837336802374815, 'support': 1800.0}}","[[200   0   0   0   0   0   0   0   0]
 [  0 193   0   0   4   0   0   0   3]
 [  0   0 127  73   0   0   0   0   0]
 [  1   0  20 179   0   0   0   0   0]
 [  2   0   0   0 198   0   0   0   0]
 [  0   0   0   0   1 199   0   0   0]
 [  0   0   0   0 200   0   0   0   0]
 [  0  64   0   0  78   0   0  49   9]
 [  0  34   0   0   0   0   0   0 166]]",14.608067035675049,0.018587827682495117
247,N_BaIoT,2,None,MinMaxScaler,LGBM,0.8757046960279873,-1,-1,97.30864197530865,87.8888888888889,1.5138888888888888,82.6178106196639,84.32254952679551,-1,"{'0Normal': {'precision': 0.9948979591836735, 'recall': 0.975, 'f1-score': 0.984848484848485, 'support': 200.0}, 'ack': {'precision': 1.0, 'recall': 0.98, 'f1-score': 0.98989898989899, 'support': 200.0}, 'combo': {'precision': 0.9898477157360406, 'recall': 0.975, 'f1-score': 0.982367758186398, 'support': 200.0}, 'junk': {'precision': 0.9752475247524752, 'recall': 0.985, 'f1-score': 0.9800995024875623, 'support': 200.0}, 'scan': {'precision': 0.975609756097561, 'recall': 1.0, 'f1-score': 0.9876543209876543, 'support': 200.0}, 'syn': {'precision': 1.0, 'recall': 0.995, 'f1-score': 0.9974937343358395, 'support': 200.0}, 'tcp': {'precision': 0.0, 'recall': 0.0, 'f1-score': 0.0, 'support': 200.0}, 'udp': {'precision': 0.5, 'recall': 1.0, 'f1-score': 0.6666666666666666, 'support': 200.0}, 'udpplain': {'precision': 1.0, 'recall': 1.0, 'f1-score': 1.0, 'support': 200.0}, 'accuracy': 0.8788888888888889, 'macro avg': {'precision': 0.826178106196639, 'recall': 0.8788888888888889, 'f1-score': 0.8432254952679551, 'support': 1800.0}, 'weighted avg': {'precision': 0.8261781061966389, 'recall': 0.8788888888888889, 'f1-score': 0.8432254952679551, 'support': 1800.0}}","[[195   0   0   0   0   0   5   0   0]
 [  0 196   0   0   4   0   0   0   0]
 [  0   0 195   5   0   0   0   0   0]
 [  1   0   2 197   0   0   0   0   0]
 [  0   0   0   0 200   0   0   0   0]
 [  0   0   0   0   1 199   0   0   0]
 [  0   0   0   0   0   0   0 200   0]
 [  0   0   0   0   0   0   0 200   0]
 [  0   0   0   0   0   0   0   0 200]]",62.25269412994385,0.02313685417175293
248,N_BaIoT,2,None,MinMaxScaler,RF,0.8799973137605338,-1,-1,97.38271604938271,88.22222222222221,1.472222222222222,82.79111415044652,84.56380858844418,-1,"{'0Normal': {'precision': 1.0, 'recall': 1.0, 'f1-score': 1.0, 'support': 200.0}, 'ack': {'precision': 0.9950248756218906, 'recall': 1.0, 'f1-score': 0.9975062344139651, 'support': 200.0}, 'combo': {'precision': 0.9800995024875622, 'recall': 0.985, 'f1-score': 0.9825436408977556, 'support': 200.0}, 'junk': {'precision': 0.9848484848484849, 'recall': 0.975, 'f1-score': 0.9798994974874371, 'support': 200.0}, 'scan': {'precision': 0.9949494949494949, 'recall': 0.985, 'f1-score': 0.9899497487437187, 'support': 200.0}, 'syn': {'precision': 1.0, 'recall': 0.995, 'f1-score': 0.9974937343358395, 'support': 200.0}, 'tcp': {'precision': 0.0, 'recall': 0.0, 'f1-score': 0.0, 'support': 200.0}, 'udp': {'precision': 0.49627791563275436, 'recall': 1.0, 'f1-score': 0.6633499170812603, 'support': 200.0}, 'udpplain': {'precision': 1.0, 'recall': 1.0, 'f1-score': 1.0, 'support': 200.0}, 'accuracy': 0.8822222222222222, 'macro avg': {'precision': 0.8279111415044652, 'recall': 0.8822222222222221, 'f1-score': 0.8456380858844418, 'support': 1800.0}, 'weighted avg': {'precision': 0.8279111415044652, 'recall': 0.8822222222222222, 'f1-score': 0.8456380858844419, 'support': 1800.0}}","[[200   0   0   0   0   0   0   0   0]
 [  0 200   0   0   0   0   0   0   0]
 [  0   0 197   3   0   0   0   0   0]
 [  0   1   4 195   0   0   0   0   0]
 [  0   0   0   0 197   0   0   3   0]
 [  0   0   0   0   1 199   0   0   0]
 [  0   0   0   0   0   0   0 200   0]
 [  0   0   0   0   0   0   0 200   0]
 [  0   0   0   0   0   0   0   0 200]]",2.1605637073516846,0.026646852493286133
249,N_BaIoT,2,None,MinMaxScaler,SGD,0.6309669775983318,-1,-1,92.22222222222223,64.99999999999999,4.375,58.08095440580742,57.917412345847154,-1,"{'0Normal': {'precision': 0.9900990099009901, 'recall': 1.0, 'f1-score': 0.9950248756218906, 'support': 200.0}, 'ack': {'precision': 0.6040955631399317, 'recall': 0.885, 'f1-score': 0.718052738336714, 'support': 200.0}, 'combo': {'precision': 0.5012531328320802, 'recall': 1.0, 'f1-score': 0.667779632721202, 'support': 200.0}, 'junk': {'precision': 0.0, 'recall': 0.0, 'f1-score': 0.0, 'support': 200.0}, 'scan': {'precision': 0.4125, 'recall': 0.99, 'f1-score': 0.5823529411764706, 'support': 200.0}, 'syn': {'precision': 1.0, 'recall': 0.98, 'f1-score': 0.98989898989899, 'support': 200.0}, 'tcp': {'precision': 0.0, 'recall': 0.0, 'f1-score': 0.0, 'support': 200.0}, 'udp': {'precision': 0.7685185185185185, 'recall': 0.415, 'f1-score': 0.538961038961039, 'support': 200.0}, 'udpplain': {'precision': 0.9508196721311475, 'recall': 0.58, 'f1-score': 0.7204968944099378, 'support': 200.0}, 'accuracy': 0.65, 'macro avg': {'precision': 0.5808095440580742, 'recall': 0.6499999999999999, 'f1-score': 0.5791741234584715, 'support': 1800.0}, 'weighted avg': {'precision': 0.5808095440580743, 'recall': 0.65, 'f1-score': 0.5791741234584716, 'support': 1800.0}}","[[200   0   0   0   0   0   0   0   0]
 [  0 177   0   0   0   0   0  18   5]
 [  0   0 200   0   0   0   0   0   0]
 [  0   0 199   0   0   0   0   1   0]
 [  2   0   0   0 198   0   0   0   0]
 [  0   0   0   0   4 196   0   0   0]
 [  0   0   0   0 200   0   0   0   0]
 [  0  38   0   0  78   0   0  83   1]
 [  0  78   0   0   0   0   0   6 116]]",4.04634165763855,0.009229183197021484
250,N_BaIoT,2,sigmoid,MinMaxScaler,HHHv2,0.6191299430630418,-1,-1,92.23456790123457,62.8727489880501,4.368055555555555,65.05555555555556,62.93226429085501,-1,"{'0Normal': {'precision': 0.975, 'recall': 0.8904109589041096, 'f1-score': 0.9307875894988066, 'support': 219.0}, 'ack': {'precision': 0.515, 'recall': 0.553763440860215, 'f1-score': 0.5336787564766838, 'support': 186.0}, 'combo': {'precision': 0.66, 'recall': 0.7674418604651163, 'f1-score': 0.7096774193548386, 'support': 172.0}, 'junk': {'precision': 0.89, 'recall': 0.7325102880658436, 'f1-score': 0.8036117381489842, 'support': 243.0}, 'scan': {'precision': 0.97, 'recall': 1.0, 'f1-score': 0.9847715736040609, 'support': 194.0}, 'syn': {'precision': 0.96, 'recall': 0.9948186528497409, 'f1-score': 0.9770992366412213, 'support': 193.0}, 'tcp': {'precision': 0.0, 'recall': 0.0, 'f1-score': 0.0, 'support': 2.0}, 'udp': {'precision': 0.315, 'recall': 0.4701492537313433, 'f1-score': 0.3772455089820359, 'support': 134.0}, 'udpplain': {'precision': 0.57, 'recall': 0.24945295404814005, 'f1-score': 0.3470319634703196, 'support': 457.0}, 'accuracy': 0.6505555555555556, 'macro avg': {'precision': 0.6505555555555556, 'recall': 0.628727489880501, 'f1-score': 0.6293226429085501, 'support': 1800.0}, 'weighted avg': {'precision': 0.7307027777777778, 'recall': 0.6505555555555556, 'f1-score': 0.6717884682025609, 'support': 1800.0}}","[[195   7   0   0   1   0   0   3  13]
 [  0 103   1   0   4   2   0  24  52]
 [  1   4 132  19   0   0   0  12   4]
 [  0   0  64 178   0   0   0   1   0]
 [  0   0   0   0 194   0   0   0   0]
 [  0   0   0   0   0 192   0   1   0]
 [  1   0   0   0   0   0   0   0   1]
 [  1  50   0   1   1   2   0  63  16]
 [  2  36   3   2   0   4 200  96 114]]",17.73587679862976,0.25182604789733887
251,N_BaIoT,0,None,MinMaxScaler,KNN,0.7540334515290322,-1,-1,95.11111111111111,77.99999999999999,2.75,77.97549301605628,77.43385041324191,-1,"{'0Normal': {'precision': 0.9852216748768473, 'recall': 1.0, 'f1-score': 0.9925558312655086, 'support': 200.0}, 'ack': {'precision': 0.5596330275229358, 'recall': 0.61, 'f1-score': 0.583732057416268, 'support': 200.0}, 'combo': {'precision': 0.7440758293838863, 'recall': 0.785, 'f1-score': 0.7639902676399027, 'support': 200.0}, 'junk': {'precision': 0.7562189054726368, 'recall': 0.76, 'f1-score': 0.7581047381546135, 'support': 200.0}, 'scan': {'precision': 0.9792746113989638, 'recall': 0.945, 'f1-score': 0.9618320610687023, 'support': 200.0}, 'syn': {'precision': 0.9441624365482234, 'recall': 0.93, 'f1-score': 0.9370277078085644, 'support': 200.0}, 'tcp': {'precision': 0.7194244604316546, 'recall': 1.0, 'f1-score': 0.8368200836820083, 'support': 200.0}, 'udp': {'precision': 0.3973509933774834, 'recall': 0.3, 'f1-score': 0.34188034188034183, 'support': 200.0}, 'udpplain': {'precision': 0.9324324324324325, 'recall': 0.69, 'f1-score': 0.793103448275862, 'support': 200.0}, 'accuracy': 0.78, 'macro avg': {'precision': 0.7797549301605627, 'recall': 0.7799999999999999, 'f1-score': 0.7743385041324191, 'support': 1800.0}, 'weighted avg': {'precision': 0.7797549301605626, 'recall': 0.78, 'f1-score': 0.7743385041324191, 'support': 1800.0}}","[[200   0   0   0   0   0   0   0   0]
 [  0 122   0   0   3   1   0  68   6]
 [  0   0 157  43   0   0   0   0   0]
 [  1   0  47 152   0   0   0   0   0]
 [  2   0   0   0 189   9   0   0   0]
 [  0   0   7   6   1 186   0   0   0]
 [  0   0   0   0   0   0 200   0   0]
 [  0  57   0   0   0   1  78  60   4]
 [  0  39   0   0   0   0   0  23 138]]",0.0004177093505859375,0.003753662109375
252,N_BaIoT,0,None,MinMaxScaler,LDA,0.6455805710667625,-1,-1,92.85185185185185,67.83333333333333,4.020833333333333,73.12860515778232,67.54279428575319,-1,"{'0Normal': {'precision': 0.9710982658959537, 'recall': 0.84, 'f1-score': 0.900804289544236, 'support': 200.0}, 'ack': {'precision': 0.5245901639344263, 'recall': 0.32, 'f1-score': 0.3975155279503106, 'support': 200.0}, 'combo': {'precision': 0.7090909090909091, 'recall': 0.585, 'f1-score': 0.6410958904109589, 'support': 200.0}, 'junk': {'precision': 0.6446280991735537, 'recall': 0.78, 'f1-score': 0.7058823529411764, 'support': 200.0}, 'scan': {'precision': 0.9887640449438202, 'recall': 0.44, 'f1-score': 0.6089965397923875, 'support': 200.0}, 'syn': {'precision': 0.8899082568807339, 'recall': 0.97, 'f1-score': 0.9282296650717704, 'support': 200.0}, 'tcp': {'precision': 0.5167958656330749, 'recall': 1.0, 'f1-score': 0.6814310051107325, 'support': 200.0}, 'udp': {'precision': 0.39552238805970147, 'recall': 0.53, 'f1-score': 0.45299145299145305, 'support': 200.0}, 'udpplain': {'precision': 0.9411764705882353, 'recall': 0.64, 'f1-score': 0.7619047619047621, 'support': 200.0}, 'accuracy': 0.6783333333333333, 'macro avg': {'precision': 0.7312860515778232, 'recall': 0.6783333333333332, 'f1-score': 0.6754279428575319, 'support': 1800.0}, 'weighted avg': {'precision': 0.7312860515778232, 'recall': 0.6783333333333333, 'f1-score': 0.6754279428575319, 'support': 1800.0}}","[[168   5   0   3   1  21   0   2   0]
 [  0  64   0   0   0   1   1 128   6]
 [  0   0 117  83   0   0   0   0   0]
 [  0   0  43 156   0   1   0   0   0]
 [  5   0   0   0  88   0 107   0   0]
 [  0   0   5   0   0 194   1   0   0]
 [  0   0   0   0   0   0 200   0   0]
 [  0  13   0   0   0   1  78 106   2]
 [  0  40   0   0   0   0   0  32 128]]",0.004065513610839844,0.0003027915954589844
253,N_BaIoT,0,None,MinMaxScaler,MLP,0.5953652124880888,-1,-1,91.79012345679011,63.05555555555556,4.618055555555555,60.067883037340366,59.980353638909236,-1,"{'0Normal': {'precision': 0.9852216748768473, 'recall': 1.0, 'f1-score': 0.9925558312655086, 'support': 200.0}, 'ack': {'precision': 0.6804123711340206, 'recall': 0.33, 'f1-score': 0.4444444444444444, 'support': 200.0}, 'combo': {'precision': 0.676923076923077, 'recall': 0.66, 'f1-score': 0.668354430379747, 'support': 200.0}, 'junk': {'precision': 0.6877828054298643, 'recall': 0.76, 'f1-score': 0.7220902612826603, 'support': 200.0}, 'scan': {'precision': 0.34579439252336447, 'recall': 0.74, 'f1-score': 0.47133757961783435, 'support': 200.0}, 'syn': {'precision': 0.776824034334764, 'recall': 0.905, 'f1-score': 0.836027713625866, 'support': 200.0}, 'tcp': {'precision': 0.0, 'recall': 0.0, 'f1-score': 0.0, 'support': 200.0}, 'udp': {'precision': 0.41630901287553645, 'recall': 0.485, 'f1-score': 0.4480369515011547, 'support': 200.0}, 'udpplain': {'precision': 0.8368421052631579, 'recall': 0.795, 'f1-score': 0.8153846153846155, 'support': 200.0}, 'accuracy': 0.6305555555555555, 'macro avg': {'precision': 0.6006788303734036, 'recall': 0.6305555555555555, 'f1-score': 0.5998035363890923, 'support': 1800.0}, 'weighted avg': {'precision': 0.6006788303734035, 'recall': 0.6305555555555555, 'f1-score': 0.5998035363890923, 'support': 1800.0}}","[[200   0   0   0   0   0   0   0   0]
 [  0  66   0   0   1   0   0 109  24]
 [  0   0 132  67   0   1   0   0   0]
 [  1   0  47 152   0   0   0   0   0]
 [  2   0   0   0 148  50   0   0   0]
 [  0   0  16   2   1 181   0   0   0]
 [  0   0   0   0 200   0   0   0   0]
 [  0  17   0   0  78   1   0  97   7]
 [  0  14   0   0   0   0   0  27 159]]",0.2446432113647461,0.0008566379547119141
254,N_BaIoT,0,None,MinMaxScaler,LGBM,0.9875603527546145,-1,-1,99.75308641975309,98.88888888888889,0.1388888888888889,98.93668866618128,98.8892262925083,-1,"{'0Normal': {'precision': 0.9852216748768473, 'recall': 1.0, 'f1-score': 0.9925558312655086, 'support': 200.0}, 'ack': {'precision': 1.0, 'recall': 1.0, 'f1-score': 1.0, 'support': 200.0}, 'combo': {'precision': 0.9947089947089947, 'recall': 0.94, 'f1-score': 0.9665809768637531, 'support': 200.0}, 'junk': {'precision': 0.9342723004694836, 'recall': 0.995, 'f1-score': 0.963680387409201, 'support': 200.0}, 'scan': {'precision': 1.0, 'recall': 0.965, 'f1-score': 0.9821882951653944, 'support': 200.0}, 'syn': {'precision': 0.9900990099009901, 'recall': 1.0, 'f1-score': 0.9950248756218906, 'support': 200.0}, 'tcp': {'precision': 1.0, 'recall': 1.0, 'f1-score': 1.0, 'support': 200.0}, 'udp': {'precision': 1.0, 'recall': 1.0, 'f1-score': 1.0, 'support': 200.0}, 'udpplain': {'precision': 1.0, 'recall': 1.0, 'f1-score': 1.0, 'support': 200.0}, 'accuracy': 0.9888888888888889, 'macro avg': {'precision': 0.9893668866618128, 'recall': 0.9888888888888889, 'f1-score': 0.988892262925083, 'support': 1800.0}, 'weighted avg': {'precision': 0.9893668866618129, 'recall': 0.9888888888888889, 'f1-score': 0.988892262925083, 'support': 1800.0}}","[[200   0   0   0   0   0   0   0   0]
 [  0 200   0   0   0   0   0   0   0]
 [  0   0 188  12   0   0   0   0   0]
 [  0   0   1 199   0   0   0   0   0]
 [  3   0   0   2 193   2   0   0   0]
 [  0   0   0   0   0 200   0   0   0]
 [  0   0   0   0   0   0 200   0   0]
 [  0   0   0   0   0   0   0 200   0]
 [  0   0   0   0   0   0   0   0 200]]",0.6845571994781494,0.013466835021972656
255,N_BaIoT,0,None,MinMaxScaler,RF,0.8584715504657507,-1,-1,96.96296296296296,86.33333333333333,1.7083333333333333,80.93457381859116,82.61810539985585,-1,"{'0Normal': {'precision': 0.9852216748768473, 'recall': 1.0, 'f1-score': 0.9925558312655086, 'support': 200.0}, 'ack': {'precision': 1.0, 'recall': 1.0, 'f1-score': 1.0, 'support': 200.0}, 'combo': {'precision': 0.953757225433526, 'recall': 0.825, 'f1-score': 0.8847184986595175, 'support': 200.0}, 'junk': {'precision': 0.8451327433628318, 'recall': 0.955, 'f1-score': 0.8967136150234741, 'support': 200.0}, 'scan': {'precision': 1.0, 'recall': 0.99, 'f1-score': 0.9949748743718593, 'support': 200.0}, 'syn': {'precision': 1.0, 'recall': 1.0, 'f1-score': 1.0, 'support': 200.0}, 'tcp': {'precision': 0.0, 'recall': 0.0, 'f1-score': 0.0, 'support': 200.0}, 'udp': {'precision': 0.5, 'recall': 1.0, 'f1-score': 0.6666666666666666, 'support': 200.0}, 'udpplain': {'precision': 1.0, 'recall': 1.0, 'f1-score': 1.0, 'support': 200.0}, 'accuracy': 0.8633333333333333, 'macro avg': {'precision': 0.8093457381859116, 'recall': 0.8633333333333333, 'f1-score': 0.8261810539985585, 'support': 1800.0}, 'weighted avg': {'precision': 0.8093457381859116, 'recall': 0.8633333333333333, 'f1-score': 0.8261810539985585, 'support': 1800.0}}","[[200   0   0   0   0   0   0   0   0]
 [  0 200   0   0   0   0   0   0   0]
 [  0   0 165  35   0   0   0   0   0]
 [  1   0   8 191   0   0   0   0   0]
 [  2   0   0   0 198   0   0   0   0]
 [  0   0   0   0   0 200   0   0   0]
 [  0   0   0   0   0   0   0 200   0]
 [  0   0   0   0   0   0   0 200   0]
 [  0   0   0   0   0   0   0   0 200]]",0.10952353477478027,0.010605812072753906
256,N_BaIoT,0,None,MinMaxScaler,SGD,0.6415931193581007,-1,-1,92.4320987654321,65.94444444444444,4.256944444444445,59.43646017715643,59.286223678389426,-1,"{'0Normal': {'precision': 0.9900990099009901, 'recall': 1.0, 'f1-score': 0.9950248756218906, 'support': 200.0}, 'ack': {'precision': 0.4878048780487805, 'recall': 1.0, 'f1-score': 0.6557377049180327, 'support': 200.0}, 'combo': {'precision': 0.8156028368794326, 'recall': 0.575, 'f1-score': 0.6744868035190615, 'support': 200.0}, 'junk': {'precision': 0.6528301886792452, 'recall': 0.865, 'f1-score': 0.7440860215053764, 'support': 200.0}, 'scan': {'precision': 0.4133611691022965, 'recall': 0.99, 'f1-score': 0.5832106038291606, 'support': 200.0}, 'syn': {'precision': 0.9895833333333334, 'recall': 0.95, 'f1-score': 0.9693877551020408, 'support': 200.0}, 'tcp': {'precision': 0.0, 'recall': 0.0, 'f1-score': 0.0, 'support': 200.0}, 'udp': {'precision': 0.0, 'recall': 0.0, 'f1-score': 0.0, 'support': 200.0}, 'udpplain': {'precision': 1.0, 'recall': 0.555, 'f1-score': 0.7138263665594855, 'support': 200.0}, 'accuracy': 0.6594444444444445, 'macro avg': {'precision': 0.5943646017715642, 'recall': 0.6594444444444444, 'f1-score': 0.5928622367838943, 'support': 1800.0}, 'weighted avg': {'precision': 0.5943646017715642, 'recall': 0.6594444444444445, 'f1-score': 0.5928622367838942, 'support': 1800.0}}","[[200   0   0   0   0   0   0   0   0]
 [  0 200   0   0   0   0   0   0   0]
 [  0   0 115  85   0   0   0   0   0]
 [  0   0  26 173   0   1   0   0   0]
 [  2   0   0   0 198   0   0   0   0]
 [  0   0   0   7   3 190   0   0   0]
 [  0   0   0   0 200   0   0   0   0]
 [  0 121   0   0  78   1   0   0   0]
 [  0  89   0   0   0   0   0   0 111]]",0.008585453033447266,0.0004982948303222656
257,N_BaIoT,0,None,MinMaxScaler,HHHv2,0.6134772945314105,-1,-1,92.08641975308642,61.81478646633908,4.451388888888888,64.38888888888889,60.99724703877924,-1,"{'0Normal': {'precision': 0.865, 'recall': 0.9719101123595506, 'f1-score': 0.9153439153439153, 'support': 178.0}, 'ack': {'precision': 0.295, 'recall': 0.59, 'f1-score': 0.3933333333333333, 'support': 100.0}, 'combo': {'precision': 0.615, 'recall': 0.727810650887574, 'f1-score': 0.6666666666666666, 'support': 169.0}, 'junk': {'precision': 0.775, 'recall': 0.6540084388185654, 'f1-score': 0.7093821510297482, 'support': 237.0}, 'scan': {'precision': 0.97, 'recall': 0.41014799154334036, 'f1-score': 0.5765230312035661, 'support': 473.0}, 'syn': {'precision': 1.0, 'recall': 0.9049773755656109, 'f1-score': 0.9501187648456058, 'support': 221.0}, 'tcp': {'precision': 0.0, 'recall': 0.0, 'f1-score': 0.0, 'support': 1.0}, 'udp': {'precision': 0.515, 'recall': 0.4103585657370518, 'f1-score': 0.45676274944567635, 'support': 251.0}, 'udpplain': {'precision': 0.76, 'recall': 0.8941176470588236, 'f1-score': 0.8216216216216216, 'support': 170.0}, 'accuracy': 0.6438888888888888, 'macro avg': {'precision': 0.6438888888888888, 'recall': 0.6181478646633908, 'f1-score': 0.6099724703877925, 'support': 1800.0}, 'weighted avg': {'precision': 0.782975, 'recall': 0.6438888888888888, 'f1-score': 0.6778053073899851, 'support': 1800.0}}","[[173   0   0   0   5   0   0   0   0]
 [  2  59   0   0   0   0   0  13  26]
 [  2   0 123  44   0   0   0   0   0]
 [  5   0  77 155   0   0   0   0   0]
 [  1   0   0   0 194   0 200  78   0]
 [ 16   1   0   0   1 200   0   3   0]
 [  0   0   0   1   0   0   0   0   0]
 [  0 126   0   0   0   0   0 103  22]
 [  1  14   0   0   0   0   0   3 152]]",0.08659863471984863,0.006194353103637695
258,N_BaIoT,0,None,MinMaxScaler,KNN,0.7209869625658655,-1,-1,94.18518518518518,73.83333333333333,3.270833333333333,70.39574794484564,70.58495230580549,-1,"{'0Normal': {'precision': 0.9852216748768473, 'recall': 1.0, 'f1-score': 0.9925558312655086, 'support': 200.0}, 'ack': {'precision': 0.7846153846153846, 'recall': 0.765, 'f1-score': 0.7746835443037975, 'support': 200.0}, 'combo': {'precision': 0.7989690721649485, 'recall': 0.775, 'f1-score': 0.7868020304568527, 'support': 200.0}, 'junk': {'precision': 0.7804878048780488, 'recall': 0.8, 'f1-score': 0.7901234567901235, 'support': 200.0}, 'scan': {'precision': 0.41422594142259417, 'recall': 0.99, 'f1-score': 0.584070796460177, 'support': 200.0}, 'syn': {'precision': 0.9900497512437811, 'recall': 0.995, 'f1-score': 0.9925187032418954, 'support': 200.0}, 'tcp': {'precision': 0.0, 'recall': 0.0, 'f1-score': 0.0, 'support': 200.0}, 'udp': {'precision': 0.6304347826086957, 'recall': 0.435, 'f1-score': 0.514792899408284, 'support': 200.0}, 'udpplain': {'precision': 0.9516129032258065, 'recall': 0.885, 'f1-score': 0.917098445595855, 'support': 200.0}, 'accuracy': 0.7383333333333333, 'macro avg': {'precision': 0.7039574794484563, 'recall': 0.7383333333333333, 'f1-score': 0.7058495230580548, 'support': 1800.0}, 'weighted avg': {'precision': 0.7039574794484561, 'recall': 0.7383333333333333, 'f1-score': 0.7058495230580548, 'support': 1800.0}}","[[200   0   0   0   0   0   0   0   0]
 [  0 153   0   0   1   1   0  40   5]
 [  0   0 155  45   0   0   0   0   0]
 [  1   0  39 160   0   0   0   0   0]
 [  2   0   0   0 198   0   0   0   0]
 [  0   0   0   0   1 199   0   0   0]
 [  0   0   0   0 200   0   0   0   0]
 [  0  30   0   0  78   1   0  87   4]
 [  0  12   0   0   0   0   0  11 177]]",0.0005524158477783203,0.01002812385559082
259,N_BaIoT,0,None,MinMaxScaler,LDA,0.726144660467864,-1,-1,94.51851851851852,75.33333333333333,3.0833333333333335,77.6565801336697,75.29386708925773,-1,"{'0Normal': {'precision': 0.9897959183673469, 'recall': 0.97, 'f1-score': 0.9797979797979798, 'support': 200.0}, 'ack': {'precision': 0.6797752808988764, 'recall': 0.605, 'f1-score': 0.6402116402116401, 'support': 200.0}, 'combo': {'precision': 0.7344632768361582, 'recall': 0.65, 'f1-score': 0.6896551724137931, 'support': 200.0}, 'junk': {'precision': 0.691304347826087, 'recall': 0.795, 'f1-score': 0.7395348837209302, 'support': 200.0}, 'scan': {'precision': 0.9849624060150376, 'recall': 0.655, 'f1-score': 0.7867867867867868, 'support': 200.0}, 'syn': {'precision': 0.9601990049751243, 'recall': 0.965, 'f1-score': 0.9625935162094762, 'support': 200.0}, 'tcp': {'precision': 0.5830903790087464, 'recall': 1.0, 'f1-score': 0.7366482504604052, 'support': 200.0}, 'udp': {'precision': 0.453551912568306, 'recall': 0.415, 'f1-score': 0.43342036553524804, 'support': 200.0}, 'udpplain': {'precision': 0.9119496855345912, 'recall': 0.725, 'f1-score': 0.807799442896936, 'support': 200.0}, 'accuracy': 0.7533333333333333, 'macro avg': {'precision': 0.7765658013366971, 'recall': 0.7533333333333333, 'f1-score': 0.7529386708925773, 'support': 1800.0}, 'weighted avg': {'precision': 0.7765658013366972, 'recall': 0.7533333333333333, 'f1-score': 0.7529386708925773, 'support': 1800.0}}","[[194   1   0   2   0   3   0   0   0]
 [  0 121   0   0   0   4   0  63  12]
 [  0   0 130  69   0   1   0   0   0]
 [  0   1  40 159   0   0   0   0   0]
 [  2   0   3   0 131   0  64   0   0]
 [  0   0   4   0   2 193   1   0   0]
 [  0   0   0   0   0   0 200   0   0]
 [  0  37   0   0   0   0  78  83   2]
 [  0  18   0   0   0   0   0  37 145]]",0.008503913879394531,0.0003724098205566406
260,N_BaIoT,0,None,MinMaxScaler,MLP,0.7046212884479255,-1,-1,93.8641975308642,72.38888888888889,3.4513888888888884,69.04457426792763,69.05282454757749,-1,"{'0Normal': {'precision': 0.9852216748768473, 'recall': 1.0, 'f1-score': 0.9925558312655086, 'support': 200.0}, 'ack': {'precision': 0.8609271523178808, 'recall': 0.65, 'f1-score': 0.7407407407407408, 'support': 200.0}, 'combo': {'precision': 0.7163461538461539, 'recall': 0.745, 'f1-score': 0.7303921568627451, 'support': 200.0}, 'junk': {'precision': 0.7329842931937173, 'recall': 0.7, 'f1-score': 0.7161125319693096, 'support': 200.0}, 'scan': {'precision': 0.41422594142259417, 'recall': 0.99, 'f1-score': 0.584070796460177, 'support': 200.0}, 'syn': {'precision': 0.995, 'recall': 0.995, 'f1-score': 0.995, 'support': 200.0}, 'tcp': {'precision': 0.0, 'recall': 0.0, 'f1-score': 0.0, 'support': 200.0}, 'udp': {'precision': 0.6438356164383562, 'recall': 0.47, 'f1-score': 0.5433526011560693, 'support': 200.0}, 'udpplain': {'precision': 0.8654708520179372, 'recall': 0.965, 'f1-score': 0.912529550827423, 'support': 200.0}, 'accuracy': 0.7238888888888889, 'macro avg': {'precision': 0.6904457426792763, 'recall': 0.7238888888888888, 'f1-score': 0.6905282454757748, 'support': 1800.0}, 'weighted avg': {'precision': 0.6904457426792763, 'recall': 0.7238888888888889, 'f1-score': 0.6905282454757747, 'support': 1800.0}}","[[200   0   0   0   0   0   0   0   0]
 [  0 130   0   0   1   0   0  49  20]
 [  0   0 149  51   0   0   0   0   0]
 [  1   0  59 140   0   0   0   0   0]
 [  2   0   0   0 198   0   0   0   0]
 [  0   0   0   0   1 199   0   0   0]
 [  0   0   0   0 200   0   0   0   0]
 [  0  17   0   0  78   1   0  94  10]
 [  0   4   0   0   0   0   0   3 193]]",1.0751495361328125,0.0009093284606933594
261,N_BaIoT,0,None,MinMaxScaler,LGBM,0.8823527016743101,-1,-1,97.4320987654321,88.44444444444444,1.4444444444444444,82.89887402255177,84.74066537663757,-1,"{'0Normal': {'precision': 0.9950248756218906, 'recall': 1.0, 'f1-score': 0.9975062344139651, 'support': 200.0}, 'ack': {'precision': 1.0, 'recall': 1.0, 'f1-score': 1.0, 'support': 200.0}, 'combo': {'precision': 0.970873786407767, 'recall': 1.0, 'f1-score': 0.9852216748768473, 'support': 200.0}, 'junk': {'precision': 1.0, 'recall': 0.97, 'f1-score': 0.9847715736040609, 'support': 200.0}, 'scan': {'precision': 0.995, 'recall': 0.995, 'f1-score': 0.995, 'support': 200.0}, 'syn': {'precision': 1.0, 'recall': 0.995, 'f1-score': 0.9974937343358395, 'support': 200.0}, 'tcp': {'precision': 0.0, 'recall': 0.0, 'f1-score': 0.0, 'support': 200.0}, 'udp': {'precision': 0.5, 'recall': 1.0, 'f1-score': 0.6666666666666666, 'support': 200.0}, 'udpplain': {'precision': 1.0, 'recall': 1.0, 'f1-score': 1.0, 'support': 200.0}, 'accuracy': 0.8844444444444445, 'macro avg': {'precision': 0.8289887402255176, 'recall': 0.8844444444444445, 'f1-score': 0.8474066537663756, 'support': 1800.0}, 'weighted avg': {'precision': 0.8289887402255176, 'recall': 0.8844444444444445, 'f1-score': 0.8474066537663755, 'support': 1800.0}}","[[200   0   0   0   0   0   0   0   0]
 [  0 200   0   0   0   0   0   0   0]
 [  0   0 200   0   0   0   0   0   0]
 [  0   0   6 194   0   0   0   0   0]
 [  1   0   0   0 199   0   0   0   0]
 [  0   0   0   0   1 199   0   0   0]
 [  0   0   0   0   0   0   0 200   0]
 [  0   0   0   0   0   0   0 200   0]
 [  0   0   0   0   0   0   0   0 200]]",1.328474521636963,0.015543460845947266
262,N_BaIoT,0,None,MinMaxScaler,RF,0.9401396450403023,-1,-1,98.77777777777777,94.49999999999999,0.6875,95.7360056993109,94.3281208407034,-1,"{'0Normal': {'precision': 1.0, 'recall': 1.0, 'f1-score': 1.0, 'support': 200.0}, 'ack': {'precision': 1.0, 'recall': 1.0, 'f1-score': 1.0, 'support': 200.0}, 'combo': {'precision': 0.9685863874345549, 'recall': 0.925, 'f1-score': 0.9462915601023018, 'support': 200.0}, 'junk': {'precision': 0.9282296650717703, 'recall': 0.97, 'f1-score': 0.9486552567237163, 'support': 200.0}, 'scan': {'precision': 1.0, 'recall': 1.0, 'f1-score': 1.0, 'support': 200.0}, 'syn': {'precision': 1.0, 'recall': 1.0, 'f1-score': 1.0, 'support': 200.0}, 'tcp': {'precision': 0.7194244604316546, 'recall': 1.0, 'f1-score': 0.8368200836820083, 'support': 200.0}, 'udp': {'precision': 1.0, 'recall': 0.61, 'f1-score': 0.7577639751552795, 'support': 200.0}, 'udpplain': {'precision': 1.0, 'recall': 1.0, 'f1-score': 1.0, 'support': 200.0}, 'accuracy': 0.945, 'macro avg': {'precision': 0.9573600569931089, 'recall': 0.9449999999999998, 'f1-score': 0.943281208407034, 'support': 1800.0}, 'weighted avg': {'precision': 0.9573600569931088, 'recall': 0.945, 'f1-score': 0.943281208407034, 'support': 1800.0}}","[[200   0   0   0   0   0   0   0   0]
 [  0 200   0   0   0   0   0   0   0]
 [  0   0 185  15   0   0   0   0   0]
 [  0   0   6 194   0   0   0   0   0]
 [  0   0   0   0 200   0   0   0   0]
 [  0   0   0   0   0 200   0   0   0]
 [  0   0   0   0   0   0 200   0   0]
 [  0   0   0   0   0   0  78 122   0]
 [  0   0   0   0   0   0   0   0 200]]",0.34546780586242676,0.0109405517578125
263,N_BaIoT,0,None,MinMaxScaler,SGD,0.6235749352461419,-1,-1,92.0246913580247,64.11111111111113,4.486111111111111,70.22029693399587,56.97044550192978,-1,"{'0Normal': {'precision': 0.9900990099009901, 'recall': 1.0, 'f1-score': 0.9950248756218906, 'support': 200.0}, 'ack': {'precision': 0.5371900826446281, 'recall': 0.975, 'f1-score': 0.6927175843694494, 'support': 200.0}, 'combo': {'precision': 0.5223097112860893, 'recall': 0.995, 'f1-score': 0.6850258175559382, 'support': 200.0}, 'junk': {'precision': 0.95, 'recall': 0.095, 'f1-score': 0.17272727272727273, 'support': 200.0}, 'scan': {'precision': 0.4074074074074074, 'recall': 0.99, 'f1-score': 0.5772594752186588, 'support': 200.0}, 'syn': {'precision': 0.9897435897435898, 'recall': 0.965, 'f1-score': 0.9772151898734178, 'support': 200.0}, 'tcp': {'precision': 0.0, 'recall': 0.0, 'f1-score': 0.0, 'support': 200.0}, 'udp': {'precision': 0.9230769230769231, 'recall': 0.18, 'f1-score': 0.301255230125523, 'support': 200.0}, 'udpplain': {'precision': 1.0, 'recall': 0.57, 'f1-score': 0.7261146496815287, 'support': 200.0}, 'accuracy': 0.6411111111111111, 'macro avg': {'precision': 0.7022029693399587, 'recall': 0.6411111111111113, 'f1-score': 0.5697044550192978, 'support': 1800.0}, 'weighted avg': {'precision': 0.7022029693399587, 'recall': 0.6411111111111111, 'f1-score': 0.5697044550192977, 'support': 1800.0}}","[[200   0   0   0   0   0   0   0   0]
 [  0 195   0   0   5   0   0   0   0]
 [  0   0 199   1   0   0   0   0   0]
 [  0   0 180  19   0   1   0   0   0]
 [  2   0   0   0 198   0   0   0   0]
 [  0   0   2   0   5 193   0   0   0]
 [  0   0   0   0 200   0   0   0   0]
 [  0  85   0   0  78   1   0  36   0]
 [  0  83   0   0   0   0   0   3 114]]",0.05001330375671387,0.0005502700805664062
264,N_BaIoT,0,rbf,MinMaxScaler,HHHv2,0.7757275949827187,-1,-1,97.09375,76.3425095474359,1.6607142857142858,78.55555555555554,75.54254208162702,-1,"{'0Normal': {'precision': 1.0, 'recall': 0.9852216748768473, 'f1-score': 0.9925558312655086, 'support': 203.0}, 'ack': {'precision': 0.98, 'recall': 0.98, 'f1-score': 0.98, 'support': 200.0}, 'combo': {'precision': 0.71, 'recall': 0.8402366863905325, 'f1-score': 0.7696476964769648, 'support': 169.0}, 'junk': {'precision': 0.86, 'recall': 0.7478260869565218, 'f1-score': 0.7999999999999999, 'support': 230.0}, 'scan': {'precision': 0.99, 'recall': 0.41509433962264153, 'f1-score': 0.5849335302806499, 'support': 477.0}, 'syn': {'precision': 0.995, 'recall': 0.995, 'f1-score': 0.995, 'support': 200.0}, 'tcp': {'precision': 0.0, 'recall': 0.0, 'f1-score': 0.0, 'support': 0.0}, 'udp': {'precision': 0.575, 'recall': 0.9426229508196722, 'f1-score': 0.7142857142857143, 'support': 122.0}, 'udpplain': {'precision': 0.96, 'recall': 0.964824120603015, 'f1-score': 0.9624060150375939, 'support': 199.0}, 'accuracy': 0.7855555555555556, 'macro avg': {'precision': 0.7855555555555555, 'recall': 0.763425095474359, 'f1-score': 0.7554254208162702, 'support': 1800.0}, 'weighted avg': {'precision': 0.9162277777777778, 'recall': 0.7855555555555556, 'f1-score': 0.8156856902948408, 'support': 1800.0}}","[[200   0   0   1   2   0   0   0]
 [  0 196   0   0   0   0   2   2]
 [  0   0 142  27   0   0   0   0]
 [  0   0  58 172   0   0   0   0]
 [  0   0   0   0 198   1  78   0]
 [  0   0   0   0   0 199   1   0]
 [  0   1   0   0   0   0 115   6]
 [  0   3   0   0   0   0   4 192]]",13.192691087722778,0.038706064224243164
265,N_BaIoT,0,None,MinMaxScaler,KNN,0.7119504673232916,-1,-1,94.01234567901234,73.05555555555556,3.3680555555555554,69.53841942756654,69.78330852398807,-1,"{'0Normal': {'precision': 0.9852216748768473, 'recall': 1.0, 'f1-score': 0.9925558312655086, 'support': 200.0}, 'ack': {'precision': 0.7736842105263158, 'recall': 0.735, 'f1-score': 0.7538461538461538, 'support': 200.0}, 'combo': {'precision': 0.7574257425742574, 'recall': 0.765, 'f1-score': 0.7611940298507464, 'support': 200.0}, 'junk': {'precision': 0.7614213197969543, 'recall': 0.75, 'f1-score': 0.7556675062972293, 'support': 200.0}, 'scan': {'precision': 0.41509433962264153, 'recall': 0.99, 'f1-score': 0.5849335302806499, 'support': 200.0}, 'syn': {'precision': 0.9851485148514851, 'recall': 0.995, 'f1-score': 0.9900497512437811, 'support': 200.0}, 'tcp': {'precision': 0.0, 'recall': 0.0, 'f1-score': 0.0, 'support': 200.0}, 'udp': {'precision': 0.6330935251798561, 'recall': 0.44, 'f1-score': 0.519174041297935, 'support': 200.0}, 'udpplain': {'precision': 0.9473684210526315, 'recall': 0.9, 'f1-score': 0.9230769230769231, 'support': 200.0}, 'accuracy': 0.7305555555555555, 'macro avg': {'precision': 0.6953841942756654, 'recall': 0.7305555555555556, 'f1-score': 0.6978330852398807, 'support': 1800.0}, 'weighted avg': {'precision': 0.6953841942756654, 'recall': 0.7305555555555555, 'f1-score': 0.6978330852398807, 'support': 1800.0}}","[[200   0   0   0   0   0   0   0   0]
 [  0 147   0   0   0   2   0  44   7]
 [  0   0 153  47   0   0   0   0   0]
 [  1   0  49 150   0   0   0   0   0]
 [  2   0   0   0 198   0   0   0   0]
 [  0   0   0   0   1 199   0   0   0]
 [  0   0   0   0 200   0   0   0   0]
 [  0  30   0   0  78   1   0  88   3]
 [  0  13   0   0   0   0   0   7 180]]",0.0005285739898681641,0.010887622833251953
266,N_BaIoT,0,None,MinMaxScaler,LDA,0.7248191906386245,-1,-1,94.48148148148148,75.16666666666667,3.1041666666666665,77.88197440166242,75.06919860595576,-1,"{'0Normal': {'precision': 0.9897959183673469, 'recall': 0.97, 'f1-score': 0.9797979797979798, 'support': 200.0}, 'ack': {'precision': 0.6145251396648045, 'recall': 0.55, 'f1-score': 0.5804749340369394, 'support': 200.0}, 'combo': {'precision': 0.7894736842105263, 'recall': 0.6, 'f1-score': 0.6818181818181819, 'support': 200.0}, 'junk': {'precision': 0.6823529411764706, 'recall': 0.87, 'f1-score': 0.7648351648351649, 'support': 200.0}, 'scan': {'precision': 1.0, 'recall': 0.655, 'f1-score': 0.7915407854984895, 'support': 200.0}, 'syn': {'precision': 0.9701492537313433, 'recall': 0.975, 'f1-score': 0.972568578553616, 'support': 200.0}, 'tcp': {'precision': 0.5830903790087464, 'recall': 1.0, 'f1-score': 0.7366482504604052, 'support': 200.0}, 'udp': {'precision': 0.4708994708994709, 'recall': 0.445, 'f1-score': 0.4575835475578406, 'support': 200.0}, 'udpplain': {'precision': 0.9090909090909091, 'recall': 0.7, 'f1-score': 0.7909604519774012, 'support': 200.0}, 'accuracy': 0.7516666666666667, 'macro avg': {'precision': 0.7788197440166242, 'recall': 0.7516666666666667, 'f1-score': 0.7506919860595577, 'support': 1800.0}, 'weighted avg': {'precision': 0.7788197440166241, 'recall': 0.7516666666666667, 'f1-score': 0.7506919860595574, 'support': 1800.0}}","[[194   2   0   2   0   2   0   0   0]
 [  0 110   0   0   0   3   0  75  12]
 [  0   0 120  79   0   1   0   0   0]
 [  0   1  25 174   0   0   0   0   0]
 [  2   0   3   0 131   0  64   0   0]
 [  0   0   4   0   0 195   1   0   0]
 [  0   0   0   0   0   0 200   0   0]
 [  0  31   0   0   0   0  78  89   2]
 [  0  35   0   0   0   0   0  25 140]]",0.011184930801391602,0.0005006790161132812
267,N_BaIoT,0,None,MinMaxScaler,MLP,0.6924365936045993,-1,-1,93.64197530864197,71.38888888888889,3.576388888888889,68.26586479818508,68.30979587178356,-1,"{'0Normal': {'precision': 0.9852216748768473, 'recall': 1.0, 'f1-score': 0.9925558312655086, 'support': 200.0}, 'ack': {'precision': 0.8648648648648649, 'recall': 0.64, 'f1-score': 0.7356321839080459, 'support': 200.0}, 'combo': {'precision': 0.764367816091954, 'recall': 0.665, 'f1-score': 0.7112299465240641, 'support': 200.0}, 'junk': {'precision': 0.7022222222222222, 'recall': 0.79, 'f1-score': 0.7435294117647058, 'support': 200.0}, 'scan': {'precision': 0.40425531914893614, 'recall': 0.95, 'f1-score': 0.5671641791044776, 'support': 200.0}, 'syn': {'precision': 0.9567307692307693, 'recall': 0.995, 'f1-score': 0.9754901960784313, 'support': 200.0}, 'tcp': {'precision': 0.0, 'recall': 0.0, 'f1-score': 0.0, 'support': 200.0}, 'udp': {'precision': 0.5906432748538012, 'recall': 0.505, 'f1-score': 0.5444743935309972, 'support': 200.0}, 'udpplain': {'precision': 0.8756218905472637, 'recall': 0.88, 'f1-score': 0.8778054862842893, 'support': 200.0}, 'accuracy': 0.7138888888888889, 'macro avg': {'precision': 0.6826586479818508, 'recall': 0.7138888888888889, 'f1-score': 0.6830979587178356, 'support': 1800.0}, 'weighted avg': {'precision': 0.6826586479818509, 'recall': 0.7138888888888889, 'f1-score': 0.6830979587178356, 'support': 1800.0}}","[[200   0   0   0   0   0   0   0   0]
 [  0 128   0   0   1   0   0  53  18]
 [  0   0 133  67   0   0   0   0   0]
 [  1   0  41 158   0   0   0   0   0]
 [  2   0   0   0 190   8   0   0   0]
 [  0   0   0   0   1 199   0   0   0]
 [  0   0   0   0 200   0   0   0   0]
 [  0  13   0   0  78   1   0 101   7]
 [  0   7   0   0   0   0   0  17 176]]",1.0527074337005615,0.0008940696716308594
268,N_BaIoT,0,None,MinMaxScaler,LGBM,0.997502424488006,-1,-1,99.95061728395062,99.77777777777779,0.027777777777777776,99.77997799779979,99.777912158748,-1,"{'0Normal': {'precision': 1.0, 'recall': 1.0, 'f1-score': 1.0, 'support': 200.0}, 'ack': {'precision': 1.0, 'recall': 0.995, 'f1-score': 0.9974937343358395, 'support': 200.0}, 'combo': {'precision': 0.9900990099009901, 'recall': 1.0, 'f1-score': 0.9950248756218906, 'support': 200.0}, 'junk': {'precision': 1.0, 'recall': 0.99, 'f1-score': 0.9949748743718593, 'support': 200.0}, 'scan': {'precision': 0.9900990099009901, 'recall': 1.0, 'f1-score': 0.9950248756218906, 'support': 200.0}, 'syn': {'precision': 1.0, 'recall': 0.995, 'f1-score': 0.9974937343358395, 'support': 200.0}, 'tcp': {'precision': 1.0, 'recall': 1.0, 'f1-score': 1.0, 'support': 200.0}, 'udp': {'precision': 1.0, 'recall': 1.0, 'f1-score': 1.0, 'support': 200.0}, 'udpplain': {'precision': 1.0, 'recall': 1.0, 'f1-score': 1.0, 'support': 200.0}, 'accuracy': 0.9977777777777778, 'macro avg': {'precision': 0.9977997799779978, 'recall': 0.9977777777777779, 'f1-score': 0.99777912158748, 'support': 1800.0}, 'weighted avg': {'precision': 0.9977997799779978, 'recall': 0.9977777777777778, 'f1-score': 0.99777912158748, 'support': 1800.0}}","[[200   0   0   0   0   0   0   0   0]
 [  0 199   0   0   1   0   0   0   0]
 [  0   0 200   0   0   0   0   0   0]
 [  0   0   2 198   0   0   0   0   0]
 [  0   0   0   0 200   0   0   0   0]
 [  0   0   0   0   1 199   0   0   0]
 [  0   0   0   0   0   0 200   0   0]
 [  0   0   0   0   0   0   0 200   0]
 [  0   0   0   0   0   0   0   0 200]]",1.340317726135254,0.00990748405456543
269,N_BaIoT,0,None,MinMaxScaler,RF,0.8798058933888324,-1,-1,97.38271604938271,88.22222222222221,1.472222222222222,82.66554719423542,84.5178219863874,-1,"{'0Normal': {'precision': 1.0, 'recall': 1.0, 'f1-score': 1.0, 'support': 200.0}, 'ack': {'precision': 0.9950248756218906, 'recall': 1.0, 'f1-score': 0.9975062344139651, 'support': 200.0}, 'combo': {'precision': 0.9748743718592965, 'recall': 0.97, 'f1-score': 0.9724310776942355, 'support': 200.0}, 'junk': {'precision': 0.97, 'recall': 0.97, 'f1-score': 0.97, 'support': 200.0}, 'scan': {'precision': 1.0, 'recall': 1.0, 'f1-score': 1.0, 'support': 200.0}, 'syn': {'precision': 1.0, 'recall': 1.0, 'f1-score': 1.0, 'support': 200.0}, 'tcp': {'precision': 0.0, 'recall': 0.0, 'f1-score': 0.0, 'support': 200.0}, 'udp': {'precision': 0.5, 'recall': 1.0, 'f1-score': 0.6666666666666666, 'support': 200.0}, 'udpplain': {'precision': 1.0, 'recall': 1.0, 'f1-score': 1.0, 'support': 200.0}, 'accuracy': 0.8822222222222222, 'macro avg': {'precision': 0.8266554719423541, 'recall': 0.8822222222222221, 'f1-score': 0.8451782198638741, 'support': 1800.0}, 'weighted avg': {'precision': 0.8266554719423541, 'recall': 0.8822222222222222, 'f1-score': 0.8451782198638741, 'support': 1800.0}}","[[200   0   0   0   0   0   0   0   0]
 [  0 200   0   0   0   0   0   0   0]
 [  0   0 194   6   0   0   0   0   0]
 [  0   1   5 194   0   0   0   0   0]
 [  0   0   0   0 200   0   0   0   0]
 [  0   0   0   0   0 200   0   0   0]
 [  0   0   0   0   0   0   0 200   0]
 [  0   0   0   0   0   0   0 200   0]
 [  0   0   0   0   0   0   0   0 200]]",0.3441355228424072,0.010963201522827148
270,N_BaIoT,0,None,MinMaxScaler,SGD,0.6589218635211599,-1,-1,92.91358024691358,68.11111111111111,3.986111111111111,66.12657503530724,63.9024869325787,-1,"{'0Normal': {'precision': 0.975609756097561, 'recall': 1.0, 'f1-score': 0.9876543209876543, 'support': 200.0}, 'ack': {'precision': 0.6101083032490975, 'recall': 0.845, 'f1-score': 0.7085953878406709, 'support': 200.0}, 'combo': {'precision': 0.6267123287671232, 'recall': 0.915, 'f1-score': 0.7439024390243902, 'support': 200.0}, 'junk': {'precision': 0.8411214953271028, 'recall': 0.45, 'f1-score': 0.5863192182410423, 'support': 200.0}, 'scan': {'precision': 0.4117647058823529, 'recall': 0.98, 'f1-score': 0.5798816568047338, 'support': 200.0}, 'syn': {'precision': 0.995, 'recall': 0.995, 'f1-score': 0.995, 'support': 200.0}, 'tcp': {'precision': 0.0, 'recall': 0.0, 'f1-score': 0.0, 'support': 200.0}, 'udp': {'precision': 0.5544554455445545, 'recall': 0.28, 'f1-score': 0.372093023255814, 'support': 200.0}, 'udpplain': {'precision': 0.9366197183098591, 'recall': 0.665, 'f1-score': 0.7777777777777778, 'support': 200.0}, 'accuracy': 0.6811111111111111, 'macro avg': {'precision': 0.6612657503530723, 'recall': 0.6811111111111111, 'f1-score': 0.639024869325787, 'support': 1800.0}, 'weighted avg': {'precision': 0.6612657503530724, 'recall': 0.6811111111111111, 'f1-score': 0.6390248693257871, 'support': 1800.0}}","[[200   0   0   0   0   0   0   0   0]
 [  0 169   0   0   1   0   0  22   8]
 [  0   0 183  17   0   0   0   0   0]
 [  1   0 109  90   0   0   0   0   0]
 [  4   0   0   0 196   0   0   0   0]
 [  0   0   0   0   1 199   0   0   0]
 [  0   0   0   0 200   0   0   0   0]
 [  0  64   0   0  78   1   0  56   1]
 [  0  44   0   0   0   0   0  23 133]]",0.054075002670288086,0.0005304813385009766
271,N_BaIoT,0,poly,MinMaxScaler,HHHv2,0.7771739747961834,-1,-1,97.125,76.50726097770641,1.6428571428571428,78.66666666666666,75.58815739715307,-1,"{'0Normal': {'precision': 0.995, 'recall': 0.9851485148514851, 'f1-score': 0.9900497512437811, 'support': 202.0}, 'ack': {'precision': 0.98, 'recall': 0.98, 'f1-score': 0.98, 'support': 200.0}, 'combo': {'precision': 0.695, 'recall': 0.8853503184713376, 'f1-score': 0.7787114845938375, 'support': 157.0}, 'junk': {'precision': 0.905, 'recall': 0.7479338842975206, 'f1-score': 0.8190045248868779, 'support': 242.0}, 'scan': {'precision': 0.99, 'recall': 0.41596638655462187, 'f1-score': 0.5857988165680473, 'support': 476.0}, 'syn': {'precision': 1.0, 'recall': 0.9950248756218906, 'f1-score': 0.9975062344139651, 'support': 201.0}, 'tcp': {'precision': 0.0, 'recall': 0.0, 'f1-score': 0.0, 'support': 0.0}, 'udp': {'precision': 0.565, 'recall': 0.9262295081967213, 'f1-score': 0.7018633540372671, 'support': 122.0}, 'udpplain': {'precision': 0.95, 'recall': 0.95, 'f1-score': 0.9500000000000001, 'support': 200.0}, 'accuracy': 0.7866666666666666, 'macro avg': {'precision': 0.7866666666666666, 'recall': 0.7650726097770641, 'f1-score': 0.7558815739715307, 'support': 1800.0}, 'weighted avg': {'precision': 0.9201583333333333, 'recall': 0.7866666666666666, 'f1-score': 0.8174517593618027, 'support': 1800.0}}","[[199   0   0   1   2   0   0   0]
 [  0 196   0   0   0   0   2   2]
 [  0   0 139  18   0   0   0   0]
 [  0   0  61 181   0   0   0   0]
 [  0   0   0   0 198   0  78   0]
 [  0   0   0   0   0 200   1   0]
 [  0   1   0   0   0   0 113   8]
 [  1   3   0   0   0   0   6 190]]",12.957290887832642,0.055748939514160156
272,N_BaIoT,0,None,MinMaxScaler,KNN,0.5825382527154225,-1,-1,91.5679012345679,62.05555555555555,4.743055555555555,59.511525178703394,59.709750002379295,-1,"{'0Normal': {'precision': 0.9852216748768473, 'recall': 1.0, 'f1-score': 0.9925558312655086, 'support': 200.0}, 'ack': {'precision': 0.6144578313253012, 'recall': 0.51, 'f1-score': 0.5573770491803278, 'support': 200.0}, 'combo': {'precision': 0.7222222222222222, 'recall': 0.715, 'f1-score': 0.7185929648241206, 'support': 200.0}, 'junk': {'precision': 0.7142857142857143, 'recall': 0.875, 'f1-score': 0.7865168539325842, 'support': 200.0}, 'scan': {'precision': 0.3196125907990315, 'recall': 0.66, 'f1-score': 0.4306688417618271, 'support': 200.0}, 'syn': {'precision': 0.6919642857142857, 'recall': 0.775, 'f1-score': 0.7311320754716981, 'support': 200.0}, 'tcp': {'precision': 0.0, 'recall': 0.0, 'f1-score': 0.0, 'support': 200.0}, 'udp': {'precision': 0.34299516908212563, 'recall': 0.355, 'f1-score': 0.34889434889434895, 'support': 200.0}, 'udpplain': {'precision': 0.9652777777777778, 'recall': 0.695, 'f1-score': 0.8081395348837209, 'support': 200.0}, 'accuracy': 0.6205555555555555, 'macro avg': {'precision': 0.595115251787034, 'recall': 0.6205555555555555, 'f1-score': 0.5970975000237929, 'support': 1800.0}, 'weighted avg': {'precision': 0.595115251787034, 'recall': 0.6205555555555555, 'f1-score': 0.597097500023793, 'support': 1800.0}}","[[200   0   0   0   0   0   0   0   0]
 [  0 102   0   0   2   2   0  91   3]
 [  0   0 143  57   0   0   0   0   0]
 [  1   0  24 175   0   0   0   0   0]
 [  2   0   0   0 132  66   0   0   0]
 [  0   0  31  13   1 155   0   0   0]
 [  0   0   0   0 200   0   0   0   0]
 [  0  48   0   0  78   1   0  71   2]
 [  0  16   0   0   0   0   0  45 139]]",0.00035643577575683594,0.003412961959838867
273,N_BaIoT,0,None,MinMaxScaler,LDA,0.6864984820329156,-1,-1,93.65432098765432,71.44444444444444,3.5694444444444446,76.74145382132885,70.96529061117394,-1,"{'0Normal': {'precision': 0.9731182795698925, 'recall': 0.905, 'f1-score': 0.9378238341968912, 'support': 200.0}, 'ack': {'precision': 0.7121212121212122, 'recall': 0.235, 'f1-score': 0.3533834586466166, 'support': 200.0}, 'combo': {'precision': 0.7777777777777778, 'recall': 0.56, 'f1-score': 0.6511627906976745, 'support': 200.0}, 'junk': {'precision': 0.6616541353383458, 'recall': 0.88, 'f1-score': 0.7553648068669528, 'support': 200.0}, 'scan': {'precision': 0.9927007299270073, 'recall': 0.68, 'f1-score': 0.8071216617210683, 'support': 200.0}, 'syn': {'precision': 0.9090909090909091, 'recall': 0.95, 'f1-score': 0.9290953545232273, 'support': 200.0}, 'tcp': {'precision': 0.591715976331361, 'recall': 1.0, 'f1-score': 0.7434944237918216, 'support': 200.0}, 'udp': {'precision': 0.358974358974359, 'recall': 0.56, 'f1-score': 0.4375, 'support': 200.0}, 'udpplain': {'precision': 0.9295774647887324, 'recall': 0.66, 'f1-score': 0.7719298245614035, 'support': 200.0}, 'accuracy': 0.7144444444444444, 'macro avg': {'precision': 0.7674145382132884, 'recall': 0.7144444444444444, 'f1-score': 0.7096529061117395, 'support': 1800.0}, 'weighted avg': {'precision': 0.7674145382132885, 'recall': 0.7144444444444444, 'f1-score': 0.7096529061117396, 'support': 1800.0}}","[[181   0   0   2   0  17   0   0   0]
 [  0  47   0   0   1   1   0 143   8]
 [  0   0 112  88   0   0   0   0   0]
 [  0   1  23 176   0   0   0   0   0]
 [  5   0   0   0 136   0  59   0   0]
 [  0   0   9   0   0 190   1   0   0]
 [  0   0   0   0   0   0 200   0   0]
 [  0   7   0   0   0   1  78 112   2]
 [  0  11   0   0   0   0   0  57 132]]",0.0038275718688964844,0.0002899169921875
274,N_BaIoT,0,None,MinMaxScaler,MLP,0.5736901334590554,-1,-1,91.33333333333333,60.999999999999986,4.875,59.864874577232264,57.25265252449824,-1,"{'0Normal': {'precision': 0.9852216748768473, 'recall': 1.0, 'f1-score': 0.9925558312655086, 'support': 200.0}, 'ack': {'precision': 0.7777777777777778, 'recall': 0.175, 'f1-score': 0.2857142857142857, 'support': 200.0}, 'combo': {'precision': 0.6839080459770115, 'recall': 0.595, 'f1-score': 0.6363636363636364, 'support': 200.0}, 'junk': {'precision': 0.6626016260162602, 'recall': 0.815, 'f1-score': 0.7309417040358744, 'support': 200.0}, 'scan': {'precision': 0.3333333333333333, 'recall': 0.7, 'f1-score': 0.45161290322580644, 'support': 200.0}, 'syn': {'precision': 0.7510548523206751, 'recall': 0.89, 'f1-score': 0.8146453089244852, 'support': 200.0}, 'tcp': {'precision': 0.0, 'recall': 0.0, 'f1-score': 0.0, 'support': 200.0}, 'udp': {'precision': 0.3710247349823322, 'recall': 0.525, 'f1-score': 0.43478260869565216, 'support': 200.0}, 'udpplain': {'precision': 0.8229166666666666, 'recall': 0.79, 'f1-score': 0.806122448979592, 'support': 200.0}, 'accuracy': 0.61, 'macro avg': {'precision': 0.5986487457723226, 'recall': 0.6099999999999999, 'f1-score': 0.5725265252449824, 'support': 1800.0}, 'weighted avg': {'precision': 0.5986487457723226, 'recall': 0.61, 'f1-score': 0.5725265252449823, 'support': 1800.0}}","[[200   0   0   0   0   0   0   0   0]
 [  0  35   0   0   1   0   0 136  28]
 [  0   0 119  81   0   0   0   0   0]
 [  1   0  36 163   0   0   0   0   0]
 [  2   0   0   0 140  58   0   0   0]
 [  0   0  19   2   1 178   0   0   0]
 [  0   0   0   0 200   0   0   0   0]
 [  0  10   0   0  78   1   0 105   6]
 [  0   0   0   0   0   0   0  42 158]]",0.1784684658050537,0.0008578300476074219
275,N_BaIoT,0,None,MinMaxScaler,LGBM,0.8855110028998884,-1,-1,97.49382716049382,88.72222222222221,1.4097222222222223,83.16694028461824,85.01837858708838,-1,"{'0Normal': {'precision': 1.0, 'recall': 1.0, 'f1-score': 1.0, 'support': 200.0}, 'ack': {'precision': 1.0, 'recall': 1.0, 'f1-score': 1.0, 'support': 200.0}, 'combo': {'precision': 0.9950248756218906, 'recall': 1.0, 'f1-score': 0.9975062344139651, 'support': 200.0}, 'junk': {'precision': 0.9950248756218906, 'recall': 1.0, 'f1-score': 0.9975062344139651, 'support': 200.0}, 'scan': {'precision': 0.9949748743718593, 'recall': 0.99, 'f1-score': 0.9924812030075189, 'support': 200.0}, 'syn': {'precision': 1.0, 'recall': 0.995, 'f1-score': 0.9974937343358395, 'support': 200.0}, 'tcp': {'precision': 0.0, 'recall': 0.0, 'f1-score': 0.0, 'support': 200.0}, 'udp': {'precision': 0.5, 'recall': 1.0, 'f1-score': 0.6666666666666666, 'support': 200.0}, 'udpplain': {'precision': 1.0, 'recall': 1.0, 'f1-score': 1.0, 'support': 200.0}, 'accuracy': 0.8872222222222222, 'macro avg': {'precision': 0.8316694028461823, 'recall': 0.8872222222222221, 'f1-score': 0.8501837858708838, 'support': 1800.0}, 'weighted avg': {'precision': 0.8316694028461823, 'recall': 0.8872222222222222, 'f1-score': 0.850183785870884, 'support': 1800.0}}","[[200   0   0   0   0   0   0   0   0]
 [  0 200   0   0   0   0   0   0   0]
 [  0   0 200   0   0   0   0   0   0]
 [  0   0   0 200   0   0   0   0   0]
 [  0   0   1   1 198   0   0   0   0]
 [  0   0   0   0   1 199   0   0   0]
 [  0   0   0   0   0   0   0 200   0]
 [  0   0   0   0   0   0   0 200   0]
 [  0   0   0   0   0   0   0   0 200]]",0.5397028923034668,0.008231401443481445
276,N_BaIoT,0,None,MinMaxScaler,RF,0.8522780884725728,-1,-1,96.8395061728395,85.77777777777777,1.7777777777777777,80.46790136342375,82.04950790565852,-1,"{'0Normal': {'precision': 0.9950248756218906, 'recall': 1.0, 'f1-score': 0.9975062344139651, 'support': 200.0}, 'ack': {'precision': 1.0, 'recall': 1.0, 'f1-score': 1.0, 'support': 200.0}, 'combo': {'precision': 0.9393939393939394, 'recall': 0.775, 'f1-score': 0.8493150684931509, 'support': 200.0}, 'junk': {'precision': 0.8076923076923077, 'recall': 0.945, 'f1-score': 0.8709677419354838, 'support': 200.0}, 'scan': {'precision': 1.0, 'recall': 1.0, 'f1-score': 1.0, 'support': 200.0}, 'syn': {'precision': 1.0, 'recall': 1.0, 'f1-score': 1.0, 'support': 200.0}, 'tcp': {'precision': 0.0, 'recall': 0.0, 'f1-score': 0.0, 'support': 200.0}, 'udp': {'precision': 0.5, 'recall': 1.0, 'f1-score': 0.6666666666666666, 'support': 200.0}, 'udpplain': {'precision': 1.0, 'recall': 1.0, 'f1-score': 1.0, 'support': 200.0}, 'accuracy': 0.8577777777777778, 'macro avg': {'precision': 0.8046790136342374, 'recall': 0.8577777777777778, 'f1-score': 0.8204950790565851, 'support': 1800.0}, 'weighted avg': {'precision': 0.8046790136342375, 'recall': 0.8577777777777778, 'f1-score': 0.820495079056585, 'support': 1800.0}}","[[200   0   0   0   0   0   0   0   0]
 [  0 200   0   0   0   0   0   0   0]
 [  0   0 155  45   0   0   0   0   0]
 [  1   0  10 189   0   0   0   0   0]
 [  0   0   0   0 200   0   0   0   0]
 [  0   0   0   0   0 200   0   0   0]
 [  0   0   0   0   0   0   0 200   0]
 [  0   0   0   0   0   0   0 200   0]
 [  0   0   0   0   0   0   0   0 200]]",0.09331893920898438,0.01041555404663086
277,N_BaIoT,0,None,MinMaxScaler,SGD,0.4551393559607395,-1,-1,88.8395061728395,49.77777777777778,6.277777777777778,45.23963016058812,41.970348498796184,-1,"{'0Normal': {'precision': 0.975609756097561, 'recall': 1.0, 'f1-score': 0.9876543209876543, 'support': 200.0}, 'ack': {'precision': 0.5, 'recall': 0.005, 'f1-score': 0.009900990099009901, 'support': 200.0}, 'combo': {'precision': 0.0, 'recall': 0.0, 'f1-score': 0.0, 'support': 200.0}, 'junk': {'precision': 0.6206896551724138, 'recall': 0.99, 'f1-score': 0.7630057803468208, 'support': 200.0}, 'scan': {'precision': 0.18235294117647058, 'recall': 0.31, 'f1-score': 0.22962962962962963, 'support': 200.0}, 'syn': {'precision': 0.5102040816326531, 'recall': 1.0, 'f1-score': 0.6756756756756758, 'support': 200.0}, 'tcp': {'precision': 0.0, 'recall': 0.0, 'f1-score': 0.0, 'support': 200.0}, 'udp': {'precision': 0.2827102803738318, 'recall': 0.605, 'f1-score': 0.38535031847133766, 'support': 200.0}, 'udpplain': {'precision': 1.0, 'recall': 0.57, 'f1-score': 0.7261146496815287, 'support': 200.0}, 'accuracy': 0.49777777777777776, 'macro avg': {'precision': 0.4523963016058812, 'recall': 0.4977777777777778, 'f1-score': 0.41970348498796184, 'support': 1800.0}, 'weighted avg': {'precision': 0.4523963016058812, 'recall': 0.49777777777777776, 'f1-score': 0.41970348498796184, 'support': 1800.0}}","[[200   0   0   0   0   0   0   0   0]
 [  0   1   0   0   0   0   0 199   0]
 [  0   0   0 121   0  79   0   0   0]
 [  0   0   0 198   0   2   0   0   0]
 [  5   0   0   0  62 111   0  22   0]
 [  0   0   0   0   0 200   0   0   0]
 [  0   0   0   0 200   0   0   0   0]
 [  0   1   0   0  78   0   0 121   0]
 [  0   0   0   0   0   0   0  86 114]]",0.006117820739746094,0.0005598068237304688
278,N_BaIoT,0,linear,MinMaxScaler,HHHv2,0.6270905199811284,-1,-1,93.375,65.1859529100545,3.785714285714286,65.33333333333331,61.16471776154761,-1,"{'0Normal': {'precision': 0.955, 'recall': 0.9744897959183674, 'f1-score': 0.9646464646464646, 'support': 196.0}, 'ack': {'precision': 0.175, 'recall': 0.7954545454545454, 'f1-score': 0.28688524590163933, 'support': 44.0}, 'combo': {'precision': 0.58, 'recall': 0.8529411764705882, 'f1-score': 0.6904761904761905, 'support': 136.0}, 'junk': {'precision': 0.9, 'recall': 0.6792452830188679, 'f1-score': 0.7741935483870968, 'support': 265.0}, 'scan': {'precision': 0.945, 'recall': 0.4021276595744681, 'f1-score': 0.564179104477612, 'support': 470.0}, 'syn': {'precision': 1.0, 'recall': 0.9433962264150944, 'f1-score': 0.970873786407767, 'support': 212.0}, 'tcp': {'precision': 0.0, 'recall': 0.0, 'f1-score': 0.0, 'support': 0.0}, 'udp': {'precision': 0.555, 'recall': 0.37755102040816324, 'f1-score': 0.4493927125506073, 'support': 294.0}, 'udpplain': {'precision': 0.77, 'recall': 0.8415300546448088, 'f1-score': 0.8041775456919059, 'support': 183.0}, 'accuracy': 0.6533333333333333, 'macro avg': {'precision': 0.6533333333333332, 'recall': 0.6518595291005449, 'f1-score': 0.611647177615476, 'support': 1800.0}, 'weighted avg': {'precision': 0.81805, 'recall': 0.6533333333333333, 'f1-score': 0.6950194890511907, 'support': 1800.0}}","[[191   0   0   0   5   0   0   0]
 [  0  35   0   0   0   0   7   2]
 [  1   0 116  19   0   0   0   0]
 [  1   0  84 180   0   0   0   0]
 [  1   1   0   1 189   0  78   0]
 [  4   1   0   0   6 200   1   0]
 [  0 139   0   0   0   0 111  44]
 [  2  24   0   0   0   0   3 154]]",0.06565618515014648,0.00827932357788086
279,N_BaIoT,0,None,MinMaxScaler,KNN,0.7063650753589483,-1,-1,93.90123456790124,72.55555555555556,3.4305555555555554,69.37152507864535,69.41202965807169,-1,"{'0Normal': {'precision': 0.9852216748768473, 'recall': 1.0, 'f1-score': 0.9925558312655086, 'support': 200.0}, 'ack': {'precision': 0.748792270531401, 'recall': 0.775, 'f1-score': 0.7616707616707616, 'support': 200.0}, 'combo': {'precision': 0.7393364928909952, 'recall': 0.78, 'f1-score': 0.759124087591241, 'support': 200.0}, 'junk': {'precision': 0.7659574468085106, 'recall': 0.72, 'f1-score': 0.7422680412371133, 'support': 200.0}, 'scan': {'precision': 0.4100418410041841, 'recall': 0.98, 'f1-score': 0.5781710914454277, 'support': 200.0}, 'syn': {'precision': 0.99, 'recall': 0.99, 'f1-score': 0.99, 'support': 200.0}, 'tcp': {'precision': 0.0, 'recall': 0.0, 'f1-score': 0.0, 'support': 200.0}, 'udp': {'precision': 0.6214285714285714, 'recall': 0.435, 'f1-score': 0.511764705882353, 'support': 200.0}, 'udpplain': {'precision': 0.9826589595375722, 'recall': 0.85, 'f1-score': 0.9115281501340482, 'support': 200.0}, 'accuracy': 0.7255555555555555, 'macro avg': {'precision': 0.6937152507864535, 'recall': 0.7255555555555555, 'f1-score': 0.694120296580717, 'support': 1800.0}, 'weighted avg': {'precision': 0.6937152507864536, 'recall': 0.7255555555555555, 'f1-score': 0.694120296580717, 'support': 1800.0}}","[[200   0   0   0   0   0   0   0   0]
 [  0 155   0   0   2   0   0  40   3]
 [  0   0 156  44   0   0   0   0   0]
 [  1   0  55 144   0   0   0   0   0]
 [  2   0   0   0 196   2   0   0   0]
 [  0   0   0   0   2 198   0   0   0]
 [  0   0   0   0 200   0   0   0   0]
 [  0  35   0   0  78   0   0  87   0]
 [  0  17   0   0   0   0   0  13 170]]",0.0005180835723876953,0.007493257522583008
280,N_BaIoT,0,None,MinMaxScaler,LDA,0.7181008375136962,-1,-1,94.35802469135803,74.6111111111111,3.173611111111111,77.45243096507873,74.68726836533403,-1,"{'0Normal': {'precision': 0.9898477157360406, 'recall': 0.975, 'f1-score': 0.982367758186398, 'support': 200.0}, 'ack': {'precision': 0.6136363636363636, 'recall': 0.54, 'f1-score': 0.574468085106383, 'support': 200.0}, 'combo': {'precision': 0.7701863354037267, 'recall': 0.62, 'f1-score': 0.6869806094182825, 'support': 200.0}, 'junk': {'precision': 0.6733870967741935, 'recall': 0.835, 'f1-score': 0.7455357142857143, 'support': 200.0}, 'scan': {'precision': 0.958904109589041, 'recall': 0.7, 'f1-score': 0.8092485549132947, 'support': 200.0}, 'syn': {'precision': 0.9896373056994818, 'recall': 0.955, 'f1-score': 0.9720101781170483, 'support': 200.0}, 'tcp': {'precision': 0.5988023952095808, 'recall': 1.0, 'f1-score': 0.7490636704119851, 'support': 200.0}, 'udp': {'precision': 0.43601895734597157, 'recall': 0.46, 'f1-score': 0.4476885644768857, 'support': 200.0}, 'udpplain': {'precision': 0.9402985074626866, 'recall': 0.63, 'f1-score': 0.7544910179640718, 'support': 200.0}, 'accuracy': 0.7461111111111111, 'macro avg': {'precision': 0.7745243096507873, 'recall': 0.7461111111111111, 'f1-score': 0.7468726836533404, 'support': 1800.0}, 'weighted avg': {'precision': 0.7745243096507874, 'recall': 0.7461111111111111, 'f1-score': 0.7468726836533405, 'support': 1800.0}}","[[195   1   0   2   0   2   0   0   0]
 [  0 108   0   0   3   0   0  82   7]
 [  0   0 124  76   0   0   0   0   0]
 [  0   0  32 167   0   0   0   1   0]
 [  2   0   0   3 140   0  55   0   0]
 [  0   0   5   0   3 191   1   0   0]
 [  0   0   0   0   0   0 200   0   0]
 [  0  29   0   0   0   0  78  92   1]
 [  0  38   0   0   0   0   0  36 126]]",0.01045536994934082,0.0003628730773925781
281,N_BaIoT,0,None,MinMaxScaler,MLP,0.6963438362884304,-1,-1,93.67901234567901,71.55555555555554,3.5555555555555554,69.33535348526426,68.13778288441263,-1,"{'0Normal': {'precision': 0.9852216748768473, 'recall': 1.0, 'f1-score': 0.9925558312655086, 'support': 200.0}, 'ack': {'precision': 0.7345971563981043, 'recall': 0.775, 'f1-score': 0.754257907542579, 'support': 200.0}, 'combo': {'precision': 0.9159663865546218, 'recall': 0.545, 'f1-score': 0.6833855799373041, 'support': 200.0}, 'junk': {'precision': 0.675, 'recall': 0.945, 'f1-score': 0.7874999999999999, 'support': 200.0}, 'scan': {'precision': 0.4117647058823529, 'recall': 0.98, 'f1-score': 0.5798816568047338, 'support': 200.0}, 'syn': {'precision': 0.9850746268656716, 'recall': 0.99, 'f1-score': 0.9875311720698254, 'support': 200.0}, 'tcp': {'precision': 0.0, 'recall': 0.0, 'f1-score': 0.0, 'support': 200.0}, 'udp': {'precision': 0.6223776223776224, 'recall': 0.445, 'f1-score': 0.5189504373177843, 'support': 200.0}, 'udpplain': {'precision': 0.9101796407185628, 'recall': 0.76, 'f1-score': 0.8283378746594006, 'support': 200.0}, 'accuracy': 0.7155555555555555, 'macro avg': {'precision': 0.6933535348526426, 'recall': 0.7155555555555555, 'f1-score': 0.6813778288441262, 'support': 1800.0}, 'weighted avg': {'precision': 0.6933535348526425, 'recall': 0.7155555555555555, 'f1-score': 0.6813778288441262, 'support': 1800.0}}","[[200   0   0   0   0   0   0   0   0]
 [  0 155   0   0   0   0   0  33  12]
 [  0   0 109  91   0   0   0   0   0]
 [  1   0  10 189   0   0   0   0   0]
 [  2   0   0   0 196   2   0   0   0]
 [  0   0   0   0   2 198   0   0   0]
 [  0   0   0   0 200   0   0   0   0]
 [  0  29   0   0  78   1   0  89   3]
 [  0  27   0   0   0   0   0  21 152]]",0.8002452850341797,0.0008900165557861328
282,N_BaIoT,0,None,MinMaxScaler,LGBM,0.9962589940454056,-1,-1,99.92592592592592,99.66666666666667,0.04166666666666667,99.67371813021614,99.66662290988175,-1,"{'0Normal': {'precision': 1.0, 'recall': 1.0, 'f1-score': 1.0, 'support': 200.0}, 'ack': {'precision': 1.0, 'recall': 1.0, 'f1-score': 1.0, 'support': 200.0}, 'combo': {'precision': 0.975609756097561, 'recall': 1.0, 'f1-score': 0.9876543209876543, 'support': 200.0}, 'junk': {'precision': 1.0, 'recall': 0.975, 'f1-score': 0.9873417721518987, 'support': 200.0}, 'scan': {'precision': 0.9950248756218906, 'recall': 1.0, 'f1-score': 0.9975062344139651, 'support': 200.0}, 'syn': {'precision': 1.0, 'recall': 0.995, 'f1-score': 0.9974937343358395, 'support': 200.0}, 'tcp': {'precision': 1.0, 'recall': 1.0, 'f1-score': 1.0, 'support': 200.0}, 'udp': {'precision': 1.0, 'recall': 1.0, 'f1-score': 1.0, 'support': 200.0}, 'udpplain': {'precision': 1.0, 'recall': 1.0, 'f1-score': 1.0, 'support': 200.0}, 'accuracy': 0.9966666666666667, 'macro avg': {'precision': 0.9967371813021614, 'recall': 0.9966666666666667, 'f1-score': 0.9966662290988175, 'support': 1800.0}, 'weighted avg': {'precision': 0.9967371813021613, 'recall': 0.9966666666666667, 'f1-score': 0.9966662290988175, 'support': 1800.0}}","[[200   0   0   0   0   0   0   0   0]
 [  0 200   0   0   0   0   0   0   0]
 [  0   0 200   0   0   0   0   0   0]
 [  0   0   5 195   0   0   0   0   0]
 [  0   0   0   0 200   0   0   0   0]
 [  0   0   0   0   1 199   0   0   0]
 [  0   0   0   0   0   0 200   0   0]
 [  0   0   0   0   0   0   0 200   0]
 [  0   0   0   0   0   0   0   0 200]]",1.27347993850708,0.010384798049926758
283,N_BaIoT,0,None,MinMaxScaler,RF,0.8785428680495969,-1,-1,97.35802469135803,88.1111111111111,1.4861111111111112,82.55969054288381,84.40732962185106,-1,"{'0Normal': {'precision': 1.0, 'recall': 1.0, 'f1-score': 1.0, 'support': 200.0}, 'ack': {'precision': 1.0, 'recall': 1.0, 'f1-score': 1.0, 'support': 200.0}, 'combo': {'precision': 0.9744897959183674, 'recall': 0.955, 'f1-score': 0.9646464646464646, 'support': 200.0}, 'junk': {'precision': 0.9558823529411765, 'recall': 0.975, 'f1-score': 0.9653465346534653, 'support': 200.0}, 'scan': {'precision': 1.0, 'recall': 1.0, 'f1-score': 1.0, 'support': 200.0}, 'syn': {'precision': 1.0, 'recall': 1.0, 'f1-score': 1.0, 'support': 200.0}, 'tcp': {'precision': 0.0, 'recall': 0.0, 'f1-score': 0.0, 'support': 200.0}, 'udp': {'precision': 0.5, 'recall': 1.0, 'f1-score': 0.6666666666666666, 'support': 200.0}, 'udpplain': {'precision': 1.0, 'recall': 1.0, 'f1-score': 1.0, 'support': 200.0}, 'accuracy': 0.8811111111111111, 'macro avg': {'precision': 0.8255969054288381, 'recall': 0.8811111111111111, 'f1-score': 0.8440732962185107, 'support': 1800.0}, 'weighted avg': {'precision': 0.8255969054288382, 'recall': 0.8811111111111111, 'f1-score': 0.8440732962185108, 'support': 1800.0}}","[[200   0   0   0   0   0   0   0   0]
 [  0 200   0   0   0   0   0   0   0]
 [  0   0 191   9   0   0   0   0   0]
 [  0   0   5 195   0   0   0   0   0]
 [  0   0   0   0 200   0   0   0   0]
 [  0   0   0   0   0 200   0   0   0]
 [  0   0   0   0   0   0   0 200   0]
 [  0   0   0   0   0   0   0 200   0]
 [  0   0   0   0   0   0   0   0 200]]",0.26336145401000977,0.010767221450805664
284,N_BaIoT,0,None,MinMaxScaler,SGD,0.6730399183869278,-1,-1,93.14814814814815,69.16666666666667,3.854166666666667,69.85415767213973,62.941441778437614,-1,"{'0Normal': {'precision': 0.9950248756218906, 'recall': 1.0, 'f1-score': 0.9975062344139651, 'support': 200.0}, 'ack': {'precision': 0.5732484076433121, 'recall': 0.9, 'f1-score': 0.7003891050583657, 'support': 200.0}, 'combo': {'precision': 0.7048458149779736, 'recall': 0.8, 'f1-score': 0.7494145199063232, 'support': 200.0}, 'junk': {'precision': 0.7674418604651163, 'recall': 0.66, 'f1-score': 0.7096774193548386, 'support': 200.0}, 'scan': {'precision': 0.41422594142259417, 'recall': 0.99, 'f1-score': 0.584070796460177, 'support': 200.0}, 'syn': {'precision': 0.9851485148514851, 'recall': 0.995, 'f1-score': 0.9900497512437811, 'support': 200.0}, 'tcp': {'precision': 0.0, 'recall': 0.0, 'f1-score': 0.0, 'support': 200.0}, 'udp': {'precision': 1.0, 'recall': 0.05, 'f1-score': 0.09523809523809523, 'support': 200.0}, 'udpplain': {'precision': 0.8469387755102041, 'recall': 0.83, 'f1-score': 0.8383838383838385, 'support': 200.0}, 'accuracy': 0.6916666666666667, 'macro avg': {'precision': 0.6985415767213974, 'recall': 0.6916666666666667, 'f1-score': 0.6294144177843761, 'support': 1800.0}, 'weighted avg': {'precision': 0.6985415767213973, 'recall': 0.6916666666666667, 'f1-score': 0.629414417784376, 'support': 1800.0}}","[[200   0   0   0   0   0   0   0   0]
 [  0 180   0   0   1   0   0   0  19]
 [  0   0 160  40   0   0   0   0   0]
 [  0   0  67 132   0   1   0   0   0]
 [  1   0   0   0 198   1   0   0   0]
 [  0   0   0   0   1 199   0   0   0]
 [  0   0   0   0 200   0   0   0   0]
 [  0 100   0   0  78   1   0  10  11]
 [  0  34   0   0   0   0   0   0 166]]",0.03602266311645508,0.0005173683166503906
285,N_BaIoT,0,sigmoid,MinMaxScaler,HHHv2,0.3697095337588694,-1,-1,87.4320987654321,45.38040483119184,7.069444444444445,43.44444444444445,42.565964176049384,-1,"{'0Normal': {'precision': 0.38, 'recall': 0.8941176470588236, 'f1-score': 0.5333333333333333, 'support': 85.0}, 'ack': {'precision': 0.44, 'recall': 0.4074074074074074, 'f1-score': 0.4230769230769231, 'support': 216.0}, 'combo': {'precision': 0.655, 'recall': 0.43234323432343236, 'f1-score': 0.5208747514910538, 'support': 303.0}, 'junk': {'precision': 0.37, 'recall': 0.3978494623655914, 'f1-score': 0.38341968911917096, 'support': 186.0}, 'scan': {'precision': 0.435, 'recall': 0.23076923076923078, 'f1-score': 0.30155979202772965, 'support': 377.0}, 'syn': {'precision': 0.835, 'recall': 0.9175824175824175, 'f1-score': 0.87434554973822, 'support': 182.0}, 'tcp': {'precision': 0.0, 'recall': 0.0, 'f1-score': 0.0, 'support': 19.0}, 'udp': {'precision': 0.265, 'recall': 0.20866141732283464, 'f1-score': 0.23348017621145375, 'support': 254.0}, 'udpplain': {'precision': 0.53, 'recall': 0.5955056179775281, 'f1-score': 0.5608465608465608, 'support': 178.0}, 'accuracy': 0.43444444444444447, 'macro avg': {'precision': 0.43444444444444447, 'recall': 0.4538040483119184, 'f1-score': 0.42565964176049387, 'support': 1800.0}, 'weighted avg': {'precision': 0.48457777777777783, 'recall': 0.43444444444444447, 'f1-score': 0.443229247128395, 'support': 1800.0}}","[[ 76   6   0   0   0   0   0   3   0]
 [  9  88   5  25   3   6   0  39  41]
 [ 47   6 131  82   7  10   0   4  16]
 [ 17  13  49  74   4   2   0  15  12]
 [  4   2   0   1  87   1 200  79   3]
 [ 11   2   0   0   2 167   0   0   0]
 [  7   2   2   6   0   0   0   0   2]
 [  8  61   2  10  96   4   0  53  20]
 [ 21  20  11   2   1  10   0   7 106]]",5.6624627113342285,0.030692577362060547
286,N_BaIoT,-1,None,MinMaxScaler,KNN,0.9421118662317737,-1,-1,98.85185185185185,94.83333333333334,0.6458333333333334,94.93736970898259,94.78980884742909,-1,"{'0Normal': {'precision': 0.9852216748768473, 'recall': 1.0, 'f1-score': 0.9925558312655086, 'support': 200.0}, 'ack': {'precision': 0.8194444444444444, 'recall': 0.885, 'f1-score': 0.8509615384615384, 'support': 200.0}, 'combo': {'precision': 0.9893617021276596, 'recall': 0.93, 'f1-score': 0.9587628865979382, 'support': 200.0}, 'junk': {'precision': 0.9339622641509434, 'recall': 0.99, 'f1-score': 0.9611650485436893, 'support': 200.0}, 'scan': {'precision': 0.985, 'recall': 0.985, 'f1-score': 0.985, 'support': 200.0}, 'syn': {'precision': 0.9800995024875622, 'recall': 0.985, 'f1-score': 0.9825436408977556, 'support': 200.0}, 'tcp': {'precision': 0.9900990099009901, 'recall': 1.0, 'f1-score': 0.9950248756218906, 'support': 200.0}, 'udp': {'precision': 0.9239766081871345, 'recall': 0.79, 'f1-score': 0.8517520215633423, 'support': 200.0}, 'udpplain': {'precision': 0.9371980676328503, 'recall': 0.97, 'f1-score': 0.9533169533169534, 'support': 200.0}, 'accuracy': 0.9483333333333334, 'macro avg': {'precision': 0.9493736970898259, 'recall': 0.9483333333333334, 'f1-score': 0.9478980884742908, 'support': 1800.0}, 'weighted avg': {'precision': 0.9493736970898259, 'recall': 0.9483333333333334, 'f1-score': 0.9478980884742907, 'support': 1800.0}}","[[200   0   0   0   0   0   0   0   0]
 [  0 177   0   0   1   3   0  10   9]
 [  0   0 186  14   0   0   0   0   0]
 [  1   0   1 198   0   0   0   0   0]
 [  2   0   0   0 197   0   1   0   0]
 [  0   0   1   0   2 197   0   0   0]
 [  0   0   0   0   0   0 200   0   0]
 [  0  36   0   0   0   1   1 158   4]
 [  0   3   0   0   0   0   0   3 194]]",0.0007722377777099609,0.033687591552734375
287,N_BaIoT,-1,None,MinMaxScaler,LDA,0.7691072558414911,-1,-1,95.28395061728395,78.77777777777779,2.6527777777777777,81.35079038870576,76.0941762104846,-1,"{'0Normal': {'precision': 0.9897959183673469, 'recall': 0.97, 'f1-score': 0.9797979797979798, 'support': 200.0}, 'ack': {'precision': 0.6, 'recall': 0.855, 'f1-score': 0.7051546391752577, 'support': 200.0}, 'combo': {'precision': 0.8828125, 'recall': 0.565, 'f1-score': 0.6890243902439024, 'support': 200.0}, 'junk': {'precision': 0.6750902527075813, 'recall': 0.935, 'f1-score': 0.7840670859538784, 'support': 200.0}, 'scan': {'precision': 0.9392265193370166, 'recall': 0.85, 'f1-score': 0.8923884514435695, 'support': 200.0}, 'syn': {'precision': 0.9791666666666666, 'recall': 0.94, 'f1-score': 0.9591836734693877, 'support': 200.0}, 'tcp': {'precision': 0.6578947368421053, 'recall': 1.0, 'f1-score': 0.7936507936507937, 'support': 200.0}, 'udp': {'precision': 0.7666666666666667, 'recall': 0.115, 'f1-score': 0.2, 'support': 200.0}, 'udpplain': {'precision': 0.8309178743961353, 'recall': 0.86, 'f1-score': 0.8452088452088452, 'support': 200.0}, 'accuracy': 0.7877777777777778, 'macro avg': {'precision': 0.8135079038870576, 'recall': 0.7877777777777779, 'f1-score': 0.7609417621048461, 'support': 1800.0}, 'weighted avg': {'precision': 0.8135079038870575, 'recall': 0.7877777777777778, 'f1-score': 0.760941762104846, 'support': 1800.0}}","[[194   1   0   1   0   2   0   2   0]
 [  0 171   0   0   3   0   0   4  22]
 [  0   0 113  86   0   1   0   0   0]
 [  0   1  11 187   0   1   0   0   0]
 [  2   0   0   3 170   0  25   0   0]
 [  0   0   4   0   7 188   1   0   0]
 [  0   0   0   0   0   0 200   0   0]
 [  0  85   0   0   1   0  78  23  13]
 [  0  27   0   0   0   0   0   1 172]]",0.02261495590209961,0.0004513263702392578
288,N_BaIoT,-1,None,MinMaxScaler,MLP,0.8611652476597659,-1,-1,97.20987654320987,87.44444444444444,1.5694444444444444,88.1276345364113,86.78660891039007,-1,"{'0Normal': {'precision': 0.9852216748768473, 'recall': 1.0, 'f1-score': 0.9925558312655086, 'support': 200.0}, 'ack': {'precision': 0.9247311827956989, 'recall': 0.86, 'f1-score': 0.8911917098445595, 'support': 200.0}, 'combo': {'precision': 0.8142076502732241, 'recall': 0.745, 'f1-score': 0.7780678851174935, 'support': 200.0}, 'junk': {'precision': 0.7638888888888888, 'recall': 0.825, 'f1-score': 0.7932692307692307, 'support': 200.0}, 'scan': {'precision': 0.9899497487437185, 'recall': 0.985, 'f1-score': 0.9874686716791979, 'support': 200.0}, 'syn': {'precision': 0.995, 'recall': 0.995, 'f1-score': 0.995, 'support': 200.0}, 'tcp': {'precision': 0.7168458781362007, 'recall': 1.0, 'f1-score': 0.8350730688935282, 'support': 200.0}, 'udp': {'precision': 0.8611111111111112, 'recall': 0.465, 'f1-score': 0.6038961038961039, 'support': 200.0}, 'udpplain': {'precision': 0.8805309734513275, 'recall': 0.995, 'f1-score': 0.9342723004694836, 'support': 200.0}, 'accuracy': 0.8744444444444445, 'macro avg': {'precision': 0.881276345364113, 'recall': 0.8744444444444445, 'f1-score': 0.8678660891039007, 'support': 1800.0}, 'weighted avg': {'precision': 0.881276345364113, 'recall': 0.8744444444444445, 'f1-score': 0.8678660891039006, 'support': 1800.0}}","[[200   0   0   0   0   0   0   0   0]
 [  0 172   0   0   1   0   0  15  12]
 [  0   0 149  51   0   0   0   0   0]
 [  1   0  34 165   0   0   0   0   0]
 [  2   0   0   0 197   0   1   0   0]
 [  0   0   0   0   1 199   0   0   0]
 [  0   0   0   0   0   0 200   0   0]
 [  0  13   0   0   0   1  78  93  15]
 [  0   1   0   0   0   0   0   0 199]]",3.070060968399048,0.0009236335754394531
289,N_BaIoT,-1,None,MinMaxScaler,LGBM,0.9956281113427095,-1,-1,99.91358024691358,99.6111111111111,0.04861111111111111,99.61412695689586,99.61138197192018,-1,"{'0Normal': {'precision': 0.9852216748768473, 'recall': 1.0, 'f1-score': 0.9925558312655086, 'support': 200.0}, 'ack': {'precision': 1.0, 'recall': 1.0, 'f1-score': 1.0, 'support': 200.0}, 'combo': {'precision': 0.9950248756218906, 'recall': 1.0, 'f1-score': 0.9975062344139651, 'support': 200.0}, 'junk': {'precision': 1.0, 'recall': 0.99, 'f1-score': 0.9949748743718593, 'support': 200.0}, 'scan': {'precision': 0.99, 'recall': 0.99, 'f1-score': 0.99, 'support': 200.0}, 'syn': {'precision': 1.0, 'recall': 0.995, 'f1-score': 0.9974937343358395, 'support': 200.0}, 'tcp': {'precision': 0.9950248756218906, 'recall': 1.0, 'f1-score': 0.9975062344139651, 'support': 200.0}, 'udp': {'precision': 1.0, 'recall': 0.995, 'f1-score': 0.9974937343358395, 'support': 200.0}, 'udpplain': {'precision': 1.0, 'recall': 0.995, 'f1-score': 0.9974937343358395, 'support': 200.0}, 'accuracy': 0.9961111111111111, 'macro avg': {'precision': 0.9961412695689587, 'recall': 0.9961111111111111, 'f1-score': 0.9961138197192019, 'support': 1800.0}, 'weighted avg': {'precision': 0.9961412695689587, 'recall': 0.9961111111111111, 'f1-score': 0.9961138197192019, 'support': 1800.0}}","[[200   0   0   0   0   0   0   0   0]
 [  0 200   0   0   0   0   0   0   0]
 [  0   0 200   0   0   0   0   0   0]
 [  1   0   1 198   0   0   0   0   0]
 [  2   0   0   0 198   0   0   0   0]
 [  0   0   0   0   1 199   0   0   0]
 [  0   0   0   0   0   0 200   0   0]
 [  0   0   0   0   0   0   1 199   0]
 [  0   0   0   0   1   0   0   0 199]]",1.7908735275268555,0.012405157089233398
290,N_BaIoT,-1,None,MinMaxScaler,RF,0.9501372650067925,-1,-1,98.97530864197532,95.3888888888889,0.5763888888888888,96.6071542755793,95.21758502786868,-1,"{'0Normal': {'precision': 1.0, 'recall': 1.0, 'f1-score': 1.0, 'support': 200.0}, 'ack': {'precision': 1.0, 'recall': 1.0, 'f1-score': 1.0, 'support': 200.0}, 'combo': {'precision': 0.9802955665024631, 'recall': 0.995, 'f1-score': 0.9875930521091811, 'support': 200.0}, 'junk': {'precision': 0.9949238578680203, 'recall': 0.98, 'f1-score': 0.9874055415617129, 'support': 200.0}, 'scan': {'precision': 1.0, 'recall': 1.0, 'f1-score': 1.0, 'support': 200.0}, 'syn': {'precision': 1.0, 'recall': 1.0, 'f1-score': 1.0, 'support': 200.0}, 'tcp': {'precision': 0.7194244604316546, 'recall': 1.0, 'f1-score': 0.8368200836820083, 'support': 200.0}, 'udp': {'precision': 1.0, 'recall': 0.61, 'f1-score': 0.7577639751552795, 'support': 200.0}, 'udpplain': {'precision': 1.0, 'recall': 1.0, 'f1-score': 1.0, 'support': 200.0}, 'accuracy': 0.9538888888888889, 'macro avg': {'precision': 0.9660715427557931, 'recall': 0.953888888888889, 'f1-score': 0.9521758502786868, 'support': 1800.0}, 'weighted avg': {'precision': 0.9660715427557931, 'recall': 0.9538888888888889, 'f1-score': 0.9521758502786869, 'support': 1800.0}}","[[200   0   0   0   0   0   0   0   0]
 [  0 200   0   0   0   0   0   0   0]
 [  0   0 199   1   0   0   0   0   0]
 [  0   0   4 196   0   0   0   0   0]
 [  0   0   0   0 200   0   0   0   0]
 [  0   0   0   0   0 200   0   0   0]
 [  0   0   0   0   0   0 200   0   0]
 [  0   0   0   0   0   0  78 122   0]
 [  0   0   0   0   0   0   0   0 200]]",0.9311099052429199,0.011363983154296875
291,N_BaIoT,-1,None,MinMaxScaler,NuSVC,0.9130251404770925,-1,-1,98.27160493827161,92.22222222222223,0.9722222222222222,92.56660941059232,92.17507564543637,-1,"{'0Normal': {'precision': 0.9803921568627451, 'recall': 1.0, 'f1-score': 0.99009900990099, 'support': 200.0}, 'ack': {'precision': 0.8483412322274881, 'recall': 0.895, 'f1-score': 0.8710462287104622, 'support': 200.0}, 'combo': {'precision': 0.8416289592760181, 'recall': 0.93, 'f1-score': 0.8836104513064132, 'support': 200.0}, 'junk': {'precision': 0.9431818181818182, 'recall': 0.83, 'f1-score': 0.8829787234042553, 'support': 200.0}, 'scan': {'precision': 0.9182692307692307, 'recall': 0.955, 'f1-score': 0.9362745098039216, 'support': 200.0}, 'syn': {'precision': 0.9629629629629629, 'recall': 0.91, 'f1-score': 0.93573264781491, 'support': 200.0}, 'tcp': {'precision': 0.9950248756218906, 'recall': 1.0, 'f1-score': 0.9975062344139651, 'support': 200.0}, 'udp': {'precision': 0.9695121951219512, 'recall': 0.795, 'f1-score': 0.8736263736263735, 'support': 200.0}, 'udpplain': {'precision': 0.8716814159292036, 'recall': 0.985, 'f1-score': 0.9248826291079811, 'support': 200.0}, 'accuracy': 0.9222222222222223, 'macro avg': {'precision': 0.9256660941059232, 'recall': 0.9222222222222223, 'f1-score': 0.9217507564543637, 'support': 1800.0}, 'weighted avg': {'precision': 0.9256660941059232, 'recall': 0.9222222222222223, 'f1-score': 0.9217507564543636, 'support': 1800.0}}","[[200   0   0   0   0   0   0   0   0]
 [  0 179   0   0   4   0   0   0  17]
 [  0   0 186  10   0   4   0   0   0]
 [  0   1  31 166   0   2   0   0   0]
 [  3   0   0   0 191   0   1   5   0]
 [  1   0   4   0  13 182   0   0   0]
 [  0   0   0   0   0   0 200   0   0]
 [  0  28   0   0   0   1   0 159  12]
 [  0   3   0   0   0   0   0   0 197]]",0.8023154735565186,0.2739870548248291
292,N_BaIoT,-1,None,MinMaxScaler,SGD,0.758777279537669,-1,-1,95.04938271604938,77.72222222222224,2.7847222222222223,80.14460210281183,74.73285049374998,-1,"{'0Normal': {'precision': 0.9950248756218906, 'recall': 1.0, 'f1-score': 0.9975062344139651, 'support': 200.0}, 'ack': {'precision': 0.6081081081081081, 'recall': 0.9, 'f1-score': 0.7258064516129032, 'support': 200.0}, 'combo': {'precision': 0.5799373040752351, 'recall': 0.925, 'f1-score': 0.7129094412331406, 'support': 200.0}, 'junk': {'precision': 0.8170731707317073, 'recall': 0.335, 'f1-score': 0.475177304964539, 'support': 200.0}, 'scan': {'precision': 0.972972972972973, 'recall': 0.9, 'f1-score': 0.935064935064935, 'support': 200.0}, 'syn': {'precision': 0.9897959183673469, 'recall': 0.97, 'f1-score': 0.9797979797979798, 'support': 200.0}, 'tcp': {'precision': 0.6872852233676976, 'recall': 1.0, 'f1-score': 0.814663951120163, 'support': 200.0}, 'udp': {'precision': 0.6904761904761905, 'recall': 0.145, 'f1-score': 0.23966942148760328, 'support': 200.0}, 'udpplain': {'precision': 0.8723404255319149, 'recall': 0.82, 'f1-score': 0.8453608247422681, 'support': 200.0}, 'accuracy': 0.7772222222222223, 'macro avg': {'precision': 0.8014460210281182, 'recall': 0.7772222222222224, 'f1-score': 0.7473285049374998, 'support': 1800.0}, 'weighted avg': {'precision': 0.8014460210281181, 'recall': 0.7772222222222223, 'f1-score': 0.7473285049374997, 'support': 1800.0}}","[[200   0   0   0   0   0   0   0   0]
 [  0 180   0   0   1   0   0   1  18]
 [  0   0 185  15   0   0   0   0   0]
 [  0   0 132  67   0   1   0   0   0]
 [  1   0   0   0 180   1  12   6   0]
 [  0   0   2   0   3 194   1   0   0]
 [  0   0   0   0   0   0 200   0   0]
 [  0  86   0   0   1   0  78  29   6]
 [  0  30   0   0   0   0   0   6 164]]",0.16636180877685547,0.0006365776062011719
293,N_BaIoT,-1,None,MinMaxScaler,HHHv2,0.7453822664628014,-1,-1,94.79012345679013,79.4401753770447,2.930555555555556,76.55555555555556,73.16108636448135,-1,"{'0Normal': {'precision': 0.955, 'recall': 0.9794871794871794, 'f1-score': 0.9670886075949366, 'support': 195.0}, 'ack': {'precision': 0.765, 'recall': 0.5817490494296578, 'f1-score': 0.6609071274298056, 'support': 263.0}, 'combo': {'precision': 0.55, 'recall': 0.8943089430894309, 'f1-score': 0.6811145510835913, 'support': 123.0}, 'junk': {'precision': 0.955, 'recall': 0.6821428571428572, 'f1-score': 0.7958333333333334, 'support': 280.0}, 'scan': {'precision': 0.74, 'recall': 0.9487179487179487, 'f1-score': 0.8314606741573033, 'support': 156.0}, 'syn': {'precision': 0.97, 'recall': 0.9797979797979798, 'f1-score': 0.9748743718592964, 'support': 198.0}, 'tcp': {'precision': 1.0, 'recall': 0.6153846153846154, 'f1-score': 0.761904761904762, 'support': 325.0}, 'udp': {'precision': 0.055, 'recall': 0.7333333333333333, 'f1-score': 0.10232558139534884, 'support': 15.0}, 'udpplain': {'precision': 0.9, 'recall': 0.7346938775510204, 'f1-score': 0.8089887640449438, 'support': 245.0}, 'accuracy': 0.7655555555555555, 'macro avg': {'precision': 0.7655555555555555, 'recall': 0.794401753770447, 'f1-score': 0.7316108636448134, 'support': 1800.0}, 'weighted avg': {'precision': 0.8757194444444445, 'recall': 0.7655555555555555, 'f1-score': 0.7995002474662976, 'support': 1800.0}}","[[191   0   1   1   2   0   0   0   0]
 [  0 153   0   0   0   0   0  91  19]
 [  3   0 110   7   3   0   0   0   0]
 [  0   0  89 191   0   0   0   0   0]
 [  0   2   0   0 148   5   0   1   0]
 [  3   0   0   0   1 194   0   0   0]
 [  0   0   0   0  46   1 200  78   0]
 [  1   1   0   1   0   0   0  11   1]
 [  2  44   0   0   0   0   0  19 180]]",328.2233216762543,0.005757808685302734
294,N_BaIoT,-1,None,MinMaxScaler,KNN,0.9421118662317737,-1,-1,98.85185185185185,94.83333333333334,0.6458333333333334,94.93736970898259,94.78980884742909,-1,"{'0Normal': {'precision': 0.9852216748768473, 'recall': 1.0, 'f1-score': 0.9925558312655086, 'support': 200.0}, 'ack': {'precision': 0.8194444444444444, 'recall': 0.885, 'f1-score': 0.8509615384615384, 'support': 200.0}, 'combo': {'precision': 0.9893617021276596, 'recall': 0.93, 'f1-score': 0.9587628865979382, 'support': 200.0}, 'junk': {'precision': 0.9339622641509434, 'recall': 0.99, 'f1-score': 0.9611650485436893, 'support': 200.0}, 'scan': {'precision': 0.985, 'recall': 0.985, 'f1-score': 0.985, 'support': 200.0}, 'syn': {'precision': 0.9800995024875622, 'recall': 0.985, 'f1-score': 0.9825436408977556, 'support': 200.0}, 'tcp': {'precision': 0.9900990099009901, 'recall': 1.0, 'f1-score': 0.9950248756218906, 'support': 200.0}, 'udp': {'precision': 0.9239766081871345, 'recall': 0.79, 'f1-score': 0.8517520215633423, 'support': 200.0}, 'udpplain': {'precision': 0.9371980676328503, 'recall': 0.97, 'f1-score': 0.9533169533169534, 'support': 200.0}, 'accuracy': 0.9483333333333334, 'macro avg': {'precision': 0.9493736970898259, 'recall': 0.9483333333333334, 'f1-score': 0.9478980884742908, 'support': 1800.0}, 'weighted avg': {'precision': 0.9493736970898259, 'recall': 0.9483333333333334, 'f1-score': 0.9478980884742907, 'support': 1800.0}}","[[200   0   0   0   0   0   0   0   0]
 [  0 177   0   0   1   3   0  10   9]
 [  0   0 186  14   0   0   0   0   0]
 [  1   0   1 198   0   0   0   0   0]
 [  2   0   0   0 197   0   1   0   0]
 [  0   0   1   0   2 197   0   0   0]
 [  0   0   0   0   0   0 200   0   0]
 [  0  36   0   0   0   1   1 158   4]
 [  0   3   0   0   0   0   0   3 194]]",0.0007531642913818359,0.02136683464050293
295,N_BaIoT,-1,None,MinMaxScaler,LDA,0.7691072558414911,-1,-1,95.28395061728395,78.77777777777779,2.6527777777777777,81.35079038870576,76.0941762104846,-1,"{'0Normal': {'precision': 0.9897959183673469, 'recall': 0.97, 'f1-score': 0.9797979797979798, 'support': 200.0}, 'ack': {'precision': 0.6, 'recall': 0.855, 'f1-score': 0.7051546391752577, 'support': 200.0}, 'combo': {'precision': 0.8828125, 'recall': 0.565, 'f1-score': 0.6890243902439024, 'support': 200.0}, 'junk': {'precision': 0.6750902527075813, 'recall': 0.935, 'f1-score': 0.7840670859538784, 'support': 200.0}, 'scan': {'precision': 0.9392265193370166, 'recall': 0.85, 'f1-score': 0.8923884514435695, 'support': 200.0}, 'syn': {'precision': 0.9791666666666666, 'recall': 0.94, 'f1-score': 0.9591836734693877, 'support': 200.0}, 'tcp': {'precision': 0.6578947368421053, 'recall': 1.0, 'f1-score': 0.7936507936507937, 'support': 200.0}, 'udp': {'precision': 0.7666666666666667, 'recall': 0.115, 'f1-score': 0.2, 'support': 200.0}, 'udpplain': {'precision': 0.8309178743961353, 'recall': 0.86, 'f1-score': 0.8452088452088452, 'support': 200.0}, 'accuracy': 0.7877777777777778, 'macro avg': {'precision': 0.8135079038870576, 'recall': 0.7877777777777779, 'f1-score': 0.7609417621048461, 'support': 1800.0}, 'weighted avg': {'precision': 0.8135079038870575, 'recall': 0.7877777777777778, 'f1-score': 0.760941762104846, 'support': 1800.0}}","[[194   1   0   1   0   2   0   2   0]
 [  0 171   0   0   3   0   0   4  22]
 [  0   0 113  86   0   1   0   0   0]
 [  0   1  11 187   0   1   0   0   0]
 [  2   0   0   3 170   0  25   0   0]
 [  0   0   4   0   7 188   1   0   0]
 [  0   0   0   0   0   0 200   0   0]
 [  0  85   0   0   1   0  78  23  13]
 [  0  27   0   0   0   0   0   1 172]]",0.021997928619384766,0.0004558563232421875
296,N_BaIoT,-1,None,MinMaxScaler,MLP,0.8611652476597659,-1,-1,97.20987654320987,87.44444444444444,1.5694444444444444,88.1276345364113,86.78660891039007,-1,"{'0Normal': {'precision': 0.9852216748768473, 'recall': 1.0, 'f1-score': 0.9925558312655086, 'support': 200.0}, 'ack': {'precision': 0.9247311827956989, 'recall': 0.86, 'f1-score': 0.8911917098445595, 'support': 200.0}, 'combo': {'precision': 0.8142076502732241, 'recall': 0.745, 'f1-score': 0.7780678851174935, 'support': 200.0}, 'junk': {'precision': 0.7638888888888888, 'recall': 0.825, 'f1-score': 0.7932692307692307, 'support': 200.0}, 'scan': {'precision': 0.9899497487437185, 'recall': 0.985, 'f1-score': 0.9874686716791979, 'support': 200.0}, 'syn': {'precision': 0.995, 'recall': 0.995, 'f1-score': 0.995, 'support': 200.0}, 'tcp': {'precision': 0.7168458781362007, 'recall': 1.0, 'f1-score': 0.8350730688935282, 'support': 200.0}, 'udp': {'precision': 0.8611111111111112, 'recall': 0.465, 'f1-score': 0.6038961038961039, 'support': 200.0}, 'udpplain': {'precision': 0.8805309734513275, 'recall': 0.995, 'f1-score': 0.9342723004694836, 'support': 200.0}, 'accuracy': 0.8744444444444445, 'macro avg': {'precision': 0.881276345364113, 'recall': 0.8744444444444445, 'f1-score': 0.8678660891039007, 'support': 1800.0}, 'weighted avg': {'precision': 0.881276345364113, 'recall': 0.8744444444444445, 'f1-score': 0.8678660891039006, 'support': 1800.0}}","[[200   0   0   0   0   0   0   0   0]
 [  0 172   0   0   1   0   0  15  12]
 [  0   0 149  51   0   0   0   0   0]
 [  1   0  34 165   0   0   0   0   0]
 [  2   0   0   0 197   0   1   0   0]
 [  0   0   0   0   1 199   0   0   0]
 [  0   0   0   0   0   0 200   0   0]
 [  0  13   0   0   0   1  78  93  15]
 [  0   1   0   0   0   0   0   0 199]]",3.0428781509399414,0.0009229183197021484
297,N_BaIoT,-1,None,MinMaxScaler,LGBM,0.9956281113427095,-1,-1,99.91358024691358,99.6111111111111,0.04861111111111111,99.61412695689586,99.61138197192018,-1,"{'0Normal': {'precision': 0.9852216748768473, 'recall': 1.0, 'f1-score': 0.9925558312655086, 'support': 200.0}, 'ack': {'precision': 1.0, 'recall': 1.0, 'f1-score': 1.0, 'support': 200.0}, 'combo': {'precision': 0.9950248756218906, 'recall': 1.0, 'f1-score': 0.9975062344139651, 'support': 200.0}, 'junk': {'precision': 1.0, 'recall': 0.99, 'f1-score': 0.9949748743718593, 'support': 200.0}, 'scan': {'precision': 0.99, 'recall': 0.99, 'f1-score': 0.99, 'support': 200.0}, 'syn': {'precision': 1.0, 'recall': 0.995, 'f1-score': 0.9974937343358395, 'support': 200.0}, 'tcp': {'precision': 0.9950248756218906, 'recall': 1.0, 'f1-score': 0.9975062344139651, 'support': 200.0}, 'udp': {'precision': 1.0, 'recall': 0.995, 'f1-score': 0.9974937343358395, 'support': 200.0}, 'udpplain': {'precision': 1.0, 'recall': 0.995, 'f1-score': 0.9974937343358395, 'support': 200.0}, 'accuracy': 0.9961111111111111, 'macro avg': {'precision': 0.9961412695689587, 'recall': 0.9961111111111111, 'f1-score': 0.9961138197192019, 'support': 1800.0}, 'weighted avg': {'precision': 0.9961412695689587, 'recall': 0.9961111111111111, 'f1-score': 0.9961138197192019, 'support': 1800.0}}","[[200   0   0   0   0   0   0   0   0]
 [  0 200   0   0   0   0   0   0   0]
 [  0   0 200   0   0   0   0   0   0]
 [  1   0   1 198   0   0   0   0   0]
 [  2   0   0   0 198   0   0   0   0]
 [  0   0   0   0   1 199   0   0   0]
 [  0   0   0   0   0   0 200   0   0]
 [  0   0   0   0   0   0   1 199   0]
 [  0   0   0   0   1   0   0   0 199]]",1.720073938369751,0.011038541793823242
298,N_BaIoT,-1,None,MinMaxScaler,RF,0.9501372650067925,-1,-1,98.97530864197532,95.3888888888889,0.5763888888888888,96.6071542755793,95.21758502786868,-1,"{'0Normal': {'precision': 1.0, 'recall': 1.0, 'f1-score': 1.0, 'support': 200.0}, 'ack': {'precision': 1.0, 'recall': 1.0, 'f1-score': 1.0, 'support': 200.0}, 'combo': {'precision': 0.9802955665024631, 'recall': 0.995, 'f1-score': 0.9875930521091811, 'support': 200.0}, 'junk': {'precision': 0.9949238578680203, 'recall': 0.98, 'f1-score': 0.9874055415617129, 'support': 200.0}, 'scan': {'precision': 1.0, 'recall': 1.0, 'f1-score': 1.0, 'support': 200.0}, 'syn': {'precision': 1.0, 'recall': 1.0, 'f1-score': 1.0, 'support': 200.0}, 'tcp': {'precision': 0.7194244604316546, 'recall': 1.0, 'f1-score': 0.8368200836820083, 'support': 200.0}, 'udp': {'precision': 1.0, 'recall': 0.61, 'f1-score': 0.7577639751552795, 'support': 200.0}, 'udpplain': {'precision': 1.0, 'recall': 1.0, 'f1-score': 1.0, 'support': 200.0}, 'accuracy': 0.9538888888888889, 'macro avg': {'precision': 0.9660715427557931, 'recall': 0.953888888888889, 'f1-score': 0.9521758502786868, 'support': 1800.0}, 'weighted avg': {'precision': 0.9660715427557931, 'recall': 0.9538888888888889, 'f1-score': 0.9521758502786869, 'support': 1800.0}}","[[200   0   0   0   0   0   0   0   0]
 [  0 200   0   0   0   0   0   0   0]
 [  0   0 199   1   0   0   0   0   0]
 [  0   0   4 196   0   0   0   0   0]
 [  0   0   0   0 200   0   0   0   0]
 [  0   0   0   0   0 200   0   0   0]
 [  0   0   0   0   0   0 200   0   0]
 [  0   0   0   0   0   0  78 122   0]
 [  0   0   0   0   0   0   0   0 200]]",0.9488158226013184,0.011193275451660156
299,N_BaIoT,-1,None,MinMaxScaler,NuSVC,0.9130251404770925,-1,-1,98.27160493827161,92.22222222222223,0.9722222222222222,92.56660941059232,92.17507564543637,-1,"{'0Normal': {'precision': 0.9803921568627451, 'recall': 1.0, 'f1-score': 0.99009900990099, 'support': 200.0}, 'ack': {'precision': 0.8483412322274881, 'recall': 0.895, 'f1-score': 0.8710462287104622, 'support': 200.0}, 'combo': {'precision': 0.8416289592760181, 'recall': 0.93, 'f1-score': 0.8836104513064132, 'support': 200.0}, 'junk': {'precision': 0.9431818181818182, 'recall': 0.83, 'f1-score': 0.8829787234042553, 'support': 200.0}, 'scan': {'precision': 0.9182692307692307, 'recall': 0.955, 'f1-score': 0.9362745098039216, 'support': 200.0}, 'syn': {'precision': 0.9629629629629629, 'recall': 0.91, 'f1-score': 0.93573264781491, 'support': 200.0}, 'tcp': {'precision': 0.9950248756218906, 'recall': 1.0, 'f1-score': 0.9975062344139651, 'support': 200.0}, 'udp': {'precision': 0.9695121951219512, 'recall': 0.795, 'f1-score': 0.8736263736263735, 'support': 200.0}, 'udpplain': {'precision': 0.8716814159292036, 'recall': 0.985, 'f1-score': 0.9248826291079811, 'support': 200.0}, 'accuracy': 0.9222222222222223, 'macro avg': {'precision': 0.9256660941059232, 'recall': 0.9222222222222223, 'f1-score': 0.9217507564543637, 'support': 1800.0}, 'weighted avg': {'precision': 0.9256660941059232, 'recall': 0.9222222222222223, 'f1-score': 0.9217507564543636, 'support': 1800.0}}","[[200   0   0   0   0   0   0   0   0]
 [  0 179   0   0   4   0   0   0  17]
 [  0   0 186  10   0   4   0   0   0]
 [  0   1  31 166   0   2   0   0   0]
 [  3   0   0   0 191   0   1   5   0]
 [  1   0   4   0  13 182   0   0   0]
 [  0   0   0   0   0   0 200   0   0]
 [  0  28   0   0   0   1   0 159  12]
 [  0   3   0   0   0   0   0   0 197]]",0.8245608806610107,0.27465176582336426
300,N_BaIoT,-1,None,MinMaxScaler,SGD,0.758777279537669,-1,-1,95.04938271604938,77.72222222222224,2.7847222222222223,80.14460210281183,74.73285049374998,-1,"{'0Normal': {'precision': 0.9950248756218906, 'recall': 1.0, 'f1-score': 0.9975062344139651, 'support': 200.0}, 'ack': {'precision': 0.6081081081081081, 'recall': 0.9, 'f1-score': 0.7258064516129032, 'support': 200.0}, 'combo': {'precision': 0.5799373040752351, 'recall': 0.925, 'f1-score': 0.7129094412331406, 'support': 200.0}, 'junk': {'precision': 0.8170731707317073, 'recall': 0.335, 'f1-score': 0.475177304964539, 'support': 200.0}, 'scan': {'precision': 0.972972972972973, 'recall': 0.9, 'f1-score': 0.935064935064935, 'support': 200.0}, 'syn': {'precision': 0.9897959183673469, 'recall': 0.97, 'f1-score': 0.9797979797979798, 'support': 200.0}, 'tcp': {'precision': 0.6872852233676976, 'recall': 1.0, 'f1-score': 0.814663951120163, 'support': 200.0}, 'udp': {'precision': 0.6904761904761905, 'recall': 0.145, 'f1-score': 0.23966942148760328, 'support': 200.0}, 'udpplain': {'precision': 0.8723404255319149, 'recall': 0.82, 'f1-score': 0.8453608247422681, 'support': 200.0}, 'accuracy': 0.7772222222222223, 'macro avg': {'precision': 0.8014460210281182, 'recall': 0.7772222222222224, 'f1-score': 0.7473285049374998, 'support': 1800.0}, 'weighted avg': {'precision': 0.8014460210281181, 'recall': 0.7772222222222223, 'f1-score': 0.7473285049374997, 'support': 1800.0}}","[[200   0   0   0   0   0   0   0   0]
 [  0 180   0   0   1   0   0   1  18]
 [  0   0 185  15   0   0   0   0   0]
 [  0   0 132  67   0   1   0   0   0]
 [  1   0   0   0 180   1  12   6   0]
 [  0   0   2   0   3 194   1   0   0]
 [  0   0   0   0   0   0 200   0   0]
 [  0  86   0   0   1   0  78  29   6]
 [  0  30   0   0   0   0   0   6 164]]",0.16075515747070312,0.0006017684936523438
301,N_BaIoT,-1,rbf,MinMaxScaler,HHHv2,0.8747016952195844,-1,-1,97.46913580246913,90.08244903792402,1.4236111111111112,88.61111111111111,88.16285484804061,-1,"{'0Normal': {'precision': 1.0, 'recall': 0.9900990099009901, 'f1-score': 0.9950248756218906, 'support': 202.0}, 'ack': {'precision': 0.975, 'recall': 0.9948979591836735, 'f1-score': 0.984848484848485, 'support': 196.0}, 'combo': {'precision': 0.65, 'recall': 0.8496732026143791, 'f1-score': 0.7365439093484419, 'support': 153.0}, 'junk': {'precision': 0.88, 'recall': 0.7154471544715447, 'f1-score': 0.789237668161435, 'support': 246.0}, 'scan': {'precision': 0.99, 'recall': 0.9611650485436893, 'f1-score': 0.9753694581280788, 'support': 206.0}, 'syn': {'precision': 0.96, 'recall': 0.9948186528497409, 'f1-score': 0.9770992366412213, 'support': 193.0}, 'tcp': {'precision': 1.0, 'recall': 0.7168458781362007, 'f1-score': 0.8350730688935282, 'support': 279.0}, 'udp': {'precision': 0.54, 'recall': 0.9642857142857143, 'f1-score': 0.6923076923076923, 'support': 112.0}, 'udpplain': {'precision': 0.98, 'recall': 0.92018779342723, 'f1-score': 0.9491525423728814, 'support': 213.0}, 'accuracy': 0.8861111111111111, 'macro avg': {'precision': 0.8861111111111111, 'recall': 0.9008244903792403, 'f1-score': 0.8816285484804061, 'support': 1800.0}, 'weighted avg': {'precision': 0.9147055555555555, 'recall': 0.8861111111111111, 'f1-score': 0.8905936737418162, 'support': 1800.0}}","[[200   0   0   1   1   0   0   0   0]
 [  0 195   0   0   0   0   0   0   1]
 [  0   0 130  23   0   0   0   0   0]
 [  0   0  70 176   0   0   0   0   0]
 [  0   0   0   0 198   8   0   0   0]
 [  0   0   0   0   0 192   0   1   0]
 [  0   0   0   0   1   0 200  78   0]
 [  0   1   0   0   0   0   0 108   3]
 [  0   4   0   0   0   0   0  13 196]]",328.6093385219574,0.10623979568481445
302,N_BaIoT,-1,None,MinMaxScaler,KNN,0.9421118662317737,-1,-1,98.85185185185185,94.83333333333334,0.6458333333333334,94.93736970898259,94.78980884742909,-1,"{'0Normal': {'precision': 0.9852216748768473, 'recall': 1.0, 'f1-score': 0.9925558312655086, 'support': 200.0}, 'ack': {'precision': 0.8194444444444444, 'recall': 0.885, 'f1-score': 0.8509615384615384, 'support': 200.0}, 'combo': {'precision': 0.9893617021276596, 'recall': 0.93, 'f1-score': 0.9587628865979382, 'support': 200.0}, 'junk': {'precision': 0.9339622641509434, 'recall': 0.99, 'f1-score': 0.9611650485436893, 'support': 200.0}, 'scan': {'precision': 0.985, 'recall': 0.985, 'f1-score': 0.985, 'support': 200.0}, 'syn': {'precision': 0.9800995024875622, 'recall': 0.985, 'f1-score': 0.9825436408977556, 'support': 200.0}, 'tcp': {'precision': 0.9900990099009901, 'recall': 1.0, 'f1-score': 0.9950248756218906, 'support': 200.0}, 'udp': {'precision': 0.9239766081871345, 'recall': 0.79, 'f1-score': 0.8517520215633423, 'support': 200.0}, 'udpplain': {'precision': 0.9371980676328503, 'recall': 0.97, 'f1-score': 0.9533169533169534, 'support': 200.0}, 'accuracy': 0.9483333333333334, 'macro avg': {'precision': 0.9493736970898259, 'recall': 0.9483333333333334, 'f1-score': 0.9478980884742908, 'support': 1800.0}, 'weighted avg': {'precision': 0.9493736970898259, 'recall': 0.9483333333333334, 'f1-score': 0.9478980884742907, 'support': 1800.0}}","[[200   0   0   0   0   0   0   0   0]
 [  0 177   0   0   1   3   0  10   9]
 [  0   0 186  14   0   0   0   0   0]
 [  1   0   1 198   0   0   0   0   0]
 [  2   0   0   0 197   0   1   0   0]
 [  0   0   1   0   2 197   0   0   0]
 [  0   0   0   0   0   0 200   0   0]
 [  0  36   0   0   0   1   1 158   4]
 [  0   3   0   0   0   0   0   3 194]]",0.0007760524749755859,0.021646738052368164
303,N_BaIoT,-1,None,MinMaxScaler,LDA,0.7691072558414911,-1,-1,95.28395061728395,78.77777777777779,2.6527777777777777,81.35079038870576,76.0941762104846,-1,"{'0Normal': {'precision': 0.9897959183673469, 'recall': 0.97, 'f1-score': 0.9797979797979798, 'support': 200.0}, 'ack': {'precision': 0.6, 'recall': 0.855, 'f1-score': 0.7051546391752577, 'support': 200.0}, 'combo': {'precision': 0.8828125, 'recall': 0.565, 'f1-score': 0.6890243902439024, 'support': 200.0}, 'junk': {'precision': 0.6750902527075813, 'recall': 0.935, 'f1-score': 0.7840670859538784, 'support': 200.0}, 'scan': {'precision': 0.9392265193370166, 'recall': 0.85, 'f1-score': 0.8923884514435695, 'support': 200.0}, 'syn': {'precision': 0.9791666666666666, 'recall': 0.94, 'f1-score': 0.9591836734693877, 'support': 200.0}, 'tcp': {'precision': 0.6578947368421053, 'recall': 1.0, 'f1-score': 0.7936507936507937, 'support': 200.0}, 'udp': {'precision': 0.7666666666666667, 'recall': 0.115, 'f1-score': 0.2, 'support': 200.0}, 'udpplain': {'precision': 0.8309178743961353, 'recall': 0.86, 'f1-score': 0.8452088452088452, 'support': 200.0}, 'accuracy': 0.7877777777777778, 'macro avg': {'precision': 0.8135079038870576, 'recall': 0.7877777777777779, 'f1-score': 0.7609417621048461, 'support': 1800.0}, 'weighted avg': {'precision': 0.8135079038870575, 'recall': 0.7877777777777778, 'f1-score': 0.760941762104846, 'support': 1800.0}}","[[194   1   0   1   0   2   0   2   0]
 [  0 171   0   0   3   0   0   4  22]
 [  0   0 113  86   0   1   0   0   0]
 [  0   1  11 187   0   1   0   0   0]
 [  2   0   0   3 170   0  25   0   0]
 [  0   0   4   0   7 188   1   0   0]
 [  0   0   0   0   0   0 200   0   0]
 [  0  85   0   0   1   0  78  23  13]
 [  0  27   0   0   0   0   0   1 172]]",0.021892070770263672,0.0004413127899169922
304,N_BaIoT,-1,None,MinMaxScaler,MLP,0.8611652476597659,-1,-1,97.20987654320987,87.44444444444444,1.5694444444444444,88.1276345364113,86.78660891039007,-1,"{'0Normal': {'precision': 0.9852216748768473, 'recall': 1.0, 'f1-score': 0.9925558312655086, 'support': 200.0}, 'ack': {'precision': 0.9247311827956989, 'recall': 0.86, 'f1-score': 0.8911917098445595, 'support': 200.0}, 'combo': {'precision': 0.8142076502732241, 'recall': 0.745, 'f1-score': 0.7780678851174935, 'support': 200.0}, 'junk': {'precision': 0.7638888888888888, 'recall': 0.825, 'f1-score': 0.7932692307692307, 'support': 200.0}, 'scan': {'precision': 0.9899497487437185, 'recall': 0.985, 'f1-score': 0.9874686716791979, 'support': 200.0}, 'syn': {'precision': 0.995, 'recall': 0.995, 'f1-score': 0.995, 'support': 200.0}, 'tcp': {'precision': 0.7168458781362007, 'recall': 1.0, 'f1-score': 0.8350730688935282, 'support': 200.0}, 'udp': {'precision': 0.8611111111111112, 'recall': 0.465, 'f1-score': 0.6038961038961039, 'support': 200.0}, 'udpplain': {'precision': 0.8805309734513275, 'recall': 0.995, 'f1-score': 0.9342723004694836, 'support': 200.0}, 'accuracy': 0.8744444444444445, 'macro avg': {'precision': 0.881276345364113, 'recall': 0.8744444444444445, 'f1-score': 0.8678660891039007, 'support': 1800.0}, 'weighted avg': {'precision': 0.881276345364113, 'recall': 0.8744444444444445, 'f1-score': 0.8678660891039006, 'support': 1800.0}}","[[200   0   0   0   0   0   0   0   0]
 [  0 172   0   0   1   0   0  15  12]
 [  0   0 149  51   0   0   0   0   0]
 [  1   0  34 165   0   0   0   0   0]
 [  2   0   0   0 197   0   1   0   0]
 [  0   0   0   0   1 199   0   0   0]
 [  0   0   0   0   0   0 200   0   0]
 [  0  13   0   0   0   1  78  93  15]
 [  0   1   0   0   0   0   0   0 199]]",3.075129985809326,0.0009243488311767578
305,N_BaIoT,-1,None,MinMaxScaler,LGBM,0.9956281113427095,-1,-1,99.91358024691358,99.6111111111111,0.04861111111111111,99.61412695689586,99.61138197192018,-1,"{'0Normal': {'precision': 0.9852216748768473, 'recall': 1.0, 'f1-score': 0.9925558312655086, 'support': 200.0}, 'ack': {'precision': 1.0, 'recall': 1.0, 'f1-score': 1.0, 'support': 200.0}, 'combo': {'precision': 0.9950248756218906, 'recall': 1.0, 'f1-score': 0.9975062344139651, 'support': 200.0}, 'junk': {'precision': 1.0, 'recall': 0.99, 'f1-score': 0.9949748743718593, 'support': 200.0}, 'scan': {'precision': 0.99, 'recall': 0.99, 'f1-score': 0.99, 'support': 200.0}, 'syn': {'precision': 1.0, 'recall': 0.995, 'f1-score': 0.9974937343358395, 'support': 200.0}, 'tcp': {'precision': 0.9950248756218906, 'recall': 1.0, 'f1-score': 0.9975062344139651, 'support': 200.0}, 'udp': {'precision': 1.0, 'recall': 0.995, 'f1-score': 0.9974937343358395, 'support': 200.0}, 'udpplain': {'precision': 1.0, 'recall': 0.995, 'f1-score': 0.9974937343358395, 'support': 200.0}, 'accuracy': 0.9961111111111111, 'macro avg': {'precision': 0.9961412695689587, 'recall': 0.9961111111111111, 'f1-score': 0.9961138197192019, 'support': 1800.0}, 'weighted avg': {'precision': 0.9961412695689587, 'recall': 0.9961111111111111, 'f1-score': 0.9961138197192019, 'support': 1800.0}}","[[200   0   0   0   0   0   0   0   0]
 [  0 200   0   0   0   0   0   0   0]
 [  0   0 200   0   0   0   0   0   0]
 [  1   0   1 198   0   0   0   0   0]
 [  2   0   0   0 198   0   0   0   0]
 [  0   0   0   0   1 199   0   0   0]
 [  0   0   0   0   0   0 200   0   0]
 [  0   0   0   0   0   0   1 199   0]
 [  0   0   0   0   1   0   0   0 199]]",1.729679822921753,0.014882326126098633
306,N_BaIoT,-1,None,MinMaxScaler,RF,0.9501372650067925,-1,-1,98.97530864197532,95.3888888888889,0.5763888888888888,96.6071542755793,95.21758502786868,-1,"{'0Normal': {'precision': 1.0, 'recall': 1.0, 'f1-score': 1.0, 'support': 200.0}, 'ack': {'precision': 1.0, 'recall': 1.0, 'f1-score': 1.0, 'support': 200.0}, 'combo': {'precision': 0.9802955665024631, 'recall': 0.995, 'f1-score': 0.9875930521091811, 'support': 200.0}, 'junk': {'precision': 0.9949238578680203, 'recall': 0.98, 'f1-score': 0.9874055415617129, 'support': 200.0}, 'scan': {'precision': 1.0, 'recall': 1.0, 'f1-score': 1.0, 'support': 200.0}, 'syn': {'precision': 1.0, 'recall': 1.0, 'f1-score': 1.0, 'support': 200.0}, 'tcp': {'precision': 0.7194244604316546, 'recall': 1.0, 'f1-score': 0.8368200836820083, 'support': 200.0}, 'udp': {'precision': 1.0, 'recall': 0.61, 'f1-score': 0.7577639751552795, 'support': 200.0}, 'udpplain': {'precision': 1.0, 'recall': 1.0, 'f1-score': 1.0, 'support': 200.0}, 'accuracy': 0.9538888888888889, 'macro avg': {'precision': 0.9660715427557931, 'recall': 0.953888888888889, 'f1-score': 0.9521758502786868, 'support': 1800.0}, 'weighted avg': {'precision': 0.9660715427557931, 'recall': 0.9538888888888889, 'f1-score': 0.9521758502786869, 'support': 1800.0}}","[[200   0   0   0   0   0   0   0   0]
 [  0 200   0   0   0   0   0   0   0]
 [  0   0 199   1   0   0   0   0   0]
 [  0   0   4 196   0   0   0   0   0]
 [  0   0   0   0 200   0   0   0   0]
 [  0   0   0   0   0 200   0   0   0]
 [  0   0   0   0   0   0 200   0   0]
 [  0   0   0   0   0   0  78 122   0]
 [  0   0   0   0   0   0   0   0 200]]",0.9310359954833984,0.011165857315063477
307,N_BaIoT,-1,None,MinMaxScaler,NuSVC,0.9130251404770925,-1,-1,98.27160493827161,92.22222222222223,0.9722222222222222,92.56660941059232,92.17507564543637,-1,"{'0Normal': {'precision': 0.9803921568627451, 'recall': 1.0, 'f1-score': 0.99009900990099, 'support': 200.0}, 'ack': {'precision': 0.8483412322274881, 'recall': 0.895, 'f1-score': 0.8710462287104622, 'support': 200.0}, 'combo': {'precision': 0.8416289592760181, 'recall': 0.93, 'f1-score': 0.8836104513064132, 'support': 200.0}, 'junk': {'precision': 0.9431818181818182, 'recall': 0.83, 'f1-score': 0.8829787234042553, 'support': 200.0}, 'scan': {'precision': 0.9182692307692307, 'recall': 0.955, 'f1-score': 0.9362745098039216, 'support': 200.0}, 'syn': {'precision': 0.9629629629629629, 'recall': 0.91, 'f1-score': 0.93573264781491, 'support': 200.0}, 'tcp': {'precision': 0.9950248756218906, 'recall': 1.0, 'f1-score': 0.9975062344139651, 'support': 200.0}, 'udp': {'precision': 0.9695121951219512, 'recall': 0.795, 'f1-score': 0.8736263736263735, 'support': 200.0}, 'udpplain': {'precision': 0.8716814159292036, 'recall': 0.985, 'f1-score': 0.9248826291079811, 'support': 200.0}, 'accuracy': 0.9222222222222223, 'macro avg': {'precision': 0.9256660941059232, 'recall': 0.9222222222222223, 'f1-score': 0.9217507564543637, 'support': 1800.0}, 'weighted avg': {'precision': 0.9256660941059232, 'recall': 0.9222222222222223, 'f1-score': 0.9217507564543636, 'support': 1800.0}}","[[200   0   0   0   0   0   0   0   0]
 [  0 179   0   0   4   0   0   0  17]
 [  0   0 186  10   0   4   0   0   0]
 [  0   1  31 166   0   2   0   0   0]
 [  3   0   0   0 191   0   1   5   0]
 [  1   0   4   0  13 182   0   0   0]
 [  0   0   0   0   0   0 200   0   0]
 [  0  28   0   0   0   1   0 159  12]
 [  0   3   0   0   0   0   0   0 197]]",0.8025789260864258,0.2743091583251953
308,N_BaIoT,-1,None,MinMaxScaler,SGD,0.758777279537669,-1,-1,95.04938271604938,77.72222222222224,2.7847222222222223,80.14460210281183,74.73285049374998,-1,"{'0Normal': {'precision': 0.9950248756218906, 'recall': 1.0, 'f1-score': 0.9975062344139651, 'support': 200.0}, 'ack': {'precision': 0.6081081081081081, 'recall': 0.9, 'f1-score': 0.7258064516129032, 'support': 200.0}, 'combo': {'precision': 0.5799373040752351, 'recall': 0.925, 'f1-score': 0.7129094412331406, 'support': 200.0}, 'junk': {'precision': 0.8170731707317073, 'recall': 0.335, 'f1-score': 0.475177304964539, 'support': 200.0}, 'scan': {'precision': 0.972972972972973, 'recall': 0.9, 'f1-score': 0.935064935064935, 'support': 200.0}, 'syn': {'precision': 0.9897959183673469, 'recall': 0.97, 'f1-score': 0.9797979797979798, 'support': 200.0}, 'tcp': {'precision': 0.6872852233676976, 'recall': 1.0, 'f1-score': 0.814663951120163, 'support': 200.0}, 'udp': {'precision': 0.6904761904761905, 'recall': 0.145, 'f1-score': 0.23966942148760328, 'support': 200.0}, 'udpplain': {'precision': 0.8723404255319149, 'recall': 0.82, 'f1-score': 0.8453608247422681, 'support': 200.0}, 'accuracy': 0.7772222222222223, 'macro avg': {'precision': 0.8014460210281182, 'recall': 0.7772222222222224, 'f1-score': 0.7473285049374998, 'support': 1800.0}, 'weighted avg': {'precision': 0.8014460210281181, 'recall': 0.7772222222222223, 'f1-score': 0.7473285049374997, 'support': 1800.0}}","[[200   0   0   0   0   0   0   0   0]
 [  0 180   0   0   1   0   0   1  18]
 [  0   0 185  15   0   0   0   0   0]
 [  0   0 132  67   0   1   0   0   0]
 [  1   0   0   0 180   1  12   6   0]
 [  0   0   2   0   3 194   1   0   0]
 [  0   0   0   0   0   0 200   0   0]
 [  0  86   0   0   1   0  78  29   6]
 [  0  30   0   0   0   0   0   6 164]]",0.16553115844726562,0.0006432533264160156
309,N_BaIoT,-1,poly,MinMaxScaler,HHHv2,0.8809839658223404,-1,-1,97.5925925925926,90.69348088546563,1.3541666666666667,89.16666666666667,88.76019327107426,-1,"{'0Normal': {'precision': 0.995, 'recall': 0.995, 'f1-score': 0.995, 'support': 200.0}, 'ack': {'precision': 0.97, 'recall': 0.9948717948717949, 'f1-score': 0.9822784810126582, 'support': 195.0}, 'combo': {'precision': 0.665, 'recall': 0.8866666666666667, 'f1-score': 0.76, 'support': 150.0}, 'junk': {'precision': 0.91, 'recall': 0.728, 'f1-score': 0.8088888888888889, 'support': 250.0}, 'scan': {'precision': 0.99, 'recall': 0.9658536585365853, 'f1-score': 0.9777777777777777, 'support': 205.0}, 'syn': {'precision': 0.965, 'recall': 0.9897435897435898, 'f1-score': 0.9772151898734178, 'support': 195.0}, 'tcp': {'precision': 1.0, 'recall': 0.7168458781362007, 'f1-score': 0.8350730688935282, 'support': 279.0}, 'udp': {'precision': 0.55, 'recall': 0.9565217391304348, 'f1-score': 0.6984126984126985, 'support': 115.0}, 'udpplain': {'precision': 0.98, 'recall': 0.9289099526066351, 'f1-score': 0.9537712895377128, 'support': 211.0}, 'accuracy': 0.8916666666666667, 'macro avg': {'precision': 0.8916666666666667, 'recall': 0.9069348088546563, 'f1-score': 0.8876019327107425, 'support': 1800.0}, 'weighted avg': {'precision': 0.9197527777777779, 'recall': 0.8916666666666667, 'f1-score': 0.8957314006225909, 'support': 1800.0}}","[[199   0   0   0   1   0   0   0   0]
 [  0 194   0   0   0   0   0   0   1]
 [  0   0 133  17   0   0   0   0   0]
 [  1   0  67 182   0   0   0   0   0]
 [  0   0   0   0 198   7   0   0   0]
 [  0   1   0   0   0 193   0   1   0]
 [  0   0   0   0   1   0 200  78   0]
 [  0   1   0   1   0   0   0 110   3]
 [  0   4   0   0   0   0   0  11 196]]",329.1493399143219,0.14525818824768066
310,N_BaIoT,-1,None,MinMaxScaler,KNN,0.9421118662317737,-1,-1,98.85185185185185,94.83333333333334,0.6458333333333334,94.93736970898259,94.78980884742909,-1,"{'0Normal': {'precision': 0.9852216748768473, 'recall': 1.0, 'f1-score': 0.9925558312655086, 'support': 200.0}, 'ack': {'precision': 0.8194444444444444, 'recall': 0.885, 'f1-score': 0.8509615384615384, 'support': 200.0}, 'combo': {'precision': 0.9893617021276596, 'recall': 0.93, 'f1-score': 0.9587628865979382, 'support': 200.0}, 'junk': {'precision': 0.9339622641509434, 'recall': 0.99, 'f1-score': 0.9611650485436893, 'support': 200.0}, 'scan': {'precision': 0.985, 'recall': 0.985, 'f1-score': 0.985, 'support': 200.0}, 'syn': {'precision': 0.9800995024875622, 'recall': 0.985, 'f1-score': 0.9825436408977556, 'support': 200.0}, 'tcp': {'precision': 0.9900990099009901, 'recall': 1.0, 'f1-score': 0.9950248756218906, 'support': 200.0}, 'udp': {'precision': 0.9239766081871345, 'recall': 0.79, 'f1-score': 0.8517520215633423, 'support': 200.0}, 'udpplain': {'precision': 0.9371980676328503, 'recall': 0.97, 'f1-score': 0.9533169533169534, 'support': 200.0}, 'accuracy': 0.9483333333333334, 'macro avg': {'precision': 0.9493736970898259, 'recall': 0.9483333333333334, 'f1-score': 0.9478980884742908, 'support': 1800.0}, 'weighted avg': {'precision': 0.9493736970898259, 'recall': 0.9483333333333334, 'f1-score': 0.9478980884742907, 'support': 1800.0}}","[[200   0   0   0   0   0   0   0   0]
 [  0 177   0   0   1   3   0  10   9]
 [  0   0 186  14   0   0   0   0   0]
 [  1   0   1 198   0   0   0   0   0]
 [  2   0   0   0 197   0   1   0   0]
 [  0   0   1   0   2 197   0   0   0]
 [  0   0   0   0   0   0 200   0   0]
 [  0  36   0   0   0   1   1 158   4]
 [  0   3   0   0   0   0   0   3 194]]",0.0007565021514892578,0.024158000946044922
311,N_BaIoT,-1,None,MinMaxScaler,LDA,0.7691072558414911,-1,-1,95.28395061728395,78.77777777777779,2.6527777777777777,81.35079038870576,76.0941762104846,-1,"{'0Normal': {'precision': 0.9897959183673469, 'recall': 0.97, 'f1-score': 0.9797979797979798, 'support': 200.0}, 'ack': {'precision': 0.6, 'recall': 0.855, 'f1-score': 0.7051546391752577, 'support': 200.0}, 'combo': {'precision': 0.8828125, 'recall': 0.565, 'f1-score': 0.6890243902439024, 'support': 200.0}, 'junk': {'precision': 0.6750902527075813, 'recall': 0.935, 'f1-score': 0.7840670859538784, 'support': 200.0}, 'scan': {'precision': 0.9392265193370166, 'recall': 0.85, 'f1-score': 0.8923884514435695, 'support': 200.0}, 'syn': {'precision': 0.9791666666666666, 'recall': 0.94, 'f1-score': 0.9591836734693877, 'support': 200.0}, 'tcp': {'precision': 0.6578947368421053, 'recall': 1.0, 'f1-score': 0.7936507936507937, 'support': 200.0}, 'udp': {'precision': 0.7666666666666667, 'recall': 0.115, 'f1-score': 0.2, 'support': 200.0}, 'udpplain': {'precision': 0.8309178743961353, 'recall': 0.86, 'f1-score': 0.8452088452088452, 'support': 200.0}, 'accuracy': 0.7877777777777778, 'macro avg': {'precision': 0.8135079038870576, 'recall': 0.7877777777777779, 'f1-score': 0.7609417621048461, 'support': 1800.0}, 'weighted avg': {'precision': 0.8135079038870575, 'recall': 0.7877777777777778, 'f1-score': 0.760941762104846, 'support': 1800.0}}","[[194   1   0   1   0   2   0   2   0]
 [  0 171   0   0   3   0   0   4  22]
 [  0   0 113  86   0   1   0   0   0]
 [  0   1  11 187   0   1   0   0   0]
 [  2   0   0   3 170   0  25   0   0]
 [  0   0   4   0   7 188   1   0   0]
 [  0   0   0   0   0   0 200   0   0]
 [  0  85   0   0   1   0  78  23  13]
 [  0  27   0   0   0   0   0   1 172]]",0.022409677505493164,0.00045609474182128906
312,N_BaIoT,-1,None,MinMaxScaler,MLP,0.8611652476597659,-1,-1,97.20987654320987,87.44444444444444,1.5694444444444444,88.1276345364113,86.78660891039007,-1,"{'0Normal': {'precision': 0.9852216748768473, 'recall': 1.0, 'f1-score': 0.9925558312655086, 'support': 200.0}, 'ack': {'precision': 0.9247311827956989, 'recall': 0.86, 'f1-score': 0.8911917098445595, 'support': 200.0}, 'combo': {'precision': 0.8142076502732241, 'recall': 0.745, 'f1-score': 0.7780678851174935, 'support': 200.0}, 'junk': {'precision': 0.7638888888888888, 'recall': 0.825, 'f1-score': 0.7932692307692307, 'support': 200.0}, 'scan': {'precision': 0.9899497487437185, 'recall': 0.985, 'f1-score': 0.9874686716791979, 'support': 200.0}, 'syn': {'precision': 0.995, 'recall': 0.995, 'f1-score': 0.995, 'support': 200.0}, 'tcp': {'precision': 0.7168458781362007, 'recall': 1.0, 'f1-score': 0.8350730688935282, 'support': 200.0}, 'udp': {'precision': 0.8611111111111112, 'recall': 0.465, 'f1-score': 0.6038961038961039, 'support': 200.0}, 'udpplain': {'precision': 0.8805309734513275, 'recall': 0.995, 'f1-score': 0.9342723004694836, 'support': 200.0}, 'accuracy': 0.8744444444444445, 'macro avg': {'precision': 0.881276345364113, 'recall': 0.8744444444444445, 'f1-score': 0.8678660891039007, 'support': 1800.0}, 'weighted avg': {'precision': 0.881276345364113, 'recall': 0.8744444444444445, 'f1-score': 0.8678660891039006, 'support': 1800.0}}","[[200   0   0   0   0   0   0   0   0]
 [  0 172   0   0   1   0   0  15  12]
 [  0   0 149  51   0   0   0   0   0]
 [  1   0  34 165   0   0   0   0   0]
 [  2   0   0   0 197   0   1   0   0]
 [  0   0   0   0   1 199   0   0   0]
 [  0   0   0   0   0   0 200   0   0]
 [  0  13   0   0   0   1  78  93  15]
 [  0   1   0   0   0   0   0   0 199]]",3.0554258823394775,0.0008978843688964844
313,N_BaIoT,-1,None,MinMaxScaler,LGBM,0.9956281113427095,-1,-1,99.91358024691358,99.6111111111111,0.04861111111111111,99.61412695689586,99.61138197192018,-1,"{'0Normal': {'precision': 0.9852216748768473, 'recall': 1.0, 'f1-score': 0.9925558312655086, 'support': 200.0}, 'ack': {'precision': 1.0, 'recall': 1.0, 'f1-score': 1.0, 'support': 200.0}, 'combo': {'precision': 0.9950248756218906, 'recall': 1.0, 'f1-score': 0.9975062344139651, 'support': 200.0}, 'junk': {'precision': 1.0, 'recall': 0.99, 'f1-score': 0.9949748743718593, 'support': 200.0}, 'scan': {'precision': 0.99, 'recall': 0.99, 'f1-score': 0.99, 'support': 200.0}, 'syn': {'precision': 1.0, 'recall': 0.995, 'f1-score': 0.9974937343358395, 'support': 200.0}, 'tcp': {'precision': 0.9950248756218906, 'recall': 1.0, 'f1-score': 0.9975062344139651, 'support': 200.0}, 'udp': {'precision': 1.0, 'recall': 0.995, 'f1-score': 0.9974937343358395, 'support': 200.0}, 'udpplain': {'precision': 1.0, 'recall': 0.995, 'f1-score': 0.9974937343358395, 'support': 200.0}, 'accuracy': 0.9961111111111111, 'macro avg': {'precision': 0.9961412695689587, 'recall': 0.9961111111111111, 'f1-score': 0.9961138197192019, 'support': 1800.0}, 'weighted avg': {'precision': 0.9961412695689587, 'recall': 0.9961111111111111, 'f1-score': 0.9961138197192019, 'support': 1800.0}}","[[200   0   0   0   0   0   0   0   0]
 [  0 200   0   0   0   0   0   0   0]
 [  0   0 200   0   0   0   0   0   0]
 [  1   0   1 198   0   0   0   0   0]
 [  2   0   0   0 198   0   0   0   0]
 [  0   0   0   0   1 199   0   0   0]
 [  0   0   0   0   0   0 200   0   0]
 [  0   0   0   0   0   0   1 199   0]
 [  0   0   0   0   1   0   0   0 199]]",1.742065668106079,0.011112689971923828
314,N_BaIoT,-1,None,MinMaxScaler,RF,0.9501372650067925,-1,-1,98.97530864197532,95.3888888888889,0.5763888888888888,96.6071542755793,95.21758502786868,-1,"{'0Normal': {'precision': 1.0, 'recall': 1.0, 'f1-score': 1.0, 'support': 200.0}, 'ack': {'precision': 1.0, 'recall': 1.0, 'f1-score': 1.0, 'support': 200.0}, 'combo': {'precision': 0.9802955665024631, 'recall': 0.995, 'f1-score': 0.9875930521091811, 'support': 200.0}, 'junk': {'precision': 0.9949238578680203, 'recall': 0.98, 'f1-score': 0.9874055415617129, 'support': 200.0}, 'scan': {'precision': 1.0, 'recall': 1.0, 'f1-score': 1.0, 'support': 200.0}, 'syn': {'precision': 1.0, 'recall': 1.0, 'f1-score': 1.0, 'support': 200.0}, 'tcp': {'precision': 0.7194244604316546, 'recall': 1.0, 'f1-score': 0.8368200836820083, 'support': 200.0}, 'udp': {'precision': 1.0, 'recall': 0.61, 'f1-score': 0.7577639751552795, 'support': 200.0}, 'udpplain': {'precision': 1.0, 'recall': 1.0, 'f1-score': 1.0, 'support': 200.0}, 'accuracy': 0.9538888888888889, 'macro avg': {'precision': 0.9660715427557931, 'recall': 0.953888888888889, 'f1-score': 0.9521758502786868, 'support': 1800.0}, 'weighted avg': {'precision': 0.9660715427557931, 'recall': 0.9538888888888889, 'f1-score': 0.9521758502786869, 'support': 1800.0}}","[[200   0   0   0   0   0   0   0   0]
 [  0 200   0   0   0   0   0   0   0]
 [  0   0 199   1   0   0   0   0   0]
 [  0   0   4 196   0   0   0   0   0]
 [  0   0   0   0 200   0   0   0   0]
 [  0   0   0   0   0 200   0   0   0]
 [  0   0   0   0   0   0 200   0   0]
 [  0   0   0   0   0   0  78 122   0]
 [  0   0   0   0   0   0   0   0 200]]",0.9487919807434082,0.011303901672363281
315,N_BaIoT,-1,None,MinMaxScaler,NuSVC,0.9130251404770925,-1,-1,98.27160493827161,92.22222222222223,0.9722222222222222,92.56660941059232,92.17507564543637,-1,"{'0Normal': {'precision': 0.9803921568627451, 'recall': 1.0, 'f1-score': 0.99009900990099, 'support': 200.0}, 'ack': {'precision': 0.8483412322274881, 'recall': 0.895, 'f1-score': 0.8710462287104622, 'support': 200.0}, 'combo': {'precision': 0.8416289592760181, 'recall': 0.93, 'f1-score': 0.8836104513064132, 'support': 200.0}, 'junk': {'precision': 0.9431818181818182, 'recall': 0.83, 'f1-score': 0.8829787234042553, 'support': 200.0}, 'scan': {'precision': 0.9182692307692307, 'recall': 0.955, 'f1-score': 0.9362745098039216, 'support': 200.0}, 'syn': {'precision': 0.9629629629629629, 'recall': 0.91, 'f1-score': 0.93573264781491, 'support': 200.0}, 'tcp': {'precision': 0.9950248756218906, 'recall': 1.0, 'f1-score': 0.9975062344139651, 'support': 200.0}, 'udp': {'precision': 0.9695121951219512, 'recall': 0.795, 'f1-score': 0.8736263736263735, 'support': 200.0}, 'udpplain': {'precision': 0.8716814159292036, 'recall': 0.985, 'f1-score': 0.9248826291079811, 'support': 200.0}, 'accuracy': 0.9222222222222223, 'macro avg': {'precision': 0.9256660941059232, 'recall': 0.9222222222222223, 'f1-score': 0.9217507564543637, 'support': 1800.0}, 'weighted avg': {'precision': 0.9256660941059232, 'recall': 0.9222222222222223, 'f1-score': 0.9217507564543636, 'support': 1800.0}}","[[200   0   0   0   0   0   0   0   0]
 [  0 179   0   0   4   0   0   0  17]
 [  0   0 186  10   0   4   0   0   0]
 [  0   1  31 166   0   2   0   0   0]
 [  3   0   0   0 191   0   1   5   0]
 [  1   0   4   0  13 182   0   0   0]
 [  0   0   0   0   0   0 200   0   0]
 [  0  28   0   0   0   1   0 159  12]
 [  0   3   0   0   0   0   0   0 197]]",0.8097155094146729,0.27390503883361816
316,N_BaIoT,-1,None,MinMaxScaler,SGD,0.758777279537669,-1,-1,95.04938271604938,77.72222222222224,2.7847222222222223,80.14460210281183,74.73285049374998,-1,"{'0Normal': {'precision': 0.9950248756218906, 'recall': 1.0, 'f1-score': 0.9975062344139651, 'support': 200.0}, 'ack': {'precision': 0.6081081081081081, 'recall': 0.9, 'f1-score': 0.7258064516129032, 'support': 200.0}, 'combo': {'precision': 0.5799373040752351, 'recall': 0.925, 'f1-score': 0.7129094412331406, 'support': 200.0}, 'junk': {'precision': 0.8170731707317073, 'recall': 0.335, 'f1-score': 0.475177304964539, 'support': 200.0}, 'scan': {'precision': 0.972972972972973, 'recall': 0.9, 'f1-score': 0.935064935064935, 'support': 200.0}, 'syn': {'precision': 0.9897959183673469, 'recall': 0.97, 'f1-score': 0.9797979797979798, 'support': 200.0}, 'tcp': {'precision': 0.6872852233676976, 'recall': 1.0, 'f1-score': 0.814663951120163, 'support': 200.0}, 'udp': {'precision': 0.6904761904761905, 'recall': 0.145, 'f1-score': 0.23966942148760328, 'support': 200.0}, 'udpplain': {'precision': 0.8723404255319149, 'recall': 0.82, 'f1-score': 0.8453608247422681, 'support': 200.0}, 'accuracy': 0.7772222222222223, 'macro avg': {'precision': 0.8014460210281182, 'recall': 0.7772222222222224, 'f1-score': 0.7473285049374998, 'support': 1800.0}, 'weighted avg': {'precision': 0.8014460210281181, 'recall': 0.7772222222222223, 'f1-score': 0.7473285049374997, 'support': 1800.0}}","[[200   0   0   0   0   0   0   0   0]
 [  0 180   0   0   1   0   0   1  18]
 [  0   0 185  15   0   0   0   0   0]
 [  0   0 132  67   0   1   0   0   0]
 [  1   0   0   0 180   1  12   6   0]
 [  0   0   2   0   3 194   1   0   0]
 [  0   0   0   0   0   0 200   0   0]
 [  0  86   0   0   1   0  78  29   6]
 [  0  30   0   0   0   0   0   6 164]]",0.1692054271697998,0.0005140304565429688
317,N_BaIoT,-1,linear,MinMaxScaler,HHHv2,0.7453822664628014,-1,-1,94.79012345679013,79.4401753770447,2.930555555555556,76.55555555555556,73.16108636448135,-1,"{'0Normal': {'precision': 0.955, 'recall': 0.9794871794871794, 'f1-score': 0.9670886075949366, 'support': 195.0}, 'ack': {'precision': 0.765, 'recall': 0.5817490494296578, 'f1-score': 0.6609071274298056, 'support': 263.0}, 'combo': {'precision': 0.55, 'recall': 0.8943089430894309, 'f1-score': 0.6811145510835913, 'support': 123.0}, 'junk': {'precision': 0.955, 'recall': 0.6821428571428572, 'f1-score': 0.7958333333333334, 'support': 280.0}, 'scan': {'precision': 0.74, 'recall': 0.9487179487179487, 'f1-score': 0.8314606741573033, 'support': 156.0}, 'syn': {'precision': 0.97, 'recall': 0.9797979797979798, 'f1-score': 0.9748743718592964, 'support': 198.0}, 'tcp': {'precision': 1.0, 'recall': 0.6153846153846154, 'f1-score': 0.761904761904762, 'support': 325.0}, 'udp': {'precision': 0.055, 'recall': 0.7333333333333333, 'f1-score': 0.10232558139534884, 'support': 15.0}, 'udpplain': {'precision': 0.9, 'recall': 0.7346938775510204, 'f1-score': 0.8089887640449438, 'support': 245.0}, 'accuracy': 0.7655555555555555, 'macro avg': {'precision': 0.7655555555555555, 'recall': 0.794401753770447, 'f1-score': 0.7316108636448134, 'support': 1800.0}, 'weighted avg': {'precision': 0.8757194444444445, 'recall': 0.7655555555555555, 'f1-score': 0.7995002474662976, 'support': 1800.0}}","[[191   0   1   1   2   0   0   0   0]
 [  0 153   0   0   0   0   0  91  19]
 [  3   0 110   7   3   0   0   0   0]
 [  0   0  89 191   0   0   0   0   0]
 [  0   2   0   0 148   5   0   1   0]
 [  3   0   0   0   1 194   0   0   0]
 [  0   0   0   0  46   1 200  78   0]
 [  1   1   0   1   0   0   0  11   1]
 [  2  44   0   0   0   0   0  19 180]]",328.38590812683105,0.03189444541931152
318,N_BaIoT,-1,None,MinMaxScaler,KNN,0.9421118662317737,-1,-1,98.85185185185185,94.83333333333334,0.6458333333333334,94.93736970898259,94.78980884742909,-1,"{'0Normal': {'precision': 0.9852216748768473, 'recall': 1.0, 'f1-score': 0.9925558312655086, 'support': 200.0}, 'ack': {'precision': 0.8194444444444444, 'recall': 0.885, 'f1-score': 0.8509615384615384, 'support': 200.0}, 'combo': {'precision': 0.9893617021276596, 'recall': 0.93, 'f1-score': 0.9587628865979382, 'support': 200.0}, 'junk': {'precision': 0.9339622641509434, 'recall': 0.99, 'f1-score': 0.9611650485436893, 'support': 200.0}, 'scan': {'precision': 0.985, 'recall': 0.985, 'f1-score': 0.985, 'support': 200.0}, 'syn': {'precision': 0.9800995024875622, 'recall': 0.985, 'f1-score': 0.9825436408977556, 'support': 200.0}, 'tcp': {'precision': 0.9900990099009901, 'recall': 1.0, 'f1-score': 0.9950248756218906, 'support': 200.0}, 'udp': {'precision': 0.9239766081871345, 'recall': 0.79, 'f1-score': 0.8517520215633423, 'support': 200.0}, 'udpplain': {'precision': 0.9371980676328503, 'recall': 0.97, 'f1-score': 0.9533169533169534, 'support': 200.0}, 'accuracy': 0.9483333333333334, 'macro avg': {'precision': 0.9493736970898259, 'recall': 0.9483333333333334, 'f1-score': 0.9478980884742908, 'support': 1800.0}, 'weighted avg': {'precision': 0.9493736970898259, 'recall': 0.9483333333333334, 'f1-score': 0.9478980884742907, 'support': 1800.0}}","[[200   0   0   0   0   0   0   0   0]
 [  0 177   0   0   1   3   0  10   9]
 [  0   0 186  14   0   0   0   0   0]
 [  1   0   1 198   0   0   0   0   0]
 [  2   0   0   0 197   0   1   0   0]
 [  0   0   1   0   2 197   0   0   0]
 [  0   0   0   0   0   0 200   0   0]
 [  0  36   0   0   0   1   1 158   4]
 [  0   3   0   0   0   0   0   3 194]]",0.0007796287536621094,0.024936914443969727
319,N_BaIoT,-1,None,MinMaxScaler,LDA,0.7691072558414911,-1,-1,95.28395061728395,78.77777777777779,2.6527777777777777,81.35079038870576,76.0941762104846,-1,"{'0Normal': {'precision': 0.9897959183673469, 'recall': 0.97, 'f1-score': 0.9797979797979798, 'support': 200.0}, 'ack': {'precision': 0.6, 'recall': 0.855, 'f1-score': 0.7051546391752577, 'support': 200.0}, 'combo': {'precision': 0.8828125, 'recall': 0.565, 'f1-score': 0.6890243902439024, 'support': 200.0}, 'junk': {'precision': 0.6750902527075813, 'recall': 0.935, 'f1-score': 0.7840670859538784, 'support': 200.0}, 'scan': {'precision': 0.9392265193370166, 'recall': 0.85, 'f1-score': 0.8923884514435695, 'support': 200.0}, 'syn': {'precision': 0.9791666666666666, 'recall': 0.94, 'f1-score': 0.9591836734693877, 'support': 200.0}, 'tcp': {'precision': 0.6578947368421053, 'recall': 1.0, 'f1-score': 0.7936507936507937, 'support': 200.0}, 'udp': {'precision': 0.7666666666666667, 'recall': 0.115, 'f1-score': 0.2, 'support': 200.0}, 'udpplain': {'precision': 0.8309178743961353, 'recall': 0.86, 'f1-score': 0.8452088452088452, 'support': 200.0}, 'accuracy': 0.7877777777777778, 'macro avg': {'precision': 0.8135079038870576, 'recall': 0.7877777777777779, 'f1-score': 0.7609417621048461, 'support': 1800.0}, 'weighted avg': {'precision': 0.8135079038870575, 'recall': 0.7877777777777778, 'f1-score': 0.760941762104846, 'support': 1800.0}}","[[194   1   0   1   0   2   0   2   0]
 [  0 171   0   0   3   0   0   4  22]
 [  0   0 113  86   0   1   0   0   0]
 [  0   1  11 187   0   1   0   0   0]
 [  2   0   0   3 170   0  25   0   0]
 [  0   0   4   0   7 188   1   0   0]
 [  0   0   0   0   0   0 200   0   0]
 [  0  85   0   0   1   0  78  23  13]
 [  0  27   0   0   0   0   0   1 172]]",0.02189469337463379,0.0004391670227050781
320,N_BaIoT,-1,None,MinMaxScaler,MLP,0.8611652476597659,-1,-1,97.20987654320987,87.44444444444444,1.5694444444444444,88.1276345364113,86.78660891039007,-1,"{'0Normal': {'precision': 0.9852216748768473, 'recall': 1.0, 'f1-score': 0.9925558312655086, 'support': 200.0}, 'ack': {'precision': 0.9247311827956989, 'recall': 0.86, 'f1-score': 0.8911917098445595, 'support': 200.0}, 'combo': {'precision': 0.8142076502732241, 'recall': 0.745, 'f1-score': 0.7780678851174935, 'support': 200.0}, 'junk': {'precision': 0.7638888888888888, 'recall': 0.825, 'f1-score': 0.7932692307692307, 'support': 200.0}, 'scan': {'precision': 0.9899497487437185, 'recall': 0.985, 'f1-score': 0.9874686716791979, 'support': 200.0}, 'syn': {'precision': 0.995, 'recall': 0.995, 'f1-score': 0.995, 'support': 200.0}, 'tcp': {'precision': 0.7168458781362007, 'recall': 1.0, 'f1-score': 0.8350730688935282, 'support': 200.0}, 'udp': {'precision': 0.8611111111111112, 'recall': 0.465, 'f1-score': 0.6038961038961039, 'support': 200.0}, 'udpplain': {'precision': 0.8805309734513275, 'recall': 0.995, 'f1-score': 0.9342723004694836, 'support': 200.0}, 'accuracy': 0.8744444444444445, 'macro avg': {'precision': 0.881276345364113, 'recall': 0.8744444444444445, 'f1-score': 0.8678660891039007, 'support': 1800.0}, 'weighted avg': {'precision': 0.881276345364113, 'recall': 0.8744444444444445, 'f1-score': 0.8678660891039006, 'support': 1800.0}}","[[200   0   0   0   0   0   0   0   0]
 [  0 172   0   0   1   0   0  15  12]
 [  0   0 149  51   0   0   0   0   0]
 [  1   0  34 165   0   0   0   0   0]
 [  2   0   0   0 197   0   1   0   0]
 [  0   0   0   0   1 199   0   0   0]
 [  0   0   0   0   0   0 200   0   0]
 [  0  13   0   0   0   1  78  93  15]
 [  0   1   0   0   0   0   0   0 199]]",3.0508804321289062,0.0009310245513916016
321,N_BaIoT,-1,None,MinMaxScaler,LGBM,0.9956281113427095,-1,-1,99.91358024691358,99.6111111111111,0.04861111111111111,99.61412695689586,99.61138197192018,-1,"{'0Normal': {'precision': 0.9852216748768473, 'recall': 1.0, 'f1-score': 0.9925558312655086, 'support': 200.0}, 'ack': {'precision': 1.0, 'recall': 1.0, 'f1-score': 1.0, 'support': 200.0}, 'combo': {'precision': 0.9950248756218906, 'recall': 1.0, 'f1-score': 0.9975062344139651, 'support': 200.0}, 'junk': {'precision': 1.0, 'recall': 0.99, 'f1-score': 0.9949748743718593, 'support': 200.0}, 'scan': {'precision': 0.99, 'recall': 0.99, 'f1-score': 0.99, 'support': 200.0}, 'syn': {'precision': 1.0, 'recall': 0.995, 'f1-score': 0.9974937343358395, 'support': 200.0}, 'tcp': {'precision': 0.9950248756218906, 'recall': 1.0, 'f1-score': 0.9975062344139651, 'support': 200.0}, 'udp': {'precision': 1.0, 'recall': 0.995, 'f1-score': 0.9974937343358395, 'support': 200.0}, 'udpplain': {'precision': 1.0, 'recall': 0.995, 'f1-score': 0.9974937343358395, 'support': 200.0}, 'accuracy': 0.9961111111111111, 'macro avg': {'precision': 0.9961412695689587, 'recall': 0.9961111111111111, 'f1-score': 0.9961138197192019, 'support': 1800.0}, 'weighted avg': {'precision': 0.9961412695689587, 'recall': 0.9961111111111111, 'f1-score': 0.9961138197192019, 'support': 1800.0}}","[[200   0   0   0   0   0   0   0   0]
 [  0 200   0   0   0   0   0   0   0]
 [  0   0 200   0   0   0   0   0   0]
 [  1   0   1 198   0   0   0   0   0]
 [  2   0   0   0 198   0   0   0   0]
 [  0   0   0   0   1 199   0   0   0]
 [  0   0   0   0   0   0 200   0   0]
 [  0   0   0   0   0   0   1 199   0]
 [  0   0   0   0   1   0   0   0 199]]",1.737602949142456,0.019864797592163086
322,N_BaIoT,-1,None,MinMaxScaler,RF,0.9501372650067925,-1,-1,98.97530864197532,95.3888888888889,0.5763888888888888,96.6071542755793,95.21758502786868,-1,"{'0Normal': {'precision': 1.0, 'recall': 1.0, 'f1-score': 1.0, 'support': 200.0}, 'ack': {'precision': 1.0, 'recall': 1.0, 'f1-score': 1.0, 'support': 200.0}, 'combo': {'precision': 0.9802955665024631, 'recall': 0.995, 'f1-score': 0.9875930521091811, 'support': 200.0}, 'junk': {'precision': 0.9949238578680203, 'recall': 0.98, 'f1-score': 0.9874055415617129, 'support': 200.0}, 'scan': {'precision': 1.0, 'recall': 1.0, 'f1-score': 1.0, 'support': 200.0}, 'syn': {'precision': 1.0, 'recall': 1.0, 'f1-score': 1.0, 'support': 200.0}, 'tcp': {'precision': 0.7194244604316546, 'recall': 1.0, 'f1-score': 0.8368200836820083, 'support': 200.0}, 'udp': {'precision': 1.0, 'recall': 0.61, 'f1-score': 0.7577639751552795, 'support': 200.0}, 'udpplain': {'precision': 1.0, 'recall': 1.0, 'f1-score': 1.0, 'support': 200.0}, 'accuracy': 0.9538888888888889, 'macro avg': {'precision': 0.9660715427557931, 'recall': 0.953888888888889, 'f1-score': 0.9521758502786868, 'support': 1800.0}, 'weighted avg': {'precision': 0.9660715427557931, 'recall': 0.9538888888888889, 'f1-score': 0.9521758502786869, 'support': 1800.0}}","[[200   0   0   0   0   0   0   0   0]
 [  0 200   0   0   0   0   0   0   0]
 [  0   0 199   1   0   0   0   0   0]
 [  0   0   4 196   0   0   0   0   0]
 [  0   0   0   0 200   0   0   0   0]
 [  0   0   0   0   0 200   0   0   0]
 [  0   0   0   0   0   0 200   0   0]
 [  0   0   0   0   0   0  78 122   0]
 [  0   0   0   0   0   0   0   0 200]]",0.9517378807067871,0.011173248291015625
323,N_BaIoT,-1,None,MinMaxScaler,NuSVC,0.9130251404770925,-1,-1,98.27160493827161,92.22222222222223,0.9722222222222222,92.56660941059232,92.17507564543637,-1,"{'0Normal': {'precision': 0.9803921568627451, 'recall': 1.0, 'f1-score': 0.99009900990099, 'support': 200.0}, 'ack': {'precision': 0.8483412322274881, 'recall': 0.895, 'f1-score': 0.8710462287104622, 'support': 200.0}, 'combo': {'precision': 0.8416289592760181, 'recall': 0.93, 'f1-score': 0.8836104513064132, 'support': 200.0}, 'junk': {'precision': 0.9431818181818182, 'recall': 0.83, 'f1-score': 0.8829787234042553, 'support': 200.0}, 'scan': {'precision': 0.9182692307692307, 'recall': 0.955, 'f1-score': 0.9362745098039216, 'support': 200.0}, 'syn': {'precision': 0.9629629629629629, 'recall': 0.91, 'f1-score': 0.93573264781491, 'support': 200.0}, 'tcp': {'precision': 0.9950248756218906, 'recall': 1.0, 'f1-score': 0.9975062344139651, 'support': 200.0}, 'udp': {'precision': 0.9695121951219512, 'recall': 0.795, 'f1-score': 0.8736263736263735, 'support': 200.0}, 'udpplain': {'precision': 0.8716814159292036, 'recall': 0.985, 'f1-score': 0.9248826291079811, 'support': 200.0}, 'accuracy': 0.9222222222222223, 'macro avg': {'precision': 0.9256660941059232, 'recall': 0.9222222222222223, 'f1-score': 0.9217507564543637, 'support': 1800.0}, 'weighted avg': {'precision': 0.9256660941059232, 'recall': 0.9222222222222223, 'f1-score': 0.9217507564543636, 'support': 1800.0}}","[[200   0   0   0   0   0   0   0   0]
 [  0 179   0   0   4   0   0   0  17]
 [  0   0 186  10   0   4   0   0   0]
 [  0   1  31 166   0   2   0   0   0]
 [  3   0   0   0 191   0   1   5   0]
 [  1   0   4   0  13 182   0   0   0]
 [  0   0   0   0   0   0 200   0   0]
 [  0  28   0   0   0   1   0 159  12]
 [  0   3   0   0   0   0   0   0 197]]",0.8031728267669678,0.2740945816040039
324,N_BaIoT,-1,None,MinMaxScaler,SGD,0.758777279537669,-1,-1,95.04938271604938,77.72222222222224,2.7847222222222223,80.14460210281183,74.73285049374998,-1,"{'0Normal': {'precision': 0.9950248756218906, 'recall': 1.0, 'f1-score': 0.9975062344139651, 'support': 200.0}, 'ack': {'precision': 0.6081081081081081, 'recall': 0.9, 'f1-score': 0.7258064516129032, 'support': 200.0}, 'combo': {'precision': 0.5799373040752351, 'recall': 0.925, 'f1-score': 0.7129094412331406, 'support': 200.0}, 'junk': {'precision': 0.8170731707317073, 'recall': 0.335, 'f1-score': 0.475177304964539, 'support': 200.0}, 'scan': {'precision': 0.972972972972973, 'recall': 0.9, 'f1-score': 0.935064935064935, 'support': 200.0}, 'syn': {'precision': 0.9897959183673469, 'recall': 0.97, 'f1-score': 0.9797979797979798, 'support': 200.0}, 'tcp': {'precision': 0.6872852233676976, 'recall': 1.0, 'f1-score': 0.814663951120163, 'support': 200.0}, 'udp': {'precision': 0.6904761904761905, 'recall': 0.145, 'f1-score': 0.23966942148760328, 'support': 200.0}, 'udpplain': {'precision': 0.8723404255319149, 'recall': 0.82, 'f1-score': 0.8453608247422681, 'support': 200.0}, 'accuracy': 0.7772222222222223, 'macro avg': {'precision': 0.8014460210281182, 'recall': 0.7772222222222224, 'f1-score': 0.7473285049374998, 'support': 1800.0}, 'weighted avg': {'precision': 0.8014460210281181, 'recall': 0.7772222222222223, 'f1-score': 0.7473285049374997, 'support': 1800.0}}","[[200   0   0   0   0   0   0   0   0]
 [  0 180   0   0   1   0   0   1  18]
 [  0   0 185  15   0   0   0   0   0]
 [  0   0 132  67   0   1   0   0   0]
 [  1   0   0   0 180   1  12   6   0]
 [  0   0   2   0   3 194   1   0   0]
 [  0   0   0   0   0   0 200   0   0]
 [  0  86   0   0   1   0  78  29   6]
 [  0  30   0   0   0   0   0   6 164]]",0.1632523536682129,0.0006244182586669922
325,N_BaIoT,-1,sigmoid,MinMaxScaler,HHHv2,0.19696501280771941,-1,-1,83.98765432098766,23.776082803799987,9.006944444444445,27.944444444444443,23.048468397463687,-1,"{'0Normal': {'precision': 0.205, 'recall': 0.2907801418439716, 'f1-score': 0.2404692082111437, 'support': 141.0}, 'ack': {'precision': 0.045, 'recall': 0.15254237288135594, 'f1-score': 0.0694980694980695, 'support': 59.0}, 'combo': {'precision': 0.185, 'recall': 0.22560975609756098, 'f1-score': 0.2032967032967033, 'support': 164.0}, 'junk': {'precision': 0.395, 'recall': 0.29044117647058826, 'f1-score': 0.3347457627118644, 'support': 272.0}, 'scan': {'precision': 0.385, 'recall': 0.30677290836653387, 'f1-score': 0.34146341463414637, 'support': 251.0}, 'syn': {'precision': 0.105, 'recall': 0.16153846153846155, 'f1-score': 0.12727272727272726, 'support': 130.0}, 'tcp': {'precision': 1.0, 'recall': 0.33557046979865773, 'f1-score': 0.5025125628140704, 'support': 596.0}, 'udp': {'precision': 0.035, 'recall': 0.0958904109589041, 'f1-score': 0.05128205128205128, 'support': 73.0}, 'udpplain': {'precision': 0.16, 'recall': 0.2807017543859649, 'f1-score': 0.2038216560509554, 'support': 114.0}, 'accuracy': 0.27944444444444444, 'macro avg': {'precision': 0.27944444444444444, 'recall': 0.2377608280379999, 'f1-score': 0.23048468397463687, 'support': 1800.0}, 'weighted avg': {'precision': 0.49801111111111107, 'recall': 0.27944444444444444, 'f1-score': 0.32840420491425204, 'support': 1800.0}}","[[ 41  26   8   5  12  28   0   6  15]
 [  2   9  12  11   4   7   0   5   9]
 [  4  26  37  44   8  12   0  15  18]
 [ 53  19  42  79  12  32   0  10  25]
 [ 26  22  19  16  77  39   0  23  29]
 [  6  18  14  14  21  21   0  18  18]
 [ 54  51  50  14  30  41 200 110  46]
 [  8  13   9  11  12   5   0   7   8]
 [  6  16   9   6  24  15   0   6  32]]",329.22542810440063,0.10074710845947266
